Object,Neighbor,Distance
1,3,14.143097
1,70,12.278456
1,73,14.508391
2,7,13.413133
2,26,12.794953
3,15,6.5632043
3,77,13.759146
4,21,8.315825
4,51,13.385273
4,65,11.402639
5,27,9.2537775
5,39,5.577494
5,60,14.5012045
5,78,13.044304
6,27,10.635216
6,40,9.237305
6,41,5.963731
6,60,12.34332
6,74,11.38235
7,10,9.597737
7,61,11.155873
8,14,13.059054
9,22,12.92571
9,35,8.710287
9,62,8.995138
9,68,12.033787
10,31,6.923675
10,61,9.47035
11,23,8.911647
11,54,8.860975
11,69,13.8281145
11,81,13.369045
12,47,9.314783
12,48,6.549302
12,80,12.605313
13,24,12.451439
14,85,14.038058
15,20,9.40337
15,72,12.049428
15,77,14.93427
16,37,9.910906
16,57,9.599231
17,18,14.582499
17,30,10.914498
17,42,7.111967
17,56,6.9933696
17,63,13.94995
18,26,11.660008
19,45,8.750792
19,52,8.569434
20,36,8.368205
20,72,12.98286
21,51,8.276869
21,65,12.364552
21,76,14.787591
22,35,5.8093753
22,62,14.318367
22,67,9.280643
22,68,11.384687
23,32,8.454018
23,54,7.0927596
24,49,7.9951453
25,37,8.480616
25,53,5.905455
25,79,11.410146
27,39,9.418205
27,41,11.667332
27,60,7.246247
27,74,12.091778
27,78,12.747484
28,31,10.467758
28,43,11.972096
29,76,11.743389
30,42,6.4082494
30,56,11.815513
30,63,6.3735194
30,71,10.635998
30,82,11.464952
31,61,11.699124
31,88,12.08341
32,44,12.275212
32,54,12.915273
33,49,11.326723
33,50,12.102848
33,64,7.3625855
33,66,7.5455084
33,97,14.234954
34,75,9.854864
35,62,8.538198
35,67,8.361892
35,68,6.6116023
36,38,9.04924
37,53,9.661823
37,57,13.239678
37,79,9.339068
37,89,13.55779
38,87,11.724868
39,60,11.660466
39,78,7.5384936
40,41,6.841492
40,58,6.5971847
40,74,11.306395
41,58,12.753965
41,60,9.509209
41,74,5.988441
41,92,11.581394
42,56,5.424582
42,63,6.9706297
42,71,13.939373
42,82,8.68952
43,83,12.563043
43,93,10.280915
44,45,11.29121
44,95,13.398438
45,52,11.992402
45,107,13.547535
46,47,8.360638
46,48,14.667976
46,69,9.682802
46,84,7.863357
46,108,14.681904
46,114,14.0037155
47,48,6.317563
47,80,9.614949
47,84,10.629184
47,108,12.930773
48,80,6.1464944
49,66,8.733973
50,64,8.2283325
51,65,8.629869
51,76,10.36347
51,90,8.9882
51,117,12.415007
51,122,13.615873
52,94,12.983774
52,112,11.962599
53,79,6.8456554
53,86,12.751596
54,69,14.398233
54,81,8.930076
54,96,9.937414
55,59,8.743027
55,109,12.354484
56,63,11.230758
56,82,10.1264715
57,89,8.641493
57,104,13.188266
57,116,11.538483
59,98,9.788492
59,109,11.80138
60,74,6.3539352
60,78,10.0435
60,92,8.838122
61,88,11.740107
61,101,11.000374
62,67,12.254589
62,68,5.4651995
62,71,12.477625
63,71,7.1729593
63,82,5.711131
64,66,7.1395717
64,97,8.4490385
64,120,13.111011
65,117,12.275074
66,97,8.513291
67,68,6.879754
69,81,7.90998
69,84,9.922914
69,96,14.099625
69,113,9.490866
69,114,12.758075
69,129,14.16127
70,73,9.065145
70,77,11.687357
70,91,6.424274
70,100,8.716375
70,103,11.185143
71,82,10.810807
72,77,10.9860735
72,106,7.654411
73,86,6.9015527
73,91,9.25965
73,103,8.233874
74,92,5.692514
74,130,12.918361
75,87,8.456948
75,110,8.182134
75,125,12.69409
76,90,7.19342
76,104,14.280143
76,111,11.444654
76,119,10.159614
76,122,11.6269455
77,91,14.553625
77,100,9.4234085
77,106,11.753986
77,140,14.944143
78,92,14.595074
78,123,13.917681
79,89,12.333269
79,126,10.664184
79,133,14.140342
80,108,11.82045
80,136,13.697157
81,96,6.337375
81,113,7.790416
81,129,14.547106
83,93,11.369736
83,94,11.432443
83,115,7.5956955
83,141,14.071319
83,142,11.939737
84,108,7.826254
84,113,13.43871
84,114,6.23507
84,129,13.110166
84,135,11.840319
85,99,5.5302396
85,128,12.612959
86,91,13.934832
86,103,9.684567
86,118,9.4453
86,145,14.583976
87,110,10.420337
87,125,8.26031
87,151,14.833655
88,101,7.6374984
88,105,11.925177
88,124,7.080691
88,154,14.390254
89,116,8.162579
89,126,14.004205
89,133,11.282342
89,149,12.9994135
90,111,13.6890335
90,117,9.564522
90,119,9.242735
90,122,5.2746463
90,150,14.8652115
91,100,6.779855
91,103,5.9731913
91,137,9.0094185
91,148,13.816168
92,130,7.255542
92,146,13.454672
93,105,9.569164
93,141,10.564556
93,167,14.162675
94,112,8.33922
94,115,7.0637083
94,132,7.9123
94,138,14.589911
94,142,12.188025
95,102,14.613301
95,107,10.793896
95,139,12.963094
95,175,14.372999
96,102,12.757062
96,113,9.956416
97,120,7.559215
97,121,13.6490345
98,109,7.702098
98,131,8.067489
98,144,13.940016
98,165,12.772968
99,128,7.118606
99,160,11.399168
100,103,12.278113
100,137,10.299777
100,140,14.056672
100,166,11.540866
101,124,7.9316077
101,154,14.068308
101,186,14.480289
102,139,8.264595
103,118,11.833712
103,137,8.7964945
103,145,12.742055
103,148,9.274598
103,180,14.508618
104,111,5.3269033
104,116,8.853224
104,119,11.044414
104,134,7.731375
104,149,13.874421
105,124,10.454043
105,141,14.670758
105,154,12.049258
105,167,11.091697
106,140,9.459287
107,112,10.742035
107,138,9.111034
107,163,11.002665
107,175,13.503134
108,114,6.6101346
108,129,14.314293
108,135,6.4465947
108,147,9.640473
108,158,13.725526
108,183,13.898889
109,127,13.151715
109,131,13.43388
109,144,8.026108
109,165,14.620445
110,125,7.956501
110,151,9.433299
110,155,14.313762
110,162,11.282711
111,116,13.313179
111,119,5.733049
111,122,13.828759
111,134,8.438982
112,115,14.587387
112,132,9.28569
112,138,7.4565654
112,163,12.659695
112,172,12.965594
113,114,11.32052
113,129,6.780322
113,158,12.5867
114,129,8.101461
114,135,6.67042
114,147,14.0351925
114,158,9.501554
114,183,13.669286
115,132,8.910592
115,141,13.383714
115,142,6.0682054
115,174,12.278332
116,133,13.780541
116,134,8.376301
116,149,7.307719
116,169,14.215123
116,189,14.816162
117,122,8.309582
117,150,7.3049126
117,178,12.040195
118,126,12.084887
118,145,6.2110124
118,148,10.237084
118,171,12.855665
119,122,8.207631
119,134,12.485389
120,121,7.1583757
120,159,12.756631
120,168,8.8348255
120,176,13.748323
120,198,14.809168
121,127,11.348013
121,159,8.852807
121,164,13.749438
121,168,11.394246
122,150,11.027138
122,178,14.163811
122,199,14.298946
123,181,13.206319
123,200,13.602005
124,154,7.4136004
124,186,14.680373
125,151,6.827699
125,152,13.210537
125,162,13.032927
126,133,6.3081827
126,145,14.686158
126,171,9.499273
126,177,11.133751
127,144,11.021845
127,159,11.361379
127,164,9.236197
127,195,14.070008
128,160,8.254932
128,161,8.004904
128,192,10.860813
129,135,10.941522
129,158,5.810969
129,183,13.983279
129,194,10.5757885
130,146,8.541418
130,170,12.188199
130,179,9.158579
131,165,6.9715166
132,138,11.053037
132,142,9.695705
132,163,14.782585
132,172,7.928304
132,174,10.030653
132,205,12.600822
133,149,11.851036
133,169,9.9253645
133,171,11.820203
133,177,7.4122696
133,210,13.224661
134,149,8.446323
134,189,11.770068
134,206,13.5449915
135,147,8.154832
135,158,8.175703
135,183,7.7440896
135,194,14.724621
136,147,9.488534
136,188,14.116109
136,190,9.728544
137,145,14.680642
137,148,8.5370455
137,166,10.027485
137,180,8.750842
138,163,5.208
138,172,9.264239
138,175,14.355677
138,212,14.261237
140,166,9.647138
140,193,12.905253
140,196,9.471819
141,142,9.799291
141,167,9.481071
141,174,14.16774
141,197,10.450111
141,211,14.942511
142,174,7.2058754
142,197,11.515626
142,205,14.867003
142,221,14.566017
143,184,9.806281
143,188,9.553318
144,164,11.953978
144,165,13.243974
144,191,9.491221
144,220,14.416994
145,148,6.221854
145,171,10.842939
145,180,11.557995
146,179,10.6187935
146,209,10.113586
146,218,14.227244
147,183,9.672159
147,190,12.855459
147,222,13.682919
148,180,6.8785515
149,169,7.5930233
149,177,13.038478
149,189,7.8305078
149,206,13.824225
149,217,13.352558
150,178,4.7689543
150,199,11.612928
150,207,10.126634
151,155,13.947848
151,162,6.985683
153,173,8.524456
153,214,11.652592
154,167,11.28458
154,186,12.721925
154,204,9.088503
154,211,14.950694
155,161,8.689076
155,162,7.302986
155,192,14.557281
155,203,9.01763
156,157,9.598524
156,201,8.923835
156,202,8.093771
156,225,14.774642
157,201,6.715921
157,202,13.376083
157,215,14.1755295
158,183,8.44604
158,194,7.1059747
159,164,6.88005
159,168,9.513138
159,195,7.5058417
159,224,14.59139
160,161,11.528147
160,192,8.489308
161,192,6.958092
161,203,10.267868
162,203,12.425924
162,245,14.923723
163,172,9.983902
163,175,10.22901
163,212,11.168921
164,195,4.9395237
164,220,14.244259
164,228,11.338566
165,191,9.156225
165,216,9.571573
166,180,14.374835
166,196,11.209235
167,197,14.315466
167,204,14.159609
167,211,8.854895
167,240,14.341876
168,176,9.876762
168,195,14.931612
168,198,7.566116
168,224,9.798707
169,177,6.655358
169,189,7.5505257
169,206,14.683453
169,210,7.508959
169,217,7.2344227
169,234,12.970396
169,259,14.720509
170,179,6.529302
170,181,7.465961
170,208,7.2016225
170,213,9.623645
170,237,11.352902
171,177,9.70108
171,210,13.112935
171,250,14.017713
172,174,11.111777
172,205,7.7073007
172,212,8.919088
173,214,8.698232
173,225,13.93261
173,238,12.3789015
174,197,9.3132
174,205,8.059976
174,221,8.046732
176,184,12.538615
176,198,5.6268253
176,224,12.573278
176,227,14.991856
176,244,13.473824
177,189,14.091212
177,210,5.968999
177,217,10.586978
178,199,8.832203
178,207,5.645387
178,235,11.465833
179,181,13.861951
179,208,9.568408
179,209,11.470253
179,213,7.4162784
179,237,12.121739
180,231,11.60846
181,200,8.585715
181,208,9.025307
181,213,14.366087
181,226,13.161034
181,237,12.882859
181,255,14.725493
182,186,7.1402397
182,219,8.613935
182,252,13.55339
183,194,11.353543
183,222,13.651309
184,188,13.460059
184,223,12.706589
184,227,7.524743
184,243,11.475819
185,187,7.0687666
185,232,10.843944
186,204,12.406251
186,219,6.7914767
187,215,10.307848
188,190,10.673661
188,223,8.840382
188,247,12.704063
189,206,7.2206674
189,210,12.771503
189,217,8.074789
189,234,7.7615147
189,251,14.120907
189,259,13.816473
190,222,8.672217
190,247,9.792085
191,216,8.723265
191,220,8.7013855
191,249,10.324373
192,203,11.427518
193,196,10.224238
193,233,13.330121
193,242,10.091342
194,230,12.410892
194,241,10.342802
195,220,13.169529
195,228,7.7561507
195,248,12.025662
195,253,11.863384
196,242,13.644218
196,260,12.745032
197,205,14.973376
197,211,12.857458
197,221,8.490961
197,240,13.867757
197,257,11.793823
197,265,14.926639
198,224,6.9466515
198,244,9.411974
199,207,5.692107
200,226,5.959228
200,235,13.517182
200,255,14.123827
201,202,7.964072
201,215,14.350601
201,239,10.050488
202,225,8.702113
202,239,9.25358
202,277,14.372083
203,245,14.353465
204,211,11.656291
204,219,13.303089
204,240,14.163992
204,246,7.521415
205,212,9.554506
205,221,8.15799
205,257,14.10067
205,258,9.124639
206,217,12.723866
206,234,6.5527496
206,251,7.9805346
206,275,11.4033785
207,235,9.535822
208,213,5.9234667
208,237,4.3275743
208,255,11.972365
209,213,11.021413
209,218,7.2236753
209,268,11.163239
210,217,6.2169447
210,234,14.220699
210,250,14.098482
210,259,11.171196
210,267,13.106799
211,240,5.553904
211,246,13.285546
211,265,11.896798
212,258,10.383834
212,270,14.205197
213,237,5.7033377
213,268,12.7409725
214,225,14.753057
214,238,8.271957
214,272,14.741227
215,256,7.270739
215,284,14.884377
215,295,14.260373
216,220,13.355963
216,249,8.948499
216,269,9.937425
216,288,13.785818
217,234,8.011725
217,259,7.494427
217,298,14.203168
218,264,10.864184
218,268,12.620726
219,246,14.438852
219,252,10.651928
219,285,11.741931
219,286,14.552382
220,228,7.8687253
220,249,7.4050584
220,253,11.992463
220,262,7.7710233
220,288,13.237175
221,257,7.139317
221,258,11.396516
221,290,12.291139
222,247,10.962518
222,274,13.561277
222,280,11.624384
223,227,10.607088
223,243,13.97572
223,247,10.472406
223,271,9.902671
224,244,7.7436967
224,248,8.9365
224,291,12.473191
225,238,8.211388
225,239,13.591528
225,277,10.174821
226,235,9.296236
226,255,11.475401
226,276,12.7095
227,243,4.5469017
227,271,9.895767
228,248,11.285682
228,249,14.321726
228,253,5.741388
228,262,8.758252
228,297,13.9628
229,236,6.603082
229,296,11.603621
230,241,8.25799
230,287,9.565905
231,266,12.217369
231,282,10.8659935
231,283,7.9450397
231,304,14.316751
232,261,14.397377
232,273,10.391004
232,305,12.696552
233,242,7.9901924
233,254,13.596275
233,289,7.419606
234,251,8.221001
234,259,8.610518
234,275,8.820474
234,298,14.216086
235,276,7.807831
235,299,12.639257
236,278,11.655045
236,296,13.047529
236,312,14.478741
237,255,10.461136
237,268,14.481278
237,310,13.935999
238,277,11.719797
238,311,12.16705
239,256,14.790996
239,277,11.648516
239,284,9.325564
239,295,14.713296
239,300,9.623741
240,246,12.608311
240,265,6.662231
240,293,11.847228
240,294,13.190206
241,279,10.329663
241,287,10.875205
242,260,8.013477
242,281,14.379967
242,289,10.8146715
242,318,14.057243
243,244,12.506014
243,271,9.565086
243,307,13.319605
244,248,13.612036
244,291,10.978457
244,307,11.94881
246,286,8.851672
246,293,9.931218
247,274,7.480442
248,253,8.434444
248,291,9.387738
248,297,10.696994
248,330,14.835343
249,262,8.83925
249,269,11.390893
249,288,7.0598245
249,303,14.676682
249,315,13.345238
250,267,5.3014092
251,259,14.641465
251,263,9.532566
251,275,4.5024686
251,309,14.517905
252,261,7.5317626
252,273,13.725497
252,285,8.221498
252,306,13.894152
252,314,9.943441
252,324,13.906417
253,262,8.425386
253,291,14.922459
253,297,8.228705
253,315,13.724824
253,316,10.903176
254,289,14.713336
254,317,12.728752
255,310,14.996103
255,320,11.1280365
256,284,8.560287
256,295,6.9896564
256,323,13.227577
256,328,13.553549
257,258,12.550814
257,265,11.479692
257,290,6.207039
257,294,8.71257
258,290,11.951101
258,329,12.815915
259,267,14.427274
259,275,12.379409
259,298,6.805317
260,266,10.664505
260,281,6.3699665
260,308,10.223363
260,318,13.222877
261,273,6.211932
261,285,14.42757
261,306,8.131406
261,314,10.3820505
262,288,9.899363
262,297,12.997248
262,315,8.324444
262,316,10.867726
263,275,11.745182
263,302,11.165082
263,309,7.33533
264,272,7.9366684
264,301,6.909988
264,334,12.085359
264,336,13.951369
265,290,14.026371
265,293,11.88725
265,294,6.6016693
266,281,5.418474
266,283,6.9824653
266,304,7.5247946
266,308,9.013132
266,344,12.754225
267,298,14.253549
268,292,6.347961
268,301,13.33213
268,310,12.926434
268,339,13.861856
269,288,10.133432
269,303,6.6961923
270,278,11.164188
271,343,13.621085
272,301,12.457994
272,321,13.520188
272,336,11.137083
273,305,10.624423
273,306,6.210707
273,314,13.716433
273,341,13.234312
273,353,14.365096
274,280,10.935075
275,298,13.992947
275,309,14.570427
276,299,7.006815
276,302,14.97898
276,319,10.040186
276,322,9.040985
277,300,11.921233
277,311,9.604607
277,340,10.965151
278,312,8.936477
278,350,13.489553
279,280,13.396787
279,313,8.548954
280,313,11.327968
281,283,12.020357
281,304,9.960981
281,308,5.480674
281,344,12.735594
282,283,11.418027
282,327,9.041425
282,338,11.973871
283,304,6.3736587
283,308,13.670206
283,327,12.465667
283,344,12.713764
284,295,5.4904723
284,300,7.961466
284,323,13.988899
284,328,9.210946
284,337,13.21506
285,286,9.514495
285,314,9.367342
285,324,7.4116335
285,342,13.726254
285,347,13.457028
286,293,11.262065
286,324,11.768569
286,342,9.910921
287,296,12.802549
287,325,8.356
287,333,13.097412
287,354,14.465414
288,303,9.809807
288,315,8.971329
289,318,9.152117
289,326,8.448059
290,294,8.373867
290,329,10.180728
290,348,13.35488
291,297,10.7571945
291,307,13.761711
291,330,8.121881
291,346,13.957886
291,349,12.708387
291,358,12.712645
292,301,14.699152
292,310,7.6567106
292,339,10.900169
292,371,13.933569
293,342,14.64887
294,348,10.7699175
295,300,12.0820265
295,323,8.705967
295,328,6.576028
295,356,12.0783205
296,312,12.097578
296,325,9.444261
296,335,8.949292
296,360,13.431801
297,315,13.074766
297,316,6.376351
297,330,8.597419
297,346,8.682597
299,302,8.492535
299,319,12.07791
299,322,5.047658
299,355,12.339568
300,328,11.310062
300,337,6.7117696
300,340,11.41945
300,362,12.133536
301,334,5.983662
301,336,12.205282
301,339,9.213511
301,368,12.948365
302,309,7.604881
302,322,11.515936
302,355,11.244282
304,308,8.963006
304,327,12.147696
304,344,6.409744
304,366,12.583025
305,306,11.911418
305,332,9.546828
305,341,7.3300185
306,314,9.430827
306,341,10.635584
306,347,12.870008
306,353,8.397417
306,373,13.465555
307,345,7.276393
307,349,9.362744
307,364,13.442555
308,318,13.799794
308,344,8.719587
308,366,11.247115
309,355,14.71158
310,320,11.964946
310,352,10.542286
310,371,12.771235
310,377,12.98279
311,321,9.726191
311,340,10.858691
311,363,12.470128
311,378,14.382352
312,335,9.738089
312,350,9.081626
312,370,10.395634
312,390,14.82728
313,333,13.52653
313,357,8.054112
313,361,11.226072
314,324,8.196155
314,347,6.6559653
314,353,11.487712
314,375,12.816114
315,316,7.3623796
316,330,12.574507
316,346,8.872634
316,382,14.387847
318,326,10.524298
318,365,10.525769
319,320,12.784817
319,322,8.799428
319,359,6.849491
319,393,12.8162155
320,352,8.974514
320,359,13.125763
320,377,14.780005
321,336,10.856373
321,363,9.252166
321,369,11.286339
321,401,14.965826
322,355,10.049641
322,359,12.576128
322,387,14.847972
322,388,12.68709
322,393,14.966179
323,328,7.9404984
323,332,10.388706
323,356,8.007028
323,383,14.772611
323,384,11.474869
324,342,9.469095
324,347,7.955635
324,375,10.639122
324,376,13.894832
324,380,12.5332985
325,333,13.467148
325,335,11.280566
325,354,8.51475
325,360,8.685508
326,365,9.365846
326,374,11.935923
327,338,8.036302
327,344,13.760867
327,367,8.336702
327,392,13.954278
328,337,11.50817
328,356,6.257632
328,362,10.567929
328,384,12.224177
328,408,14.532941
329,395,14.484697
330,346,6.3474936
330,349,11.601226
330,358,7.3346014
330,382,12.5889845
331,386,13.887442
332,341,11.361404
332,379,14.6264715
332,383,9.885593
333,354,10.136029
333,357,11.162194
333,394,11.727538
333,402,11.6638775
334,336,9.513312
334,339,7.8550234
334,368,7.1052313
334,372,12.268723
334,396,13.473331
334,400,14.650685
335,350,14.899357
335,360,8.054479
335,370,10.445782
335,390,9.964251
335,397,11.296361
336,368,12.396836
336,369,9.226347
336,396,12.273019
337,340,8.546253
337,356,14.458637
337,362,6.3470783
338,367,9.308404
338,392,9.324825
338,405,14.980506
339,368,9.717184
339,371,12.055334
339,372,6.9706903
339,400,13.297158
340,362,13.378787
340,378,11.334426
341,353,9.516573
341,373,8.534703
341,379,8.172957
341,383,14.659421
341,410,13.183517
342,375,14.673236
342,376,7.397469
342,380,12.141843
343,385,12.337458
343,406,12.189763
344,366,6.2580614
345,349,8.035648
345,358,14.537302
345,364,6.2305994
345,381,10.361448
345,407,13.009475
346,358,10.518033
346,382,7.6210513
346,404,12.830002
347,353,9.863912
347,373,14.983308
347,375,6.2948384
347,380,11.575822
347,389,12.792656
348,395,12.986614
349,358,6.700325
349,364,12.137746
349,381,6.705704
349,407,12.021841
350,370,7.1224537
350,390,13.397938
350,425,14.175074
352,371,11.246711
352,377,5.8130307
352,403,9.591681
353,373,6.1945095
353,375,13.450896
353,379,11.200347
353,389,9.724631
353,410,12.090131
354,360,7.8970985
354,397,14.541339
354,402,11.32718
354,411,10.407699
355,387,5.833958
355,388,8.13625
355,414,11.74311
355,424,14.172771
356,362,10.487049
356,384,5.974801
356,408,9.572323
357,361,9.20521
357,394,7.351859
357,398,8.415938
357,402,13.606061
357,418,12.798235
358,381,7.9027286
358,382,12.448129
358,404,11.98072
358,407,13.028736
359,388,13.569418
359,393,6.858195
360,390,11.385853
360,397,8.361266
360,411,11.025475
361,391,10.315834
361,394,14.054815
361,398,9.806851
361,433,14.261107
362,384,13.789921
362,408,9.871371
362,430,12.496223
363,369,9.814167
363,378,7.6555376
363,401,8.299894
363,421,14.721325
363,428,13.056645
364,381,10.691022
364,407,10.330519
364,419,8.91432
364,422,10.788087
365,374,10.533567
365,423,12.34138
366,420,12.104774
366,440,14.687963
367,392,7.8540173
367,405,7.0728188
368,372,9.30036
368,396,8.52322
368,400,8.091484
368,429,12.420945
369,396,9.188073
369,401,6.982937
369,415,9.014184
369,428,12.290133
369,442,14.321641
369,448,14.378643
370,390,6.279008
370,397,11.808928
370,425,9.383227
371,372,8.108966
371,377,6.8115077
371,400,14.291261
371,409,7.5413547
371,431,14.226345
372,377,14.838388
372,400,7.867568
372,409,8.867183
372,432,12.768298
373,379,5.5174685
373,389,7.998864
373,410,6.191212
373,435,13.960041
374,423,8.431497
374,439,11.31881
375,376,13.2200985
375,380,5.951244
375,389,11.298714
375,416,11.598604
375,441,13.747481
376,380,8.120651
376,441,14.432673
377,403,9.7241745
377,409,10.925417
377,431,10.878041
378,401,12.638395
378,421,8.357377
378,428,14.657903
378,449,14.497302
379,383,11.760975
379,389,12.224749
379,410,5.807695
379,435,11.080364
380,416,13.019582
380,441,10.057515
381,404,14.242499
381,407,5.5756664
381,422,10.73397
381,443,13.24721
382,404,6.666268
382,412,14.309403
382,426,9.206204
383,384,12.093307
383,451,13.277855
384,408,7.5482907
384,450,12.282343
385,391,9.430005
385,406,8.81123
385,446,12.290275
387,388,6.15556
387,414,6.517256
387,424,8.759166
387,455,13.384012
388,393,9.229941
388,414,6.1914673
388,424,13.149684
388,455,12.426818
389,410,8.215713
389,416,7.7892017
389,435,14.873594
389,452,10.182468
390,397,5.637728
390,425,8.242489
390,468,14.853841
391,433,14.120271
392,405,8.222147
393,414,13.022157
393,461,13.4808035
394,398,6.519344
394,402,7.1849627
394,418,6.706717
394,433,13.604489
394,436,9.845424
395,458,14.611954
396,400,11.960426
396,401,12.963727
396,415,7.6291313
396,429,8.219577
396,442,9.093511
396,448,12.412397
396,456,14.999769
397,411,10.321634
397,425,11.864353
397,468,13.023977
398,402,13.134434
398,418,6.2744083
398,433,8.077929
398,436,11.418162
399,413,7.128123
399,427,6.2033453
399,471,13.762302
400,409,10.145502
400,429,9.638701
400,432,7.3850884
400,445,13.436702
400,456,9.987672
401,415,7.747636
401,428,5.844602
401,442,13.325876
401,448,10.89151
401,449,12.05175
402,411,11.86548
402,418,9.843982
402,436,8.923583
402,444,10.974096
402,466,13.722591
403,431,10.078567
404,426,8.807413
404,443,11.4915905
405,463,11.025804
406,419,10.648489
406,446,11.217432
407,419,13.5852
407,422,5.3529215
407,443,9.95702
408,430,9.496283
408,450,11.228781
409,431,11.187742
409,432,8.623724
409,445,7.850982
410,416,14.15523
410,435,7.966164
410,452,10.512674
410,467,12.183804
411,444,10.591504
411,475,13.100862
412,426,10.830014
412,447,7.5667295
412,462,11.416926
413,427,6.875549
413,471,12.454071
414,424,8.349815
414,455,7.0304747
414,461,12.948284
414,487,14.401673
415,428,8.073188
415,429,10.332827
415,442,5.7639275
415,448,5.6664405
415,480,12.979478
415,481,14.586147
416,441,10.630989
416,452,8.645005
416,485,12.03708
416,486,14.033794
416,498,14.123274
417,458,14.0536375
418,433,8.760644
418,436,5.1753864
418,444,13.929863
418,466,9.912917
419,422,10.017556
420,434,7.940619
420,440,8.358645
421,428,14.305283
421,430,14.954229
421,449,9.99503
421,457,10.366024
421,465,7.974377
421,488,14.293629
421,490,13.920031
422,443,11.106191
423,439,6.633807
423,477,12.597206
424,455,11.025193
424,464,8.846959
424,487,12.826913
424,493,13.815013
425,468,12.290468
425,473,12.346077
426,447,8.353397
427,471,7.571115
428,442,11.888248
428,448,7.5863047
428,449,7.2870383
428,481,10.031319
428,490,14.262466
429,432,11.789181
429,442,6.2835865
429,448,11.4031725
429,456,7.1431613
429,480,11.37472
429,484,14.666766
430,457,9.466689
430,482,14.127596
431,445,10.006398
431,489,12.170404
432,445,7.0373607
432,456,6.9348664
432,484,10.451283
433,436,12.529405
433,466,14.582465
433,472,13.874721
434,440,14.324565
435,451,13.22602
435,452,10.685882
435,467,6.9770226
436,444,8.957527
436,466,5.570438
436,491,11.7423
437,462,11.899104
438,439,13.455319
438,459,13.350774
438,460,6.834771
438,470,9.538409
439,460,8.952335
439,477,7.8548756
441,478,9.904389
441,486,10.06267
441,498,14.101465
442,448,5.11968
442,456,12.107192
442,480,8.102263
442,481,14.358896
443,501,13.020546
444,466,8.372718
444,475,11.509478
444,491,10.270301
445,456,12.872765
445,484,12.148312
445,489,11.863365
446,472,10.927178
447,462,8.850573
447,499,14.277327
448,449,12.844521
448,480,8.452139
448,481,9.63394
448,516,14.494399
449,465,9.127108
449,481,8.342205
449,488,12.939961
449,490,7.6360364
449,514,14.743395
450,451,9.379188
450,482,9.553031
452,467,7.2495184
452,485,7.1785398
452,498,14.032117
453,469,7.056063
453,473,10.132385
453,483,14.842347
453,526,13.858975
454,464,9.498882
454,493,13.3694725
454,500,10.935436
454,504,14.518573
454,513,13.264804
455,461,8.465169
455,487,8.937604
455,497,11.753376
455,508,12.984419
456,480,12.881014
456,484,7.8386307
456,515,13.280076
457,465,6.533543
457,488,8.749433
457,490,13.665036
458,476,11.778665
458,479,7.536113
458,505,12.592752
459,470,5.480623
459,495,8.227664
459,511,11.696082
460,470,13.091815
460,477,9.039405
460,521,12.482471
461,487,14.961411
461,497,8.415428
461,508,14.773307
462,499,8.862125
462,527,14.382419
463,512,12.012419
464,487,11.18328
464,493,6.3878484
464,500,14.84357
464,504,10.750661
464,513,13.976184
465,488,6.3263083
465,490,7.7807813
465,523,14.327707
466,491,6.274484
466,510,10.937947
467,485,9.475859
467,517,11.977473
467,533,13.914284
468,475,10.066647
468,506,11.890784
469,476,13.490656
469,483,7.9622655
469,526,14.306985
470,495,6.160912
470,511,12.048823
470,537,14.156963
471,496,13.426692
471,503,8.907021
472,502,11.597998
472,520,12.293929
473,506,14.336469
474,531,13.561652
475,536,13.409307
475,541,13.701725
476,479,6.096058
476,483,6.574153
477,521,12.484362
478,486,8.718401
478,494,7.6290874
478,498,14.053495
478,546,13.900292
479,483,12.245236
479,505,12.573522
480,481,12.1070795
480,515,14.0549965
480,516,9.545157
480,532,10.789938
481,490,8.748511
481,514,8.334848
481,516,10.229229
481,523,14.420487
482,529,9.358406
484,515,7.567923
484,522,11.322424
485,486,12.67371
485,498,8.201265
485,517,14.024767
485,519,7.9136953
485,524,11.617566
485,533,11.8345585
486,498,5.409001
486,519,13.112348
486,524,8.763869
486,546,13.390134
486,547,13.71298
487,493,8.68594
487,497,12.492268
487,504,12.972527
487,508,7.5307937
487,535,13.612038
487,552,13.688511
488,490,7.111953
488,523,9.06342
488,560,14.528455
489,509,9.50842
489,522,9.819875
489,538,14.617959
489,553,12.068552
490,514,9.957427
490,523,8.956704
491,510,8.592466
491,536,11.839199
491,549,11.588584
492,507,13.318815
492,518,12.215016
492,539,11.231409
492,566,13.827722
493,500,13.540053
493,504,5.3678284
493,508,14.152194
493,513,10.750822
493,544,11.9045515
494,525,14.888321
495,511,6.3949776
495,521,14.962728
495,537,8.261663
497,508,8.249759
497,535,8.451013
497,552,14.266209
498,519,7.8188376
498,524,5.414901
498,546,14.732248
498,547,11.07798
499,527,6.9917727
499,534,6.865805
499,562,12.569151
499,567,14.772691
500,504,10.316367
500,513,4.6491904
500,544,14.459833
500,559,11.487901
500,563,13.482335
501,518,8.903336
501,540,10.38363
501,550,8.545997
502,510,11.770303
502,520,14.988188
502,557,10.918405
503,554,12.72667
504,513,6.3491917
504,544,7.43318
504,559,14.257561
504,563,10.999532
505,525,7.356502
505,570,11.876733
506,548,8.640458
506,582,13.582036
506,589,14.633394
507,520,11.45206
507,566,12.973081
507,597,14.938958
508,535,6.0943065
508,552,7.680092
508,573,14.9326725
509,538,6.2610874
509,545,11.544619
509,553,11.370047
509,569,11.218316
510,549,9.85168
510,557,12.026046
511,531,9.230572
511,537,6.961867
511,558,9.307416
512,543,7.1345506
512,578,13.566434
512,583,13.820786
513,544,9.841133
513,559,9.817666
513,563,9.692826
514,516,8.191979
514,523,9.0145
514,586,12.000983
514,592,13.648107
515,522,12.793903
515,532,10.486825
515,555,8.355923
515,574,12.491024
516,532,7.756175
516,572,12.7276535
516,586,11.985235
517,519,12.688836
517,530,6.7833943
517,533,5.636359
517,556,12.479805
517,587,14.282829
517,593,13.495171
518,539,8.663262
518,550,8.673769
518,577,14.326651
518,595,14.2346945
519,524,6.608159
519,533,7.7559657
519,547,9.470416
519,556,8.111321
520,576,11.512378
520,597,13.762395
521,537,14.09581
521,568,9.30574
522,553,9.847416
522,574,13.615189
522,580,13.716792
523,560,10.360722
523,592,10.667603
524,533,14.052225
524,546,11.386546
524,547,5.663687
524,556,11.477452
524,602,14.721608
525,565,12.908258
525,570,11.50456
526,561,10.656631
526,594,14.607656
527,534,8.414472
527,542,8.448926
527,562,7.6422763
527,599,13.291532
528,571,10.411958
528,591,13.744813
529,575,10.791808
529,581,12.725649
530,533,12.144386
530,587,11.284935
531,537,14.466654
531,558,8.381352
532,555,8.859854
532,572,8.831873
532,586,13.775387
533,547,14.94411
533,556,7.2115865
533,593,11.273688
534,562,8.814048
534,567,8.069993
535,552,6.6937165
535,573,14.828937
535,585,12.45214
536,541,8.369208
536,549,10.694166
536,564,6.7587976
536,604,12.831926
537,558,9.780213
537,568,11.035767
537,590,10.4192095
538,545,7.36635
538,553,10.400959
538,569,5.718287
538,579,9.382272
538,588,10.8649845
538,617,13.480701
539,550,13.541093
539,566,7.818245
539,595,10.237591
540,550,9.187126
540,577,11.276275
540,609,11.585768
541,564,10.299626
541,582,10.137987
541,604,14.019384
541,606,9.9414215
542,562,8.329215
542,599,8.666545
542,610,10.282802
543,578,9.493411
543,583,7.0680137
543,600,14.232841
543,607,14.164177
544,552,13.769073
544,559,11.725556
544,563,5.8370047
544,573,9.110344
544,608,8.709051
545,569,10.46577
545,579,6.733733
545,585,10.399303
545,617,14.850661
546,547,9.93112
546,565,13.52276
546,601,8.317598
547,556,9.643975
547,601,10.705633
547,602,9.354674
548,582,11.647084
548,589,7.902802
548,594,11.615926
549,557,13.44859
549,564,9.531168
549,604,13.063318
549,619,13.954611
550,577,6.697489
550,595,12.005921
550,609,12.299551
550,625,13.816358
551,571,13.70219
551,600,10.034371
551,614,11.892966
552,573,8.190935
552,608,14.476173
553,569,8.711093
553,580,7.2676206
553,588,7.36511
553,605,12.253083
554,596,8.868603
554,638,14.23576
555,572,9.853957
555,574,8.408649
555,618,13.748482
556,593,8.855834
556,602,9.924326
557,619,12.514562
557,624,13.501477
558,590,13.192335
559,563,6.428746
559,584,7.2674065
559,608,14.609932
559,615,9.807855
560,592,10.871267
561,622,12.202977
562,567,12.064827
562,599,6.8793526
562,610,11.730182
562,626,11.832784
563,573,12.636209
563,584,12.639977
563,608,8.86902
563,615,11.124113
564,604,6.134885
564,606,11.947955
566,595,13.601113
566,598,8.517951
566,627,13.758392
567,626,13.456293
568,590,8.078529
568,613,13.751035
568,616,9.388501
568,633,13.8897705
569,579,8.197537
569,580,11.173964
569,588,5.6178718
569,617,8.339931
570,603,11.508248
571,591,10.463018
571,611,7.368509
571,614,9.691673
571,629,10.600113
572,586,8.996321
572,620,9.227942
572,645,13.388199
573,608,6.3274574
573,635,11.3807
574,580,13.439627
574,605,9.022361
574,618,7.405603
575,581,11.673178
575,630,10.434352
576,597,8.589334
576,624,12.043188
576,650,12.88462
577,595,9.457132
577,609,6.90457
577,625,7.7575583
578,583,6.704103
578,607,4.89044
578,641,13.6265
578,643,14.9591255
578,660,14.853924
579,585,8.762144
579,588,12.589389
579,617,8.7287445
579,623,14.349583
579,628,11.518309
580,588,6.0046887
580,605,5.9190245
580,617,13.133754
580,618,13.963185
580,652,12.916128
581,621,12.77286
581,630,11.723927
581,646,10.961764
582,589,7.7897835
582,606,7.5292253
582,632,12.538991
582,639,14.397135
583,600,12.382459
583,607,9.59847
583,641,8.843005
584,596,11.054663
584,615,7.686011
584,644,12.35369
585,623,7.0521026
585,628,7.6347284
585,671,14.97279
586,592,10.918928
586,620,9.008839
586,649,13.686953
587,593,11.712983
587,621,7.3851924
587,636,10.467214
587,667,14.35187
588,605,11.684238
588,617,8.005128
589,594,11.737689
589,606,14.1161785
589,632,7.8806434
589,658,13.177897
590,616,9.8028555
590,633,9.418778
591,611,7.5104303
591,613,8.751334
591,629,14.0428295
591,656,12.28725
592,649,12.956454
593,602,13.316914
593,636,11.142332
593,673,14.782031
594,622,10.535044
594,632,13.963261
594,664,13.693359
595,625,7.6016817
595,627,8.420863
596,638,10.033304
597,598,8.655377
597,650,13.405733
598,627,13.810943
599,610,5.0936236
599,626,9.820715
599,642,10.095164
599,647,10.924443
600,614,11.857223
600,634,8.564938
600,641,11.239156
600,659,11.946386
601,602,11.090308
601,631,8.556353
602,631,9.723766
602,655,10.92079
603,663,12.9797735
603,668,14.969732
603,669,11.842722
604,606,10.590306
604,637,12.824861
604,639,11.451841
605,618,8.046293
605,652,9.233076
606,639,8.2881155
607,641,13.429632
607,643,10.099909
607,660,10.498212
608,615,13.461478
608,635,11.659557
608,648,12.96954
608,661,12.4363785
608,670,13.586423
609,625,9.911449
610,626,12.83095
610,642,10.00051
610,647,7.689346
611,613,14.645447
611,614,10.80074
611,629,6.568552
611,656,8.598121
612,640,7.4041767
612,653,8.490911
612,666,13.637787
613,616,8.180334
613,633,14.298646
613,656,14.401763
614,629,6.906377
614,634,8.868582
614,679,12.803783
615,644,8.884139
615,648,7.7747626
615,661,13.531418
616,633,6.954367
616,681,13.782427
617,628,14.196751
618,645,12.127466
618,652,9.56647
619,624,14.661104
619,637,11.63663
619,676,11.602441
620,645,11.686679
620,649,10.48605
620,686,12.572191
621,636,8.616339
621,646,9.661235
621,667,8.244284
622,664,10.137457
622,674,10.615505
623,628,5.172773
623,635,14.069658
623,662,10.918504
623,671,8.279854
624,650,12.082947
624,672,8.963055
624,676,13.613579
625,627,11.446812
626,642,6.9282475
626,647,12.760234
626,651,12.86052
626,677,8.804458
627,665,8.285155
628,662,14.069032
628,671,8.928682
629,634,12.852629
629,656,9.123616
629,679,11.12268
629,690,14.688839
630,646,12.448352
630,675,9.252204
630,682,11.644522
631,655,8.157719
632,658,5.3193088
632,684,13.837556
632,700,13.354067
633,681,8.026411
633,704,13.833194
634,641,13.238592
634,659,8.627389
634,679,9.565634
634,683,9.256803
635,661,11.856192
635,662,7.226455
635,670,7.2637744
635,671,13.429522
635,693,9.76749
636,667,7.392996
636,673,12.499072
637,676,13.953532
637,706,13.140225
637,723,12.703796
638,654,13.860972
638,692,8.995674
639,684,9.698465
639,706,14.3258915
640,653,7.004686
640,666,6.2512827
640,689,10.000955
641,659,7.2947154
641,660,13.184197
641,683,13.78952
641,691,10.803941
642,647,6.374077
642,677,8.414612
642,703,12.09352
642,710,13.967061
643,654,5.533569
643,660,7.136429
644,648,9.742393
644,718,13.4674225
645,686,12.328338
645,711,13.696303
646,667,11.224812
646,682,9.510537
647,677,14.063078
647,703,11.754125
648,661,6.318581
648,670,12.323412
648,699,11.3609295
649,657,10.473258
649,686,13.729792
649,702,12.181656
649,719,14.207153
650,672,13.519402
650,701,12.463368
651,677,10.917896
651,688,7.618548
651,694,10.03784
652,685,8.857097
653,666,11.106065
653,689,7.5799994
654,660,11.888181
654,692,14.05403
654,721,13.626534
655,673,10.777922
656,690,6.839781
656,716,13.272485
657,687,9.540463
657,702,8.092012
658,684,10.296387
658,700,8.088773
658,713,14.805213
659,679,13.78327
659,683,6.5144506
659,691,7.4584947
660,691,14.299154
660,730,14.714806
661,670,6.0763144
661,693,11.793399
661,699,8.642109
661,707,11.222508
662,670,11.006786
662,671,6.712316
662,693,8.57546
662,714,11.328565
662,715,11.478052
663,669,10.075386
663,674,12.267625
663,705,10.244443
663,709,9.847496
663,712,14.508308
664,674,10.752623
664,713,11.377888
665,698,9.422659
666,689,9.238571
668,669,6.528057
668,678,8.076891
668,695,5.5197234
668,708,9.17646
668,712,12.328399
669,678,14.44042
669,695,6.349253
669,708,12.615119
669,709,12.012535
669,712,10.284714
670,693,6.3472633
670,699,10.964725
670,707,9.377402
670,714,12.4002
671,693,14.15557
671,714,14.40538
671,715,11.634096
671,731,13.713855
672,676,7.5658994
672,738,13.961506
674,705,11.100536
674,725,12.13912
675,682,10.870992
675,687,10.147566
675,720,10.887134
676,738,14.515019
677,688,9.737824
677,703,12.41879
677,710,8.91421
677,734,14.600277
678,695,10.525008
678,708,8.29379
678,735,14.750348
678,743,13.626701
679,683,8.816884
679,717,9.75326
679,729,12.155533
680,735,13.7714815
681,697,12.376937
681,704,6.4169064
681,736,12.925348
681,753,14.394591
682,720,13.989887
682,722,9.6753845
683,691,8.984969
683,717,8.742238
683,751,12.746407
684,700,10.578612
684,706,12.94382
684,727,10.476331
684,749,14.441609
685,724,8.668847
686,711,11.5835085
686,719,9.048559
687,702,11.731464
687,720,12.055477
687,733,9.926707
688,694,7.93264
688,710,12.228262
688,734,9.499295
689,739,10.698895
689,745,11.793894
690,697,12.041773
690,716,7.4512343
690,729,14.641819
691,717,14.551472
691,730,13.385396
691,751,13.056759
691,758,14.481965
693,699,12.81879
693,707,7.498911
693,714,6.1360703
693,715,10.462666
693,742,12.48278
693,747,11.35344
694,696,11.513428
694,734,13.770578
695,708,6.3420105
695,709,12.535734
695,712,6.8716183
695,743,14.711893
696,728,8.596348
697,704,9.397873
697,736,10.613425
698,701,10.064558
698,741,10.828022
699,707,6.917227
699,718,13.255033
699,746,8.079388
699,747,13.801084
700,713,10.455446
700,726,7.7370853
700,727,14.592168
700,744,13.461427
700,749,11.623032
701,741,11.344881
701,757,11.810484
702,719,11.458022
702,732,8.119594
702,733,13.0954895
703,710,7.9311423
704,736,6.5123887
704,753,9.658042
705,709,6.239379
705,712,13.79961
705,725,10.848771
705,762,10.997568
706,723,9.047699
706,727,9.8304825
706,750,12.36251
706,765,13.509251
707,714,8.999033
707,715,14.627769
707,742,12.883827
707,746,10.395353
707,747,7.819554
707,763,12.216466
708,712,9.390812
708,743,8.565646
708,770,14.485668
709,712,7.5886717
709,762,8.210523
710,734,9.92589
710,769,13.619116
712,762,9.567127
713,725,14.5826025
713,726,7.2354484
713,744,7.4348326
713,760,14.058069
713,771,13.375271
714,715,5.62938
714,731,12.298124
714,742,6.416534
714,747,7.6008263
714,763,13.821819
714,764,11.913251
715,731,6.857407
715,742,6.6449547
715,747,11.689495
715,764,10.276123
716,729,8.575271
717,729,10.001795
717,751,8.082081
717,761,9.186873
717,780,13.641114
718,746,11.701658
718,754,10.989986
718,783,13.689276
718,794,14.944413
719,732,10.8600025
719,766,11.997128
720,722,14.817784
720,733,10.122183
720,755,8.993021
721,730,12.513781
721,773,12.187896
722,737,8.817017
722,755,10.265354
723,750,5.381519
723,756,10.54645
723,776,12.308266
723,787,14.572208
724,759,6.854616
724,798,14.173767
725,760,6.3066354
726,744,6.01934
726,749,10.8559475
726,771,12.327586
726,792,13.250455
726,801,11.075484
727,749,8.410168
727,765,9.1490555
727,781,11.559483
728,788,12.422143
729,761,9.327652
730,758,9.278793
730,774,11.517646
731,742,10.157827
731,764,9.952531
732,733,11.834786
732,766,8.84485
732,767,7.9115825
733,767,12.644174
734,769,10.420856
734,779,10.5224695
735,743,10.307686
735,748,7.921522
735,770,12.31686
735,786,10.595262
736,753,7.544259
736,782,11.935882
738,740,6.9844637
738,756,13.025863
738,768,10.367964
738,772,9.593958
739,745,6.1760855
739,796,13.718955
739,800,13.473276
739,820,14.576208
740,757,10.038734
740,768,7.9144835
740,772,13.735775
741,757,10.630859
742,747,6.7555757
742,763,11.078327
742,764,5.601093
743,770,6.212333
743,778,10.615892
743,786,13.656195
744,760,12.057569
744,771,6.662174
744,792,14.571903
744,801,9.5956545
745,800,11.454851
746,747,12.780491
746,763,11.645149
746,775,8.014715
746,783,12.207685
746,802,13.06498
747,763,6.2846274
747,764,10.959498
747,775,14.047177
748,785,9.144775
748,786,10.196836
749,765,12.536671
749,781,8.943086
749,792,8.25718
749,801,12.382114
749,821,14.598242
750,756,8.256453
750,765,13.408655
750,776,6.978654
750,787,10.144688
751,758,9.536717
751,761,10.071126
751,780,9.310538
751,819,14.594006
752,777,8.518111
752,784,7.565032
752,809,12.566446
752,818,14.395743
753,782,14.466575
753,793,13.26007
754,783,12.168255
754,794,7.006278
754,804,11.456051
755,812,14.756566
756,772,9.945311
756,776,8.8307
756,803,11.160621
757,768,11.387107
758,774,7.648598
758,780,13.945314
758,815,11.618715
759,798,7.349192
759,817,14.248709
759,839,14.816868
760,771,9.773895
760,795,13.854426
761,780,7.21261
761,819,13.2289295
762,790,10.454808
762,791,7.8550496
762,795,12.089049
763,764,12.76979
763,775,9.237304
763,816,8.928898
763,847,14.877248
764,830,12.286908
765,776,14.699993
765,781,7.561227
765,787,7.4000077
765,821,13.252872
765,822,9.356844
766,767,7.9956174
766,789,10.748087
766,805,8.644729
766,811,11.833874
766,823,11.523169
767,805,14.022749
767,811,8.243989
767,823,12.256695
768,772,10.182929
768,832,11.576874
768,833,10.765157
769,779,9.833299
769,799,6.715394
769,810,8.120023
769,814,14.814286
770,778,8.212686
770,786,10.043933
770,831,10.3762045
771,801,9.148745
771,828,10.055226
772,776,14.912254
772,803,8.8877535
772,832,11.909726
773,804,14.311314
773,807,11.929428
773,829,12.413569
774,807,12.102229
774,815,9.811475
774,844,12.743229
774,857,14.386045
775,783,8.986221
775,802,6.9388433
775,816,9.197013
775,826,13.10354
775,850,14.07145
776,787,8.162918
776,803,9.550464
776,824,9.424204
777,784,8.791469
777,809,4.865877
777,818,13.741137
778,790,7.3401723
778,831,11.768018
778,836,10.589419
779,799,14.940493
779,808,6.836534
779,810,7.570935
780,815,11.043939
780,819,6.444664
781,787,13.160499
781,792,8.321377
781,821,7.0530496
781,822,7.9289885
781,843,12.03645
781,853,12.994773
782,825,10.62712
783,794,7.9294724
783,802,4.572893
783,826,7.9484324
783,849,12.980903
784,785,10.735039
784,809,9.767944
784,818,6.8431377
784,856,12.804647
785,786,12.1369095
785,818,9.42385
785,838,10.781974
786,831,12.649784
786,838,11.689561
786,860,14.036453
787,822,9.572998
787,824,11.433335
787,854,12.820414
788,813,9.005859
788,841,8.692022
789,805,6.3849916
789,823,13.70279
789,827,7.686901
790,791,8.432871
790,795,14.4595375
790,836,9.526472
791,795,6.201484
792,801,6.689106
792,821,9.346501
792,822,14.740788
792,843,7.982209
792,845,13.228451
793,796,7.243872
793,820,12.74537
793,837,8.711308
794,802,11.558743
794,804,9.556555
794,826,10.369468
794,870,14.854486
796,800,13.037407
796,820,5.91811
796,837,8.853805
797,817,9.354
797,842,14.33067
798,817,10.272305
798,839,7.468689
798,867,14.545636
799,810,9.530256
799,814,8.7626915
799,855,13.887151
799,861,11.25941
800,820,8.127469
801,821,14.934224
801,828,11.01571
801,843,10.2446
801,845,11.237403
802,816,12.072215
802,826,6.2588625
802,849,9.8270645
802,850,12.329948
802,883,14.864571
803,824,9.37212
803,832,13.322049
804,829,7.7967386
805,811,12.136571
805,823,7.3199506
805,827,8.617647
805,864,11.320833
805,884,14.789251
806,813,6.594619
806,868,13.093144
806,869,14.3796215
806,881,14.797151
807,844,7.802577
807,882,14.932378
808,810,8.72942
808,848,8.380485
808,862,12.106642
808,890,14.420771
809,818,12.189636
809,856,13.096182
810,848,13.702066
810,861,14.604338
810,862,10.497801
811,823,6.314904
811,884,13.211237
811,885,14.947886
812,834,5.043966
812,835,10.432657
812,859,9.07868
812,872,12.463834
813,841,12.1345625
813,869,10.620787
813,881,14.887292
814,855,7.7473845
814,861,11.426204
815,819,7.1776743
815,857,8.440795
816,830,14.889582
816,847,7.857005
816,849,14.95869
816,850,8.348941
816,876,11.754411
817,839,10.661857
817,867,11.243387
818,838,13.246345
818,856,7.0577626
818,886,13.240894
819,857,12.489883
820,837,10.328882
821,822,7.0571866
821,843,7.229892
821,845,14.600424
821,853,6.990673
821,874,9.834986
821,875,13.022136
821,893,11.971172
822,843,14.281406
822,853,7.758877
822,854,10.11327
822,874,14.689825
822,875,11.076716
822,893,13.907816
823,827,13.7142725
823,864,10.173484
823,884,9.496762
824,854,9.804587
825,891,11.311001
826,849,5.554254
826,850,12.510433
826,870,8.9873085
826,883,11.33349
826,897,10.988887
827,863,9.064329
827,864,9.760668
827,899,12.167729
828,843,14.00318
828,845,7.966831
828,852,11.023348
828,865,7.3437
828,880,10.870667
828,909,14.21368
829,871,9.2795
829,882,12.9650135
829,895,12.145628
830,842,8.8823805
830,847,10.352712
830,877,8.72012
831,836,11.408651
831,860,12.445365
831,908,13.514987
832,833,8.227181
832,888,10.389791
832,894,10.596743
833,846,9.683514
833,889,10.930001
833,894,10.249057
834,835,7.642134
834,851,14.889268
834,859,6.954783
834,872,7.495481
834,873,10.825088
834,906,13.832487
835,851,7.920295
835,859,14.224497
835,872,10.121768
835,873,8.341211
835,878,11.029042
836,901,12.512946
837,866,12.560815
838,860,7.581705
838,886,10.4945
839,867,8.080491
839,887,9.309912
839,902,13.230035
840,858,7.243082
840,859,12.866772
840,885,13.324734
840,900,9.977012
841,848,12.391988
841,869,10.611649
841,890,12.139806
842,877,9.353049
842,892,10.301497
843,845,7.4702563
843,853,11.6296835
843,874,8.438796
843,880,12.889294
843,893,13.62012
843,903,12.545735
844,857,12.509859
844,882,13.626039
844,896,11.42068
844,907,10.895963
845,865,9.596036
845,874,11.202648
845,880,6.558643
845,903,11.092364
845,909,14.453285
846,868,11.81596
846,889,9.823626
847,850,9.0134945
847,876,7.000997
847,877,12.441321
847,904,9.981626
848,862,9.086132
848,890,6.0738835
849,850,8.877148
849,870,8.175135
849,876,14.227856
849,883,5.7794576
849,897,6.886065
849,914,11.266359
849,915,13.032652
850,876,6.4753547
850,883,7.894491
850,897,13.542798
850,904,11.177925
850,915,10.6794815
851,872,13.76796
851,873,8.2643175
851,878,5.8653116
851,879,9.869553
852,865,8.369837
852,909,11.30897
852,912,13.942009
852,926,13.872173
853,854,10.413407
853,874,7.912796
853,875,6.206152
853,893,6.1785975
853,903,14.046985
853,920,12.644105
854,875,6.784518
854,893,13.551294
855,861,8.506078
855,921,11.508023
856,886,9.59429
857,907,13.017734
857,913,10.473499
858,885,6.1044784
858,900,10.19661
858,916,12.38056
858,943,14.713352
859,872,8.311488
859,873,14.200711
859,900,12.458446
859,906,8.009907
860,886,13.208026
860,908,9.340963
860,930,13.32836
861,862,13.366824
861,921,12.762566
861,924,12.671476
862,890,11.7942095
862,924,13.984688
862,931,11.058798
863,864,11.58958
863,898,12.669135
863,899,7.316758
863,919,13.331113
863,925,12.923947
863,938,12.42769
864,884,7.366564
864,899,7.6838856
864,919,8.77326
864,929,11.672736
865,880,7.141183
865,909,6.879025
865,922,13.474606
865,950,14.836524
867,887,10.594944
867,902,9.132889
867,905,13.945875
868,881,9.672562
869,881,8.632303
869,917,8.863041
869,941,14.196006
870,883,10.908319
870,895,13.458409
870,897,5.8232007
870,914,10.125777
870,935,12.865111
871,882,5.850452
871,895,8.373812
871,896,10.8039055
871,918,8.510864
872,873,6.2015443
872,878,11.833353
872,906,10.165603
872,956,14.097864
873,878,5.6688967
873,879,14.910011
873,956,13.71871
874,875,12.030916
874,880,12.428836
874,893,5.9789925
874,903,6.4620237
874,920,9.223977
874,940,13.593671
875,893,6.93069
875,920,12.000851
875,947,12.058609
876,883,10.680574
876,904,4.8330574
876,915,8.44497
876,936,10.646796
877,892,13.4029
877,904,14.019515
877,953,13.959711
878,879,9.305526
878,956,14.877782
878,974,14.310126
879,946,11.383835
880,903,8.610746
880,909,8.887749
880,922,9.674769
880,940,13.089721
880,950,14.259282
881,917,11.856801
881,934,9.548523
881,961,14.586302
882,895,13.950697
882,896,5.1047297
882,907,14.6601305
882,918,12.0843
883,897,6.118878
883,904,13.457119
883,914,7.890039
883,915,7.319333
883,935,14.344769
884,885,14.504733
884,899,13.1818075
884,916,13.5225
884,919,10.435633
884,929,8.649683
884,939,13.586426
885,900,13.243733
885,916,6.651454
885,939,12.445172
885,943,11.03522
886,957,13.978172
887,898,10.964712
887,902,7.2521944
887,911,7.163958
888,894,9.556053
888,927,8.114856
888,928,12.145232
888,963,14.466727
889,894,7.670967
889,923,8.513568
889,928,10.899844
889,966,14.943105
890,931,14.872841
890,945,11.786099
891,948,10.787208
892,905,5.791371
892,932,8.045017
892,937,11.868746
893,903,9.864693
893,920,6.4706564
893,940,14.383298
893,947,11.327425
894,923,14.520262
894,928,7.7734246
894,963,14.722497
895,918,6.3040013
895,952,12.043548
896,907,9.65373
896,951,13.18711
897,914,5.00783
897,915,11.707664
897,935,10.061253
898,911,6.638845
898,925,6.8646207
898,938,13.991311
898,954,10.83636
899,919,6.0143833
899,925,14.73899
899,929,12.146187
899,938,9.841196
899,962,12.18346
900,906,8.885659
900,933,7.4883137
900,943,13.608558
900,955,13.288715
900,969,14.242496
901,965,13.016457
902,911,8.947205
902,954,14.13698
902,980,11.893105
903,920,8.261768
903,922,10.869154
903,940,7.817483
904,915,8.330957
904,936,6.3929963
904,953,11.7335
905,932,8.393072
905,937,7.697845
905,979,13.633086
906,933,9.947698
906,955,8.963456
906,982,14.925701
907,913,11.063957
907,949,11.061171
907,951,9.031196
907,973,13.64454
908,930,7.282524
909,922,8.763993
909,926,11.461364
909,950,8.06119
909,975,13.563427
911,925,10.461825
911,954,8.277014
912,926,7.480061
912,965,11.335556
913,949,6.369571
913,951,14.277018
913,971,10.5687275
913,973,11.333953
914,915,9.941994
914,935,6.485106
914,952,14.33399
914,997,14.961604
915,936,8.398822
916,929,14.067426
916,939,5.9377794
916,943,6.9696546
916,968,9.312916
916,999,14.738762
917,934,13.538037
917,941,5.742624
917,945,14.713783
917,961,7.386547
917,972,12.813601
917,977,12.996512
917,978,11.336781
917,988,12.684892
918,952,10.928527
918,981,11.250149
919,929,6.3372912
919,938,11.409179
919,962,7.8025184
919,986,13.900406
920,940,8.961388
920,947,8.543695
920,983,11.321602
921,924,12.851195
921,964,7.664157
922,940,8.008886
922,950,6.873639
922,975,13.819096
923,928,12.863955
923,959,9.07412
923,966,9.076155
923,984,14.6668825
924,931,7.1485667
924,994,11.870756
924,1004,12.772804
925,938,7.9868956
925,954,8.519277
925,1008,13.495122
926,950,11.671254
926,975,9.98464
926,1009,13.728124
927,928,13.033141
927,944,9.623144
927,963,10.401737
927,976,8.026732
927,998,14.552242
928,963,7.788059
928,966,11.333087
928,1002,13.369405
929,939,10.39157
929,962,8.946897
929,968,14.065823
929,986,10.564397
930,957,9.412885
930,1001,14.148423
931,1003,14.152211
931,1004,12.889131
932,937,7.633902
932,979,8.838179
932,985,9.113721
932,990,13.575448
932,1019,14.061016
933,943,11.809931
933,955,8.011797
933,969,8.013757
933,982,14.571438
933,1012,12.835436
934,959,9.590682
934,961,10.738996
934,977,8.47369
934,984,11.704681
934,988,13.492119
934,1010,11.53168
935,952,8.26567
935,997,10.046335
936,953,9.373824
936,1007,14.837308
937,979,6.7105494
937,985,11.746652
937,990,8.331084
937,1019,14.389091
938,954,14.9870205
938,962,10.579863
938,1008,14.879949
939,943,9.091201
939,968,5.0428042
939,986,12.695797
939,999,11.158256
940,950,14.271374
940,983,8.907991
941,945,9.956425
941,961,7.242196
941,972,7.154116
941,977,13.324795
941,978,7.14736
941,988,10.5989895
942,948,9.247802
942,996,10.502603
943,968,8.390131
943,969,8.611582
943,999,11.114101
944,958,9.222631
944,976,10.271648
944,991,9.830004
944,998,10.828512
945,972,8.348859
945,978,13.1935625
945,1003,13.446555
945,1029,14.540861
946,974,10.511297
946,1000,11.799569
947,958,10.76282
947,983,12.37448
947,1014,12.076101
947,1023,14.500934
948,967,7.3655024
948,996,9.619008
948,1015,12.32446
949,951,9.676251
949,971,8.065959
949,973,4.971603
949,992,14.565068
949,1006,9.4547415
950,975,7.1161466
950,1027,13.03629
951,973,8.357219
951,989,9.169065
951,1006,13.930223
952,981,12.34086
952,997,11.746976
952,1016,12.557684
953,993,9.27742
953,1007,9.66599
954,980,13.327689
954,1008,9.885764
955,956,13.080397
955,969,13.009505
955,982,7.035602
955,1012,10.4473915
955,1013,14.472765
956,974,11.787669
956,982,9.752168
956,1013,10.354649
957,987,8.818468
957,1025,13.721719
958,991,7.738175
958,998,14.759195
958,1014,10.329011
958,1028,13.717752
959,966,11.913547
959,977,14.912266
959,984,6.5288854
959,1010,13.2645035
959,1022,13.127131
960,967,13.491915
960,970,5.7115297
961,972,10.921429
961,977,6.168959
961,978,6.597569
961,988,5.540693
961,1010,12.621197
962,986,8.311847
962,1035,14.623737
963,966,13.597115
963,976,8.565591
963,1002,10.146895
963,1017,9.514125
963,1042,13.831277
964,994,12.164292
964,1018,10.569981
965,995,11.825247
965,1009,10.111166
965,1026,13.016531
966,984,13.640743
966,1002,8.577487
967,996,9.989715
967,1015,6.9394145
967,1024,13.283391
968,969,14.012207
968,986,12.353711
968,999,6.1154594
968,1036,11.906256
969,999,12.573313
969,1012,10.417858
970,1005,10.405802
970,1039,12.536391
971,973,8.905055
971,992,6.5108047
971,1006,7.342774
971,1033,11.956527
971,1034,14.85004
972,978,5.3700686
972,988,10.512843
972,1029,9.005289
973,989,14.487036
973,992,14.58718
973,1006,5.993593
973,1033,12.607231
973,1034,10.984719
974,1021,11.266808
975,1009,13.559746
975,1027,10.130512
976,991,14.1845665
976,998,7.7630796
976,1017,8.695486
976,1046,13.284237
977,978,10.129443
977,984,12.843924
977,988,5.4910145
977,1010,6.529398
977,1037,11.768402
978,988,5.157439
978,1029,11.1706
978,1037,13.521883
979,985,6.326109
979,990,5.4425607
979,1019,7.704545
979,1040,13.788896
980,1053,13.443242
981,989,13.8926935
981,1016,9.337664
981,1031,10.158339
982,1012,9.703494
982,1013,7.4588737
982,1050,12.107929
983,1023,10.211674
983,1032,9.796682
983,1061,13.870948
984,1010,8.57439
984,1022,6.6549196
984,1066,13.347733
985,990,11.243885
985,993,9.570995
985,1019,5.467144
985,1040,9.960815
986,999,14.519784
986,1035,9.44397
986,1036,14.137084
987,1011,7.7479033
987,1020,14.388725
987,1025,10.380652
987,1044,13.694341
987,1045,9.600115
988,1010,9.922203
988,1029,14.5248785
988,1037,10.052566
989,1031,12.759862
989,1057,12.704928
990,1019,10.247475
990,1060,14.96541
991,998,8.232831
991,1014,9.712627
991,1028,6.92918
991,1062,14.92956
992,1006,10.613985
992,1033,11.390245
992,1052,13.08887
993,1007,6.539784
993,1019,11.929751
993,1040,11.051683
993,1059,13.138182
994,1004,7.450656
994,1018,8.460449
994,1043,8.751454
995,1001,12.600151
995,1026,12.219076
995,1048,12.187935
996,1015,8.111779
996,1024,7.4242234
996,1067,12.3654375
997,1016,13.525849
997,1049,9.348937
998,1017,10.736032
998,1028,10.429767
998,1046,11.51417
998,1065,10.877915
999,1036,7.000928
999,1068,11.966062
1000,1011,11.64067
1000,1020,5.6771917
1000,1041,6.64348
1000,1044,11.811821
1000,1072,13.552058
1000,1073,13.662046
1001,1048,9.658486
1001,1051,10.453263
1002,1017,11.012693
1002,1042,7.5162716
1002,1046,14.920392
1002,1055,11.45125
1002,1074,14.613547
1003,1004,9.285514
1003,1029,14.353382
1004,1018,14.986503
1004,1043,11.308754
1005,1039,9.777695
1005,1056,9.192461
1006,1033,6.7830443
1006,1034,7.572161
1007,1040,14.412349
1007,1059,9.44761
1008,1047,10.017719
1009,1026,8.955592
1009,1058,9.939153
1009,1070,13.901287
1010,1022,8.700338
1010,1037,9.358807
1010,1066,14.83145
1011,1020,6.669783
1011,1041,12.523207
1011,1044,8.090925
1011,1045,9.244288
1011,1072,14.305562
1012,1013,14.193946
1012,1050,12.063469
1012,1054,10.12236
1012,1064,12.213846
1013,1021,12.073209
1013,1050,8.609615
1013,1085,14.602648
1014,1023,9.116042
1014,1028,9.463124
1014,1062,9.785565
1015,1024,7.173984
1015,1067,12.937565
1016,1031,11.0917015
1016,1049,11.3755665
1016,1071,8.240866
1016,1086,14.270234
1017,1042,8.290652
1017,1046,6.099568
1017,1065,13.392057
1017,1074,11.51018
1017,1078,12.773288
1018,1043,7.6186013
1019,1040,6.110952
1019,1079,13.2569895
1019,1083,13.466222
1020,1041,6.2485776
1020,1044,6.714079
1020,1045,12.687163
1020,1072,10.584003
1021,1069,7.3316145
1021,1073,14.621965
1021,1108,14.808892
1022,1037,14.329272
1022,1055,14.545255
1022,1066,7.05987
1022,1091,13.372654
1022,1097,14.934524
1023,1032,12.597518
1023,1061,8.973912
1023,1062,11.236495
1023,1081,11.079591
1024,1067,5.993396
1024,1099,12.131365
1025,1045,11.498666
1025,1051,9.148937
1025,1087,9.335791
1025,1093,14.055393
1026,1058,8.525524
1026,1070,6.2110963
1026,1096,14.266584
1026,1103,12.748037
1027,1032,13.674356
1027,1088,12.519003
1028,1062,9.27665
1028,1065,11.26733
1029,1082,11.53065
1030,1038,10.27017
1030,1063,5.9697895
1030,1094,13.126576
1031,1057,6.624059
1031,1071,11.26412
1031,1100,12.045673
1032,1061,8.570999
1032,1110,13.910771
1033,1034,6.522935
1033,1075,8.561824
1033,1124,14.16922
1034,1075,11.102056
1034,1124,11.47523
1035,1036,13.443502
1035,1077,13.593316
1035,1114,14.70777
1035,1115,14.413199
1036,1068,6.761448
1037,1097,12.8293085
1037,1098,12.757612
1037,1120,14.946891
1038,1063,7.763793
1038,1094,11.9571705
1039,1056,7.5346
1039,1089,14.241539
1039,1105,10.855393
1040,1059,13.018366
1040,1079,8.004445
1040,1083,11.2536
1040,1090,10.147447
1041,1044,8.093526
1041,1072,7.22521
1041,1073,9.0071125
1041,1121,14.626407
1042,1046,8.978793
1042,1055,10.7914505
1042,1074,7.1091404
1042,1078,12.206379
1042,1104,11.872748
1043,1111,14.209643
1044,1045,7.6044655
1044,1072,6.4392323
1045,1072,12.64407
1045,1087,13.441247
1045,1109,12.36184
1046,1065,8.588698
1046,1074,7.648554
1046,1078,6.8020024
1046,1113,12.724424
1047,1053,10.089396
1047,1076,8.857226
1047,1084,7.7385025
1048,1051,10.77219
1048,1080,8.670331
1048,1095,8.999413
1048,1106,13.740262
1049,1071,11.33614
1049,1086,7.9582524
1049,1112,14.884232
1050,1054,7.8837028
1050,1085,6.5843983
1050,1119,12.866983
1051,1087,9.509601
1051,1093,8.953854
1051,1095,13.315518
1051,1106,12.577983
1052,1067,13.387645
1053,1060,7.2103963
1053,1076,5.884648
1053,1084,11.095536
1053,1101,10.985965
1053,1126,14.077939
1054,1064,9.545187
1054,1085,8.465913
1054,1102,10.604625
1054,1119,10.993409
1054,1142,13.563121
1055,1066,10.876239
1055,1074,13.945775
1055,1091,9.980172
1055,1104,11.531008
1055,1118,11.746843
1056,1105,11.463937
1057,1100,7.844515
1058,1070,7.924643
1058,1088,13.312956
1058,1096,8.530923
1058,1103,13.081066
1059,1079,13.043105
1059,1090,7.6480474
1060,1076,10.932677
1060,1092,10.020615
1060,1101,7.799908
1061,1081,6.560703
1061,1110,13.407046
1061,1117,13.50008
1061,1129,12.057171
1062,1081,11.485821
1062,1117,11.675004
1062,1130,12.749652
1063,1094,7.3639336
1063,1123,11.386724
1064,1068,12.019037
1064,1102,8.69332
1064,1116,12.849134
1065,1074,13.7824745
1065,1078,8.455964
1065,1113,9.956358
1066,1091,6.352817
1066,1097,11.618512
1066,1118,12.47167
1066,1137,12.511669
1067,1099,7.9897995
1067,1150,14.954162
1068,1116,8.762071
1069,1073,10.954815
1069,1108,8.287216
1070,1080,13.171293
1070,1096,9.375453
1070,1103,6.7215214
1070,1149,14.930072
1071,1086,8.834791
1071,1100,14.952614
1071,1112,8.251612
1072,1073,10.910467
1072,1121,8.88444
1073,1121,12.159502
1074,1078,6.221455
1074,1104,7.811189
1074,1113,11.715559
1074,1122,9.671265
1074,1136,13.444307
1075,1124,9.530019
1075,1132,12.021852
1075,1134,8.928192
1076,1084,5.807492
1076,1101,10.310318
1076,1126,9.437163
1076,1127,11.364009
1077,1107,9.37211
1077,1114,8.380307
1077,1154,13.815107
1078,1104,12.30655
1078,1113,6.3486676
1078,1122,10.3609
1078,1156,11.727082
1079,1083,7.566673
1079,1090,6.0181437
1079,1135,9.483658
1079,1147,12.13359
1080,1095,6.521626
1080,1103,10.778677
1080,1106,13.089361
1080,1144,8.986956
1080,1149,12.903466
1081,1117,6.9703646
1081,1129,9.016019
1081,1130,13.865051
1081,1158,12.861287
1082,1098,12.039611
1082,1125,9.249723
1082,1133,8.119985
1082,1174,14.976036
1083,1090,13.576189
1083,1092,8.200896
1083,1135,8.70814
1084,1107,13.504978
1084,1126,10.608885
1084,1127,7.8501573
1084,1141,10.957252
1085,1102,14.88512
1085,1108,14.39856
1085,1119,6.607346
1085,1142,12.690964
1085,1143,11.353316
1085,1164,13.709394
1086,1112,7.6828365
1087,1093,6.615075
1087,1106,13.132894
1087,1109,9.330828
1087,1128,10.511734
1088,1096,13.016401
1088,1139,13.55296
1088,1161,12.625262
1089,1105,10.076361
1089,1131,7.555238
1089,1146,12.963743
1090,1135,13.25406
1090,1147,11.105815
1091,1097,12.787051
1091,1118,6.16323
1091,1137,7.9260397
1092,1101,8.810676
1092,1135,13.434643
1092,1151,11.7750225
1092,1176,13.392588
1093,1095,11.596966
1093,1106,6.518663
1093,1109,13.692499
1093,1128,8.105947
1093,1160,11.818809
1094,1123,7.3271127
1094,1138,9.85533
1094,1167,11.282004
1095,1106,6.602813
1095,1144,8.959252
1095,1160,12.860153
1096,1103,9.263318
1096,1139,7.0243735
1096,1149,14.409789
1096,1152,10.97652
1096,1190,14.61759
1097,1098,14.842698
1097,1120,12.168821
1097,1137,10.778317
1097,1145,8.099152
1097,1165,12.957332
1098,1120,5.1937656
1098,1133,12.619673
1098,1165,13.647368
1098,1174,14.346104
1099,1131,13.885138
1099,1146,9.569701
1099,1150,9.01121
1099,1175,12.6035185
1100,1112,14.908213
1100,1157,11.630562
1101,1126,8.650124
1101,1151,7.770153
1101,1176,13.787918
1101,1177,13.256356
1102,1116,11.11225
1102,1119,11.632016
1102,1142,8.045857
1103,1139,13.678307
1103,1144,12.37648
1103,1149,8.208854
1103,1152,9.980517
1104,1118,11.591684
1104,1122,6.785056
1104,1136,6.1301
1104,1180,12.731213
1105,1131,13.632091
1106,1128,10.236541
1106,1144,12.242557
1106,1160,7.850896
1107,1114,13.384761
1107,1127,12.934563
1107,1141,8.1841345
1107,1154,7.370278
1107,1178,12.189655
1108,1143,9.673512
1108,1155,8.845854
1109,1128,10.9772625
1109,1159,11.021775
1109,1196,14.664917
1110,1129,12.076741
1110,1172,12.012849
1110,1173,14.783754
1111,1153,13.697654
1111,1166,11.415246
1111,1169,9.98734
1112,1157,11.957323
1112,1170,11.350771
1113,1122,10.295699
1113,1156,6.4056497
1113,1162,13.738472
1114,1115,8.915112
1114,1148,9.649789
1114,1154,13.170559
1114,1171,11.373729
1115,1148,5.7315626
1115,1189,11.579449
1117,1129,9.540457
1117,1130,7.325588
1117,1158,7.6049643
1117,1173,14.081576
1117,1179,14.221159
1117,1197,14.076433
1118,1136,10.0117235
1118,1137,7.979101
1118,1183,14.225507
1118,1198,13.448704
1119,1142,6.592988
1119,1143,10.214424
1119,1164,9.010695
1119,1181,9.779649
1120,1133,14.513685
1120,1145,11.714341
1120,1165,8.473528
1120,1174,13.535836
1121,1159,12.768793
1121,1168,10.106362
1121,1182,9.8568125
1121,1209,14.974764
1122,1136,7.0936947
1122,1156,9.118767
1122,1180,8.372249
1122,1201,14.028899
1123,1138,14.262425
1123,1167,9.98061
1124,1132,6.797217
1124,1134,13.03425
1125,1133,7.0418963
1125,1163,8.124055
1125,1174,12.915706
1125,1210,14.8204155
1125,1217,14.643889
1126,1127,8.112816
1126,1141,13.997457
1126,1151,8.745181
1126,1177,8.256641
1126,1194,13.784649
1126,1207,14.212952
1127,1141,5.9170656
1127,1154,14.705958
1127,1177,13.165799
1127,1178,10.678317
1127,1194,10.270377
1128,1160,9.014457
1128,1196,12.23339
1129,1158,8.711863
1129,1172,13.598125
1129,1173,6.870189
1129,1200,13.314794
1130,1158,10.031921
1130,1162,11.395766
1130,1179,7.906488
1130,1197,11.250561
1130,1220,14.811045
1131,1146,6.9450655
1131,1175,13.904752
1131,1191,9.948864
1132,1134,10.119268
1132,1185,9.770019
1132,1206,11.866058
1133,1163,13.78926
1133,1174,7.211414
1133,1210,12.838781
1134,1140,10.570961
1134,1185,7.7000456
1134,1192,10.789912
1134,1206,14.251859
1135,1147,9.447519
1135,1188,10.124881
1135,1193,13.442384
1136,1180,7.982665
1136,1198,14.092604
1136,1201,11.065378
1137,1145,10.079918
1137,1183,8.3076935
1137,1198,13.322832
1138,1167,9.164002
1138,1186,9.647419
1139,1152,9.041295
1139,1161,9.823318
1139,1190,8.969661
1140,1184,7.5883937
1140,1185,14.686488
1140,1187,13.542903
1140,1192,10.248694
1140,1202,10.413445
1141,1154,8.796257
1141,1178,6.6008015
1141,1194,10.506748
1141,1208,13.728733
1142,1164,11.159391
1142,1181,7.204245
1143,1155,8.200538
1143,1164,6.692261
1143,1181,13.20308
1143,1212,12.281182
1144,1149,7.978135
1144,1152,14.631171
1144,1160,13.335544
1144,1195,11.458123
1145,1165,6.930487
1145,1183,9.638594
1146,1150,10.459769
1146,1175,7.4020452
1146,1191,7.8008738
1146,1222,14.998387
1147,1193,7.401941
1148,1171,12.047116
1148,1189,6.407071
1148,1215,10.7112
1149,1152,6.659302
1149,1190,13.210274
1149,1195,8.567473
1149,1232,13.895498
1150,1175,6.9835844
1150,1184,13.2231045
1150,1187,7.2891507
1150,1191,14.911278
1150,1222,11.424165
1151,1176,7.159694
1151,1177,7.2242975
1151,1207,10.72163
1151,1228,13.207625
1152,1190,7.112726
1152,1195,10.763598
1152,1232,11.737967
1153,1163,10.666067
1153,1166,5.9835773
1153,1169,13.437301
1153,1199,9.569597
1153,1229,12.041959
1154,1171,9.109833
1154,1178,7.8543253
1154,1208,8.838943
1154,1238,14.45197
1155,1164,12.915383
1155,1212,8.893471
1156,1162,12.530539
1156,1180,11.627535
1156,1205,9.815176
1156,1234,14.368373
1157,1170,6.7234097
1157,1211,9.592914
1157,1230,12.058116
1157,1236,14.80278
1158,1173,8.877316
1158,1179,12.66489
1158,1197,8.603007
1158,1200,12.777903
1158,1216,9.742362
1159,1182,9.212367
1159,1196,11.720094
1159,1209,13.064357
1159,1249,14.686767
1159,1257,14.347418
1160,1203,8.10667
1160,1244,14.111766
1161,1190,13.840874
1161,1204,12.634116
1161,1225,11.172847
1161,1241,14.736
1162,1179,6.903689
1162,1197,14.301809
1162,1220,12.008286
1162,1221,8.619678
1162,1234,11.694976
1163,1210,14.351032
1163,1217,10.066888
1163,1229,14.944062
1164,1181,6.846586
1164,1212,12.210896
1165,1183,14.3801155
1165,1213,13.710259
1166,1169,7.693655
1166,1199,4.9433084
1166,1229,11.443723
1166,1240,14.13653
1167,1186,13.16227
1167,1227,9.432174
1168,1182,8.366896
1168,1209,9.702554
1168,1219,8.166413
1168,1257,14.633739
1169,1199,8.36673
1169,1240,11.329744
1170,1211,10.492496
1170,1230,8.558782
1171,1178,14.715483
1171,1189,13.421174
1171,1208,9.53867
1171,1215,10.575905
1171,1238,10.158743
1171,1247,10.660223
1172,1173,9.819624
1172,1200,10.197919
1172,1204,8.087604
1172,1226,8.464462
1172,1250,14.245306
1173,1200,6.4471545
1173,1216,10.626595
1173,1226,11.341459
1173,1250,13.187153
1174,1210,8.456961
1174,1213,7.981011
1174,1217,14.707949
1174,1245,13.656483
1175,1187,10.157071
1175,1191,8.376437
1175,1222,7.7262244
1175,1262,13.334439
1176,1177,11.092042
1176,1188,8.505938
1176,1207,10.553511
1176,1228,9.100932
1177,1194,11.918088
1177,1207,5.961576
1177,1223,8.548436
1177,1228,11.452011
1177,1237,14.082507
1177,1263,14.611165
1178,1194,7.5571065
1178,1208,7.8801
1178,1237,12.063208
1178,1238,14.6721945
1178,1258,13.867272
1179,1197,7.5070834
1179,1220,7.534803
1179,1221,9.17946
1179,1234,14.83272
1179,1261,14.672066
1180,1198,14.671906
1180,1201,5.9807873
1180,1205,10.768222
1180,1233,8.627816
1181,1239,13.828751
1181,1264,13.902321
1182,1209,5.51087
1182,1219,11.147487
1182,1257,9.54235
1183,1198,9.945966
1183,1242,9.858178
1184,1187,7.459737
1184,1192,10.320277
1184,1202,5.907936
1184,1235,8.944388
1184,1252,12.831576
1185,1192,8.111845
1185,1202,14.312652
1185,1206,6.7856426
1185,1243,12.047259
1185,1255,13.577599
1186,1254,13.895441
1187,1202,12.202185
1187,1222,8.656892
1187,1235,11.912576
1187,1252,10.587599
1187,1262,14.402933
1188,1193,14.769646
1188,1228,13.126021
1188,1256,14.846422
1189,1215,6.3514576
1189,1231,9.0216055
1189,1247,13.326209
1189,1248,9.418179
1190,1195,13.349225
1190,1232,9.389387
1190,1241,10.737711
1191,1214,12.047836
1191,1222,12.874214
1192,1202,6.2008743
1192,1206,12.559563
1192,1235,11.264016
1192,1243,8.192715
1192,1267,13.045439
1192,1272,14.796127
1193,1218,14.310105
1193,1256,11.296051
1194,1207,14.139787
1194,1208,13.480386
1194,1223,8.1287985
1194,1237,6.3626194
1194,1258,13.435775
1194,1273,12.25007
1195,1224,9.114756
1195,1232,7.984527
1195,1274,11.628282
1196,1244,12.954033
1196,1249,10.982152
1197,1216,8.244507
1197,1220,6.7604756
1197,1221,13.094147
1197,1261,11.437626
1198,1201,10.271373
1198,1242,11.586088
1198,1259,11.001612
1198,1286,14.643333
1199,1229,8.376903
1199,1240,9.965458
1199,1271,11.831114
1200,1204,14.293406
1200,1216,8.47413
1200,1226,6.404671
1200,1250,6.740458
1200,1270,14.80109
1200,1291,13.902433
1201,1205,13.343492
1201,1233,6.7583137
1201,1259,9.439759
1202,1235,5.700024
1202,1243,9.841878
1202,1252,12.748132
1202,1267,10.233481
1202,1295,14.945556
1203,1224,8.975046
1203,1244,9.766809
1204,1225,8.0047865
1204,1226,8.71032
1204,1250,14.630308
1204,1270,9.903779
1205,1221,14.163632
1205,1233,8.496969
1205,1234,8.649365
1205,1282,12.303339
1206,1243,11.86177
1206,1246,9.110038
1206,1255,7.5603437
1206,1272,11.102293
1207,1223,7.1906323
1207,1228,6.2969217
1207,1237,13.525594
1207,1263,8.911992
1207,1268,12.900043
1207,1281,12.955691
1208,1237,14.912001
1208,1238,6.843411
1208,1247,13.171518
1208,1258,10.789552
1208,1287,13.732042
1209,1219,7.7152205
1209,1249,13.542253
1209,1257,4.982558
1209,1289,14.002189
1209,1294,13.68292
1210,1213,9.597001
1210,1217,7.503956
1210,1245,5.328327
1210,1292,13.500195
1211,1230,6.791739
1211,1236,6.4932623
1211,1277,10.237744
1212,1260,13.966872
1212,1269,9.965119
1212,1279,12.338002
1213,1245,12.594944
1213,1265,9.102886
1213,1292,14.440461
1214,1254,12.373941
1214,1276,9.756085
1215,1231,10.470108
1215,1238,13.214722
1215,1247,6.9967084
1215,1248,6.057814
1215,1278,14.611433
1216,1220,13.170427
1216,1226,14.254548
1216,1250,10.761434
1216,1261,13.687233
1216,1285,12.233293
1217,1229,14.010492
1217,1245,6.8576775
1219,1257,10.831239
1219,1260,10.275753
1219,1289,11.59248
1220,1221,7.156997
1220,1234,13.135197
1220,1261,7.160583
1221,1234,6.2134295
1221,1261,11.668548
1222,1252,8.701092
1222,1262,6.472402
1222,1283,14.827825
1223,1228,12.730195
1223,1237,6.347642
1223,1263,10.169514
1223,1273,9.864333
1223,1281,9.600458
1224,1232,13.689712
1224,1274,9.490168
1224,1314,14.602516
1225,1241,9.000993
1225,1270,12.3209715
1226,1250,6.286514
1226,1270,8.903656
1226,1291,11.708066
1227,1251,6.6846294
1227,1266,6.9585547
1227,1301,13.632077
1228,1263,8.339442
1228,1268,7.86665
1228,1281,14.838886
1229,1240,14.428386
1229,1271,6.6915283
1230,1236,12.221697
1230,1277,11.889331
1231,1248,6.985631
1231,1253,14.811989
1231,1278,8.19947
1231,1288,12.346473
1232,1241,13.723659
1232,1274,9.395952
1232,1280,10.756978
1233,1259,10.637083
1233,1282,12.942825
1233,1298,12.898138
1234,1282,11.4346485
1234,1300,13.36202
1235,1243,11.048036
1235,1252,7.847462
1235,1267,6.9189434
1235,1283,9.63859
1235,1295,10.10429
1236,1246,12.072966
1236,1277,7.5916176
1237,1258,9.774326
1237,1263,14.167451
1237,1273,5.9081244
1237,1281,10.048764
1237,1304,13.173266
1237,1305,13.4971485
1238,1247,7.252827
1238,1258,11.265278
1238,1287,8.630182
1238,1297,10.843678
1239,1253,6.1921234
1239,1264,10.171032
1239,1275,7.154255
1239,1293,9.339058
1239,1303,13.976582
1240,1271,12.586429
1241,1280,10.986354
1242,1286,10.017507
1243,1255,11.335561
1243,1267,7.8930683
1243,1272,7.5234494
1243,1295,13.286136
1243,1302,10.830296
1244,1284,12.231033
1244,1299,10.947144
1245,1292,9.755367
1246,1255,6.3167887
1246,1272,12.056644
1246,1315,13.101359
1247,1248,9.082403
1247,1287,11.93497
1247,1297,10.493018
1247,1322,14.184113
1248,1278,8.620065
1248,1319,14.023006
1248,1320,14.139235
1249,1257,9.4127865
1249,1284,11.401525
1249,1290,7.333546
1249,1294,12.989936
1250,1270,10.521471
1250,1285,14.149996
1250,1291,7.162027
1250,1308,11.944537
1251,1266,5.1060147
1251,1301,11.501575
1252,1262,8.765992
1252,1267,12.259955
1252,1283,6.7674923
1252,1295,11.629069
1252,1328,14.547574
1253,1275,5.2410264
1253,1288,9.784639
1253,1293,10.885352
1253,1303,10.181047
1254,1276,9.924415
1254,1310,14.697428
1254,1327,13.537124
1255,1272,5.818163
1255,1302,13.525129
1255,1315,13.688158
1257,1289,12.251242
1257,1290,11.425472
1257,1294,9.65791
1258,1273,8.769126
1258,1287,9.70372
1258,1304,14.250416
1258,1305,9.857545
1258,1329,14.653132
1258,1341,14.859387
1259,1286,10.140931
1259,1298,13.237532
1259,1325,12.441205
1260,1269,9.989528
1260,1289,11.332759
1260,1307,11.660004
1261,1285,9.768504
1261,1300,14.314668
1261,1309,8.119612
1262,1283,12.231335
1262,1311,11.259611
1263,1268,7.7906294
1263,1273,13.051398
1263,1281,6.971826
1263,1304,12.502452
1263,1312,13.477029
1263,1323,11.318185
1264,1275,12.091764
1264,1279,10.299354
1264,1293,7.6188626
1264,1296,8.275512
1264,1306,8.376855
1265,1292,10.238771
1265,1317,10.408316
1265,1318,10.828728
1266,1301,7.054569
1267,1272,12.712175
1267,1283,9.53233
1267,1295,5.6527095
1267,1302,10.155937
1267,1321,9.937176
1268,1281,14.274065
1268,1312,7.454768
1268,1323,14.277337
1269,1279,9.112346
1269,1296,14.195553
1269,1307,8.274786
1269,1333,13.070861
1270,1291,9.715526
1270,1316,14.6365595
1270,1326,12.037198
1272,1302,8.004944
1273,1281,6.680585
1273,1304,7.5254974
1273,1305,7.9646225
1273,1323,14.425466
1273,1339,13.412175
1274,1280,12.099833
1274,1313,8.498619
1274,1314,13.062238
1275,1288,10.285122
1275,1293,6.122456
1275,1303,6.8622837
1275,1306,13.857667
1275,1355,14.615005
1276,1327,13.072953
1277,1335,11.142959
1278,1288,7.704664
1278,1303,14.758602
1278,1319,11.977154
1278,1320,7.868111
1278,1342,14.20116
1278,1354,14.597292
1279,1296,6.511932
1279,1306,12.462139
1279,1307,14.419687
1279,1333,12.559726
1280,1313,12.925611
1280,1331,10.0788765
1281,1304,6.215651
1281,1305,11.351728
1281,1323,9.344547
1281,1339,12.470694
1282,1298,9.559543
1282,1300,9.861983
1283,1295,6.050722
1283,1321,10.4423895
1283,1328,8.319447
1284,1290,11.013701
1284,1299,13.600212
1284,1330,10.743469
1284,1359,11.9096365
1285,1291,13.68008
1285,1308,8.332168
1285,1309,8.222626
1285,1340,9.967807
1285,1345,14.087361
1285,1361,14.0999975
1286,1325,10.605544
1286,1351,11.612816
1287,1297,5.4011564
1287,1305,14.57558
1287,1322,11.290593
1287,1329,7.242595
1287,1341,14.902157
1288,1303,7.191115
1288,1320,11.12554
1288,1342,10.610254
1289,1294,7.1943493
1289,1324,11.386176
1289,1350,12.216962
1290,1294,8.413942
1290,1324,9.438465
1290,1336,10.023168
1290,1359,13.806391
1291,1308,7.392157
1291,1326,14.761446
1291,1344,10.679031
1291,1345,12.479049
1292,1318,6.7540135
1292,1356,11.74352
1293,1296,12.341487
1293,1303,9.929536
1293,1306,7.7758346
1293,1343,11.3596525
1293,1355,13.415932
1294,1324,6.495655
1294,1336,11.443
1294,1350,12.338052
1295,1302,11.156319
1295,1321,5.6094756
1295,1328,9.466446
1295,1357,13.723826
1296,1306,6.2196164
1296,1333,10.613234
1296,1343,14.119099
1296,1349,10.049959
1297,1319,11.475407
1297,1322,6.177909
1297,1329,7.1328654
1298,1325,11.819054
1298,1334,7.557066
1299,1314,8.980584
1299,1330,8.493422
1299,1337,7.7285547
1299,1370,14.074081
1300,1309,13.67789
1300,1362,12.625364
1300,1363,11.446921
1300,1364,12.320961
1301,1310,10.337509
1301,1346,9.610061
1301,1352,13.418473
1302,1321,9.547999
1302,1357,10.440978
1303,1342,9.862671
1303,1343,13.745655
1303,1355,9.617117
1304,1305,6.5334744
1304,1323,7.8404484
1304,1339,6.5082264
1304,1341,12.00841
1304,1353,14.857729
1304,1373,12.974753
1305,1323,13.941804
1305,1329,14.713425
1305,1339,8.125545
1305,1341,7.262253
1305,1385,14.663004
1306,1333,14.207454
1306,1343,8.456718
1306,1349,9.389559
1306,1355,14.605036
1307,1333,9.403983
1307,1358,8.876884
1308,1309,14.769574
1308,1340,11.691932
1308,1344,11.735888
1308,1345,7.510173
1308,1361,10.737892
1308,1372,12.530917
1309,1340,7.488008
1309,1361,14.623953
1309,1362,11.261724
1309,1374,12.529012
1309,1375,14.4618225
1310,1327,12.19373
1310,1346,14.568755
1310,1352,8.516186
1311,1347,10.98589
1311,1348,8.007984
1311,1369,9.668807
1312,1323,13.924591
1312,1353,12.18411
1312,1366,11.469633
1313,1314,10.627801
1313,1360,11.397684
1313,1367,10.586991
1314,1337,10.187654
1314,1360,9.801674
1314,1370,12.345403
1315,1392,12.920145
1316,1326,7.8114305
1316,1331,10.20683
1316,1368,14.748237
1316,1371,11.181367
1317,1318,10.199985
1317,1338,6.9156795
1317,1377,12.791019
1318,1356,11.151098
1318,1377,13.95567
1318,1381,12.923543
1319,1320,6.991792
1319,1322,6.2750497
1319,1354,6.3874397
1320,1322,13.259595
1320,1342,10.12774
1320,1354,6.911064
1321,1328,8.91762
1321,1357,8.273501
1322,1329,9.045149
1322,1354,11.063482
1323,1339,8.7628
1323,1353,7.3400354
1323,1366,13.733915
1323,1373,10.071546
1324,1336,5.7148323
1324,1350,8.507033
1324,1359,14.876773
1324,1396,12.660929
1325,1334,6.8628497
1325,1351,9.29103
1325,1376,10.959135
1326,1344,9.746144
1326,1371,9.172343
1326,1403,14.720729
1327,1352,13.994829
1327,1382,12.92597
1328,1348,11.954158
1328,1357,14.894175
1329,1341,11.43585
1329,1402,13.899919
1330,1337,6.63264
1330,1359,11.124312
1330,1370,12.668347
1330,1413,14.764604
1331,1368,7.989041
1331,1397,13.986507
1332,1388,9.669752
1333,1349,8.229375
1333,1358,8.7633
1333,1387,10.604834
1333,1395,12.980517
1334,1351,14.9248295
1334,1376,11.687623
1334,1394,14.848954
1335,1384,9.628906
1335,1392,12.374904
1336,1350,11.827288
1336,1359,9.428703
1336,1396,10.964285
1336,1400,12.655229
1337,1360,12.382536
1337,1370,6.8835464
1337,1413,12.729294
1338,1377,12.457535
1338,1405,14.936113
1338,1406,14.006869
1339,1341,8.811442
1339,1353,13.261748
1339,1373,7.4918675
1339,1385,11.08637
1339,1401,11.624876
1340,1345,11.3716135
1340,1361,7.3108
1340,1362,11.262424
1340,1372,14.651241
1340,1374,8.2565565
1340,1375,7.3325562
1340,1404,14.917195
1341,1373,14.277748
1341,1385,8.3161
1341,1401,14.383891
1341,1402,14.675212
1342,1354,12.70474
1342,1355,10.7118845
1342,1386,8.563048
1343,1349,10.356034
1343,1355,7.590768
1343,1389,11.356702
1343,1399,11.638755
1344,1345,9.064542
1344,1361,14.693086
1344,1371,14.315768
1344,1372,9.300261
1344,1380,8.662428
1344,1410,12.171363
1345,1361,5.778781
1345,1372,5.1108317
1345,1375,11.099876
1345,1380,10.3274975
1345,1404,11.865478
1346,1352,11.052241
1346,1378,7.938012
1346,1415,13.59565
1347,1348,12.767858
1347,1369,5.9347816
1347,1427,14.827974
1348,1369,7.657914
1349,1387,9.7228985
1349,1389,8.896611
1350,1396,9.881472
1351,1376,9.651344
1352,1378,7.4806848
1352,1382,9.207882
1352,1408,10.496701
1352,1415,12.307096
1353,1366,6.7262063
1353,1373,9.554811
1353,1409,11.552535
1353,1429,14.571116
1355,1386,10.555794
1355,1399,9.362806
1355,1422,14.091885
1356,1379,7.3688254
1356,1381,11.62855
1357,1391,10.292266
1358,1387,10.679555
1358,1390,7.9509068
1358,1395,7.9723783
1359,1400,11.428763
1359,1412,11.613478
1360,1367,8.958109
1360,1370,8.393402
1360,1417,11.712248
1360,1434,14.265451
1361,1372,7.502456
1361,1374,11.243969
1361,1375,5.3549294
1361,1380,13.499028
1361,1404,8.891547
1362,1363,11.936087
1362,1364,6.510291
1362,1374,6.499907
1362,1375,12.798165
1362,1393,11.611309
1362,1398,7.878318
1362,1419,13.603574
1363,1364,6.0079865
1363,1393,7.899178
1363,1394,10.86594
1363,1398,14.488333
1363,1419,14.960787
1364,1374,11.924054
1364,1393,6.1129417
1364,1398,8.807335
1364,1419,11.167047
1365,1379,11.6874695
1365,1407,7.667471
1365,1411,12.792139
1365,1441,14.68527
1366,1373,14.981441
1366,1409,12.9271145
1366,1429,12.943128
1367,1418,14.155975
1367,1434,12.023382
1368,1371,14.239099
1368,1397,6.265893
1368,1418,11.646063
1368,1423,12.546914
1369,1427,14.677517
1370,1413,9.261368
1370,1417,9.987386
1370,1442,14.08974
1371,1397,13.558271
1371,1403,7.4306273
1371,1410,13.057152
1371,1423,12.086979
1371,1444,14.996764
1372,1375,11.603852
1372,1380,6.0173087
1372,1404,8.664871
1372,1410,10.957102
1373,1385,11.582258
1373,1401,6.8091536
1373,1409,8.683634
1373,1429,14.513275
1373,1433,13.735778
1373,1435,11.510586
1374,1375,6.565948
1374,1398,7.078093
1374,1404,13.917402
1374,1419,13.83594
1374,1439,13.089639
1375,1398,12.487825
1375,1404,8.220002
1375,1439,11.344563
1376,1431,10.021182
1377,1381,8.711592
1377,1406,8.74709
1377,1414,8.889533
1377,1421,14.055191
1378,1382,12.363438
1378,1408,9.494744
1378,1415,6.374703
1378,1432,14.56231
1379,1381,11.126648
1379,1414,14.528317
1379,1421,10.553471
1379,1448,13.649053
1380,1403,11.721789
1380,1404,11.931535
1380,1410,5.0860033
1380,1444,14.755242
1381,1414,5.5265603
1381,1421,7.151002
1381,1448,12.690339
1382,1408,5.8885174
1382,1415,12.595334
1382,1424,7.0978265
1382,1426,10.733273
1382,1453,14.032027
1383,1391,6.3855333
1383,1392,13.343991
1383,1416,7.649869
1383,1443,14.910244
1384,1392,6.550401
1384,1443,14.763646
1384,1449,14.385531
1384,1454,13.649663
1385,1401,7.898446
1385,1402,12.05508
1385,1430,8.892811
1385,1433,8.911935
1385,1435,14.463108
1386,1399,10.503121
1386,1422,8.414802
1386,1436,10.539863
1387,1389,9.134422
1387,1390,13.37889
1387,1395,6.364691
1387,1425,6.4923453
1387,1446,12.164637
1388,1407,12.919269
1388,1411,7.8723197
1388,1437,10.025124
1388,1441,14.779743
1389,1399,12.9779825
1389,1425,10.637255
1389,1446,12.820215
1389,1466,13.109069
1390,1395,7.254565
1390,1425,14.585056
1390,1456,12.494711
1390,1461,14.691132
1391,1416,12.824656
1392,1416,10.044115
1392,1443,12.7616
1393,1394,11.477291
1393,1398,9.242887
1393,1419,7.251171
1393,1470,14.17238
1395,1425,7.889958
1395,1446,13.455457
1395,1461,12.480022
1396,1400,9.838691
1396,1450,13.25774
1397,1418,8.413594
1397,1423,6.852679
1398,1419,6.785265
1398,1439,12.858088
1398,1459,12.708248
1398,1472,14.398934
1399,1422,7.1252813
1399,1466,9.0474205
1399,1468,14.878941
1400,1412,9.352657
1400,1447,9.791077
1400,1450,9.897251
1401,1409,9.171269
1401,1429,14.777167
1401,1430,12.542744
1401,1433,6.9306927
1401,1435,7.2197385
1401,1479,14.774209
1402,1430,9.038009
1402,1455,12.677093
1403,1410,7.5560646
1403,1423,11.287891
1403,1444,7.787118
1404,1410,14.971311
1404,1439,8.803974
1404,1459,14.333509
1405,1406,7.0888987
1405,1420,7.16633
1405,1445,7.5908904
1405,1452,14.48103
1406,1414,13.676821
1406,1420,14.074884
1406,1445,7.7975144
1407,1411,5.983271
1407,1437,13.364482
1407,1441,7.336546
1407,1477,14.671035
1408,1415,7.252944
1408,1424,6.0401244
1408,1426,12.22856
1408,1453,8.973583
1408,1462,13.051524
1409,1429,6.002139
1409,1433,13.917104
1409,1435,6.7012687
1409,1465,12.719438
1410,1444,9.69397
1411,1437,8.029075
1411,1441,7.233382
1412,1413,9.698576
1412,1447,9.692293
1412,1451,11.214223
1412,1476,14.62022
1413,1417,11.108565
1413,1442,8.065144
1413,1451,10.588578
1413,1469,14.242353
1414,1421,5.652369
1414,1448,9.875959
1414,1474,12.265887
1415,1424,12.510862
1415,1432,12.747549
1415,1453,9.717994
1416,1443,7.3201275
1417,1434,9.261472
1417,1442,8.664478
1417,1469,11.68887
1417,1471,11.324595
1418,1423,12.533438
1418,1434,13.475783
1418,1457,11.132312
1419,1459,12.396784
1419,1470,9.558346
1419,1472,10.800564
1419,1498,14.97352
1419,1502,14.922693
1420,1431,11.5792675
1420,1445,11.114717
1420,1452,7.8555555
1421,1448,5.5635424
1421,1474,12.62898
1422,1436,8.368339
1422,1466,10.234028
1422,1468,8.4972315
1422,1484,14.14201
1422,1491,13.049397
1423,1444,12.911144
1424,1426,6.429526
1424,1438,14.548657
1424,1453,8.701798
1424,1462,8.008365
1424,1494,14.178552
1425,1446,5.9472504
1425,1461,10.437113
1426,1427,14.218946
1426,1438,8.13177
1426,1453,13.753777
1426,1462,8.022134
1426,1463,13.924373
1426,1494,14.269617
1427,1438,6.5183606
1427,1463,7.5614824
1427,1464,9.731935
1428,1464,10.869521
1428,1492,12.276798
1429,1435,9.873578
1429,1458,12.171034
1429,1465,7.2264214
1429,1486,12.879634
1429,1489,12.006274
1429,1507,14.771412
1430,1433,7.276766
1430,1475,11.042583
1431,1452,7.427641
1433,1435,8.375988
1433,1475,14.790737
1433,1479,10.565299
1434,1457,7.2196093
1434,1471,11.017643
1435,1465,13.779182
1435,1479,9.419141
1436,1440,14.554154
1436,1468,7.5556626
1436,1481,9.489303
1436,1484,8.616111
1436,1491,13.289541
1437,1441,9.621678
1437,1488,8.983808
1438,1462,13.147239
1438,1463,6.7461977
1438,1464,13.986065
1439,1459,5.536937
1439,1472,11.861034
1439,1497,12.77353
1439,1510,14.552781
1440,1455,10.410228
1440,1480,12.77965
1440,1481,11.149166
1440,1490,10.164878
1441,1477,8.452818
1441,1488,12.337344
1441,1503,12.516154
1442,1451,8.271286
1442,1469,6.193982
1442,1471,11.51047
1442,1476,14.031778
1442,1495,11.735307
1442,1517,14.216704
1443,1449,14.210653
1443,1454,9.140995
1444,1496,10.356799
1446,1461,9.901701
1446,1485,11.027357
1446,1528,14.852188
1447,1450,7.5798945
1447,1451,10.532166
1447,1476,8.871843
1447,1487,8.233756
1447,1500,11.848948
1448,1474,10.014821
1449,1454,5.1753287
1450,1476,14.962319
1450,1487,8.358823
1451,1469,10.640006
1451,1476,6.297132
1451,1487,14.822034
1451,1495,9.45957
1451,1500,11.029062
1451,1517,14.612317
1452,1515,14.28383
1453,1462,8.831878
1453,1494,11.23227
1453,1516,11.697116
1455,1475,11.290596
1455,1480,5.469098
1455,1490,12.785774
1456,1461,12.225292
1456,1482,6.6214266
1456,1499,13.00701
1456,1514,14.741117
1457,1471,11.667032
1457,1501,12.958989
1457,1504,9.461547
1457,1526,13.877756
1458,1460,5.882594
1458,1465,8.250703
1458,1486,5.268314
1458,1489,10.556158
1458,1493,14.593353
1458,1512,13.029564
1458,1518,11.827903
1458,1531,14.013833
1459,1472,6.361319
1459,1497,11.422445
1459,1502,11.278651
1459,1510,10.61712
1460,1465,14.074594
1460,1486,9.61985
1460,1493,9.415461
1460,1512,9.72734
1460,1518,10.969578
1461,1482,11.544304
1461,1514,11.92496
1462,1494,6.514965
1462,1516,11.555771
1463,1464,8.940896
1463,1524,11.016129
1464,1492,10.9069805
1464,1524,12.701365
1464,1535,13.219595
1465,1486,6.34465
1465,1489,5.0765862
1465,1507,9.351475
1465,1531,13.064361
1465,1532,12.533036
1466,1468,12.682606
1466,1485,10.279456
1466,1491,12.712577
1466,1513,14.442087
1467,1478,13.346923
1467,1483,7.5636563
1467,1505,7.777363
1467,1508,13.767424
1467,1549,14.417978
1468,1481,11.927489
1468,1484,6.7085557
1468,1491,5.818649
1468,1513,12.240219
1468,1519,14.475976
1468,1536,13.336997
1469,1471,7.440777
1469,1476,14.324267
1469,1495,8.098602
1469,1517,8.522475
1469,1520,10.020398
1469,1550,13.957319
1470,1472,9.578646
1470,1498,5.5164475
1470,1502,9.597582
1470,1541,13.005132
1471,1495,14.382774
1471,1517,11.836203
1471,1520,9.24639
1471,1526,11.808723
1472,1497,13.841393
1472,1498,11.65958
1472,1502,5.5460243
1472,1510,9.640711
1472,1541,13.746892
1473,1515,14.483096
1473,1522,9.5975
1474,1511,9.437398
1474,1547,12.31242
1475,1480,10.669257
1475,1527,11.790847
1475,1533,9.691728
1476,1487,9.461104
1476,1495,8.972929
1476,1500,4.926442
1476,1517,14.636708
1476,1525,13.80505
1476,1538,10.208651
1477,1488,12.895197
1477,1503,6.569338
1477,1530,9.680365
1478,1483,8.138887
1478,1506,7.1812534
1478,1508,6.6687813
1479,1507,11.875259
1479,1523,7.988274
1480,1490,10.3557205
1480,1527,11.543008
1480,1543,9.815461
1480,1545,13.263891
1481,1484,6.18504
1481,1490,8.06319
1481,1519,8.531543
1481,1536,14.5680485
1481,1552,13.822528
1482,1499,10.521467
1482,1514,8.615923
1482,1534,9.471674
1482,1537,14.358257
1483,1505,8.6972475
1483,1506,13.276695
1483,1508,6.2598147
1483,1549,12.081607
1483,1572,12.950369
1484,1490,13.660832
1484,1491,9.102243
1484,1513,14.866026
1484,1519,8.167033
1484,1536,10.246196
1485,1513,11.929108
1485,1528,9.342909
1486,1489,6.0181327
1486,1507,11.418891
1486,1512,12.714985
1486,1518,9.540011
1486,1531,9.059301
1486,1532,11.9387045
1487,1500,8.375227
1487,1525,8.510255
1487,1538,12.605143
1488,1503,9.506136
1488,1542,10.24146
1489,1507,5.483386
1489,1518,13.5503845
1489,1531,8.646479
1489,1532,7.527334
1490,1519,10.841127
1490,1543,12.848931
1490,1545,10.057061
1490,1552,10.560838
1491,1513,6.486957
1491,1519,14.457207
1491,1536,10.017535
1491,1563,13.114972
1492,1505,12.259066
1492,1535,9.401864
1492,1555,10.230063
1493,1512,5.498168
1493,1518,10.397954
1494,1516,6.226601
1494,1548,12.850197
1494,1571,12.974615
1495,1500,9.792338
1495,1517,5.697728
1495,1520,10.960337
1495,1538,10.596167
1495,1550,10.657206
1496,1521,14.843733
1496,1546,10.670913
1496,1566,14.266129
1497,1502,14.70611
1497,1509,7.8567486
1497,1510,6.609073
1497,1539,6.046257
1498,1502,8.711895
1498,1522,13.170031
1498,1541,8.291575
1498,1573,14.920468
1499,1534,10.085338
1499,1537,6.497314
1499,1554,9.876867
1500,1517,14.705257
1500,1525,9.55591
1500,1538,5.706897
1500,1565,10.673564
1501,1504,5.5619307
1501,1521,8.766346
1501,1526,14.729254
1501,1553,8.69088
1501,1580,14.8174095
1501,1585,14.9346895
1502,1510,8.593809
1502,1539,14.346516
1502,1541,8.301118
1503,1530,6.2068815
1503,1542,9.582808
1503,1560,14.935787
1503,1570,12.136835
1504,1521,14.199411
1504,1526,9.646333
1504,1553,11.353226
1504,1584,14.98066
1505,1508,13.78789
1505,1549,7.0092974
1505,1555,14.169708
1505,1579,13.597941
1506,1508,8.075612
1507,1523,12.105774
1507,1531,10.428227
1507,1532,5.1344013
1507,1562,11.902816
1507,1574,12.13668
1508,1549,14.440768
1508,1572,9.683765
1509,1510,14.044936
1509,1539,10.267345
1509,1566,14.239864
1509,1577,12.016023
1510,1539,6.143489
1510,1541,13.933834
1511,1529,8.418037
1511,1547,6.8674746
1511,1556,7.4721603
1512,1518,5.054897
1512,1531,13.354526
1512,1568,12.338021
1513,1536,10.931594
1513,1563,9.16287
1514,1534,8.140325
1514,1595,14.605445
1515,1544,12.581924
1515,1559,8.077747
1516,1548,6.845689
1516,1571,11.179084
1517,1520,5.5467463
1517,1538,13.622444
1517,1550,5.7276125
1517,1583,13.893025
1518,1531,8.300787
1518,1532,14.964159
1518,1568,8.555788
1519,1536,8.221946
1519,1545,12.938851
1519,1552,7.9830546
1519,1578,13.921728
1519,1589,14.611448
1520,1526,9.965319
1520,1550,6.3125753
1520,1583,11.8787775
1521,1546,9.500665
1521,1553,8.8345
1521,1580,11.871967
1521,1587,13.432284
1522,1558,7.1842937
1522,1573,10.83728
1523,1532,14.374872
1523,1533,11.632235
1523,1562,8.602325
1523,1569,12.737001
1523,1593,14.543147
1524,1535,9.610842
1524,1567,8.543573
1525,1538,9.2844305
1525,1554,13.01588
1525,1564,9.900016
1525,1565,9.073514
1525,1590,11.464934
1526,1550,14.442299
1526,1583,14.343737
1526,1584,11.954122
1526,1591,12.4278755
1527,1533,8.578292
1527,1543,6.0324745
1527,1545,12.878302
1527,1561,6.583832
1527,1569,12.144173
1527,1575,11.293404
1529,1544,14.088588
1529,1547,12.610783
1529,1556,7.815245
1529,1581,12.490806
1529,1586,10.396639
1530,1542,11.545628
1530,1560,8.827872
1530,1570,7.670288
1531,1532,6.8296313
1531,1568,7.573458
1531,1574,10.868095
1532,1562,10.677007
1532,1568,13.163692
1532,1574,7.659828
1533,1543,14.515911
1533,1561,7.6206307
1533,1569,7.7532845
1533,1593,13.732571
1534,1537,8.657265
1534,1554,14.073983
1534,1582,12.013007
1534,1596,12.702085
1535,1555,7.136033
1535,1567,14.511706
1536,1552,14.412891
1536,1563,8.381662
1536,1589,9.951808
1537,1554,5.4988627
1537,1564,13.564599
1537,1582,9.308976
1538,1550,14.840486
1538,1565,5.467316
1538,1590,13.381561
1538,1594,11.03202
1539,1577,11.757704
1539,1600,13.548634
1540,1548,13.563219
1541,1573,12.462261
1542,1570,10.902618
1542,1597,9.780093
1543,1545,6.936708
1543,1552,12.735967
1543,1561,11.644091
1543,1575,7.298056
1543,1578,11.667683
1544,1559,9.309324
1544,1581,10.418415
1545,1552,5.8114185
1545,1575,6.126385
1545,1578,6.2967095
1546,1553,14.783859
1546,1566,14.597735
1546,1580,13.306131
1546,1587,9.580183
1546,1599,11.563259
1547,1556,6.3332787
1547,1557,12.945174
1547,1576,8.584592
1547,1586,14.53199
1548,1571,10.5763445
1548,1598,10.451424
1549,1555,12.493115
1549,1572,11.222983
1549,1579,6.8395305
1550,1583,8.327556
1550,1594,14.583354
1551,1588,9.244919
1552,1575,10.203036
1552,1578,6.1962132
1553,1580,6.306528
1553,1584,11.422275
1553,1585,7.1812897
1553,1587,12.114978
1553,1603,11.183082
1554,1564,8.3997345
1554,1582,10.260757
1556,1576,12.607862
1556,1581,14.868209
1556,1586,8.532515
1557,1560,9.413947
1557,1576,7.818674
1557,1601,9.626423
1558,1573,8.6908655
1559,1604,10.507666
1560,1570,9.710666
1560,1601,11.170293
1561,1569,6.3078523
1561,1575,13.932719
1561,1593,11.7081785
1561,1613,14.186573
1561,1616,13.878112
1562,1569,14.435761
1562,1574,8.436487
1562,1593,12.266004
1562,1602,9.990273
1562,1605,13.007292
1563,1589,9.055582
1564,1565,13.997971
1564,1582,13.2502
1564,1590,9.1486025
1564,1615,13.751437
1564,1619,12.874131
1565,1590,8.153428
1565,1594,7.322778
1566,1577,10.769688
1566,1592,9.433417
1566,1599,11.85522
1566,1608,11.012391
1567,1609,14.564719
1567,1610,12.9320545
1568,1574,12.990271
1568,1618,14.821919
1569,1593,6.243604
1569,1602,12.483513
1569,1613,11.171805
1570,1597,12.671678
1571,1598,10.728153
1571,1609,12.678938
1572,1579,8.082798
1573,1606,9.02864
1574,1602,14.109859
1574,1605,7.914986
1574,1618,14.552903
1575,1578,5.8361883
1576,1601,10.683992
1576,1614,12.525201
1576,1624,12.500813
1577,1592,4.904225
1577,1600,12.13353
1577,1608,13.990402
1577,1632,14.627437
1578,1607,13.479065
1580,1584,12.783591
1580,1585,6.5603857
1580,1587,6.8476768
1580,1603,6.0789375
1580,1611,14.378294
1580,1627,13.168394
1581,1586,7.625585
1581,1617,10.781019
1582,1596,11.4115
1582,1615,10.656922
1583,1591,9.298354
1583,1626,11.835007
1583,1631,14.554376
1584,1585,6.2669983
1584,1591,6.8282127
1584,1603,11.69978
1584,1611,8.00223
1584,1627,14.5920315
1585,1587,13.163569
1585,1591,12.883357
1585,1603,6.453061
1585,1611,9.206537
1585,1627,11.836598
1586,1617,11.025973
1586,1621,13.737236
1586,1623,10.975038
1587,1599,10.226417
1587,1603,9.68121
1587,1629,11.279296
1588,1612,7.7899423
1588,1644,14.821077
1589,1607,10.055312
1590,1594,10.319505
1590,1619,9.989375
1590,1646,14.310765
1591,1611,9.575034
1591,1626,9.793701
1591,1641,14.638355
1592,1600,13.965854
1592,1608,9.207023
1592,1632,10.290211
1592,1634,13.90219
1593,1602,6.6346135
1593,1613,6.809447
1594,1646,14.691895
1595,1596,9.194762
1595,1625,11.325513
1595,1628,11.444651
1596,1628,12.252928
1598,1643,12.461493
1599,1608,9.856668
1599,1629,11.583187
1600,1620,6.793201
1600,1622,12.18943
1600,1634,12.32414
1601,1614,6.890021
1601,1624,12.353897
1601,1635,10.725047
1602,1605,12.398522
1602,1613,9.574059
1602,1648,12.465087
1603,1611,9.791781
1603,1627,7.1003475
1603,1629,13.263891
1603,1641,14.5725355
1603,1667,14.620904
1605,1618,8.9700985
1606,1622,14.709633
1606,1637,9.637912
1606,1657,14.877586
1606,1659,13.902937
1607,1636,14.855989
1607,1653,12.190082
1608,1632,8.2079
1608,1656,10.558934
1609,1610,13.01432
1609,1643,13.124077
1609,1647,9.347098
1610,1647,11.201522
1611,1626,12.037458
1611,1627,8.315147
1611,1641,7.3985705
1611,1667,14.074273
1612,1642,12.750022
1612,1644,8.196815
1612,1662,10.480229
1612,1666,14.89331
1613,1616,10.549009
1613,1648,10.480509
1613,1649,14.081589
1613,1672,13.2905855
1614,1621,14.782916
1614,1624,6.5781035
1614,1635,8.338955
1614,1660,9.056767
1614,1674,11.906047
1614,1682,14.436475
1615,1619,10.873021
1615,1664,12.475121
1616,1630,12.242877
1616,1649,6.707922
1616,1672,14.364263
1617,1621,13.391253
1617,1623,7.4167423
1617,1658,9.209647
1617,1681,13.825139
1617,1686,13.249868
1618,1645,10.305636
1618,1676,11.907945
1618,1683,14.082685
1619,1646,11.291389
1619,1664,9.878317
1620,1622,9.681563
1620,1634,8.157092
1620,1665,9.566311
1620,1668,12.554798
1621,1623,5.9873896
1621,1624,8.276285
1621,1658,10.055824
1621,1660,14.061645
1621,1673,10.594274
1622,1659,9.257236
1622,1668,13.131133
1623,1624,14.262579
1623,1658,6.750423
1623,1673,13.65072
1623,1681,13.369206
1624,1635,13.937916
1624,1660,8.229595
1624,1673,11.120872
1624,1674,14.810869
1624,1682,14.549722
1625,1628,9.190669
1625,1655,8.600606
1625,1663,9.301275
1626,1631,10.2860155
1626,1641,11.305947
1626,1671,9.524894
1627,1629,13.254603
1627,1641,9.039079
1627,1667,7.75984
1627,1679,13.662628
1628,1655,6.4996896
1628,1663,14.45218
1628,1677,14.795507
1628,1687,11.8225765
1629,1667,14.745158
1629,1684,11.89602
1630,1649,11.493622
1630,1653,8.418005
1630,1680,11.579364
1631,1650,7.901865
1631,1671,13.719412
1631,1693,14.217373
1631,1694,13.744313
1632,1634,8.139738
1632,1656,8.6021595
1632,1665,13.198624
1633,1652,7.240601
1633,1678,12.278801
1634,1656,14.955508
1634,1665,6.1262903
1634,1668,14.293823
1634,1700,14.328647
1635,1660,10.824059
1635,1661,9.643163
1635,1674,7.0137753
1635,1682,12.566513
1635,1702,14.611568
1636,1640,8.172059
1636,1654,14.711417
1636,1685,9.985275
1636,1696,10.596794
1637,1657,5.24413
1637,1659,12.172798
1637,1690,11.270014
1638,1639,6.889785
1638,1675,7.298438
1638,1691,11.924428
1639,1675,9.740534
1639,1691,11.258331
1640,1654,7.6488223
1640,1685,11.088454
1641,1667,9.91918
1641,1671,9.443128
1641,1679,7.898845
1642,1644,6.500923
1642,1662,14.880099
1642,1666,6.288155
1642,1689,12.902268
1644,1662,8.5482
1644,1666,6.702427
1644,1689,9.60605
1645,1676,13.652291
1645,1683,9.41519
1646,1650,9.704046
1646,1664,14.579228
1646,1670,7.1405873
1646,1694,14.892203
1648,1672,9.435958
1648,1698,11.584106
1648,1706,13.080708
1649,1672,10.725697
1649,1680,9.593536
1649,1692,10.521313
1650,1670,8.5186405
1650,1694,9.268079
1651,1669,9.292823
1651,1701,10.499856
1652,1678,13.999982
1652,1705,14.095905
1653,1680,12.7638445
1653,1720,13.761763
1654,1663,9.369936
1654,1685,11.92161
1654,1699,8.64238
1654,1707,11.461129
1655,1663,8.985905
1655,1687,7.9116435
1657,1659,14.423563
1657,1690,7.9964237
1657,1711,14.087167
1658,1673,11.395798
1658,1681,6.642077
1658,1686,9.227791
1658,1715,13.52394
1659,1668,12.787583
1659,1690,12.567212
1660,1673,8.953683
1660,1674,7.8990784
1660,1682,6.326153
1660,1697,9.012487
1660,1702,13.0648155
1660,1704,14.188565
1661,1669,11.1632395
1661,1674,10.900469
1661,1695,9.051208
1661,1702,14.049671
1662,1666,12.213661
1662,1689,8.827098
1663,1687,14.08884
1663,1699,8.78905
1664,1708,9.682142
1665,1668,8.903382
1665,1700,8.50619
1665,1716,14.966756
1666,1689,7.138699
1666,1713,9.83165
1667,1679,8.987494
1667,1684,11.703314
1667,1703,9.655032
1668,1700,8.760428
1668,1716,9.936827
1669,1695,8.61238
1669,1701,9.089651
1669,1730,14.482251
1670,1694,8.626893
1670,1710,9.21934
1671,1679,9.045971
1671,1693,8.271936
1671,1714,13.530324
1672,1692,8.374778
1672,1698,13.84039
1672,1706,7.966448
1673,1681,13.457174
1673,1682,11.501868
1673,1697,8.556668
1673,1704,8.295442
1673,1715,14.027772
1674,1682,6.1764293
1674,1697,11.904247
1674,1702,7.927424
1675,1691,5.572603
1675,1712,10.394162
1676,1683,7.776876
1677,1687,11.399118
1677,1717,9.963678
1677,1736,14.890546
1678,1705,7.7218404
1679,1693,14.337292
1679,1703,10.000381
1679,1714,8.577693
1680,1692,9.950666
1680,1720,14.2072115
1680,1726,12.418938
1681,1686,4.660293
1681,1688,14.964074
1681,1704,13.717784
1681,1715,7.995283
1681,1724,11.952499
1682,1697,5.7396607
1682,1702,7.173548
1682,1704,12.638246
1682,1738,14.136288
1684,1703,12.463107
1684,1735,13.223548
1685,1696,10.814665
1685,1699,14.328197
1685,1707,7.901982
1686,1688,10.358116
1686,1715,10.930819
1686,1719,13.913285
1686,1724,12.193345
1687,1717,12.067657
1687,1722,14.184578
1687,1733,11.8315325
1688,1719,7.7851586
1688,1729,12.43134
1689,1713,6.8746676
1690,1711,14.04489
1691,1712,6.091976
1692,1706,9.943867
1692,1726,13.776537
1692,1740,12.50988
1693,1694,13.685665
1693,1714,13.6526375
1693,1718,7.2508526
1693,1728,10.308739
1693,1737,12.921663
1693,1752,14.166492
1694,1710,9.804706
1694,1718,13.178367
1694,1737,10.117308
1694,1745,12.575847
1695,1701,12.290016
1695,1721,7.5351315
1695,1730,10.885919
1695,1739,14.993624
1695,1753,14.508993
1696,1720,13.550577
1696,1727,10.248451
1697,1702,10.778293
1697,1704,6.955368
1697,1738,11.576637
1698,1706,9.439155
1698,1732,10.36743
1698,1760,14.855385
1699,1707,8.475956
1699,1722,10.524006
1700,1716,7.606578
1700,1723,10.6693945
1700,1750,11.72211
1701,1730,9.434035
1701,1744,11.502234
1702,1721,13.898403
1702,1738,12.265404
1702,1739,10.898085
1703,1714,9.359748
1703,1734,8.316465
1703,1735,12.379065
1703,1742,11.07114
1704,1715,9.372835
1704,1738,13.143969
1704,1748,11.90873
1706,1732,9.593758
1706,1740,11.56115
1708,1736,11.644451
1708,1741,10.842482
1710,1737,13.331269
1710,1745,8.21315
1710,1755,11.146344
1711,1747,9.382586
1714,1728,8.480733
1714,1734,11.850258
1714,1742,8.1086855
1714,1754,9.6881
1714,1772,14.698669
1715,1724,7.1158404
1715,1748,10.812193
1715,1757,13.925499
1715,1758,10.411682
1716,1723,13.7260895
1716,1743,14.463432
1716,1750,8.814523
1716,1756,10.168438
1717,1733,10.263411
1717,1736,9.408289
1717,1749,7.5107727
1718,1728,8.068187
1718,1737,7.143153
1718,1752,7.275492
1718,1771,13.59822
1719,1724,13.127796
1719,1729,6.6493673
1719,1757,13.476232
1719,1759,12.740469
1720,1726,12.116108
1720,1727,12.665938
1720,1751,11.555741
1721,1730,8.980379
1721,1739,8.639561
1721,1753,8.334105
1721,1785,14.382084
1722,1733,10.520967
1722,1766,12.059883
1723,1746,8.57017
1723,1750,9.008145
1723,1761,10.534172
1724,1748,11.825498
1724,1757,7.181404
1724,1758,6.8680606
1725,1731,11.283258
1726,1740,13.996335
1726,1763,7.8020844
1726,1776,13.513498
1727,1751,7.2771745
1728,1737,14.619754
1728,1742,11.586328
1728,1752,8.828194
1728,1754,7.52736
1728,1772,14.830931
1728,1777,11.774225
1729,1747,9.357689
1729,1759,6.99797
1730,1744,8.367023
1730,1753,7.365526
1730,1773,10.795525
1730,1785,14.643811
1732,1740,11.314297
1732,1760,6.755541
1732,1774,11.400504
1733,1749,10.052301
1733,1766,12.702746
1733,1783,14.260411
1734,1735,8.397837
1734,1742,6.8502703
1734,1754,13.108824
1734,1768,7.429617
1734,1772,11.197141
1734,1793,14.070269
1735,1768,10.343048
1736,1741,6.785737
1736,1749,9.582952
1736,1779,14.263212
1736,1786,12.76077
1737,1745,8.668743
1737,1752,9.05921
1737,1771,11.228362
1738,1739,13.012197
1738,1748,13.729142
1738,1778,12.292653
1738,1791,12.681306
1739,1753,12.214406
1739,1778,10.447268
1739,1785,13.818562
1739,1787,12.024704
1740,1774,10.322717
1740,1776,11.513214
1741,1765,9.39235
1741,1779,10.603875
1741,1786,14.266359
1742,1754,6.2906194
1742,1768,10.089019
1742,1772,7.135812
1742,1777,13.642624
1742,1793,14.462297
1742,1799,14.314856
1743,1756,9.74843
1744,1753,12.24929
1744,1773,8.222153
1744,1781,10.258196
1745,1755,11.562415
1745,1770,9.445815
1745,1771,13.63341
1746,1761,7.6956396
1747,1759,7.7617874
1747,1780,10.1226
1747,1784,10.983271
1748,1757,13.806821
1748,1758,7.034286
1749,1783,10.01758
1749,1786,9.158736
1750,1756,9.718353
1750,1761,13.806784
1750,1789,11.528496
1752,1754,12.363679
1752,1771,7.399353
1752,1777,10.054722
1753,1773,8.698132
1753,1781,14.50397
1753,1785,7.5020013
1753,1787,14.3178
1754,1768,14.607018
1754,1772,7.3107953
1754,1777,7.9260025
1754,1799,12.428383
1755,1765,8.9419985
1755,1770,10.304636
1755,1802,13.314683
1756,1789,14.108481
1756,1800,11.8794365
1757,1758,6.7725387
1757,1797,11.173576
1758,1797,12.851327
1759,1780,12.439096
1759,1784,9.801042
1760,1774,10.428269
1760,1824,14.978017
1761,1789,12.906551
1761,1796,8.415165
1761,1807,12.151375
1762,1769,7.19929
1763,1776,9.102459
1763,1801,8.754118
1763,1809,14.931062
1764,1798,10.437806
1765,1779,10.2510805
1765,1802,13.351732
1765,1806,11.785749
1766,1783,14.737172
1766,1795,11.931205
1766,1814,13.735532
1767,1794,10.9960575
1768,1772,8.854254
1768,1793,6.898977
1768,1799,13.5122175
1769,1818,12.64088
1770,1771,14.694813
1770,1802,8.802181
1770,1810,10.215792
1771,1777,12.287125
1771,1810,13.359748
1771,1811,9.102664
1772,1777,10.239258
1772,1793,9.36936
1772,1799,7.247127
1772,1819,14.624038
1772,1835,14.198376
1773,1781,5.8189754
1773,1785,10.027309
1773,1812,12.811962
1773,1823,11.175457
1774,1776,13.02264
1774,1813,9.743516
1774,1824,13.800716
1776,1801,10.426233
1776,1809,8.72711
1776,1813,13.681032
1777,1799,9.951329
1777,1811,14.693082
1777,1819,9.303332
1778,1785,14.403009
1778,1787,6.3115096
1778,1791,8.993709
1778,1817,12.481201
1778,1822,12.186996
1779,1786,10.067011
1779,1806,11.256802
1779,1815,8.60081
1779,1829,14.018334
1779,1839,14.226991
1780,1784,4.9836926
1780,1790,8.299504
1780,1816,10.132288
1780,1821,9.020668
1781,1785,14.386997
1781,1812,13.611321
1781,1823,8.678718
1782,1804,9.104682
1782,1805,10.019399
1782,1825,9.437422
1782,1842,14.496549
1783,1786,7.8933163
1783,1814,8.637314
1783,1829,12.086877
1784,1790,11.423312
1784,1816,7.1578994
1784,1821,9.001329
1784,1849,14.376127
1785,1787,8.924174
1785,1812,8.825006
1785,1817,11.540692
1785,1823,13.424613
1786,1815,10.1424675
1786,1829,10.762413
1787,1791,13.993923
1787,1812,13.213263
1787,1817,7.4702854
1787,1822,14.027003
1788,1808,10.785707
1788,1836,10.426255
1788,1854,14.407833
1789,1796,8.203586
1789,1800,14.531165
1789,1834,8.535247
1789,1838,13.651778
1790,1816,11.36843
1790,1820,8.660197
1790,1821,6.3357353
1790,1831,12.741125
1790,1849,11.667213
1791,1822,7.57334
1791,1851,13.74947
1791,1856,14.703147
1792,1795,11.103078
1792,1826,11.737276
1792,1828,9.088728
1792,1850,13.017171
1793,1799,9.614264
1793,1835,9.474774
1795,1826,7.812782
1796,1807,8.961253
1796,1834,9.5832
1797,1827,10.884629
1797,1832,8.9656315
1799,1819,8.86973
1799,1835,8.506342
1799,1853,14.53361
1800,1831,11.499379
1800,1838,9.498641
1800,1848,13.638427
1801,1809,9.828876
1802,1806,9.259664
1802,1810,11.51877
1802,1844,11.930593
1802,1859,12.781616
1803,1808,10.703984
1803,1833,6.9382625
1804,1818,9.760716
1804,1825,9.058946
1804,1842,6.608726
1804,1855,13.258013
1805,1825,8.038667
1806,1815,13.8919
1806,1839,7.373208
1806,1859,12.692596
1806,1882,14.695837
1807,1830,8.550033
1807,1876,14.01299
1808,1836,13.686993
1808,1854,10.905169
1809,1813,10.950096
1809,1861,11.242188
1810,1811,9.572926
1810,1844,7.8010674
1810,1852,12.084199
1810,1871,12.247693
1811,1819,12.356964
1811,1837,9.092881
1811,1852,8.756662
1811,1871,14.600541
1811,1878,14.992528
1812,1817,9.840713
1812,1823,7.380395
1812,1843,9.283447
1812,1846,7.678092
1812,1857,14.879032
1813,1824,11.76257
1813,1861,10.898045
1813,1881,14.21183
1814,1829,13.051309
1814,1847,12.75479
1814,1863,7.891922
1815,1829,6.1676264
1815,1839,11.930961
1815,1847,11.434882
1815,1882,14.821285
1816,1821,5.5074162
1816,1849,7.958636
1816,1864,11.802801
1816,1874,10.977499
1816,1879,14.233127
1817,1822,13.379372
1817,1843,8.833372
1817,1846,13.962271
1817,1851,12.743242
1817,1866,11.160689
1818,1842,10.922047
1818,1855,7.903194
1818,1869,13.323092
1819,1835,13.458126
1819,1837,7.5664206
1819,1853,8.256949
1819,1878,14.333452
1820,1821,11.330024
1820,1831,6.135774
1820,1848,8.865786
1820,1849,12.148108
1820,1872,13.361021
1820,1873,9.4920025
1821,1849,6.5232196
1821,1874,13.288964
1821,1879,13.873046
1822,1851,6.183459
1822,1856,9.018562
1822,1866,12.554247
1822,1880,11.125681
1823,1843,14.269058
1823,1846,8.343329
1823,1857,10.109025
1824,1881,12.895878
1825,1842,9.35484
1826,1828,14.155453
1826,1850,9.235942
1826,1862,7.839559
1826,1867,11.6561775
1827,1856,14.673298
1827,1886,12.447895
1828,1850,8.602061
1828,1858,6.525792
1828,1865,11.370378
1828,1887,13.30351
1829,1847,6.0404077
1830,1845,12.611773
1830,1875,10.528049
1831,1848,6.1910443
1831,1872,11.375649
1831,1873,11.286179
1832,1864,14.822213
1832,1896,14.37033
1834,1838,10.560527
1834,1876,12.47646
1835,1845,14.827462
1835,1853,14.224719
1835,1883,11.349068
1836,1854,7.7746997
1837,1852,8.005756
1837,1853,6.252356
1837,1878,7.738989
1837,1894,13.687994
1837,1905,13.934744
1838,1848,14.333756
1838,1872,14.147281
1838,1884,9.202966
1839,1859,11.41271
1839,1882,7.3459005
1839,1904,14.770345
1840,1869,11.9754505
1841,1870,8.379581
1841,1892,10.950623
1842,1855,9.767344
1843,1846,7.326208
1843,1866,10.535464
1843,1897,9.406513
1843,1906,11.14761
1844,1852,12.52105
1844,1859,9.491348
1844,1871,7.6938086
1844,1890,9.405362
1844,1894,14.698205
1845,1875,9.120376
1845,1911,14.316813
1846,1857,9.027634
1846,1897,11.772146
1846,1902,13.237318
1847,1889,9.423151
1847,1904,13.927505
1847,1930,14.172073
1848,1872,5.2
1848,1873,7.1315775
1848,1884,12.269658
1848,1910,13.137104
1849,1864,12.634416
1849,1873,14.961791
1849,1874,8.176947
1849,1879,7.3498282
1849,1901,13.025928
1850,1858,7.672913
1850,1862,7.6482024
1850,1887,13.030327
1850,1899,10.041246
1851,1856,7.9030533
1851,1866,7.0532403
1851,1880,5.5749254
1851,1906,14.172914
1851,1907,12.966991
1852,1853,12.983293
1852,1871,7.746305
1852,1878,8.406723
1852,1894,8.0234585
1852,1905,13.274651
1852,1919,14.033308
1853,1878,7.747321
1853,1883,10.208068
1853,1905,12.345601
1853,1927,11.610394
1854,1891,12.664691
1855,1869,7.9722476
1855,1914,12.27195
1856,1866,13.987753
1856,1880,7.3736296
1856,1886,12.601733
1856,1907,11.45707
1857,1902,8.707069
1858,1862,14.922955
1858,1865,7.5578737
1858,1887,6.9754577
1858,1893,12.554581
1858,1899,13.350672
1858,1918,13.136405
1859,1871,14.570553
1859,1882,13.742399
1859,1890,7.8672943
1860,1877,4.7749114
1860,1885,10.63571
1861,1881,12.068874
1861,1898,10.80135
1862,1867,8.236548
1862,1899,8.686804
1862,1915,14.177728
1863,1867,10.243554
1863,1888,9.4247265
1863,1889,12.404973
1863,1900,12.914208
1864,1874,5.7197514
1864,1879,12.418862
1865,1868,9.212721
1865,1887,6.4948087
1865,1893,6.892118
1865,1918,14.353066
1865,1923,13.178661
1866,1880,7.7641354
1866,1897,13.175824
1866,1906,7.5427175
1866,1907,13.347673
1866,1920,14.9298725
1866,1931,14.580027
1867,1888,7.400113
1867,1899,14.532116
1867,1900,13.103245
1867,1915,10.165484
1868,1887,13.888483
1868,1893,8.500183
1868,1923,13.582545
1869,1914,12.002896
1870,1892,12.362319
1870,1903,10.526188
1871,1878,13.548159
1871,1890,9.466786
1871,1894,7.024757
1871,1916,10.2723465
1871,1919,12.901685
1871,1924,13.465974
1872,1873,7.2777786
1872,1884,8.771971
1872,1910,8.48466
1872,1921,13.29858
1873,1879,14.686941
1873,1901,8.835345
1873,1910,10.08144
1874,1879,6.729659
1874,1935,14.53963
1875,1909,7.7520814
1875,1911,13.7695465
1876,1912,10.57609
1877,1885,6.032812
1878,1894,8.355636
1878,1905,6.2360287
1878,1919,10.55489
1878,1927,10.449774
1878,1934,13.417398
1879,1901,8.486097
1879,1935,11.188195
1880,1906,12.419551
1880,1907,7.4021263
1880,1931,12.563466
1881,1895,11.739521
1881,1898,8.0148325
1881,1926,10.642779
1882,1904,8.096276
1882,1913,8.5849085
1883,1927,9.5433445
1883,1928,11.025141
1884,1910,12.503248
1884,1921,9.00734
1885,1940,14.565326
1887,1893,6.8665147
1887,1899,13.632085
1887,1918,7.9314747
1887,1923,10.413571
1888,1889,11.473879
1888,1900,5.7387176
1888,1915,8.046708
1889,1900,8.217724
1889,1930,10.347201
1889,1932,10.917619
1890,1894,14.3698635
1890,1916,11.252492
1890,1924,7.9763436
1890,1939,12.751615
1891,1908,14.349247
1891,1922,8.841638
1892,1925,9.116137
1892,1945,13.659359
1893,1918,11.863339
1893,1923,6.523928
1894,1905,8.774083
1894,1916,8.019813
1894,1919,6.441028
1894,1924,14.626206
1894,1934,13.9541025
1894,1943,12.861133
1895,1925,13.913558
1895,1926,9.7266445
1896,1933,12.55629
1897,1902,13.321584
1897,1906,7.5283084
1897,1920,6.6725955
1897,1929,7.6631255
1897,1936,13.325683
1897,1947,12.670672
1898,1926,9.981247
1899,1915,14.362611
1899,1918,10.5667515
1900,1915,9.826299
1900,1930,14.970905
1900,1932,10.255791
1900,1957,14.365058
1901,1910,12.844738
1901,1935,11.888511
1901,1946,11.959292
1902,1929,12.313107
1902,1942,12.840463
1904,1913,8.9614725
1904,1930,10.093739
1904,1952,12.884803
1905,1916,13.617009
1905,1919,6.4830008
1905,1927,7.575061
1905,1934,7.2029266
1905,1943,10.603095
1905,1958,14.09604
1906,1907,14.247058
1906,1920,7.4013863
1906,1929,12.531867
1906,1931,11.185985
1906,1936,9.070177
1906,1947,11.937942
1907,1931,7.7538757
1907,1936,13.113236
1908,1948,11.311304
1909,1911,14.972686
1909,1912,9.528193
1909,1937,9.233215
1909,1959,13.7179575
1910,1921,10.274203
1910,1946,13.804534
1910,1968,12.997556
1911,1928,11.174318
1911,1955,11.591984
1912,1937,9.309312
1912,1941,10.084913
1913,1944,9.97977
1913,1952,12.110965
1913,1971,14.76203
1914,1962,14.972333
1915,1957,14.218897
1916,1919,7.4461207
1916,1924,7.543488
1916,1939,13.449628
1916,1943,10.335517
1916,1951,9.12236
1916,1963,14.126349
1916,1974,13.555665
1917,1938,9.475776
1918,1923,10.5367565
1918,1953,9.846529
1919,1924,14.942752
1919,1927,13.581444
1919,1934,8.290192
1919,1943,6.5265555
1919,1951,10.287654
1919,1958,14.161035
1919,1975,14.549791
1920,1929,5.9767475
1920,1931,12.81533
1920,1936,7.542851
1920,1942,13.952005
1920,1947,6.0406938
1920,1965,13.4706
1921,1964,11.109552
1921,1968,12.053999
1922,1966,12.856243
1923,1970,13.547049
1924,1939,6.5625753
1924,1944,13.562042
1924,1951,12.32577
1924,1963,10.21295
1924,1974,13.205287
1925,1945,8.539875
1925,1969,12.358297
1926,1950,8.040944
1926,1978,14.69908
1927,1928,12.135456
1927,1934,9.0650215
1927,1954,12.3338375
1927,1958,13.875359
1928,1954,10.520301
1928,1955,14.643593
1928,1967,11.635254
1928,1982,14.834575
1929,1936,12.953586
1929,1942,8.473582
1929,1947,8.948804
1930,1932,7.977122
1930,1952,12.54736
1930,1961,13.045188
1931,1936,5.819598
1931,1947,11.592392
1931,1965,10.113473
1931,1973,14.789788
1932,1957,11.963489
1932,1961,7.3222194
1933,1960,13.41756
1933,1976,11.041694
1934,1943,6.7291822
1934,1951,13.00859
1934,1954,11.883448
1934,1958,6.9124756
1934,1975,10.644981
1935,1946,12.098714
1936,1947,5.9241743
1936,1965,7.984816
1937,1941,13.129783
1937,1959,8.453607
1937,1981,11.356937
1938,1962,10.243235
1938,1994,14.062072
1939,1944,7.613908
1939,1951,14.682262
1939,1963,6.730447
1939,1971,11.626371
1939,1974,12.419953
1939,1988,14.539808
1941,1989,11.675831
1942,1947,14.026145
1942,1983,11.0000725
1943,1951,6.2880964
1943,1958,9.386577
1943,1974,12.418301
1943,1975,8.092916
1943,1980,11.237224
1943,2003,13.861555
1944,1952,14.71427
1944,1963,12.010095
1944,1971,6.470052
1944,2005,14.548924
1945,1956,7.863757
1945,1969,10.935357
1946,1968,14.916435
1946,1972,10.107696
1946,1985,10.34823
1947,1965,8.031129
1947,1983,13.291708
1947,2000,12.701255
1948,1979,8.827017
1948,1986,12.787103
1948,1993,11.639994
1950,1978,7.5676136
1950,1995,12.534874
1950,2002,10.916493
1951,1958,14.180552
1951,1963,10.897042
1951,1974,6.382686
1951,1975,9.758894
1951,1980,7.4227147
1951,1988,11.623888
1951,2003,11.968722
1952,1971,14.073828
1953,1987,9.757031
1953,1991,9.827204
1954,1958,9.044111
1954,1967,13.091757
1954,1982,9.483902
1954,1992,8.928662
1955,1959,9.74331
1955,1967,7.7309966
1955,1999,10.011003
1956,2013,14.856997
1957,1961,9.573776
1957,1998,9.178898
1958,1975,6.6564045
1958,1980,14.648003
1958,1992,10.998082
1958,2003,13.6675205
1958,2017,12.310606
1959,1981,7.145261
1959,1999,12.011831
1960,1976,12.682774
1961,1998,8.692682
1962,1990,7.9397144
1962,1994,8.868117
1962,1997,7.458486
1963,1971,12.625878
1963,1974,6.402823
1963,1980,11.941782
1963,1988,7.8249164
1963,2005,12.98864
1963,2015,13.4603615
1964,1968,6.3105392
1964,1972,12.745909
1964,2006,10.298291
1964,2007,10.414501
1965,1973,11.677947
1965,2000,11.235488
1965,2011,13.646301
1966,1986,11.71129
1967,1982,8.064895
1967,1999,10.968278
1968,1972,6.826742
1968,2006,14.412217
1968,2007,9.613051
1969,1995,9.642404
1969,2004,7.7590165
1969,2026,13.220427
1970,1977,7.97624
1970,1987,13.782326
1970,1996,11.718887
1970,2001,7.285886
1970,2036,14.708014
1971,2005,8.92196
1972,1985,10.336868
1972,2007,10.057743
1972,2028,13.27106
1973,2011,12.311782
1973,2031,13.488684
1973,2052,14.334108
1974,1975,12.677158
1974,1980,5.6165338
1974,1988,5.40926
1974,2003,10.764354
1974,2015,12.636952
1974,2016,11.319946
1975,1980,8.095901
1975,1992,14.635759
1975,2003,7.364001
1975,2016,14.901799
1975,2017,11.656089
1975,2020,10.503683
1976,2021,13.497897
1977,1996,5.794717
1977,2001,8.255481
1977,2010,11.284897
1977,2027,13.599838
1978,1995,12.419546
1978,2002,6.3153105
1978,2035,12.163759
1979,1986,5.067022
1979,1993,7.5311356
1979,2024,10.842714
1980,1988,7.4102325
1980,2003,5.2691336
1980,2015,13.269437
1980,2016,8.7706585
1980,2020,10.501558
1980,2043,14.816792
1981,1999,12.532121
1981,2014,14.985937
1981,2040,10.91042
1982,1992,7.2244325
1982,2029,9.412847
1982,2038,14.561778
1983,2000,6.5213556
1983,2018,7.1395183
1983,2022,9.588458
1983,2045,12.763649
1983,2049,12.695027
1984,1994,12.293087
1984,2032,12.945746
1984,2042,11.832395
1985,2028,10.151834
1986,1993,11.77844
1986,2024,11.711345
1987,1991,9.01635
1987,2030,8.845562
1987,2036,14.41021
1988,2003,10.827745
1988,2005,12.414523
1988,2015,7.228151
1988,2016,7.5586414
1988,2020,14.921663
1988,2043,14.789561
1988,2058,14.882397
1989,2012,8.692633
1989,2014,7.93633
1990,1994,10.381102
1990,1997,5.3909073
1990,2008,10.049877
1990,2033,9.611135
1990,2034,10.507585
1991,2030,12.688964
1992,2017,8.255022
1992,2029,11.0025625
1992,2055,12.029784
1993,2024,8.423393
1994,1997,5.119788
1994,2032,9.455317
1994,2033,12.352704
1995,2002,7.646305
1995,2004,7.8531523
1995,2026,12.924667
1995,2035,13.964143
1995,2057,13.725356
1996,2001,7.5788856
1996,2009,14.278327
1996,2010,6.3561873
1996,2027,7.810179
1996,2062,14.4373865
1997,2008,14.679047
1997,2032,12.368109
1997,2033,9.037562
1997,2034,13.013804
1998,2053,12.174427
1999,2038,10.948895
1999,2040,13.958782
1999,2044,11.011384
2000,2011,12.27769
2000,2018,9.17053
2000,2022,6.133368
2000,2037,9.507579
2000,2049,11.182593
2001,2010,13.421312
2001,2027,11.954479
2001,2036,9.2222805
2001,2062,13.722665
2002,2035,8.281202
2002,2057,12.539606
2003,2015,14.415508
2003,2016,7.7700233
2003,2017,12.0487385
2003,2020,5.26645
2003,2043,11.375598
2003,2054,11.702321
2004,2026,6.0252323
2004,2064,13.280916
2004,2072,14.883989
2005,2015,9.622354
2005,2050,13.362892
2005,2051,9.441691
2005,2065,14.157075
2006,2007,9.333601
2006,2012,10.497311
2006,2039,13.452088
2006,2056,14.116586
2007,2028,12.268255
2007,2039,8.086732
2008,2033,11.917335
2008,2034,6.490979
2008,2075,13.983049
2009,2010,7.9433365
2009,2027,11.0530205
2009,2071,10.75739
2009,2083,13.756161
2010,2027,5.7749515
2010,2062,14.667937
2011,2022,11.864046
2011,2037,5.7594314
2011,2052,6.5616865
2011,2073,11.713215
2011,2077,10.589824
2012,2014,10.016067
2012,2056,7.964253
2012,2059,11.819582
2013,2025,9.599114
2013,2047,6.0462303
2013,2063,11.738782
2014,2040,14.820355
2014,2056,12.783585
2014,2059,8.99796
2015,2016,7.2099805
2015,2043,12.096205
2015,2051,11.096737
2015,2058,8.784911
2015,2065,10.18862
2016,2020,9.2839985
2016,2043,7.268109
2016,2054,12.1840515
2016,2058,9.633907
2016,2065,14.508437
2017,2020,8.90142
2017,2029,14.893576
2017,2054,11.277956
2017,2055,9.750584
2017,2079,14.476541
2018,2022,6.784277
2018,2037,13.467179
2018,2045,8.226593
2018,2049,6.6885314
2018,2074,10.712613
2019,2046,10.914238
2019,2061,7.895915
2020,2043,8.900844
2020,2054,6.7239065
2020,2079,14.288486
2021,2060,12.787386
2021,2066,11.770139
2021,2084,11.860474
2022,2037,6.700265
2022,2045,14.803892
2022,2049,5.2928147
2022,2073,11.266411
2022,2074,11.266774
2022,2089,13.587854
2025,2047,11.448488
2026,2063,14.105294
2026,2064,9.302015
2026,2072,9.143204
2026,2082,14.386816
2027,2062,8.924034
2027,2083,11.290287
2028,2039,9.032209
2028,2088,13.825242
2029,2038,8.370338
2029,2055,9.18063
2029,2092,12.91337
2030,2036,10.116865
2030,2086,12.394905
2031,2048,9.998268
2031,2052,13.1432705
2031,2078,11.388727
2031,2081,12.528898
2032,2033,13.158194
2032,2042,7.614594
2032,2068,8.619376
2033,2034,6.581287
2033,2068,10.047173
2033,2075,9.358614
2034,2075,8.001853
2035,2057,8.260147
2035,2071,14.173182
2035,2076,9.81903
2035,2085,12.161235
2036,2062,10.633156
2036,2086,11.426149
2037,2049,9.753864
2037,2052,10.304517
2037,2073,7.9898243
2037,2074,14.658677
2037,2077,10.704337
2037,2089,13.037559
2038,2044,7.3869343
2038,2080,14.270408
2038,2087,10.920144
2039,2088,9.651711
2040,2044,10.645125
2040,2080,10.808862
2041,2067,6.4926243
2042,2068,13.91006
2043,2054,6.983403
2043,2058,7.76585
2043,2065,14.158185
2043,2079,13.861167
2043,2100,12.0917425
2044,2080,7.796169
2044,2087,10.264612
2044,2101,12.861045
2045,2049,12.578844
2045,2074,12.845451
2046,2061,8.025863
2047,2063,6.551218
2047,2082,12.009903
2048,2078,9.078881
2049,2073,10.126015
2049,2074,5.97836
2049,2089,9.9150505
2050,2051,9.24529
2050,2102,14.638033
2050,2107,13.407582
2051,2058,12.383338
2051,2065,6.9006524
2051,2102,11.523402
2052,2073,11.906187
2052,2077,6.752778
2052,2081,9.5699835
2053,2069,11.105866
2054,2055,14.557115
2054,2058,14.585432
2054,2079,8.174403
2054,2100,11.553892
2055,2079,11.618452
2055,2092,9.703579
2056,2059,7.963151
2056,2093,10.000951
2056,2097,12.912957
2057,2064,9.729896
2057,2076,12.010934
2057,2085,6.160003
2057,2104,12.974235
2058,2065,6.3992715
2058,2100,14.845037
2058,2110,13.4832735
2059,2093,9.080757
2059,2096,9.063079
2060,2098,13.506623
2062,2083,11.474994
2062,2086,14.958786
2062,2106,13.573649
2062,2116,13.620533
2063,2072,11.422776
2063,2082,5.661235
2064,2072,6.120072
2064,2082,14.168433
2064,2085,10.986456
2064,2109,13.295359
2065,2102,10.108321
2066,2084,8.526944
2066,2094,9.407004
2066,2095,7.358027
2066,2117,13.258135
2067,2112,10.828812
2068,2075,13.171337
2068,2113,12.392491
2069,2091,10.627068
2069,2103,10.307145
2071,2076,8.669895
2071,2083,9.113116
2071,2090,6.002544
2071,2099,9.066368
2071,2115,12.96734
2072,2082,8.063509
2072,2109,14.512791
2073,2074,11.644093
2073,2077,7.257447
2073,2089,6.143414
2073,2118,10.90416
2074,2089,7.9230905
2074,2108,11.748332
2074,2114,12.3672495
2075,2113,14.877988
2076,2085,10.403558
2076,2090,11.875835
2076,2099,7.934213
2076,2104,9.654683
2076,2115,14.611176
2077,2081,9.894379
2077,2089,12.465899
2077,2118,12.593404
2078,2081,10.451605
2078,2105,10.914849
2079,2092,14.505244
2079,2100,9.591315
2079,2111,10.8389435
2080,2087,10.002584
2080,2101,6.5923357
2083,2090,6.433801
2083,2099,13.75433
2083,2106,9.090677
2083,2115,12.909786
2083,2116,14.738223
2083,2130,14.441449
2084,2094,13.370637
2084,2095,6.3476596
2084,2098,6.528013
2084,2117,9.373262
2085,2104,7.1901803
2085,2109,12.30303
2087,2092,12.970319
2087,2101,8.506645
2087,2120,8.152888
2088,2097,13.945083
2089,2108,14.898162
2089,2114,9.638124
2089,2118,8.556701
2090,2099,7.320763
2090,2106,10.997664
2090,2115,7.8918867
2090,2130,11.22883
2091,2103,7.8295307
2091,2119,9.777952
2092,2111,10.772302
2092,2120,13.501944
2093,2096,8.92805
2093,2097,12.52778
2093,2121,7.905003
2093,2128,12.73872
2094,2095,7.3121653
2094,2117,10.449384
2094,2138,11.337743
2095,2098,11.575423
2095,2117,5.9070106
2095,2138,13.586935
2096,2121,10.323381
2096,2132,10.811826
2097,2128,10.368696
2097,2149,14.926851
2098,2117,11.390014
2099,2104,11.196154
2099,2115,6.7283406
2099,2130,11.60991
2099,2136,11.293035
2100,2110,8.143805
2100,2133,9.342568
2101,2120,10.615419
2101,2146,13.431951
2102,2107,11.047971
2102,2123,12.818623
2102,2131,12.712037
2103,2119,11.412373
2103,2150,11.732187
2104,2109,12.682154
2104,2136,8.851959
2104,2139,11.094012
2105,2142,10.379298
2106,2115,11.461212
2106,2116,7.001346
2106,2130,9.53495
2106,2140,8.260776
2106,2163,14.542696
2107,2131,8.8668165
2107,2137,11.773808
2108,2114,9.31179
2108,2152,10.3442335
2109,2135,12.494761
2109,2139,8.474667
2110,2123,7.8310633
2110,2133,10.256227
2111,2133,14.883879
2111,2141,8.319963
2111,2145,10.920566
2112,2129,8.87702
2112,2134,6.503913
2113,2122,9.823671
2113,2160,14.40352
2114,2118,9.894666
2114,2152,12.166136
2115,2130,4.8817887
2115,2136,12.697619
2115,2140,11.7016115
2115,2165,13.078757
2115,2167,14.920013
2116,2130,14.786549
2116,2140,9.880586
2116,2163,11.957724
2117,2138,10.528773
2117,2157,12.106412
2118,2155,12.044708
2119,2150,10.347639
2119,2153,10.029615
2120,2145,13.4527445
2121,2128,10.838627
2121,2132,11.664212
2122,2160,8.86584
2123,2151,9.198253
2124,2144,14.5269985
2124,2162,10.470765
2125,2144,7.5660486
2125,2148,7.7451425
2125,2164,10.999295
2126,2127,6.8076005
2126,2137,7.359766
2126,2168,12.862193
2127,2137,14.024602
2127,2154,11.280558
2127,2168,13.57924
2128,2149,8.738638
2128,2173,10.96414
2129,2134,8.390904
2129,2186,14.622791
2130,2140,7.036722
2130,2163,14.622255
2130,2165,11.96651
2130,2167,10.587108
2131,2137,11.46198
2131,2151,12.928235
2131,2172,12.7677
2131,2175,11.146723
2131,2179,12.479137
2132,2146,9.9464245
2132,2180,14.749279
2133,2141,10.074062
2133,2156,5.88858
2134,2199,14.818681
2135,2159,5.0948815
2136,2139,10.519201
2136,2165,11.03954
2136,2166,11.645152
2136,2190,13.373716
2137,2168,13.984009
2137,2172,10.415808
2138,2157,7.205403
2139,2166,7.040913
2139,2169,11.325936
2140,2163,7.926172
2140,2167,8.758877
2140,2191,14.086141
2141,2145,11.272284
2141,2156,9.560819
2141,2176,9.327663
2142,2158,8.103637
2142,2185,10.715444
2143,2183,10.69617
2143,2196,12.902972
2144,2148,9.613696
2144,2164,7.463486
2144,2198,12.374484
2145,2176,12.616115
2146,2192,10.720649
2147,2161,8.238289
2147,2181,9.45965
2147,2204,14.443667
2148,2164,6.4587946
2149,2173,9.562094
2150,2153,12.51472
2150,2174,7.8308315
2151,2175,8.100392
2151,2179,14.257713
2151,2212,13.039756
2152,2187,9.234039
2152,2193,12.748386
2153,2178,11.722279
2153,2184,7.7549596
2154,2168,14.753883
2154,2174,14.908704
2154,2194,10.851337
2154,2203,14.075226
2155,2161,10.462027
2155,2181,14.62913
2155,2182,5.8238473
2156,2176,11.753798
2156,2209,12.362521
2158,2185,8.198202
2158,2206,12.359221
2159,2169,12.469106
2159,2189,14.22304
2159,2207,13.82107
2159,2217,13.038723
2160,2188,9.947055
2161,2181,5.756366
2161,2182,12.175718
2161,2214,14.744037
2162,2198,14.942736
2162,2221,12.899159
2163,2167,9.835926
2163,2191,6.727126
2163,2205,14.353263
2164,2198,10.07458
2165,2167,10.489568
2165,2190,9.499055
2165,2202,10.573248
2165,2205,14.687552
2165,2210,10.785124
2165,2226,14.367698
2166,2169,8.883693
2166,2190,9.710974
2166,2232,14.837308
2167,2191,11.916459
2167,2202,10.167407
2167,2205,8.79669
2168,2172,12.710748
2168,2194,11.499432
2168,2224,14.754358
2168,2230,12.520914
2168,2234,14.448469
2169,2217,11.079188
2171,2189,6.298325
2171,2197,5.3024454
2171,2207,13.791885
2171,2215,10.858873
2171,2222,12.143333
2171,2233,13.769211
2172,2175,13.695661
2172,2179,8.573622
2172,2208,9.464168
2172,2224,11.437356
2173,2195,9.624434
2173,2220,11.152053
2174,2203,8.763333
2174,2218,9.842232
2175,2179,6.212736
2175,2208,11.54592
2175,2212,11.287845
2175,2219,10.523911
2176,2209,10.78736
2176,2213,13.280448
2176,2231,11.148421
2177,2201,5.398933
2177,2225,10.970554
2178,2184,6.8305006
2178,2227,13.441732
2179,2208,5.877729
2179,2212,14.42069
2179,2219,8.774294
2179,2224,13.642428
2180,2192,14.468186
2180,2195,9.395067
2180,2235,12.338842
2181,2182,14.158078
2181,2204,11.714802
2181,2214,9.009813
2181,2223,13.495693
2182,2223,10.335527
2183,2196,6.888852
2184,2227,9.365346
2185,2206,6.8793044
2185,2216,10.390412
2186,2196,11.18851
2186,2199,8.504343
2186,2229,10.6790495
2187,2193,9.349189
2187,2228,12.411364
2188,2200,8.098402
2188,2211,6.6449013
2189,2197,9.853132
2189,2207,7.535545
2189,2215,5.7104936
2189,2222,14.620481
2189,2233,12.503348
2190,2202,13.03969
2190,2210,7.193515
2190,2226,12.599898
2190,2232,10.508467
2190,2247,13.952188
2191,2205,11.616673
2192,2237,13.364465
2192,2251,14.489725
2193,2228,8.372345
2194,2203,9.087786
2194,2234,11.017958
2195,2220,7.410041
2195,2235,14.166385
2195,2252,13.836944
2196,2229,12.169302
2197,2215,12.252226
2197,2222,7.195974
2197,2233,11.206206
2197,2244,14.807481
2199,2200,10.1282015
2199,2211,13.905141
2199,2229,13.540045
2200,2211,4.4930277
2201,2225,6.1416698
2202,2205,6.197983
2202,2210,7.2913775
2202,2226,5.9097304
2202,2248,12.332312
2202,2250,10.734044
2203,2218,9.741567
2204,2214,5.7252097
2204,2216,8.711386
2204,2242,9.268392
2204,2246,12.1754465
2205,2210,13.420722
2205,2226,10.56312
2205,2250,12.273525
2206,2216,12.4608345
2206,2238,8.982831
2207,2215,5.0092306
2207,2217,8.317046
2207,2233,13.833002
2207,2255,10.853613
2208,2219,7.5421386
2208,2224,8.536271
2208,2262,14.406484
2209,2231,10.621881
2209,2240,8.570254
2210,2226,5.407245
2210,2232,10.963031
2210,2247,10.841343
2210,2248,9.1348915
2210,2250,11.847365
2212,2219,9.415374
2212,2258,13.253115
2212,2262,14.172141
2213,2231,10.042146
2213,2239,7.3629894
2214,2216,13.235029
2214,2242,9.351922
2214,2246,7.8080206
2215,2217,13.239031
2215,2222,14.20406
2215,2233,9.074186
2215,2255,11.419878
2216,2242,8.856063
2217,2255,12.849602
2218,2227,13.508715
2218,2236,6.7466135
2218,2273,14.165591
2219,2262,9.400925
2220,2252,8.624989
2221,2253,10.081852
2222,2233,7.921412
2222,2244,7.695115
2222,2254,12.447342
2222,2257,9.452068
2223,2246,14.609065
2223,2259,11.458911
2224,2230,7.075699
2224,2261,11.588079
2224,2268,12.9666395
2225,2265,10.857689
2225,2274,14.003652
2226,2232,13.89489
2226,2247,11.178825
2226,2248,6.4229107
2226,2250,6.5915575
2227,2236,10.222758
2227,2245,12.996564
2228,2256,12.230883
2228,2272,12.679412
2230,2234,8.087226
2230,2261,8.712623
2230,2268,14.881591
2231,2239,8.078736
2231,2240,10.9215
2231,2264,10.48036
2232,2247,6.0692987
2232,2248,11.326955
2232,2267,12.978022
2232,2275,12.761519
2233,2244,11.660353
2233,2255,14.161835
2233,2257,8.325163
2233,2278,12.771984
2234,2260,9.23349
2234,2261,11.511859
2234,2276,11.300133
2235,2251,11.153185
2235,2252,11.899785
2235,2271,11.037851
2235,2284,12.356805
2236,2273,11.214613
2236,2286,11.856976
2237,2251,9.227998
2237,2269,8.734067
2238,2241,9.463901
2238,2296,14.455923
2239,2264,10.964293
2239,2270,9.222786
2240,2263,10.020588
2240,2264,10.527514
2240,2280,10.230596
2241,2287,14.60136
2242,2246,8.2040615
2244,2254,5.2441115
2244,2257,6.113317
2244,2294,12.329307
2245,2279,10.400508
2245,2283,13.670428
2246,2292,13.771394
2247,2248,6.317289
2247,2250,12.91209
2247,2267,13.03819
2247,2275,8.491797
2247,2289,13.762813
2248,2250,6.600697
2248,2275,11.9159
2248,2289,10.694687
2249,2281,9.276127
2250,2289,10.633492
2251,2284,11.003717
2251,2298,12.248441
2252,2271,7.8532457
2254,2257,10.159003
2254,2294,13.456582
2255,2266,5.498235
2255,2278,11.100717
2255,2282,7.7726374
2255,2304,12.317922
2256,2293,8.59488
2256,2314,13.277171
2257,2278,13.147773
2257,2294,8.213437
2258,2262,10.345342
2258,2263,12.379468
2258,2277,7.199983
2258,2297,8.385828
2258,2316,13.530502
2259,2272,11.936134
2259,2285,7.625466
2259,2288,5.8602657
2259,2307,10.568362
2260,2261,14.357061
2260,2276,6.4220676
2260,2295,7.2093215
2260,2308,14.349033
2260,2320,14.503259
2261,2268,8.975124
2261,2276,10.042377
2261,2308,13.140432
2261,2309,14.871504
2261,2325,14.262008
2262,2268,13.915598
2262,2297,12.643234
2262,2301,13.225579
2262,2313,13.734346
2263,2277,8.596291
2263,2280,9.000389
2263,2305,10.636449
2264,2270,12.572861
2264,2280,10.899796
2264,2306,11.291937
2265,2274,6.7494326
2265,2300,9.071679
2266,2278,12.632595
2266,2282,7.133826
2266,2304,9.180187
2266,2323,12.867027
2267,2275,9.33316
2267,2311,13.911398
2268,2301,8.816671
2268,2309,10.114659
2268,2325,14.625732
2269,2270,11.490837
2269,2298,13.711014
2269,2302,9.591454
2269,2327,13.767545
2270,2302,9.411901
2270,2306,11.646133
2271,2284,10.164838
2271,2318,11.357306
2271,2322,12.283106
2272,2288,11.832898
2272,2293,13.920213
2273,2286,9.467767
2273,2295,13.237424
2273,2312,9.484656
2273,2320,14.795776
2274,2300,10.911273
2274,2303,8.78902
2274,2337,13.537952
2275,2289,11.673904
2275,2311,7.594674
2276,2295,8.353615
2276,2308,8.425102
2276,2320,14.075025
2276,2325,13.367282
2276,2331,13.418975
2277,2280,14.491229
2277,2297,7.965918
2277,2305,9.70834
2277,2316,12.451923
2277,2326,9.581163
2278,2282,5.9242616
2278,2294,12.407694
2278,2304,9.779713
2278,2328,11.596349
2279,2283,9.027624
2279,2290,12.140834
2279,2330,11.38379
2280,2305,8.633948
2282,2304,5.5214024
2282,2323,11.303323
2282,2328,14.515745
2283,2315,10.322986
2283,2341,13.74564
2284,2298,10.575856
2284,2317,7.901851
2284,2318,8.602517
2285,2288,5.7330046
2285,2292,13.570281
2285,2307,6.3621016
2285,2343,14.775208
2286,2290,7.2603345
2286,2312,14.2550125
2286,2324,8.435642
2287,2296,9.764128
2287,2303,13.504752
2287,2335,10.24083
2288,2307,4.966671
2288,2343,14.966718
2289,2311,11.732457
2289,2329,10.971068
2290,2324,9.83271
2290,2330,13.360954
2291,2296,13.621303
2291,2299,6.2800875
2292,2342,11.595476
2293,2314,5.3584986
2293,2333,9.934012
2294,2328,12.652115
2294,2345,14.152378
2295,2308,12.205524
2295,2312,10.193875
2295,2320,7.30288
2295,2331,10.643377
2295,2348,14.353735
2296,2299,7.5074754
2297,2313,9.465994
2297,2316,5.224328
2297,2326,11.104162
2297,2346,12.501814
2298,2317,8.003221
2298,2327,12.8615055
2298,2334,8.946916
2300,2337,10.998158
2300,2340,11.199788
2301,2309,7.3922963
2301,2313,7.9146976
2301,2316,13.962478
2301,2336,12.313992
2301,2339,9.875357
2302,2306,14.430665
2302,2327,7.555911
2302,2338,13.170254
2303,2332,8.757004
2303,2335,12.348618
2303,2337,13.172872
2304,2323,5.8566217
2304,2328,13.42936
2305,2326,6.84572
2305,2360,13.258401
2305,2365,14.01485
2306,2338,10.296275
2307,2343,10.022375
2308,2309,13.361795
2308,2320,13.594367
2308,2325,5.830047
2308,2331,8.948308
2308,2336,12.587782
2308,2349,9.02869
2308,2353,11.577885
2309,2313,13.958533
2309,2325,8.161594
2309,2336,5.6632404
2309,2339,10.738605
2309,2349,14.5524435
2309,2367,14.661648
2309,2370,14.702277
2311,2356,13.816407
2311,2359,14.639861
2312,2320,6.781548
2312,2331,13.47299
2312,2348,9.543565
2313,2316,6.19673
2313,2339,8.546624
2313,2346,11.4133625
2314,2333,5.153126
2314,2357,10.894605
2314,2362,14.419336
2315,2329,13.574085
2315,2341,9.831575
2315,2347,9.581003
2316,2326,11.685451
2316,2339,13.015587
2316,2346,7.97495
2317,2318,7.4911556
2317,2334,10.200156
2318,2322,10.610636
2318,2361,13.189775
2319,2344,10.210642
2320,2331,6.753908
2320,2348,7.0508623
2320,2353,10.980829
2320,2366,11.924162
2321,2350,12.724804
2321,2363,11.919157
2322,2361,10.204301
2324,2330,13.964937
2324,2352,8.787941
2324,2369,11.1571455
2325,2331,12.910438
2325,2336,6.7905903
2325,2349,7.7215776
2325,2353,13.409485
2325,2370,12.636434
2326,2346,11.822992
2326,2360,8.66551
2326,2365,13.6033945
2327,2334,9.333023
2327,2338,14.276243
2327,2368,12.065221
2328,2345,14.077307
2328,2351,7.1571937
2328,2355,7.3765798
2329,2347,10.453291
2329,2356,9.386377
2329,2373,10.939265
2330,2341,14.300396
2330,2352,10.539622
2331,2348,9.037545
2331,2349,9.305692
2331,2353,5.17285
2331,2366,9.854541
2331,2377,12.186875
2332,2335,8.720829
2332,2337,11.276921
2332,2375,12.55288
2333,2357,5.972229
2333,2362,9.658363
2333,2379,11.968734
2334,2368,9.85058
2336,2339,11.048127
2336,2349,10.231517
2336,2367,11.845597
2336,2370,9.059294
2337,2340,11.772646
2337,2374,12.256579
2337,2375,10.938423
2338,2378,8.8447695
2339,2346,13.163238
2339,2367,7.222759
2340,2374,9.815787
2341,2347,10.494461
2342,2343,11.349445
2342,2371,7.7029443
2342,2384,13.32248
2342,2397,14.447976
2343,2387,12.903457
2344,2345,14.11749
2344,2388,11.5109215
2345,2351,9.50084
2346,2360,10.931303
2346,2385,9.735032
2346,2389,14.369549
2347,2373,11.04001
2348,2353,9.857228
2348,2366,6.387405
2348,2377,14.160237
2349,2353,6.9816737
2349,2366,13.7532835
2349,2370,9.091587
2349,2377,9.2371025
2351,2355,6.9740486
2351,2392,11.037137
2352,2369,6.017677
2352,2395,14.444865
2352,2399,13.189006
2353,2366,7.0959187
2353,2370,14.673677
2353,2377,7.0149484
2354,2401,11.723508
2355,2392,10.401598
2356,2373,8.891692
2356,2381,8.712564
2356,2406,14.63347
2357,2362,7.528789
2357,2379,6.726891
2357,2412,14.532514
2358,2376,6.4175124
2358,2383,6.42774
2358,2384,11.014803
2359,2381,13.937198
2359,2391,8.383258
2360,2365,8.618957
2360,2385,11.465653
2360,2389,9.507078
2361,2386,10.391655
2361,2398,11.052357
2362,2372,8.01993
2362,2379,6.099556
2362,2390,11.712618
2362,2408,13.009656
2362,2412,14.810961
2363,2380,8.417615
2364,2394,8.721914
2365,2382,7.69183
2365,2389,13.263083
2366,2377,8.370197
2367,2370,11.522807
2367,2402,11.217044
2368,2400,10.299931
2369,2395,8.930139
2369,2399,12.069082
2370,2377,12.087707
2370,2402,11.875272
2370,2413,12.482603
2371,2384,6.5105686
2371,2397,6.980225
2371,2407,11.069446
2371,2420,13.272288
2372,2379,12.091182
2372,2387,9.955065
2372,2390,5.892322
2372,2408,11.54854
2372,2417,13.136584
2373,2381,12.562289
2373,2406,13.519527
2374,2375,10.457815
2374,2410,9.972586
2375,2405,11.118657
2375,2410,12.458578
2376,2383,4.159327
2376,2384,13.567003
2376,2396,14.367716
2376,2404,11.49734
2376,2416,12.158056
2377,2413,12.688259
2378,2393,9.705813
2378,2409,9.596673
2378,2414,10.499537
2379,2390,13.183334
2379,2408,10.835167
2379,2412,9.060998
2379,2431,14.987482
2381,2391,13.811308
2381,2406,7.8213296
2382,2393,8.566067
2382,2422,10.838041
2383,2384,9.693092
2383,2404,13.303218
2383,2416,11.17756
2384,2397,6.909968
2384,2407,12.865923
2384,2420,10.169601
2385,2389,7.009292
2385,2403,9.696186
2385,2426,11.184515
2386,2398,11.049737
2386,2423,9.85169
2386,2438,14.197342
2387,2390,7.8242264
2387,2408,14.492761
2387,2417,11.204111
2387,2430,12.699472
2389,2403,14.258448
2389,2426,9.939952
2390,2408,7.3129663
2390,2417,7.2737865
2390,2450,14.8151865
2391,2433,13.738887
2392,2418,12.892192
2392,2419,7.4868107
2392,2436,12.644169
2393,2409,7.9087443
2393,2414,13.143809
2393,2422,10.376582
2393,2432,14.059608
2394,2427,12.151001
2394,2447,14.16068
2395,2399,11.25233
2395,2428,11.093681
2396,2404,5.348009
2396,2416,13.465387
2397,2407,5.9797573
2397,2420,6.6738024
2397,2446,14.37637
2397,2448,14.195725
2398,2411,9.26492
2398,2438,13.790944
2399,2428,9.240906
2399,2440,11.4707985
2400,2423,11.844868
2401,2427,13.431661
2401,2443,12.213947
2401,2462,14.890077
2402,2413,10.996808
2402,2429,12.094087
2403,2426,9.734871
2403,2429,8.455782
2403,2442,9.073663
2404,2416,8.135697
2405,2410,14.906797
2405,2424,11.502468
2406,2434,9.888472
2406,2437,10.150283
2407,2420,8.964752
2407,2430,11.834767
2407,2446,10.171108
2407,2448,14.279986
2408,2412,9.842654
2408,2417,6.2421603
2408,2431,9.935403
2408,2450,11.979473
2409,2414,5.7207413
2409,2422,14.002739
2409,2432,6.7158794
2409,2451,10.97907
2409,2455,13.66174
2409,2456,12.141699
2411,2445,8.629867
2412,2431,6.855713
2414,2432,6.5681305
2414,2451,13.052636
2414,2456,10.500753
2414,2461,14.569023
2415,2444,7.316604
2416,2449,8.748925
2417,2430,14.074337
2417,2431,13.594952
2417,2450,7.5565457
2417,2472,14.207104
2418,2419,9.830394
2419,2436,6.5611506
2420,2446,11.764071
2420,2448,7.765658
2420,2469,12.747371
2421,2437,14.734212
2421,2441,9.013327
2421,2471,12.778573
2422,2451,13.881793
2422,2455,9.637831
2423,2438,7.408444
2424,2452,7.110131
2424,2467,12.259614
2425,2481,14.608225
2426,2429,14.805278
2426,2442,10.792821
2426,2460,9.5033045
2427,2447,10.166863
2427,2462,13.106744
2428,2440,8.669674
2428,2465,14.681547
2428,2492,14.912534
2429,2442,5.8545175
2429,2459,7.209416
2429,2476,12.84989
2430,2446,10.247429
2430,2450,13.737122
2430,2474,11.557718
2430,2478,14.53172
2431,2450,14.072033
2431,2472,14.20617
2431,2475,10.449001
2432,2451,6.6594768
2432,2455,11.848801
2432,2456,5.4516582
2432,2461,12.781875
2432,2473,10.92127
2432,2491,14.427006
2433,2453,11.77683
2434,2437,12.166719
2434,2453,7.4487205
2434,2464,9.492786
2435,2439,12.619361
2435,2458,9.682137
2437,2464,9.228151
2437,2470,10.50858
2438,2466,8.659431
2439,2458,5.6175704
2439,2485,12.254899
2439,2489,12.163683
2440,2454,10.803046
2440,2465,6.630723
2440,2482,11.447234
2440,2492,11.515196
2441,2454,7.454359
2441,2465,14.192453
2441,2471,11.030482
2441,2477,9.108338
2441,2513,14.800465
2442,2459,7.871776
2442,2460,9.603306
2442,2476,8.478691
2443,2462,7.027585
2443,2488,10.331543
2445,2466,13.036361
2445,2497,11.807012
2446,2448,10.381413
2446,2469,9.298649
2446,2474,11.006636
2446,2498,12.139253
2448,2449,12.078491
2448,2469,5.6825666
2448,2480,13.337674
2448,2498,12.8514185
2449,2480,7.8139725
2449,2501,14.306186
2449,2510,12.781188
2449,2515,13.337955
2450,2472,7.2669888
2450,2478,9.221425
2450,2511,12.829261
2451,2455,6.031263
2451,2456,7.612369
2451,2473,6.314132
2451,2491,14.020441
2451,2509,12.280701
2452,2467,7.1448736
2452,2483,14.26372
2452,2484,12.807959
2453,2464,12.837973
2454,2465,6.740142
2454,2477,8.009357
2454,2482,9.7155
2454,2513,12.899992
2455,2456,13.641014
2455,2473,9.950445
2455,2509,13.384297
2456,2461,8.475485
2456,2473,8.092327
2456,2491,8.997631
2456,2509,14.54499
2456,2523,14.306424
2457,2481,10.727451
2457,2503,13.097948
2457,2518,14.201587
2457,2522,13.90023
2458,2485,11.548956
2458,2489,7.699763
2458,2521,13.469126
2459,2476,8.81586
2459,2487,10.3479
2459,2506,12.054576
2459,2508,14.96263
2460,2476,8.493228
2460,2508,10.882932
2460,2514,13.0769205
2461,2473,14.504418
2461,2491,8.024316
2461,2493,8.950572
2462,2488,10.339937
2462,2526,13.914718
2464,2470,11.037103
2464,2527,12.693185
2465,2477,12.094941
2465,2482,5.34166
2465,2492,9.17764
2465,2513,14.845694
2465,2529,14.120651
2466,2497,12.339362
2467,2483,7.118852
2467,2524,13.620415
2468,2484,4.819914
2468,2501,8.473226
2468,2510,13.796385
2468,2534,13.744254
2468,2543,14.845807
2469,2480,13.747462
2469,2498,7.1705737
2469,2515,13.532989
2470,2471,9.018801
2470,2520,10.193249
2471,2477,9.6136
2471,2513,11.859042
2471,2520,8.874695
2471,2532,11.470958
2472,2475,12.116382
2472,2478,8.507157
2472,2511,6.478883
2472,2535,13.003331
2472,2549,14.491367
2473,2491,9.537364
2473,2509,6.740124
2473,2523,9.347868
2473,2541,12.380937
2474,2478,9.401516
2474,2498,12.68942
2474,2516,6.8308873
2474,2547,13.563494
2475,2511,14.892696
2475,2535,14.942419
2476,2506,11.749253
2476,2508,6.7843637
2476,2539,14.560299
2477,2482,11.240069
2477,2513,5.7451777
2477,2520,14.889158
2477,2529,14.605667
2477,2532,13.161904
2478,2511,8.42051
2478,2516,9.403793
2478,2548,13.118699
2478,2549,14.040974
2479,2486,8.051737
2479,2504,6.156565
2479,2505,9.941077
2479,2538,11.795259
2479,2545,14.719139
2480,2501,10.480312
2480,2510,6.3012958
2480,2515,5.6589265
2480,2534,13.009612
2481,2495,7.824013
2481,2512,13.668145
2481,2518,7.210815
2481,2522,11.845103
2481,2531,13.706941
2481,2550,13.124421
2482,2492,7.3929
2482,2513,11.801993
2482,2528,12.682884
2482,2529,8.779749
2483,2494,12.334653
2483,2500,8.235476
2483,2524,7.4726496
2483,2546,13.414094
2484,2501,12.1576605
2484,2543,12.261582
2485,2489,8.561497
2485,2521,10.675611
2486,2490,11.382042
2486,2504,10.861363
2486,2538,14.676716
2486,2545,10.712418
2487,2504,14.696717
2487,2505,8.555915
2487,2506,10.168144
2487,2530,8.85482
2488,2495,10.28479
2488,2512,6.770599
2488,2526,8.023477
2488,2563,14.74647
2489,2521,5.7797875
2489,2559,12.931415
2490,2496,12.079098
2490,2545,14.795282
2491,2493,9.9587555
2491,2509,12.293697
2491,2523,7.878831
2491,2533,10.163737
2491,2541,14.857398
2491,2560,14.055733
2492,2496,9.619895
2492,2528,8.534057
2492,2529,11.52394
2493,2533,9.370007
2493,2558,12.147736
2494,2500,5.037107
2494,2524,11.59174
2494,2542,12.83783
2494,2546,11.467771
2494,2554,11.963
2495,2512,5.9417787
2495,2518,10.771734
2495,2531,10.267622
2495,2550,13.656076
2495,2563,14.356939
2496,2528,10.637866
2498,2515,14.647844
2498,2516,14.309258
2498,2544,10.211585
2498,2561,11.965958
2499,2507,5.723413
2499,2566,12.935261
2500,2524,6.6452174
2500,2546,8.306259
2500,2554,12.845332
2501,2510,5.697296
2501,2515,12.298835
2501,2534,6.2021723
2501,2565,13.810914
2501,2571,12.481006
2502,2503,8.095327
2502,2555,11.786276
2503,2518,13.8861065
2503,2522,8.139982
2503,2555,8.680379
2503,2589,14.171395
2504,2505,6.2961326
2504,2530,13.463186
2504,2538,5.695243
2504,2545,12.118372
2504,2573,12.651768
2505,2530,8.328744
2505,2538,8.134466
2505,2587,14.515321
2506,2508,12.142588
2506,2530,9.288109
2506,2564,11.689587
2506,2574,10.025123
2506,2587,14.455115
2507,2525,13.66664
2507,2566,11.694215
2507,2570,12.849633
2508,2514,12.695598
2508,2539,7.8279767
2508,2564,11.923231
2509,2523,6.8795276
2509,2541,5.970632
2509,2552,10.821266
2509,2560,13.752322
2509,2575,11.943564
2510,2515,6.6211457
2510,2534,6.7087817
2510,2571,13.47598
2510,2578,13.78122
2511,2516,14.178111
2511,2535,8.001472
2511,2548,10.905186
2511,2549,8.028403
2512,2518,14.943151
2512,2526,9.683425
2512,2531,9.810184
2512,2563,9.87935
2513,2520,13.325969
2513,2529,11.222948
2513,2532,9.49893
2513,2557,10.161562
2513,2567,11.665204
2514,2539,10.024303
2514,2540,11.949375
2514,2562,11.20272
2515,2534,11.93778
2515,2544,12.127992
2515,2578,13.3736105
2515,2585,14.883524
2516,2547,7.2340713
2516,2548,10.002926
2516,2549,14.691986
2516,2572,12.90013
2516,2582,14.954354
2517,2537,14.139486
2518,2522,6.3414435
2518,2531,9.821106
2518,2550,6.413134
2518,2589,13.70712
2518,2592,13.9484825
2520,2532,5.9124956
2520,2556,10.724134
2520,2557,13.074788
2520,2581,10.113168
2521,2559,7.160174
2522,2531,14.838676
2522,2550,8.975746
2522,2555,9.748132
2522,2589,10.053946
2522,2592,13.772227
2523,2533,10.618594
2523,2541,7.143208
2523,2552,14.672487
2523,2560,8.402417
2523,2575,11.195237
2524,2546,6.4081516
2524,2569,9.627184
2524,2577,14.129958
2525,2570,12.962843
2525,2590,13.221774
2526,2563,11.025916
2526,2579,9.729391
2527,2556,10.601997
2527,2598,13.568147
2528,2529,9.73717
2528,2594,13.277857
2528,2601,12.506394
2529,2557,14.447513
2529,2567,9.271869
2529,2591,10.485765
2529,2594,11.278698
2530,2538,11.570138
2530,2574,12.250107
2530,2587,8.289318
2531,2550,6.703622
2531,2563,8.558759
2531,2592,11.886855
2532,2556,13.140631
2532,2557,7.224623
2532,2567,13.712711
2532,2581,7.855533
2532,2599,12.321947
2533,2558,8.87691
2533,2560,8.951108
2533,2613,12.396808
2534,2565,10.33842
2534,2571,6.9079666
2534,2578,11.313708
2534,2621,14.11464
2535,2548,12.337105
2535,2549,6.407494
2535,2586,10.186172
2535,2623,14.285251
2536,2580,12.127732
2536,2593,11.437232
2537,2596,11.522585
2537,2609,14.166201
2538,2545,11.141854
2538,2573,7.395708
2538,2587,12.634281
2539,2562,8.780391
2539,2564,10.660102
2539,2602,11.681114
2540,2552,8.354636
2540,2562,10.546911
2540,2595,10.063926
2540,2611,12.084812
2541,2552,7.617581
2541,2560,9.796141
2541,2575,5.973071
2541,2595,13.747845
2541,2612,12.328544
2542,2546,14.120968
2542,2554,4.9991436
2542,2583,13.828707
2542,2584,6.4587226
2542,2604,11.330857
2543,2551,6.494078
2543,2565,7.152511
2543,2571,12.874006
2543,2577,12.597728
2543,2588,5.9853053
2544,2561,5.8025694
2544,2572,14.1107855
2544,2578,14.045124
2544,2585,7.635568
2544,2605,10.485722
2544,2622,12.579164
2545,2573,10.370217
2545,2597,14.44461
2546,2554,9.517371
2546,2569,9.523828
2546,2604,13.904829
2546,2607,10.789057
2546,2629,13.753173
2547,2548,8.579593
2547,2549,14.580064
2547,2561,12.348
2547,2572,6.0483966
2547,2582,10.194281
2548,2549,6.0067987
2548,2572,13.28533
2548,2582,6.4813986
2549,2582,9.533887
2549,2586,13.855956
2549,2623,13.810858
2550,2563,14.928423
2550,2589,10.380316
2550,2592,7.8907824
2551,2565,13.032186
2551,2569,11.843388
2551,2577,6.572174
2551,2588,8.038742
2551,2614,13.029362
2552,2575,8.433296
2552,2595,7.651624
2552,2612,13.299038
2552,2627,12.748812
2553,2558,8.77831
2553,2576,5.88702
2553,2600,10.835382
2553,2603,11.066331
2554,2584,7.7018547
2554,2604,8.687995
2554,2629,13.40899
2555,2589,7.5180354
2556,2581,8.738184
2556,2598,14.412776
2556,2619,10.56364
2556,2630,13.567752
2557,2567,7.089013
2557,2581,9.226576
2557,2591,11.252364
2557,2599,8.350976
2557,2633,12.019181
2557,2634,13.686645
2558,2576,13.748077
2558,2600,8.616445
2558,2613,11.268534
2559,2615,10.1109915
2559,2626,13.386371
2560,2575,8.551328
2560,2612,10.59119
2560,2613,11.024218
2560,2635,13.9518585
2560,2645,13.152228
2561,2572,8.42821
2561,2585,9.671771
2561,2605,8.595939
2561,2622,12.546247
2562,2602,12.292556
2562,2611,8.825673
2563,2579,8.921021
2564,2574,6.954963
2564,2602,8.861823
2564,2656,14.563487
2565,2571,5.9662037
2565,2588,7.1604447
2565,2621,11.826495
2565,2640,12.766721
2566,2570,5.935013
2566,2590,13.382781
2566,2616,7.4428835
2566,2617,9.91618
2566,2643,14.869861
2566,2644,13.139243
2567,2591,4.680246
2567,2594,9.80375
2567,2599,12.589618
2567,2633,10.346267
2568,2583,9.400946
2568,2603,14.105183
2568,2606,9.920692
2568,2628,11.314129
2569,2577,6.289625
2569,2607,8.5342245
2569,2614,6.887862
2569,2629,14.922444
2570,2590,7.740034
2570,2616,9.0372925
2570,2617,6.8729386
2570,2644,13.804622
2571,2578,10.720075
2571,2588,12.762256
2571,2620,12.709184
2571,2621,8.109266
2571,2640,12.561685
2572,2582,11.898104
2572,2605,13.395476
2572,2636,10.494469
2572,2642,13.309469
2573,2587,12.730475
2573,2631,11.177648
2573,2649,11.976099
2574,2587,10.423917
2574,2602,14.150887
2575,2595,10.891217
2575,2612,6.3865504
2575,2627,9.848279
2575,2645,13.575672
2576,2600,12.112735
2576,2603,5.436702
2576,2628,9.961713
2577,2588,11.395667
2577,2607,13.127248
2577,2614,6.628151
2577,2653,14.603717
2578,2585,8.824876
2578,2605,14.375631
2578,2620,5.4294243
2578,2621,10.14862
2578,2622,11.067933
2578,2641,11.690157
2578,2646,11.268323
2579,2608,10.736022
2579,2666,14.483648
2580,2593,9.906853
2580,2624,7.9053063
2581,2599,7.318775
2581,2619,8.689521
2581,2634,10.535432
2582,2623,13.792965
2582,2636,14.178247
2582,2642,11.1547985
2582,2647,9.045579
2583,2584,11.084165
2583,2606,4.926473
2583,2639,14.405647
2584,2604,7.281035
2584,2606,13.542007
2584,2629,14.304195
2584,2639,9.703914
2584,2657,14.676162
2585,2605,6.2183642
2585,2620,10.083132
2585,2622,5.542026
2585,2641,10.596723
2585,2654,14.6427965
2585,2665,14.433114
2586,2623,8.942343
2586,2632,7.9892545
2586,2660,14.004707
2586,2671,14.857249
2587,2631,10.707194
2587,2663,14.7834
2588,2640,13.31722
2588,2653,12.583484
2589,2592,7.6657634
2589,2638,11.302409
2589,2648,13.456126
2590,2596,14.501269
2590,2616,12.975288
2590,2617,6.772967
2590,2667,12.017458
2591,2594,5.5873775
2591,2599,14.61112
2591,2633,8.987785
2591,2651,10.948089
2592,2638,8.572361
2593,2608,13.033778
2593,2624,9.082723
2593,2677,14.505651
2594,2601,9.615662
2594,2633,12.839146
2594,2651,9.081027
2595,2611,11.025258
2595,2612,11.901117
2595,2627,7.771158
2595,2652,9.173715
2595,2680,13.422383
2596,2609,10.6712675
2596,2637,6.8985224
2596,2661,12.795386
2596,2668,12.84847
2597,2610,10.114466
2597,2655,10.541294
2597,2682,14.513646
2598,2630,6.661546
2599,2619,9.501182
2599,2633,9.219773
2599,2634,5.3417187
2600,2603,13.461834
2600,2613,9.461821
2600,2635,13.465163
2600,2669,12.066228
2600,2672,12.947123
2601,2610,8.815277
2601,2651,13.15711
2601,2662,11.747316
2602,2656,8.845276
2603,2628,5.221839
2603,2669,13.852983
2603,2673,11.304495
2604,2607,12.225133
2604,2629,7.047175
2604,2639,8.849074
2604,2657,8.367021
2605,2620,13.736107
2605,2622,4.7318096
2605,2636,13.590407
2605,2641,10.4799
2605,2654,8.820199
2605,2665,11.074795
2606,2639,13.287083
2606,2681,14.475562
2607,2614,8.262318
2607,2629,6.632414
2607,2657,12.654111
2608,2666,13.264067
2609,2637,8.496104
2609,2650,8.254433
2609,2661,9.114146
2609,2664,14.045388
2610,2662,9.373346
2610,2682,13.8019905
2611,2652,13.20287
2611,2680,9.630305
2612,2627,6.326976
2612,2635,13.319564
2612,2645,7.910401
2612,2652,12.6263275
2612,2683,12.512709
2613,2635,6.102509
2613,2645,10.76781
2613,2672,11.774264
2614,2629,14.4691105
2614,2653,12.85452
2614,2685,14.000734
2615,2626,11.733882
2615,2678,13.2824
2616,2617,6.5516825
2616,2626,12.634367
2616,2643,8.69227
2616,2644,5.6971626
2616,2679,11.479073
2617,2643,14.148025
2617,2644,8.585444
2617,2667,12.649974
2617,2679,14.795823
2617,2689,14.597946
2618,2658,8.040417
2618,2664,12.022921
2619,2630,11.052979
2619,2634,7.4220953
2619,2688,14.680126
2620,2621,8.11718
2620,2622,9.290788
2620,2641,7.234697
2620,2646,6.0405746
2620,2665,13.928276
2620,2670,11.722468
2620,2675,10.89929
2620,2686,12.552779
2621,2640,7.5488205
2621,2641,13.9613085
2621,2646,7.654864
2621,2670,9.314965
2621,2686,12.568587
2622,2641,6.0316143
2622,2646,12.530461
2622,2654,10.315873
2622,2665,8.892095
2622,2675,11.343432
2623,2632,7.3422856
2623,2647,13.091671
2623,2660,12.537769
2623,2671,9.48251
2624,2659,14.193668
2624,2677,8.862125
2625,2648,10.813274
2625,2687,12.711102
2625,2701,14.808644
2626,2643,7.1613784
2626,2644,12.950583
2626,2678,9.834805
2626,2679,12.436039
2627,2645,12.052847
2627,2652,6.4053106
2627,2680,14.22271
2627,2683,9.844244
2628,2673,11.521603
2628,2681,12.6320505
2629,2639,13.322531
2629,2657,6.3050656
2631,2649,10.081149
2631,2663,9.853103
2631,2699,13.048937
2632,2660,6.3272057
2632,2671,7.3306904
2632,2696,12.200749
2633,2634,10.682545
2633,2651,10.961552
2634,2688,10.34708
2635,2645,6.3881598
2635,2672,8.509488
2635,2714,14.355087
2636,2642,6.039209
2636,2647,11.122417
2636,2654,9.423656
2636,2676,6.631448
2636,2690,11.5494995
2636,2691,11.645139
2637,2650,12.53019
2637,2661,6.044205
2637,2668,9.460464
2637,2692,10.409602
2638,2648,10.220414
2638,2684,8.721725
2639,2657,9.39227
2639,2694,10.261893
2640,2646,12.088534
2640,2653,13.547123
2640,2670,9.30721
2640,2674,8.693199
2640,2686,13.394524
2640,2708,13.02579
2641,2646,7.4209876
2641,2654,12.390383
2641,2665,6.698757
2641,2670,12.490453
2641,2675,5.574373
2641,2686,10.851521
2641,2703,11.47819
2641,2709,14.238697
2642,2647,5.2452073
2642,2654,14.953178
2642,2676,6.934544
2642,2690,14.054081
2642,2691,9.135514
2643,2644,6.371911
2643,2678,10.960789
2643,2679,5.6854787
2643,2707,14.522428
2644,2679,6.3327756
2644,2689,12.91532
2644,2707,12.042734
2645,2672,13.773648
2645,2683,11.538686
2646,2665,13.022571
2646,2670,5.9163
2646,2675,7.3682685
2646,2686,6.618234
2646,2703,12.474463
2647,2676,11.404366
2647,2691,11.392141
2647,2718,14.986703
2648,2684,13.296023
2648,2687,8.899389
2648,2701,14.520972
2648,2717,13.711334
2649,2655,11.741943
2649,2698,12.3839655
2649,2699,11.944604
2650,2658,11.419515
2650,2661,8.306012
2650,2664,6.450407
2650,2713,13.247802
2652,2680,8.065309
2652,2683,9.323348
2653,2674,8.166438
2653,2685,10.275208
2653,2700,9.397137
2653,2708,14.133766
2653,2716,13.930834
2654,2665,7.6319065
2654,2675,14.402459
2654,2676,10.899338
2654,2690,8.799141
2654,2709,11.2737255
2655,2682,10.0006075
2655,2698,9.681567
2656,2693,11.622408
2657,2694,11.972663
2657,2724,13.655616
2658,2664,5.3962054
2659,2677,13.980475
2659,2712,10.867604
2660,2671,6.095298
2660,2696,7.9475164
2660,2729,13.751255
2661,2664,14.191782
2661,2668,11.658613
2661,2692,7.9490757
2661,2713,9.73639
2662,2682,10.781424
2662,2702,7.1345735
2662,2720,13.0112295
2662,2740,14.80912
2663,2693,10.241018
2663,2699,13.095595
2663,2721,11.383346
2663,2722,14.816171
2665,2675,6.8481355
2665,2686,13.494877
2665,2690,12.689377
2665,2703,9.405476
2665,2709,8.079323
2665,2735,14.471432
2666,2711,10.95337
2667,2668,7.4332285
2667,2689,8.262757
2667,2692,14.643968
2668,2689,14.450685
2668,2692,7.7257166
2668,2734,14.11609
2669,2672,10.897771
2669,2673,6.2022634
2669,2706,9.0058
2669,2710,11.501143
2669,2725,10.51873
2670,2674,14.339008
2670,2675,9.795966
2670,2686,4.0923443
2670,2703,12.234979
2670,2708,14.139465
2671,2696,5.6079507
2671,2718,13.652638
2671,2729,11.934518
2672,2710,8.204378
2672,2714,10.994008
2672,2725,14.157424
2673,2681,14.390525
2673,2706,7.096269
2673,2715,14.230509
2673,2725,12.52059
2674,2700,10.464522
2674,2708,6.86848
2675,2686,6.6848817
2675,2703,6.1394415
2675,2709,11.480976
2675,2735,13.3791065
2676,2690,7.231482
2676,2691,5.5280366
2676,2728,11.00184
2676,2730,14.261128
2677,2695,9.529599
2677,2712,12.430373
2677,2719,9.535802
2677,2737,14.873958
2678,2679,12.273253
2679,2689,13.595032
2679,2707,8.931633
2679,2738,14.652227
2681,2715,8.278992
2682,2698,13.059591
2682,2702,11.208785
2682,2720,8.363384
2684,2705,12.9394865
2684,2717,13.778654
2684,2723,6.9965377
2684,2760,14.248107
2685,2700,6.587921
2685,2716,5.7729344
2685,2741,11.680854
2685,2742,12.604433
2686,2703,8.146929
2686,2735,14.592174
2686,2745,13.208787
2687,2701,5.951944
2687,2704,13.635708
2687,2717,7.228506
2687,2755,14.604161
2688,2743,11.910709
2689,2707,7.742533
2689,2738,11.715047
2690,2691,9.892642
2690,2709,9.543643
2690,2728,12.024513
2690,2730,9.315654
2691,2718,12.388627
2691,2728,6.1819954
2691,2730,13.01082
2691,2736,11.367106
2691,2749,11.776171
2692,2713,7.6260705
2692,2734,8.725665
2693,2721,11.964753
2693,2722,6.278889
2693,2758,14.429359
2693,2764,14.860578
2694,2724,9.716824
2694,2732,7.451323
2695,2719,8.3154955
2695,2731,9.334222
2695,2737,9.224002
2696,2718,12.596445
2696,2729,6.4367213
2696,2748,11.359056
2697,2701,13.679462
2697,2704,5.6967406
2697,2733,6.914076
2698,2699,14.330494
2698,2727,7.128764
2698,2746,9.354312
2699,2721,9.855226
2699,2727,11.226618
2699,2751,13.917932
2699,2752,12.342444
2700,2708,11.575114
2700,2716,5.690152
2700,2741,9.434625
2700,2742,13.987186
2700,2753,12.918122
2701,2704,8.052433
2701,2717,9.253897
2701,2733,14.911119
2701,2755,11.34626
2702,2720,8.203523
2702,2726,11.886962
2702,2740,7.6745467
2702,2750,12.049545
2702,2763,13.607828
2703,2709,8.755773
2703,2735,7.3438478
2703,2745,11.489148
2703,2754,13.083707
2704,2733,8.1027565
2704,2755,14.510836
2705,2723,11.347798
2705,2756,11.298277
2706,2710,13.52169
2706,2715,11.999101
2706,2725,7.0835996
2706,2747,13.222059
2707,2738,6.57177
2707,2768,11.531372
2708,2744,8.484409
2708,2753,10.259972
2709,2730,12.210566
2709,2735,8.887867
2709,2754,9.666959
2710,2714,9.757339
2710,2725,7.564785
2710,2747,8.822622
2710,2759,12.226602
2710,2778,13.7700615
2711,2731,9.817408
2711,2762,13.156469
2711,2767,12.289247
2712,2719,11.896844
2713,2734,9.245321
2714,2759,8.119148
2716,2741,5.90836
2716,2742,8.406719
2716,2753,14.426618
2716,2776,13.146417
2717,2723,14.17994
2717,2755,10.45543
2717,2772,10.857088
2718,2728,11.378069
2718,2729,12.679642
2718,2736,7.574816
2718,2749,13.535572
2718,2766,12.005606
2718,2771,11.731239
2719,2731,13.515977
2719,2737,6.167954
2720,2740,8.437452
2720,2746,13.184459
2720,2750,14.929383
2720,2763,9.251413
2720,2770,11.51895
2721,2722,10.879569
2721,2752,8.09772
2721,2764,10.92313
2721,2791,14.91504
2722,2758,8.68046
2722,2764,9.108007
2723,2760,7.3358197
2723,2785,14.632904
2724,2732,8.018218
2724,2765,10.424983
2725,2747,6.643645
2725,2778,13.722745
2726,2739,5.903218
2726,2740,10.819391
2726,2750,6.99499
2726,2781,12.388701
2726,2782,13.483762
2726,2806,14.6572895
2727,2746,8.509701
2727,2751,8.265443
2727,2775,11.966757
2728,2730,10.041831
2728,2736,6.6852107
2728,2749,5.6024876
2728,2771,13.677528
2728,2779,12.036508
2729,2748,5.8594174
2729,2766,10.391971
2729,2780,10.98933
2729,2800,14.142269
2730,2749,9.834139
2730,2754,11.361439
2730,2779,13.10459
2730,2784,12.01339
2730,2799,11.318484
2731,2737,9.142958
2731,2762,7.408719
2734,2789,10.66305
2735,2745,9.831228
2735,2754,6.5652432
2735,2784,12.386886
2735,2790,12.54234
2735,2793,14.512918
2736,2749,6.2369714
2736,2766,11.608485
2736,2771,7.4274044
2736,2779,10.406047
2736,2794,11.648097
2737,2762,11.059196
2738,2768,5.022221
2738,2774,9.549748
2738,2787,9.287247
2739,2750,9.520725
2739,2769,12.442138
2739,2781,8.11682
2739,2782,14.688565
2739,2796,11.443689
2739,2806,13.108004
2740,2750,6.496183
2740,2763,7.145567
2740,2770,14.315957
2740,2782,8.723918
2740,2802,13.667841
2740,2806,14.35782
2741,2742,7.131169
2741,2753,11.114829
2741,2776,8.16795
2741,2783,14.513742
2741,2803,12.951009
2741,2815,14.51527
2742,2765,11.266178
2742,2776,7.4554715
2743,2769,9.361788
2743,2773,12.848748
2743,2797,12.067626
2744,2745,13.486528
2744,2753,5.915997
2744,2783,8.510434
2744,2810,14.821206
2745,2790,13.908136
2745,2793,10.321924
2746,2751,12.5714855
2746,2770,9.035988
2746,2775,8.20012
2747,2759,12.226428
2747,2778,7.087671
2747,2792,10.112269
2747,2798,12.749484
2748,2766,11.820127
2748,2780,9.486519
2748,2800,9.793998
2749,2771,10.509713
2749,2779,6.4345527
2749,2794,11.059287
2749,2799,14.621446
2749,2818,13.887106
2750,2763,11.211984
2750,2781,10.9543495
2750,2782,6.5459576
2750,2802,12.433467
2750,2806,9.431122
2751,2752,10.986363
2751,2775,9.7351265
2751,2808,11.104614
2751,2814,10.510605
2752,2764,10.517156
2752,2791,9.150433
2752,2808,9.476354
2753,2783,6.184559
2753,2803,13.428025
2753,2810,12.28058
2754,2784,6.367955
2754,2790,11.019638
2754,2799,12.133776
2755,2772,9.628117
2755,2801,9.6858
2755,2811,12.81386
2756,2760,13.792927
2756,2767,11.604163
2756,2785,10.600422
2756,2786,7.076832
2756,2804,10.399997
2757,2777,9.206145
2758,2764,9.115612
2758,2788,7.844949
2758,2826,13.5894985
2759,2778,9.474825
2759,2798,10.862024
2759,2821,13.652315
2760,2772,12.23653
2760,2785,8.144277
2760,2804,14.221022
2761,2774,11.902267
2761,2777,11.46757
2761,2812,14.320632
2762,2767,14.386214
2762,2805,9.434204
2762,2819,13.461119
2763,2770,7.889599
2763,2782,8.307453
2763,2802,10.015865
2763,2806,14.786101
2764,2788,13.386055
2764,2791,8.26322
2764,2825,13.555212
2764,2826,10.9606495
2765,2776,13.57448
2765,2830,13.662111
2766,2771,6.2202024
2766,2780,5.4094954
2766,2794,11.626508
2766,2800,11.87912
2766,2816,10.200159
2767,2786,10.788907
2767,2805,14.813693
2767,2817,11.443585
2767,2819,12.512288
2768,2774,7.790941
2768,2787,4.9693594
2768,2812,13.048468
2768,2822,13.351498
2769,2781,12.335335
2769,2796,8.056113
2769,2797,7.7340894
2770,2775,10.091579
2770,2802,14.831423
2771,2779,9.877238
2771,2780,10.843963
2771,2794,6.553968
2771,2816,11.440563
2771,2818,12.785612
2772,2801,10.944856
2772,2831,12.561666
2774,2787,5.3502116
2774,2812,7.1890764
2774,2847,14.285003
2775,2814,11.049498
2776,2803,8.914964
2776,2815,7.9514446
2778,2792,7.034312
2778,2798,5.663697
2778,2821,11.963494
2778,2832,11.673239
2779,2794,6.4655876
2779,2799,12.109323
2779,2818,7.497207
2779,2820,11.26413
2780,2794,14.570498
2780,2800,6.483564
2780,2816,8.1679535
2780,2848,13.289792
2781,2782,12.286467
2781,2796,6.135558
2781,2806,7.3562613
2781,2842,14.320982
2781,2843,11.267575
2782,2802,5.900584
2782,2806,6.5302386
2783,2803,10.35916
2783,2810,6.4613056
2783,2815,14.810982
2783,2837,10.610494
2784,2790,9.51896
2784,2799,6.7042437
2784,2820,11.557278
2784,2851,12.548399
2785,2786,10.461429
2785,2804,6.198717
2785,2828,7.690596
2785,2850,11.137711
2786,2804,6.136048
2786,2817,11.233803
2786,2828,11.952662
2786,2845,10.615605
2787,2812,8.337837
2787,2822,10.926781
2787,2847,13.108461
2788,2826,10.523851
2788,2834,8.040984
2788,2838,10.146596
2789,2823,9.924717
2789,2829,12.69991
2789,2839,10.476529
2790,2793,7.3652754
2790,2833,10.89471
2790,2846,9.5784445
2791,2808,7.7828526
2791,2825,6.976502
2791,2826,8.803388
2792,2798,8.762085
2792,2821,14.531675
2792,2832,9.880929
2792,2844,9.688179
2793,2833,6.4550066
2793,2846,9.914756
2794,2816,10.897928
2794,2818,6.2731566
2794,2857,13.388942
2795,2813,13.630077
2795,2824,5.375955
2795,2852,13.465792
2795,2856,12.491466
2796,2797,9.875835
2796,2806,12.615612
2796,2841,14.098518
2796,2842,10.221604
2796,2843,12.184504
2797,2835,10.816655
2797,2841,7.7194014
2797,2842,11.516837
2798,2821,6.4540486
2798,2827,13.670165
2798,2832,7.25943
2799,2818,14.208238
2799,2820,5.4083834
2799,2851,9.567128
2800,2816,10.458072
2800,2848,9.904439
2801,2811,6.802758
2801,2831,7.5567093
2801,2849,8.600077
2802,2806,8.203824
2802,2843,13.945859
2803,2810,7.5606008
2803,2815,4.4543843
2803,2837,14.213541
2804,2817,14.965254
2804,2828,5.916758
2804,2845,10.373565
2804,2850,10.631578
2805,2817,12.49924
2805,2819,5.6632166
2805,2855,9.024259
2805,2871,14.613216
2806,2843,9.272944
2808,2814,8.895729
2808,2825,10.719141
2809,2821,12.89466
2809,2827,5.814785
2809,2836,5.051466
2809,2874,13.218041
2810,2815,11.464294
2810,2837,6.8779993
2811,2831,12.494666
2811,2849,9.671207
2812,2822,14.3178215
2812,2847,7.597733
2812,2862,14.546357
2812,2868,13.616905
2813,2823,10.587079
2813,2824,12.256913
2813,2852,9.726438
2813,2854,9.566227
2813,2876,14.286409
2815,2863,12.733682
2816,2818,14.444635
2816,2848,9.438868
2816,2857,10.460377
2816,2877,14.099412
2817,2819,6.9105005
2817,2845,8.380441
2817,2855,14.346236
2817,2861,9.985503
2817,2871,13.943301
2818,2820,10.347762
2818,2857,11.816587
2818,2870,12.849221
2819,2855,9.329193
2819,2861,11.516654
2819,2871,12.219187
2820,2851,6.949967
2821,2827,7.729748
2821,2832,7.852112
2822,2829,10.55253
2822,2847,12.556314
2822,2875,14.588977
2823,2839,8.339267
2823,2854,9.812287
2824,2852,8.708617
2824,2856,8.388498
2824,2881,13.907304
2825,2826,6.3370304
2825,2838,11.153946
2826,2834,14.913645
2826,2838,6.845719
2827,2836,7.8896785
2827,2874,10.432132
2828,2845,11.945839
2828,2850,4.716025
2829,2839,8.989617
2829,2875,10.8202505
2830,2858,10.076272
2831,2849,6.136024
2831,2860,12.481721
2831,2884,13.446535
2832,2844,11.217637
2832,2878,12.763449
2833,2837,14.269939
2833,2846,6.3044176
2833,2865,9.698801
2833,2869,11.935981
2834,2838,10.254928
2835,2841,7.412698
2835,2853,8.921157
2835,2872,10.012891
2835,2873,14.288745
2836,2874,10.14971
2837,2886,13.734652
2839,2875,12.787586
2840,2853,10.689208
2840,2885,13.06497
2841,2842,8.746284
2841,2872,14.25882
2841,2873,9.160321
2842,2843,10.225008
2842,2873,9.160619
2844,2878,9.189593
2844,2879,14.340775
2845,2850,14.958473
2845,2861,11.104225
2845,2888,13.221597
2846,2865,9.469486
2846,2866,12.281041
2846,2869,7.284084
2846,2894,14.238424
2847,2862,11.18034
2847,2868,7.6971035
2847,2891,12.758856
2848,2857,13.587911
2848,2867,6.95384
2848,2877,9.027235
2848,2887,11.074594
2849,2884,10.611505
2849,2895,13.590281
2850,2860,10.33807
2851,2866,9.267833
2852,2854,8.024655
2852,2856,11.674995
2852,2876,7.398376
2852,2881,9.852911
2852,2896,12.178029
2853,2872,7.942393
2853,2885,9.906979
2854,2876,6.296658
2854,2896,12.034768
2855,2861,11.183267
2855,2871,6.932014
2856,2881,9.42331
2856,2882,7.335773
2857,2870,5.95644
2857,2877,10.312358
2857,2902,12.314923
2857,2913,13.223934
2858,2863,9.7405405
2858,2883,7.887763
2859,2889,8.870721
2859,2901,9.476202
2860,2884,11.78538
2861,2871,6.092527
2861,2888,14.898824
2861,2916,11.701721
2862,2868,5.440391
2862,2891,11.213092
2862,2903,11.271458
2862,2924,11.371352
2863,2883,5.0556793
2863,2893,11.428806
2864,2890,14.862784
2864,2898,10.549712
2864,2906,8.447024
2865,2869,7.3466425
2865,2894,13.468787
2865,2912,9.284732
2866,2869,10.08811
2866,2894,9.140357
2866,2923,13.282878
2867,2877,7.5801306
2867,2887,5.5087156
2867,2913,14.904934
2867,2914,11.1589
2867,2915,9.105888
2868,2891,7.1299906
2868,2903,13.945858
2868,2924,11.798
2869,2894,7.4925895
2869,2912,9.821909
2870,2877,13.40809
2870,2899,11.387572
2870,2902,7.4513564
2870,2913,12.247315
2871,2916,9.042775
2872,2885,8.63053
2872,2909,13.40226
2874,2908,8.648449
2875,2900,11.509368
2875,2904,8.268473
2876,2881,9.814631
2876,2896,5.9681263
2877,2887,5.6826787
2877,2902,14.888874
2877,2913,8.596108
2877,2914,7.207345
2877,2915,9.458684
2878,2879,12.938642
2878,2905,9.291096
2878,2911,7.2831817
2878,2920,11.175192
2879,2890,3.6055512
2879,2906,14.038565
2879,2911,13.26126
2879,2920,8.337962
2879,2921,5.663928
2881,2882,9.432883
2881,2896,8.857663
2883,2893,13.063214
2884,2895,7.5885644
2885,2909,6.227199
2886,2893,11.367868
2887,2913,10.118073
2887,2914,5.770472
2887,2915,4.359052
2889,2901,9.706988
2889,2907,11.559148
2890,2906,10.623438
2890,2920,9.373096
2890,2921,2.9820426
2891,2900,13.945144
2891,2903,13.980831
2891,2924,9.50174
2892,2910,7.3687463
2894,2912,9.726723
2894,2923,13.762537
2895,2917,13.362941
2897,2910,9.887728
2897,2919,4.6267195
2898,2906,10.802223
2898,2922,6.911529
2899,2902,9.227181
2899,2923,9.728935
2900,2904,11.7341585
2901,2918,7.4812202
2902,2913,9.037366
2902,2914,14.092284
2903,2924,5.3137193
2905,2911,6.8991466
2905,2920,13.76659
2906,2921,10.695279
2910,2919,14.199447
2911,2920,6.885736
2911,2921,14.772868
2913,2914,5.086371
2913,2915,10.46724
2914,2915,5.3850393
2920,2921,8.087259
3,1,14.143097
70,1,12.278456
73,1,14.508391
7,2,13.413133
26,2,12.794953
15,3,6.5632043
77,3,13.759146
21,4,8.315825
51,4,13.385273
65,4,11.402639
27,5,9.2537775
39,5,5.577494
60,5,14.5012045
78,5,13.044304
27,6,10.635216
40,6,9.237305
41,6,5.963731
60,6,12.34332
74,6,11.38235
10,7,9.597737
61,7,11.155873
14,8,13.059054
22,9,12.92571
35,9,8.710287
62,9,8.995138
68,9,12.033787
31,10,6.923675
61,10,9.47035
23,11,8.911647
54,11,8.860975
69,11,13.8281145
81,11,13.369045
47,12,9.314783
48,12,6.549302
80,12,12.605313
24,13,12.451439
85,14,14.038058
20,15,9.40337
72,15,12.049428
77,15,14.93427
37,16,9.910906
57,16,9.599231
18,17,14.582499
30,17,10.914498
42,17,7.111967
56,17,6.9933696
63,17,13.94995
26,18,11.660008
45,19,8.750792
52,19,8.569434
36,20,8.368205
72,20,12.98286
51,21,8.276869
65,21,12.364552
76,21,14.787591
35,22,5.8093753
62,22,14.318367
67,22,9.280643
68,22,11.384687
32,23,8.454018
54,23,7.0927596
49,24,7.9951453
37,25,8.480616
53,25,5.905455
79,25,11.410146
39,27,9.418205
41,27,11.667332
60,27,7.246247
74,27,12.091778
78,27,12.747484
31,28,10.467758
43,28,11.972096
76,29,11.743389
42,30,6.4082494
56,30,11.815513
63,30,6.3735194
71,30,10.635998
82,30,11.464952
61,31,11.699124
88,31,12.08341
44,32,12.275212
54,32,12.915273
49,33,11.326723
50,33,12.102848
64,33,7.3625855
66,33,7.5455084
97,33,14.234954
75,34,9.854864
62,35,8.538198
67,35,8.361892
68,35,6.6116023
38,36,9.04924
53,37,9.661823
57,37,13.239678
79,37,9.339068
89,37,13.55779
87,38,11.724868
60,39,11.660466
78,39,7.5384936
41,40,6.841492
58,40,6.5971847
74,40,11.306395
58,41,12.753965
60,41,9.509209
74,41,5.988441
92,41,11.581394
56,42,5.424582
63,42,6.9706297
71,42,13.939373
82,42,8.68952
83,43,12.563043
93,43,10.280915
45,44,11.29121
95,44,13.398438
52,45,11.992402
107,45,13.547535
47,46,8.360638
48,46,14.667976
69,46,9.682802
84,46,7.863357
108,46,14.681904
114,46,14.0037155
48,47,6.317563
80,47,9.614949
84,47,10.629184
108,47,12.930773
80,48,6.1464944
66,49,8.733973
64,50,8.2283325
65,51,8.629869
76,51,10.36347
90,51,8.9882
117,51,12.415007
122,51,13.615873
94,52,12.983774
112,52,11.962599
79,53,6.8456554
86,53,12.751596
69,54,14.398233
81,54,8.930076
96,54,9.937414
59,55,8.743027
109,55,12.354484
63,56,11.230758
82,56,10.1264715
89,57,8.641493
104,57,13.188266
116,57,11.538483
98,59,9.788492
109,59,11.80138
74,60,6.3539352
78,60,10.0435
92,60,8.838122
88,61,11.740107
101,61,11.000374
67,62,12.254589
68,62,5.4651995
71,62,12.477625
71,63,7.1729593
82,63,5.711131
66,64,7.1395717
97,64,8.4490385
120,64,13.111011
117,65,12.275074
97,66,8.513291
68,67,6.879754
81,69,7.90998
84,69,9.922914
96,69,14.099625
113,69,9.490866
114,69,12.758075
129,69,14.16127
73,70,9.065145
77,70,11.687357
91,70,6.424274
100,70,8.716375
103,70,11.185143
82,71,10.810807
77,72,10.9860735
106,72,7.654411
86,73,6.9015527
91,73,9.25965
103,73,8.233874
92,74,5.692514
130,74,12.918361
87,75,8.456948
110,75,8.182134
125,75,12.69409
90,76,7.19342
104,76,14.280143
111,76,11.444654
119,76,10.159614
122,76,11.6269455
91,77,14.553625
100,77,9.4234085
106,77,11.753986
140,77,14.944143
92,78,14.595074
123,78,13.917681
89,79,12.333269
126,79,10.664184
133,79,14.140342
108,80,11.82045
136,80,13.697157
96,81,6.337375
113,81,7.790416
129,81,14.547106
93,83,11.369736
94,83,11.432443
115,83,7.5956955
141,83,14.071319
142,83,11.939737
108,84,7.826254
113,84,13.43871
114,84,6.23507
129,84,13.110166
135,84,11.840319
99,85,5.5302396
128,85,12.612959
91,86,13.934832
103,86,9.684567
118,86,9.4453
145,86,14.583976
110,87,10.420337
125,87,8.26031
151,87,14.833655
101,88,7.6374984
105,88,11.925177
124,88,7.080691
154,88,14.390254
116,89,8.162579
126,89,14.004205
133,89,11.282342
149,89,12.9994135
111,90,13.6890335
117,90,9.564522
119,90,9.242735
122,90,5.2746463
150,90,14.8652115
100,91,6.779855
103,91,5.9731913
137,91,9.0094185
148,91,13.816168
130,92,7.255542
146,92,13.454672
105,93,9.569164
141,93,10.564556
167,93,14.162675
112,94,8.33922
115,94,7.0637083
132,94,7.9123
138,94,14.589911
142,94,12.188025
102,95,14.613301
107,95,10.793896
139,95,12.963094
175,95,14.372999
102,96,12.757062
113,96,9.956416
120,97,7.559215
121,97,13.6490345
109,98,7.702098
131,98,8.067489
144,98,13.940016
165,98,12.772968
128,99,7.118606
160,99,11.399168
103,100,12.278113
137,100,10.299777
140,100,14.056672
166,100,11.540866
124,101,7.9316077
154,101,14.068308
186,101,14.480289
139,102,8.264595
118,103,11.833712
137,103,8.7964945
145,103,12.742055
148,103,9.274598
180,103,14.508618
111,104,5.3269033
116,104,8.853224
119,104,11.044414
134,104,7.731375
149,104,13.874421
124,105,10.454043
141,105,14.670758
154,105,12.049258
167,105,11.091697
140,106,9.459287
112,107,10.742035
138,107,9.111034
163,107,11.002665
175,107,13.503134
114,108,6.6101346
129,108,14.314293
135,108,6.4465947
147,108,9.640473
158,108,13.725526
183,108,13.898889
127,109,13.151715
131,109,13.43388
144,109,8.026108
165,109,14.620445
125,110,7.956501
151,110,9.433299
155,110,14.313762
162,110,11.282711
116,111,13.313179
119,111,5.733049
122,111,13.828759
134,111,8.438982
115,112,14.587387
132,112,9.28569
138,112,7.4565654
163,112,12.659695
172,112,12.965594
114,113,11.32052
129,113,6.780322
158,113,12.5867
129,114,8.101461
135,114,6.67042
147,114,14.0351925
158,114,9.501554
183,114,13.669286
132,115,8.910592
141,115,13.383714
142,115,6.0682054
174,115,12.278332
133,116,13.780541
134,116,8.376301
149,116,7.307719
169,116,14.215123
189,116,14.816162
122,117,8.309582
150,117,7.3049126
178,117,12.040195
126,118,12.084887
145,118,6.2110124
148,118,10.237084
171,118,12.855665
122,119,8.207631
134,119,12.485389
121,120,7.1583757
159,120,12.756631
168,120,8.8348255
176,120,13.748323
198,120,14.809168
127,121,11.348013
159,121,8.852807
164,121,13.749438
168,121,11.394246
150,122,11.027138
178,122,14.163811
199,122,14.298946
181,123,13.206319
200,123,13.602005
154,124,7.4136004
186,124,14.680373
151,125,6.827699
152,125,13.210537
162,125,13.032927
133,126,6.3081827
145,126,14.686158
171,126,9.499273
177,126,11.133751
144,127,11.021845
159,127,11.361379
164,127,9.236197
195,127,14.070008
160,128,8.254932
161,128,8.004904
192,128,10.860813
135,129,10.941522
158,129,5.810969
183,129,13.983279
194,129,10.5757885
146,130,8.541418
170,130,12.188199
179,130,9.158579
165,131,6.9715166
138,132,11.053037
142,132,9.695705
163,132,14.782585
172,132,7.928304
174,132,10.030653
205,132,12.600822
149,133,11.851036
169,133,9.9253645
171,133,11.820203
177,133,7.4122696
210,133,13.224661
149,134,8.446323
189,134,11.770068
206,134,13.5449915
147,135,8.154832
158,135,8.175703
183,135,7.7440896
194,135,14.724621
147,136,9.488534
188,136,14.116109
190,136,9.728544
145,137,14.680642
148,137,8.5370455
166,137,10.027485
180,137,8.750842
163,138,5.208
172,138,9.264239
175,138,14.355677
212,138,14.261237
166,140,9.647138
193,140,12.905253
196,140,9.471819
142,141,9.799291
167,141,9.481071
174,141,14.16774
197,141,10.450111
211,141,14.942511
174,142,7.2058754
197,142,11.515626
205,142,14.867003
221,142,14.566017
184,143,9.806281
188,143,9.553318
164,144,11.953978
165,144,13.243974
191,144,9.491221
220,144,14.416994
148,145,6.221854
171,145,10.842939
180,145,11.557995
179,146,10.6187935
209,146,10.113586
218,146,14.227244
183,147,9.672159
190,147,12.855459
222,147,13.682919
180,148,6.8785515
169,149,7.5930233
177,149,13.038478
189,149,7.8305078
206,149,13.824225
217,149,13.352558
178,150,4.7689543
199,150,11.612928
207,150,10.126634
155,151,13.947848
162,151,6.985683
173,153,8.524456
214,153,11.652592
167,154,11.28458
186,154,12.721925
204,154,9.088503
211,154,14.950694
161,155,8.689076
162,155,7.302986
192,155,14.557281
203,155,9.01763
157,156,9.598524
201,156,8.923835
202,156,8.093771
225,156,14.774642
201,157,6.715921
202,157,13.376083
215,157,14.1755295
183,158,8.44604
194,158,7.1059747
164,159,6.88005
168,159,9.513138
195,159,7.5058417
224,159,14.59139
161,160,11.528147
192,160,8.489308
192,161,6.958092
203,161,10.267868
203,162,12.425924
245,162,14.923723
172,163,9.983902
175,163,10.22901
212,163,11.168921
195,164,4.9395237
220,164,14.244259
228,164,11.338566
191,165,9.156225
216,165,9.571573
180,166,14.374835
196,166,11.209235
197,167,14.315466
204,167,14.159609
211,167,8.854895
240,167,14.341876
176,168,9.876762
195,168,14.931612
198,168,7.566116
224,168,9.798707
177,169,6.655358
189,169,7.5505257
206,169,14.683453
210,169,7.508959
217,169,7.2344227
234,169,12.970396
259,169,14.720509
179,170,6.529302
181,170,7.465961
208,170,7.2016225
213,170,9.623645
237,170,11.352902
177,171,9.70108
210,171,13.112935
250,171,14.017713
174,172,11.111777
205,172,7.7073007
212,172,8.919088
214,173,8.698232
225,173,13.93261
238,173,12.3789015
197,174,9.3132
205,174,8.059976
221,174,8.046732
184,176,12.538615
198,176,5.6268253
224,176,12.573278
227,176,14.991856
244,176,13.473824
189,177,14.091212
210,177,5.968999
217,177,10.586978
199,178,8.832203
207,178,5.645387
235,178,11.465833
181,179,13.861951
208,179,9.568408
209,179,11.470253
213,179,7.4162784
237,179,12.121739
231,180,11.60846
200,181,8.585715
208,181,9.025307
213,181,14.366087
226,181,13.161034
237,181,12.882859
255,181,14.725493
186,182,7.1402397
219,182,8.613935
252,182,13.55339
194,183,11.353543
222,183,13.651309
188,184,13.460059
223,184,12.706589
227,184,7.524743
243,184,11.475819
187,185,7.0687666
232,185,10.843944
204,186,12.406251
219,186,6.7914767
215,187,10.307848
190,188,10.673661
223,188,8.840382
247,188,12.704063
206,189,7.2206674
210,189,12.771503
217,189,8.074789
234,189,7.7615147
251,189,14.120907
259,189,13.816473
222,190,8.672217
247,190,9.792085
216,191,8.723265
220,191,8.7013855
249,191,10.324373
203,192,11.427518
196,193,10.224238
233,193,13.330121
242,193,10.091342
230,194,12.410892
241,194,10.342802
220,195,13.169529
228,195,7.7561507
248,195,12.025662
253,195,11.863384
242,196,13.644218
260,196,12.745032
205,197,14.973376
211,197,12.857458
221,197,8.490961
240,197,13.867757
257,197,11.793823
265,197,14.926639
224,198,6.9466515
244,198,9.411974
207,199,5.692107
226,200,5.959228
235,200,13.517182
255,200,14.123827
202,201,7.964072
215,201,14.350601
239,201,10.050488
225,202,8.702113
239,202,9.25358
277,202,14.372083
245,203,14.353465
211,204,11.656291
219,204,13.303089
240,204,14.163992
246,204,7.521415
212,205,9.554506
221,205,8.15799
257,205,14.10067
258,205,9.124639
217,206,12.723866
234,206,6.5527496
251,206,7.9805346
275,206,11.4033785
235,207,9.535822
213,208,5.9234667
237,208,4.3275743
255,208,11.972365
213,209,11.021413
218,209,7.2236753
268,209,11.163239
217,210,6.2169447
234,210,14.220699
250,210,14.098482
259,210,11.171196
267,210,13.106799
240,211,5.553904
246,211,13.285546
265,211,11.896798
258,212,10.383834
270,212,14.205197
237,213,5.7033377
268,213,12.7409725
225,214,14.753057
238,214,8.271957
272,214,14.741227
256,215,7.270739
284,215,14.884377
295,215,14.260373
220,216,13.355963
249,216,8.948499
269,216,9.937425
288,216,13.785818
234,217,8.011725
259,217,7.494427
298,217,14.203168
264,218,10.864184
268,218,12.620726
246,219,14.438852
252,219,10.651928
285,219,11.741931
286,219,14.552382
228,220,7.8687253
249,220,7.4050584
253,220,11.992463
262,220,7.7710233
288,220,13.237175
257,221,7.139317
258,221,11.396516
290,221,12.291139
247,222,10.962518
274,222,13.561277
280,222,11.624384
227,223,10.607088
243,223,13.97572
247,223,10.472406
271,223,9.902671
244,224,7.7436967
248,224,8.9365
291,224,12.473191
238,225,8.211388
239,225,13.591528
277,225,10.174821
235,226,9.296236
255,226,11.475401
276,226,12.7095
243,227,4.5469017
271,227,9.895767
248,228,11.285682
249,228,14.321726
253,228,5.741388
262,228,8.758252
297,228,13.9628
236,229,6.603082
296,229,11.603621
241,230,8.25799
287,230,9.565905
266,231,12.217369
282,231,10.8659935
283,231,7.9450397
304,231,14.316751
261,232,14.397377
273,232,10.391004
305,232,12.696552
242,233,7.9901924
254,233,13.596275
289,233,7.419606
251,234,8.221001
259,234,8.610518
275,234,8.820474
298,234,14.216086
276,235,7.807831
299,235,12.639257
278,236,11.655045
296,236,13.047529
312,236,14.478741
255,237,10.461136
268,237,14.481278
310,237,13.935999
277,238,11.719797
311,238,12.16705
256,239,14.790996
277,239,11.648516
284,239,9.325564
295,239,14.713296
300,239,9.623741
246,240,12.608311
265,240,6.662231
293,240,11.847228
294,240,13.190206
279,241,10.329663
287,241,10.875205
260,242,8.013477
281,242,14.379967
289,242,10.8146715
318,242,14.057243
244,243,12.506014
271,243,9.565086
307,243,13.319605
248,244,13.612036
291,244,10.978457
307,244,11.94881
286,246,8.851672
293,246,9.931218
274,247,7.480442
253,248,8.434444
291,248,9.387738
297,248,10.696994
330,248,14.835343
262,249,8.83925
269,249,11.390893
288,249,7.0598245
303,249,14.676682
315,249,13.345238
267,250,5.3014092
259,251,14.641465
263,251,9.532566
275,251,4.5024686
309,251,14.517905
261,252,7.5317626
273,252,13.725497
285,252,8.221498
306,252,13.894152
314,252,9.943441
324,252,13.906417
262,253,8.425386
291,253,14.922459
297,253,8.228705
315,253,13.724824
316,253,10.903176
289,254,14.713336
317,254,12.728752
310,255,14.996103
320,255,11.1280365
284,256,8.560287
295,256,6.9896564
323,256,13.227577
328,256,13.553549
258,257,12.550814
265,257,11.479692
290,257,6.207039
294,257,8.71257
290,258,11.951101
329,258,12.815915
267,259,14.427274
275,259,12.379409
298,259,6.805317
266,260,10.664505
281,260,6.3699665
308,260,10.223363
318,260,13.222877
273,261,6.211932
285,261,14.42757
306,261,8.131406
314,261,10.3820505
288,262,9.899363
297,262,12.997248
315,262,8.324444
316,262,10.867726
275,263,11.745182
302,263,11.165082
309,263,7.33533
272,264,7.9366684
301,264,6.909988
334,264,12.085359
336,264,13.951369
290,265,14.026371
293,265,11.88725
294,265,6.6016693
281,266,5.418474
283,266,6.9824653
304,266,7.5247946
308,266,9.013132
344,266,12.754225
298,267,14.253549
292,268,6.347961
301,268,13.33213
310,268,12.926434
339,268,13.861856
288,269,10.133432
303,269,6.6961923
278,270,11.164188
343,271,13.621085
301,272,12.457994
321,272,13.520188
336,272,11.137083
305,273,10.624423
306,273,6.210707
314,273,13.716433
341,273,13.234312
353,273,14.365096
280,274,10.935075
298,275,13.992947
309,275,14.570427
299,276,7.006815
302,276,14.97898
319,276,10.040186
322,276,9.040985
300,277,11.921233
311,277,9.604607
340,277,10.965151
312,278,8.936477
350,278,13.489553
280,279,13.396787
313,279,8.548954
313,280,11.327968
283,281,12.020357
304,281,9.960981
308,281,5.480674
344,281,12.735594
283,282,11.418027
327,282,9.041425
338,282,11.973871
304,283,6.3736587
308,283,13.670206
327,283,12.465667
344,283,12.713764
295,284,5.4904723
300,284,7.961466
323,284,13.988899
328,284,9.210946
337,284,13.21506
286,285,9.514495
314,285,9.367342
324,285,7.4116335
342,285,13.726254
347,285,13.457028
293,286,11.262065
324,286,11.768569
342,286,9.910921
296,287,12.802549
325,287,8.356
333,287,13.097412
354,287,14.465414
303,288,9.809807
315,288,8.971329
318,289,9.152117
326,289,8.448059
294,290,8.373867
329,290,10.180728
348,290,13.35488
297,291,10.7571945
307,291,13.761711
330,291,8.121881
346,291,13.957886
349,291,12.708387
358,291,12.712645
301,292,14.699152
310,292,7.6567106
339,292,10.900169
371,292,13.933569
342,293,14.64887
348,294,10.7699175
300,295,12.0820265
323,295,8.705967
328,295,6.576028
356,295,12.0783205
312,296,12.097578
325,296,9.444261
335,296,8.949292
360,296,13.431801
315,297,13.074766
316,297,6.376351
330,297,8.597419
346,297,8.682597
302,299,8.492535
319,299,12.07791
322,299,5.047658
355,299,12.339568
328,300,11.310062
337,300,6.7117696
340,300,11.41945
362,300,12.133536
334,301,5.983662
336,301,12.205282
339,301,9.213511
368,301,12.948365
309,302,7.604881
322,302,11.515936
355,302,11.244282
308,304,8.963006
327,304,12.147696
344,304,6.409744
366,304,12.583025
306,305,11.911418
332,305,9.546828
341,305,7.3300185
314,306,9.430827
341,306,10.635584
347,306,12.870008
353,306,8.397417
373,306,13.465555
345,307,7.276393
349,307,9.362744
364,307,13.442555
318,308,13.799794
344,308,8.719587
366,308,11.247115
355,309,14.71158
320,310,11.964946
352,310,10.542286
371,310,12.771235
377,310,12.98279
321,311,9.726191
340,311,10.858691
363,311,12.470128
378,311,14.382352
335,312,9.738089
350,312,9.081626
370,312,10.395634
390,312,14.82728
333,313,13.52653
357,313,8.054112
361,313,11.226072
324,314,8.196155
347,314,6.6559653
353,314,11.487712
375,314,12.816114
316,315,7.3623796
330,316,12.574507
346,316,8.872634
382,316,14.387847
326,318,10.524298
365,318,10.525769
320,319,12.784817
322,319,8.799428
359,319,6.849491
393,319,12.8162155
352,320,8.974514
359,320,13.125763
377,320,14.780005
336,321,10.856373
363,321,9.252166
369,321,11.286339
401,321,14.965826
355,322,10.049641
359,322,12.576128
387,322,14.847972
388,322,12.68709
393,322,14.966179
328,323,7.9404984
332,323,10.388706
356,323,8.007028
383,323,14.772611
384,323,11.474869
342,324,9.469095
347,324,7.955635
375,324,10.639122
376,324,13.894832
380,324,12.5332985
333,325,13.467148
335,325,11.280566
354,325,8.51475
360,325,8.685508
365,326,9.365846
374,326,11.935923
338,327,8.036302
344,327,13.760867
367,327,8.336702
392,327,13.954278
337,328,11.50817
356,328,6.257632
362,328,10.567929
384,328,12.224177
408,328,14.532941
395,329,14.484697
346,330,6.3474936
349,330,11.601226
358,330,7.3346014
382,330,12.5889845
386,331,13.887442
341,332,11.361404
379,332,14.6264715
383,332,9.885593
354,333,10.136029
357,333,11.162194
394,333,11.727538
402,333,11.6638775
336,334,9.513312
339,334,7.8550234
368,334,7.1052313
372,334,12.268723
396,334,13.473331
400,334,14.650685
350,335,14.899357
360,335,8.054479
370,335,10.445782
390,335,9.964251
397,335,11.296361
368,336,12.396836
369,336,9.226347
396,336,12.273019
340,337,8.546253
356,337,14.458637
362,337,6.3470783
367,338,9.308404
392,338,9.324825
405,338,14.980506
368,339,9.717184
371,339,12.055334
372,339,6.9706903
400,339,13.297158
362,340,13.378787
378,340,11.334426
353,341,9.516573
373,341,8.534703
379,341,8.172957
383,341,14.659421
410,341,13.183517
375,342,14.673236
376,342,7.397469
380,342,12.141843
385,343,12.337458
406,343,12.189763
366,344,6.2580614
349,345,8.035648
358,345,14.537302
364,345,6.2305994
381,345,10.361448
407,345,13.009475
358,346,10.518033
382,346,7.6210513
404,346,12.830002
353,347,9.863912
373,347,14.983308
375,347,6.2948384
380,347,11.575822
389,347,12.792656
395,348,12.986614
358,349,6.700325
364,349,12.137746
381,349,6.705704
407,349,12.021841
370,350,7.1224537
390,350,13.397938
425,350,14.175074
371,352,11.246711
377,352,5.8130307
403,352,9.591681
373,353,6.1945095
375,353,13.450896
379,353,11.200347
389,353,9.724631
410,353,12.090131
360,354,7.8970985
397,354,14.541339
402,354,11.32718
411,354,10.407699
387,355,5.833958
388,355,8.13625
414,355,11.74311
424,355,14.172771
362,356,10.487049
384,356,5.974801
408,356,9.572323
361,357,9.20521
394,357,7.351859
398,357,8.415938
402,357,13.606061
418,357,12.798235
381,358,7.9027286
382,358,12.448129
404,358,11.98072
407,358,13.028736
388,359,13.569418
393,359,6.858195
390,360,11.385853
397,360,8.361266
411,360,11.025475
391,361,10.315834
394,361,14.054815
398,361,9.806851
433,361,14.261107
384,362,13.789921
408,362,9.871371
430,362,12.496223
369,363,9.814167
378,363,7.6555376
401,363,8.299894
421,363,14.721325
428,363,13.056645
381,364,10.691022
407,364,10.330519
419,364,8.91432
422,364,10.788087
374,365,10.533567
423,365,12.34138
420,366,12.104774
440,366,14.687963
392,367,7.8540173
405,367,7.0728188
372,368,9.30036
396,368,8.52322
400,368,8.091484
429,368,12.420945
396,369,9.188073
401,369,6.982937
415,369,9.014184
428,369,12.290133
442,369,14.321641
448,369,14.378643
390,370,6.279008
397,370,11.808928
425,370,9.383227
372,371,8.108966
377,371,6.8115077
400,371,14.291261
409,371,7.5413547
431,371,14.226345
377,372,14.838388
400,372,7.867568
409,372,8.867183
432,372,12.768298
379,373,5.5174685
389,373,7.998864
410,373,6.191212
435,373,13.960041
423,374,8.431497
439,374,11.31881
376,375,13.2200985
380,375,5.951244
389,375,11.298714
416,375,11.598604
441,375,13.747481
380,376,8.120651
441,376,14.432673
403,377,9.7241745
409,377,10.925417
431,377,10.878041
401,378,12.638395
421,378,8.357377
428,378,14.657903
449,378,14.497302
383,379,11.760975
389,379,12.224749
410,379,5.807695
435,379,11.080364
416,380,13.019582
441,380,10.057515
404,381,14.242499
407,381,5.5756664
422,381,10.73397
443,381,13.24721
404,382,6.666268
412,382,14.309403
426,382,9.206204
384,383,12.093307
451,383,13.277855
408,384,7.5482907
450,384,12.282343
391,385,9.430005
406,385,8.81123
446,385,12.290275
388,387,6.15556
414,387,6.517256
424,387,8.759166
455,387,13.384012
393,388,9.229941
414,388,6.1914673
424,388,13.149684
455,388,12.426818
410,389,8.215713
416,389,7.7892017
435,389,14.873594
452,389,10.182468
397,390,5.637728
425,390,8.242489
468,390,14.853841
433,391,14.120271
405,392,8.222147
414,393,13.022157
461,393,13.4808035
398,394,6.519344
402,394,7.1849627
418,394,6.706717
433,394,13.604489
436,394,9.845424
458,395,14.611954
400,396,11.960426
401,396,12.963727
415,396,7.6291313
429,396,8.219577
442,396,9.093511
448,396,12.412397
456,396,14.999769
411,397,10.321634
425,397,11.864353
468,397,13.023977
402,398,13.134434
418,398,6.2744083
433,398,8.077929
436,398,11.418162
413,399,7.128123
427,399,6.2033453
471,399,13.762302
409,400,10.145502
429,400,9.638701
432,400,7.3850884
445,400,13.436702
456,400,9.987672
415,401,7.747636
428,401,5.844602
442,401,13.325876
448,401,10.89151
449,401,12.05175
411,402,11.86548
418,402,9.843982
436,402,8.923583
444,402,10.974096
466,402,13.722591
431,403,10.078567
426,404,8.807413
443,404,11.4915905
463,405,11.025804
419,406,10.648489
446,406,11.217432
419,407,13.5852
422,407,5.3529215
443,407,9.95702
430,408,9.496283
450,408,11.228781
431,409,11.187742
432,409,8.623724
445,409,7.850982
416,410,14.15523
435,410,7.966164
452,410,10.512674
467,410,12.183804
444,411,10.591504
475,411,13.100862
426,412,10.830014
447,412,7.5667295
462,412,11.416926
427,413,6.875549
471,413,12.454071
424,414,8.349815
455,414,7.0304747
461,414,12.948284
487,414,14.401673
428,415,8.073188
429,415,10.332827
442,415,5.7639275
448,415,5.6664405
480,415,12.979478
481,415,14.586147
441,416,10.630989
452,416,8.645005
485,416,12.03708
486,416,14.033794
498,416,14.123274
458,417,14.0536375
433,418,8.760644
436,418,5.1753864
444,418,13.929863
466,418,9.912917
422,419,10.017556
434,420,7.940619
440,420,8.358645
428,421,14.305283
430,421,14.954229
449,421,9.99503
457,421,10.366024
465,421,7.974377
488,421,14.293629
490,421,13.920031
443,422,11.106191
439,423,6.633807
477,423,12.597206
455,424,11.025193
464,424,8.846959
487,424,12.826913
493,424,13.815013
468,425,12.290468
473,425,12.346077
447,426,8.353397
471,427,7.571115
442,428,11.888248
448,428,7.5863047
449,428,7.2870383
481,428,10.031319
490,428,14.262466
432,429,11.789181
442,429,6.2835865
448,429,11.4031725
456,429,7.1431613
480,429,11.37472
484,429,14.666766
457,430,9.466689
482,430,14.127596
445,431,10.006398
489,431,12.170404
445,432,7.0373607
456,432,6.9348664
484,432,10.451283
436,433,12.529405
466,433,14.582465
472,433,13.874721
440,434,14.324565
451,435,13.22602
452,435,10.685882
467,435,6.9770226
444,436,8.957527
466,436,5.570438
491,436,11.7423
462,437,11.899104
439,438,13.455319
459,438,13.350774
460,438,6.834771
470,438,9.538409
460,439,8.952335
477,439,7.8548756
478,441,9.904389
486,441,10.06267
498,441,14.101465
448,442,5.11968
456,442,12.107192
480,442,8.102263
481,442,14.358896
501,443,13.020546
466,444,8.372718
475,444,11.509478
491,444,10.270301
456,445,12.872765
484,445,12.148312
489,445,11.863365
472,446,10.927178
462,447,8.850573
499,447,14.277327
449,448,12.844521
480,448,8.452139
481,448,9.63394
516,448,14.494399
465,449,9.127108
481,449,8.342205
488,449,12.939961
490,449,7.6360364
514,449,14.743395
451,450,9.379188
482,450,9.553031
467,452,7.2495184
485,452,7.1785398
498,452,14.032117
469,453,7.056063
473,453,10.132385
483,453,14.842347
526,453,13.858975
464,454,9.498882
493,454,13.3694725
500,454,10.935436
504,454,14.518573
513,454,13.264804
461,455,8.465169
487,455,8.937604
497,455,11.753376
508,455,12.984419
480,456,12.881014
484,456,7.8386307
515,456,13.280076
465,457,6.533543
488,457,8.749433
490,457,13.665036
476,458,11.778665
479,458,7.536113
505,458,12.592752
470,459,5.480623
495,459,8.227664
511,459,11.696082
470,460,13.091815
477,460,9.039405
521,460,12.482471
487,461,14.961411
497,461,8.415428
508,461,14.773307
499,462,8.862125
527,462,14.382419
512,463,12.012419
487,464,11.18328
493,464,6.3878484
500,464,14.84357
504,464,10.750661
513,464,13.976184
488,465,6.3263083
490,465,7.7807813
523,465,14.327707
491,466,6.274484
510,466,10.937947
485,467,9.475859
517,467,11.977473
533,467,13.914284
475,468,10.066647
506,468,11.890784
476,469,13.490656
483,469,7.9622655
526,469,14.306985
495,470,6.160912
511,470,12.048823
537,470,14.156963
496,471,13.426692
503,471,8.907021
502,472,11.597998
520,472,12.293929
506,473,14.336469
531,474,13.561652
536,475,13.409307
541,475,13.701725
479,476,6.096058
483,476,6.574153
521,477,12.484362
486,478,8.718401
494,478,7.6290874
498,478,14.053495
546,478,13.900292
483,479,12.245236
505,479,12.573522
481,480,12.1070795
515,480,14.0549965
516,480,9.545157
532,480,10.789938
490,481,8.748511
514,481,8.334848
516,481,10.229229
523,481,14.420487
529,482,9.358406
515,484,7.567923
522,484,11.322424
486,485,12.67371
498,485,8.201265
517,485,14.024767
519,485,7.9136953
524,485,11.617566
533,485,11.8345585
498,486,5.409001
519,486,13.112348
524,486,8.763869
546,486,13.390134
547,486,13.71298
493,487,8.68594
497,487,12.492268
504,487,12.972527
508,487,7.5307937
535,487,13.612038
552,487,13.688511
490,488,7.111953
523,488,9.06342
560,488,14.528455
509,489,9.50842
522,489,9.819875
538,489,14.617959
553,489,12.068552
514,490,9.957427
523,490,8.956704
510,491,8.592466
536,491,11.839199
549,491,11.588584
507,492,13.318815
518,492,12.215016
539,492,11.231409
566,492,13.827722
500,493,13.540053
504,493,5.3678284
508,493,14.152194
513,493,10.750822
544,493,11.9045515
525,494,14.888321
511,495,6.3949776
521,495,14.962728
537,495,8.261663
508,497,8.249759
535,497,8.451013
552,497,14.266209
519,498,7.8188376
524,498,5.414901
546,498,14.732248
547,498,11.07798
527,499,6.9917727
534,499,6.865805
562,499,12.569151
567,499,14.772691
504,500,10.316367
513,500,4.6491904
544,500,14.459833
559,500,11.487901
563,500,13.482335
518,501,8.903336
540,501,10.38363
550,501,8.545997
510,502,11.770303
520,502,14.988188
557,502,10.918405
554,503,12.72667
513,504,6.3491917
544,504,7.43318
559,504,14.257561
563,504,10.999532
525,505,7.356502
570,505,11.876733
548,506,8.640458
582,506,13.582036
589,506,14.633394
520,507,11.45206
566,507,12.973081
597,507,14.938958
535,508,6.0943065
552,508,7.680092
573,508,14.9326725
538,509,6.2610874
545,509,11.544619
553,509,11.370047
569,509,11.218316
549,510,9.85168
557,510,12.026046
531,511,9.230572
537,511,6.961867
558,511,9.307416
543,512,7.1345506
578,512,13.566434
583,512,13.820786
544,513,9.841133
559,513,9.817666
563,513,9.692826
516,514,8.191979
523,514,9.0145
586,514,12.000983
592,514,13.648107
522,515,12.793903
532,515,10.486825
555,515,8.355923
574,515,12.491024
532,516,7.756175
572,516,12.7276535
586,516,11.985235
519,517,12.688836
530,517,6.7833943
533,517,5.636359
556,517,12.479805
587,517,14.282829
593,517,13.495171
539,518,8.663262
550,518,8.673769
577,518,14.326651
595,518,14.2346945
524,519,6.608159
533,519,7.7559657
547,519,9.470416
556,519,8.111321
576,520,11.512378
597,520,13.762395
537,521,14.09581
568,521,9.30574
553,522,9.847416
574,522,13.615189
580,522,13.716792
560,523,10.360722
592,523,10.667603
533,524,14.052225
546,524,11.386546
547,524,5.663687
556,524,11.477452
602,524,14.721608
565,525,12.908258
570,525,11.50456
561,526,10.656631
594,526,14.607656
534,527,8.414472
542,527,8.448926
562,527,7.6422763
599,527,13.291532
571,528,10.411958
591,528,13.744813
575,529,10.791808
581,529,12.725649
533,530,12.144386
587,530,11.284935
537,531,14.466654
558,531,8.381352
555,532,8.859854
572,532,8.831873
586,532,13.775387
547,533,14.94411
556,533,7.2115865
593,533,11.273688
562,534,8.814048
567,534,8.069993
552,535,6.6937165
573,535,14.828937
585,535,12.45214
541,536,8.369208
549,536,10.694166
564,536,6.7587976
604,536,12.831926
558,537,9.780213
568,537,11.035767
590,537,10.4192095
545,538,7.36635
553,538,10.400959
569,538,5.718287
579,538,9.382272
588,538,10.8649845
617,538,13.480701
550,539,13.541093
566,539,7.818245
595,539,10.237591
550,540,9.187126
577,540,11.276275
609,540,11.585768
564,541,10.299626
582,541,10.137987
604,541,14.019384
606,541,9.9414215
562,542,8.329215
599,542,8.666545
610,542,10.282802
578,543,9.493411
583,543,7.0680137
600,543,14.232841
607,543,14.164177
552,544,13.769073
559,544,11.725556
563,544,5.8370047
573,544,9.110344
608,544,8.709051
569,545,10.46577
579,545,6.733733
585,545,10.399303
617,545,14.850661
547,546,9.93112
565,546,13.52276
601,546,8.317598
556,547,9.643975
601,547,10.705633
602,547,9.354674
582,548,11.647084
589,548,7.902802
594,548,11.615926
557,549,13.44859
564,549,9.531168
604,549,13.063318
619,549,13.954611
577,550,6.697489
595,550,12.005921
609,550,12.299551
625,550,13.816358
571,551,13.70219
600,551,10.034371
614,551,11.892966
573,552,8.190935
608,552,14.476173
569,553,8.711093
580,553,7.2676206
588,553,7.36511
605,553,12.253083
596,554,8.868603
638,554,14.23576
572,555,9.853957
574,555,8.408649
618,555,13.748482
593,556,8.855834
602,556,9.924326
619,557,12.514562
624,557,13.501477
590,558,13.192335
563,559,6.428746
584,559,7.2674065
608,559,14.609932
615,559,9.807855
592,560,10.871267
622,561,12.202977
567,562,12.064827
599,562,6.8793526
610,562,11.730182
626,562,11.832784
573,563,12.636209
584,563,12.639977
608,563,8.86902
615,563,11.124113
604,564,6.134885
606,564,11.947955
595,566,13.601113
598,566,8.517951
627,566,13.758392
626,567,13.456293
590,568,8.078529
613,568,13.751035
616,568,9.388501
633,568,13.8897705
579,569,8.197537
580,569,11.173964
588,569,5.6178718
617,569,8.339931
603,570,11.508248
591,571,10.463018
611,571,7.368509
614,571,9.691673
629,571,10.600113
586,572,8.996321
620,572,9.227942
645,572,13.388199
608,573,6.3274574
635,573,11.3807
580,574,13.439627
605,574,9.022361
618,574,7.405603
581,575,11.673178
630,575,10.434352
597,576,8.589334
624,576,12.043188
650,576,12.88462
595,577,9.457132
609,577,6.90457
625,577,7.7575583
583,578,6.704103
607,578,4.89044
641,578,13.6265
643,578,14.9591255
660,578,14.853924
585,579,8.762144
588,579,12.589389
617,579,8.7287445
623,579,14.349583
628,579,11.518309
588,580,6.0046887
605,580,5.9190245
617,580,13.133754
618,580,13.963185
652,580,12.916128
621,581,12.77286
630,581,11.723927
646,581,10.961764
589,582,7.7897835
606,582,7.5292253
632,582,12.538991
639,582,14.397135
600,583,12.382459
607,583,9.59847
641,583,8.843005
596,584,11.054663
615,584,7.686011
644,584,12.35369
623,585,7.0521026
628,585,7.6347284
671,585,14.97279
592,586,10.918928
620,586,9.008839
649,586,13.686953
593,587,11.712983
621,587,7.3851924
636,587,10.467214
667,587,14.35187
605,588,11.684238
617,588,8.005128
594,589,11.737689
606,589,14.1161785
632,589,7.8806434
658,589,13.177897
616,590,9.8028555
633,590,9.418778
611,591,7.5104303
613,591,8.751334
629,591,14.0428295
656,591,12.28725
649,592,12.956454
602,593,13.316914
636,593,11.142332
673,593,14.782031
622,594,10.535044
632,594,13.963261
664,594,13.693359
625,595,7.6016817
627,595,8.420863
638,596,10.033304
598,597,8.655377
650,597,13.405733
627,598,13.810943
610,599,5.0936236
626,599,9.820715
642,599,10.095164
647,599,10.924443
614,600,11.857223
634,600,8.564938
641,600,11.239156
659,600,11.946386
602,601,11.090308
631,601,8.556353
631,602,9.723766
655,602,10.92079
663,603,12.9797735
668,603,14.969732
669,603,11.842722
606,604,10.590306
637,604,12.824861
639,604,11.451841
618,605,8.046293
652,605,9.233076
639,606,8.2881155
641,607,13.429632
643,607,10.099909
660,607,10.498212
615,608,13.461478
635,608,11.659557
648,608,12.96954
661,608,12.4363785
670,608,13.586423
625,609,9.911449
626,610,12.83095
642,610,10.00051
647,610,7.689346
613,611,14.645447
614,611,10.80074
629,611,6.568552
656,611,8.598121
640,612,7.4041767
653,612,8.490911
666,612,13.637787
616,613,8.180334
633,613,14.298646
656,613,14.401763
629,614,6.906377
634,614,8.868582
679,614,12.803783
644,615,8.884139
648,615,7.7747626
661,615,13.531418
633,616,6.954367
681,616,13.782427
628,617,14.196751
645,618,12.127466
652,618,9.56647
624,619,14.661104
637,619,11.63663
676,619,11.602441
645,620,11.686679
649,620,10.48605
686,620,12.572191
636,621,8.616339
646,621,9.661235
667,621,8.244284
664,622,10.137457
674,622,10.615505
628,623,5.172773
635,623,14.069658
662,623,10.918504
671,623,8.279854
650,624,12.082947
672,624,8.963055
676,624,13.613579
627,625,11.446812
642,626,6.9282475
647,626,12.760234
651,626,12.86052
677,626,8.804458
665,627,8.285155
662,628,14.069032
671,628,8.928682
634,629,12.852629
656,629,9.123616
679,629,11.12268
690,629,14.688839
646,630,12.448352
675,630,9.252204
682,630,11.644522
655,631,8.157719
658,632,5.3193088
684,632,13.837556
700,632,13.354067
681,633,8.026411
704,633,13.833194
641,634,13.238592
659,634,8.627389
679,634,9.565634
683,634,9.256803
661,635,11.856192
662,635,7.226455
670,635,7.2637744
671,635,13.429522
693,635,9.76749
667,636,7.392996
673,636,12.499072
676,637,13.953532
706,637,13.140225
723,637,12.703796
654,638,13.860972
692,638,8.995674
684,639,9.698465
706,639,14.3258915
653,640,7.004686
666,640,6.2512827
689,640,10.000955
659,641,7.2947154
660,641,13.184197
683,641,13.78952
691,641,10.803941
647,642,6.374077
677,642,8.414612
703,642,12.09352
710,642,13.967061
654,643,5.533569
660,643,7.136429
648,644,9.742393
718,644,13.4674225
686,645,12.328338
711,645,13.696303
667,646,11.224812
682,646,9.510537
677,647,14.063078
703,647,11.754125
661,648,6.318581
670,648,12.323412
699,648,11.3609295
657,649,10.473258
686,649,13.729792
702,649,12.181656
719,649,14.207153
672,650,13.519402
701,650,12.463368
677,651,10.917896
688,651,7.618548
694,651,10.03784
685,652,8.857097
666,653,11.106065
689,653,7.5799994
660,654,11.888181
692,654,14.05403
721,654,13.626534
673,655,10.777922
690,656,6.839781
716,656,13.272485
687,657,9.540463
702,657,8.092012
684,658,10.296387
700,658,8.088773
713,658,14.805213
679,659,13.78327
683,659,6.5144506
691,659,7.4584947
691,660,14.299154
730,660,14.714806
670,661,6.0763144
693,661,11.793399
699,661,8.642109
707,661,11.222508
670,662,11.006786
671,662,6.712316
693,662,8.57546
714,662,11.328565
715,662,11.478052
669,663,10.075386
674,663,12.267625
705,663,10.244443
709,663,9.847496
712,663,14.508308
674,664,10.752623
713,664,11.377888
698,665,9.422659
689,666,9.238571
669,668,6.528057
678,668,8.076891
695,668,5.5197234
708,668,9.17646
712,668,12.328399
678,669,14.44042
695,669,6.349253
708,669,12.615119
709,669,12.012535
712,669,10.284714
693,670,6.3472633
699,670,10.964725
707,670,9.377402
714,670,12.4002
693,671,14.15557
714,671,14.40538
715,671,11.634096
731,671,13.713855
676,672,7.5658994
738,672,13.961506
705,674,11.100536
725,674,12.13912
682,675,10.870992
687,675,10.147566
720,675,10.887134
738,676,14.515019
688,677,9.737824
703,677,12.41879
710,677,8.91421
734,677,14.600277
695,678,10.525008
708,678,8.29379
735,678,14.750348
743,678,13.626701
683,679,8.816884
717,679,9.75326
729,679,12.155533
735,680,13.7714815
697,681,12.376937
704,681,6.4169064
736,681,12.925348
753,681,14.394591
720,682,13.989887
722,682,9.6753845
691,683,8.984969
717,683,8.742238
751,683,12.746407
700,684,10.578612
706,684,12.94382
727,684,10.476331
749,684,14.441609
724,685,8.668847
711,686,11.5835085
719,686,9.048559
702,687,11.731464
720,687,12.055477
733,687,9.926707
694,688,7.93264
710,688,12.228262
734,688,9.499295
739,689,10.698895
745,689,11.793894
697,690,12.041773
716,690,7.4512343
729,690,14.641819
717,691,14.551472
730,691,13.385396
751,691,13.056759
758,691,14.481965
699,693,12.81879
707,693,7.498911
714,693,6.1360703
715,693,10.462666
742,693,12.48278
747,693,11.35344
696,694,11.513428
734,694,13.770578
708,695,6.3420105
709,695,12.535734
712,695,6.8716183
743,695,14.711893
728,696,8.596348
704,697,9.397873
736,697,10.613425
701,698,10.064558
741,698,10.828022
707,699,6.917227
718,699,13.255033
746,699,8.079388
747,699,13.801084
713,700,10.455446
726,700,7.7370853
727,700,14.592168
744,700,13.461427
749,700,11.623032
741,701,11.344881
757,701,11.810484
719,702,11.458022
732,702,8.119594
733,702,13.0954895
710,703,7.9311423
736,704,6.5123887
753,704,9.658042
709,705,6.239379
712,705,13.79961
725,705,10.848771
762,705,10.997568
723,706,9.047699
727,706,9.8304825
750,706,12.36251
765,706,13.509251
714,707,8.999033
715,707,14.627769
742,707,12.883827
746,707,10.395353
747,707,7.819554
763,707,12.216466
712,708,9.390812
743,708,8.565646
770,708,14.485668
712,709,7.5886717
762,709,8.210523
734,710,9.92589
769,710,13.619116
762,712,9.567127
725,713,14.5826025
726,713,7.2354484
744,713,7.4348326
760,713,14.058069
771,713,13.375271
715,714,5.62938
731,714,12.298124
742,714,6.416534
747,714,7.6008263
763,714,13.821819
764,714,11.913251
731,715,6.857407
742,715,6.6449547
747,715,11.689495
764,715,10.276123
729,716,8.575271
729,717,10.001795
751,717,8.082081
761,717,9.186873
780,717,13.641114
746,718,11.701658
754,718,10.989986
783,718,13.689276
794,718,14.944413
732,719,10.8600025
766,719,11.997128
722,720,14.817784
733,720,10.122183
755,720,8.993021
730,721,12.513781
773,721,12.187896
737,722,8.817017
755,722,10.265354
750,723,5.381519
756,723,10.54645
776,723,12.308266
787,723,14.572208
759,724,6.854616
798,724,14.173767
760,725,6.3066354
744,726,6.01934
749,726,10.8559475
771,726,12.327586
792,726,13.250455
801,726,11.075484
749,727,8.410168
765,727,9.1490555
781,727,11.559483
788,728,12.422143
761,729,9.327652
758,730,9.278793
774,730,11.517646
742,731,10.157827
764,731,9.952531
733,732,11.834786
766,732,8.84485
767,732,7.9115825
767,733,12.644174
769,734,10.420856
779,734,10.5224695
743,735,10.307686
748,735,7.921522
770,735,12.31686
786,735,10.595262
753,736,7.544259
782,736,11.935882
740,738,6.9844637
756,738,13.025863
768,738,10.367964
772,738,9.593958
745,739,6.1760855
796,739,13.718955
800,739,13.473276
820,739,14.576208
757,740,10.038734
768,740,7.9144835
772,740,13.735775
757,741,10.630859
747,742,6.7555757
763,742,11.078327
764,742,5.601093
770,743,6.212333
778,743,10.615892
786,743,13.656195
760,744,12.057569
771,744,6.662174
792,744,14.571903
801,744,9.5956545
800,745,11.454851
747,746,12.780491
763,746,11.645149
775,746,8.014715
783,746,12.207685
802,746,13.06498
763,747,6.2846274
764,747,10.959498
775,747,14.047177
785,748,9.144775
786,748,10.196836
765,749,12.536671
781,749,8.943086
792,749,8.25718
801,749,12.382114
821,749,14.598242
756,750,8.256453
765,750,13.408655
776,750,6.978654
787,750,10.144688
758,751,9.536717
761,751,10.071126
780,751,9.310538
819,751,14.594006
777,752,8.518111
784,752,7.565032
809,752,12.566446
818,752,14.395743
782,753,14.466575
793,753,13.26007
783,754,12.168255
794,754,7.006278
804,754,11.456051
812,755,14.756566
772,756,9.945311
776,756,8.8307
803,756,11.160621
768,757,11.387107
774,758,7.648598
780,758,13.945314
815,758,11.618715
798,759,7.349192
817,759,14.248709
839,759,14.816868
771,760,9.773895
795,760,13.854426
780,761,7.21261
819,761,13.2289295
790,762,10.454808
791,762,7.8550496
795,762,12.089049
764,763,12.76979
775,763,9.237304
816,763,8.928898
847,763,14.877248
830,764,12.286908
776,765,14.699993
781,765,7.561227
787,765,7.4000077
821,765,13.252872
822,765,9.356844
767,766,7.9956174
789,766,10.748087
805,766,8.644729
811,766,11.833874
823,766,11.523169
805,767,14.022749
811,767,8.243989
823,767,12.256695
772,768,10.182929
832,768,11.576874
833,768,10.765157
779,769,9.833299
799,769,6.715394
810,769,8.120023
814,769,14.814286
778,770,8.212686
786,770,10.043933
831,770,10.3762045
801,771,9.148745
828,771,10.055226
776,772,14.912254
803,772,8.8877535
832,772,11.909726
804,773,14.311314
807,773,11.929428
829,773,12.413569
807,774,12.102229
815,774,9.811475
844,774,12.743229
857,774,14.386045
783,775,8.986221
802,775,6.9388433
816,775,9.197013
826,775,13.10354
850,775,14.07145
787,776,8.162918
803,776,9.550464
824,776,9.424204
784,777,8.791469
809,777,4.865877
818,777,13.741137
790,778,7.3401723
831,778,11.768018
836,778,10.589419
799,779,14.940493
808,779,6.836534
810,779,7.570935
815,780,11.043939
819,780,6.444664
787,781,13.160499
792,781,8.321377
821,781,7.0530496
822,781,7.9289885
843,781,12.03645
853,781,12.994773
825,782,10.62712
794,783,7.9294724
802,783,4.572893
826,783,7.9484324
849,783,12.980903
785,784,10.735039
809,784,9.767944
818,784,6.8431377
856,784,12.804647
786,785,12.1369095
818,785,9.42385
838,785,10.781974
831,786,12.649784
838,786,11.689561
860,786,14.036453
822,787,9.572998
824,787,11.433335
854,787,12.820414
813,788,9.005859
841,788,8.692022
805,789,6.3849916
823,789,13.70279
827,789,7.686901
791,790,8.432871
795,790,14.4595375
836,790,9.526472
795,791,6.201484
801,792,6.689106
821,792,9.346501
822,792,14.740788
843,792,7.982209
845,792,13.228451
796,793,7.243872
820,793,12.74537
837,793,8.711308
802,794,11.558743
804,794,9.556555
826,794,10.369468
870,794,14.854486
800,796,13.037407
820,796,5.91811
837,796,8.853805
817,797,9.354
842,797,14.33067
817,798,10.272305
839,798,7.468689
867,798,14.545636
810,799,9.530256
814,799,8.7626915
855,799,13.887151
861,799,11.25941
820,800,8.127469
821,801,14.934224
828,801,11.01571
843,801,10.2446
845,801,11.237403
816,802,12.072215
826,802,6.2588625
849,802,9.8270645
850,802,12.329948
883,802,14.864571
824,803,9.37212
832,803,13.322049
829,804,7.7967386
811,805,12.136571
823,805,7.3199506
827,805,8.617647
864,805,11.320833
884,805,14.789251
813,806,6.594619
868,806,13.093144
869,806,14.3796215
881,806,14.797151
844,807,7.802577
882,807,14.932378
810,808,8.72942
848,808,8.380485
862,808,12.106642
890,808,14.420771
818,809,12.189636
856,809,13.096182
848,810,13.702066
861,810,14.604338
862,810,10.497801
823,811,6.314904
884,811,13.211237
885,811,14.947886
834,812,5.043966
835,812,10.432657
859,812,9.07868
872,812,12.463834
841,813,12.1345625
869,813,10.620787
881,813,14.887292
855,814,7.7473845
861,814,11.426204
819,815,7.1776743
857,815,8.440795
830,816,14.889582
847,816,7.857005
849,816,14.95869
850,816,8.348941
876,816,11.754411
839,817,10.661857
867,817,11.243387
838,818,13.246345
856,818,7.0577626
886,818,13.240894
857,819,12.489883
837,820,10.328882
822,821,7.0571866
843,821,7.229892
845,821,14.600424
853,821,6.990673
874,821,9.834986
875,821,13.022136
893,821,11.971172
843,822,14.281406
853,822,7.758877
854,822,10.11327
874,822,14.689825
875,822,11.076716
893,822,13.907816
827,823,13.7142725
864,823,10.173484
884,823,9.496762
854,824,9.804587
891,825,11.311001
849,826,5.554254
850,826,12.510433
870,826,8.9873085
883,826,11.33349
897,826,10.988887
863,827,9.064329
864,827,9.760668
899,827,12.167729
843,828,14.00318
845,828,7.966831
852,828,11.023348
865,828,7.3437
880,828,10.870667
909,828,14.21368
871,829,9.2795
882,829,12.9650135
895,829,12.145628
842,830,8.8823805
847,830,10.352712
877,830,8.72012
836,831,11.408651
860,831,12.445365
908,831,13.514987
833,832,8.227181
888,832,10.389791
894,832,10.596743
846,833,9.683514
889,833,10.930001
894,833,10.249057
835,834,7.642134
851,834,14.889268
859,834,6.954783
872,834,7.495481
873,834,10.825088
906,834,13.832487
851,835,7.920295
859,835,14.224497
872,835,10.121768
873,835,8.341211
878,835,11.029042
901,836,12.512946
866,837,12.560815
860,838,7.581705
886,838,10.4945
867,839,8.080491
887,839,9.309912
902,839,13.230035
858,840,7.243082
859,840,12.866772
885,840,13.324734
900,840,9.977012
848,841,12.391988
869,841,10.611649
890,841,12.139806
877,842,9.353049
892,842,10.301497
845,843,7.4702563
853,843,11.6296835
874,843,8.438796
880,843,12.889294
893,843,13.62012
903,843,12.545735
857,844,12.509859
882,844,13.626039
896,844,11.42068
907,844,10.895963
865,845,9.596036
874,845,11.202648
880,845,6.558643
903,845,11.092364
909,845,14.453285
868,846,11.81596
889,846,9.823626
850,847,9.0134945
876,847,7.000997
877,847,12.441321
904,847,9.981626
862,848,9.086132
890,848,6.0738835
850,849,8.877148
870,849,8.175135
876,849,14.227856
883,849,5.7794576
897,849,6.886065
914,849,11.266359
915,849,13.032652
876,850,6.4753547
883,850,7.894491
897,850,13.542798
904,850,11.177925
915,850,10.6794815
872,851,13.76796
873,851,8.2643175
878,851,5.8653116
879,851,9.869553
865,852,8.369837
909,852,11.30897
912,852,13.942009
926,852,13.872173
854,853,10.413407
874,853,7.912796
875,853,6.206152
893,853,6.1785975
903,853,14.046985
920,853,12.644105
875,854,6.784518
893,854,13.551294
861,855,8.506078
921,855,11.508023
886,856,9.59429
907,857,13.017734
913,857,10.473499
885,858,6.1044784
900,858,10.19661
916,858,12.38056
943,858,14.713352
872,859,8.311488
873,859,14.200711
900,859,12.458446
906,859,8.009907
886,860,13.208026
908,860,9.340963
930,860,13.32836
862,861,13.366824
921,861,12.762566
924,861,12.671476
890,862,11.7942095
924,862,13.984688
931,862,11.058798
864,863,11.58958
898,863,12.669135
899,863,7.316758
919,863,13.331113
925,863,12.923947
938,863,12.42769
884,864,7.366564
899,864,7.6838856
919,864,8.77326
929,864,11.672736
880,865,7.141183
909,865,6.879025
922,865,13.474606
950,865,14.836524
887,867,10.594944
902,867,9.132889
905,867,13.945875
881,868,9.672562
881,869,8.632303
917,869,8.863041
941,869,14.196006
883,870,10.908319
895,870,13.458409
897,870,5.8232007
914,870,10.125777
935,870,12.865111
882,871,5.850452
895,871,8.373812
896,871,10.8039055
918,871,8.510864
873,872,6.2015443
878,872,11.833353
906,872,10.165603
956,872,14.097864
878,873,5.6688967
879,873,14.910011
956,873,13.71871
875,874,12.030916
880,874,12.428836
893,874,5.9789925
903,874,6.4620237
920,874,9.223977
940,874,13.593671
893,875,6.93069
920,875,12.000851
947,875,12.058609
883,876,10.680574
904,876,4.8330574
915,876,8.44497
936,876,10.646796
892,877,13.4029
904,877,14.019515
953,877,13.959711
879,878,9.305526
956,878,14.877782
974,878,14.310126
946,879,11.383835
903,880,8.610746
909,880,8.887749
922,880,9.674769
940,880,13.089721
950,880,14.259282
917,881,11.856801
934,881,9.548523
961,881,14.586302
895,882,13.950697
896,882,5.1047297
907,882,14.6601305
918,882,12.0843
897,883,6.118878
904,883,13.457119
914,883,7.890039
915,883,7.319333
935,883,14.344769
885,884,14.504733
899,884,13.1818075
916,884,13.5225
919,884,10.435633
929,884,8.649683
939,884,13.586426
900,885,13.243733
916,885,6.651454
939,885,12.445172
943,885,11.03522
957,886,13.978172
898,887,10.964712
902,887,7.2521944
911,887,7.163958
894,888,9.556053
927,888,8.114856
928,888,12.145232
963,888,14.466727
894,889,7.670967
923,889,8.513568
928,889,10.899844
966,889,14.943105
931,890,14.872841
945,890,11.786099
948,891,10.787208
905,892,5.791371
932,892,8.045017
937,892,11.868746
903,893,9.864693
920,893,6.4706564
940,893,14.383298
947,893,11.327425
923,894,14.520262
928,894,7.7734246
963,894,14.722497
918,895,6.3040013
952,895,12.043548
907,896,9.65373
951,896,13.18711
914,897,5.00783
915,897,11.707664
935,897,10.061253
911,898,6.638845
925,898,6.8646207
938,898,13.991311
954,898,10.83636
919,899,6.0143833
925,899,14.73899
929,899,12.146187
938,899,9.841196
962,899,12.18346
906,900,8.885659
933,900,7.4883137
943,900,13.608558
955,900,13.288715
969,900,14.242496
965,901,13.016457
911,902,8.947205
954,902,14.13698
980,902,11.893105
920,903,8.261768
922,903,10.869154
940,903,7.817483
915,904,8.330957
936,904,6.3929963
953,904,11.7335
932,905,8.393072
937,905,7.697845
979,905,13.633086
933,906,9.947698
955,906,8.963456
982,906,14.925701
913,907,11.063957
949,907,11.061171
951,907,9.031196
973,907,13.64454
930,908,7.282524
922,909,8.763993
926,909,11.461364
950,909,8.06119
975,909,13.563427
925,911,10.461825
954,911,8.277014
926,912,7.480061
965,912,11.335556
949,913,6.369571
951,913,14.277018
971,913,10.5687275
973,913,11.333953
915,914,9.941994
935,914,6.485106
952,914,14.33399
997,914,14.961604
936,915,8.398822
929,916,14.067426
939,916,5.9377794
943,916,6.9696546
968,916,9.312916
999,916,14.738762
934,917,13.538037
941,917,5.742624
945,917,14.713783
961,917,7.386547
972,917,12.813601
977,917,12.996512
978,917,11.336781
988,917,12.684892
952,918,10.928527
981,918,11.250149
929,919,6.3372912
938,919,11.409179
962,919,7.8025184
986,919,13.900406
940,920,8.961388
947,920,8.543695
983,920,11.321602
924,921,12.851195
964,921,7.664157
940,922,8.008886
950,922,6.873639
975,922,13.819096
928,923,12.863955
959,923,9.07412
966,923,9.076155
984,923,14.6668825
931,924,7.1485667
994,924,11.870756
1004,924,12.772804
938,925,7.9868956
954,925,8.519277
1008,925,13.495122
950,926,11.671254
975,926,9.98464
1009,926,13.728124
928,927,13.033141
944,927,9.623144
963,927,10.401737
976,927,8.026732
998,927,14.552242
963,928,7.788059
966,928,11.333087
1002,928,13.369405
939,929,10.39157
962,929,8.946897
968,929,14.065823
986,929,10.564397
957,930,9.412885
1001,930,14.148423
1003,931,14.152211
1004,931,12.889131
937,932,7.633902
979,932,8.838179
985,932,9.113721
990,932,13.575448
1019,932,14.061016
943,933,11.809931
955,933,8.011797
969,933,8.013757
982,933,14.571438
1012,933,12.835436
959,934,9.590682
961,934,10.738996
977,934,8.47369
984,934,11.704681
988,934,13.492119
1010,934,11.53168
952,935,8.26567
997,935,10.046335
953,936,9.373824
1007,936,14.837308
979,937,6.7105494
985,937,11.746652
990,937,8.331084
1019,937,14.389091
954,938,14.9870205
962,938,10.579863
1008,938,14.879949
943,939,9.091201
968,939,5.0428042
986,939,12.695797
999,939,11.158256
950,940,14.271374
983,940,8.907991
945,941,9.956425
961,941,7.242196
972,941,7.154116
977,941,13.324795
978,941,7.14736
988,941,10.5989895
948,942,9.247802
996,942,10.502603
968,943,8.390131
969,943,8.611582
999,943,11.114101
958,944,9.222631
976,944,10.271648
991,944,9.830004
998,944,10.828512
972,945,8.348859
978,945,13.1935625
1003,945,13.446555
1029,945,14.540861
974,946,10.511297
1000,946,11.799569
958,947,10.76282
983,947,12.37448
1014,947,12.076101
1023,947,14.500934
967,948,7.3655024
996,948,9.619008
1015,948,12.32446
951,949,9.676251
971,949,8.065959
973,949,4.971603
992,949,14.565068
1006,949,9.4547415
975,950,7.1161466
1027,950,13.03629
973,951,8.357219
989,951,9.169065
1006,951,13.930223
981,952,12.34086
997,952,11.746976
1016,952,12.557684
993,953,9.27742
1007,953,9.66599
980,954,13.327689
1008,954,9.885764
956,955,13.080397
969,955,13.009505
982,955,7.035602
1012,955,10.4473915
1013,955,14.472765
974,956,11.787669
982,956,9.752168
1013,956,10.354649
987,957,8.818468
1025,957,13.721719
991,958,7.738175
998,958,14.759195
1014,958,10.329011
1028,958,13.717752
966,959,11.913547
977,959,14.912266
984,959,6.5288854
1010,959,13.2645035
1022,959,13.127131
967,960,13.491915
970,960,5.7115297
972,961,10.921429
977,961,6.168959
978,961,6.597569
988,961,5.540693
1010,961,12.621197
986,962,8.311847
1035,962,14.623737
966,963,13.597115
976,963,8.565591
1002,963,10.146895
1017,963,9.514125
1042,963,13.831277
994,964,12.164292
1018,964,10.569981
995,965,11.825247
1009,965,10.111166
1026,965,13.016531
984,966,13.640743
1002,966,8.577487
996,967,9.989715
1015,967,6.9394145
1024,967,13.283391
969,968,14.012207
986,968,12.353711
999,968,6.1154594
1036,968,11.906256
999,969,12.573313
1012,969,10.417858
1005,970,10.405802
1039,970,12.536391
973,971,8.905055
992,971,6.5108047
1006,971,7.342774
1033,971,11.956527
1034,971,14.85004
978,972,5.3700686
988,972,10.512843
1029,972,9.005289
989,973,14.487036
992,973,14.58718
1006,973,5.993593
1033,973,12.607231
1034,973,10.984719
1021,974,11.266808
1009,975,13.559746
1027,975,10.130512
991,976,14.1845665
998,976,7.7630796
1017,976,8.695486
1046,976,13.284237
978,977,10.129443
984,977,12.843924
988,977,5.4910145
1010,977,6.529398
1037,977,11.768402
988,978,5.157439
1029,978,11.1706
1037,978,13.521883
985,979,6.326109
990,979,5.4425607
1019,979,7.704545
1040,979,13.788896
1053,980,13.443242
989,981,13.8926935
1016,981,9.337664
1031,981,10.158339
1012,982,9.703494
1013,982,7.4588737
1050,982,12.107929
1023,983,10.211674
1032,983,9.796682
1061,983,13.870948
1010,984,8.57439
1022,984,6.6549196
1066,984,13.347733
990,985,11.243885
993,985,9.570995
1019,985,5.467144
1040,985,9.960815
999,986,14.519784
1035,986,9.44397
1036,986,14.137084
1011,987,7.7479033
1020,987,14.388725
1025,987,10.380652
1044,987,13.694341
1045,987,9.600115
1010,988,9.922203
1029,988,14.5248785
1037,988,10.052566
1031,989,12.759862
1057,989,12.704928
1019,990,10.247475
1060,990,14.96541
998,991,8.232831
1014,991,9.712627
1028,991,6.92918
1062,991,14.92956
1006,992,10.613985
1033,992,11.390245
1052,992,13.08887
1007,993,6.539784
1019,993,11.929751
1040,993,11.051683
1059,993,13.138182
1004,994,7.450656
1018,994,8.460449
1043,994,8.751454
1001,995,12.600151
1026,995,12.219076
1048,995,12.187935
1015,996,8.111779
1024,996,7.4242234
1067,996,12.3654375
1016,997,13.525849
1049,997,9.348937
1017,998,10.736032
1028,998,10.429767
1046,998,11.51417
1065,998,10.877915
1036,999,7.000928
1068,999,11.966062
1011,1000,11.64067
1020,1000,5.6771917
1041,1000,6.64348
1044,1000,11.811821
1072,1000,13.552058
1073,1000,13.662046
1048,1001,9.658486
1051,1001,10.453263
1017,1002,11.012693
1042,1002,7.5162716
1046,1002,14.920392
1055,1002,11.45125
1074,1002,14.613547
1004,1003,9.285514
1029,1003,14.353382
1018,1004,14.986503
1043,1004,11.308754
1039,1005,9.777695
1056,1005,9.192461
1033,1006,6.7830443
1034,1006,7.572161
1040,1007,14.412349
1059,1007,9.44761
1047,1008,10.017719
1026,1009,8.955592
1058,1009,9.939153
1070,1009,13.901287
1022,1010,8.700338
1037,1010,9.358807
1066,1010,14.83145
1020,1011,6.669783
1041,1011,12.523207
1044,1011,8.090925
1045,1011,9.244288
1072,1011,14.305562
1013,1012,14.193946
1050,1012,12.063469
1054,1012,10.12236
1064,1012,12.213846
1021,1013,12.073209
1050,1013,8.609615
1085,1013,14.602648
1023,1014,9.116042
1028,1014,9.463124
1062,1014,9.785565
1024,1015,7.173984
1067,1015,12.937565
1031,1016,11.0917015
1049,1016,11.3755665
1071,1016,8.240866
1086,1016,14.270234
1042,1017,8.290652
1046,1017,6.099568
1065,1017,13.392057
1074,1017,11.51018
1078,1017,12.773288
1043,1018,7.6186013
1040,1019,6.110952
1079,1019,13.2569895
1083,1019,13.466222
1041,1020,6.2485776
1044,1020,6.714079
1045,1020,12.687163
1072,1020,10.584003
1069,1021,7.3316145
1073,1021,14.621965
1108,1021,14.808892
1037,1022,14.329272
1055,1022,14.545255
1066,1022,7.05987
1091,1022,13.372654
1097,1022,14.934524
1032,1023,12.597518
1061,1023,8.973912
1062,1023,11.236495
1081,1023,11.079591
1067,1024,5.993396
1099,1024,12.131365
1045,1025,11.498666
1051,1025,9.148937
1087,1025,9.335791
1093,1025,14.055393
1058,1026,8.525524
1070,1026,6.2110963
1096,1026,14.266584
1103,1026,12.748037
1032,1027,13.674356
1088,1027,12.519003
1062,1028,9.27665
1065,1028,11.26733
1082,1029,11.53065
1038,1030,10.27017
1063,1030,5.9697895
1094,1030,13.126576
1057,1031,6.624059
1071,1031,11.26412
1100,1031,12.045673
1061,1032,8.570999
1110,1032,13.910771
1034,1033,6.522935
1075,1033,8.561824
1124,1033,14.16922
1075,1034,11.102056
1124,1034,11.47523
1036,1035,13.443502
1077,1035,13.593316
1114,1035,14.70777
1115,1035,14.413199
1068,1036,6.761448
1097,1037,12.8293085
1098,1037,12.757612
1120,1037,14.946891
1063,1038,7.763793
1094,1038,11.9571705
1056,1039,7.5346
1089,1039,14.241539
1105,1039,10.855393
1059,1040,13.018366
1079,1040,8.004445
1083,1040,11.2536
1090,1040,10.147447
1044,1041,8.093526
1072,1041,7.22521
1073,1041,9.0071125
1121,1041,14.626407
1046,1042,8.978793
1055,1042,10.7914505
1074,1042,7.1091404
1078,1042,12.206379
1104,1042,11.872748
1111,1043,14.209643
1045,1044,7.6044655
1072,1044,6.4392323
1072,1045,12.64407
1087,1045,13.441247
1109,1045,12.36184
1065,1046,8.588698
1074,1046,7.648554
1078,1046,6.8020024
1113,1046,12.724424
1053,1047,10.089396
1076,1047,8.857226
1084,1047,7.7385025
1051,1048,10.77219
1080,1048,8.670331
1095,1048,8.999413
1106,1048,13.740262
1071,1049,11.33614
1086,1049,7.9582524
1112,1049,14.884232
1054,1050,7.8837028
1085,1050,6.5843983
1119,1050,12.866983
1087,1051,9.509601
1093,1051,8.953854
1095,1051,13.315518
1106,1051,12.577983
1067,1052,13.387645
1060,1053,7.2103963
1076,1053,5.884648
1084,1053,11.095536
1101,1053,10.985965
1126,1053,14.077939
1064,1054,9.545187
1085,1054,8.465913
1102,1054,10.604625
1119,1054,10.993409
1142,1054,13.563121
1066,1055,10.876239
1074,1055,13.945775
1091,1055,9.980172
1104,1055,11.531008
1118,1055,11.746843
1105,1056,11.463937
1100,1057,7.844515
1070,1058,7.924643
1088,1058,13.312956
1096,1058,8.530923
1103,1058,13.081066
1079,1059,13.043105
1090,1059,7.6480474
1076,1060,10.932677
1092,1060,10.020615
1101,1060,7.799908
1081,1061,6.560703
1110,1061,13.407046
1117,1061,13.50008
1129,1061,12.057171
1081,1062,11.485821
1117,1062,11.675004
1130,1062,12.749652
1094,1063,7.3639336
1123,1063,11.386724
1068,1064,12.019037
1102,1064,8.69332
1116,1064,12.849134
1074,1065,13.7824745
1078,1065,8.455964
1113,1065,9.956358
1091,1066,6.352817
1097,1066,11.618512
1118,1066,12.47167
1137,1066,12.511669
1099,1067,7.9897995
1150,1067,14.954162
1116,1068,8.762071
1073,1069,10.954815
1108,1069,8.287216
1080,1070,13.171293
1096,1070,9.375453
1103,1070,6.7215214
1149,1070,14.930072
1086,1071,8.834791
1100,1071,14.952614
1112,1071,8.251612
1073,1072,10.910467
1121,1072,8.88444
1121,1073,12.159502
1078,1074,6.221455
1104,1074,7.811189
1113,1074,11.715559
1122,1074,9.671265
1136,1074,13.444307
1124,1075,9.530019
1132,1075,12.021852
1134,1075,8.928192
1084,1076,5.807492
1101,1076,10.310318
1126,1076,9.437163
1127,1076,11.364009
1107,1077,9.37211
1114,1077,8.380307
1154,1077,13.815107
1104,1078,12.30655
1113,1078,6.3486676
1122,1078,10.3609
1156,1078,11.727082
1083,1079,7.566673
1090,1079,6.0181437
1135,1079,9.483658
1147,1079,12.13359
1095,1080,6.521626
1103,1080,10.778677
1106,1080,13.089361
1144,1080,8.986956
1149,1080,12.903466
1117,1081,6.9703646
1129,1081,9.016019
1130,1081,13.865051
1158,1081,12.861287
1098,1082,12.039611
1125,1082,9.249723
1133,1082,8.119985
1174,1082,14.976036
1090,1083,13.576189
1092,1083,8.200896
1135,1083,8.70814
1107,1084,13.504978
1126,1084,10.608885
1127,1084,7.8501573
1141,1084,10.957252
1102,1085,14.88512
1108,1085,14.39856
1119,1085,6.607346
1142,1085,12.690964
1143,1085,11.353316
1164,1085,13.709394
1112,1086,7.6828365
1093,1087,6.615075
1106,1087,13.132894
1109,1087,9.330828
1128,1087,10.511734
1096,1088,13.016401
1139,1088,13.55296
1161,1088,12.625262
1105,1089,10.076361
1131,1089,7.555238
1146,1089,12.963743
1135,1090,13.25406
1147,1090,11.105815
1097,1091,12.787051
1118,1091,6.16323
1137,1091,7.9260397
1101,1092,8.810676
1135,1092,13.434643
1151,1092,11.7750225
1176,1092,13.392588
1095,1093,11.596966
1106,1093,6.518663
1109,1093,13.692499
1128,1093,8.105947
1160,1093,11.818809
1123,1094,7.3271127
1138,1094,9.85533
1167,1094,11.282004
1106,1095,6.602813
1144,1095,8.959252
1160,1095,12.860153
1103,1096,9.263318
1139,1096,7.0243735
1149,1096,14.409789
1152,1096,10.97652
1190,1096,14.61759
1098,1097,14.842698
1120,1097,12.168821
1137,1097,10.778317
1145,1097,8.099152
1165,1097,12.957332
1120,1098,5.1937656
1133,1098,12.619673
1165,1098,13.647368
1174,1098,14.346104
1131,1099,13.885138
1146,1099,9.569701
1150,1099,9.01121
1175,1099,12.6035185
1112,1100,14.908213
1157,1100,11.630562
1126,1101,8.650124
1151,1101,7.770153
1176,1101,13.787918
1177,1101,13.256356
1116,1102,11.11225
1119,1102,11.632016
1142,1102,8.045857
1139,1103,13.678307
1144,1103,12.37648
1149,1103,8.208854
1152,1103,9.980517
1118,1104,11.591684
1122,1104,6.785056
1136,1104,6.1301
1180,1104,12.731213
1131,1105,13.632091
1128,1106,10.236541
1144,1106,12.242557
1160,1106,7.850896
1114,1107,13.384761
1127,1107,12.934563
1141,1107,8.1841345
1154,1107,7.370278
1178,1107,12.189655
1143,1108,9.673512
1155,1108,8.845854
1128,1109,10.9772625
1159,1109,11.021775
1196,1109,14.664917
1129,1110,12.076741
1172,1110,12.012849
1173,1110,14.783754
1153,1111,13.697654
1166,1111,11.415246
1169,1111,9.98734
1157,1112,11.957323
1170,1112,11.350771
1122,1113,10.295699
1156,1113,6.4056497
1162,1113,13.738472
1115,1114,8.915112
1148,1114,9.649789
1154,1114,13.170559
1171,1114,11.373729
1148,1115,5.7315626
1189,1115,11.579449
1129,1117,9.540457
1130,1117,7.325588
1158,1117,7.6049643
1173,1117,14.081576
1179,1117,14.221159
1197,1117,14.076433
1136,1118,10.0117235
1137,1118,7.979101
1183,1118,14.225507
1198,1118,13.448704
1142,1119,6.592988
1143,1119,10.214424
1164,1119,9.010695
1181,1119,9.779649
1133,1120,14.513685
1145,1120,11.714341
1165,1120,8.473528
1174,1120,13.535836
1159,1121,12.768793
1168,1121,10.106362
1182,1121,9.8568125
1209,1121,14.974764
1136,1122,7.0936947
1156,1122,9.118767
1180,1122,8.372249
1201,1122,14.028899
1138,1123,14.262425
1167,1123,9.98061
1132,1124,6.797217
1134,1124,13.03425
1133,1125,7.0418963
1163,1125,8.124055
1174,1125,12.915706
1210,1125,14.8204155
1217,1125,14.643889
1127,1126,8.112816
1141,1126,13.997457
1151,1126,8.745181
1177,1126,8.256641
1194,1126,13.784649
1207,1126,14.212952
1141,1127,5.9170656
1154,1127,14.705958
1177,1127,13.165799
1178,1127,10.678317
1194,1127,10.270377
1160,1128,9.014457
1196,1128,12.23339
1158,1129,8.711863
1172,1129,13.598125
1173,1129,6.870189
1200,1129,13.314794
1158,1130,10.031921
1162,1130,11.395766
1179,1130,7.906488
1197,1130,11.250561
1220,1130,14.811045
1146,1131,6.9450655
1175,1131,13.904752
1191,1131,9.948864
1134,1132,10.119268
1185,1132,9.770019
1206,1132,11.866058
1163,1133,13.78926
1174,1133,7.211414
1210,1133,12.838781
1140,1134,10.570961
1185,1134,7.7000456
1192,1134,10.789912
1206,1134,14.251859
1147,1135,9.447519
1188,1135,10.124881
1193,1135,13.442384
1180,1136,7.982665
1198,1136,14.092604
1201,1136,11.065378
1145,1137,10.079918
1183,1137,8.3076935
1198,1137,13.322832
1167,1138,9.164002
1186,1138,9.647419
1152,1139,9.041295
1161,1139,9.823318
1190,1139,8.969661
1184,1140,7.5883937
1185,1140,14.686488
1187,1140,13.542903
1192,1140,10.248694
1202,1140,10.413445
1154,1141,8.796257
1178,1141,6.6008015
1194,1141,10.506748
1208,1141,13.728733
1164,1142,11.159391
1181,1142,7.204245
1155,1143,8.200538
1164,1143,6.692261
1181,1143,13.20308
1212,1143,12.281182
1149,1144,7.978135
1152,1144,14.631171
1160,1144,13.335544
1195,1144,11.458123
1165,1145,6.930487
1183,1145,9.638594
1150,1146,10.459769
1175,1146,7.4020452
1191,1146,7.8008738
1222,1146,14.998387
1193,1147,7.401941
1171,1148,12.047116
1189,1148,6.407071
1215,1148,10.7112
1152,1149,6.659302
1190,1149,13.210274
1195,1149,8.567473
1232,1149,13.895498
1175,1150,6.9835844
1184,1150,13.2231045
1187,1150,7.2891507
1191,1150,14.911278
1222,1150,11.424165
1176,1151,7.159694
1177,1151,7.2242975
1207,1151,10.72163
1228,1151,13.207625
1190,1152,7.112726
1195,1152,10.763598
1232,1152,11.737967
1163,1153,10.666067
1166,1153,5.9835773
1169,1153,13.437301
1199,1153,9.569597
1229,1153,12.041959
1171,1154,9.109833
1178,1154,7.8543253
1208,1154,8.838943
1238,1154,14.45197
1164,1155,12.915383
1212,1155,8.893471
1162,1156,12.530539
1180,1156,11.627535
1205,1156,9.815176
1234,1156,14.368373
1170,1157,6.7234097
1211,1157,9.592914
1230,1157,12.058116
1236,1157,14.80278
1173,1158,8.877316
1179,1158,12.66489
1197,1158,8.603007
1200,1158,12.777903
1216,1158,9.742362
1182,1159,9.212367
1196,1159,11.720094
1209,1159,13.064357
1249,1159,14.686767
1257,1159,14.347418
1203,1160,8.10667
1244,1160,14.111766
1190,1161,13.840874
1204,1161,12.634116
1225,1161,11.172847
1241,1161,14.736
1179,1162,6.903689
1197,1162,14.301809
1220,1162,12.008286
1221,1162,8.619678
1234,1162,11.694976
1210,1163,14.351032
1217,1163,10.066888
1229,1163,14.944062
1181,1164,6.846586
1212,1164,12.210896
1183,1165,14.3801155
1213,1165,13.710259
1169,1166,7.693655
1199,1166,4.9433084
1229,1166,11.443723
1240,1166,14.13653
1186,1167,13.16227
1227,1167,9.432174
1182,1168,8.366896
1209,1168,9.702554
1219,1168,8.166413
1257,1168,14.633739
1199,1169,8.36673
1240,1169,11.329744
1211,1170,10.492496
1230,1170,8.558782
1178,1171,14.715483
1189,1171,13.421174
1208,1171,9.53867
1215,1171,10.575905
1238,1171,10.158743
1247,1171,10.660223
1173,1172,9.819624
1200,1172,10.197919
1204,1172,8.087604
1226,1172,8.464462
1250,1172,14.245306
1200,1173,6.4471545
1216,1173,10.626595
1226,1173,11.341459
1250,1173,13.187153
1210,1174,8.456961
1213,1174,7.981011
1217,1174,14.707949
1245,1174,13.656483
1187,1175,10.157071
1191,1175,8.376437
1222,1175,7.7262244
1262,1175,13.334439
1177,1176,11.092042
1188,1176,8.505938
1207,1176,10.553511
1228,1176,9.100932
1194,1177,11.918088
1207,1177,5.961576
1223,1177,8.548436
1228,1177,11.452011
1237,1177,14.082507
1263,1177,14.611165
1194,1178,7.5571065
1208,1178,7.8801
1237,1178,12.063208
1238,1178,14.6721945
1258,1178,13.867272
1197,1179,7.5070834
1220,1179,7.534803
1221,1179,9.17946
1234,1179,14.83272
1261,1179,14.672066
1198,1180,14.671906
1201,1180,5.9807873
1205,1180,10.768222
1233,1180,8.627816
1239,1181,13.828751
1264,1181,13.902321
1209,1182,5.51087
1219,1182,11.147487
1257,1182,9.54235
1198,1183,9.945966
1242,1183,9.858178
1187,1184,7.459737
1192,1184,10.320277
1202,1184,5.907936
1235,1184,8.944388
1252,1184,12.831576
1192,1185,8.111845
1202,1185,14.312652
1206,1185,6.7856426
1243,1185,12.047259
1255,1185,13.577599
1254,1186,13.895441
1202,1187,12.202185
1222,1187,8.656892
1235,1187,11.912576
1252,1187,10.587599
1262,1187,14.402933
1193,1188,14.769646
1228,1188,13.126021
1256,1188,14.846422
1215,1189,6.3514576
1231,1189,9.0216055
1247,1189,13.326209
1248,1189,9.418179
1195,1190,13.349225
1232,1190,9.389387
1241,1190,10.737711
1214,1191,12.047836
1222,1191,12.874214
1202,1192,6.2008743
1206,1192,12.559563
1235,1192,11.264016
1243,1192,8.192715
1267,1192,13.045439
1272,1192,14.796127
1218,1193,14.310105
1256,1193,11.296051
1207,1194,14.139787
1208,1194,13.480386
1223,1194,8.1287985
1237,1194,6.3626194
1258,1194,13.435775
1273,1194,12.25007
1224,1195,9.114756
1232,1195,7.984527
1274,1195,11.628282
1244,1196,12.954033
1249,1196,10.982152
1216,1197,8.244507
1220,1197,6.7604756
1221,1197,13.094147
1261,1197,11.437626
1201,1198,10.271373
1242,1198,11.586088
1259,1198,11.001612
1286,1198,14.643333
1229,1199,8.376903
1240,1199,9.965458
1271,1199,11.831114
1204,1200,14.293406
1216,1200,8.47413
1226,1200,6.404671
1250,1200,6.740458
1270,1200,14.80109
1291,1200,13.902433
1205,1201,13.343492
1233,1201,6.7583137
1259,1201,9.439759
1235,1202,5.700024
1243,1202,9.841878
1252,1202,12.748132
1267,1202,10.233481
1295,1202,14.945556
1224,1203,8.975046
1244,1203,9.766809
1225,1204,8.0047865
1226,1204,8.71032
1250,1204,14.630308
1270,1204,9.903779
1221,1205,14.163632
1233,1205,8.496969
1234,1205,8.649365
1282,1205,12.303339
1243,1206,11.86177
1246,1206,9.110038
1255,1206,7.5603437
1272,1206,11.102293
1223,1207,7.1906323
1228,1207,6.2969217
1237,1207,13.525594
1263,1207,8.911992
1268,1207,12.900043
1281,1207,12.955691
1237,1208,14.912001
1238,1208,6.843411
1247,1208,13.171518
1258,1208,10.789552
1287,1208,13.732042
1219,1209,7.7152205
1249,1209,13.542253
1257,1209,4.982558
1289,1209,14.002189
1294,1209,13.68292
1213,1210,9.597001
1217,1210,7.503956
1245,1210,5.328327
1292,1210,13.500195
1230,1211,6.791739
1236,1211,6.4932623
1277,1211,10.237744
1260,1212,13.966872
1269,1212,9.965119
1279,1212,12.338002
1245,1213,12.594944
1265,1213,9.102886
1292,1213,14.440461
1254,1214,12.373941
1276,1214,9.756085
1231,1215,10.470108
1238,1215,13.214722
1247,1215,6.9967084
1248,1215,6.057814
1278,1215,14.611433
1220,1216,13.170427
1226,1216,14.254548
1250,1216,10.761434
1261,1216,13.687233
1285,1216,12.233293
1229,1217,14.010492
1245,1217,6.8576775
1257,1219,10.831239
1260,1219,10.275753
1289,1219,11.59248
1221,1220,7.156997
1234,1220,13.135197
1261,1220,7.160583
1234,1221,6.2134295
1261,1221,11.668548
1252,1222,8.701092
1262,1222,6.472402
1283,1222,14.827825
1228,1223,12.730195
1237,1223,6.347642
1263,1223,10.169514
1273,1223,9.864333
1281,1223,9.600458
1232,1224,13.689712
1274,1224,9.490168
1314,1224,14.602516
1241,1225,9.000993
1270,1225,12.3209715
1250,1226,6.286514
1270,1226,8.903656
1291,1226,11.708066
1251,1227,6.6846294
1266,1227,6.9585547
1301,1227,13.632077
1263,1228,8.339442
1268,1228,7.86665
1281,1228,14.838886
1240,1229,14.428386
1271,1229,6.6915283
1236,1230,12.221697
1277,1230,11.889331
1248,1231,6.985631
1253,1231,14.811989
1278,1231,8.19947
1288,1231,12.346473
1241,1232,13.723659
1274,1232,9.395952
1280,1232,10.756978
1259,1233,10.637083
1282,1233,12.942825
1298,1233,12.898138
1282,1234,11.4346485
1300,1234,13.36202
1243,1235,11.048036
1252,1235,7.847462
1267,1235,6.9189434
1283,1235,9.63859
1295,1235,10.10429
1246,1236,12.072966
1277,1236,7.5916176
1258,1237,9.774326
1263,1237,14.167451
1273,1237,5.9081244
1281,1237,10.048764
1304,1237,13.173266
1305,1237,13.4971485
1247,1238,7.252827
1258,1238,11.265278
1287,1238,8.630182
1297,1238,10.843678
1253,1239,6.1921234
1264,1239,10.171032
1275,1239,7.154255
1293,1239,9.339058
1303,1239,13.976582
1271,1240,12.586429
1280,1241,10.986354
1286,1242,10.017507
1255,1243,11.335561
1267,1243,7.8930683
1272,1243,7.5234494
1295,1243,13.286136
1302,1243,10.830296
1284,1244,12.231033
1299,1244,10.947144
1292,1245,9.755367
1255,1246,6.3167887
1272,1246,12.056644
1315,1246,13.101359
1248,1247,9.082403
1287,1247,11.93497
1297,1247,10.493018
1322,1247,14.184113
1278,1248,8.620065
1319,1248,14.023006
1320,1248,14.139235
1257,1249,9.4127865
1284,1249,11.401525
1290,1249,7.333546
1294,1249,12.989936
1270,1250,10.521471
1285,1250,14.149996
1291,1250,7.162027
1308,1250,11.944537
1266,1251,5.1060147
1301,1251,11.501575
1262,1252,8.765992
1267,1252,12.259955
1283,1252,6.7674923
1295,1252,11.629069
1328,1252,14.547574
1275,1253,5.2410264
1288,1253,9.784639
1293,1253,10.885352
1303,1253,10.181047
1276,1254,9.924415
1310,1254,14.697428
1327,1254,13.537124
1272,1255,5.818163
1302,1255,13.525129
1315,1255,13.688158
1289,1257,12.251242
1290,1257,11.425472
1294,1257,9.65791
1273,1258,8.769126
1287,1258,9.70372
1304,1258,14.250416
1305,1258,9.857545
1329,1258,14.653132
1341,1258,14.859387
1286,1259,10.140931
1298,1259,13.237532
1325,1259,12.441205
1269,1260,9.989528
1289,1260,11.332759
1307,1260,11.660004
1285,1261,9.768504
1300,1261,14.314668
1309,1261,8.119612
1283,1262,12.231335
1311,1262,11.259611
1268,1263,7.7906294
1273,1263,13.051398
1281,1263,6.971826
1304,1263,12.502452
1312,1263,13.477029
1323,1263,11.318185
1275,1264,12.091764
1279,1264,10.299354
1293,1264,7.6188626
1296,1264,8.275512
1306,1264,8.376855
1292,1265,10.238771
1317,1265,10.408316
1318,1265,10.828728
1301,1266,7.054569
1272,1267,12.712175
1283,1267,9.53233
1295,1267,5.6527095
1302,1267,10.155937
1321,1267,9.937176
1281,1268,14.274065
1312,1268,7.454768
1323,1268,14.277337
1279,1269,9.112346
1296,1269,14.195553
1307,1269,8.274786
1333,1269,13.070861
1291,1270,9.715526
1316,1270,14.6365595
1326,1270,12.037198
1302,1272,8.004944
1281,1273,6.680585
1304,1273,7.5254974
1305,1273,7.9646225
1323,1273,14.425466
1339,1273,13.412175
1280,1274,12.099833
1313,1274,8.498619
1314,1274,13.062238
1288,1275,10.285122
1293,1275,6.122456
1303,1275,6.8622837
1306,1275,13.857667
1355,1275,14.615005
1327,1276,13.072953
1335,1277,11.142959
1288,1278,7.704664
1303,1278,14.758602
1319,1278,11.977154
1320,1278,7.868111
1342,1278,14.20116
1354,1278,14.597292
1296,1279,6.511932
1306,1279,12.462139
1307,1279,14.419687
1333,1279,12.559726
1313,1280,12.925611
1331,1280,10.0788765
1304,1281,6.215651
1305,1281,11.351728
1323,1281,9.344547
1339,1281,12.470694
1298,1282,9.559543
1300,1282,9.861983
1295,1283,6.050722
1321,1283,10.4423895
1328,1283,8.319447
1290,1284,11.013701
1299,1284,13.600212
1330,1284,10.743469
1359,1284,11.9096365
1291,1285,13.68008
1308,1285,8.332168
1309,1285,8.222626
1340,1285,9.967807
1345,1285,14.087361
1361,1285,14.0999975
1325,1286,10.605544
1351,1286,11.612816
1297,1287,5.4011564
1305,1287,14.57558
1322,1287,11.290593
1329,1287,7.242595
1341,1287,14.902157
1303,1288,7.191115
1320,1288,11.12554
1342,1288,10.610254
1294,1289,7.1943493
1324,1289,11.386176
1350,1289,12.216962
1294,1290,8.413942
1324,1290,9.438465
1336,1290,10.023168
1359,1290,13.806391
1308,1291,7.392157
1326,1291,14.761446
1344,1291,10.679031
1345,1291,12.479049
1318,1292,6.7540135
1356,1292,11.74352
1296,1293,12.341487
1303,1293,9.929536
1306,1293,7.7758346
1343,1293,11.3596525
1355,1293,13.415932
1324,1294,6.495655
1336,1294,11.443
1350,1294,12.338052
1302,1295,11.156319
1321,1295,5.6094756
1328,1295,9.466446
1357,1295,13.723826
1306,1296,6.2196164
1333,1296,10.613234
1343,1296,14.119099
1349,1296,10.049959
1319,1297,11.475407
1322,1297,6.177909
1329,1297,7.1328654
1325,1298,11.819054
1334,1298,7.557066
1314,1299,8.980584
1330,1299,8.493422
1337,1299,7.7285547
1370,1299,14.074081
1309,1300,13.67789
1362,1300,12.625364
1363,1300,11.446921
1364,1300,12.320961
1310,1301,10.337509
1346,1301,9.610061
1352,1301,13.418473
1321,1302,9.547999
1357,1302,10.440978
1342,1303,9.862671
1343,1303,13.745655
1355,1303,9.617117
1305,1304,6.5334744
1323,1304,7.8404484
1339,1304,6.5082264
1341,1304,12.00841
1353,1304,14.857729
1373,1304,12.974753
1323,1305,13.941804
1329,1305,14.713425
1339,1305,8.125545
1341,1305,7.262253
1385,1305,14.663004
1333,1306,14.207454
1343,1306,8.456718
1349,1306,9.389559
1355,1306,14.605036
1333,1307,9.403983
1358,1307,8.876884
1309,1308,14.769574
1340,1308,11.691932
1344,1308,11.735888
1345,1308,7.510173
1361,1308,10.737892
1372,1308,12.530917
1340,1309,7.488008
1361,1309,14.623953
1362,1309,11.261724
1374,1309,12.529012
1375,1309,14.4618225
1327,1310,12.19373
1346,1310,14.568755
1352,1310,8.516186
1347,1311,10.98589
1348,1311,8.007984
1369,1311,9.668807
1323,1312,13.924591
1353,1312,12.18411
1366,1312,11.469633
1314,1313,10.627801
1360,1313,11.397684
1367,1313,10.586991
1337,1314,10.187654
1360,1314,9.801674
1370,1314,12.345403
1392,1315,12.920145
1326,1316,7.8114305
1331,1316,10.20683
1368,1316,14.748237
1371,1316,11.181367
1318,1317,10.199985
1338,1317,6.9156795
1377,1317,12.791019
1356,1318,11.151098
1377,1318,13.95567
1381,1318,12.923543
1320,1319,6.991792
1322,1319,6.2750497
1354,1319,6.3874397
1322,1320,13.259595
1342,1320,10.12774
1354,1320,6.911064
1328,1321,8.91762
1357,1321,8.273501
1329,1322,9.045149
1354,1322,11.063482
1339,1323,8.7628
1353,1323,7.3400354
1366,1323,13.733915
1373,1323,10.071546
1336,1324,5.7148323
1350,1324,8.507033
1359,1324,14.876773
1396,1324,12.660929
1334,1325,6.8628497
1351,1325,9.29103
1376,1325,10.959135
1344,1326,9.746144
1371,1326,9.172343
1403,1326,14.720729
1352,1327,13.994829
1382,1327,12.92597
1348,1328,11.954158
1357,1328,14.894175
1341,1329,11.43585
1402,1329,13.899919
1337,1330,6.63264
1359,1330,11.124312
1370,1330,12.668347
1413,1330,14.764604
1368,1331,7.989041
1397,1331,13.986507
1388,1332,9.669752
1349,1333,8.229375
1358,1333,8.7633
1387,1333,10.604834
1395,1333,12.980517
1351,1334,14.9248295
1376,1334,11.687623
1394,1334,14.848954
1384,1335,9.628906
1392,1335,12.374904
1350,1336,11.827288
1359,1336,9.428703
1396,1336,10.964285
1400,1336,12.655229
1360,1337,12.382536
1370,1337,6.8835464
1413,1337,12.729294
1377,1338,12.457535
1405,1338,14.936113
1406,1338,14.006869
1341,1339,8.811442
1353,1339,13.261748
1373,1339,7.4918675
1385,1339,11.08637
1401,1339,11.624876
1345,1340,11.3716135
1361,1340,7.3108
1362,1340,11.262424
1372,1340,14.651241
1374,1340,8.2565565
1375,1340,7.3325562
1404,1340,14.917195
1373,1341,14.277748
1385,1341,8.3161
1401,1341,14.383891
1402,1341,14.675212
1354,1342,12.70474
1355,1342,10.7118845
1386,1342,8.563048
1349,1343,10.356034
1355,1343,7.590768
1389,1343,11.356702
1399,1343,11.638755
1345,1344,9.064542
1361,1344,14.693086
1371,1344,14.315768
1372,1344,9.300261
1380,1344,8.662428
1410,1344,12.171363
1361,1345,5.778781
1372,1345,5.1108317
1375,1345,11.099876
1380,1345,10.3274975
1404,1345,11.865478
1352,1346,11.052241
1378,1346,7.938012
1415,1346,13.59565
1348,1347,12.767858
1369,1347,5.9347816
1427,1347,14.827974
1369,1348,7.657914
1387,1349,9.7228985
1389,1349,8.896611
1396,1350,9.881472
1376,1351,9.651344
1378,1352,7.4806848
1382,1352,9.207882
1408,1352,10.496701
1415,1352,12.307096
1366,1353,6.7262063
1373,1353,9.554811
1409,1353,11.552535
1429,1353,14.571116
1386,1355,10.555794
1399,1355,9.362806
1422,1355,14.091885
1379,1356,7.3688254
1381,1356,11.62855
1391,1357,10.292266
1387,1358,10.679555
1390,1358,7.9509068
1395,1358,7.9723783
1400,1359,11.428763
1412,1359,11.613478
1367,1360,8.958109
1370,1360,8.393402
1417,1360,11.712248
1434,1360,14.265451
1372,1361,7.502456
1374,1361,11.243969
1375,1361,5.3549294
1380,1361,13.499028
1404,1361,8.891547
1363,1362,11.936087
1364,1362,6.510291
1374,1362,6.499907
1375,1362,12.798165
1393,1362,11.611309
1398,1362,7.878318
1419,1362,13.603574
1364,1363,6.0079865
1393,1363,7.899178
1394,1363,10.86594
1398,1363,14.488333
1419,1363,14.960787
1374,1364,11.924054
1393,1364,6.1129417
1398,1364,8.807335
1419,1364,11.167047
1379,1365,11.6874695
1407,1365,7.667471
1411,1365,12.792139
1441,1365,14.68527
1373,1366,14.981441
1409,1366,12.9271145
1429,1366,12.943128
1418,1367,14.155975
1434,1367,12.023382
1371,1368,14.239099
1397,1368,6.265893
1418,1368,11.646063
1423,1368,12.546914
1427,1369,14.677517
1413,1370,9.261368
1417,1370,9.987386
1442,1370,14.08974
1397,1371,13.558271
1403,1371,7.4306273
1410,1371,13.057152
1423,1371,12.086979
1444,1371,14.996764
1375,1372,11.603852
1380,1372,6.0173087
1404,1372,8.664871
1410,1372,10.957102
1385,1373,11.582258
1401,1373,6.8091536
1409,1373,8.683634
1429,1373,14.513275
1433,1373,13.735778
1435,1373,11.510586
1375,1374,6.565948
1398,1374,7.078093
1404,1374,13.917402
1419,1374,13.83594
1439,1374,13.089639
1398,1375,12.487825
1404,1375,8.220002
1439,1375,11.344563
1431,1376,10.021182
1381,1377,8.711592
1406,1377,8.74709
1414,1377,8.889533
1421,1377,14.055191
1382,1378,12.363438
1408,1378,9.494744
1415,1378,6.374703
1432,1378,14.56231
1381,1379,11.126648
1414,1379,14.528317
1421,1379,10.553471
1448,1379,13.649053
1403,1380,11.721789
1404,1380,11.931535
1410,1380,5.0860033
1444,1380,14.755242
1414,1381,5.5265603
1421,1381,7.151002
1448,1381,12.690339
1408,1382,5.8885174
1415,1382,12.595334
1424,1382,7.0978265
1426,1382,10.733273
1453,1382,14.032027
1391,1383,6.3855333
1392,1383,13.343991
1416,1383,7.649869
1443,1383,14.910244
1392,1384,6.550401
1443,1384,14.763646
1449,1384,14.385531
1454,1384,13.649663
1401,1385,7.898446
1402,1385,12.05508
1430,1385,8.892811
1433,1385,8.911935
1435,1385,14.463108
1399,1386,10.503121
1422,1386,8.414802
1436,1386,10.539863
1389,1387,9.134422
1390,1387,13.37889
1395,1387,6.364691
1425,1387,6.4923453
1446,1387,12.164637
1407,1388,12.919269
1411,1388,7.8723197
1437,1388,10.025124
1441,1388,14.779743
1399,1389,12.9779825
1425,1389,10.637255
1446,1389,12.820215
1466,1389,13.109069
1395,1390,7.254565
1425,1390,14.585056
1456,1390,12.494711
1461,1390,14.691132
1416,1391,12.824656
1416,1392,10.044115
1443,1392,12.7616
1394,1393,11.477291
1398,1393,9.242887
1419,1393,7.251171
1470,1393,14.17238
1425,1395,7.889958
1446,1395,13.455457
1461,1395,12.480022
1400,1396,9.838691
1450,1396,13.25774
1418,1397,8.413594
1423,1397,6.852679
1419,1398,6.785265
1439,1398,12.858088
1459,1398,12.708248
1472,1398,14.398934
1422,1399,7.1252813
1466,1399,9.0474205
1468,1399,14.878941
1412,1400,9.352657
1447,1400,9.791077
1450,1400,9.897251
1409,1401,9.171269
1429,1401,14.777167
1430,1401,12.542744
1433,1401,6.9306927
1435,1401,7.2197385
1479,1401,14.774209
1430,1402,9.038009
1455,1402,12.677093
1410,1403,7.5560646
1423,1403,11.287891
1444,1403,7.787118
1410,1404,14.971311
1439,1404,8.803974
1459,1404,14.333509
1406,1405,7.0888987
1420,1405,7.16633
1445,1405,7.5908904
1452,1405,14.48103
1414,1406,13.676821
1420,1406,14.074884
1445,1406,7.7975144
1411,1407,5.983271
1437,1407,13.364482
1441,1407,7.336546
1477,1407,14.671035
1415,1408,7.252944
1424,1408,6.0401244
1426,1408,12.22856
1453,1408,8.973583
1462,1408,13.051524
1429,1409,6.002139
1433,1409,13.917104
1435,1409,6.7012687
1465,1409,12.719438
1444,1410,9.69397
1437,1411,8.029075
1441,1411,7.233382
1413,1412,9.698576
1447,1412,9.692293
1451,1412,11.214223
1476,1412,14.62022
1417,1413,11.108565
1442,1413,8.065144
1451,1413,10.588578
1469,1413,14.242353
1421,1414,5.652369
1448,1414,9.875959
1474,1414,12.265887
1424,1415,12.510862
1432,1415,12.747549
1453,1415,9.717994
1443,1416,7.3201275
1434,1417,9.261472
1442,1417,8.664478
1469,1417,11.68887
1471,1417,11.324595
1423,1418,12.533438
1434,1418,13.475783
1457,1418,11.132312
1459,1419,12.396784
1470,1419,9.558346
1472,1419,10.800564
1498,1419,14.97352
1502,1419,14.922693
1431,1420,11.5792675
1445,1420,11.114717
1452,1420,7.8555555
1448,1421,5.5635424
1474,1421,12.62898
1436,1422,8.368339
1466,1422,10.234028
1468,1422,8.4972315
1484,1422,14.14201
1491,1422,13.049397
1444,1423,12.911144
1426,1424,6.429526
1438,1424,14.548657
1453,1424,8.701798
1462,1424,8.008365
1494,1424,14.178552
1446,1425,5.9472504
1461,1425,10.437113
1427,1426,14.218946
1438,1426,8.13177
1453,1426,13.753777
1462,1426,8.022134
1463,1426,13.924373
1494,1426,14.269617
1438,1427,6.5183606
1463,1427,7.5614824
1464,1427,9.731935
1464,1428,10.869521
1492,1428,12.276798
1435,1429,9.873578
1458,1429,12.171034
1465,1429,7.2264214
1486,1429,12.879634
1489,1429,12.006274
1507,1429,14.771412
1433,1430,7.276766
1475,1430,11.042583
1452,1431,7.427641
1435,1433,8.375988
1475,1433,14.790737
1479,1433,10.565299
1457,1434,7.2196093
1471,1434,11.017643
1465,1435,13.779182
1479,1435,9.419141
1440,1436,14.554154
1468,1436,7.5556626
1481,1436,9.489303
1484,1436,8.616111
1491,1436,13.289541
1441,1437,9.621678
1488,1437,8.983808
1462,1438,13.147239
1463,1438,6.7461977
1464,1438,13.986065
1459,1439,5.536937
1472,1439,11.861034
1497,1439,12.77353
1510,1439,14.552781
1455,1440,10.410228
1480,1440,12.77965
1481,1440,11.149166
1490,1440,10.164878
1477,1441,8.452818
1488,1441,12.337344
1503,1441,12.516154
1451,1442,8.271286
1469,1442,6.193982
1471,1442,11.51047
1476,1442,14.031778
1495,1442,11.735307
1517,1442,14.216704
1449,1443,14.210653
1454,1443,9.140995
1496,1444,10.356799
1461,1446,9.901701
1485,1446,11.027357
1528,1446,14.852188
1450,1447,7.5798945
1451,1447,10.532166
1476,1447,8.871843
1487,1447,8.233756
1500,1447,11.848948
1474,1448,10.014821
1454,1449,5.1753287
1476,1450,14.962319
1487,1450,8.358823
1469,1451,10.640006
1476,1451,6.297132
1487,1451,14.822034
1495,1451,9.45957
1500,1451,11.029062
1517,1451,14.612317
1515,1452,14.28383
1462,1453,8.831878
1494,1453,11.23227
1516,1453,11.697116
1475,1455,11.290596
1480,1455,5.469098
1490,1455,12.785774
1461,1456,12.225292
1482,1456,6.6214266
1499,1456,13.00701
1514,1456,14.741117
1471,1457,11.667032
1501,1457,12.958989
1504,1457,9.461547
1526,1457,13.877756
1460,1458,5.882594
1465,1458,8.250703
1486,1458,5.268314
1489,1458,10.556158
1493,1458,14.593353
1512,1458,13.029564
1518,1458,11.827903
1531,1458,14.013833
1472,1459,6.361319
1497,1459,11.422445
1502,1459,11.278651
1510,1459,10.61712
1465,1460,14.074594
1486,1460,9.61985
1493,1460,9.415461
1512,1460,9.72734
1518,1460,10.969578
1482,1461,11.544304
1514,1461,11.92496
1494,1462,6.514965
1516,1462,11.555771
1464,1463,8.940896
1524,1463,11.016129
1492,1464,10.9069805
1524,1464,12.701365
1535,1464,13.219595
1486,1465,6.34465
1489,1465,5.0765862
1507,1465,9.351475
1531,1465,13.064361
1532,1465,12.533036
1468,1466,12.682606
1485,1466,10.279456
1491,1466,12.712577
1513,1466,14.442087
1478,1467,13.346923
1483,1467,7.5636563
1505,1467,7.777363
1508,1467,13.767424
1549,1467,14.417978
1481,1468,11.927489
1484,1468,6.7085557
1491,1468,5.818649
1513,1468,12.240219
1519,1468,14.475976
1536,1468,13.336997
1471,1469,7.440777
1476,1469,14.324267
1495,1469,8.098602
1517,1469,8.522475
1520,1469,10.020398
1550,1469,13.957319
1472,1470,9.578646
1498,1470,5.5164475
1502,1470,9.597582
1541,1470,13.005132
1495,1471,14.382774
1517,1471,11.836203
1520,1471,9.24639
1526,1471,11.808723
1497,1472,13.841393
1498,1472,11.65958
1502,1472,5.5460243
1510,1472,9.640711
1541,1472,13.746892
1515,1473,14.483096
1522,1473,9.5975
1511,1474,9.437398
1547,1474,12.31242
1480,1475,10.669257
1527,1475,11.790847
1533,1475,9.691728
1487,1476,9.461104
1495,1476,8.972929
1500,1476,4.926442
1517,1476,14.636708
1525,1476,13.80505
1538,1476,10.208651
1488,1477,12.895197
1503,1477,6.569338
1530,1477,9.680365
1483,1478,8.138887
1506,1478,7.1812534
1508,1478,6.6687813
1507,1479,11.875259
1523,1479,7.988274
1490,1480,10.3557205
1527,1480,11.543008
1543,1480,9.815461
1545,1480,13.263891
1484,1481,6.18504
1490,1481,8.06319
1519,1481,8.531543
1536,1481,14.5680485
1552,1481,13.822528
1499,1482,10.521467
1514,1482,8.615923
1534,1482,9.471674
1537,1482,14.358257
1505,1483,8.6972475
1506,1483,13.276695
1508,1483,6.2598147
1549,1483,12.081607
1572,1483,12.950369
1490,1484,13.660832
1491,1484,9.102243
1513,1484,14.866026
1519,1484,8.167033
1536,1484,10.246196
1513,1485,11.929108
1528,1485,9.342909
1489,1486,6.0181327
1507,1486,11.418891
1512,1486,12.714985
1518,1486,9.540011
1531,1486,9.059301
1532,1486,11.9387045
1500,1487,8.375227
1525,1487,8.510255
1538,1487,12.605143
1503,1488,9.506136
1542,1488,10.24146
1507,1489,5.483386
1518,1489,13.5503845
1531,1489,8.646479
1532,1489,7.527334
1519,1490,10.841127
1543,1490,12.848931
1545,1490,10.057061
1552,1490,10.560838
1513,1491,6.486957
1519,1491,14.457207
1536,1491,10.017535
1563,1491,13.114972
1505,1492,12.259066
1535,1492,9.401864
1555,1492,10.230063
1512,1493,5.498168
1518,1493,10.397954
1516,1494,6.226601
1548,1494,12.850197
1571,1494,12.974615
1500,1495,9.792338
1517,1495,5.697728
1520,1495,10.960337
1538,1495,10.596167
1550,1495,10.657206
1521,1496,14.843733
1546,1496,10.670913
1566,1496,14.266129
1502,1497,14.70611
1509,1497,7.8567486
1510,1497,6.609073
1539,1497,6.046257
1502,1498,8.711895
1522,1498,13.170031
1541,1498,8.291575
1573,1498,14.920468
1534,1499,10.085338
1537,1499,6.497314
1554,1499,9.876867
1517,1500,14.705257
1525,1500,9.55591
1538,1500,5.706897
1565,1500,10.673564
1504,1501,5.5619307
1521,1501,8.766346
1526,1501,14.729254
1553,1501,8.69088
1580,1501,14.8174095
1585,1501,14.9346895
1510,1502,8.593809
1539,1502,14.346516
1541,1502,8.301118
1530,1503,6.2068815
1542,1503,9.582808
1560,1503,14.935787
1570,1503,12.136835
1521,1504,14.199411
1526,1504,9.646333
1553,1504,11.353226
1584,1504,14.98066
1508,1505,13.78789
1549,1505,7.0092974
1555,1505,14.169708
1579,1505,13.597941
1508,1506,8.075612
1523,1507,12.105774
1531,1507,10.428227
1532,1507,5.1344013
1562,1507,11.902816
1574,1507,12.13668
1549,1508,14.440768
1572,1508,9.683765
1510,1509,14.044936
1539,1509,10.267345
1566,1509,14.239864
1577,1509,12.016023
1539,1510,6.143489
1541,1510,13.933834
1529,1511,8.418037
1547,1511,6.8674746
1556,1511,7.4721603
1518,1512,5.054897
1531,1512,13.354526
1568,1512,12.338021
1536,1513,10.931594
1563,1513,9.16287
1534,1514,8.140325
1595,1514,14.605445
1544,1515,12.581924
1559,1515,8.077747
1548,1516,6.845689
1571,1516,11.179084
1520,1517,5.5467463
1538,1517,13.622444
1550,1517,5.7276125
1583,1517,13.893025
1531,1518,8.300787
1532,1518,14.964159
1568,1518,8.555788
1536,1519,8.221946
1545,1519,12.938851
1552,1519,7.9830546
1578,1519,13.921728
1589,1519,14.611448
1526,1520,9.965319
1550,1520,6.3125753
1583,1520,11.8787775
1546,1521,9.500665
1553,1521,8.8345
1580,1521,11.871967
1587,1521,13.432284
1558,1522,7.1842937
1573,1522,10.83728
1532,1523,14.374872
1533,1523,11.632235
1562,1523,8.602325
1569,1523,12.737001
1593,1523,14.543147
1535,1524,9.610842
1567,1524,8.543573
1538,1525,9.2844305
1554,1525,13.01588
1564,1525,9.900016
1565,1525,9.073514
1590,1525,11.464934
1550,1526,14.442299
1583,1526,14.343737
1584,1526,11.954122
1591,1526,12.4278755
1533,1527,8.578292
1543,1527,6.0324745
1545,1527,12.878302
1561,1527,6.583832
1569,1527,12.144173
1575,1527,11.293404
1544,1529,14.088588
1547,1529,12.610783
1556,1529,7.815245
1581,1529,12.490806
1586,1529,10.396639
1542,1530,11.545628
1560,1530,8.827872
1570,1530,7.670288
1532,1531,6.8296313
1568,1531,7.573458
1574,1531,10.868095
1562,1532,10.677007
1568,1532,13.163692
1574,1532,7.659828
1543,1533,14.515911
1561,1533,7.6206307
1569,1533,7.7532845
1593,1533,13.732571
1537,1534,8.657265
1554,1534,14.073983
1582,1534,12.013007
1596,1534,12.702085
1555,1535,7.136033
1567,1535,14.511706
1552,1536,14.412891
1563,1536,8.381662
1589,1536,9.951808
1554,1537,5.4988627
1564,1537,13.564599
1582,1537,9.308976
1550,1538,14.840486
1565,1538,5.467316
1590,1538,13.381561
1594,1538,11.03202
1577,1539,11.757704
1600,1539,13.548634
1548,1540,13.563219
1573,1541,12.462261
1570,1542,10.902618
1597,1542,9.780093
1545,1543,6.936708
1552,1543,12.735967
1561,1543,11.644091
1575,1543,7.298056
1578,1543,11.667683
1559,1544,9.309324
1581,1544,10.418415
1552,1545,5.8114185
1575,1545,6.126385
1578,1545,6.2967095
1553,1546,14.783859
1566,1546,14.597735
1580,1546,13.306131
1587,1546,9.580183
1599,1546,11.563259
1556,1547,6.3332787
1557,1547,12.945174
1576,1547,8.584592
1586,1547,14.53199
1571,1548,10.5763445
1598,1548,10.451424
1555,1549,12.493115
1572,1549,11.222983
1579,1549,6.8395305
1583,1550,8.327556
1594,1550,14.583354
1588,1551,9.244919
1575,1552,10.203036
1578,1552,6.1962132
1580,1553,6.306528
1584,1553,11.422275
1585,1553,7.1812897
1587,1553,12.114978
1603,1553,11.183082
1564,1554,8.3997345
1582,1554,10.260757
1576,1556,12.607862
1581,1556,14.868209
1586,1556,8.532515
1560,1557,9.413947
1576,1557,7.818674
1601,1557,9.626423
1573,1558,8.6908655
1604,1559,10.507666
1570,1560,9.710666
1601,1560,11.170293
1569,1561,6.3078523
1575,1561,13.932719
1593,1561,11.7081785
1613,1561,14.186573
1616,1561,13.878112
1569,1562,14.435761
1574,1562,8.436487
1593,1562,12.266004
1602,1562,9.990273
1605,1562,13.007292
1589,1563,9.055582
1565,1564,13.997971
1582,1564,13.2502
1590,1564,9.1486025
1615,1564,13.751437
1619,1564,12.874131
1590,1565,8.153428
1594,1565,7.322778
1577,1566,10.769688
1592,1566,9.433417
1599,1566,11.85522
1608,1566,11.012391
1609,1567,14.564719
1610,1567,12.9320545
1574,1568,12.990271
1618,1568,14.821919
1593,1569,6.243604
1602,1569,12.483513
1613,1569,11.171805
1597,1570,12.671678
1598,1571,10.728153
1609,1571,12.678938
1579,1572,8.082798
1606,1573,9.02864
1602,1574,14.109859
1605,1574,7.914986
1618,1574,14.552903
1578,1575,5.8361883
1601,1576,10.683992
1614,1576,12.525201
1624,1576,12.500813
1592,1577,4.904225
1600,1577,12.13353
1608,1577,13.990402
1632,1577,14.627437
1607,1578,13.479065
1584,1580,12.783591
1585,1580,6.5603857
1587,1580,6.8476768
1603,1580,6.0789375
1611,1580,14.378294
1627,1580,13.168394
1586,1581,7.625585
1617,1581,10.781019
1596,1582,11.4115
1615,1582,10.656922
1591,1583,9.298354
1626,1583,11.835007
1631,1583,14.554376
1585,1584,6.2669983
1591,1584,6.8282127
1603,1584,11.69978
1611,1584,8.00223
1627,1584,14.5920315
1587,1585,13.163569
1591,1585,12.883357
1603,1585,6.453061
1611,1585,9.206537
1627,1585,11.836598
1617,1586,11.025973
1621,1586,13.737236
1623,1586,10.975038
1599,1587,10.226417
1603,1587,9.68121
1629,1587,11.279296
1612,1588,7.7899423
1644,1588,14.821077
1607,1589,10.055312
1594,1590,10.319505
1619,1590,9.989375
1646,1590,14.310765
1611,1591,9.575034
1626,1591,9.793701
1641,1591,14.638355
1600,1592,13.965854
1608,1592,9.207023
1632,1592,10.290211
1634,1592,13.90219
1602,1593,6.6346135
1613,1593,6.809447
1646,1594,14.691895
1596,1595,9.194762
1625,1595,11.325513
1628,1595,11.444651
1628,1596,12.252928
1643,1598,12.461493
1608,1599,9.856668
1629,1599,11.583187
1620,1600,6.793201
1622,1600,12.18943
1634,1600,12.32414
1614,1601,6.890021
1624,1601,12.353897
1635,1601,10.725047
1605,1602,12.398522
1613,1602,9.574059
1648,1602,12.465087
1611,1603,9.791781
1627,1603,7.1003475
1629,1603,13.263891
1641,1603,14.5725355
1667,1603,14.620904
1618,1605,8.9700985
1622,1606,14.709633
1637,1606,9.637912
1657,1606,14.877586
1659,1606,13.902937
1636,1607,14.855989
1653,1607,12.190082
1632,1608,8.2079
1656,1608,10.558934
1610,1609,13.01432
1643,1609,13.124077
1647,1609,9.347098
1647,1610,11.201522
1626,1611,12.037458
1627,1611,8.315147
1641,1611,7.3985705
1667,1611,14.074273
1642,1612,12.750022
1644,1612,8.196815
1662,1612,10.480229
1666,1612,14.89331
1616,1613,10.549009
1648,1613,10.480509
1649,1613,14.081589
1672,1613,13.2905855
1621,1614,14.782916
1624,1614,6.5781035
1635,1614,8.338955
1660,1614,9.056767
1674,1614,11.906047
1682,1614,14.436475
1619,1615,10.873021
1664,1615,12.475121
1630,1616,12.242877
1649,1616,6.707922
1672,1616,14.364263
1621,1617,13.391253
1623,1617,7.4167423
1658,1617,9.209647
1681,1617,13.825139
1686,1617,13.249868
1645,1618,10.305636
1676,1618,11.907945
1683,1618,14.082685
1646,1619,11.291389
1664,1619,9.878317
1622,1620,9.681563
1634,1620,8.157092
1665,1620,9.566311
1668,1620,12.554798
1623,1621,5.9873896
1624,1621,8.276285
1658,1621,10.055824
1660,1621,14.061645
1673,1621,10.594274
1659,1622,9.257236
1668,1622,13.131133
1624,1623,14.262579
1658,1623,6.750423
1673,1623,13.65072
1681,1623,13.369206
1635,1624,13.937916
1660,1624,8.229595
1673,1624,11.120872
1674,1624,14.810869
1682,1624,14.549722
1628,1625,9.190669
1655,1625,8.600606
1663,1625,9.301275
1631,1626,10.2860155
1641,1626,11.305947
1671,1626,9.524894
1629,1627,13.254603
1641,1627,9.039079
1667,1627,7.75984
1679,1627,13.662628
1655,1628,6.4996896
1663,1628,14.45218
1677,1628,14.795507
1687,1628,11.8225765
1667,1629,14.745158
1684,1629,11.89602
1649,1630,11.493622
1653,1630,8.418005
1680,1630,11.579364
1650,1631,7.901865
1671,1631,13.719412
1693,1631,14.217373
1694,1631,13.744313
1634,1632,8.139738
1656,1632,8.6021595
1665,1632,13.198624
1652,1633,7.240601
1678,1633,12.278801
1656,1634,14.955508
1665,1634,6.1262903
1668,1634,14.293823
1700,1634,14.328647
1660,1635,10.824059
1661,1635,9.643163
1674,1635,7.0137753
1682,1635,12.566513
1702,1635,14.611568
1640,1636,8.172059
1654,1636,14.711417
1685,1636,9.985275
1696,1636,10.596794
1657,1637,5.24413
1659,1637,12.172798
1690,1637,11.270014
1639,1638,6.889785
1675,1638,7.298438
1691,1638,11.924428
1675,1639,9.740534
1691,1639,11.258331
1654,1640,7.6488223
1685,1640,11.088454
1667,1641,9.91918
1671,1641,9.443128
1679,1641,7.898845
1644,1642,6.500923
1662,1642,14.880099
1666,1642,6.288155
1689,1642,12.902268
1662,1644,8.5482
1666,1644,6.702427
1689,1644,9.60605
1676,1645,13.652291
1683,1645,9.41519
1650,1646,9.704046
1664,1646,14.579228
1670,1646,7.1405873
1694,1646,14.892203
1672,1648,9.435958
1698,1648,11.584106
1706,1648,13.080708
1672,1649,10.725697
1680,1649,9.593536
1692,1649,10.521313
1670,1650,8.5186405
1694,1650,9.268079
1669,1651,9.292823
1701,1651,10.499856
1678,1652,13.999982
1705,1652,14.095905
1680,1653,12.7638445
1720,1653,13.761763
1663,1654,9.369936
1685,1654,11.92161
1699,1654,8.64238
1707,1654,11.461129
1663,1655,8.985905
1687,1655,7.9116435
1659,1657,14.423563
1690,1657,7.9964237
1711,1657,14.087167
1673,1658,11.395798
1681,1658,6.642077
1686,1658,9.227791
1715,1658,13.52394
1668,1659,12.787583
1690,1659,12.567212
1673,1660,8.953683
1674,1660,7.8990784
1682,1660,6.326153
1697,1660,9.012487
1702,1660,13.0648155
1704,1660,14.188565
1669,1661,11.1632395
1674,1661,10.900469
1695,1661,9.051208
1702,1661,14.049671
1666,1662,12.213661
1689,1662,8.827098
1687,1663,14.08884
1699,1663,8.78905
1708,1664,9.682142
1668,1665,8.903382
1700,1665,8.50619
1716,1665,14.966756
1689,1666,7.138699
1713,1666,9.83165
1679,1667,8.987494
1684,1667,11.703314
1703,1667,9.655032
1700,1668,8.760428
1716,1668,9.936827
1695,1669,8.61238
1701,1669,9.089651
1730,1669,14.482251
1694,1670,8.626893
1710,1670,9.21934
1679,1671,9.045971
1693,1671,8.271936
1714,1671,13.530324
1692,1672,8.374778
1698,1672,13.84039
1706,1672,7.966448
1681,1673,13.457174
1682,1673,11.501868
1697,1673,8.556668
1704,1673,8.295442
1715,1673,14.027772
1682,1674,6.1764293
1697,1674,11.904247
1702,1674,7.927424
1691,1675,5.572603
1712,1675,10.394162
1683,1676,7.776876
1687,1677,11.399118
1717,1677,9.963678
1736,1677,14.890546
1705,1678,7.7218404
1693,1679,14.337292
1703,1679,10.000381
1714,1679,8.577693
1692,1680,9.950666
1720,1680,14.2072115
1726,1680,12.418938
1686,1681,4.660293
1688,1681,14.964074
1704,1681,13.717784
1715,1681,7.995283
1724,1681,11.952499
1697,1682,5.7396607
1702,1682,7.173548
1704,1682,12.638246
1738,1682,14.136288
1703,1684,12.463107
1735,1684,13.223548
1696,1685,10.814665
1699,1685,14.328197
1707,1685,7.901982
1688,1686,10.358116
1715,1686,10.930819
1719,1686,13.913285
1724,1686,12.193345
1717,1687,12.067657
1722,1687,14.184578
1733,1687,11.8315325
1719,1688,7.7851586
1729,1688,12.43134
1713,1689,6.8746676
1711,1690,14.04489
1712,1691,6.091976
1706,1692,9.943867
1726,1692,13.776537
1740,1692,12.50988
1694,1693,13.685665
1714,1693,13.6526375
1718,1693,7.2508526
1728,1693,10.308739
1737,1693,12.921663
1752,1693,14.166492
1710,1694,9.804706
1718,1694,13.178367
1737,1694,10.117308
1745,1694,12.575847
1701,1695,12.290016
1721,1695,7.5351315
1730,1695,10.885919
1739,1695,14.993624
1753,1695,14.508993
1720,1696,13.550577
1727,1696,10.248451
1702,1697,10.778293
1704,1697,6.955368
1738,1697,11.576637
1706,1698,9.439155
1732,1698,10.36743
1760,1698,14.855385
1707,1699,8.475956
1722,1699,10.524006
1716,1700,7.606578
1723,1700,10.6693945
1750,1700,11.72211
1730,1701,9.434035
1744,1701,11.502234
1721,1702,13.898403
1738,1702,12.265404
1739,1702,10.898085
1714,1703,9.359748
1734,1703,8.316465
1735,1703,12.379065
1742,1703,11.07114
1715,1704,9.372835
1738,1704,13.143969
1748,1704,11.90873
1732,1706,9.593758
1740,1706,11.56115
1736,1708,11.644451
1741,1708,10.842482
1737,1710,13.331269
1745,1710,8.21315
1755,1710,11.146344
1747,1711,9.382586
1728,1714,8.480733
1734,1714,11.850258
1742,1714,8.1086855
1754,1714,9.6881
1772,1714,14.698669
1724,1715,7.1158404
1748,1715,10.812193
1757,1715,13.925499
1758,1715,10.411682
1723,1716,13.7260895
1743,1716,14.463432
1750,1716,8.814523
1756,1716,10.168438
1733,1717,10.263411
1736,1717,9.408289
1749,1717,7.5107727
1728,1718,8.068187
1737,1718,7.143153
1752,1718,7.275492
1771,1718,13.59822
1724,1719,13.127796
1729,1719,6.6493673
1757,1719,13.476232
1759,1719,12.740469
1726,1720,12.116108
1727,1720,12.665938
1751,1720,11.555741
1730,1721,8.980379
1739,1721,8.639561
1753,1721,8.334105
1785,1721,14.382084
1733,1722,10.520967
1766,1722,12.059883
1746,1723,8.57017
1750,1723,9.008145
1761,1723,10.534172
1748,1724,11.825498
1757,1724,7.181404
1758,1724,6.8680606
1731,1725,11.283258
1740,1726,13.996335
1763,1726,7.8020844
1776,1726,13.513498
1751,1727,7.2771745
1737,1728,14.619754
1742,1728,11.586328
1752,1728,8.828194
1754,1728,7.52736
1772,1728,14.830931
1777,1728,11.774225
1747,1729,9.357689
1759,1729,6.99797
1744,1730,8.367023
1753,1730,7.365526
1773,1730,10.795525
1785,1730,14.643811
1740,1732,11.314297
1760,1732,6.755541
1774,1732,11.400504
1749,1733,10.052301
1766,1733,12.702746
1783,1733,14.260411
1735,1734,8.397837
1742,1734,6.8502703
1754,1734,13.108824
1768,1734,7.429617
1772,1734,11.197141
1793,1734,14.070269
1768,1735,10.343048
1741,1736,6.785737
1749,1736,9.582952
1779,1736,14.263212
1786,1736,12.76077
1745,1737,8.668743
1752,1737,9.05921
1771,1737,11.228362
1739,1738,13.012197
1748,1738,13.729142
1778,1738,12.292653
1791,1738,12.681306
1753,1739,12.214406
1778,1739,10.447268
1785,1739,13.818562
1787,1739,12.024704
1774,1740,10.322717
1776,1740,11.513214
1765,1741,9.39235
1779,1741,10.603875
1786,1741,14.266359
1754,1742,6.2906194
1768,1742,10.089019
1772,1742,7.135812
1777,1742,13.642624
1793,1742,14.462297
1799,1742,14.314856
1756,1743,9.74843
1753,1744,12.24929
1773,1744,8.222153
1781,1744,10.258196
1755,1745,11.562415
1770,1745,9.445815
1771,1745,13.63341
1761,1746,7.6956396
1759,1747,7.7617874
1780,1747,10.1226
1784,1747,10.983271
1757,1748,13.806821
1758,1748,7.034286
1783,1749,10.01758
1786,1749,9.158736
1756,1750,9.718353
1761,1750,13.806784
1789,1750,11.528496
1754,1752,12.363679
1771,1752,7.399353
1777,1752,10.054722
1773,1753,8.698132
1781,1753,14.50397
1785,1753,7.5020013
1787,1753,14.3178
1768,1754,14.607018
1772,1754,7.3107953
1777,1754,7.9260025
1799,1754,12.428383
1765,1755,8.9419985
1770,1755,10.304636
1802,1755,13.314683
1789,1756,14.108481
1800,1756,11.8794365
1758,1757,6.7725387
1797,1757,11.173576
1797,1758,12.851327
1780,1759,12.439096
1784,1759,9.801042
1774,1760,10.428269
1824,1760,14.978017
1789,1761,12.906551
1796,1761,8.415165
1807,1761,12.151375
1769,1762,7.19929
1776,1763,9.102459
1801,1763,8.754118
1809,1763,14.931062
1798,1764,10.437806
1779,1765,10.2510805
1802,1765,13.351732
1806,1765,11.785749
1783,1766,14.737172
1795,1766,11.931205
1814,1766,13.735532
1794,1767,10.9960575
1772,1768,8.854254
1793,1768,6.898977
1799,1768,13.5122175
1818,1769,12.64088
1771,1770,14.694813
1802,1770,8.802181
1810,1770,10.215792
1777,1771,12.287125
1810,1771,13.359748
1811,1771,9.102664
1777,1772,10.239258
1793,1772,9.36936
1799,1772,7.247127
1819,1772,14.624038
1835,1772,14.198376
1781,1773,5.8189754
1785,1773,10.027309
1812,1773,12.811962
1823,1773,11.175457
1776,1774,13.02264
1813,1774,9.743516
1824,1774,13.800716
1801,1776,10.426233
1809,1776,8.72711
1813,1776,13.681032
1799,1777,9.951329
1811,1777,14.693082
1819,1777,9.303332
1785,1778,14.403009
1787,1778,6.3115096
1791,1778,8.993709
1817,1778,12.481201
1822,1778,12.186996
1786,1779,10.067011
1806,1779,11.256802
1815,1779,8.60081
1829,1779,14.018334
1839,1779,14.226991
1784,1780,4.9836926
1790,1780,8.299504
1816,1780,10.132288
1821,1780,9.020668
1785,1781,14.386997
1812,1781,13.611321
1823,1781,8.678718
1804,1782,9.104682
1805,1782,10.019399
1825,1782,9.437422
1842,1782,14.496549
1786,1783,7.8933163
1814,1783,8.637314
1829,1783,12.086877
1790,1784,11.423312
1816,1784,7.1578994
1821,1784,9.001329
1849,1784,14.376127
1787,1785,8.924174
1812,1785,8.825006
1817,1785,11.540692
1823,1785,13.424613
1815,1786,10.1424675
1829,1786,10.762413
1791,1787,13.993923
1812,1787,13.213263
1817,1787,7.4702854
1822,1787,14.027003
1808,1788,10.785707
1836,1788,10.426255
1854,1788,14.407833
1796,1789,8.203586
1800,1789,14.531165
1834,1789,8.535247
1838,1789,13.651778
1816,1790,11.36843
1820,1790,8.660197
1821,1790,6.3357353
1831,1790,12.741125
1849,1790,11.667213
1822,1791,7.57334
1851,1791,13.74947
1856,1791,14.703147
1795,1792,11.103078
1826,1792,11.737276
1828,1792,9.088728
1850,1792,13.017171
1799,1793,9.614264
1835,1793,9.474774
1826,1795,7.812782
1807,1796,8.961253
1834,1796,9.5832
1827,1797,10.884629
1832,1797,8.9656315
1819,1799,8.86973
1835,1799,8.506342
1853,1799,14.53361
1831,1800,11.499379
1838,1800,9.498641
1848,1800,13.638427
1809,1801,9.828876
1806,1802,9.259664
1810,1802,11.51877
1844,1802,11.930593
1859,1802,12.781616
1808,1803,10.703984
1833,1803,6.9382625
1818,1804,9.760716
1825,1804,9.058946
1842,1804,6.608726
1855,1804,13.258013
1825,1805,8.038667
1815,1806,13.8919
1839,1806,7.373208
1859,1806,12.692596
1882,1806,14.695837
1830,1807,8.550033
1876,1807,14.01299
1836,1808,13.686993
1854,1808,10.905169
1813,1809,10.950096
1861,1809,11.242188
1811,1810,9.572926
1844,1810,7.8010674
1852,1810,12.084199
1871,1810,12.247693
1819,1811,12.356964
1837,1811,9.092881
1852,1811,8.756662
1871,1811,14.600541
1878,1811,14.992528
1817,1812,9.840713
1823,1812,7.380395
1843,1812,9.283447
1846,1812,7.678092
1857,1812,14.879032
1824,1813,11.76257
1861,1813,10.898045
1881,1813,14.21183
1829,1814,13.051309
1847,1814,12.75479
1863,1814,7.891922
1829,1815,6.1676264
1839,1815,11.930961
1847,1815,11.434882
1882,1815,14.821285
1821,1816,5.5074162
1849,1816,7.958636
1864,1816,11.802801
1874,1816,10.977499
1879,1816,14.233127
1822,1817,13.379372
1843,1817,8.833372
1846,1817,13.962271
1851,1817,12.743242
1866,1817,11.160689
1842,1818,10.922047
1855,1818,7.903194
1869,1818,13.323092
1835,1819,13.458126
1837,1819,7.5664206
1853,1819,8.256949
1878,1819,14.333452
1821,1820,11.330024
1831,1820,6.135774
1848,1820,8.865786
1849,1820,12.148108
1872,1820,13.361021
1873,1820,9.4920025
1849,1821,6.5232196
1874,1821,13.288964
1879,1821,13.873046
1851,1822,6.183459
1856,1822,9.018562
1866,1822,12.554247
1880,1822,11.125681
1843,1823,14.269058
1846,1823,8.343329
1857,1823,10.109025
1881,1824,12.895878
1842,1825,9.35484
1828,1826,14.155453
1850,1826,9.235942
1862,1826,7.839559
1867,1826,11.6561775
1856,1827,14.673298
1886,1827,12.447895
1850,1828,8.602061
1858,1828,6.525792
1865,1828,11.370378
1887,1828,13.30351
1847,1829,6.0404077
1845,1830,12.611773
1875,1830,10.528049
1848,1831,6.1910443
1872,1831,11.375649
1873,1831,11.286179
1864,1832,14.822213
1896,1832,14.37033
1838,1834,10.560527
1876,1834,12.47646
1845,1835,14.827462
1853,1835,14.224719
1883,1835,11.349068
1854,1836,7.7746997
1852,1837,8.005756
1853,1837,6.252356
1878,1837,7.738989
1894,1837,13.687994
1905,1837,13.934744
1848,1838,14.333756
1872,1838,14.147281
1884,1838,9.202966
1859,1839,11.41271
1882,1839,7.3459005
1904,1839,14.770345
1869,1840,11.9754505
1870,1841,8.379581
1892,1841,10.950623
1855,1842,9.767344
1846,1843,7.326208
1866,1843,10.535464
1897,1843,9.406513
1906,1843,11.14761
1852,1844,12.52105
1859,1844,9.491348
1871,1844,7.6938086
1890,1844,9.405362
1894,1844,14.698205
1875,1845,9.120376
1911,1845,14.316813
1857,1846,9.027634
1897,1846,11.772146
1902,1846,13.237318
1889,1847,9.423151
1904,1847,13.927505
1930,1847,14.172073
1872,1848,5.2
1873,1848,7.1315775
1884,1848,12.269658
1910,1848,13.137104
1864,1849,12.634416
1873,1849,14.961791
1874,1849,8.176947
1879,1849,7.3498282
1901,1849,13.025928
1858,1850,7.672913
1862,1850,7.6482024
1887,1850,13.030327
1899,1850,10.041246
1856,1851,7.9030533
1866,1851,7.0532403
1880,1851,5.5749254
1906,1851,14.172914
1907,1851,12.966991
1853,1852,12.983293
1871,1852,7.746305
1878,1852,8.406723
1894,1852,8.0234585
1905,1852,13.274651
1919,1852,14.033308
1878,1853,7.747321
1883,1853,10.208068
1905,1853,12.345601
1927,1853,11.610394
1891,1854,12.664691
1869,1855,7.9722476
1914,1855,12.27195
1866,1856,13.987753
1880,1856,7.3736296
1886,1856,12.601733
1907,1856,11.45707
1902,1857,8.707069
1862,1858,14.922955
1865,1858,7.5578737
1887,1858,6.9754577
1893,1858,12.554581
1899,1858,13.350672
1918,1858,13.136405
1871,1859,14.570553
1882,1859,13.742399
1890,1859,7.8672943
1877,1860,4.7749114
1885,1860,10.63571
1881,1861,12.068874
1898,1861,10.80135
1867,1862,8.236548
1899,1862,8.686804
1915,1862,14.177728
1867,1863,10.243554
1888,1863,9.4247265
1889,1863,12.404973
1900,1863,12.914208
1874,1864,5.7197514
1879,1864,12.418862
1868,1865,9.212721
1887,1865,6.4948087
1893,1865,6.892118
1918,1865,14.353066
1923,1865,13.178661
1880,1866,7.7641354
1897,1866,13.175824
1906,1866,7.5427175
1907,1866,13.347673
1920,1866,14.9298725
1931,1866,14.580027
1888,1867,7.400113
1899,1867,14.532116
1900,1867,13.103245
1915,1867,10.165484
1887,1868,13.888483
1893,1868,8.500183
1923,1868,13.582545
1914,1869,12.002896
1892,1870,12.362319
1903,1870,10.526188
1878,1871,13.548159
1890,1871,9.466786
1894,1871,7.024757
1916,1871,10.2723465
1919,1871,12.901685
1924,1871,13.465974
1873,1872,7.2777786
1884,1872,8.771971
1910,1872,8.48466
1921,1872,13.29858
1879,1873,14.686941
1901,1873,8.835345
1910,1873,10.08144
1879,1874,6.729659
1935,1874,14.53963
1909,1875,7.7520814
1911,1875,13.7695465
1912,1876,10.57609
1885,1877,6.032812
1894,1878,8.355636
1905,1878,6.2360287
1919,1878,10.55489
1927,1878,10.449774
1934,1878,13.417398
1901,1879,8.486097
1935,1879,11.188195
1906,1880,12.419551
1907,1880,7.4021263
1931,1880,12.563466
1895,1881,11.739521
1898,1881,8.0148325
1926,1881,10.642779
1904,1882,8.096276
1913,1882,8.5849085
1927,1883,9.5433445
1928,1883,11.025141
1910,1884,12.503248
1921,1884,9.00734
1940,1885,14.565326
1893,1887,6.8665147
1899,1887,13.632085
1918,1887,7.9314747
1923,1887,10.413571
1889,1888,11.473879
1900,1888,5.7387176
1915,1888,8.046708
1900,1889,8.217724
1930,1889,10.347201
1932,1889,10.917619
1894,1890,14.3698635
1916,1890,11.252492
1924,1890,7.9763436
1939,1890,12.751615
1908,1891,14.349247
1922,1891,8.841638
1925,1892,9.116137
1945,1892,13.659359
1918,1893,11.863339
1923,1893,6.523928
1905,1894,8.774083
1916,1894,8.019813
1919,1894,6.441028
1924,1894,14.626206
1934,1894,13.9541025
1943,1894,12.861133
1925,1895,13.913558
1926,1895,9.7266445
1933,1896,12.55629
1902,1897,13.321584
1906,1897,7.5283084
1920,1897,6.6725955
1929,1897,7.6631255
1936,1897,13.325683
1947,1897,12.670672
1926,1898,9.981247
1915,1899,14.362611
1918,1899,10.5667515
1915,1900,9.826299
1930,1900,14.970905
1932,1900,10.255791
1957,1900,14.365058
1910,1901,12.844738
1935,1901,11.888511
1946,1901,11.959292
1929,1902,12.313107
1942,1902,12.840463
1913,1904,8.9614725
1930,1904,10.093739
1952,1904,12.884803
1916,1905,13.617009
1919,1905,6.4830008
1927,1905,7.575061
1934,1905,7.2029266
1943,1905,10.603095
1958,1905,14.09604
1907,1906,14.247058
1920,1906,7.4013863
1929,1906,12.531867
1931,1906,11.185985
1936,1906,9.070177
1947,1906,11.937942
1931,1907,7.7538757
1936,1907,13.113236
1948,1908,11.311304
1911,1909,14.972686
1912,1909,9.528193
1937,1909,9.233215
1959,1909,13.7179575
1921,1910,10.274203
1946,1910,13.804534
1968,1910,12.997556
1928,1911,11.174318
1955,1911,11.591984
1937,1912,9.309312
1941,1912,10.084913
1944,1913,9.97977
1952,1913,12.110965
1971,1913,14.76203
1962,1914,14.972333
1957,1915,14.218897
1919,1916,7.4461207
1924,1916,7.543488
1939,1916,13.449628
1943,1916,10.335517
1951,1916,9.12236
1963,1916,14.126349
1974,1916,13.555665
1938,1917,9.475776
1923,1918,10.5367565
1953,1918,9.846529
1924,1919,14.942752
1927,1919,13.581444
1934,1919,8.290192
1943,1919,6.5265555
1951,1919,10.287654
1958,1919,14.161035
1975,1919,14.549791
1929,1920,5.9767475
1931,1920,12.81533
1936,1920,7.542851
1942,1920,13.952005
1947,1920,6.0406938
1965,1920,13.4706
1964,1921,11.109552
1968,1921,12.053999
1966,1922,12.856243
1970,1923,13.547049
1939,1924,6.5625753
1944,1924,13.562042
1951,1924,12.32577
1963,1924,10.21295
1974,1924,13.205287
1945,1925,8.539875
1969,1925,12.358297
1950,1926,8.040944
1978,1926,14.69908
1928,1927,12.135456
1934,1927,9.0650215
1954,1927,12.3338375
1958,1927,13.875359
1954,1928,10.520301
1955,1928,14.643593
1967,1928,11.635254
1982,1928,14.834575
1936,1929,12.953586
1942,1929,8.473582
1947,1929,8.948804
1932,1930,7.977122
1952,1930,12.54736
1961,1930,13.045188
1936,1931,5.819598
1947,1931,11.592392
1965,1931,10.113473
1973,1931,14.789788
1957,1932,11.963489
1961,1932,7.3222194
1960,1933,13.41756
1976,1933,11.041694
1943,1934,6.7291822
1951,1934,13.00859
1954,1934,11.883448
1958,1934,6.9124756
1975,1934,10.644981
1946,1935,12.098714
1947,1936,5.9241743
1965,1936,7.984816
1941,1937,13.129783
1959,1937,8.453607
1981,1937,11.356937
1962,1938,10.243235
1994,1938,14.062072
1944,1939,7.613908
1951,1939,14.682262
1963,1939,6.730447
1971,1939,11.626371
1974,1939,12.419953
1988,1939,14.539808
1989,1941,11.675831
1947,1942,14.026145
1983,1942,11.0000725
1951,1943,6.2880964
1958,1943,9.386577
1974,1943,12.418301
1975,1943,8.092916
1980,1943,11.237224
2003,1943,13.861555
1952,1944,14.71427
1963,1944,12.010095
1971,1944,6.470052
2005,1944,14.548924
1956,1945,7.863757
1969,1945,10.935357
1968,1946,14.916435
1972,1946,10.107696
1985,1946,10.34823
1965,1947,8.031129
1983,1947,13.291708
2000,1947,12.701255
1979,1948,8.827017
1986,1948,12.787103
1993,1948,11.639994
1978,1950,7.5676136
1995,1950,12.534874
2002,1950,10.916493
1958,1951,14.180552
1963,1951,10.897042
1974,1951,6.382686
1975,1951,9.758894
1980,1951,7.4227147
1988,1951,11.623888
2003,1951,11.968722
1971,1952,14.073828
1987,1953,9.757031
1991,1953,9.827204
1958,1954,9.044111
1967,1954,13.091757
1982,1954,9.483902
1992,1954,8.928662
1959,1955,9.74331
1967,1955,7.7309966
1999,1955,10.011003
2013,1956,14.856997
1961,1957,9.573776
1998,1957,9.178898
1975,1958,6.6564045
1980,1958,14.648003
1992,1958,10.998082
2003,1958,13.6675205
2017,1958,12.310606
1981,1959,7.145261
1999,1959,12.011831
1976,1960,12.682774
1998,1961,8.692682
1990,1962,7.9397144
1994,1962,8.868117
1997,1962,7.458486
1971,1963,12.625878
1974,1963,6.402823
1980,1963,11.941782
1988,1963,7.8249164
2005,1963,12.98864
2015,1963,13.4603615
1968,1964,6.3105392
1972,1964,12.745909
2006,1964,10.298291
2007,1964,10.414501
1973,1965,11.677947
2000,1965,11.235488
2011,1965,13.646301
1986,1966,11.71129
1982,1967,8.064895
1999,1967,10.968278
1972,1968,6.826742
2006,1968,14.412217
2007,1968,9.613051
1995,1969,9.642404
2004,1969,7.7590165
2026,1969,13.220427
1977,1970,7.97624
1987,1970,13.782326
1996,1970,11.718887
2001,1970,7.285886
2036,1970,14.708014
2005,1971,8.92196
1985,1972,10.336868
2007,1972,10.057743
2028,1972,13.27106
2011,1973,12.311782
2031,1973,13.488684
2052,1973,14.334108
1975,1974,12.677158
1980,1974,5.6165338
1988,1974,5.40926
2003,1974,10.764354
2015,1974,12.636952
2016,1974,11.319946
1980,1975,8.095901
1992,1975,14.635759
2003,1975,7.364001
2016,1975,14.901799
2017,1975,11.656089
2020,1975,10.503683
2021,1976,13.497897
1996,1977,5.794717
2001,1977,8.255481
2010,1977,11.284897
2027,1977,13.599838
1995,1978,12.419546
2002,1978,6.3153105
2035,1978,12.163759
1986,1979,5.067022
1993,1979,7.5311356
2024,1979,10.842714
1988,1980,7.4102325
2003,1980,5.2691336
2015,1980,13.269437
2016,1980,8.7706585
2020,1980,10.501558
2043,1980,14.816792
1999,1981,12.532121
2014,1981,14.985937
2040,1981,10.91042
1992,1982,7.2244325
2029,1982,9.412847
2038,1982,14.561778
2000,1983,6.5213556
2018,1983,7.1395183
2022,1983,9.588458
2045,1983,12.763649
2049,1983,12.695027
1994,1984,12.293087
2032,1984,12.945746
2042,1984,11.832395
2028,1985,10.151834
1993,1986,11.77844
2024,1986,11.711345
1991,1987,9.01635
2030,1987,8.845562
2036,1987,14.41021
2003,1988,10.827745
2005,1988,12.414523
2015,1988,7.228151
2016,1988,7.5586414
2020,1988,14.921663
2043,1988,14.789561
2058,1988,14.882397
2012,1989,8.692633
2014,1989,7.93633
1994,1990,10.381102
1997,1990,5.3909073
2008,1990,10.049877
2033,1990,9.611135
2034,1990,10.507585
2030,1991,12.688964
2017,1992,8.255022
2029,1992,11.0025625
2055,1992,12.029784
2024,1993,8.423393
1997,1994,5.119788
2032,1994,9.455317
2033,1994,12.352704
2002,1995,7.646305
2004,1995,7.8531523
2026,1995,12.924667
2035,1995,13.964143
2057,1995,13.725356
2001,1996,7.5788856
2009,1996,14.278327
2010,1996,6.3561873
2027,1996,7.810179
2062,1996,14.4373865
2008,1997,14.679047
2032,1997,12.368109
2033,1997,9.037562
2034,1997,13.013804
2053,1998,12.174427
2038,1999,10.948895
2040,1999,13.958782
2044,1999,11.011384
2011,2000,12.27769
2018,2000,9.17053
2022,2000,6.133368
2037,2000,9.507579
2049,2000,11.182593
2010,2001,13.421312
2027,2001,11.954479
2036,2001,9.2222805
2062,2001,13.722665
2035,2002,8.281202
2057,2002,12.539606
2015,2003,14.415508
2016,2003,7.7700233
2017,2003,12.0487385
2020,2003,5.26645
2043,2003,11.375598
2054,2003,11.702321
2026,2004,6.0252323
2064,2004,13.280916
2072,2004,14.883989
2015,2005,9.622354
2050,2005,13.362892
2051,2005,9.441691
2065,2005,14.157075
2007,2006,9.333601
2012,2006,10.497311
2039,2006,13.452088
2056,2006,14.116586
2028,2007,12.268255
2039,2007,8.086732
2033,2008,11.917335
2034,2008,6.490979
2075,2008,13.983049
2010,2009,7.9433365
2027,2009,11.0530205
2071,2009,10.75739
2083,2009,13.756161
2027,2010,5.7749515
2062,2010,14.667937
2022,2011,11.864046
2037,2011,5.7594314
2052,2011,6.5616865
2073,2011,11.713215
2077,2011,10.589824
2014,2012,10.016067
2056,2012,7.964253
2059,2012,11.819582
2025,2013,9.599114
2047,2013,6.0462303
2063,2013,11.738782
2040,2014,14.820355
2056,2014,12.783585
2059,2014,8.99796
2016,2015,7.2099805
2043,2015,12.096205
2051,2015,11.096737
2058,2015,8.784911
2065,2015,10.18862
2020,2016,9.2839985
2043,2016,7.268109
2054,2016,12.1840515
2058,2016,9.633907
2065,2016,14.508437
2020,2017,8.90142
2029,2017,14.893576
2054,2017,11.277956
2055,2017,9.750584
2079,2017,14.476541
2022,2018,6.784277
2037,2018,13.467179
2045,2018,8.226593
2049,2018,6.6885314
2074,2018,10.712613
2046,2019,10.914238
2061,2019,7.895915
2043,2020,8.900844
2054,2020,6.7239065
2079,2020,14.288486
2060,2021,12.787386
2066,2021,11.770139
2084,2021,11.860474
2037,2022,6.700265
2045,2022,14.803892
2049,2022,5.2928147
2073,2022,11.266411
2074,2022,11.266774
2089,2022,13.587854
2047,2025,11.448488
2063,2026,14.105294
2064,2026,9.302015
2072,2026,9.143204
2082,2026,14.386816
2062,2027,8.924034
2083,2027,11.290287
2039,2028,9.032209
2088,2028,13.825242
2038,2029,8.370338
2055,2029,9.18063
2092,2029,12.91337
2036,2030,10.116865
2086,2030,12.394905
2048,2031,9.998268
2052,2031,13.1432705
2078,2031,11.388727
2081,2031,12.528898
2033,2032,13.158194
2042,2032,7.614594
2068,2032,8.619376
2034,2033,6.581287
2068,2033,10.047173
2075,2033,9.358614
2075,2034,8.001853
2057,2035,8.260147
2071,2035,14.173182
2076,2035,9.81903
2085,2035,12.161235
2062,2036,10.633156
2086,2036,11.426149
2049,2037,9.753864
2052,2037,10.304517
2073,2037,7.9898243
2074,2037,14.658677
2077,2037,10.704337
2089,2037,13.037559
2044,2038,7.3869343
2080,2038,14.270408
2087,2038,10.920144
2088,2039,9.651711
2044,2040,10.645125
2080,2040,10.808862
2067,2041,6.4926243
2068,2042,13.91006
2054,2043,6.983403
2058,2043,7.76585
2065,2043,14.158185
2079,2043,13.861167
2100,2043,12.0917425
2080,2044,7.796169
2087,2044,10.264612
2101,2044,12.861045
2049,2045,12.578844
2074,2045,12.845451
2061,2046,8.025863
2063,2047,6.551218
2082,2047,12.009903
2078,2048,9.078881
2073,2049,10.126015
2074,2049,5.97836
2089,2049,9.9150505
2051,2050,9.24529
2102,2050,14.638033
2107,2050,13.407582
2058,2051,12.383338
2065,2051,6.9006524
2102,2051,11.523402
2073,2052,11.906187
2077,2052,6.752778
2081,2052,9.5699835
2069,2053,11.105866
2055,2054,14.557115
2058,2054,14.585432
2079,2054,8.174403
2100,2054,11.553892
2079,2055,11.618452
2092,2055,9.703579
2059,2056,7.963151
2093,2056,10.000951
2097,2056,12.912957
2064,2057,9.729896
2076,2057,12.010934
2085,2057,6.160003
2104,2057,12.974235
2065,2058,6.3992715
2100,2058,14.845037
2110,2058,13.4832735
2093,2059,9.080757
2096,2059,9.063079
2098,2060,13.506623
2083,2062,11.474994
2086,2062,14.958786
2106,2062,13.573649
2116,2062,13.620533
2072,2063,11.422776
2082,2063,5.661235
2072,2064,6.120072
2082,2064,14.168433
2085,2064,10.986456
2109,2064,13.295359
2102,2065,10.108321
2084,2066,8.526944
2094,2066,9.407004
2095,2066,7.358027
2117,2066,13.258135
2112,2067,10.828812
2075,2068,13.171337
2113,2068,12.392491
2091,2069,10.627068
2103,2069,10.307145
2076,2071,8.669895
2083,2071,9.113116
2090,2071,6.002544
2099,2071,9.066368
2115,2071,12.96734
2082,2072,8.063509
2109,2072,14.512791
2074,2073,11.644093
2077,2073,7.257447
2089,2073,6.143414
2118,2073,10.90416
2089,2074,7.9230905
2108,2074,11.748332
2114,2074,12.3672495
2113,2075,14.877988
2085,2076,10.403558
2090,2076,11.875835
2099,2076,7.934213
2104,2076,9.654683
2115,2076,14.611176
2081,2077,9.894379
2089,2077,12.465899
2118,2077,12.593404
2081,2078,10.451605
2105,2078,10.914849
2092,2079,14.505244
2100,2079,9.591315
2111,2079,10.8389435
2087,2080,10.002584
2101,2080,6.5923357
2090,2083,6.433801
2099,2083,13.75433
2106,2083,9.090677
2115,2083,12.909786
2116,2083,14.738223
2130,2083,14.441449
2094,2084,13.370637
2095,2084,6.3476596
2098,2084,6.528013
2117,2084,9.373262
2104,2085,7.1901803
2109,2085,12.30303
2092,2087,12.970319
2101,2087,8.506645
2120,2087,8.152888
2097,2088,13.945083
2108,2089,14.898162
2114,2089,9.638124
2118,2089,8.556701
2099,2090,7.320763
2106,2090,10.997664
2115,2090,7.8918867
2130,2090,11.22883
2103,2091,7.8295307
2119,2091,9.777952
2111,2092,10.772302
2120,2092,13.501944
2096,2093,8.92805
2097,2093,12.52778
2121,2093,7.905003
2128,2093,12.73872
2095,2094,7.3121653
2117,2094,10.449384
2138,2094,11.337743
2098,2095,11.575423
2117,2095,5.9070106
2138,2095,13.586935
2121,2096,10.323381
2132,2096,10.811826
2128,2097,10.368696
2149,2097,14.926851
2117,2098,11.390014
2104,2099,11.196154
2115,2099,6.7283406
2130,2099,11.60991
2136,2099,11.293035
2110,2100,8.143805
2133,2100,9.342568
2120,2101,10.615419
2146,2101,13.431951
2107,2102,11.047971
2123,2102,12.818623
2131,2102,12.712037
2119,2103,11.412373
2150,2103,11.732187
2109,2104,12.682154
2136,2104,8.851959
2139,2104,11.094012
2142,2105,10.379298
2115,2106,11.461212
2116,2106,7.001346
2130,2106,9.53495
2140,2106,8.260776
2163,2106,14.542696
2131,2107,8.8668165
2137,2107,11.773808
2114,2108,9.31179
2152,2108,10.3442335
2135,2109,12.494761
2139,2109,8.474667
2123,2110,7.8310633
2133,2110,10.256227
2133,2111,14.883879
2141,2111,8.319963
2145,2111,10.920566
2129,2112,8.87702
2134,2112,6.503913
2122,2113,9.823671
2160,2113,14.40352
2118,2114,9.894666
2152,2114,12.166136
2130,2115,4.8817887
2136,2115,12.697619
2140,2115,11.7016115
2165,2115,13.078757
2167,2115,14.920013
2130,2116,14.786549
2140,2116,9.880586
2163,2116,11.957724
2138,2117,10.528773
2157,2117,12.106412
2155,2118,12.044708
2150,2119,10.347639
2153,2119,10.029615
2145,2120,13.4527445
2128,2121,10.838627
2132,2121,11.664212
2160,2122,8.86584
2151,2123,9.198253
2144,2124,14.5269985
2162,2124,10.470765
2144,2125,7.5660486
2148,2125,7.7451425
2164,2125,10.999295
2127,2126,6.8076005
2137,2126,7.359766
2168,2126,12.862193
2137,2127,14.024602
2154,2127,11.280558
2168,2127,13.57924
2149,2128,8.738638
2173,2128,10.96414
2134,2129,8.390904
2186,2129,14.622791
2140,2130,7.036722
2163,2130,14.622255
2165,2130,11.96651
2167,2130,10.587108
2137,2131,11.46198
2151,2131,12.928235
2172,2131,12.7677
2175,2131,11.146723
2179,2131,12.479137
2146,2132,9.9464245
2180,2132,14.749279
2141,2133,10.074062
2156,2133,5.88858
2199,2134,14.818681
2159,2135,5.0948815
2139,2136,10.519201
2165,2136,11.03954
2166,2136,11.645152
2190,2136,13.373716
2168,2137,13.984009
2172,2137,10.415808
2157,2138,7.205403
2166,2139,7.040913
2169,2139,11.325936
2163,2140,7.926172
2167,2140,8.758877
2191,2140,14.086141
2145,2141,11.272284
2156,2141,9.560819
2176,2141,9.327663
2158,2142,8.103637
2185,2142,10.715444
2183,2143,10.69617
2196,2143,12.902972
2148,2144,9.613696
2164,2144,7.463486
2198,2144,12.374484
2176,2145,12.616115
2192,2146,10.720649
2161,2147,8.238289
2181,2147,9.45965
2204,2147,14.443667
2164,2148,6.4587946
2173,2149,9.562094
2153,2150,12.51472
2174,2150,7.8308315
2175,2151,8.100392
2179,2151,14.257713
2212,2151,13.039756
2187,2152,9.234039
2193,2152,12.748386
2178,2153,11.722279
2184,2153,7.7549596
2168,2154,14.753883
2174,2154,14.908704
2194,2154,10.851337
2203,2154,14.075226
2161,2155,10.462027
2181,2155,14.62913
2182,2155,5.8238473
2176,2156,11.753798
2209,2156,12.362521
2185,2158,8.198202
2206,2158,12.359221
2169,2159,12.469106
2189,2159,14.22304
2207,2159,13.82107
2217,2159,13.038723
2188,2160,9.947055
2181,2161,5.756366
2182,2161,12.175718
2214,2161,14.744037
2198,2162,14.942736
2221,2162,12.899159
2167,2163,9.835926
2191,2163,6.727126
2205,2163,14.353263
2198,2164,10.07458
2167,2165,10.489568
2190,2165,9.499055
2202,2165,10.573248
2205,2165,14.687552
2210,2165,10.785124
2226,2165,14.367698
2169,2166,8.883693
2190,2166,9.710974
2232,2166,14.837308
2191,2167,11.916459
2202,2167,10.167407
2205,2167,8.79669
2172,2168,12.710748
2194,2168,11.499432
2224,2168,14.754358
2230,2168,12.520914
2234,2168,14.448469
2217,2169,11.079188
2189,2171,6.298325
2197,2171,5.3024454
2207,2171,13.791885
2215,2171,10.858873
2222,2171,12.143333
2233,2171,13.769211
2175,2172,13.695661
2179,2172,8.573622
2208,2172,9.464168
2224,2172,11.437356
2195,2173,9.624434
2220,2173,11.152053
2203,2174,8.763333
2218,2174,9.842232
2179,2175,6.212736
2208,2175,11.54592
2212,2175,11.287845
2219,2175,10.523911
2209,2176,10.78736
2213,2176,13.280448
2231,2176,11.148421
2201,2177,5.398933
2225,2177,10.970554
2184,2178,6.8305006
2227,2178,13.441732
2208,2179,5.877729
2212,2179,14.42069
2219,2179,8.774294
2224,2179,13.642428
2192,2180,14.468186
2195,2180,9.395067
2235,2180,12.338842
2182,2181,14.158078
2204,2181,11.714802
2214,2181,9.009813
2223,2181,13.495693
2223,2182,10.335527
2196,2183,6.888852
2227,2184,9.365346
2206,2185,6.8793044
2216,2185,10.390412
2196,2186,11.18851
2199,2186,8.504343
2229,2186,10.6790495
2193,2187,9.349189
2228,2187,12.411364
2200,2188,8.098402
2211,2188,6.6449013
2197,2189,9.853132
2207,2189,7.535545
2215,2189,5.7104936
2222,2189,14.620481
2233,2189,12.503348
2202,2190,13.03969
2210,2190,7.193515
2226,2190,12.599898
2232,2190,10.508467
2247,2190,13.952188
2205,2191,11.616673
2237,2192,13.364465
2251,2192,14.489725
2228,2193,8.372345
2203,2194,9.087786
2234,2194,11.017958
2220,2195,7.410041
2235,2195,14.166385
2252,2195,13.836944
2229,2196,12.169302
2215,2197,12.252226
2222,2197,7.195974
2233,2197,11.206206
2244,2197,14.807481
2200,2199,10.1282015
2211,2199,13.905141
2229,2199,13.540045
2211,2200,4.4930277
2225,2201,6.1416698
2205,2202,6.197983
2210,2202,7.2913775
2226,2202,5.9097304
2248,2202,12.332312
2250,2202,10.734044
2218,2203,9.741567
2214,2204,5.7252097
2216,2204,8.711386
2242,2204,9.268392
2246,2204,12.1754465
2210,2205,13.420722
2226,2205,10.56312
2250,2205,12.273525
2216,2206,12.4608345
2238,2206,8.982831
2215,2207,5.0092306
2217,2207,8.317046
2233,2207,13.833002
2255,2207,10.853613
2219,2208,7.5421386
2224,2208,8.536271
2262,2208,14.406484
2231,2209,10.621881
2240,2209,8.570254
2226,2210,5.407245
2232,2210,10.963031
2247,2210,10.841343
2248,2210,9.1348915
2250,2210,11.847365
2219,2212,9.415374
2258,2212,13.253115
2262,2212,14.172141
2231,2213,10.042146
2239,2213,7.3629894
2216,2214,13.235029
2242,2214,9.351922
2246,2214,7.8080206
2217,2215,13.239031
2222,2215,14.20406
2233,2215,9.074186
2255,2215,11.419878
2242,2216,8.856063
2255,2217,12.849602
2227,2218,13.508715
2236,2218,6.7466135
2273,2218,14.165591
2262,2219,9.400925
2252,2220,8.624989
2253,2221,10.081852
2233,2222,7.921412
2244,2222,7.695115
2254,2222,12.447342
2257,2222,9.452068
2246,2223,14.609065
2259,2223,11.458911
2230,2224,7.075699
2261,2224,11.588079
2268,2224,12.9666395
2265,2225,10.857689
2274,2225,14.003652
2232,2226,13.89489
2247,2226,11.178825
2248,2226,6.4229107
2250,2226,6.5915575
2236,2227,10.222758
2245,2227,12.996564
2256,2228,12.230883
2272,2228,12.679412
2234,2230,8.087226
2261,2230,8.712623
2268,2230,14.881591
2239,2231,8.078736
2240,2231,10.9215
2264,2231,10.48036
2247,2232,6.0692987
2248,2232,11.326955
2267,2232,12.978022
2275,2232,12.761519
2244,2233,11.660353
2255,2233,14.161835
2257,2233,8.325163
2278,2233,12.771984
2260,2234,9.23349
2261,2234,11.511859
2276,2234,11.300133
2251,2235,11.153185
2252,2235,11.899785
2271,2235,11.037851
2284,2235,12.356805
2273,2236,11.214613
2286,2236,11.856976
2251,2237,9.227998
2269,2237,8.734067
2241,2238,9.463901
2296,2238,14.455923
2264,2239,10.964293
2270,2239,9.222786
2263,2240,10.020588
2264,2240,10.527514
2280,2240,10.230596
2287,2241,14.60136
2246,2242,8.2040615
2254,2244,5.2441115
2257,2244,6.113317
2294,2244,12.329307
2279,2245,10.400508
2283,2245,13.670428
2292,2246,13.771394
2248,2247,6.317289
2250,2247,12.91209
2267,2247,13.03819
2275,2247,8.491797
2289,2247,13.762813
2250,2248,6.600697
2275,2248,11.9159
2289,2248,10.694687
2281,2249,9.276127
2289,2250,10.633492
2284,2251,11.003717
2298,2251,12.248441
2271,2252,7.8532457
2257,2254,10.159003
2294,2254,13.456582
2266,2255,5.498235
2278,2255,11.100717
2282,2255,7.7726374
2304,2255,12.317922
2293,2256,8.59488
2314,2256,13.277171
2278,2257,13.147773
2294,2257,8.213437
2262,2258,10.345342
2263,2258,12.379468
2277,2258,7.199983
2297,2258,8.385828
2316,2258,13.530502
2272,2259,11.936134
2285,2259,7.625466
2288,2259,5.8602657
2307,2259,10.568362
2261,2260,14.357061
2276,2260,6.4220676
2295,2260,7.2093215
2308,2260,14.349033
2320,2260,14.503259
2268,2261,8.975124
2276,2261,10.042377
2308,2261,13.140432
2309,2261,14.871504
2325,2261,14.262008
2268,2262,13.915598
2297,2262,12.643234
2301,2262,13.225579
2313,2262,13.734346
2277,2263,8.596291
2280,2263,9.000389
2305,2263,10.636449
2270,2264,12.572861
2280,2264,10.899796
2306,2264,11.291937
2274,2265,6.7494326
2300,2265,9.071679
2278,2266,12.632595
2282,2266,7.133826
2304,2266,9.180187
2323,2266,12.867027
2275,2267,9.33316
2311,2267,13.911398
2301,2268,8.816671
2309,2268,10.114659
2325,2268,14.625732
2270,2269,11.490837
2298,2269,13.711014
2302,2269,9.591454
2327,2269,13.767545
2302,2270,9.411901
2306,2270,11.646133
2284,2271,10.164838
2318,2271,11.357306
2322,2271,12.283106
2288,2272,11.832898
2293,2272,13.920213
2286,2273,9.467767
2295,2273,13.237424
2312,2273,9.484656
2320,2273,14.795776
2300,2274,10.911273
2303,2274,8.78902
2337,2274,13.537952
2289,2275,11.673904
2311,2275,7.594674
2295,2276,8.353615
2308,2276,8.425102
2320,2276,14.075025
2325,2276,13.367282
2331,2276,13.418975
2280,2277,14.491229
2297,2277,7.965918
2305,2277,9.70834
2316,2277,12.451923
2326,2277,9.581163
2282,2278,5.9242616
2294,2278,12.407694
2304,2278,9.779713
2328,2278,11.596349
2283,2279,9.027624
2290,2279,12.140834
2330,2279,11.38379
2305,2280,8.633948
2304,2282,5.5214024
2323,2282,11.303323
2328,2282,14.515745
2315,2283,10.322986
2341,2283,13.74564
2298,2284,10.575856
2317,2284,7.901851
2318,2284,8.602517
2288,2285,5.7330046
2292,2285,13.570281
2307,2285,6.3621016
2343,2285,14.775208
2290,2286,7.2603345
2312,2286,14.2550125
2324,2286,8.435642
2296,2287,9.764128
2303,2287,13.504752
2335,2287,10.24083
2307,2288,4.966671
2343,2288,14.966718
2311,2289,11.732457
2329,2289,10.971068
2324,2290,9.83271
2330,2290,13.360954
2296,2291,13.621303
2299,2291,6.2800875
2342,2292,11.595476
2314,2293,5.3584986
2333,2293,9.934012
2328,2294,12.652115
2345,2294,14.152378
2308,2295,12.205524
2312,2295,10.193875
2320,2295,7.30288
2331,2295,10.643377
2348,2295,14.353735
2299,2296,7.5074754
2313,2297,9.465994
2316,2297,5.224328
2326,2297,11.104162
2346,2297,12.501814
2317,2298,8.003221
2327,2298,12.8615055
2334,2298,8.946916
2337,2300,10.998158
2340,2300,11.199788
2309,2301,7.3922963
2313,2301,7.9146976
2316,2301,13.962478
2336,2301,12.313992
2339,2301,9.875357
2306,2302,14.430665
2327,2302,7.555911
2338,2302,13.170254
2332,2303,8.757004
2335,2303,12.348618
2337,2303,13.172872
2323,2304,5.8566217
2328,2304,13.42936
2326,2305,6.84572
2360,2305,13.258401
2365,2305,14.01485
2338,2306,10.296275
2343,2307,10.022375
2309,2308,13.361795
2320,2308,13.594367
2325,2308,5.830047
2331,2308,8.948308
2336,2308,12.587782
2349,2308,9.02869
2353,2308,11.577885
2313,2309,13.958533
2325,2309,8.161594
2336,2309,5.6632404
2339,2309,10.738605
2349,2309,14.5524435
2367,2309,14.661648
2370,2309,14.702277
2356,2311,13.816407
2359,2311,14.639861
2320,2312,6.781548
2331,2312,13.47299
2348,2312,9.543565
2316,2313,6.19673
2339,2313,8.546624
2346,2313,11.4133625
2333,2314,5.153126
2357,2314,10.894605
2362,2314,14.419336
2329,2315,13.574085
2341,2315,9.831575
2347,2315,9.581003
2326,2316,11.685451
2339,2316,13.015587
2346,2316,7.97495
2318,2317,7.4911556
2334,2317,10.200156
2322,2318,10.610636
2361,2318,13.189775
2344,2319,10.210642
2331,2320,6.753908
2348,2320,7.0508623
2353,2320,10.980829
2366,2320,11.924162
2350,2321,12.724804
2363,2321,11.919157
2361,2322,10.204301
2330,2324,13.964937
2352,2324,8.787941
2369,2324,11.1571455
2331,2325,12.910438
2336,2325,6.7905903
2349,2325,7.7215776
2353,2325,13.409485
2370,2325,12.636434
2346,2326,11.822992
2360,2326,8.66551
2365,2326,13.6033945
2334,2327,9.333023
2338,2327,14.276243
2368,2327,12.065221
2345,2328,14.077307
2351,2328,7.1571937
2355,2328,7.3765798
2347,2329,10.453291
2356,2329,9.386377
2373,2329,10.939265
2341,2330,14.300396
2352,2330,10.539622
2348,2331,9.037545
2349,2331,9.305692
2353,2331,5.17285
2366,2331,9.854541
2377,2331,12.186875
2335,2332,8.720829
2337,2332,11.276921
2375,2332,12.55288
2357,2333,5.972229
2362,2333,9.658363
2379,2333,11.968734
2368,2334,9.85058
2339,2336,11.048127
2349,2336,10.231517
2367,2336,11.845597
2370,2336,9.059294
2340,2337,11.772646
2374,2337,12.256579
2375,2337,10.938423
2378,2338,8.8447695
2346,2339,13.163238
2367,2339,7.222759
2374,2340,9.815787
2347,2341,10.494461
2343,2342,11.349445
2371,2342,7.7029443
2384,2342,13.32248
2397,2342,14.447976
2387,2343,12.903457
2345,2344,14.11749
2388,2344,11.5109215
2351,2345,9.50084
2360,2346,10.931303
2385,2346,9.735032
2389,2346,14.369549
2373,2347,11.04001
2353,2348,9.857228
2366,2348,6.387405
2377,2348,14.160237
2353,2349,6.9816737
2366,2349,13.7532835
2370,2349,9.091587
2377,2349,9.2371025
2355,2351,6.9740486
2392,2351,11.037137
2369,2352,6.017677
2395,2352,14.444865
2399,2352,13.189006
2366,2353,7.0959187
2370,2353,14.673677
2377,2353,7.0149484
2401,2354,11.723508
2392,2355,10.401598
2373,2356,8.891692
2381,2356,8.712564
2406,2356,14.63347
2362,2357,7.528789
2379,2357,6.726891
2412,2357,14.532514
2376,2358,6.4175124
2383,2358,6.42774
2384,2358,11.014803
2381,2359,13.937198
2391,2359,8.383258
2365,2360,8.618957
2385,2360,11.465653
2389,2360,9.507078
2386,2361,10.391655
2398,2361,11.052357
2372,2362,8.01993
2379,2362,6.099556
2390,2362,11.712618
2408,2362,13.009656
2412,2362,14.810961
2380,2363,8.417615
2394,2364,8.721914
2382,2365,7.69183
2389,2365,13.263083
2377,2366,8.370197
2370,2367,11.522807
2402,2367,11.217044
2400,2368,10.299931
2395,2369,8.930139
2399,2369,12.069082
2377,2370,12.087707
2402,2370,11.875272
2413,2370,12.482603
2384,2371,6.5105686
2397,2371,6.980225
2407,2371,11.069446
2420,2371,13.272288
2379,2372,12.091182
2387,2372,9.955065
2390,2372,5.892322
2408,2372,11.54854
2417,2372,13.136584
2381,2373,12.562289
2406,2373,13.519527
2375,2374,10.457815
2410,2374,9.972586
2405,2375,11.118657
2410,2375,12.458578
2383,2376,4.159327
2384,2376,13.567003
2396,2376,14.367716
2404,2376,11.49734
2416,2376,12.158056
2413,2377,12.688259
2393,2378,9.705813
2409,2378,9.596673
2414,2378,10.499537
2390,2379,13.183334
2408,2379,10.835167
2412,2379,9.060998
2431,2379,14.987482
2391,2381,13.811308
2406,2381,7.8213296
2393,2382,8.566067
2422,2382,10.838041
2384,2383,9.693092
2404,2383,13.303218
2416,2383,11.17756
2397,2384,6.909968
2407,2384,12.865923
2420,2384,10.169601
2389,2385,7.009292
2403,2385,9.696186
2426,2385,11.184515
2398,2386,11.049737
2423,2386,9.85169
2438,2386,14.197342
2390,2387,7.8242264
2408,2387,14.492761
2417,2387,11.204111
2430,2387,12.699472
2403,2389,14.258448
2426,2389,9.939952
2408,2390,7.3129663
2417,2390,7.2737865
2450,2390,14.8151865
2433,2391,13.738887
2418,2392,12.892192
2419,2392,7.4868107
2436,2392,12.644169
2409,2393,7.9087443
2414,2393,13.143809
2422,2393,10.376582
2432,2393,14.059608
2427,2394,12.151001
2447,2394,14.16068
2399,2395,11.25233
2428,2395,11.093681
2404,2396,5.348009
2416,2396,13.465387
2407,2397,5.9797573
2420,2397,6.6738024
2446,2397,14.37637
2448,2397,14.195725
2411,2398,9.26492
2438,2398,13.790944
2428,2399,9.240906
2440,2399,11.4707985
2423,2400,11.844868
2427,2401,13.431661
2443,2401,12.213947
2462,2401,14.890077
2413,2402,10.996808
2429,2402,12.094087
2426,2403,9.734871
2429,2403,8.455782
2442,2403,9.073663
2416,2404,8.135697
2410,2405,14.906797
2424,2405,11.502468
2434,2406,9.888472
2437,2406,10.150283
2420,2407,8.964752
2430,2407,11.834767
2446,2407,10.171108
2448,2407,14.279986
2412,2408,9.842654
2417,2408,6.2421603
2431,2408,9.935403
2450,2408,11.979473
2414,2409,5.7207413
2422,2409,14.002739
2432,2409,6.7158794
2451,2409,10.97907
2455,2409,13.66174
2456,2409,12.141699
2445,2411,8.629867
2431,2412,6.855713
2432,2414,6.5681305
2451,2414,13.052636
2456,2414,10.500753
2461,2414,14.569023
2444,2415,7.316604
2449,2416,8.748925
2430,2417,14.074337
2431,2417,13.594952
2450,2417,7.5565457
2472,2417,14.207104
2419,2418,9.830394
2436,2419,6.5611506
2446,2420,11.764071
2448,2420,7.765658
2469,2420,12.747371
2437,2421,14.734212
2441,2421,9.013327
2471,2421,12.778573
2451,2422,13.881793
2455,2422,9.637831
2438,2423,7.408444
2452,2424,7.110131
2467,2424,12.259614
2481,2425,14.608225
2429,2426,14.805278
2442,2426,10.792821
2460,2426,9.5033045
2447,2427,10.166863
2462,2427,13.106744
2440,2428,8.669674
2465,2428,14.681547
2492,2428,14.912534
2442,2429,5.8545175
2459,2429,7.209416
2476,2429,12.84989
2446,2430,10.247429
2450,2430,13.737122
2474,2430,11.557718
2478,2430,14.53172
2450,2431,14.072033
2472,2431,14.20617
2475,2431,10.449001
2451,2432,6.6594768
2455,2432,11.848801
2456,2432,5.4516582
2461,2432,12.781875
2473,2432,10.92127
2491,2432,14.427006
2453,2433,11.77683
2437,2434,12.166719
2453,2434,7.4487205
2464,2434,9.492786
2439,2435,12.619361
2458,2435,9.682137
2464,2437,9.228151
2470,2437,10.50858
2466,2438,8.659431
2458,2439,5.6175704
2485,2439,12.254899
2489,2439,12.163683
2454,2440,10.803046
2465,2440,6.630723
2482,2440,11.447234
2492,2440,11.515196
2454,2441,7.454359
2465,2441,14.192453
2471,2441,11.030482
2477,2441,9.108338
2513,2441,14.800465
2459,2442,7.871776
2460,2442,9.603306
2476,2442,8.478691
2462,2443,7.027585
2488,2443,10.331543
2466,2445,13.036361
2497,2445,11.807012
2448,2446,10.381413
2469,2446,9.298649
2474,2446,11.006636
2498,2446,12.139253
2449,2448,12.078491
2469,2448,5.6825666
2480,2448,13.337674
2498,2448,12.8514185
2480,2449,7.8139725
2501,2449,14.306186
2510,2449,12.781188
2515,2449,13.337955
2472,2450,7.2669888
2478,2450,9.221425
2511,2450,12.829261
2455,2451,6.031263
2456,2451,7.612369
2473,2451,6.314132
2491,2451,14.020441
2509,2451,12.280701
2467,2452,7.1448736
2483,2452,14.26372
2484,2452,12.807959
2464,2453,12.837973
2465,2454,6.740142
2477,2454,8.009357
2482,2454,9.7155
2513,2454,12.899992
2456,2455,13.641014
2473,2455,9.950445
2509,2455,13.384297
2461,2456,8.475485
2473,2456,8.092327
2491,2456,8.997631
2509,2456,14.54499
2523,2456,14.306424
2481,2457,10.727451
2503,2457,13.097948
2518,2457,14.201587
2522,2457,13.90023
2485,2458,11.548956
2489,2458,7.699763
2521,2458,13.469126
2476,2459,8.81586
2487,2459,10.3479
2506,2459,12.054576
2508,2459,14.96263
2476,2460,8.493228
2508,2460,10.882932
2514,2460,13.0769205
2473,2461,14.504418
2491,2461,8.024316
2493,2461,8.950572
2488,2462,10.339937
2526,2462,13.914718
2470,2464,11.037103
2527,2464,12.693185
2477,2465,12.094941
2482,2465,5.34166
2492,2465,9.17764
2513,2465,14.845694
2529,2465,14.120651
2497,2466,12.339362
2483,2467,7.118852
2524,2467,13.620415
2484,2468,4.819914
2501,2468,8.473226
2510,2468,13.796385
2534,2468,13.744254
2543,2468,14.845807
2480,2469,13.747462
2498,2469,7.1705737
2515,2469,13.532989
2471,2470,9.018801
2520,2470,10.193249
2477,2471,9.6136
2513,2471,11.859042
2520,2471,8.874695
2532,2471,11.470958
2475,2472,12.116382
2478,2472,8.507157
2511,2472,6.478883
2535,2472,13.003331
2549,2472,14.491367
2491,2473,9.537364
2509,2473,6.740124
2523,2473,9.347868
2541,2473,12.380937
2478,2474,9.401516
2498,2474,12.68942
2516,2474,6.8308873
2547,2474,13.563494
2511,2475,14.892696
2535,2475,14.942419
2506,2476,11.749253
2508,2476,6.7843637
2539,2476,14.560299
2482,2477,11.240069
2513,2477,5.7451777
2520,2477,14.889158
2529,2477,14.605667
2532,2477,13.161904
2511,2478,8.42051
2516,2478,9.403793
2548,2478,13.118699
2549,2478,14.040974
2486,2479,8.051737
2504,2479,6.156565
2505,2479,9.941077
2538,2479,11.795259
2545,2479,14.719139
2501,2480,10.480312
2510,2480,6.3012958
2515,2480,5.6589265
2534,2480,13.009612
2495,2481,7.824013
2512,2481,13.668145
2518,2481,7.210815
2522,2481,11.845103
2531,2481,13.706941
2550,2481,13.124421
2492,2482,7.3929
2513,2482,11.801993
2528,2482,12.682884
2529,2482,8.779749
2494,2483,12.334653
2500,2483,8.235476
2524,2483,7.4726496
2546,2483,13.414094
2501,2484,12.1576605
2543,2484,12.261582
2489,2485,8.561497
2521,2485,10.675611
2490,2486,11.382042
2504,2486,10.861363
2538,2486,14.676716
2545,2486,10.712418
2504,2487,14.696717
2505,2487,8.555915
2506,2487,10.168144
2530,2487,8.85482
2495,2488,10.28479
2512,2488,6.770599
2526,2488,8.023477
2563,2488,14.74647
2521,2489,5.7797875
2559,2489,12.931415
2496,2490,12.079098
2545,2490,14.795282
2493,2491,9.9587555
2509,2491,12.293697
2523,2491,7.878831
2533,2491,10.163737
2541,2491,14.857398
2560,2491,14.055733
2496,2492,9.619895
2528,2492,8.534057
2529,2492,11.52394
2533,2493,9.370007
2558,2493,12.147736
2500,2494,5.037107
2524,2494,11.59174
2542,2494,12.83783
2546,2494,11.467771
2554,2494,11.963
2512,2495,5.9417787
2518,2495,10.771734
2531,2495,10.267622
2550,2495,13.656076
2563,2495,14.356939
2528,2496,10.637866
2515,2498,14.647844
2516,2498,14.309258
2544,2498,10.211585
2561,2498,11.965958
2507,2499,5.723413
2566,2499,12.935261
2524,2500,6.6452174
2546,2500,8.306259
2554,2500,12.845332
2510,2501,5.697296
2515,2501,12.298835
2534,2501,6.2021723
2565,2501,13.810914
2571,2501,12.481006
2503,2502,8.095327
2555,2502,11.786276
2518,2503,13.8861065
2522,2503,8.139982
2555,2503,8.680379
2589,2503,14.171395
2505,2504,6.2961326
2530,2504,13.463186
2538,2504,5.695243
2545,2504,12.118372
2573,2504,12.651768
2530,2505,8.328744
2538,2505,8.134466
2587,2505,14.515321
2508,2506,12.142588
2530,2506,9.288109
2564,2506,11.689587
2574,2506,10.025123
2587,2506,14.455115
2525,2507,13.66664
2566,2507,11.694215
2570,2507,12.849633
2514,2508,12.695598
2539,2508,7.8279767
2564,2508,11.923231
2523,2509,6.8795276
2541,2509,5.970632
2552,2509,10.821266
2560,2509,13.752322
2575,2509,11.943564
2515,2510,6.6211457
2534,2510,6.7087817
2571,2510,13.47598
2578,2510,13.78122
2516,2511,14.178111
2535,2511,8.001472
2548,2511,10.905186
2549,2511,8.028403
2518,2512,14.943151
2526,2512,9.683425
2531,2512,9.810184
2563,2512,9.87935
2520,2513,13.325969
2529,2513,11.222948
2532,2513,9.49893
2557,2513,10.161562
2567,2513,11.665204
2539,2514,10.024303
2540,2514,11.949375
2562,2514,11.20272
2534,2515,11.93778
2544,2515,12.127992
2578,2515,13.3736105
2585,2515,14.883524
2547,2516,7.2340713
2548,2516,10.002926
2549,2516,14.691986
2572,2516,12.90013
2582,2516,14.954354
2537,2517,14.139486
2522,2518,6.3414435
2531,2518,9.821106
2550,2518,6.413134
2589,2518,13.70712
2592,2518,13.9484825
2532,2520,5.9124956
2556,2520,10.724134
2557,2520,13.074788
2581,2520,10.113168
2559,2521,7.160174
2531,2522,14.838676
2550,2522,8.975746
2555,2522,9.748132
2589,2522,10.053946
2592,2522,13.772227
2533,2523,10.618594
2541,2523,7.143208
2552,2523,14.672487
2560,2523,8.402417
2575,2523,11.195237
2546,2524,6.4081516
2569,2524,9.627184
2577,2524,14.129958
2570,2525,12.962843
2590,2525,13.221774
2563,2526,11.025916
2579,2526,9.729391
2556,2527,10.601997
2598,2527,13.568147
2529,2528,9.73717
2594,2528,13.277857
2601,2528,12.506394
2557,2529,14.447513
2567,2529,9.271869
2591,2529,10.485765
2594,2529,11.278698
2538,2530,11.570138
2574,2530,12.250107
2587,2530,8.289318
2550,2531,6.703622
2563,2531,8.558759
2592,2531,11.886855
2556,2532,13.140631
2557,2532,7.224623
2567,2532,13.712711
2581,2532,7.855533
2599,2532,12.321947
2558,2533,8.87691
2560,2533,8.951108
2613,2533,12.396808
2565,2534,10.33842
2571,2534,6.9079666
2578,2534,11.313708
2621,2534,14.11464
2548,2535,12.337105
2549,2535,6.407494
2586,2535,10.186172
2623,2535,14.285251
2580,2536,12.127732
2593,2536,11.437232
2596,2537,11.522585
2609,2537,14.166201
2545,2538,11.141854
2573,2538,7.395708
2587,2538,12.634281
2562,2539,8.780391
2564,2539,10.660102
2602,2539,11.681114
2552,2540,8.354636
2562,2540,10.546911
2595,2540,10.063926
2611,2540,12.084812
2552,2541,7.617581
2560,2541,9.796141
2575,2541,5.973071
2595,2541,13.747845
2612,2541,12.328544
2546,2542,14.120968
2554,2542,4.9991436
2583,2542,13.828707
2584,2542,6.4587226
2604,2542,11.330857
2551,2543,6.494078
2565,2543,7.152511
2571,2543,12.874006
2577,2543,12.597728
2588,2543,5.9853053
2561,2544,5.8025694
2572,2544,14.1107855
2578,2544,14.045124
2585,2544,7.635568
2605,2544,10.485722
2622,2544,12.579164
2573,2545,10.370217
2597,2545,14.44461
2554,2546,9.517371
2569,2546,9.523828
2604,2546,13.904829
2607,2546,10.789057
2629,2546,13.753173
2548,2547,8.579593
2549,2547,14.580064
2561,2547,12.348
2572,2547,6.0483966
2582,2547,10.194281
2549,2548,6.0067987
2572,2548,13.28533
2582,2548,6.4813986
2582,2549,9.533887
2586,2549,13.855956
2623,2549,13.810858
2563,2550,14.928423
2589,2550,10.380316
2592,2550,7.8907824
2565,2551,13.032186
2569,2551,11.843388
2577,2551,6.572174
2588,2551,8.038742
2614,2551,13.029362
2575,2552,8.433296
2595,2552,7.651624
2612,2552,13.299038
2627,2552,12.748812
2558,2553,8.77831
2576,2553,5.88702
2600,2553,10.835382
2603,2553,11.066331
2584,2554,7.7018547
2604,2554,8.687995
2629,2554,13.40899
2589,2555,7.5180354
2581,2556,8.738184
2598,2556,14.412776
2619,2556,10.56364
2630,2556,13.567752
2567,2557,7.089013
2581,2557,9.226576
2591,2557,11.252364
2599,2557,8.350976
2633,2557,12.019181
2634,2557,13.686645
2576,2558,13.748077
2600,2558,8.616445
2613,2558,11.268534
2615,2559,10.1109915
2626,2559,13.386371
2575,2560,8.551328
2612,2560,10.59119
2613,2560,11.024218
2635,2560,13.9518585
2645,2560,13.152228
2572,2561,8.42821
2585,2561,9.671771
2605,2561,8.595939
2622,2561,12.546247
2602,2562,12.292556
2611,2562,8.825673
2579,2563,8.921021
2574,2564,6.954963
2602,2564,8.861823
2656,2564,14.563487
2571,2565,5.9662037
2588,2565,7.1604447
2621,2565,11.826495
2640,2565,12.766721
2570,2566,5.935013
2590,2566,13.382781
2616,2566,7.4428835
2617,2566,9.91618
2643,2566,14.869861
2644,2566,13.139243
2591,2567,4.680246
2594,2567,9.80375
2599,2567,12.589618
2633,2567,10.346267
2583,2568,9.400946
2603,2568,14.105183
2606,2568,9.920692
2628,2568,11.314129
2577,2569,6.289625
2607,2569,8.5342245
2614,2569,6.887862
2629,2569,14.922444
2590,2570,7.740034
2616,2570,9.0372925
2617,2570,6.8729386
2644,2570,13.804622
2578,2571,10.720075
2588,2571,12.762256
2620,2571,12.709184
2621,2571,8.109266
2640,2571,12.561685
2582,2572,11.898104
2605,2572,13.395476
2636,2572,10.494469
2642,2572,13.309469
2587,2573,12.730475
2631,2573,11.177648
2649,2573,11.976099
2587,2574,10.423917
2602,2574,14.150887
2595,2575,10.891217
2612,2575,6.3865504
2627,2575,9.848279
2645,2575,13.575672
2600,2576,12.112735
2603,2576,5.436702
2628,2576,9.961713
2588,2577,11.395667
2607,2577,13.127248
2614,2577,6.628151
2653,2577,14.603717
2585,2578,8.824876
2605,2578,14.375631
2620,2578,5.4294243
2621,2578,10.14862
2622,2578,11.067933
2641,2578,11.690157
2646,2578,11.268323
2608,2579,10.736022
2666,2579,14.483648
2593,2580,9.906853
2624,2580,7.9053063
2599,2581,7.318775
2619,2581,8.689521
2634,2581,10.535432
2623,2582,13.792965
2636,2582,14.178247
2642,2582,11.1547985
2647,2582,9.045579
2584,2583,11.084165
2606,2583,4.926473
2639,2583,14.405647
2604,2584,7.281035
2606,2584,13.542007
2629,2584,14.304195
2639,2584,9.703914
2657,2584,14.676162
2605,2585,6.2183642
2620,2585,10.083132
2622,2585,5.542026
2641,2585,10.596723
2654,2585,14.6427965
2665,2585,14.433114
2623,2586,8.942343
2632,2586,7.9892545
2660,2586,14.004707
2671,2586,14.857249
2631,2587,10.707194
2663,2587,14.7834
2640,2588,13.31722
2653,2588,12.583484
2592,2589,7.6657634
2638,2589,11.302409
2648,2589,13.456126
2596,2590,14.501269
2616,2590,12.975288
2617,2590,6.772967
2667,2590,12.017458
2594,2591,5.5873775
2599,2591,14.61112
2633,2591,8.987785
2651,2591,10.948089
2638,2592,8.572361
2608,2593,13.033778
2624,2593,9.082723
2677,2593,14.505651
2601,2594,9.615662
2633,2594,12.839146
2651,2594,9.081027
2611,2595,11.025258
2612,2595,11.901117
2627,2595,7.771158
2652,2595,9.173715
2680,2595,13.422383
2609,2596,10.6712675
2637,2596,6.8985224
2661,2596,12.795386
2668,2596,12.84847
2610,2597,10.114466
2655,2597,10.541294
2682,2597,14.513646
2630,2598,6.661546
2619,2599,9.501182
2633,2599,9.219773
2634,2599,5.3417187
2603,2600,13.461834
2613,2600,9.461821
2635,2600,13.465163
2669,2600,12.066228
2672,2600,12.947123
2610,2601,8.815277
2651,2601,13.15711
2662,2601,11.747316
2656,2602,8.845276
2628,2603,5.221839
2669,2603,13.852983
2673,2603,11.304495
2607,2604,12.225133
2629,2604,7.047175
2639,2604,8.849074
2657,2604,8.367021
2620,2605,13.736107
2622,2605,4.7318096
2636,2605,13.590407
2641,2605,10.4799
2654,2605,8.820199
2665,2605,11.074795
2639,2606,13.287083
2681,2606,14.475562
2614,2607,8.262318
2629,2607,6.632414
2657,2607,12.654111
2666,2608,13.264067
2637,2609,8.496104
2650,2609,8.254433
2661,2609,9.114146
2664,2609,14.045388
2662,2610,9.373346
2682,2610,13.8019905
2652,2611,13.20287
2680,2611,9.630305
2627,2612,6.326976
2635,2612,13.319564
2645,2612,7.910401
2652,2612,12.6263275
2683,2612,12.512709
2635,2613,6.102509
2645,2613,10.76781
2672,2613,11.774264
2629,2614,14.4691105
2653,2614,12.85452
2685,2614,14.000734
2626,2615,11.733882
2678,2615,13.2824
2617,2616,6.5516825
2626,2616,12.634367
2643,2616,8.69227
2644,2616,5.6971626
2679,2616,11.479073
2643,2617,14.148025
2644,2617,8.585444
2667,2617,12.649974
2679,2617,14.795823
2689,2617,14.597946
2658,2618,8.040417
2664,2618,12.022921
2630,2619,11.052979
2634,2619,7.4220953
2688,2619,14.680126
2621,2620,8.11718
2622,2620,9.290788
2641,2620,7.234697
2646,2620,6.0405746
2665,2620,13.928276
2670,2620,11.722468
2675,2620,10.89929
2686,2620,12.552779
2640,2621,7.5488205
2641,2621,13.9613085
2646,2621,7.654864
2670,2621,9.314965
2686,2621,12.568587
2641,2622,6.0316143
2646,2622,12.530461
2654,2622,10.315873
2665,2622,8.892095
2675,2622,11.343432
2632,2623,7.3422856
2647,2623,13.091671
2660,2623,12.537769
2671,2623,9.48251
2659,2624,14.193668
2677,2624,8.862125
2648,2625,10.813274
2687,2625,12.711102
2701,2625,14.808644
2643,2626,7.1613784
2644,2626,12.950583
2678,2626,9.834805
2679,2626,12.436039
2645,2627,12.052847
2652,2627,6.4053106
2680,2627,14.22271
2683,2627,9.844244
2673,2628,11.521603
2681,2628,12.6320505
2639,2629,13.322531
2657,2629,6.3050656
2649,2631,10.081149
2663,2631,9.853103
2699,2631,13.048937
2660,2632,6.3272057
2671,2632,7.3306904
2696,2632,12.200749
2634,2633,10.682545
2651,2633,10.961552
2688,2634,10.34708
2645,2635,6.3881598
2672,2635,8.509488
2714,2635,14.355087
2642,2636,6.039209
2647,2636,11.122417
2654,2636,9.423656
2676,2636,6.631448
2690,2636,11.5494995
2691,2636,11.645139
2650,2637,12.53019
2661,2637,6.044205
2668,2637,9.460464
2692,2637,10.409602
2648,2638,10.220414
2684,2638,8.721725
2657,2639,9.39227
2694,2639,10.261893
2646,2640,12.088534
2653,2640,13.547123
2670,2640,9.30721
2674,2640,8.693199
2686,2640,13.394524
2708,2640,13.02579
2646,2641,7.4209876
2654,2641,12.390383
2665,2641,6.698757
2670,2641,12.490453
2675,2641,5.574373
2686,2641,10.851521
2703,2641,11.47819
2709,2641,14.238697
2647,2642,5.2452073
2654,2642,14.953178
2676,2642,6.934544
2690,2642,14.054081
2691,2642,9.135514
2644,2643,6.371911
2678,2643,10.960789
2679,2643,5.6854787
2707,2643,14.522428
2679,2644,6.3327756
2689,2644,12.91532
2707,2644,12.042734
2672,2645,13.773648
2683,2645,11.538686
2665,2646,13.022571
2670,2646,5.9163
2675,2646,7.3682685
2686,2646,6.618234
2703,2646,12.474463
2676,2647,11.404366
2691,2647,11.392141
2718,2647,14.986703
2684,2648,13.296023
2687,2648,8.899389
2701,2648,14.520972
2717,2648,13.711334
2655,2649,11.741943
2698,2649,12.3839655
2699,2649,11.944604
2658,2650,11.419515
2661,2650,8.306012
2664,2650,6.450407
2713,2650,13.247802
2680,2652,8.065309
2683,2652,9.323348
2674,2653,8.166438
2685,2653,10.275208
2700,2653,9.397137
2708,2653,14.133766
2716,2653,13.930834
2665,2654,7.6319065
2675,2654,14.402459
2676,2654,10.899338
2690,2654,8.799141
2709,2654,11.2737255
2682,2655,10.0006075
2698,2655,9.681567
2693,2656,11.622408
2694,2657,11.972663
2724,2657,13.655616
2664,2658,5.3962054
2677,2659,13.980475
2712,2659,10.867604
2671,2660,6.095298
2696,2660,7.9475164
2729,2660,13.751255
2664,2661,14.191782
2668,2661,11.658613
2692,2661,7.9490757
2713,2661,9.73639
2682,2662,10.781424
2702,2662,7.1345735
2720,2662,13.0112295
2740,2662,14.80912
2693,2663,10.241018
2699,2663,13.095595
2721,2663,11.383346
2722,2663,14.816171
2675,2665,6.8481355
2686,2665,13.494877
2690,2665,12.689377
2703,2665,9.405476
2709,2665,8.079323
2735,2665,14.471432
2711,2666,10.95337
2668,2667,7.4332285
2689,2667,8.262757
2692,2667,14.643968
2689,2668,14.450685
2692,2668,7.7257166
2734,2668,14.11609
2672,2669,10.897771
2673,2669,6.2022634
2706,2669,9.0058
2710,2669,11.501143
2725,2669,10.51873
2674,2670,14.339008
2675,2670,9.795966
2686,2670,4.0923443
2703,2670,12.234979
2708,2670,14.139465
2696,2671,5.6079507
2718,2671,13.652638
2729,2671,11.934518
2710,2672,8.204378
2714,2672,10.994008
2725,2672,14.157424
2681,2673,14.390525
2706,2673,7.096269
2715,2673,14.230509
2725,2673,12.52059
2700,2674,10.464522
2708,2674,6.86848
2686,2675,6.6848817
2703,2675,6.1394415
2709,2675,11.480976
2735,2675,13.3791065
2690,2676,7.231482
2691,2676,5.5280366
2728,2676,11.00184
2730,2676,14.261128
2695,2677,9.529599
2712,2677,12.430373
2719,2677,9.535802
2737,2677,14.873958
2679,2678,12.273253
2689,2679,13.595032
2707,2679,8.931633
2738,2679,14.652227
2715,2681,8.278992
2698,2682,13.059591
2702,2682,11.208785
2720,2682,8.363384
2705,2684,12.9394865
2717,2684,13.778654
2723,2684,6.9965377
2760,2684,14.248107
2700,2685,6.587921
2716,2685,5.7729344
2741,2685,11.680854
2742,2685,12.604433
2703,2686,8.146929
2735,2686,14.592174
2745,2686,13.208787
2701,2687,5.951944
2704,2687,13.635708
2717,2687,7.228506
2755,2687,14.604161
2743,2688,11.910709
2707,2689,7.742533
2738,2689,11.715047
2691,2690,9.892642
2709,2690,9.543643
2728,2690,12.024513
2730,2690,9.315654
2718,2691,12.388627
2728,2691,6.1819954
2730,2691,13.01082
2736,2691,11.367106
2749,2691,11.776171
2713,2692,7.6260705
2734,2692,8.725665
2721,2693,11.964753
2722,2693,6.278889
2758,2693,14.429359
2764,2693,14.860578
2724,2694,9.716824
2732,2694,7.451323
2719,2695,8.3154955
2731,2695,9.334222
2737,2695,9.224002
2718,2696,12.596445
2729,2696,6.4367213
2748,2696,11.359056
2701,2697,13.679462
2704,2697,5.6967406
2733,2697,6.914076
2699,2698,14.330494
2727,2698,7.128764
2746,2698,9.354312
2721,2699,9.855226
2727,2699,11.226618
2751,2699,13.917932
2752,2699,12.342444
2708,2700,11.575114
2716,2700,5.690152
2741,2700,9.434625
2742,2700,13.987186
2753,2700,12.918122
2704,2701,8.052433
2717,2701,9.253897
2733,2701,14.911119
2755,2701,11.34626
2720,2702,8.203523
2726,2702,11.886962
2740,2702,7.6745467
2750,2702,12.049545
2763,2702,13.607828
2709,2703,8.755773
2735,2703,7.3438478
2745,2703,11.489148
2754,2703,13.083707
2733,2704,8.1027565
2755,2704,14.510836
2723,2705,11.347798
2756,2705,11.298277
2710,2706,13.52169
2715,2706,11.999101
2725,2706,7.0835996
2747,2706,13.222059
2738,2707,6.57177
2768,2707,11.531372
2744,2708,8.484409
2753,2708,10.259972
2730,2709,12.210566
2735,2709,8.887867
2754,2709,9.666959
2714,2710,9.757339
2725,2710,7.564785
2747,2710,8.822622
2759,2710,12.226602
2778,2710,13.7700615
2731,2711,9.817408
2762,2711,13.156469
2767,2711,12.289247
2719,2712,11.896844
2734,2713,9.245321
2759,2714,8.119148
2741,2716,5.90836
2742,2716,8.406719
2753,2716,14.426618
2776,2716,13.146417
2723,2717,14.17994
2755,2717,10.45543
2772,2717,10.857088
2728,2718,11.378069
2729,2718,12.679642
2736,2718,7.574816
2749,2718,13.535572
2766,2718,12.005606
2771,2718,11.731239
2731,2719,13.515977
2737,2719,6.167954
2740,2720,8.437452
2746,2720,13.184459
2750,2720,14.929383
2763,2720,9.251413
2770,2720,11.51895
2722,2721,10.879569
2752,2721,8.09772
2764,2721,10.92313
2791,2721,14.91504
2758,2722,8.68046
2764,2722,9.108007
2760,2723,7.3358197
2785,2723,14.632904
2732,2724,8.018218
2765,2724,10.424983
2747,2725,6.643645
2778,2725,13.722745
2739,2726,5.903218
2740,2726,10.819391
2750,2726,6.99499
2781,2726,12.388701
2782,2726,13.483762
2806,2726,14.6572895
2746,2727,8.509701
2751,2727,8.265443
2775,2727,11.966757
2730,2728,10.041831
2736,2728,6.6852107
2749,2728,5.6024876
2771,2728,13.677528
2779,2728,12.036508
2748,2729,5.8594174
2766,2729,10.391971
2780,2729,10.98933
2800,2729,14.142269
2749,2730,9.834139
2754,2730,11.361439
2779,2730,13.10459
2784,2730,12.01339
2799,2730,11.318484
2737,2731,9.142958
2762,2731,7.408719
2789,2734,10.66305
2745,2735,9.831228
2754,2735,6.5652432
2784,2735,12.386886
2790,2735,12.54234
2793,2735,14.512918
2749,2736,6.2369714
2766,2736,11.608485
2771,2736,7.4274044
2779,2736,10.406047
2794,2736,11.648097
2762,2737,11.059196
2768,2738,5.022221
2774,2738,9.549748
2787,2738,9.287247
2750,2739,9.520725
2769,2739,12.442138
2781,2739,8.11682
2782,2739,14.688565
2796,2739,11.443689
2806,2739,13.108004
2750,2740,6.496183
2763,2740,7.145567
2770,2740,14.315957
2782,2740,8.723918
2802,2740,13.667841
2806,2740,14.35782
2742,2741,7.131169
2753,2741,11.114829
2776,2741,8.16795
2783,2741,14.513742
2803,2741,12.951009
2815,2741,14.51527
2765,2742,11.266178
2776,2742,7.4554715
2769,2743,9.361788
2773,2743,12.848748
2797,2743,12.067626
2745,2744,13.486528
2753,2744,5.915997
2783,2744,8.510434
2810,2744,14.821206
2790,2745,13.908136
2793,2745,10.321924
2751,2746,12.5714855
2770,2746,9.035988
2775,2746,8.20012
2759,2747,12.226428
2778,2747,7.087671
2792,2747,10.112269
2798,2747,12.749484
2766,2748,11.820127
2780,2748,9.486519
2800,2748,9.793998
2771,2749,10.509713
2779,2749,6.4345527
2794,2749,11.059287
2799,2749,14.621446
2818,2749,13.887106
2763,2750,11.211984
2781,2750,10.9543495
2782,2750,6.5459576
2802,2750,12.433467
2806,2750,9.431122
2752,2751,10.986363
2775,2751,9.7351265
2808,2751,11.104614
2814,2751,10.510605
2764,2752,10.517156
2791,2752,9.150433
2808,2752,9.476354
2783,2753,6.184559
2803,2753,13.428025
2810,2753,12.28058
2784,2754,6.367955
2790,2754,11.019638
2799,2754,12.133776
2772,2755,9.628117
2801,2755,9.6858
2811,2755,12.81386
2760,2756,13.792927
2767,2756,11.604163
2785,2756,10.600422
2786,2756,7.076832
2804,2756,10.399997
2777,2757,9.206145
2764,2758,9.115612
2788,2758,7.844949
2826,2758,13.5894985
2778,2759,9.474825
2798,2759,10.862024
2821,2759,13.652315
2772,2760,12.23653
2785,2760,8.144277
2804,2760,14.221022
2774,2761,11.902267
2777,2761,11.46757
2812,2761,14.320632
2767,2762,14.386214
2805,2762,9.434204
2819,2762,13.461119
2770,2763,7.889599
2782,2763,8.307453
2802,2763,10.015865
2806,2763,14.786101
2788,2764,13.386055
2791,2764,8.26322
2825,2764,13.555212
2826,2764,10.9606495
2776,2765,13.57448
2830,2765,13.662111
2771,2766,6.2202024
2780,2766,5.4094954
2794,2766,11.626508
2800,2766,11.87912
2816,2766,10.200159
2786,2767,10.788907
2805,2767,14.813693
2817,2767,11.443585
2819,2767,12.512288
2774,2768,7.790941
2787,2768,4.9693594
2812,2768,13.048468
2822,2768,13.351498
2781,2769,12.335335
2796,2769,8.056113
2797,2769,7.7340894
2775,2770,10.091579
2802,2770,14.831423
2779,2771,9.877238
2780,2771,10.843963
2794,2771,6.553968
2816,2771,11.440563
2818,2771,12.785612
2801,2772,10.944856
2831,2772,12.561666
2787,2774,5.3502116
2812,2774,7.1890764
2847,2774,14.285003
2814,2775,11.049498
2803,2776,8.914964
2815,2776,7.9514446
2792,2778,7.034312
2798,2778,5.663697
2821,2778,11.963494
2832,2778,11.673239
2794,2779,6.4655876
2799,2779,12.109323
2818,2779,7.497207
2820,2779,11.26413
2794,2780,14.570498
2800,2780,6.483564
2816,2780,8.1679535
2848,2780,13.289792
2782,2781,12.286467
2796,2781,6.135558
2806,2781,7.3562613
2842,2781,14.320982
2843,2781,11.267575
2802,2782,5.900584
2806,2782,6.5302386
2803,2783,10.35916
2810,2783,6.4613056
2815,2783,14.810982
2837,2783,10.610494
2790,2784,9.51896
2799,2784,6.7042437
2820,2784,11.557278
2851,2784,12.548399
2786,2785,10.461429
2804,2785,6.198717
2828,2785,7.690596
2850,2785,11.137711
2804,2786,6.136048
2817,2786,11.233803
2828,2786,11.952662
2845,2786,10.615605
2812,2787,8.337837
2822,2787,10.926781
2847,2787,13.108461
2826,2788,10.523851
2834,2788,8.040984
2838,2788,10.146596
2823,2789,9.924717
2829,2789,12.69991
2839,2789,10.476529
2793,2790,7.3652754
2833,2790,10.89471
2846,2790,9.5784445
2808,2791,7.7828526
2825,2791,6.976502
2826,2791,8.803388
2798,2792,8.762085
2821,2792,14.531675
2832,2792,9.880929
2844,2792,9.688179
2833,2793,6.4550066
2846,2793,9.914756
2816,2794,10.897928
2818,2794,6.2731566
2857,2794,13.388942
2813,2795,13.630077
2824,2795,5.375955
2852,2795,13.465792
2856,2795,12.491466
2797,2796,9.875835
2806,2796,12.615612
2841,2796,14.098518
2842,2796,10.221604
2843,2796,12.184504
2835,2797,10.816655
2841,2797,7.7194014
2842,2797,11.516837
2821,2798,6.4540486
2827,2798,13.670165
2832,2798,7.25943
2818,2799,14.208238
2820,2799,5.4083834
2851,2799,9.567128
2816,2800,10.458072
2848,2800,9.904439
2811,2801,6.802758
2831,2801,7.5567093
2849,2801,8.600077
2806,2802,8.203824
2843,2802,13.945859
2810,2803,7.5606008
2815,2803,4.4543843
2837,2803,14.213541
2817,2804,14.965254
2828,2804,5.916758
2845,2804,10.373565
2850,2804,10.631578
2817,2805,12.49924
2819,2805,5.6632166
2855,2805,9.024259
2871,2805,14.613216
2843,2806,9.272944
2814,2808,8.895729
2825,2808,10.719141
2821,2809,12.89466
2827,2809,5.814785
2836,2809,5.051466
2874,2809,13.218041
2815,2810,11.464294
2837,2810,6.8779993
2831,2811,12.494666
2849,2811,9.671207
2822,2812,14.3178215
2847,2812,7.597733
2862,2812,14.546357
2868,2812,13.616905
2823,2813,10.587079
2824,2813,12.256913
2852,2813,9.726438
2854,2813,9.566227
2876,2813,14.286409
2863,2815,12.733682
2818,2816,14.444635
2848,2816,9.438868
2857,2816,10.460377
2877,2816,14.099412
2819,2817,6.9105005
2845,2817,8.380441
2855,2817,14.346236
2861,2817,9.985503
2871,2817,13.943301
2820,2818,10.347762
2857,2818,11.816587
2870,2818,12.849221
2855,2819,9.329193
2861,2819,11.516654
2871,2819,12.219187
2851,2820,6.949967
2827,2821,7.729748
2832,2821,7.852112
2829,2822,10.55253
2847,2822,12.556314
2875,2822,14.588977
2839,2823,8.339267
2854,2823,9.812287
2852,2824,8.708617
2856,2824,8.388498
2881,2824,13.907304
2826,2825,6.3370304
2838,2825,11.153946
2834,2826,14.913645
2838,2826,6.845719
2836,2827,7.8896785
2874,2827,10.432132
2845,2828,11.945839
2850,2828,4.716025
2839,2829,8.989617
2875,2829,10.8202505
2858,2830,10.076272
2849,2831,6.136024
2860,2831,12.481721
2884,2831,13.446535
2844,2832,11.217637
2878,2832,12.763449
2837,2833,14.269939
2846,2833,6.3044176
2865,2833,9.698801
2869,2833,11.935981
2838,2834,10.254928
2841,2835,7.412698
2853,2835,8.921157
2872,2835,10.012891
2873,2835,14.288745
2874,2836,10.14971
2886,2837,13.734652
2875,2839,12.787586
2853,2840,10.689208
2885,2840,13.06497
2842,2841,8.746284
2872,2841,14.25882
2873,2841,9.160321
2843,2842,10.225008
2873,2842,9.160619
2878,2844,9.189593
2879,2844,14.340775
2850,2845,14.958473
2861,2845,11.104225
2888,2845,13.221597
2865,2846,9.469486
2866,2846,12.281041
2869,2846,7.284084
2894,2846,14.238424
2862,2847,11.18034
2868,2847,7.6971035
2891,2847,12.758856
2857,2848,13.587911
2867,2848,6.95384
2877,2848,9.027235
2887,2848,11.074594
2884,2849,10.611505
2895,2849,13.590281
2860,2850,10.33807
2866,2851,9.267833
2854,2852,8.024655
2856,2852,11.674995
2876,2852,7.398376
2881,2852,9.852911
2896,2852,12.178029
2872,2853,7.942393
2885,2853,9.906979
2876,2854,6.296658
2896,2854,12.034768
2861,2855,11.183267
2871,2855,6.932014
2881,2856,9.42331
2882,2856,7.335773
2870,2857,5.95644
2877,2857,10.312358
2902,2857,12.314923
2913,2857,13.223934
2863,2858,9.7405405
2883,2858,7.887763
2889,2859,8.870721
2901,2859,9.476202
2884,2860,11.78538
2871,2861,6.092527
2888,2861,14.898824
2916,2861,11.701721
2868,2862,5.440391
2891,2862,11.213092
2903,2862,11.271458
2924,2862,11.371352
2883,2863,5.0556793
2893,2863,11.428806
2890,2864,14.862784
2898,2864,10.549712
2906,2864,8.447024
2869,2865,7.3466425
2894,2865,13.468787
2912,2865,9.284732
2869,2866,10.08811
2894,2866,9.140357
2923,2866,13.282878
2877,2867,7.5801306
2887,2867,5.5087156
2913,2867,14.904934
2914,2867,11.1589
2915,2867,9.105888
2891,2868,7.1299906
2903,2868,13.945858
2924,2868,11.798
2894,2869,7.4925895
2912,2869,9.821909
2877,2870,13.40809
2899,2870,11.387572
2902,2870,7.4513564
2913,2870,12.247315
2916,2871,9.042775
2885,2872,8.63053
2909,2872,13.40226
2908,2874,8.648449
2900,2875,11.509368
2904,2875,8.268473
2881,2876,9.814631
2896,2876,5.9681263
2887,2877,5.6826787
2902,2877,14.888874
2913,2877,8.596108
2914,2877,7.207345
2915,2877,9.458684
2879,2878,12.938642
2905,2878,9.291096
2911,2878,7.2831817
2920,2878,11.175192
2890,2879,3.6055512
2906,2879,14.038565
2911,2879,13.26126
2920,2879,8.337962
2921,2879,5.663928
2882,2881,9.432883
2896,2881,8.857663
2893,2883,13.063214
2895,2884,7.5885644
2909,2885,6.227199
2893,2886,11.367868
2913,2887,10.118073
2914,2887,5.770472
2915,2887,4.359052
2901,2889,9.706988
2907,2889,11.559148
2906,2890,10.623438
2920,2890,9.373096
2921,2890,2.9820426
2900,2891,13.945144
2903,2891,13.980831
2924,2891,9.50174
2910,2892,7.3687463
2912,2894,9.726723
2923,2894,13.762537
2917,2895,13.362941
2910,2897,9.887728
2919,2897,4.6267195
2906,2898,10.802223
2922,2898,6.911529
2902,2899,9.227181
2923,2899,9.728935
2904,2900,11.7341585
2918,2901,7.4812202
2913,2902,9.037366
2914,2902,14.092284
2924,2903,5.3137193
2911,2905,6.8991466
2920,2905,13.76659
2921,2906,10.695279
2919,2910,14.199447
2920,2911,6.885736
2921,2911,14.772868
2914,2913,5.086371
2915,2913,10.46724
2915,2914,5.3850393
2921,2920,8.087259
