Object,Neighbor,Distance
1,7,14.994476
1,23,13.7186365
1,42,8.809443
1,62,9.744785
2,27,10.678805
2,57,7.809657
3,16,7.0598884
3,41,9.502377
3,56,10.74392
3,64,8.926701
3,82,14.722256
4,35,8.494936
4,61,9.347128
5,28,14.082999
5,29,7.3357406
5,36,4.851396
5,45,11.455128
5,79,11.833769
6,19,8.935974
6,20,12.74792
6,47,6.71886
6,60,10.309265
7,62,14.034045
8,24,12.7278595
8,32,10.843495
8,43,5.7453294
8,76,10.489447
9,37,8.363885
9,50,6.5869613
9,77,12.423615
10,25,11.654425
10,58,6.734769
11,36,13.332543
11,45,7.346535
11,53,7.765105
11,83,13.836311
12,13,13.595088
12,39,7.58315
12,59,7.770714
12,81,11.570574
13,39,8.546171
14,15,8.114868
14,22,13.1074095
14,40,7.4108224
14,54,9.670976
15,19,7.8266125
15,40,14.883377
15,54,5.531368
15,71,11.826602
16,35,13.023001
16,56,6.1999927
16,64,11.373958
16,75,12.98372
17,66,9.205349
18,70,10.724062
19,47,8.217134
19,54,9.660815
19,71,9.906611
19,93,14.20997
20,60,8.207617
20,87,11.68494
21,26,9.089377
21,72,14.100892
22,30,9.235962
22,40,7.1948915
23,31,9.0233755
23,42,6.5646696
23,69,14.704204
24,43,9.951784
24,48,14.8008585
24,63,9.992139
24,94,14.264362
25,27,13.682284
25,51,8.134983
25,58,12.310964
25,84,11.112405
26,67,9.510193
27,51,8.27742
27,57,14.449392
27,85,11.620671
28,29,6.7897453
28,52,6.991961
28,65,12.530984
28,88,12.719412
28,91,12.514891
29,36,10.375876
29,52,13.780409
29,79,12.189752
29,88,11.802075
30,86,11.033893
31,32,11.170292
31,69,8.206064
32,43,13.483768
32,69,11.02427
32,76,11.051357
32,90,12.263887
33,44,7.71625
33,52,9.197388
33,65,8.526392
33,78,11.4800825
34,59,12.543055
34,80,11.265179
34,89,11.880564
35,56,11.916982
35,61,13.933866
35,75,10.357925
36,45,7.177576
36,79,8.71912
36,83,12.365253
36,88,14.638951
37,49,9.623645
37,50,6.8898616
37,77,11.762633
37,110,14.83135
38,44,10.049793
38,68,9.870083
38,74,9.728108
39,59,10.743581
39,81,8.283189
40,54,14.219575
41,55,7.1245294
41,64,9.447717
41,82,9.158749
42,62,10.916555
43,76,7.325095
43,90,14.436611
43,105,13.50087
44,65,13.369241
44,74,10.841716
44,78,10.581995
45,53,11.068904
45,79,12.009277
45,83,8.437869
46,57,11.39222
47,54,14.545087
47,60,9.492888
47,71,9.283958
47,93,9.572636
47,97,11.390338
47,118,14.783557
48,49,10.614763
48,63,6.497271
48,73,5.7016582
48,94,11.665771
49,73,9.714768
50,77,6.149464
50,110,12.544531
51,84,7.7920513
51,85,11.627672
52,65,6.253451
52,78,14.508824
52,91,13.256425
53,72,9.044046
53,83,12.433909
53,122,14.951206
54,71,7.9374
54,93,13.904974
54,96,10.85725
54,104,13.5851555
55,82,11.381785
55,107,13.977303
56,64,9.469942
56,75,7.397492
56,98,11.497166
57,85,12.48215
58,95,10.636544
58,101,11.78524
59,80,11.062213
59,81,7.9481916
59,92,8.667123
59,112,13.854848
60,87,9.394711
60,97,9.864778
60,100,10.626645
61,99,10.963486
61,123,14.250961
63,73,10.00761
63,94,6.9563255
64,75,14.93102
64,82,7.5650687
64,98,9.344602
64,114,13.559812
65,78,8.469758
65,91,12.967841
67,89,11.364169
67,109,9.788239
68,74,11.161539
68,106,9.457349
68,120,13.3078165
69,90,12.327606
69,119,10.309217
71,93,6.010468
71,96,7.9861116
71,97,14.221915
71,118,12.104156
72,111,11.647724
72,117,9.135287
72,122,14.107866
73,94,11.972483
74,78,11.345651
74,120,10.345995
74,127,12.293298
75,98,11.621337
75,99,14.042471
75,134,14.004286
76,90,7.132054
76,105,7.6915236
77,110,8.179783
78,127,10.27471
79,83,10.452908
79,88,7.7751865
79,121,13.557394
80,89,8.259101
80,92,7.7730274
80,112,14.134101
80,132,13.617038
80,133,14.143956
81,92,8.155341
81,112,8.633294
81,113,10.236963
82,98,11.715334
82,107,8.908726
82,114,8.040895
83,121,7.84713
83,122,9.624753
84,85,13.939823
84,101,9.174263
84,115,8.494824
84,128,11.913777
84,141,14.344022
85,128,11.990058
86,103,11.951604
86,129,12.363977
87,97,12.310983
87,100,5.7266593
87,125,7.716738
88,91,7.541947
88,130,14.988695
89,109,11.098431
89,132,12.066156
90,105,7.209555
90,119,13.003663
91,130,8.610119
92,112,6.86585
92,113,14.438675
92,133,10.193388
93,96,9.563055
93,97,8.875144
93,118,6.3638906
94,136,13.818725
95,101,10.389147
95,137,11.275318
95,140,14.947347
96,104,8.303918
96,118,12.348212
97,100,8.18801
97,118,7.8184333
97,125,14.396965
97,144,13.023141
97,154,14.204142
98,114,11.43648
99,123,9.025985
99,134,14.260594
100,118,14.901725
100,125,6.4679246
100,144,10.119637
101,115,6.0516253
101,137,10.265507
101,141,13.895317
101,158,14.674982
102,113,14.571102
102,149,12.090725
102,157,14.921918
103,104,13.678056
103,153,14.284956
105,152,12.41125
106,120,10.730045
106,135,7.641341
106,159,12.756821
107,114,6.732498
108,119,14.974035
108,160,13.352503
109,131,6.4880967
109,132,13.1405525
111,117,8.333215
111,142,12.07756
111,143,9.16613
112,113,8.783925
112,133,7.423257
112,151,12.4372635
113,133,14.972241
113,149,13.8089075
113,151,9.966718
114,164,14.284789
115,128,10.296062
115,137,11.090266
115,141,7.9950767
115,158,10.523739
117,122,11.9918995
117,142,6.1150208
117,143,12.998237
118,144,14.735714
118,154,10.216127
119,150,8.69263
119,156,12.781618
120,127,11.666729
120,135,8.869906
120,161,11.090964
121,122,6.544359
122,142,12.618183
123,139,13.661634
123,163,12.945528
124,147,7.7854156
124,169,14.415377
125,144,9.781258
127,175,14.9068775
128,141,7.01094
128,158,13.871134
128,167,13.740428
129,145,11.698309
129,153,11.785413
129,183,14.256895
131,132,14.213236
131,143,11.567187
131,165,9.30655
131,168,13.7885275
132,133,14.176667
132,171,11.790965
132,179,12.566024
133,151,13.584762
133,171,12.293391
133,176,11.776354
135,159,6.8085814
135,161,9.835866
135,178,14.959971
136,146,9.733951
136,186,12.814515
137,141,14.422189
137,158,10.17456
137,182,12.782718
137,192,14.738757
138,145,13.83501
138,157,10.073206
138,189,13.365136
138,191,11.854424
139,155,9.12594
139,163,8.812573
140,148,12.307161
140,187,11.765241
141,158,6.8677835
141,167,13.797857
141,182,13.77996
141,185,12.625394
142,143,12.112484
143,165,14.538572
143,168,7.7095323
143,196,14.17363
144,154,9.755594
144,180,13.686
144,181,11.509817
145,189,13.020368
145,190,13.873107
146,201,14.919906
147,169,9.905867
147,174,12.450645
148,166,11.112573
148,187,11.312586
149,151,11.043258
149,157,11.601885
149,188,12.832587
150,156,9.972293
150,160,14.482393
150,177,11.346752
151,176,12.896218
151,188,9.584665
152,156,9.936136
152,170,7.9703474
152,195,13.272335
153,183,12.586997
153,210,14.731073
154,180,7.5562634
155,163,14.522862
155,172,7.487936
155,207,14.771014
156,205,12.667543
157,191,11.009473
157,221,13.672642
158,182,7.296626
158,185,13.152279
159,161,11.251414
159,178,8.176618
159,193,14.558676
160,174,8.830589
160,177,7.6326995
160,194,7.4057035
160,212,11.907014
161,193,7.808605
162,164,12.969294
162,184,5.7553635
162,197,10.972373
163,173,11.41346
163,204,10.1855
163,207,14.4336
164,184,10.731134
164,197,9.582317
164,200,9.754557
165,168,11.155675
165,179,9.998227
165,196,13.728604
165,213,11.428103
166,226,12.126449
167,185,6.9669533
167,202,12.386558
167,224,14.9778805
168,196,6.621445
169,174,9.455541
170,195,5.945317
170,198,11.080973
171,176,10.141852
171,179,10.258581
171,220,11.1592865
172,207,13.473206
172,208,10.331008
173,204,12.470557
173,215,12.912099
173,223,9.988571
174,177,14.06905
174,194,7.302545
174,212,12.674445
175,218,12.424441
175,219,9.091727
176,188,13.394795
176,206,8.1879
176,238,14.181728
177,194,8.0458975
177,212,8.266273
178,227,12.074519
179,213,10.828957
179,220,10.769134
180,181,14.171515
180,214,9.674198
181,214,11.376862
181,222,8.30689
182,185,14.22766
182,192,11.3783045
182,224,14.536284
182,247,14.845297
183,190,7.261986
183,210,9.78451
183,240,14.104765
184,197,5.347876
184,200,14.05646
184,231,12.819438
185,224,8.930593
185,243,14.738617
186,198,11.146399
187,216,9.52636
188,206,10.65038
188,230,11.474683
189,190,8.682809
189,191,14.004719
189,225,11.550434
190,240,12.005791
191,221,10.716436
191,225,8.923945
193,218,10.226961
193,228,9.424216
193,255,14.461942
194,212,5.6648917
195,198,6.9531446
196,213,13.794433
196,229,11.766397
196,245,10.98902
197,200,9.17872
197,231,9.090085
199,209,8.162869
199,236,8.479136
199,239,11.963084
199,251,12.938413
199,256,11.52147
200,231,12.60119
201,226,14.604644
201,237,12.301212
201,254,10.636527
202,227,11.467681
203,217,9.022197
203,235,13.292453
204,207,9.411481
204,223,11.343244
204,232,7.051103
204,262,14.270119
204,263,13.428278
206,230,14.889029
206,238,9.2283535
206,260,12.375789
207,232,13.485368
207,234,7.525456
207,263,13.435639
208,211,8.491512
208,234,13.575059
208,268,13.679118
209,236,12.806143
209,239,7.0649667
209,252,10.243047
209,256,10.783861
210,235,10.53833
210,240,13.430603
210,271,13.34235
211,242,13.051066
211,268,12.398767
213,220,14.517539
213,248,8.060768
213,249,10.624386
214,222,8.907358
214,250,10.900703
214,257,9.4536
214,275,14.653335
215,223,9.224217
215,241,13.993602
215,261,10.524245
216,265,13.785973
216,276,13.131191
216,288,14.86114
217,246,12.7318
218,219,9.534717
218,228,14.891653
218,255,9.181377
219,259,13.2242
220,238,12.285156
220,249,10.356357
220,267,11.753836
221,230,11.505422
221,266,14.899051
222,250,7.1097183
222,275,13.523487
223,232,8.354246
223,261,10.72727
223,262,9.949956
223,280,13.432496
224,243,9.485651
224,247,14.205318
225,253,13.474311
225,264,9.942209
225,272,12.201333
226,237,7.519566
226,287,14.336166
227,270,12.716886
228,255,12.605212
228,274,12.375522
229,245,9.47135
229,252,14.157523
230,260,9.496512
230,266,7.32946
230,277,12.593968
230,300,13.973207
231,241,12.666095
231,286,12.192815
232,262,7.2428484
232,263,9.175043
232,280,13.392546
232,304,14.291279
233,236,10.944153
233,244,7.564482
233,251,7.514525
233,259,14.116429
233,298,14.848516
233,308,14.60191
234,263,12.194057
234,273,10.185201
234,281,9.64271
235,271,9.834065
236,239,11.44381
236,251,4.9637594
236,256,6.944162
236,290,10.169873
237,254,10.059773
237,287,12.371465
238,260,12.941691
238,267,11.392119
238,291,11.289751
239,252,5.3960013
239,256,5.838059
239,290,14.765343
239,299,11.004146
240,253,9.059842
240,278,9.3074255
241,286,10.521346
241,292,10.723799
242,268,14.861136
242,283,9.165659
242,297,14.504063
243,270,14.661675
243,289,9.821131
243,305,14.8390875
244,251,14.112073
244,259,6.5587907
244,298,10.173762
244,308,13.44671
245,248,11.7634325
246,257,10.042077
246,279,7.230344
246,301,13.289037
246,302,11.166964
247,269,8.574622
247,294,11.417636
247,314,12.142362
248,249,10.347957
248,284,7.6485047
248,320,14.455768
249,267,10.194927
249,284,11.7022705
249,311,12.533089
250,257,12.0780735
250,275,6.5054092
251,256,10.179621
251,290,8.343334
251,308,14.294453
252,256,10.457301
252,299,9.575663
253,272,7.908497
253,278,12.831489
253,312,11.062666
253,316,11.893032
254,258,10.444464
255,274,8.360191
255,315,12.121396
256,290,9.224004
256,299,11.200329
257,275,10.916546
257,279,13.705754
257,302,11.110692
258,317,11.267562
259,298,9.335103
259,307,11.336447
260,266,10.037841
260,291,11.477514
260,300,12.824056
260,309,10.329499
261,262,9.951287
261,280,7.0346384
261,292,13.407496
261,313,10.588353
262,263,10.177233
262,280,6.259933
262,304,9.268676
263,281,8.269342
263,304,9.542244
263,310,9.6318445
263,330,13.950631
264,272,10.159421
264,277,13.396263
264,285,8.066865
264,321,13.224941
265,269,10.82054
265,276,6.8918724
265,288,13.313615
265,294,12.648895
265,303,8.215792
265,328,12.853685
266,277,6.103221
266,285,13.195712
266,300,6.833509
266,309,11.356895
266,336,14.424793
267,291,13.460918
267,311,9.603974
267,323,11.339757
268,273,11.646726
268,283,11.213844
268,296,7.5331564
268,306,12.607885
268,318,10.38773
268,332,14.244804
269,294,4.8166223
269,303,11.474158
269,314,9.949215
269,333,13.44276
270,305,9.5714035
270,338,13.877359
271,278,10.975296
271,324,10.724165
272,312,7.9638343
272,316,12.671447
272,321,8.699951
272,340,14.211682
273,281,9.225712
273,296,8.7612295
273,306,6.9993143
273,327,12.70757
273,332,14.182733
273,334,11.411274
274,315,10.970042
275,331,13.0856285
275,339,11.959276
276,288,6.447902
276,303,9.41259
276,328,11.166735
277,285,7.24385
277,300,6.467881
277,309,13.747845
277,336,12.701128
278,316,10.393658
278,324,14.533879
278,350,14.507094
279,301,6.767636
279,302,7.4128137
279,337,11.172036
280,304,9.78098
280,313,9.161202
280,330,14.56336
280,345,13.350755
281,304,14.092349
281,306,12.632357
281,310,7.278861
281,327,9.582751
281,334,13.531572
282,317,12.307471
282,325,8.4325485
283,296,14.990637
283,297,13.175972
283,318,8.508329
283,349,12.17179
284,311,13.714009
284,320,7.0969176
284,329,14.959558
284,351,14.580107
285,300,12.508628
285,321,13.6811695
286,292,10.04704
287,288,10.798342
287,347,11.392455
288,303,14.377964
288,328,13.810566
288,347,13.869345
289,305,11.214284
289,326,11.525224
289,353,14.855281
290,299,13.706494
290,308,13.189113
291,309,11.947646
291,323,10.377479
291,344,11.116362
292,313,9.838692
292,363,13.939212
293,341,14.004825
293,365,14.833724
294,303,9.793779
294,314,6.429405
294,328,14.08265
294,333,8.876436
295,301,12.259881
295,348,11.724254
295,355,13.37288
296,306,5.7174683
296,318,9.075157
296,332,7.3594656
296,334,10.464128
297,346,12.988654
297,349,14.20984
298,307,9.027697
298,308,6.8565536
298,322,14.113718
298,368,14.484751
300,309,7.5093174
300,336,7.5978794
300,358,14.082024
301,302,12.112604
301,337,8.788471
301,355,12.599837
302,331,9.40809
302,337,10.526861
302,367,14.563239
303,328,5.477868
303,333,9.280687
303,356,10.678627
304,310,9.169498
304,330,6.102689
304,352,11.814575
305,338,11.365202
305,353,10.644774
306,318,13.92189
306,327,10.1304
306,332,7.6307707
306,334,5.4102693
306,360,11.485544
307,319,10.100456
307,322,5.125559
307,342,11.367831
307,368,14.709282
308,354,10.873474
308,368,13.611966
309,336,8.871272
309,344,10.583161
309,358,11.370874
310,327,7.175859
310,330,8.375339
310,334,13.794009
310,352,9.86427
311,320,14.755872
311,323,10.558127
311,343,7.2921467
311,351,12.417261
312,316,6.116405
312,321,7.074886
312,340,6.396018
312,350,11.928696
313,345,7.927192
313,363,14.872977
314,326,9.924525
314,333,9.936447
314,369,14.321501
314,374,14.808827
315,319,7.912541
315,322,13.553926
315,342,11.2268915
316,321,13.025703
316,340,7.069131
316,350,7.774901
317,325,14.047747
317,335,14.596022
317,361,11.900883
318,332,9.446149
318,349,10.576127
318,364,10.898984
318,371,12.862438
319,322,5.7264767
319,342,6.361812
320,329,10.857736
320,343,14.733993
320,351,9.345171
320,378,14.077899
321,340,9.784001
322,342,6.414265
323,343,11.976527
323,344,13.101099
323,357,7.909602
324,348,9.337701
324,375,10.372346
324,376,13.694373
325,341,9.861907
325,366,9.490409
326,374,12.010783
326,386,14.6481285
327,330,13.420829
327,332,14.99466
327,334,6.863018
327,352,11.454612
327,360,9.729615
327,382,12.582104
328,333,9.66141
328,356,6.834715
328,390,14.692196
329,381,13.642636
330,345,14.54233
330,352,5.8477783
330,377,12.277545
331,337,14.89766
331,339,10.860507
331,359,8.547382
331,367,9.289501
332,334,8.142494
332,360,10.306652
332,364,12.490165
332,371,8.441858
333,356,7.483766
333,369,8.208895
333,374,14.964952
334,360,6.360709
334,371,14.327618
334,382,13.180922
335,361,12.045423
336,344,14.358008
336,358,7.269426
337,355,11.075438
337,367,12.666863
337,370,7.500091
338,353,14.211385
338,362,7.2966557
338,380,10.363332
339,359,8.236686
339,395,12.771208
340,350,7.4873514
341,365,10.242978
341,366,13.581013
341,379,9.010874
342,387,9.592928
343,351,7.856707
343,357,12.653828
343,378,12.66732
343,388,10.352091
343,389,12.098754
344,357,11.90907
344,358,10.159089
344,399,13.770244
344,408,14.626809
345,363,14.206675
345,377,9.756583
346,372,11.385058
346,373,8.282705
347,383,9.113095
348,355,13.309512
348,375,11.644206
348,376,7.049733
348,406,14.428417
349,364,7.786978
349,371,14.678059
349,372,12.262746
349,385,10.119164
350,384,10.04853
351,378,6.7055893
351,381,14.499597
351,388,9.420109
352,377,11.747211
352,382,12.649894
353,380,12.859256
353,391,9.361955
353,397,11.028049
353,410,14.885174
354,368,9.339404
354,393,14.358285
354,394,7.7894526
354,402,13.435829
354,411,12.871272
355,370,13.27284
355,376,14.090851
355,400,10.680993
355,404,13.845776
356,369,9.368231
356,390,9.269727
357,389,8.6793165
357,399,10.734756
358,408,11.005186
358,412,12.29823
359,367,8.801906
359,395,8.64812
359,414,12.679591
360,371,12.307563
360,382,7.8795056
360,422,14.812735
361,366,13.096523
361,398,11.032506
362,380,8.425877
362,419,13.567679
363,405,10.879911
364,371,7.267249
364,385,8.838155
364,409,10.334381
365,379,10.717391
366,379,12.464252
366,398,9.844917
366,423,14.913083
367,370,8.2938795
367,395,14.830158
367,407,10.239702
367,414,10.722662
368,393,7.2811937
368,394,12.120639
368,411,13.009418
369,374,9.383658
369,390,12.854911
369,415,14.948862
370,404,9.366502
370,407,8.948576
371,385,14.669763
371,409,11.95557
372,373,13.882772
372,385,10.529336
372,413,11.067011
372,420,10.5502
373,403,8.240683
373,413,11.164665
373,433,14.92628
374,386,7.628143
374,415,9.662858
374,424,12.90167
375,376,9.497671
375,384,12.433909
375,406,9.660607
376,400,10.873263
376,406,7.713506
377,432,13.4612465
378,381,10.660785
378,388,6.976129
378,427,10.890555
379,423,9.854078
380,391,13.150952
380,397,6.808494
380,419,8.0543375
381,443,13.770452
382,422,8.241257
383,417,9.7536745
383,418,13.56481
385,409,7.82336
385,420,9.818575
385,453,14.79235
386,391,14.169119
386,410,8.735665
386,415,7.8698435
386,424,6.8297963
386,442,12.094098
387,392,13.907058
387,425,10.00278
387,439,13.876541
388,389,9.677064
388,421,8.789101
388,427,8.027491
389,399,11.6052065
389,421,7.6291084
389,427,13.712582
389,435,9.82233
390,418,14.321051
390,429,7.62576
391,397,6.922706
391,410,7.5138283
391,424,14.303033
391,426,6.757038
391,457,14.415417
392,439,10.854177
393,394,12.89402
393,411,10.142352
393,425,12.322345
393,440,10.459003
394,402,7.0881677
394,411,6.154902
395,414,11.20807
395,446,11.810664
396,403,9.179929
396,433,12.00137
396,454,14.365337
397,410,14.031557
397,419,8.725713
397,426,9.363938
398,423,13.947228
398,434,10.126458
398,451,14.315679
399,408,10.413583
399,435,11.686415
399,448,10.129723
400,404,11.576426
400,406,12.982425
400,436,11.010804
401,428,14.119916
402,411,9.900148
402,438,9.440343
402,464,13.4630785
403,413,13.449271
403,433,7.7612934
404,407,7.9004087
405,428,11.574749
406,436,10.7867155
406,471,14.363931
407,414,8.577923
408,412,8.963207
408,441,8.800079
409,420,13.623644
409,453,14.16811
409,466,13.210079
410,415,12.673689
410,424,6.829119
410,426,7.8382487
410,442,10.733614
410,457,12.468838
411,440,11.9342375
411,463,13.889727
412,416,11.249491
412,441,9.361204
412,444,9.433838
412,467,12.5479765
413,420,9.504439
413,433,14.535615
414,446,12.479663
414,450,9.990951
415,424,6.1835804
415,442,7.885296
415,470,12.786465
416,431,12.559975
416,444,8.559752
417,437,13.728777
417,455,9.2886095
418,429,14.594378
418,456,9.279152
419,426,14.487579
419,430,12.511305
419,473,12.260359
420,453,8.06306
421,427,7.4825587
421,435,6.9188156
421,445,13.960719
421,448,14.135549
421,460,9.941844
422,432,13.928125
422,468,10.771635
423,447,11.577478
423,451,9.231658
424,426,13.623009
424,442,5.463372
424,470,14.931814
425,439,13.130008
425,440,10.527188
425,472,10.951864
426,457,7.740453
427,435,13.732697
427,443,14.747581
427,445,7.4715347
427,460,8.754597
427,483,13.871139
429,469,9.628537
430,458,10.25768
430,477,11.321557
431,452,11.964143
431,489,14.169059
433,454,9.244037
433,475,10.688072
433,480,14.690292
434,437,11.281442
434,476,14.49351
434,481,11.885612
435,448,7.232371
435,460,11.7726555
435,465,13.386701
435,478,12.336737
436,471,10.429258
437,455,13.239098
437,476,9.903016
437,481,14.363597
437,492,14.038515
438,464,7.2982836
439,458,14.542024
439,472,10.590338
439,482,9.987594
439,497,14.649632
440,463,6.001207
440,488,13.168141
440,495,14.466218
441,444,12.024686
441,465,12.353185
441,467,8.397508
442,457,14.037197
442,470,10.360546
442,487,10.582253
443,445,9.3724985
443,512,14.388724
444,467,7.663453
445,460,8.541765
445,483,10.464796
446,450,8.456952
446,474,7.186096
446,498,12.306372
447,449,11.800905
447,496,12.385697
447,501,12.2025175
448,465,6.6369343
448,478,11.756602
449,454,10.123386
449,491,9.518559
449,496,11.59812
450,474,12.350381
450,494,9.079057
450,498,13.145228
451,484,8.859134
452,462,11.789604
453,506,12.245267
454,475,10.851386
454,491,9.995133
454,513,14.777065
455,476,14.652168
455,492,9.24729
455,502,10.701652
456,499,9.767868
456,500,10.019703
456,514,14.056651
457,503,10.002002
458,477,10.30433
458,482,14.247565
458,485,7.4066205
459,493,10.526171
459,508,12.547153
460,478,12.016186
460,483,5.8654466
460,521,13.75576
461,479,9.63015
462,516,12.542878
463,488,11.083282
463,495,8.582275
464,495,14.58009
464,504,8.652381
464,519,14.573853
465,478,11.653569
466,486,10.561363
466,510,11.457775
467,509,8.742289
468,486,12.15541
468,490,12.237269
468,523,14.335316
469,470,14.039087
469,507,11.791214
469,536,14.37867
470,487,9.668227
470,507,10.141532
471,505,9.909663
472,482,9.75879
472,488,9.276361
472,497,6.8535714
472,525,12.488231
473,477,11.223112
474,498,6.8425884
475,480,6.1536827
475,513,6.954505
475,517,14.67236
475,545,13.48007
476,481,8.024522
476,492,8.648097
476,511,11.99577
476,518,11.063958
477,485,12.411424
477,537,14.79878
478,483,11.686051
478,521,14.823505
479,528,11.627175
479,549,13.771346
480,506,13.2483835
480,513,8.444704
480,517,9.411288
480,545,13.763367
480,561,14.927919
481,484,11.593797
481,511,5.8931484
481,529,12.494523
482,485,10.2900915
482,497,7.9564204
482,515,7.9554505
482,525,13.978322
482,532,10.757229
483,520,13.407631
483,521,7.9017987
484,511,10.546269
484,527,10.259022
484,529,9.728757
485,515,8.515749
485,537,10.67993
486,523,8.714055
486,535,10.312999
487,503,11.551312
487,507,14.870301
487,531,9.389993
487,552,13.007168
488,495,14.986933
488,497,9.573447
488,525,9.3420725
488,543,11.175045
489,533,12.387495
490,522,14.208954
491,496,8.509681
491,546,11.979903
491,554,12.556248
492,502,9.118418
492,518,7.141693
492,550,12.538223
493,519,8.814647
493,540,10.498362
493,568,14.831307
494,498,11.804232
494,544,9.06807
494,556,14.989168
495,504,11.597049
495,543,13.662092
496,501,8.53627
496,546,10.825156
497,515,11.824335
497,525,6.7272196
497,532,8.379561
497,570,14.815346
498,544,12.499177
498,548,9.449344
498,556,10.75932
499,500,4.296007
499,502,14.94817
499,514,5.55292
499,530,11.958048
499,541,8.418511
499,551,10.237372
499,567,13.922017
500,502,10.652167
500,514,9.476428
500,541,8.396577
500,551,12.29255
500,567,12.508952
501,527,13.052223
501,555,9.820024
502,518,11.622815
502,550,9.482129
502,567,14.951904
503,531,9.878261
503,542,14.194002
503,587,14.933332
504,519,10.484791
504,553,9.520233
504,583,14.551938
505,516,9.869225
505,547,11.0019655
505,559,10.429174
506,510,13.246625
506,517,8.145445
506,524,6.755028
506,561,12.898896
507,536,10.973199
507,539,7.2572737
507,552,11.4484415
508,512,8.477404
508,540,12.982325
508,575,13.26529
509,533,13.768755
509,558,10.505045
509,562,13.925551
510,524,8.636855
510,535,13.127883
510,557,9.793822
511,529,7.09674
511,563,12.535918
512,520,10.241115
512,565,12.603497
512,580,13.578754
513,517,12.186575
513,545,6.525973
513,554,14.759846
513,561,14.324943
513,564,11.227498
513,578,12.090346
514,530,6.4177194
514,536,11.754409
514,541,8.642033
514,551,6.9361467
514,567,14.617421
515,525,14.789029
515,532,7.67848
515,537,11.09956
515,573,10.562987
516,526,8.942998
516,559,10.440608
516,571,14.300267
517,524,12.302776
517,545,13.091037
517,561,6.4871216
517,564,10.574085
518,550,8.613847
518,563,11.138089
518,586,11.2781515
518,598,12.4573145
519,540,12.764607
519,553,7.7678475
519,568,9.248379
520,521,9.700026
520,565,7.6243496
520,580,14.256078
521,565,14.185279
521,595,14.925883
522,577,9.337141
522,581,14.905219
523,535,8.117515
523,560,8.012362
523,590,10.829328
524,557,13.974334
524,561,14.1475315
525,532,7.895441
525,543,11.66049
525,570,8.188678
526,534,6.6650143
526,571,8.331792
526,585,12.482059
526,600,13.44129
527,529,9.338282
527,555,9.732469
527,572,9.715793
527,597,14.34632
527,611,14.827684
528,549,10.466779
528,607,13.42951
529,563,14.422737
529,572,8.677303
530,536,5.6534142
530,539,11.262233
530,541,12.093192
530,551,7.199629
531,552,9.712088
531,569,6.9175277
531,587,9.749332
532,570,12.068527
532,573,11.354466
532,615,14.784416
533,558,10.564207
533,566,12.269169
533,604,11.421636
534,566,10.504738
534,571,8.786483
534,585,8.25453
535,557,7.5068336
535,560,14.219434
535,590,9.424279
536,539,5.6123886
536,551,12.281508
537,573,10.227152
537,588,10.640868
537,589,8.456581
538,549,7.308751
538,602,11.569759
539,552,12.1715355
540,568,10.756477
540,575,12.317485
540,579,8.430491
540,596,11.118957
540,608,14.217949
541,551,5.6577826
541,567,6.0037255
541,591,13.969311
542,603,11.100675
543,570,10.257885
543,574,12.873271
543,619,13.611978
544,548,13.039975
544,556,8.013434
544,616,14.807752
545,554,12.245224
545,561,11.976639
545,564,6.398585
545,578,5.7027297
545,594,12.546088
546,554,7.9974494
546,582,7.5106354
546,594,11.953791
547,559,9.506575
547,593,8.133656
548,556,5.701764
548,616,11.935668
549,602,10.8505
549,607,13.284908
550,567,13.303247
550,586,6.150448
550,591,8.254544
550,598,11.398847
550,613,11.746096
551,567,10.078038
551,622,13.500132
552,569,9.009772
553,568,9.130848
553,583,8.368145
553,599,10.212786
554,578,10.970374
554,582,13.814868
554,594,6.2674294
555,572,14.690423
555,582,11.940928
555,597,8.960193
555,610,11.258359
555,625,14.902219
556,616,9.455721
557,590,12.852285
558,562,12.380495
558,592,7.7040815
558,604,13.397614
558,609,9.041708
559,593,7.1693177
559,606,8.931857
560,581,12.749622
560,590,10.545689
560,605,9.212169
561,564,6.625427
561,578,14.151366
562,584,10.77363
562,592,7.9933257
562,624,12.2283745
563,586,13.412373
563,598,8.8797245
563,612,7.765415
563,628,13.691989
564,578,7.526743
565,580,7.8788667
566,571,14.574587
566,585,7.9207463
566,604,12.650231
567,591,8.288462
567,622,14.48565
568,579,9.854688
568,583,14.481071
568,599,8.566773
568,608,7.7421274
569,587,6.109837
570,619,10.965747
570,620,9.924518
571,585,7.1656556
571,600,6.3756213
571,606,14.345337
571,626,13.38643
571,629,10.557941
572,597,12.711747
572,611,7.139358
572,617,8.816448
572,625,12.661855
573,589,8.662492
573,615,9.365475
573,623,10.535195
574,583,8.051425
574,619,14.9121685
574,641,11.946449
574,645,13.951864
575,579,11.535892
575,580,8.381943
575,596,6.781268
575,630,12.591497
575,637,12.698738
576,601,9.312989
577,581,14.082583
577,627,9.904833
577,653,13.874852
578,594,8.471539
578,636,12.023218
579,596,5.8703156
579,608,7.827274
579,630,9.441766
579,668,14.908553
580,596,14.175366
580,637,13.259474
581,605,12.19057
581,644,14.088048
581,654,14.943507
582,594,14.886647
582,597,13.772091
582,610,7.5379033
582,640,14.913436
583,599,9.345783
583,645,13.235227
584,595,12.542402
584,624,14.352853
584,642,12.240081
585,600,11.808921
585,629,11.886175
585,649,12.345276
586,591,7.974239
586,598,6.1946673
586,612,14.901391
586,613,5.985631
586,631,11.885222
586,647,14.50879
587,603,11.756873
588,589,7.047993
588,614,6.7506166
588,618,6.8845696
588,634,13.193976
588,651,13.665253
589,614,11.803802
589,615,14.92927
589,618,7.5999627
589,623,10.391826
589,651,13.067157
590,605,11.230595
590,658,13.513972
591,598,13.838181
591,613,9.164645
591,631,9.622085
591,650,13.555818
592,609,8.156677
592,624,7.896148
592,643,12.668628
593,606,9.436545
594,636,11.954657
595,632,10.79073
596,608,12.787182
596,630,6.911357
596,637,11.399369
596,668,13.572553
597,610,7.758802
597,611,9.078847
597,625,6.1904125
597,640,9.444087
597,670,12.955537
598,612,8.711341
598,613,7.356807
598,628,14.865795
598,631,14.439766
598,647,10.534712
599,608,8.373025
599,645,14.696831
600,606,9.288901
600,626,7.0209823
600,629,6.9423647
600,649,14.753982
601,635,11.06007
602,607,12.887075
602,646,9.775189
604,609,10.604085
604,643,14.108807
604,648,10.907368
604,657,10.630981
605,654,11.842526
605,658,13.47875
606,626,7.522719
606,629,14.337832
607,646,12.151143
607,664,11.747255
608,630,12.337564
608,668,14.540264
609,624,10.930438
609,643,6.8131175
609,657,12.13861
610,625,11.909759
610,640,7.700409
610,669,12.204792
610,690,14.963814
611,617,6.2494507
611,625,6.120657
611,628,14.750883
611,640,14.884687
611,670,12.8689995
612,613,14.651551
612,617,13.138538
612,628,6.629226
612,647,10.448405
612,665,12.695862
613,631,7.0945897
613,647,10.148971
613,672,11.466703
614,618,5.9245667
614,634,6.4435325
614,651,10.379615
614,679,12.597829
615,620,10.391245
615,623,8.017831
615,652,9.578174
615,661,13.029913
615,674,12.299784
615,683,12.805486
616,638,7.1689305
616,676,12.586826
617,625,11.325935
617,628,8.502278
617,665,10.893232
617,692,14.222172
618,623,11.545066
618,634,10.376309
618,651,6.813831
618,661,12.734299
618,679,14.638642
618,694,14.230616
619,620,10.372242
619,641,11.143956
619,656,8.61711
619,677,12.0938
620,652,7.2283134
620,677,12.808779
620,683,14.155178
620,703,14.277651
621,639,12.805216
621,659,14.041665
621,704,14.185662
622,650,13.090642
622,655,6.6027
622,673,14.860861
622,682,11.220954
623,651,11.017936
623,652,14.335463
623,661,6.5015054
623,674,9.341423
623,683,13.440885
623,691,11.674113
624,642,8.356606
624,643,10.634016
624,680,11.048398
625,640,8.810239
625,670,7.9305263
625,690,14.118174
626,629,8.081057
626,699,12.455811
627,644,8.176583
627,653,6.999747
627,696,11.843369
628,647,11.891887
628,665,6.5676055
628,697,14.174659
629,649,8.534459
629,699,12.382103
630,637,8.642849
630,668,6.688939
630,685,10.150624
631,647,13.6642
631,650,8.148384
631,672,10.592155
631,693,14.225834
633,653,9.215675
633,664,9.588328
633,681,8.606347
633,712,14.706391
634,651,10.771108
634,679,6.651974
634,694,11.69754
635,687,10.859053
636,659,13.665838
636,671,12.897295
636,702,11.361944
637,662,11.709263
637,668,11.267935
637,685,8.31008
637,701,10.210099
638,676,8.221817
638,689,8.027158
638,719,14.280819
640,669,9.339896
640,670,8.016699
640,690,7.7519345
641,645,7.615246
641,656,6.898856
641,675,6.537705
641,684,11.710657
641,698,11.188432
642,680,12.381585
642,686,14.213486
642,709,11.175813
643,657,9.458964
643,680,9.49511
643,700,9.3624
644,653,14.024789
644,654,9.430199
644,696,9.986059
645,656,13.679532
645,675,7.820204
645,684,6.6752534
645,698,14.194082
645,713,12.363907
646,664,14.506471
646,688,7.3311505
646,720,14.51836
647,665,13.303451
647,672,7.2756686
647,697,8.475193
648,649,8.603228
648,657,10.266981
649,699,14.884527
650,655,8.789474
650,693,7.8221083
651,661,8.440361
651,674,14.099866
651,679,11.564013
651,691,11.867366
651,694,8.19009
651,708,11.148271
652,674,11.090331
652,677,12.183402
652,683,6.9384165
652,703,9.418243
652,724,14.6846285
653,681,9.04473
653,696,12.510551
654,707,10.430339
655,682,8.353173
655,693,9.627996
655,711,10.609487
656,675,8.121578
656,677,8.391281
656,698,7.944557
656,717,13.580332
657,700,9.683375
657,714,11.185647
659,702,14.610472
659,710,10.902793
659,715,11.223747
660,666,10.900258
660,667,6.677013
660,678,13.655136
660,706,13.474851
660,722,13.063729
661,674,5.751373
661,683,11.573603
661,691,5.5446324
661,694,13.137562
661,708,9.716971
661,723,13.009788
662,695,6.0993786
662,701,8.313812
662,728,13.384632
663,676,12.11006
663,718,12.285226
664,681,12.736772
664,688,12.127799
664,712,10.22658
665,692,9.99281
665,697,11.21744
665,742,14.828271
666,673,12.226984
666,706,7.759511
667,678,7.0773273
667,722,12.618179
668,685,6.845935
668,727,14.224299
668,732,12.98291
669,671,10.233002
669,690,8.673777
669,736,14.61112
670,690,7.984266
670,692,12.177371
670,716,10.618882
671,702,13.750758
671,735,13.479631
671,736,14.316532
672,697,8.933224
672,721,9.735374
673,682,8.779406
673,706,14.451247
673,711,14.901505
674,683,5.918632
674,691,4.9719048
674,708,11.405186
674,723,10.1370735
674,724,12.02356
675,677,14.806219
675,684,7.2929497
675,698,6.3798676
675,713,9.712246
675,731,12.285015
676,689,8.436422
676,718,10.463279
676,719,10.287881
677,698,10.577447
677,703,7.7518873
677,717,7.7754135
678,722,14.2028
679,694,7.516925
679,730,12.453403
679,737,12.413085
680,700,9.813385
680,709,11.761614
680,739,14.568391
681,696,14.750617
681,712,10.539247
681,741,12.937092
682,693,13.561863
682,711,6.9732347
683,691,9.993453
683,703,9.274673
683,723,11.566596
683,724,8.945207
684,698,12.100734
684,713,5.8293185
684,731,14.9522295
684,746,13.260094
685,701,8.42615
685,727,9.051959
685,732,11.863587
686,709,12.189737
686,725,10.79815
687,705,8.946545
687,729,13.909932
687,747,14.421331
688,720,7.277179
689,719,7.044641
689,749,14.539444
690,716,12.044209
690,740,11.163469
691,694,13.095391
691,708,6.448447
691,723,7.487483
691,724,12.798759
691,748,13.125992
692,716,10.24227
692,742,14.266839
693,711,9.638581
693,751,13.782098
694,708,8.153258
694,730,7.779461
694,737,13.245114
694,748,13.307453
695,701,9.99041
695,728,10.049199
695,733,10.161781
696,734,9.594205
696,738,14.930314
696,744,12.580704
697,721,9.84174
697,742,12.170061
698,713,11.39871
698,717,10.319713
698,731,7.3073587
699,726,10.465999
700,714,10.107618
700,739,9.380171
701,727,9.129579
701,728,9.000136
701,754,13.961646
702,715,9.015429
702,735,11.4157095
702,761,14.758428
703,717,8.578613
703,724,9.859256
703,762,14.854572
704,710,8.453672
705,726,11.009757
705,747,8.0954685
705,759,13.173955
706,722,13.966228
706,743,8.644576
707,738,9.374033
708,723,8.880754
708,730,9.173431
708,748,8.3131275
710,715,8.016014
710,756,11.856659
711,752,10.186212
712,720,12.999778
712,741,9.772491
712,767,13.597792
713,731,11.142077
713,746,7.8507104
714,739,11.694003
714,758,13.076638
715,756,12.169952
715,761,12.30103
716,740,11.570752
716,773,13.388381
716,779,13.837551
717,731,10.311939
717,753,8.570896
717,762,14.369162
717,764,14.306192
718,719,11.68726
718,749,12.730972
718,765,11.428784
719,749,7.5567336
719,777,14.60146
720,760,12.242972
720,769,12.498065
721,751,14.559589
721,755,11.140568
722,743,11.371875
722,763,12.578828
723,724,8.219805
723,748,9.783886
723,772,12.2194
723,785,14.478209
724,762,10.434566
724,772,11.227701
725,733,14.556031
725,787,14.245629
726,747,12.304963
726,759,8.76487
726,790,14.80338
727,728,10.05086
727,732,8.119339
727,750,7.2237935
727,754,7.986364
727,778,13.912273
728,733,10.933347
728,750,13.941307
728,754,8.313532
728,766,11.085664
728,775,10.584461
730,737,9.100824
730,748,8.092781
730,774,13.903004
730,782,13.263855
731,746,13.465411
731,753,10.59644
731,764,7.960537
732,750,7.17293
732,754,13.065005
732,778,12.369648
732,780,9.894268
733,766,9.323319
734,738,8.123745
734,744,9.088781
734,783,12.726088
735,736,9.831144
735,761,14.6482
736,740,11.09428
737,745,9.482802
737,782,13.715592
737,792,14.076968
738,783,11.6166115
739,776,9.836838
740,779,12.486833
741,744,11.48095
741,767,9.958859
742,755,13.665928
743,771,13.867043
743,784,9.405215
745,763,10.177008
745,792,12.677531
745,796,12.881753
746,757,14.511823
746,764,14.370462
746,789,11.402383
747,759,8.327586
747,781,8.989839
747,793,14.47513
748,774,9.357694
748,782,12.95925
748,785,11.586726
749,765,11.651527
749,777,7.04736
749,801,13.392032
750,754,6.827018
750,775,13.31844
750,778,6.784682
750,780,9.142811
750,786,10.077329
751,770,12.2031145
751,791,12.696536
752,770,8.178997
752,771,14.094558
752,788,9.727515
753,762,10.825917
753,764,8.734801
753,799,11.336971
754,766,12.867258
754,775,7.2988043
754,778,10.221781
754,786,8.002838
754,804,14.290273
755,791,10.770592
755,808,14.379803
755,816,12.96828
756,761,9.760945
756,802,13.66759
757,780,10.946658
757,800,10.124304
758,776,13.984015
758,797,8.558025
758,821,14.472932
759,781,9.146774
759,790,8.596644
759,812,13.1498165
760,769,10.290312
761,802,10.547817
762,772,8.555691
762,799,12.811762
762,814,12.47267
763,796,12.069553
763,803,13.368899
764,789,12.771809
764,799,13.443403
765,768,10.487946
765,777,10.396405
765,801,13.172459
765,815,12.7194
766,775,7.13421
766,786,14.229565
766,794,11.571488
766,804,11.772438
766,819,13.817587
767,769,9.619154
767,806,11.561335
768,805,9.538747
768,815,14.331256
770,788,11.96473
770,809,9.538146
771,784,12.219351
771,788,9.313176
771,811,13.009894
772,785,8.723255
772,814,9.38339
773,779,8.119027
773,795,8.1979265
774,782,6.95037
774,785,8.059886
775,778,13.540724
775,786,7.1899457
775,804,8.22061
777,801,6.347476
777,815,14.937955
777,837,14.755687
778,780,7.2071977
778,786,7.1375656
778,800,14.640391
778,826,12.197313
779,795,14.228292
780,786,14.326708
780,800,10.023764
781,790,12.468138
781,793,9.081984
781,812,10.422333
781,827,12.701925
782,785,14.979865
782,792,10.550894
783,807,11.054953
783,834,12.197387
784,803,13.380179
784,811,8.44354
785,814,12.075019
785,830,11.284565
786,804,8.543304
786,826,10.596142
787,794,12.622917
787,820,10.76007
787,840,14.9718895
788,809,13.906372
788,829,10.995634
789,825,14.791038
789,832,13.24027
790,810,11.539682
790,812,8.167142
790,836,12.284325
791,816,9.513357
791,835,11.639729
792,796,8.479008
793,818,12.487497
793,827,14.3953495
793,843,11.75423
794,819,10.725578
794,820,11.105986
795,808,10.708213
795,838,10.506414
797,821,8.040175
797,824,8.716894
798,813,10.505463
798,841,14.152169
798,842,9.238822
799,814,14.6768465
799,845,12.621224
800,825,11.391968
800,839,10.728626
801,815,11.274513
801,837,8.694131
802,822,11.748286
802,853,14.919405
803,850,11.774697
804,819,9.744391
804,826,11.283471
805,815,13.969608
805,818,9.860445
805,859,12.537113
806,831,7.30736
806,833,10.999499
807,834,14.799236
807,848,12.029845
807,849,11.146551
808,816,12.781392
808,838,10.294546
809,829,14.925475
809,835,10.998829
809,846,9.416137
810,824,11.067136
810,836,10.227766
810,852,11.101036
811,847,8.467969
812,827,7.077142
812,836,9.985413
812,843,14.471686
812,870,13.950873
813,822,11.354497
813,842,11.465316
813,857,11.490007
813,865,12.597138
814,830,9.386904
814,845,10.042405
814,851,12.090312
815,837,14.2062435
815,859,14.744149
815,863,10.766324
816,835,14.106248
817,823,11.8757925
817,840,11.259564
817,862,11.142742
818,843,13.074728
818,859,13.801458
819,858,13.958543
820,840,11.8964815
820,858,9.474087
820,868,11.360224
821,824,9.691857
821,844,10.388667
821,869,12.515044
822,853,7.397274
822,857,10.511528
823,844,11.132672
823,862,13.140054
823,878,12.814636
824,852,10.215149
824,873,11.592226
825,839,13.504604
825,866,13.975153
826,839,13.336608
826,854,9.380699
826,877,11.421335
827,836,13.307778
827,843,7.9623356
827,870,11.166638
827,874,14.58426
828,855,6.37168
828,856,12.555158
828,875,10.423875
829,846,11.396776
829,847,14.154278
829,880,11.717898
830,845,14.383956
830,851,7.741071
830,861,12.508486
830,882,12.937701
831,833,12.208713
831,856,14.496361
831,864,8.189563
831,881,13.143396
832,866,12.171636
833,834,13.098208
833,871,10.28786
833,881,12.066854
834,848,9.684604
834,860,9.43384
834,871,12.596809
835,846,13.965676
835,879,12.158704
836,852,11.1064205
836,870,10.486792
839,854,7.3846164
840,862,12.079623
840,868,10.958434
841,842,10.633223
841,849,13.131828
841,867,9.463047
841,872,9.094771
841,893,13.795479
842,857,14.847404
842,865,8.805809
842,867,8.314935
842,889,12.179937
843,874,8.68418
844,869,11.765202
845,851,10.488572
845,876,10.388896
846,879,13.591919
846,880,13.91451
846,885,9.147912
847,850,14.62213
847,892,12.831569
848,849,11.374038
848,860,7.042643
848,886,12.399725
848,903,13.557411
849,872,9.999616
849,886,8.803229
850,892,14.084117
851,861,14.72412
851,882,8.761635
852,873,8.174236
853,857,8.593364
853,887,7.7204256
853,912,14.910639
854,877,8.799755
855,856,13.459889
855,875,6.5042396
855,896,10.4857645
856,864,10.0897665
856,875,9.458409
856,901,11.735033
857,865,7.9099894
857,887,12.414109
857,894,10.197446
857,912,14.381206
858,868,8.3286915
858,890,9.944585
858,899,13.015455
859,863,9.624241
859,883,13.037883
859,884,8.058475
859,891,13.118065
860,871,9.09489
860,903,13.496132
860,916,13.476068
861,882,10.529069
861,904,12.098197
862,878,7.8961725
862,915,13.335632
863,884,9.928194
863,891,7.1915336
863,906,13.865744
864,881,10.533777
864,901,11.441416
864,902,10.233841
865,867,10.505907
865,889,8.179763
865,894,9.137804
865,900,14.1293745
866,897,9.267831
866,924,13.826566
867,872,11.52171
867,889,6.9668174
867,893,11.413949
867,900,7.8062143
868,899,8.209341
869,873,11.095661
869,909,10.043133
869,914,13.865591
870,898,9.135015
870,919,12.122541
871,881,11.724939
871,916,13.341177
872,886,10.284667
872,893,6.312824
872,900,13.036183
873,914,11.117193
873,929,14.952765
874,883,10.166696
875,896,7.934219
875,901,14.533354
875,926,12.969255
875,927,14.555725
876,888,8.622765
877,928,14.196051
878,905,8.555132
878,915,11.647551
878,931,13.891786
879,885,13.0762415
879,910,10.096442
879,911,9.454073
880,885,9.667931
881,902,9.43702
881,922,11.4999485
882,904,8.461505
883,884,13.060325
883,921,10.905285
884,891,8.010753
884,921,9.781744
884,933,11.991989
885,911,9.578211
885,941,13.83533
886,893,12.586838
886,903,7.6413875
886,944,14.9708185
887,894,14.389729
887,912,9.015453
887,917,8.669283
888,897,13.028462
888,935,11.952664
889,893,14.305764
889,894,9.982928
889,900,6.1602817
889,954,14.987323
890,899,14.410917
890,936,11.40307
891,906,8.995668
891,933,12.59453
892,939,13.860826
893,900,8.819631
893,955,14.789917
894,912,9.267221
894,938,10.16984
895,908,12.876608
895,920,9.101523
895,923,7.9596796
895,959,14.647024
896,926,8.590371
896,927,13.711237
896,930,8.9383745
896,957,14.042095
897,924,6.820691
897,935,10.721727
898,913,7.310732
898,919,9.928791
898,932,8.541551
899,918,12.336254
899,942,11.907579
900,954,13.135742
901,902,8.809215
901,922,14.828087
901,926,13.806988
901,927,8.055703
901,945,9.822409
901,949,12.91945
901,961,13.994623
902,922,7.1936917
902,945,14.067379
902,961,12.53363
903,916,13.341392
903,944,9.245849
903,955,14.904025
903,962,14.561684
904,934,7.827967
904,966,13.7880535
905,909,13.4176
905,915,12.705026
905,931,8.254246
906,907,8.846868
908,917,14.918168
908,923,11.20085
908,958,12.164388
908,959,14.548252
909,914,13.13611
909,937,14.259133
910,911,11.958857
910,940,12.2012415
910,946,10.3924465
910,965,11.396043
911,940,9.207248
911,941,9.582733
912,917,9.358759
912,938,7.9739566
912,950,14.25128
912,974,14.419269
913,914,14.860848
913,929,10.62038
913,932,8.089947
913,943,8.550736
914,929,6.7704806
914,937,5.185785
914,943,11.289301
915,918,7.0298448
915,931,9.521162
915,942,12.995768
915,971,13.069919
915,973,13.42905
916,944,14.883215
916,952,12.743066
916,953,7.5758934
916,962,11.897097
916,976,12.539769
917,950,7.927671
918,942,7.1114674
918,971,12.344774
919,932,10.903314
919,972,11.43838
920,923,9.734113
920,959,13.648775
920,963,9.473409
921,933,9.216475
922,952,10.866081
922,961,10.356147
922,970,8.857104
923,958,12.655776
923,959,6.7261033
923,963,13.309929
923,989,13.412804
924,925,11.45972
924,935,10.136524
924,948,13.955738
924,960,9.832869
925,948,5.7846494
925,960,7.9263344
925,985,14.204918
926,927,6.787659
926,930,5.277116
926,945,11.74086
926,949,7.071246
926,957,6.196677
926,969,9.899342
927,930,11.849187
927,945,5.905268
927,949,5.227194
927,957,9.2929325
927,961,13.9575615
927,969,14.275929
927,993,14.480323
929,937,6.3414903
929,943,4.588191
930,949,10.394878
930,957,6.366267
930,969,6.919873
931,971,14.201493
931,973,8.011599
932,943,11.110473
932,972,13.414683
932,998,13.949688
933,979,13.966018
933,982,10.5905
934,966,6.566819
935,964,10.488596
936,997,12.6168165
937,943,10.477098
938,954,13.426761
938,974,7.863729
938,978,12.086977
938,980,13.153616
939,951,13.350852
939,977,14.120726
939,991,13.267815
939,992,12.029818
940,941,8.9708395
940,946,14.715568
940,965,7.4267917
940,981,14.830526
940,996,10.43786
941,951,6.9632683
941,981,9.876417
941,996,13.602152
941,1009,14.800076
942,971,9.968692
942,1000,12.422336
944,955,9.3099
944,962,8.015496
944,976,14.916196
944,988,10.558495
945,949,5.9655085
945,957,11.303165
945,961,8.372746
945,993,11.230652
946,965,8.278448
946,967,12.577493
946,975,6.558718
946,1002,14.507248
946,1004,13.637426
947,977,11.247164
947,983,9.022615
948,960,5.659464
948,985,8.518039
948,1006,14.953533
949,957,5.35388
949,961,13.937736
949,969,10.249086
949,993,9.657704
950,958,11.741165
950,980,11.069058
950,994,9.336537
950,995,10.967943
951,981,7.628091
951,991,10.370019
951,1009,14.778457
952,953,7.499267
952,970,9.313228
952,976,12.457467
953,962,10.393181
953,976,6.725327
953,988,14.749182
954,974,14.545836
954,978,9.063204
956,963,14.155823
956,990,13.768926
957,969,5.0298514
957,993,10.644522
958,959,9.200261
958,989,12.709817
958,995,9.507742
958,1021,14.439712
959,963,12.156599
959,989,7.047269
960,985,9.254753
960,999,10.645806
961,970,8.347412
961,993,14.374626
961,1008,12.254738
962,976,6.9250374
962,988,5.848727
962,1017,12.308822
963,989,11.697667
963,1011,9.997434
965,975,12.565006
965,996,11.214165
965,1004,10.055575
967,975,7.958191
967,1002,10.257735
967,1028,14.686597
968,1007,14.44804
969,993,12.300577
970,1008,9.09059
971,973,9.084661
971,1000,11.867426
971,1001,7.654798
971,1038,14.585041
972,998,9.155596
972,1007,10.118928
972,1012,9.215586
973,1001,7.482062
973,1022,12.293194
974,978,7.9598894
974,980,8.104689
974,994,14.3458805
974,1003,9.418396
974,1010,7.8474226
974,1013,10.570987
975,1002,8.145749
975,1004,12.7328615
976,988,8.952476
976,1017,12.371089
976,1035,14.669581
977,983,9.411507
977,992,9.12793
977,1015,8.119582
977,1051,14.762584
978,1003,14.6411915
978,1010,9.046335
978,1013,6.489257
978,1055,13.875972
979,982,7.7516975
979,987,11.763947
979,1020,8.425103
979,1049,12.991742
980,994,6.241706
980,995,14.346759
980,1003,5.406377
980,1010,10.219962
980,1024,9.372102
980,1040,13.241339
980,1050,14.938655
981,991,9.417825
981,996,11.093749
981,1009,7.3219795
981,1029,11.042576
981,1046,13.886982
982,1020,8.108651
982,1034,11.588732
983,1005,10.203358
983,1015,12.09481
983,1041,10.649846
983,1051,14.010253
984,1016,5.63431
985,999,11.261817
985,1006,10.143453
985,1037,10.201649
986,1043,14.150739
988,1017,6.799994
988,1018,10.337347
989,1011,11.788625
989,1021,11.374107
989,1027,8.931726
989,1045,13.335484
990,1028,13.925085
990,1031,9.760405
990,1060,14.610224
991,992,8.351585
991,1009,14.764053
991,1029,14.236733
991,1036,11.109926
991,1046,12.541182
992,1015,9.373202
992,1036,10.798538
993,1023,10.96316
993,1044,12.9827795
994,995,8.222491
994,1003,8.474585
994,1024,8.164624
994,1040,14.601559
994,1050,11.375331
995,1021,10.470135
995,1024,13.805448
995,1050,13.081737
995,1059,12.804321
996,1004,10.829895
996,1009,6.893982
996,1029,13.137697
996,1062,12.737113
997,1000,14.960872
997,1019,9.400606
997,1026,10.301393
998,1007,12.704378
998,1012,7.3767824
998,1048,11.208621
999,1037,12.530217
1000,1019,9.291514
1000,1042,9.14898
1001,1022,8.708319
1001,1038,8.064604
1002,1004,13.573704
1002,1028,9.5178585
1003,1010,6.7290807
1003,1013,12.444065
1003,1024,5.750246
1003,1040,7.8516035
1003,1050,12.052912
1003,1055,14.817904
1004,1068,13.968205
1005,1032,13.724622
1005,1041,9.980315
1005,1075,13.936866
1006,1037,13.631418
1007,1012,5.870396
1007,1048,11.270364
1007,1058,11.096803
1008,1023,10.86974
1008,1039,7.477784
1008,1072,13.454002
1009,1029,6.6217113
1009,1046,12.241767
1009,1062,9.883436
1010,1013,5.715836
1010,1024,11.3829565
1010,1040,8.571975
1010,1055,9.6605425
1011,1025,11.150546
1011,1027,12.2999325
1011,1045,9.154901
1011,1063,10.581925
1011,1080,14.155897
1012,1048,7.4563136
1012,1058,14.0516405
1013,1040,12.355128
1013,1055,7.4306655
1013,1066,14.710469
1013,1067,12.702689
1014,1030,9.982135
1014,1054,8.520716
1014,1066,14.216415
1015,1036,12.592368
1015,1041,13.099631
1015,1051,7.681165
1015,1074,14.573427
1017,1018,7.74388
1017,1030,14.681587
1017,1061,9.5926485
1018,1030,7.1700616
1019,1026,12.07381
1019,1042,9.088176
1019,1069,12.929262
1019,1094,14.765996
1020,1034,8.911253
1020,1049,8.413124
1020,1082,12.654284
1021,1027,7.8418393
1021,1045,14.700924
1021,1059,9.345998
1021,1070,10.531716
1022,1038,7.315386
1022,1057,8.042575
1022,1077,10.067478
1023,1039,13.865197
1023,1065,8.12722
1023,1072,14.549209
1024,1040,7.030728
1024,1050,6.3117547
1024,1059,14.022621
1024,1073,12.730272
1024,1102,14.973211
1025,1060,10.531746
1025,1063,9.58354
1026,1069,8.299871
1026,1081,12.086319
1027,1045,7.0382833
1027,1070,9.136607
1027,1080,13.464123
1027,1093,12.5505085
1028,1031,9.570994
1028,1064,9.380649
1028,1071,8.478098
1029,1036,14.438243
1029,1046,6.287899
1029,1062,8.2267685
1029,1089,11.506565
1030,1054,13.808405
1031,1060,7.8010974
1031,1064,6.22293
1031,1071,11.743655
1031,1112,14.745608
1032,1052,9.497368
1032,1084,10.748712
1033,1057,11.809555
1033,1078,13.442955
1033,1088,10.641558
1034,1049,14.80861
1034,1053,9.038016
1034,1082,12.985213
1034,1092,11.154252
1034,1095,12.674185
1035,1039,11.474505
1035,1061,11.04092
1035,1083,10.451167
1035,1091,10.334049
1036,1046,8.57577
1036,1074,8.052725
1036,1085,10.875813
1037,1107,13.800717
1038,1042,14.819004
1038,1057,13.512529
1038,1077,10.842052
1039,1072,7.27041
1039,1083,10.407744
1040,1050,10.896961
1040,1055,10.260193
1040,1099,11.585228
1040,1102,11.88714
1041,1051,8.411403
1041,1075,9.937277
1041,1086,9.8773155
1042,1094,14.166364
1042,1096,11.929315
1044,1090,10.550947
1045,1063,8.984659
1045,1070,11.129433
1045,1080,7.1843524
1045,1093,9.710454
1045,1111,12.361142
1046,1062,13.398407
1046,1074,13.097182
1046,1085,10.072419
1046,1089,12.330734
1046,1118,14.052748
1047,1078,8.558765
1047,1120,14.775292
1048,1058,12.983012
1048,1079,9.267204
1049,1076,7.4656057
1049,1082,9.077196
1049,1092,14.671222
1049,1098,9.875095
1049,1110,14.556196
1049,1124,14.73316
1050,1059,8.108717
1050,1073,6.5942802
1050,1102,12.837838
1050,1115,14.589821
1051,1074,13.857373
1051,1086,8.640377
1051,1104,11.522296
1052,1056,13.438424
1052,1106,12.755013
1052,1117,13.778169
1053,1058,13.445179
1053,1092,14.333222
1053,1095,10.108447
1053,1097,10.352261
1054,1066,6.0435567
1054,1067,10.386956
1054,1105,13.850603
1055,1066,10.929542
1055,1067,7.132219
1055,1099,11.560618
1055,1105,12.717597
1056,1087,11.5989275
1056,1106,12.750409
1056,1122,14.2441
1057,1077,7.5743966
1057,1088,10.123901
1057,1109,10.880584
1058,1097,12.869518
1058,1126,14.318493
1059,1070,11.742414
1059,1073,5.926848
1059,1115,11.588105
1060,1064,9.681031
1060,1112,12.916953
1061,1091,9.936531
1061,1101,10.547787
1062,1068,8.536376
1062,1089,9.172412
1062,1103,14.175407
1062,1113,10.735851
1063,1080,6.806955
1063,1093,13.779533
1063,1111,11.207667
1064,1071,6.5434246
1064,1112,9.514816
1064,1139,14.563037
1065,1072,12.706265
1065,1090,14.004744
1065,1142,13.446117
1066,1067,4.5689497
1066,1105,8.321887
1066,1136,13.736727
1067,1099,13.338321
1067,1105,6.8262296
1067,1136,14.911773
1067,1137,13.924935
1068,1089,13.987389
1068,1103,6.754627
1068,1113,10.167296
1068,1129,13.749879
1068,1131,12.210016
1068,1133,12.826361
1069,1081,11.09817
1069,1094,7.742029
1069,1108,7.320721
1069,1119,14.806202
1070,1080,12.973804
1070,1093,7.380778
1070,1111,14.289103
1070,1125,10.409859
1071,1112,11.364595
1071,1130,12.160889
1071,1139,14.14324
1072,1083,8.82366
1073,1102,11.594316
1073,1115,8.067358
1074,1085,7.398845
1074,1104,10.258868
1075,1084,8.34758
1075,1086,10.270816
1075,1116,9.2016
1075,1140,13.260906
1076,1082,11.678187
1076,1098,7.5862007
1076,1110,7.3208175
1076,1124,13.557355
1076,1138,13.43152
1077,1088,13.525274
1077,1109,7.6405787
1077,1135,11.938741
1078,1088,14.184172
1078,1120,12.606518
1078,1123,10.919106
1079,1100,8.35072
1080,1093,7.081325
1080,1111,5.5812254
1080,1125,11.672679
1081,1108,12.152897
1081,1134,10.725871
1082,1092,6.437621
1082,1095,14.209277
1082,1098,6.483783
1082,1124,7.312985
1082,1127,8.463774
1082,1138,13.860169
1083,1091,7.4294205
1084,1116,7.3940787
1084,1117,10.875008
1085,1089,12.891585
1085,1118,8.562241
1085,1163,14.347159
1086,1104,9.538515
1086,1140,11.43824
1087,1114,10.03844
1087,1122,8.4677725
1087,1157,14.850543
1088,1109,9.569413
1088,1123,8.895526
1088,1145,11.634729
1089,1113,7.255242
1089,1118,7.51548
1089,1133,13.360173
1089,1153,11.81775
1089,1154,14.348925
1090,1132,8.613503
1092,1095,7.7981763
1092,1097,14.818914
1092,1098,12.208778
1092,1124,9.813762
1092,1127,6.2331715
1092,1161,14.766167
1093,1111,6.9248147
1093,1125,5.83185
1094,1108,6.6408935
1094,1119,7.0713673
1094,1149,11.837861
1095,1097,7.024484
1095,1127,11.040848
1095,1141,10.105459
1095,1161,14.925323
1096,1119,10.507788
1096,1150,12.392309
1096,1159,14.436051
1097,1141,9.626831
1097,1169,14.179187
1098,1110,9.358594
1098,1124,5.9781075
1098,1127,11.07536
1098,1138,8.499099
1099,1102,8.181872
1099,1105,12.889402
1099,1137,7.9710345
1099,1146,12.188522
1100,1120,10.9241085
1100,1168,12.809294
1101,1121,11.427323
1102,1115,13.355484
1102,1137,14.418329
1102,1146,9.577183
1102,1156,14.8297
1103,1113,9.674038
1103,1128,12.892633
1103,1129,7.3533516
1103,1131,6.037359
1103,1133,8.428159
1103,1154,13.427421
1103,1173,13.837952
1104,1151,10.10253
1104,1164,14.727428
1105,1136,9.208513
1105,1137,9.458172
1106,1117,11.531398
1106,1122,11.779003
1106,1144,8.06655
1107,1147,14.157663
1107,1152,14.425849
1107,1172,12.432024
1108,1119,11.618522
1108,1134,10.013144
1108,1149,9.696783
1109,1135,10.034923
1109,1145,8.404539
1110,1124,13.776548
1110,1138,9.393044
1110,1143,7.9819107
1110,1170,13.012405
1111,1125,8.42249
1112,1130,14.959036
1112,1139,5.889013
1113,1118,12.610067
1113,1131,9.608177
1113,1133,6.4127846
1113,1153,10.764645
1113,1154,9.038596
1113,1173,13.594058
1113,1178,14.319137
1114,1122,14.075675
1114,1158,10.698238
1115,1156,10.815902
1115,1166,13.666997
1116,1117,12.486924
1116,1140,10.739766
1116,1176,12.664235
1117,1144,11.704388
1117,1179,13.68603
1118,1153,9.537252
1118,1163,12.933195
1119,1149,10.4165535
1119,1159,9.847441
1120,1168,12.367184
1122,1144,13.777736
1122,1157,7.5890117
1123,1145,11.163646
1123,1167,10.047293
1124,1127,5.977747
1124,1138,7.8829894
1124,1161,13.511991
1124,1177,13.176499
1124,1181,12.916974
1125,1166,13.600465
1125,1175,11.768549
1126,1160,8.834687
1127,1138,13.398798
1127,1141,14.125997
1127,1161,9.661354
1127,1181,12.671071
1128,1129,6.190834
1128,1130,6.770161
1128,1131,12.945492
1128,1171,9.498825
1128,1180,13.659086
1129,1130,12.954928
1129,1131,6.856023
1129,1133,11.285458
1129,1171,13.910893
1129,1173,12.479509
1129,1180,11.523352
1130,1139,12.323786
1130,1171,8.468898
1130,1185,14.837246
1131,1133,4.4383574
1131,1154,8.646742
1131,1173,7.8168254
1131,1178,14.226219
1131,1180,11.152385
1132,1162,7.676808
1133,1153,11.141964
1133,1154,5.007204
1133,1173,7.4245086
1133,1178,11.015038
1133,1180,13.295259
1133,1192,13.329837
1134,1149,12.815671
1134,1155,14.531032
1135,1145,13.396817
1135,1150,7.4726663
1135,1186,13.223592
1135,1191,13.700233
1137,1146,12.689806
1138,1143,9.726611
1138,1170,10.110022
1138,1177,7.561438
1138,1181,13.384582
1139,1185,11.768732
1140,1164,7.452171
1140,1176,12.683855
1141,1161,10.280445
1141,1169,5.274977
1141,1198,12.731546
1142,1165,11.055158
1143,1170,5.8613744
1143,1177,12.125889
1144,1157,14.129277
1144,1179,9.151223
1144,1199,14.92832
1145,1167,13.142852
1145,1186,11.969574
1146,1156,9.948507
1147,1148,9.82113
1147,1172,10.518833
1148,1155,9.037674
1148,1189,14.317398
1149,1159,11.561264
1149,1190,9.451706
1150,1159,12.958973
1150,1184,9.182249
1150,1191,9.617346
1151,1163,10.9567
1151,1164,11.154602
1152,1172,14.015156
1152,1183,14.342147
1153,1154,7.5441957
1153,1173,13.241986
1153,1178,7.171177
1153,1192,12.172724
1154,1173,6.080592
1154,1178,6.025681
1154,1180,13.376187
1154,1192,9.024643
1154,1208,13.606166
1155,1189,7.4961824
1156,1166,12.379509
1157,1158,14.89253
1157,1193,9.601273
1157,1199,11.317155
1158,1188,11.849879
1158,1193,12.4228
1158,1201,8.913636
1159,1184,8.952259
1159,1190,12.000348
1160,1196,13.826423
1160,1197,12.584289
1160,1209,11.323579
1161,1169,10.86283
1161,1181,7.94231
1161,1198,13.340441
1161,1202,11.400018
1162,1203,10.700639
1162,1213,12.381748
1165,1200,12.749302
1165,1204,10.638913
1166,1175,10.269798
1167,1215,13.426349
1167,1217,14.17288
1168,1196,12.513067
1169,1197,13.070902
1169,1198,7.645878
1170,1177,8.318141
1171,1180,13.169418
1171,1185,10.576218
1171,1195,9.683132
1171,1212,11.725208
1173,1178,8.559065
1173,1180,7.341361
1173,1192,7.8125134
1173,1205,12.946053
1173,1208,10.092055
1174,1187,7.988565
1174,1194,5.890967
1174,1223,12.742531
1175,1182,8.851933
1175,1218,12.9636755
1176,1206,11.8586445
1177,1181,10.011874
1177,1202,13.13073
1178,1192,5.002434
1178,1208,10.428874
1178,1214,12.858266
1179,1206,10.742568
1179,1207,8.359344
1180,1192,12.381971
1180,1195,8.376414
1180,1205,8.094622
1180,1208,11.102937
1180,1224,12.876375
1181,1202,6.096832
1182,1218,12.665048
1183,1188,11.125922
1184,1191,6.8960404
1184,1233,14.337801
1185,1212,9.631017
1185,1219,9.663612
1186,1191,12.257825
1186,1215,14.67499
1186,1222,9.456601
1187,1194,11.268295
1187,1223,14.759808
1188,1201,7.6663733
1188,1232,12.705744
1189,1216,9.840512
1189,1236,13.434155
1191,1233,13.21456
1192,1205,13.237058
1192,1208,5.4276304
1192,1214,13.307715
1192,1224,13.470531
1192,1229,11.03867
1193,1199,10.529448
1193,1201,12.303406
1193,1221,8.760465
1194,1200,12.913394
1194,1223,7.479802
1195,1205,7.121126
1195,1212,9.578238
1195,1224,11.920596
1195,1226,8.727789
1195,1244,14.278794
1196,1209,11.687122
1196,1237,11.619493
1197,1198,10.897376
1197,1209,9.40926
1199,1207,14.753459
1199,1243,13.185441
1200,1204,13.5944605
1200,1223,14.300598
1200,1230,8.6727495
1201,1221,11.523426
1201,1232,11.45164
1203,1204,13.172058
1203,1213,10.463275
1203,1225,11.765121
1203,1235,9.4639635
1204,1225,7.2752976
1204,1230,14.853191
1204,1240,11.349301
1205,1208,8.7602005
1205,1224,5.311788
1205,1226,9.933902
1205,1229,11.836873
1205,1242,11.813812
1205,1244,11.061192
1206,1207,7.4379463
1208,1224,8.066804
1208,1229,6.9277024
1208,1242,11.294364
1209,1237,13.823516
1209,1238,10.01624
1210,1231,12.624963
1210,1246,11.7303915
1211,1253,12.844299
1212,1219,8.468704
1212,1226,8.118601
1212,1241,10.810841
1212,1265,14.934788
1213,1235,12.038515
1213,1259,13.012966
1214,1258,13.648777
1215,1217,11.214095
1215,1222,11.974272
1215,1263,13.275584
1216,1236,10.837421
1216,1245,10.733644
1216,1254,14.390176
1217,1234,12.393668
1217,1255,11.375854
1218,1227,14.171942
1219,1226,14.788985
1219,1228,8.502595
1219,1241,7.954764
1220,1258,13.296573
1221,1232,14.119452
1222,1239,7.346034
1223,1230,14.300796
1223,1251,11.179112
1223,1252,12.630635
1223,1269,14.627619
1224,1226,11.082734
1224,1229,7.647714
1224,1242,6.5020247
1224,1244,8.244312
1224,1267,13.035275
1225,1235,9.649489
1225,1240,6.556272
1225,1250,13.575311
1225,1257,9.900554
1226,1241,12.257827
1226,1244,7.673002
1226,1265,10.248041
1226,1267,13.803415
1227,1264,11.983912
1228,1241,12.538265
1228,1264,12.912636
1229,1242,5.946149
1229,1244,13.869968
1230,1240,12.905864
1230,1250,7.9125853
1230,1251,10.115857
1231,1246,10.337696
1231,1252,9.742201
1231,1286,14.439359
1232,1268,10.895325
1233,1262,10.21864
1234,1255,9.568585
1235,1240,13.733073
1235,1257,7.480405
1235,1259,10.326795
1236,1254,6.063125
1236,1261,10.222318
1236,1270,14.985299
1236,1273,11.762698
1237,1238,11.815437
1237,1271,11.908394
1237,1272,10.663175
1238,1249,9.6729765
1238,1271,10.004484
1238,1278,11.44578
1239,1289,14.436208
1240,1250,7.6090503
1240,1257,9.779307
1241,1265,9.367089
1241,1280,9.495651
1242,1244,8.846328
1242,1267,9.843953
1244,1265,9.443094
1244,1267,6.624437
1245,1270,8.332222
1246,1247,13.776774
1246,1279,10.795017
1246,1286,11.3662815
1246,1296,14.205155
1247,1279,10.2351885
1247,1297,13.255615
1248,1262,9.694955
1248,1277,9.310269
1248,1284,9.407806
1249,1278,8.365397
1249,1281,9.947323
1250,1251,13.003791
1250,1288,13.465857
1251,1252,14.580211
1251,1269,8.383976
1251,1288,10.32422
1252,1269,9.613083
1252,1285,9.193274
1252,1286,13.4067545
1253,1261,11.410567
1253,1276,8.3625765
1253,1303,13.035382
1254,1261,7.602267
1254,1270,11.158347
1254,1273,5.7366056
1254,1304,12.786057
1255,1263,14.359543
1255,1290,11.100255
1255,1294,13.628584
1257,1259,12.464758
1257,1282,14.252461
1257,1292,10.152199
1258,1283,8.36142
1259,1282,6.213044
1260,1307,12.253063
1261,1273,9.752336
1261,1303,13.7750435
1262,1277,6.5245132
1262,1284,13.541661
1263,1290,13.11844
1263,1293,9.8419695
1263,1301,14.34881
1263,1311,14.613156
1264,1302,10.829767
1265,1267,10.240185
1265,1280,8.877977
1266,1274,8.962283
1266,1275,10.94379
1266,1299,14.8395605
1266,1309,11.133529
1268,1274,10.798163
1268,1299,10.262029
1269,1285,10.167555
1269,1288,11.258147
1269,1310,13.324981
1269,1312,11.667592
1270,1273,8.967805
1270,1304,11.068303
1270,1314,12.193643
1271,1272,8.739934
1271,1278,10.025403
1271,1291,14.921486
1271,1295,8.562254
1271,1318,12.943019
1271,1321,14.393988
1272,1291,7.607497
1272,1294,14.656917
1272,1295,7.0805836
1272,1321,12.60226
1273,1304,7.0531363
1273,1327,14.093222
1274,1299,6.8992186
1274,1309,12.084018
1275,1276,9.76207
1275,1309,13.133592
1275,1313,11.973427
1275,1330,14.486555
1276,1303,10.417523
1276,1313,9.647796
1277,1284,7.9382787
1277,1315,10.197399
1278,1281,10.470136
1278,1316,12.3424635
1278,1318,12.186582
1279,1286,13.812978
1279,1296,7.9099855
1279,1297,10.787574
1279,1322,14.914037
1279,1325,13.876944
1280,1298,8.672246
1281,1316,10.659158
1281,1317,10.202995
1282,1292,14.380216
1282,1329,12.791007
1283,1287,13.29528
1283,1308,9.105595
1284,1315,13.132511
1284,1331,10.996187
1285,1286,9.022067
1285,1310,6.7738695
1285,1312,14.877851
1286,1296,9.849209
1286,1310,12.530788
1286,1322,10.962572
1287,1305,11.857524
1287,1308,11.402263
1287,1320,10.637557
1288,1300,10.342865
1288,1312,9.639545
1289,1301,11.495336
1290,1293,7.553192
1290,1294,13.383147
1290,1311,14.964608
1290,1326,11.002099
1290,1328,10.475353
1291,1294,9.194394
1291,1295,8.131688
1291,1321,9.529437
1291,1332,10.73494
1291,1334,10.955628
1293,1301,12.212779
1293,1311,7.86223
1293,1326,8.001739
1293,1328,14.603357
1294,1328,13.173156
1294,1334,13.006881
1294,1344,13.28212
1295,1318,10.659908
1295,1321,6.274816
1295,1332,11.887854
1296,1297,14.6857
1296,1322,7.0043645
1296,1325,12.5356455
1296,1335,10.33572
1296,1347,13.522828
1297,1307,12.483162
1297,1325,8.721823
1297,1336,12.352011
1298,1302,13.911089
1298,1339,12.609831
1299,1309,12.435607
1299,1349,14.117713
1301,1311,6.729368
1301,1326,14.901362
1301,1341,11.292534
1302,1338,10.87671
1302,1339,12.535658
1303,1313,10.987324
1303,1327,14.233932
1303,1340,14.963357
1303,1345,12.99105
1303,1352,13.486498
1304,1314,12.062136
1304,1327,8.55732
1304,1337,10.18052
1305,1320,11.860993
1305,1323,9.112913
1305,1350,11.935878
1305,1365,14.44911
1306,1324,14.332427
1306,1343,12.166794
1306,1351,11.132593
1307,1319,13.242411
1307,1336,10.779959
1307,1356,13.690509
1308,1320,8.810774
1309,1330,10.666561
1309,1349,10.851603
1310,1312,11.781148
1310,1322,14.612248
1310,1342,9.408022
1310,1346,12.205026
1311,1326,8.198497
1311,1341,10.664364
1311,1370,14.727654
1312,1346,9.611287
1313,1330,10.643802
1313,1340,7.004751
1313,1352,11.530603
1313,1362,12.807786
1314,1331,12.984082
1314,1337,8.677182
1314,1353,12.4818945
1314,1373,14.144573
1315,1331,11.363844
1316,1317,7.3398714
1316,1318,12.446895
1316,1354,12.382497
1316,1360,11.231589
1317,1354,9.365285
1317,1360,14.790898
1318,1321,10.110111
1318,1360,14.9099655
1318,1368,14.1151905
1319,1356,10.354111
1319,1361,10.906494
1320,1350,8.453288
1320,1364,10.994412
1321,1332,6.3789396
1321,1334,11.0623045
1321,1368,11.506692
1322,1335,8.868839
1322,1342,11.561223
1322,1347,7.077723
1322,1363,12.892594
1323,1324,7.350239
1323,1343,13.841917
1323,1350,14.599506
1323,1365,11.035358
1323,1372,12.131633
1324,1343,7.720112
1324,1372,11.60389
1325,1335,7.975522
1325,1336,9.866521
1325,1363,12.713044
1326,1328,10.8162365
1326,1358,9.7659235
1326,1370,14.832393
1327,1337,10.674052
1327,1345,7.4196134
1327,1369,10.796412
1328,1344,9.954052
1328,1358,8.446041
1328,1378,12.438705
1329,1379,13.642423
1330,1340,9.059547
1330,1349,13.958235
1330,1362,10.016134
1330,1367,8.065317
1331,1353,9.818002
1332,1334,5.408768
1332,1344,11.5643635
1332,1368,10.156715
1333,1359,10.87694
1333,1361,13.810169
1333,1374,11.111377
1334,1344,6.269551
1334,1368,14.52386
1335,1347,8.958502
1335,1363,6.6214385
1336,1356,14.250219
1337,1353,14.76505
1337,1369,10.311119
1337,1373,9.638607
1338,1339,11.392805
1338,1383,10.173657
1339,1377,9.364654
1340,1352,7.285748
1340,1362,5.9482555
1340,1367,12.258752
1340,1375,14.387957
1340,1387,12.009005
1340,1404,14.395424
1341,1370,8.550639
1342,1346,12.019591
1342,1347,9.343538
1342,1390,11.731112
1342,1391,14.650696
1343,1351,10.828949
1343,1372,9.895656
1343,1393,11.722322
1344,1358,14.33807
1344,1378,9.96358
1344,1410,14.8332615
1345,1352,10.996273
1345,1369,10.966634
1345,1375,9.314043
1346,1384,14.110484
1346,1391,10.723522
1347,1363,8.6080675
1347,1390,14.472186
1347,1395,12.05244
1348,1357,9.429264
1348,1381,13.896107
1348,1401,13.817692
1349,1367,12.543407
1350,1364,9.298476
1350,1365,8.696333
1350,1385,10.025538
1351,1366,10.458893
1351,1393,14.7469225
1351,1403,11.463084
1352,1362,9.378665
1352,1375,7.500613
1352,1387,9.733523
1353,1373,10.2096195
1354,1360,10.895506
1354,1394,11.153287
1355,1379,14.669296
1356,1361,10.209809
1356,1414,13.834854
1356,1415,14.8941965
1357,1401,11.747194
1357,1409,13.590956
1358,1378,9.639673
1358,1405,11.625859
1359,1380,12.608291
1359,1392,8.9103365
1360,1388,9.314663
1361,1374,7.530058
1361,1415,12.393791
1362,1367,8.572555
1362,1375,14.190976
1362,1387,7.959586
1362,1397,14.116081
1362,1404,8.514658
1363,1395,10.024686
1363,1400,11.996625
1364,1385,8.2266445
1364,1396,8.403514
1364,1416,11.242124
1365,1372,10.298952
1365,1385,11.734117
1365,1407,9.992022
1366,1386,9.507428
1366,1403,14.944207
1366,1412,10.825659
1367,1387,14.819557
1367,1397,8.70994
1367,1404,10.672007
1368,1388,11.548127
1368,1408,11.229054
1368,1411,11.54452
1369,1373,11.406026
1370,1405,12.948243
1370,1420,11.009607
1371,1389,11.949099
1371,1394,11.733097
1371,1398,6.946382
1372,1393,9.310878
1372,1407,12.137967
1372,1417,10.664775
1374,1392,14.91196
1374,1415,13.175528
1374,1425,11.944444
1375,1387,9.424191
1375,1418,9.569783
1376,1389,11.368037
1376,1422,11.2269
1377,1429,13.641716
1378,1405,14.425355
1378,1410,10.969966
1378,1427,11.617269
1379,1432,12.225814
1380,1392,13.117525
1380,1421,14.557862
1380,1426,12.387159
1380,1444,14.914088
1381,1436,12.179335
1382,1386,9.566577
1382,1423,14.275796
1382,1424,9.559033
1383,1421,8.848147
1383,1429,14.918462
1384,1391,12.693616
1384,1419,7.4004536
1384,1440,14.86018
1385,1396,11.083745
1385,1407,11.949967
1385,1416,6.819771
1385,1437,9.918499
1386,1412,10.163375
1386,1423,10.326413
1386,1424,14.445594
1387,1404,6.9858966
1387,1418,12.767659
1387,1443,12.457108
1388,1411,6.734245
1388,1428,12.685503
1388,1434,14.626541
1389,1398,9.836933
1389,1422,11.356698
1389,1439,14.929918
1389,1447,13.952195
1390,1391,8.26147
1390,1395,11.917446
1390,1435,11.910167
1390,1449,12.911371
1391,1419,10.451451
1391,1435,9.766171
1392,1425,12.406594
1392,1426,9.757397
1393,1403,9.15754
1393,1417,8.116624
1393,1441,13.940571
1394,1398,10.240505
1394,1438,8.975431
1394,1439,12.086081
1395,1400,14.370342
1395,1445,12.168277
1395,1449,12.6159525
1396,1402,9.678088
1396,1416,8.181536
1396,1437,14.859321
1397,1404,9.612157
1397,1431,7.6138163
1398,1438,14.849953
1398,1439,8.605562
1400,1406,10.938382
1400,1445,14.084204
1401,1409,11.022263
1401,1430,14.634495
1402,1409,12.464423
1402,1430,12.437743
1403,1412,13.322338
1403,1433,11.319547
1403,1441,9.786584
1404,1431,14.384044
1404,1443,13.204111
1405,1420,12.015137
1405,1451,13.409132
1406,1414,8.347262
1407,1417,9.729318
1407,1437,11.8319025
1407,1442,10.539681
1408,1410,8.569715
1408,1411,13.032344
1408,1434,9.999268
1408,1460,13.716402
1409,1430,6.016023
1410,1427,9.373681
1411,1428,13.484836
1411,1434,7.8970523
1412,1423,7.6489744
1412,1433,6.539149
1412,1452,12.766411
1413,1431,13.196455
1413,1455,12.674662
1413,1458,12.905149
1414,1415,10.15159
1414,1454,13.247621
1415,1425,14.179683
1415,1454,11.48551
1416,1437,6.723302
1416,1463,13.319502
1416,1474,13.958006
1417,1442,7.820023
1418,1443,11.3170595
1418,1477,14.725645
1419,1435,10.35708
1419,1440,14.712408
1419,1453,9.287907
1420,1451,9.222591
1421,1429,14.324513
1421,1444,8.328954
1422,1447,9.790842
1422,1486,14.70804
1423,1424,11.241841
1423,1433,11.145296
1423,1452,7.0924377
1423,1493,14.70078
1424,1450,8.746397
1424,1452,13.1989975
1425,1468,10.00885
1426,1444,12.188173
1426,1459,9.263138
1426,1480,12.074454
1427,1470,11.350144
1428,1438,13.788073
1428,1465,12.156459
1428,1467,12.957307
1428,1491,13.036352
1429,1472,13.379016
1429,1485,12.36099
1430,1462,13.685665
1430,1481,11.166707
1431,1458,9.561487
1431,1464,8.702083
1431,1490,13.745496
1432,1448,8.94597
1432,1457,7.2287893
1432,1494,14.524534
1433,1441,10.077973
1433,1452,12.692211
1433,1475,14.195364
1433,1489,14.168694
1434,1460,10.667
1434,1467,13.472713
1435,1449,12.209991
1435,1453,9.608579
1436,1473,12.807168
1436,1483,14.46868
1436,1495,12.794861
1436,1499,14.965283
1437,1463,7.823608
1437,1474,13.469799
1438,1439,10.356199
1438,1465,9.812341
1438,1466,8.424175
1439,1447,13.915709
1439,1466,10.475161
1439,1488,12.483425
1440,1446,8.32881
1440,1461,6.5712476
1440,1492,13.515352
1440,1498,13.843376
1441,1475,7.683994
1441,1489,11.428466
1442,1487,11.145506
1442,1504,13.687697
1443,1471,10.146639
1443,1476,8.508841
1443,1477,14.712623
1444,1459,8.397278
1445,1449,12.12724
1445,1484,10.347935
1446,1448,12.725294
1446,1461,9.575647
1446,1479,9.918808
1446,1492,10.309564
1447,1486,10.622087
1447,1488,11.93238
1448,1457,8.1750145
1448,1479,7.71228
1448,1494,13.168328
1448,1497,10.350056
1449,1484,10.110419
1449,1502,13.7317705
1450,1455,10.420398
1450,1496,10.811272
1450,1515,14.356961
1451,1478,11.597551
1452,1493,7.798158
1452,1500,13.61175
1452,1505,11.1001835
1453,1498,13.616507
1453,1510,12.945672
1454,1468,12.306276
1454,1513,13.539318
1455,1458,11.758511
1455,1496,11.789424
1455,1506,10.134003
1455,1509,14.76111
1457,1479,13.904284
1457,1494,7.3225384
1457,1497,9.205796
1457,1527,14.988466
1457,1530,14.544487
1458,1464,9.714718
1458,1490,11.1009035
1458,1506,13.759187
1458,1509,10.44518
1458,1525,14.58802
1459,1480,10.179957
1459,1511,10.124499
1460,1470,11.098862
1460,1501,12.269415
1460,1526,12.986189
1461,1492,8.428222
1461,1498,7.734474
1461,1528,14.101371
1462,1474,11.375696
1462,1481,12.416888
1462,1503,10.878523
1462,1508,12.03569
1463,1474,10.701164
1463,1487,11.231409
1463,1519,11.891183
1464,1471,10.680567
1464,1490,5.44583
1464,1509,14.442294
1464,1525,12.012987
1465,1466,9.150698
1465,1491,7.085229
1465,1518,11.665706
1465,1522,11.2095375
1465,1529,14.69472
1466,1488,11.547344
1466,1518,10.201612
1467,1491,10.779117
1467,1501,10.877759
1467,1529,14.40779
1467,1535,12.711668
1468,1513,11.974987
1469,1477,12.0634575
1469,1507,8.002149
1470,1520,11.950118
1470,1526,13.0461035
1471,1476,10.546242
1471,1490,12.102099
1471,1516,9.038293
1471,1517,14.866728
1472,1485,9.248615
1472,1512,7.7092395
1472,1532,13.344984
1473,1485,8.6380625
1473,1495,13.572457
1473,1499,9.624898
1473,1534,14.7765045
1474,1508,9.229613
1475,1489,5.3071656
1475,1500,12.424901
1475,1504,14.811787
1475,1514,11.489602
1475,1545,14.199222
1476,1477,9.215729
1476,1516,12.0415945
1476,1517,7.8384204
1477,1507,10.783382
1477,1517,10.734653
1477,1533,11.6142235
1478,1520,11.75518
1478,1540,13.5967245
1479,1492,10.319546
1479,1497,9.819311
1479,1521,8.819133
1479,1527,12.2236805
1479,1537,12.789568
1480,1511,12.298443
1480,1531,14.253049
1481,1503,12.824159
1481,1524,12.088882
1483,1495,8.587743
1483,1499,14.831576
1483,1523,9.219503
1484,1502,11.940854
1485,1532,11.007262
1486,1550,13.00765
1487,1504,9.960631
1487,1519,10.514445
1488,1518,14.597976
1488,1549,14.602214
1489,1493,14.327134
1489,1500,7.2148495
1489,1514,12.544393
1489,1545,11.7398405
1490,1509,11.121437
1490,1516,13.767287
1490,1525,6.620262
1490,1558,12.935534
1491,1518,13.926808
1491,1522,8.575522
1491,1529,8.857412
1491,1535,14.05327
1492,1498,10.525651
1492,1521,8.95418
1492,1528,13.433503
1492,1537,13.704441
1492,1541,11.3083515
1492,1552,12.368188
1493,1500,7.746932
1493,1505,7.4798565
1494,1497,6.360593
1494,1527,10.301074
1494,1530,7.529622
1495,1499,6.2438827
1495,1523,12.072526
1495,1534,12.698304
1495,1543,10.762638
1496,1505,14.951631
1496,1506,9.907152
1496,1515,8.081705
1496,1536,11.059958
1496,1538,8.300798
1497,1521,12.120158
1497,1527,5.875871
1497,1530,8.255851
1497,1537,12.276048
1497,1551,11.974942
1498,1528,6.807328
1498,1541,11.196707
1498,1563,13.293271
1499,1534,7.822799
1499,1543,11.222811
1500,1505,14.505773
1500,1545,13.545614
1500,1565,14.041611
1501,1526,12.933286
1501,1535,11.341767
1501,1554,10.812386
1502,1510,10.111641
1503,1508,9.758325
1503,1547,8.295327
1503,1582,13.949793
1504,1514,8.899318
1504,1568,13.456787
1505,1515,7.568127
1505,1536,10.334263
1506,1509,8.322776
1506,1538,11.892682
1506,1557,10.490857
1507,1533,7.3749075
1507,1544,9.298307
1508,1564,12.563078
1508,1582,13.270469
1509,1525,8.774125
1509,1557,10.376351
1509,1571,13.724662
1510,1528,14.265447
1511,1542,12.615671
1511,1556,13.135964
1511,1575,13.351866
1512,1542,8.810923
1513,1531,13.559886
1513,1578,14.119837
1514,1545,8.401875
1514,1568,12.065104
1515,1536,5.338223
1515,1538,9.57595
1515,1573,13.167553
1516,1517,10.641147
1516,1558,13.361929
1516,1560,9.739601
1517,1533,11.477763
1517,1560,10.742173
1518,1522,8.349635
1518,1529,14.764987
1518,1549,10.526075
1518,1559,10.264563
1519,1564,12.891342
1519,1576,11.77747
1520,1540,12.798208
1520,1546,9.080698
1521,1527,9.811109
1521,1537,5.0306406
1521,1541,13.14997
1521,1551,11.887387
1521,1552,9.381496
1521,1570,10.864181
1521,1579,12.577348
1522,1529,6.416592
1522,1535,14.749154
1522,1559,8.09083
1522,1574,14.663222
1522,1590,14.159776
1523,1524,11.357968
1523,1543,10.175736
1523,1561,8.798384
1524,1547,12.92252
1524,1561,10.992712
1525,1557,14.7898
1525,1558,7.803061
1525,1571,10.182198
1526,1546,11.606258
1526,1554,13.372876
1526,1562,7.4899035
1527,1530,6.7812905
1527,1537,7.7234125
1527,1551,6.15868
1527,1569,10.676771
1527,1570,10.698392
1527,1598,14.677653
1528,1541,7.036309
1528,1552,13.421716
1528,1563,6.4971967
1529,1535,8.343157
1529,1559,11.26467
1529,1574,10.011494
1529,1590,13.767397
1530,1537,14.025511
1530,1551,8.95977
1530,1569,8.1398535
1530,1598,14.751088
1531,1556,11.21254
1531,1578,11.8340845
1532,1534,13.949787
1532,1572,8.376835
1532,1581,14.56447
1533,1544,10.93325
1533,1585,11.47254
1534,1543,9.860814
1534,1581,8.770342
1534,1606,14.996105
1535,1554,10.6869
1535,1574,9.212247
1536,1538,7.7520065
1536,1573,8.029757
1537,1541,14.731367
1537,1551,7.3645053
1537,1552,9.108125
1537,1569,14.295299
1537,1570,6.000815
1537,1579,9.578858
1537,1598,14.465092
1537,1618,14.815541
1538,1557,13.328264
1538,1573,8.777744
1539,1577,11.206304
1539,1596,11.907813
1540,1593,14.529911
1541,1552,6.399122
1541,1563,7.5164185
1541,1579,11.816698
1541,1611,11.372376
1542,1583,11.653204
1542,1622,14.85361
1543,1561,13.153797
1543,1581,14.365032
1543,1594,11.770484
1543,1606,11.232826
1544,1566,9.141295
1544,1602,11.775295
1545,1565,9.340144
1546,1562,10.668483
1546,1593,10.555651
1546,1617,11.425996
1547,1582,13.732547
1547,1586,10.185577
1547,1587,9.893805
1547,1629,14.887547
1548,1616,13.339396
1549,1559,12.56548
1549,1589,9.634159
1549,1626,13.410701
1550,1597,11.156712
1550,1607,14.734605
1551,1569,6.9326777
1551,1570,6.1467357
1551,1579,12.894981
1551,1598,8.685758
1551,1614,13.227693
1551,1618,12.497385
1552,1563,12.73409
1552,1570,10.251547
1552,1579,6.104644
1552,1611,10.205272
1552,1627,12.724923
1553,1555,11.814759
1553,1567,7.7713633
1553,1580,13.221221
1553,1604,10.94814
1553,1609,11.670158
1553,1620,14.041456
1554,1562,11.044516
1554,1574,14.698945
1554,1603,12.338946
1555,1591,10.682894
1555,1605,9.691013
1555,1609,10.029497
1556,1575,6.515813
1556,1583,13.268126
1556,1610,14.68758
1556,1619,11.218229
1557,1571,11.155474
1557,1601,9.364947
1558,1571,7.7404847
1558,1588,8.550137
1559,1574,13.733573
1559,1590,7.969126
1559,1632,13.347561
1559,1633,14.250567
1560,1588,12.303828
1560,1624,12.433622
1560,1631,13.010096
1561,1594,9.60901
1561,1599,8.051579
1562,1603,8.910927
1562,1617,12.554902
1563,1608,9.207805
1563,1611,11.1981535
1564,1576,12.278894
1564,1582,9.807768
1564,1613,10.694463
1565,1592,14.007681
1565,1600,8.783016
1565,1640,13.073681
1566,1602,13.470606
1566,1616,13.360664
1566,1658,14.880328
1567,1580,6.0063796
1567,1604,8.607172
1567,1612,14.437267
1567,1643,14.711946
1568,1595,7.01955
1569,1570,11.862376
1569,1598,7.1910996
1569,1614,7.943766
1569,1618,14.188923
1570,1579,6.7838216
1570,1598,9.4132
1570,1618,8.837065
1570,1627,11.697364
1571,1588,12.423154
1571,1601,11.161843
1571,1646,14.7941065
1571,1657,13.888009
1572,1581,14.992575
1572,1623,8.497905
1572,1628,12.212592
1572,1638,12.382105
1573,1592,13.930367
1573,1641,11.388173
1573,1645,13.899997
1574,1590,9.704069
1574,1625,8.288493
1574,1647,14.402632
1575,1583,6.8770504
1575,1619,9.84172
1575,1637,11.278718
1576,1595,12.787165
1576,1613,9.226376
1576,1664,14.793509
1577,1596,9.898193
1577,1630,11.308126
1577,1652,13.189204
1578,1610,8.900232
1578,1615,7.1990876
1578,1621,11.236853
1579,1598,14.394881
1579,1611,8.7629795
1579,1618,9.828485
1579,1627,7.3189316
1579,1663,13.700764
1580,1604,7.982605
1580,1612,8.441704
1580,1642,10.582882
1580,1643,12.870257
1581,1606,11.860118
1581,1628,10.136941
1581,1655,12.283435
1582,1587,8.416318
1583,1619,13.934498
1583,1622,10.05789
1583,1637,9.447818
1584,1596,14.505952
1585,1602,10.269866
1585,1631,11.236044
1586,1587,10.234049
1586,1599,12.929009
1586,1629,8.095233
1586,1635,9.686819
1586,1676,14.098124
1587,1629,8.061426
1587,1670,12.06839
1588,1624,8.756672
1588,1657,13.971618
1588,1673,13.903486
1589,1607,10.006996
1589,1626,8.913235
1589,1633,14.003536
1589,1662,11.265017
1590,1625,10.758703
1590,1632,8.195113
1590,1633,11.988401
1590,1647,8.325543
1591,1605,7.668728
1591,1609,12.7769985
1591,1621,9.437867
1591,1634,6.407782
1591,1649,12.892785
1591,1660,11.240539
1592,1600,7.883749
1592,1641,13.01002
1592,1644,8.527335
1593,1617,10.249875
1593,1653,10.235465
1594,1599,8.223392
1594,1606,7.2289042
1594,1648,8.018888
1594,1656,11.879431
1594,1661,13.358265
1595,1639,14.898969
1595,1678,12.757657
1596,1652,12.433898
1596,1668,11.404202
1597,1607,6.8393407
1597,1693,14.961832
1598,1614,6.376232
1598,1618,7.427258
1598,1627,14.909442
1598,1669,10.825197
1599,1635,8.708605
1599,1648,10.847211
1599,1656,7.8751903
1599,1682,13.537921
1600,1640,10.626503
1600,1644,9.450067
1600,1677,11.61423
1601,1645,12.551293
1601,1646,6.7873635
1601,1657,13.967961
1602,1658,12.906609
1603,1617,10.983288
1603,1675,11.359815
1604,1609,12.144632
1604,1612,13.461009
1604,1620,8.422597
1604,1642,9.732872
1604,1643,6.1287103
1604,1684,13.467693
1605,1609,5.481488
1605,1620,10.893815
1605,1634,7.2335353
1605,1649,6.860896
1605,1660,13.852943
1605,1689,14.152853
1606,1648,9.855804
1606,1655,13.719791
1606,1661,8.854867
1607,1662,11.552179
1608,1611,11.939786
1608,1659,10.675791
1608,1665,10.554115
1609,1620,6.6374397
1609,1634,12.463135
1609,1643,12.749306
1609,1649,8.2251005
1609,1688,14.225885
1610,1615,7.939948
1610,1619,9.67102
1610,1650,7.624351
1611,1627,7.9009547
1611,1659,10.584767
1611,1663,11.801001
1612,1636,13.699196
1612,1642,8.082516
1612,1654,7.087047
1612,1672,11.889019
1613,1664,11.03068
1613,1666,11.220755
1614,1618,12.824856
1614,1669,10.357889
1615,1621,7.2003784
1615,1650,12.539015
1615,1660,13.27956
1615,1686,12.796032
1616,1630,12.102359
1616,1658,13.338466
1616,1667,8.703926
1617,1653,14.397279
1617,1675,14.58505
1617,1679,10.271437
1618,1627,7.717533
1618,1663,10.6175785
1618,1669,10.580912
1619,1637,9.838017
1619,1650,8.773012
1619,1685,11.527982
1620,1642,14.735829
1620,1643,6.4674873
1620,1649,8.822765
1620,1684,11.695089
1620,1688,9.496616
1621,1634,9.752377
1621,1660,7.598068
1621,1686,10.934362
1621,1690,13.805586
1622,1623,13.739116
1622,1637,11.356294
1622,1638,9.018003
1622,1681,11.467779
1623,1628,9.542009
1623,1638,5.356436
1623,1651,7.8350043
1623,1681,13.274244
1624,1631,8.4728565
1624,1673,10.242423
1624,1674,11.276182
1625,1632,14.581318
1625,1647,9.541324
1625,1671,9.112525
1625,1696,14.526685
1626,1632,10.82574
1626,1633,5.4335895
1626,1662,9.806037
1626,1680,9.140225
1627,1659,13.837609
1627,1663,6.382532
1628,1638,14.426693
1628,1651,8.411864
1628,1655,8.544226
1628,1709,14.220568
1629,1635,11.094308
1629,1670,8.498848
1629,1676,9.026527
1629,1713,14.4724455
1630,1652,9.762944
1630,1667,13.319103
1630,1707,14.474603
1631,1674,8.376416
1631,1683,14.056053
1632,1633,5.4251294
1632,1647,5.835201
1632,1680,13.494886
1632,1687,9.854557
1633,1647,11.193203
1633,1662,14.039254
1633,1680,9.800559
1633,1687,12.954563
1634,1649,8.503139
1634,1660,6.645121
1634,1686,13.766799
1634,1689,10.981975
1634,1690,11.626155
1635,1656,7.5795016
1635,1676,9.103419
1635,1682,12.111169
1635,1694,11.433572
1636,1654,11.137708
1636,1665,13.0678625
1636,1672,8.496326
1636,1698,14.780237
1637,1685,10.941863
1637,1705,13.428226
1638,1651,9.716256
1638,1681,8.897771
1639,1640,9.571097
1639,1700,12.262313
1639,1701,13.763484
1640,1677,10.508794
1640,1701,10.963977
1641,1644,11.190765
1641,1645,11.215071
1641,1702,11.113243
1642,1643,8.3666
1642,1654,8.806836
1642,1672,13.995403
1642,1684,10.189514
1642,1698,13.943569
1642,1704,12.161722
1643,1649,14.574079
1643,1684,7.49511
1643,1688,10.920944
1644,1677,8.685214
1644,1702,13.239117
1645,1646,12.493135
1646,1657,10.074161
1646,1691,8.857301
1647,1671,14.495446
1647,1687,8.050537
1647,1696,11.939652
1648,1656,8.054967
1648,1661,9.195325
1648,1682,8.785486
1648,1699,10.53095
1649,1660,13.285893
1649,1688,9.220421
1649,1689,8.390077
1649,1690,14.781627
1649,1717,13.68071
1650,1685,9.867436
1650,1726,13.866768
1651,1655,12.9309635
1651,1681,12.247824
1651,1709,8.977393
1651,1732,14.882176
1652,1668,12.175311
1652,1692,8.428929
1652,1716,11.110712
1653,1679,12.92126
1653,1708,14.737578
1653,1714,11.850428
1654,1672,5.450252
1654,1698,8.426587
1654,1704,12.357597
1655,1661,8.7589445
1655,1706,10.044288
1655,1709,12.829339
1656,1676,14.1973505
1656,1682,5.817878
1656,1694,11.71011
1656,1699,14.238688
1656,1722,14.230703
1657,1673,11.367095
1657,1691,12.413447
1658,1667,12.570469
1659,1663,12.154458
1659,1665,12.211324
1659,1703,11.321759
1660,1686,7.1238265
1660,1689,11.059882
1660,1690,6.637654
1660,1720,12.588785
1661,1699,10.511982
1661,1706,10.65928
1662,1680,8.319082
1662,1697,8.0397005
1662,1712,12.777764
1662,1719,12.558162
1663,1703,10.789784
1664,1666,14.26949
1664,1678,12.01418
1664,1751,13.735917
1666,1670,13.759178
1666,1715,13.001912
1667,1707,10.12253
1668,1692,10.1861105
1668,1710,10.250388
1668,1735,14.744335
1669,1727,13.063471
1670,1676,10.933145
1670,1713,10.64612
1670,1715,10.78791
1670,1730,14.533204
1671,1695,11.634305
1671,1696,10.668174
1671,1711,8.785216
1671,1718,10.315453
1671,1741,14.871835
1672,1698,6.3953614
1672,1704,13.471365
1673,1674,13.255328
1673,1733,12.490396
1674,1683,11.148974
1674,1734,12.113065
1675,1679,11.108917
1675,1695,8.997597
1676,1694,7.908107
1676,1713,8.085631
1676,1750,14.648621
1677,1701,11.707815
1678,1700,12.479305
1678,1752,13.701148
1679,1714,10.993147
1679,1757,14.736172
1680,1687,14.470327
1680,1697,9.941567
1680,1719,8.396142
1681,1705,11.589887
1681,1749,12.635089
1682,1694,10.139527
1682,1699,9.63472
1682,1722,8.427826
1682,1729,10.62258
1683,1723,8.447827
1683,1756,14.581384
1684,1688,8.861869
1684,1704,10.923779
1684,1717,13.942723
1684,1724,7.9058294
1684,1725,10.493012
1684,1744,13.859656
1685,1705,14.014925
1685,1726,14.298672
1685,1731,9.649811
1686,1689,14.728463
1686,1690,6.455646
1686,1720,10.807966
1686,1721,8.369854
1686,1728,9.718765
1687,1696,8.4421835
1687,1754,12.981816
1688,1689,10.553734
1688,1717,7.5649905
1688,1724,12.570173
1688,1725,9.004066
1688,1736,14.908545
1689,1690,8.525049
1689,1717,9.310373
1689,1720,9.56597
1689,1736,10.845517
1689,1760,13.336138
1690,1720,5.9725523
1690,1721,12.703894
1690,1728,10.176666
1690,1736,14.139691
1690,1760,11.933817
1690,1767,13.685301
1691,1739,13.699755
1691,1765,12.923643
1692,1710,14.5995655
1692,1716,6.1154594
1692,1735,9.036872
1692,1763,12.4590845
1693,1697,14.382111
1693,1712,7.5852246
1694,1713,10.806298
1694,1722,12.539023
1694,1729,7.940695
1694,1750,10.571425
1695,1711,11.977453
1695,1718,7.0269175
1695,1748,9.2656555
1695,1753,10.818824
1696,1711,6.602816
1696,1718,12.290105
1696,1741,9.511283
1696,1754,9.812227
1697,1712,7.440318
1697,1719,7.319058
1697,1758,10.660829
1697,1766,14.610538
1698,1704,8.044707
1698,1744,13.316779
1698,1779,14.232397
1699,1706,11.523257
1699,1722,8.079049
1699,1729,14.606173
1699,1755,11.090293
1700,1701,10.56641
1700,1738,12.694278
1700,1752,14.014295
1701,1738,7.92594
1701,1761,14.450822
1702,1745,11.387425
1702,1780,14.179138
1703,1742,12.391021
1703,1778,13.636687
1704,1724,9.17556
1704,1744,7.0020056
1704,1770,13.151554
1704,1779,13.389914
1704,1785,14.945831
1705,1731,13.676555
1705,1759,10.353734
1705,1769,12.466708
1706,1709,12.15795
1706,1737,7.869574
1706,1755,11.828119
1706,1773,14.214728
1707,1716,11.601187
1707,1762,10.617433
1708,1740,10.853134
1708,1747,12.773298
1708,1776,13.682617
1709,1732,8.58674
1709,1737,11.489635
1709,1773,13.781549
1710,1735,12.043382
1710,1740,10.74238
1710,1768,11.044708
1711,1718,5.700434
1711,1741,6.0933614
1711,1753,10.148959
1711,1754,12.063244
1712,1719,13.832908
1712,1758,9.313193
1713,1715,11.11448
1713,1730,7.8036284
1713,1750,9.99732
1714,1747,8.959776
1714,1757,11.181739
1715,1730,7.650463
1716,1735,10.043903
1716,1762,13.174506
1716,1763,8.088959
1717,1720,14.362022
1717,1724,13.1694975
1717,1725,6.3493075
1717,1736,7.6980324
1717,1760,14.220255
1717,1771,10.777836
1718,1741,8.224154
1718,1748,10.127447
1718,1753,6.453824
1719,1758,11.885072
1719,1766,8.556501
1720,1721,13.55549
1720,1728,8.183112
1720,1736,9.489615
1720,1760,5.9631853
1720,1767,8.718804
1720,1783,12.092356
1721,1726,8.220464
1721,1728,6.6608377
1721,1767,13.018536
1721,1772,11.5557375
1722,1729,6.7644267
1722,1755,12.546066
1722,1775,9.461948
1723,1734,14.929421
1723,1746,10.298121
1723,1756,6.1418633
1724,1725,7.06259
1724,1744,7.551305
1724,1770,8.567601
1724,1785,14.680884
1724,1795,14.05772
1725,1736,12.454206
1725,1744,13.8892565
1725,1770,11.697873
1725,1771,10.883726
1725,1795,12.491519
1726,1728,13.572999
1726,1731,12.946302
1726,1772,11.045639
1727,1764,12.549996
1727,1782,10.932372
1727,1810,14.52396
1728,1760,10.25163
1728,1767,6.622124
1728,1772,10.726958
1728,1783,12.873422
1729,1750,10.178584
1729,1775,10.180574
1729,1804,14.6706
1730,1750,11.50792
1730,1787,13.938958
1730,1796,10.386187
1731,1769,10.040378
1731,1802,14.247047
1732,1737,14.090642
1732,1749,8.623029
1732,1773,12.135239
1732,1786,11.084688
1733,1734,12.003756
1733,1739,11.287371
1734,1791,12.586697
1735,1763,9.146121
1735,1768,9.991843
1735,1788,10.52649
1736,1760,6.9642477
1736,1767,13.171035
1736,1771,8.391909
1736,1783,11.405587
1736,1811,12.584686
1736,1816,12.814208
1737,1755,10.571388
1737,1773,6.3797684
1737,1812,13.973819
1738,1761,10.238233
1739,1765,12.327305
1740,1768,10.860476
1740,1776,10.367527
1740,1784,10.285937
1740,1792,10.344387
1741,1753,8.058508
1741,1754,8.6274185
1741,1793,13.375229
1742,1743,9.025909
1742,1778,11.329097
1742,1801,13.858197
1743,1801,10.76782
1744,1770,6.534022
1744,1779,9.838072
1744,1785,8.485133
1744,1795,14.901144
1745,1761,9.804354
1745,1780,12.954398
1745,1806,12.816781
1746,1756,6.079191
1746,1774,6.176457
1746,1798,14.040252
1746,1815,12.396471
1747,1757,14.238543
1747,1776,10.200711
1747,1777,6.882533
1747,1799,10.740422
1748,1753,7.1218185
1748,1781,9.741848
1748,1800,10.603608
1749,1759,9.845988
1749,1786,8.189191
1749,1789,13.11547
1750,1787,7.6888094
1750,1796,14.822437
1750,1804,13.77436
1750,1813,12.19355
1751,1752,10.623141
1751,1790,10.817222
1751,1805,14.862925
1752,1790,14.621134
1752,1797,10.424208
1752,1805,11.9970045
1753,1800,12.775388
1753,1819,12.647201
1754,1793,8.545528
1755,1773,14.072275
1755,1775,12.008792
1756,1774,11.73386
1756,1791,12.731363
1756,1815,12.951344
1757,1781,10.144547
1757,1799,13.119942
1757,1803,10.242492
1758,1766,12.259455
1758,1794,10.092931
1758,1822,14.093355
1759,1769,7.602749
1759,1786,13.554859
1759,1789,7.755634
1759,1817,12.5698595
1760,1767,6.221847
1760,1771,13.5909395
1760,1783,6.5372934
1760,1811,10.67212
1760,1816,13.946844
1761,1806,12.081156
1762,1763,10.573255
1762,1807,9.206978
1763,1788,9.148265
1763,1807,13.884238
1763,1826,13.488006
1764,1778,14.245222
1764,1782,10.473791
1764,1820,12.340044
1765,1814,10.445604
1766,1809,9.534321
1767,1772,11.325377
1767,1783,6.313783
1767,1811,11.978705
1768,1784,7.273454
1768,1788,12.197121
1768,1792,12.943205
1768,1808,8.769111
1768,1827,14.164789
1769,1789,9.909837
1769,1802,14.204493
1769,1817,9.699522
1770,1771,14.990846
1770,1779,13.004906
1770,1785,7.4703617
1770,1795,8.425538
1770,1821,12.214464
1770,1829,13.942002
1770,1849,14.981433
1771,1783,14.513026
1771,1795,8.604036
1771,1811,11.994218
1771,1816,8.373797
1771,1823,8.903344
1771,1829,13.7804785
1771,1844,14.109254
1772,1830,11.42646
1773,1812,8.75319
1773,1828,13.410967
1774,1798,7.8891106
1774,1815,11.293035
1775,1804,10.277156
1776,1777,6.10894
1776,1784,13.651902
1776,1792,8.371536
1776,1799,14.16498
1777,1792,13.579728
1777,1799,8.160569
1778,1820,12.481498
1778,1851,14.622773
1779,1785,7.181558
1779,1821,11.953032
1781,1800,8.059671
1781,1803,9.137529
1781,1832,10.90083
1782,1810,5.621036
1782,1820,13.764917
1782,1835,11.652852
1782,1842,13.016084
1783,1811,5.664959
1783,1816,10.866462
1783,1838,10.370935
1784,1792,6.2160196
1784,1808,6.662862
1784,1827,13.982074
1784,1857,13.637113
1785,1795,13.487377
1785,1821,6.809707
1785,1849,12.967324
1786,1789,11.612803
1786,1828,13.606678
1786,1831,11.787814
1786,1839,13.296462
1787,1796,11.056764
1787,1804,9.980124
1787,1813,4.5836754
1787,1856,14.148715
1788,1808,11.250239
1788,1826,9.554275
1788,1827,8.513972
1788,1861,14.053242
1789,1817,7.01137
1789,1831,8.936784
1789,1855,14.1480465
1790,1805,8.249518
1791,1815,14.604565
1791,1846,11.486598
1792,1808,11.898754
1792,1857,13.470484
1792,1858,14.54618
1793,1834,10.702346
1793,1841,11.459104
1794,1822,10.929116
1794,1824,9.512866
1795,1816,13.212225
1795,1821,14.388144
1795,1823,8.24016
1795,1829,7.623774
1795,1844,12.41756
1795,1849,12.422911
1796,1813,9.903404
1796,1856,14.239934
1797,1805,8.201074
1798,1815,13.5493555
1798,1833,10.122634
1798,1860,13.166944
1799,1803,10.231529
1799,1847,11.968926
1799,1850,12.038416
1800,1803,14.582611
1800,1819,10.4812565
1800,1832,8.87237
1800,1853,10.394463
1801,1818,8.019868
1801,1836,13.333451
1801,1837,8.968199
1801,1870,12.817389
1802,1817,13.896283
1802,1830,14.075525
1803,1832,10.513429
1803,1847,9.650675
1804,1813,11.111368
1804,1875,13.332138
1806,1865,13.041533
1806,1880,14.255398
1807,1826,10.127115
1807,1833,12.871647
1807,1840,8.634474
1807,1852,11.580893
1808,1827,7.323179
1808,1857,11.778958
1809,1822,12.329274
1809,1834,12.214918
1809,1848,8.207315
1810,1835,10.534799
1810,1842,8.028254
1811,1816,5.758139
1811,1823,12.517839
1811,1838,8.093662
1811,1844,14.575711
1811,1854,10.496265
1811,1871,14.945626
1812,1828,8.826794
1812,1873,12.0635805
1813,1856,9.581437
1814,1825,11.080496
1814,1845,8.993789
1814,1859,10.910742
1815,1846,13.250872
1815,1860,14.70196
1816,1823,6.7766623
1816,1829,13.792623
1816,1838,12.034435
1816,1844,9.604024
1816,1854,9.465995
1817,1831,11.203957
1817,1855,8.951758
1818,1837,6.3798223
1818,1843,9.558665
1818,1870,12.913379
1819,1841,9.311466
1819,1853,12.529947
1819,1878,13.305871
1819,1882,13.155048
1820,1835,9.970009
1820,1851,12.17681
1820,1862,9.666703
1821,1829,12.816802
1821,1849,7.5959883
1821,1879,12.241578
1822,1848,13.703397
1822,1866,8.927084
1822,1867,14.320878
1823,1829,7.0186315
1823,1844,5.281502
1823,1849,14.060087
1823,1854,11.703984
1823,1877,12.152803
1823,1889,14.025442
1824,1867,9.108998
1825,1859,9.9143
1826,1827,11.279918
1826,1840,12.464311
1826,1852,6.886675
1826,1861,9.795214
1826,1888,12.73571
1827,1857,14.05296
1827,1861,8.312914
1828,1839,9.335822
1828,1873,13.227922
1829,1844,7.434596
1829,1849,7.0499578
1829,1877,9.894933
1830,1863,9.30544
1830,1872,10.54136
1831,1839,10.300385
1831,1855,11.916781
1831,1868,7.939037
1831,1890,10.581475
1832,1847,12.5090275
1832,1853,7.687301
1833,1840,9.170651
1833,1860,10.041384
1833,1876,8.666682
1833,1892,14.373562
1834,1841,12.900661
1834,1848,10.527727
1834,1883,11.502952
1835,1842,9.217893
1835,1862,12.367385
1835,1884,9.668917
1835,1911,14.289579
1836,1837,13.362566
1836,1851,9.442585
1836,1870,9.32572
1837,1843,11.053086
1837,1870,6.57959
1837,1886,9.333002
1838,1854,8.991868
1838,1863,10.745535
1838,1871,7.1694264
1838,1893,12.028452
1839,1868,6.5435524
1839,1890,12.475518
1839,1905,12.08768
1840,1852,8.447752
1840,1876,7.384747
1840,1888,13.194282
1840,1892,8.66193
1841,1878,13.908359
1841,1882,8.701246
1841,1883,9.683131
1841,1907,14.43168
1842,1884,8.083207
1843,1879,11.739726
1843,1886,14.2370615
1843,1903,12.745779
1844,1849,13.297666
1844,1854,9.325944
1844,1877,7.3296776
1844,1889,8.997475
1844,1904,14.94134
1845,1859,9.104179
1845,1869,10.643635
1846,1887,10.813891
1847,1850,10.131159
1847,1916,14.468961
1848,1866,12.06687
1848,1896,9.121178
1849,1877,11.721669
1849,1879,12.863714
1850,1858,9.3439455
1850,1881,14.65835
1850,1898,10.808524
1850,1902,14.868323
1851,1862,7.18566
1852,1861,9.898535
1852,1876,13.726268
1852,1888,6.947037
1852,1892,10.383072
1852,1914,13.2055
1853,1878,7.841224
1853,1882,14.258741
1854,1871,10.580754
1854,1877,13.562846
1854,1889,8.411722
1854,1893,10.192551
1854,1904,10.469471
1854,1926,14.807158
1855,1885,10.244494
1855,1890,11.693891
1855,1901,9.976797
1856,1864,14.462388
1856,1875,13.1993685
1856,1924,14.179153
1857,1858,12.867413
1857,1881,9.8971
1857,1891,6.485285
1857,1906,13.439321
1857,1912,12.582383
1858,1881,6.4688005
1858,1891,13.5479355
1858,1898,11.950699
1858,1902,10.084974
1858,1912,14.135614
1859,1900,10.302495
1860,1876,12.944283
1861,1888,9.422774
1861,1906,12.897458
1861,1915,11.234168
1862,1911,14.4701805
1862,1933,14.2528715
1863,1871,7.8694477
1863,1872,13.081615
1863,1893,13.463504
1863,1897,7.6194906
1863,1899,12.548534
1863,1919,13.3785095
1863,1922,14.693789
1863,1930,14.028934
1864,1894,12.488325
1864,1921,13.68045
1865,1880,10.185302
1866,1867,12.43235
1866,1896,10.712633
1866,1908,9.682888
1867,1908,11.618939
1867,1925,12.325264
1868,1890,5.9643173
1868,1905,9.174064
1868,1913,10.597449
1869,1910,10.395325
1869,1928,12.780459
1870,1886,6.250009
1870,1929,13.859749
1871,1893,6.3224883
1871,1897,10.291777
1871,1904,13.154175
1871,1922,10.945235
1871,1926,13.284104
1871,1930,13.693319
1872,1885,11.825498
1872,1897,12.996003
1872,1899,7.3741965
1872,1919,12.648798
1872,1927,11.255694
1873,1874,8.165562
1873,1920,12.850849
1873,1923,13.961782
1873,1931,12.195748
1874,1909,11.963914
1874,1920,10.236835
1874,1931,13.400641
1875,1909,14.626789
1875,1945,14.004526
1876,1892,6.297854
1876,1914,13.258757
1877,1889,7.5383964
1877,1904,13.513772
1877,1918,10.033757
1877,1940,12.9719095
1878,1882,7.34304
1878,1907,10.598833
1878,1937,13.23418
1878,1950,13.790726
1879,1903,12.042276
1879,1934,12.403697
1879,1951,13.589055
1880,1910,12.049301
1881,1891,7.831755
1881,1898,12.096405
1881,1902,6.095127
1881,1912,7.7411704
1881,1949,13.428875
1881,1953,13.73772
1882,1883,9.273011
1882,1907,6.585807
1882,1917,13.126819
1882,1950,14.228597
1883,1907,9.989954
1883,1917,7.9518833
1883,1946,13.771524
1884,1911,9.172395
1884,1939,12.495207
1884,1954,14.657117
1885,1901,10.918097
1885,1927,12.153579
1885,1958,13.764104
1886,1903,11.751075
1886,1929,9.175518
1887,1895,10.649424
1887,1941,13.518142
1887,1942,10.198567
1888,1892,9.642221
1888,1914,8.080386
1888,1915,9.40123
1888,1943,10.392099
1889,1893,11.927505
1889,1904,6.322119
1889,1918,13.906907
1889,1926,11.995127
1889,1940,10.644425
1890,1901,9.437876
1890,1905,9.325929
1890,1913,6.6459355
1890,1955,14.954744
1890,1963,14.860379
1891,1902,11.504787
1891,1906,10.418921
1891,1912,6.49496
1891,1944,11.601479
1891,1949,11.952934
1892,1914,7.2459173
1892,1943,13.694945
1893,1897,12.590701
1893,1904,7.404193
1893,1922,7.485927
1893,1926,7.045917
1893,1930,12.645534
1894,1935,10.492383
1894,1961,12.485144
1895,1936,10.880869
1895,1941,8.221865
1895,1942,13.590024
1896,1908,14.303827
1896,1938,8.119064
1897,1899,8.1846285
1897,1919,6.355172
1897,1922,9.678265
1897,1930,6.7690134
1897,1966,13.8376255
1898,1902,7.786396
1898,1912,14.926359
1898,1953,11.482485
1898,1962,11.698805
1899,1919,5.394661
1899,1927,7.946785
1899,1930,11.545031
1899,1966,12.584013
1900,1936,14.753116
1900,1948,13.867741
1900,1956,10.72078
1901,1913,10.374479
1901,1955,9.080865
1901,1958,12.135336
1902,1912,7.213076
1902,1949,10.471316
1902,1953,8.202112
1903,1929,13.55367
1903,1934,7.2362657
1903,1960,9.222427
1904,1922,12.104685
1904,1926,5.6804366
1904,1940,9.804678
1905,1913,6.5292583
1905,1923,12.43418
1905,1963,11.392245
1905,1969,11.986016
1906,1912,13.681192
1906,1915,9.360916
1906,1944,8.10861
1906,1957,10.312005
1907,1917,9.043392
1907,1950,8.913912
1907,1971,12.693074
1908,1925,9.411879
1908,1938,14.83929
1909,1920,11.413983
1909,1945,12.860329
1909,1973,11.924748
1910,1928,8.744361
1910,1959,8.851737
1911,1933,8.856387
1911,1939,10.762708
1911,1954,7.3403506
1912,1944,10.389949
1912,1949,6.1179066
1912,1953,9.6172
1912,1975,13.394711
1912,1981,13.330658
1913,1955,11.051797
1913,1963,8.27167
1913,1969,13.949532
1914,1915,12.531905
1914,1943,6.526548
1914,1974,12.147673
1915,1943,8.778934
1915,1944,14.693064
1915,1957,8.079575
1915,1974,13.825468
1915,1980,13.605617
1916,1937,14.167476
1916,1962,13.781406
1916,1982,14.551115
1917,1946,6.889479
1917,1971,12.395746
1917,1991,14.138551
1918,1940,9.836954
1918,1951,11.10148
1918,1976,11.061592
1919,1922,12.290053
1919,1927,10.452545
1919,1930,6.51757
1919,1966,8.334203
1919,1972,13.302612
1920,1931,5.8569384
1920,1973,13.340841
1920,1977,9.9592285
1921,1924,11.09099
1921,1961,14.430674
1921,1984,13.349471
1922,1926,7.5537925
1922,1930,6.0768104
1922,1966,14.747285
1922,1972,9.953842
1923,1931,9.703746
1923,1969,12.1320305
1923,1987,13.069059
1924,1945,12.420315
1924,1984,12.679893
1925,1979,9.7544775
1926,1930,13.540739
1926,1940,11.879463
1926,1972,14.166606
1927,1958,12.262414
1927,1966,12.610062
1928,1948,9.931433
1928,1959,11.6976
1929,1960,11.7237835
1929,1999,13.079215
1930,1966,9.351655
1930,1972,8.639837
1931,1977,11.411021
1932,1935,8.995683
1932,1994,11.810472
1933,1947,11.836805
1933,1954,9.552163
1933,1968,11.346265
1933,1986,13.303258
1933,2000,14.477951
1934,1951,10.468126
1934,1960,8.044876
1935,1961,11.51124
1935,1994,13.492781
1936,1941,8.347867
1936,1956,8.681924
1936,1985,14.335358
1936,1988,10.329447
1936,1989,12.592588
1937,1950,9.995128
1937,1982,13.534841
1937,1990,12.838298
1938,1946,14.33092
1938,1970,7.375307
1938,1983,11.486737
1938,2010,14.902522
1939,1954,7.9496737
1939,2008,13.362256
1940,1976,13.675221
1941,1942,9.38027
1941,1988,13.686233
1941,1989,10.187121
1942,1967,11.22619
1942,1989,14.093736
1942,2007,12.938261
1943,1957,11.711459
1943,1974,6.96011
1943,1980,14.758938
1943,1998,13.225386
1944,1949,8.97742
1944,1957,10.216724
1944,1975,7.6481338
1944,1980,12.107006
1944,1981,14.322849
1944,2009,13.117734
1945,1973,13.6608
1946,1971,13.270415
1946,1983,11.2684355
1946,1991,9.371373
1947,1968,5.542144
1947,1996,12.589534
1947,2000,14.4825115
1948,1995,10.7896385
1948,2006,13.924558
1949,1953,7.053458
1949,1975,8.241303
1949,1981,7.529394
1949,2012,12.919013
1950,1971,9.263978
1950,1990,8.941981
1950,2005,14.684063
1951,1976,10.78033
1952,1965,7.2799616
1952,1992,12.940979
1952,1997,10.592342
1953,1962,14.043434
1953,1975,13.825908
1953,1981,7.4786654
1953,2003,11.514893
1953,2025,14.979662
1954,1986,10.332638
1954,2008,12.524077
1955,1958,8.860014
1955,1963,9.5282545
1955,1993,8.577118
1955,2014,13.22489
1956,1985,6.52613
1956,1988,10.427077
1956,2028,14.499756
1957,1974,12.418222
1957,1975,14.107778
1957,1980,5.7455425
1957,1998,10.755651
1957,2009,14.871094
1957,2017,12.12489
1958,1993,12.312633
1958,2014,11.205284
1959,1964,9.963617
1959,2002,13.687083
1959,2032,14.882684
1960,1999,12.505079
1960,2011,10.717451
1961,2016,10.173567
1962,2003,12.4513445
1962,2004,9.650894
1963,1969,9.410281
1963,1993,11.329159
1963,2015,10.858732
1964,2002,8.449706
1965,1978,10.218906
1965,1992,7.3430367
1965,1997,11.36848
1965,2043,14.560844
1966,1972,9.264073
1966,2013,10.488066
1966,2018,11.206872
1967,2007,11.563223
1968,1986,14.195031
1968,1996,11.903414
1968,2000,8.98063
1968,2035,11.591461
1969,1987,6.6087246
1969,2015,13.46808
1969,2031,11.588712
1970,1983,9.716527
1970,2010,7.962969
1970,2040,14.609558
1971,1990,10.535663
1971,1991,10.607819
1971,2005,6.413867
1971,2026,14.710549
1971,2036,11.240329
1972,2018,9.903215
1973,1977,8.247834
1974,1978,14.793939
1974,1980,12.491197
1974,1998,7.8210473
1975,1980,12.553068
1975,1981,8.793073
1975,2009,7.0099053
1975,2012,7.6627655
1975,2017,13.224942
1975,2025,13.722545
1975,2051,14.152017
1976,2022,10.068477
1976,2023,11.246747
1977,2019,9.668156
1977,2047,13.978429
1978,1992,8.833777
1978,2024,9.120791
1979,2021,9.551024
1980,1998,7.233144
1980,2009,10.671117
1980,2017,6.3912287
1980,2054,14.900378
1981,2003,9.854728
1981,2009,13.141387
1981,2012,7.8206816
1981,2025,8.511434
1982,2004,13.8053055
1982,2049,12.720253
1983,1991,9.605919
1983,2010,10.161771
1984,2020,8.582034
1984,2027,10.2926035
1984,2038,14.399094
1984,2039,9.607932
1985,1988,10.868675
1985,1995,11.243042
1985,2028,9.027848
1986,2000,7.6176686
1986,2008,9.35972
1986,2060,12.846143
1987,2031,8.611795
1988,1989,8.112126
1988,2028,11.298132
1988,2029,13.386346
1988,2033,8.795912
1988,2056,13.19731
1989,2007,11.32185
1989,2029,8.094108
1989,2033,8.042251
1989,2056,14.368688
1989,2058,14.481191
1990,2005,11.85006
1990,2026,6.6939173
1990,2036,11.711733
1991,2005,9.199904
1991,2036,13.98904
1991,2057,13.190866
1992,1997,9.924739
1992,2024,9.057153
1992,2043,7.8502226
1992,2065,13.84198
1993,2014,7.6126432
1993,2015,9.2222395
1993,2044,9.303977
1993,2053,13.148635
1994,2045,13.535023
1995,2006,10.1155
1995,2028,14.295516
1995,2034,7.995808
1995,2062,12.943658
1995,2063,14.227158
1996,1999,12.001401
1996,2035,11.105809
1996,2037,8.702216
1997,2043,9.830005
1997,2065,14.450279
1998,2017,8.19459
1998,2064,12.985579
1998,2066,12.644385
1999,2011,10.212625
1999,2041,9.324833
2000,2035,8.76859
2000,2060,11.4035635
2001,2002,14.825287
2001,2048,14.625323
2002,2032,13.819903
2002,2042,8.489701
2002,2048,8.929466
2003,2004,10.972322
2003,2012,14.286984
2003,2025,8.833176
2003,2059,14.606223
2004,2049,11.999202
2004,2059,11.113111
2005,2026,12.859915
2005,2036,5.6598134
2005,2057,13.431907
2006,2032,10.719357
2006,2034,8.08292
2006,2062,13.920855
2007,2029,8.815279
2007,2033,14.571978
2007,2076,14.634252
2009,2012,6.8879666
2009,2017,7.9263005
2009,2025,13.72319
2009,2051,8.345997
2009,2054,9.638066
2010,2021,14.967875
2010,2040,8.893548
2010,2067,12.88414
2011,2030,13.710613
2011,2041,8.303355
2011,2075,12.633396
2012,2017,14.74126
2012,2025,6.9779778
2012,2051,8.520018
2012,2054,13.70145
2012,2069,12.04659
2013,2018,9.123265
2013,2046,12.39621
2014,2044,9.848002
2014,2046,11.079408
2014,2053,9.149717
2015,2031,11.0453205
2015,2044,9.579906
2015,2072,12.748613
2016,2027,13.151221
2016,2073,13.040783
2017,2051,12.591924
2017,2054,8.603794
2017,2064,10.250287
2017,2066,13.75379
2018,2055,13.02041
2018,2081,13.144736
2019,2047,9.444387
2020,2027,11.660721
2020,2038,6.10399
2020,2039,6.908842
2020,2061,10.336796
2021,2040,8.104878
2021,2086,14.212431
2022,2023,11.496257
2022,2030,7.8996787
2023,2052,11.003109
2024,2043,10.239729
2024,2065,13.303086
2025,2051,11.82386
2025,2069,9.898819
2025,2077,11.9691105
2026,2036,9.596099
2026,2079,12.13689
2027,2039,5.44332
2027,2061,9.366959
2028,2033,13.707364
2028,2056,12.483729
2028,2063,10.856275
2028,2070,9.10224
2029,2033,6.227536
2029,2056,10.543672
2029,2058,7.4183025
2030,2075,14.903375
2030,2088,13.308701
2030,2091,14.477651
2031,2072,11.46867
2032,2042,8.530844
2032,2074,10.007415
2033,2056,6.328509
2033,2058,7.990976
2033,2084,14.054132
2034,2062,6.2583833
2034,2063,10.987825
2034,2082,12.051402
2035,2037,7.2366743
2035,2060,12.958857
2035,2080,12.40181
2036,2057,12.762954
2036,2079,11.585414
2037,2071,10.448714
2038,2039,11.661957
2038,2061,12.389156
2039,2061,5.8928638
2040,2078,11.135386
2040,2086,12.601898
2041,2071,12.819336
2041,2075,8.546732
2042,2048,7.8366103
2042,2074,7.3864784
2042,2093,12.584341
2042,2102,14.90895
2043,2065,6.1194143
2043,2097,13.790357
2044,2053,6.542766
2044,2072,14.005499
2044,2089,10.507875
2044,2092,13.645211
2045,2068,9.652974
2045,2094,14.913248
2045,2095,14.588042
2046,2053,9.715332
2046,2092,13.21993
2046,2110,14.613214
2047,2050,6.6089034
2047,2107,14.473458
2048,2074,12.295928
2048,2083,12.412616
2048,2093,10.516932
2048,2105,14.951389
2049,2059,11.102136
2049,2099,13.97019
2050,2107,14.56706
2051,2054,6.7982264
2051,2064,14.3423605
2051,2069,8.326376
2051,2090,10.141113
2052,2055,11.362299
2053,2089,10.980079
2053,2092,8.968287
2054,2064,7.5745277
2054,2066,13.566829
2054,2069,14.317568
2054,2090,9.803436
2054,2101,11.767411
2056,2058,6.5383897
2056,2070,11.824501
2056,2084,7.800373
2057,2067,11.991699
2057,2087,9.345558
2058,2084,10.297887
2058,2096,11.011758
2059,2077,11.205642
2059,2085,8.191274
2059,2116,14.548865
2060,2080,8.038241
2062,2063,6.8016057
2062,2070,14.717594
2062,2082,8.281363
2062,2108,11.303457
2063,2070,7.9562216
2063,2082,13.91115
2063,2108,10.799362
2063,2115,14.3590355
2064,2066,6.0711737
2064,2090,13.366743
2064,2100,9.615555
2064,2101,9.854925
2064,2111,14.511007
2065,2097,7.8016424
2065,2117,14.144917
2066,2100,9.2095175
2066,2101,13.117637
2066,2111,12.128925
2067,2078,9.507364
2068,2095,6.0406275
2069,2077,9.546264
2069,2090,11.306408
2069,2112,12.96266
2069,2113,11.756939
2069,2130,14.508268
2070,2084,10.531118
2070,2108,13.997345
2070,2115,11.061563
2072,2089,11.235208
2072,2103,9.254382
2074,2093,9.8353405
2074,2102,7.856304
2075,2088,7.8788986
2076,2096,10.388173
2076,2098,11.083619
2077,2085,6.8668566
2077,2112,10.004336
2077,2116,12.466979
2078,2086,11.033388
2078,2123,13.918316
2078,2137,13.27031
2079,2087,13.094966
2079,2114,10.409836
2081,2109,11.288328
2081,2127,13.750592
2082,2108,10.993561
2083,2093,11.314386
2083,2105,5.690854
2083,2126,12.126348
2083,2129,11.0976
2084,2115,12.749634
2084,2133,11.433474
2085,2112,10.570988
2085,2116,7.265817
2086,2119,13.171043
2086,2123,10.226228
2088,2091,11.524818
2088,2147,14.351338
2089,2092,9.242351
2089,2103,6.7576504
2089,2124,11.439019
2090,2100,14.831675
2090,2101,8.180849
2090,2113,8.36546
2090,2130,13.756202
2090,2134,10.264352
2090,2142,12.143919
2091,2118,11.913491
2091,2148,12.235114
2092,2103,14.931037
2092,2110,8.890413
2092,2124,9.065315
2093,2102,9.418584
2093,2105,9.089748
2093,2126,9.640196
2094,2125,7.320645
2094,2141,12.070095
2095,2128,9.113801
2096,2154,13.565707
2097,2117,8.0465355
2097,2151,14.180576
2098,2117,12.710145
2099,2114,13.294839
2099,2122,12.277824
2099,2135,10.892495
2100,2101,6.817391
2100,2111,5.510909
2100,2131,7.856053
2100,2134,13.026512
2100,2139,12.755231
2100,2144,11.323912
2101,2111,11.688985
2101,2113,14.477145
2101,2131,10.434882
2101,2134,8.224654
2101,2142,13.468421
2101,2144,10.7005
2102,2126,14.412607
2103,2124,12.945772
2104,2120,7.543994
2104,2149,9.144642
2105,2126,6.4674516
2105,2129,8.281255
2105,2153,10.865754
2106,2111,11.27111
2106,2138,8.657459
2106,2139,11.048948
2107,2158,12.802991
2108,2115,10.25396
2108,2132,6.98334
2109,2110,8.413088
2109,2152,12.313056
2109,2155,10.733191
2110,2124,11.672326
2110,2155,14.183603
2110,2168,14.278374
2111,2131,6.260398
2111,2138,14.06555
2111,2139,7.545932
2111,2144,11.300695
2111,2171,14.001435
2111,2177,14.975713
2112,2113,10.742489
2112,2116,9.077453
2112,2130,7.4321604
2112,2156,9.97316
2112,2159,11.889071
2113,2130,5.399855
2113,2134,10.878112
2113,2142,8.099383
2113,2159,10.771254
2114,2135,8.219495
2114,2163,12.49044
2115,2132,10.775302
2115,2133,13.93751
2115,2176,14.789508
2116,2122,11.373364
2116,2156,10.537837
2116,2172,13.198914
2117,2151,11.2345
2117,2161,10.464465
2118,2143,7.4848075
2118,2148,8.9819565
2118,2165,13.628562
2118,2174,13.988976
2119,2123,11.886845
2120,2149,9.002876
2120,2186,14.92748
2121,2146,14.326948
2122,2172,11.534202
2122,2178,12.8730345
2123,2137,8.451173
2124,2168,11.3269415
2125,2141,4.9323015
2125,2150,11.651554
2125,2175,12.501325
2126,2129,10.0264845
2126,2153,7.3368134
2127,2152,8.476697
2127,2160,7.662274
2128,2129,10.030162
2128,2150,10.990773
2128,2184,14.3617935
2129,2153,7.5196037
2129,2184,12.922389
2130,2134,14.445692
2130,2142,9.674229
2130,2156,11.178419
2130,2159,6.476139
2131,2134,10.966786
2131,2139,8.137392
2131,2144,5.153891
2131,2162,11.1640215
2131,2171,8.320509
2131,2177,11.376067
2132,2166,8.040012
2133,2176,9.854345
2133,2182,13.9153805
2134,2142,5.894553
2134,2144,7.2619314
2134,2162,8.663085
2134,2171,12.891695
2134,2187,13.852391
2135,2163,6.659657
2135,2178,14.177073
2136,2137,9.505898
2136,2173,11.240167
2138,2139,8.498257
2138,2151,13.206113
2138,2170,7.7271886
2138,2177,14.070292
2139,2144,12.318309
2139,2170,14.283859
2139,2171,11.188616
2139,2177,8.952665
2140,2145,12.835336
2141,2150,11.203512
2141,2175,8.777669
2142,2144,11.852564
2142,2159,9.9575405
2142,2162,9.888852
2142,2187,13.410104
2143,2148,9.739147
2143,2165,6.223652
2143,2174,8.724933
2143,2197,12.487266
2144,2162,6.2303205
2144,2171,6.287806
2144,2177,11.924793
2144,2187,11.355708
2144,2199,13.890411
2145,2157,8.449786
2145,2188,12.11629
2147,2179,13.70922
2148,2165,14.6101885
2148,2174,8.980806
2148,2179,10.716376
2149,2158,9.798282
2149,2186,9.494792
2150,2175,8.223453
2151,2161,11.0710745
2151,2170,9.585105
2152,2155,7.0918565
2152,2160,10.515327
2152,2185,12.958414
2152,2202,13.19601
2152,2204,14.501103
2153,2184,11.756838
2153,2200,13.365925
2154,2169,13.603389
2154,2182,10.562219
2155,2168,13.737883
2155,2185,7.9286256
2155,2202,12.099881
2156,2159,9.313357
2156,2172,11.497017
2156,2192,10.908856
2156,2195,13.906511
2157,2164,8.3507595
2157,2188,9.337516
2158,2181,8.247008
2158,2186,14.19182
2158,2194,9.426549
2158,2206,13.410144
2159,2192,9.852432
2160,2204,13.304022
2161,2169,8.949656
2162,2171,6.6849275
2162,2177,13.062678
2162,2187,5.5231724
2162,2199,10.595449
2162,2220,14.842332
2163,2178,12.748239
2163,2190,9.581768
2163,2205,14.125857
2164,2188,11.810454
2164,2193,9.251944
2165,2174,9.147893
2165,2197,8.4379015
2165,2208,14.522051
2165,2223,14.839185
2167,2176,5.4138484
2167,2218,10.168447
2168,2185,11.719978
2168,2216,13.07631
2170,2211,11.625295
2171,2177,6.4924994
2171,2187,8.811945
2171,2199,8.157979
2171,2219,14.811235
2172,2178,12.406583
2172,2195,6.6084986
2172,2213,12.501229
2173,2191,12.440103
2173,2196,14.866348
2173,2221,14.05756
2174,2179,11.674236
2174,2197,7.454804
2174,2222,12.539232
2175,2224,12.807185
2176,2218,14.444614
2177,2187,13.681512
2177,2199,8.949256
2177,2219,11.489328
2178,2195,14.482992
2178,2205,8.73459
2178,2213,12.027142
2178,2231,13.712122
2180,2186,14.74897
2180,2209,9.647965
2181,2194,7.555045
2181,2203,9.264118
2181,2206,12.429832
2181,2215,9.442463
2183,2203,10.662837
2184,2239,13.269838
2185,2202,7.4449525
2185,2237,14.805395
2186,2194,12.657757
2186,2206,10.798122
2187,2199,7.429117
2187,2220,9.384427
2188,2225,14.073769
2188,2241,13.986727
2189,2200,8.816352
2189,2210,7.305888
2189,2244,14.502543
2190,2196,11.77714
2190,2229,12.880791
2190,2235,12.515182
2191,2198,12.258086
2191,2227,8.349642
2192,2195,14.826823
2193,2214,12.6170225
2193,2225,13.1173
2193,2230,10.144772
2194,2203,13.523108
2194,2206,4.9443274
2194,2215,7.0595036
2195,2213,8.194426
2195,2231,14.383251
2196,2221,10.170032
2197,2208,13.652916
2197,2222,9.253443
2197,2223,9.326392
2198,2201,9.758725
2198,2227,12.803373
2198,2236,13.3970785
2199,2219,8.364254
2199,2220,8.576199
2200,2210,6.771826
2200,2243,13.442867
2200,2244,11.393695
2201,2236,9.913809
2202,2204,8.024328
2202,2233,10.0277605
2202,2237,14.2257595
2203,2215,9.226783
2203,2232,11.199969
2203,2246,12.1066885
2204,2226,10.026825
2204,2233,10.562131
2205,2213,10.755483
2205,2229,8.359021
2205,2231,7.9802217
2205,2250,13.726208
2206,2215,8.419646
2206,2255,12.321236
2207,2214,9.087696
2207,2242,9.690909
2207,2245,12.048213
2208,2223,8.033105
2208,2226,10.458124
2208,2254,12.529819
2209,2251,11.983068
2210,2243,13.763029
2210,2244,7.2196436
2210,2247,10.880864
2211,2217,14.753782
2211,2219,12.928167
2211,2249,13.302491
2211,2269,14.952679
2213,2231,6.1898074
2213,2259,12.161155
2214,2230,8.009704
2214,2242,10.87418
2215,2232,8.308591
2215,2246,13.206512
2215,2255,14.85044
2216,2237,11.530778
2217,2238,10.525879
2218,2228,13.830214
2218,2248,13.210879
2219,2220,12.244455
2219,2249,8.696332
2219,2272,14.961566
2220,2240,8.359088
2220,2272,14.671748
2221,2286,14.359258
2222,2223,11.961468
2222,2253,7.1380744
2222,2261,13.918211
2222,2282,14.360205
2223,2253,13.618764
2223,2254,9.681669
2224,2260,11.991713
2225,2230,12.3087225
2225,2241,10.813777
2226,2233,14.426845
2226,2254,13.478523
2226,2264,11.199295
2227,2256,8.317159
2227,2263,14.565178
2227,2270,11.095501
2228,2252,12.193677
2229,2231,12.112965
2229,2235,10.421247
2229,2250,6.371578
2229,2267,12.573713
2229,2275,11.901013
2230,2281,12.077055
2231,2250,14.269612
2231,2259,7.9455767
2231,2267,11.69642
2232,2246,5.777235
2232,2283,13.696873
2232,2291,10.284116
2233,2237,11.943601
2233,2264,11.856995
2233,2289,11.031573
2234,2271,10.074185
2234,2273,10.671188
2235,2250,9.713797
2235,2268,7.7159038
2235,2275,11.659751
2236,2256,14.892967
2236,2263,10.217235
2236,2265,8.394452
2236,2297,13.69142
2237,2298,13.190223
2238,2284,10.791972
2239,2243,10.694512
2239,2258,9.463205
2240,2262,8.948234
2240,2285,9.499257
2241,2257,7.5913486
2242,2245,8.2226095
2242,2287,9.16617
2242,2292,12.723107
2243,2244,8.989807
2243,2278,12.149536
2243,2306,13.95595
2244,2247,8.012196
2244,2278,8.997235
2245,2261,10.087052
2245,2292,10.256772
2246,2291,10.198421
2247,2266,11.423937
2247,2278,9.5709505
2247,2307,12.744013
2248,2299,10.225487
2249,2269,9.415147
2249,2272,10.850403
2250,2259,14.3088875
2250,2267,8.66748
2250,2268,11.916991
2250,2275,5.5487514
2250,2308,14.844748
2251,2276,10.327571
2251,2293,9.963508
2252,2266,8.18498
2252,2279,6.924149
2252,2295,10.404279
2252,2313,14.508333
2253,2261,10.79524
2253,2282,7.4100566
2253,2288,11.443872
2253,2312,14.063158
2254,2288,10.153712
2254,2322,14.887104
2255,2283,8.039549
2255,2290,8.70646
2256,2263,6.906187
2256,2270,8.150371
2256,2311,12.524147
2257,2294,11.853854
2259,2267,7.144043
2260,2271,10.97969
2260,2310,11.463984
2261,2282,9.784968
2261,2292,11.534999
2261,2309,10.162374
2262,2280,8.887114
2262,2285,8.434044
2262,2300,8.275449
2263,2265,11.994819
2263,2270,13.614762
2263,2297,14.723188
2263,2303,12.169611
2263,2311,13.665081
2263,2330,14.104726
2264,2289,10.506045
2264,2304,8.795447
2265,2297,5.384162
2265,2303,8.501718
2266,2279,7.041701
2266,2295,13.474574
2266,2307,10.941268
2266,2313,8.89381
2267,2275,8.908852
2268,2275,9.899411
2268,2308,8.816735
2269,2302,10.021274
2269,2321,10.549931
2270,2311,8.907785
2270,2317,10.790065
2271,2273,12.870771
2271,2301,7.3132186
2271,2310,11.482745
2272,2285,12.118815
2272,2328,10.674259
2273,2277,7.916683
2273,2301,11.792764
2273,2333,13.05257
2274,2284,11.3257885
2274,2316,8.756126
2275,2308,9.772452
2276,2293,11.772105
2276,2298,13.317095
2276,2305,7.3989944
2276,2342,14.153954
2277,2315,13.601882
2277,2333,11.607264
2278,2306,8.69938
2278,2307,11.555583
2278,2334,11.175065
2279,2295,6.452504
2279,2307,14.740579
2279,2313,8.451108
2279,2327,13.555068
2279,2345,13.010505
2280,2300,5.7188935
2280,2329,9.504377
2281,2287,11.554835
2281,2318,9.604256
2281,2344,14.605242
2282,2288,10.253436
2282,2309,9.925168
2282,2312,7.8136144
2283,2290,10.474767
2283,2291,9.926182
2283,2323,13.931194
2283,2343,12.514864
2284,2314,13.909754
2284,2316,13.104592
2285,2300,12.127471
2285,2328,14.446687
2285,2340,11.067653
2286,2317,12.04681
2287,2292,12.276791
2287,2318,10.401799
2287,2349,14.542674
2288,2312,8.748988
2288,2322,8.997009
2289,2298,14.200067
2289,2304,13.722986
2289,2332,12.8143635
2289,2350,14.284664
2290,2325,10.519906
2290,2343,14.843344
2291,2323,7.8581467
2291,2351,13.541827
2292,2309,10.848053
2293,2305,14.053297
2293,2320,9.053622
2293,2338,9.675348
2294,2335,13.404567
2295,2296,11.680507
2295,2313,12.737169
2295,2327,8.593332
2295,2345,13.299028
2296,2327,11.312415
2296,2331,12.520725
2296,2354,13.396803
2297,2303,5.5217805
2297,2336,12.896724
2297,2341,10.3567915
2298,2305,10.1452675
2298,2332,9.690648
2298,2342,14.546085
2298,2355,14.104172
2299,2331,13.534564
2299,2346,10.987928
2299,2353,13.96479
2300,2329,9.286474
2300,2340,13.951183
2301,2310,10.145738
2301,2359,12.160536
2302,2314,10.795166
2302,2321,6.9493694
2302,2364,13.523494
2303,2330,10.712524
2303,2336,7.760755
2303,2341,7.583827
2304,2337,8.300968
2305,2338,12.477396
2305,2342,7.2518225
2305,2355,12.266271
2306,2334,8.133849
2307,2313,7.876496
2307,2334,11.27758
2307,2345,14.580693
2307,2367,14.816698
2309,2312,12.260941
2309,2369,14.9471035
2310,2362,11.999262
2311,2317,9.21529
2311,2330,10.086093
2311,2365,14.385362
2312,2322,10.750574
2313,2345,8.282445
2313,2367,14.442474
2314,2357,14.71039
2314,2377,13.274811
2315,2333,12.941169
2315,2339,10.323078
2315,2356,10.204521
2316,2346,13.671628
2316,2347,8.329177
2316,2357,13.604525
2316,2360,11.737065
2318,2344,10.9906845
2318,2349,11.111963
2319,2324,7.013225
2319,2344,11.904328
2319,2380,11.636719
2320,2325,8.590694
2320,2338,13.352687
2321,2364,9.909456
2322,2337,11.908108
2322,2366,11.096259
2322,2378,13.133173
2323,2343,12.986207
2323,2351,5.6837125
2323,2352,9.826174
2323,2376,13.467122
2324,2335,9.798959
2324,2380,13.391576
2325,2371,12.500082
2326,2363,12.935708
2327,2345,10.885476
2327,2354,8.634373
2327,2384,14.159911
2328,2340,10.855052
2328,2348,4.956726
2328,2361,11.331154
2328,2372,10.881411
2329,2388,14.344502
2330,2336,5.026275
2330,2341,11.338022
2330,2365,7.9898357
2331,2353,8.66626
2331,2354,13.860031
2331,2368,9.926385
2331,2387,14.627773
2332,2350,6.5768642
2332,2355,11.894993
2332,2381,13.746616
2332,2383,14.035824
2333,2356,14.058429
2335,2375,14.026518
2335,2385,11.961631
2336,2341,6.317694
2336,2365,9.422632
2336,2379,14.028372
2337,2366,10.054121
2337,2392,13.888939
2338,2342,9.70818
2339,2351,14.422219
2339,2352,7.7873826
2339,2356,10.757511
2339,2358,6.559396
2339,2393,12.66652
2340,2348,9.611955
2340,2361,8.832214
2340,2373,11.518593
2341,2365,14.0803
2341,2379,9.911245
2342,2355,7.5755897
2342,2402,14.438918
2343,2351,13.326714
2343,2376,12.637627
2344,2380,10.526963
2344,2394,11.248497
2345,2367,11.381478
2345,2384,11.571192
2346,2353,9.829433
2346,2360,9.612931
2346,2382,9.301642
2346,2387,14.278394
2347,2357,5.443138
2347,2360,10.29588
2347,2404,13.711285
2348,2361,6.6852093
2348,2372,9.196897
2348,2401,13.096802
2349,2369,13.328225
2349,2397,11.001241
2350,2381,13.835577
2350,2383,8.141538
2351,2352,6.9934883
2351,2358,13.862194
2351,2376,8.582874
2351,2405,13.110458
2352,2358,7.2409673
2352,2376,13.395469
2352,2393,10.946981
2352,2405,14.002966
2353,2368,10.084228
2353,2382,9.713587
2353,2387,7.5063224
2353,2396,11.594468
2354,2368,9.536255
2354,2384,13.555324
2354,2391,8.262757
2354,2396,14.787668
2354,2398,10.622608
2354,2409,14.125443
2355,2381,8.209309
2355,2402,12.645508
2356,2358,10.110987
2356,2393,13.054623
2356,2408,11.283432
2357,2360,13.904601
2357,2377,10.082601
2357,2404,14.099679
2357,2410,12.112776
2358,2393,6.1083755
2358,2408,13.446244
2359,2362,13.663302
2359,2390,9.346511
2359,2395,9.685436
2360,2382,11.399801
2360,2404,8.498521
2360,2431,14.820821
2361,2372,13.167097
2361,2373,12.367115
2361,2401,7.4098744
2362,2390,10.627265
2362,2430,14.063098
2363,2403,13.416041
2363,2422,14.391173
2364,2407,12.299074
2364,2415,12.819359
2365,2413,12.273099
2365,2419,12.511778
2366,2378,7.515515
2366,2392,14.939701
2366,2411,9.50452
2366,2424,14.506666
2366,2427,14.729865
2367,2384,14.879672
2367,2412,12.085523
2367,2418,12.018517
2368,2387,9.817416
2368,2391,8.623619
2368,2396,6.5723195
2368,2398,14.271819
2368,2409,10.353467
2369,2386,9.102084
2369,2397,14.835717
2369,2417,14.367436
2370,2400,6.2521806
2373,2401,13.858274
2373,2428,12.797391
2374,2425,12.117557
2374,2433,14.186193
2375,2385,13.5251
2375,2420,11.463937
2376,2405,7.9699373
2376,2436,12.928601
2377,2407,10.579223
2377,2410,13.21344
2377,2432,11.658495
2378,2389,7.883612
2378,2411,10.18897
2378,2424,10.996384
2379,2413,14.514667
2379,2426,9.972521
2380,2394,12.643036
2380,2406,9.480607
2381,2383,13.345132
2381,2402,12.207593
2381,2434,10.7010765
2382,2387,7.977137
2382,2396,14.448788
2382,2404,14.493957
2382,2431,11.711254
2382,2438,12.015478
2383,2392,11.9052925
2383,2434,14.355091
2383,2450,14.533554
2384,2391,13.173314
2384,2398,8.149781
2384,2418,12.492713
2384,2452,14.434465
2385,2406,10.563749
2385,2420,10.284658
2385,2435,12.915217
2386,2389,10.858852
2386,2439,13.418636
2386,2446,14.708064
2387,2396,6.5159187
2387,2409,13.396572
2387,2438,12.89092
2388,2433,12.29781
2389,2424,13.069482
2390,2395,11.012445
2390,2430,10.030799
2390,2441,12.329235
2391,2396,9.751257
2391,2398,5.756641
2391,2409,6.1746745
2391,2447,13.272026
2392,2411,14.324947
2392,2427,9.195283
2392,2442,12.309679
2393,2405,11.649582
2393,2408,10.547131
2393,2451,14.465413
2394,2397,14.872983
2394,2414,11.241215
2395,2421,13.948218
2396,2409,7.018638
2396,2454,13.630365
2397,2414,6.8665648
2397,2417,7.862015
2397,2458,14.54069
2398,2409,9.608118
2398,2447,10.927674
2398,2452,14.221936
2399,2423,8.640613
2399,2444,11.83724
2400,2455,13.701391
2401,2428,10.009179
2401,2464,14.399734
2402,2459,12.51124
2403,2437,8.845231
2404,2410,9.157564
2404,2431,10.129626
2404,2460,12.828184
2405,2436,8.439942
2405,2451,12.53524
2406,2435,7.2874045
2407,2415,10.496744
2407,2432,11.48607
2407,2448,10.014523
2408,2421,11.128753
2409,2447,10.779897
2409,2454,11.081159
2409,2477,14.554557
2410,2432,9.80529
2410,2460,12.46362
2410,2461,11.145594
2411,2424,7.0629478
2411,2427,8.276758
2411,2449,9.832226
2412,2418,12.220748
2413,2416,13.689675
2413,2419,5.52682
2413,2426,11.877947
2413,2440,12.387866
2413,2456,9.673384
2413,2457,12.699978
2414,2417,10.321202
2414,2458,10.617798
2415,2443,8.416383
2415,2448,14.90796
2416,2419,8.233466
2416,2429,8.560242
2416,2440,6.1709867
2416,2453,9.449632
2417,2439,10.472455
2417,2458,10.64626
2417,2468,12.191354
2418,2452,11.755512
2418,2471,11.875212
2419,2440,7.421664
2419,2456,9.731324
2421,2462,14.097015
2422,2437,13.91495
2422,2470,11.627958
2423,2425,9.684034
2423,2444,12.404735
2423,2466,11.384694
2424,2427,13.725745
2424,2449,9.706706
2424,2491,13.69928
2425,2433,12.202162
2426,2457,8.964146
2426,2467,10.657244
2426,2480,14.68626
2427,2442,10.424702
2427,2449,9.008589
2428,2464,10.457309
2428,2475,10.777658
2429,2440,11.814305
2429,2453,7.389996
2429,2465,11.259094
2429,2474,14.394083
2430,2441,8.709941
2430,2485,14.567797
2431,2438,7.617199
2431,2460,11.534398
2431,2463,9.000691
2431,2473,13.001844
2431,2486,13.694732
2432,2448,8.440885
2432,2461,7.543041
2432,2487,13.7459545
2434,2450,10.489185
2434,2459,14.42621
2434,2482,11.423172
2436,2445,14.791106
2436,2451,11.682561
2436,2476,14.120602
2437,2469,8.241615
2438,2454,14.533932
2438,2463,6.5970116
2438,2472,12.397762
2438,2473,8.047052
2439,2446,10.276459
2439,2468,10.586111
2440,2453,8.028698
2440,2456,10.358931
2440,2484,10.397814
2440,2490,11.531146
2441,2462,11.791783
2442,2450,8.45561
2442,2481,10.458111
2442,2482,14.790695
2442,2495,12.634795
2443,2492,12.235434
2444,2455,11.049551
2444,2466,8.662493
2444,2504,13.896241
2446,2493,12.916315
2447,2452,9.568401
2447,2454,12.605003
2447,2477,8.893803
2448,2461,11.653254
2448,2479,8.63771
2448,2487,9.694252
2449,2481,13.642356
2449,2491,10.273436
2449,2516,14.554134
2450,2482,7.671386
2450,2495,10.902892
2451,2476,6.1459336
2451,2512,14.679761
2452,2471,10.986697
2452,2515,13.128833
2453,2465,8.865173
2453,2474,13.679854
2453,2484,12.971994
2453,2490,8.202597
2453,2498,12.706611
2453,2503,11.814339
2454,2472,6.1330976
2454,2473,13.366966
2454,2477,7.988339
2455,2465,13.615715
2455,2474,8.97509
2455,2494,10.079476
2455,2504,12.772696
2456,2457,9.059705
2456,2467,12.718468
2456,2480,8.788681
2456,2484,8.994501
2457,2467,4.193215
2457,2480,5.724078
2457,2500,10.490873
2458,2468,9.218349
2459,2508,14.114993
2460,2461,11.932582
2460,2463,14.075137
2460,2478,8.397089
2460,2486,8.078712
2460,2497,9.013676
2461,2478,8.045655
2461,2487,10.503959
2461,2519,14.779183
2462,2499,12.1436205
2462,2521,14.025443
2463,2472,12.406322
2463,2473,4.4961195
2463,2486,10.41639
2463,2502,8.918583
2464,2475,7.3948073
2464,2488,8.677413
2464,2510,11.063741
2465,2474,5.0002813
2465,2490,11.245782
2465,2494,9.56347
2465,2498,6.640813
2465,2503,10.624168
2465,2526,13.091482
2465,2527,13.230974
2466,2504,12.783664
2467,2480,6.228511
2467,2500,7.518713
2468,2531,12.594372
2469,2470,14.444755
2469,2485,14.876223
2469,2537,12.829288
2470,2496,13.86991
2470,2501,8.475946
2470,2522,12.317409
2471,2483,5.958344
2471,2514,9.420675
2471,2515,13.214734
2472,2473,8.194794
2472,2477,11.217387
2472,2533,12.692011
2473,2486,13.440829
2473,2502,9.129769
2474,2494,5.8120127
2474,2498,8.335797
2474,2503,14.129269
2474,2526,11.438181
2475,2488,14.244083
2475,2489,8.230222
2475,2510,12.608073
2476,2512,9.498071
2476,2536,13.214401
2477,2528,12.227795
2477,2533,13.817712
2478,2486,11.182397
2478,2487,13.513642
2478,2497,7.89244
2478,2519,13.428948
2478,2549,14.700188
2479,2487,8.616286
2479,2492,9.390059
2479,2519,14.1620455
2479,2529,10.61579
2480,2484,13.265018
2480,2500,7.128708
2481,2495,9.2794695
2481,2516,11.242317
2481,2539,11.300021
2482,2495,8.719208
2482,2517,10.234243
2482,2518,14.50779
2483,2496,13.206718
2483,2514,7.06266
2484,2490,8.137873
2484,2503,12.394163
2484,2534,10.896278
2485,2513,14.303108
2486,2497,4.7531466
2486,2502,7.6004868
2486,2544,13.189858
2487,2519,7.421192
2487,2529,10.569006
2487,2553,14.473082
2488,2510,7.262976
2488,2520,14.563149
2488,2551,13.94343
2489,2545,10.010942
2489,2554,14.860452
2490,2498,10.129082
2490,2503,5.2735033
2490,2527,10.261733
2490,2534,10.754283
2490,2546,12.548032
2491,2493,9.149648
2491,2516,10.969109
2491,2525,8.5935
2492,2520,10.087629
2492,2529,13.899361
2492,2558,14.284069
2493,2525,11.627736
2493,2538,11.12002
2494,2498,8.506201
2494,2503,14.944882
2494,2504,13.471057
2494,2526,6.7464314
2494,2527,14.078973
2494,2550,12.417183
2495,2517,10.732212
2495,2539,12.471726
2496,2501,7.65508
2496,2542,9.611179
2497,2502,10.784462
2497,2544,11.037632
2497,2549,13.930091
2498,2503,6.456408
2498,2526,8.092217
2498,2527,6.984794
2498,2546,12.538749
2498,2550,10.778707
2498,2559,12.226335
2499,2521,9.645161
2499,2524,9.133762
2499,2547,10.706872
2501,2522,10.256489
2501,2541,9.539688
2501,2542,9.87443
2502,2544,12.31004
2503,2526,13.011591
2503,2527,5.051427
2503,2534,9.783944
2503,2546,8.566363
2503,2550,13.053558
2503,2555,12.791138
2503,2559,11.339583
2505,2535,9.918575
2505,2561,11.456384
2506,2509,14.228122
2506,2511,6.984476
2506,2560,13.790524
2508,2511,9.776621
2508,2540,10.481336
2508,2560,13.039669
2509,2532,9.737807
2509,2562,13.929487
2510,2551,8.291389
2510,2554,12.201893
2511,2560,10.647367
2512,2536,4.4415956
2512,2543,13.133812
2512,2552,14.032937
2512,2556,9.7872505
2512,2563,12.0442095
2513,2521,11.681653
2513,2566,13.094138
2514,2515,12.902363
2514,2557,9.454876
2515,2528,10.503004
2515,2548,14.810486
2516,2525,9.229818
2516,2539,11.022507
2517,2518,8.9838295
2518,2540,9.353289
2519,2529,9.091659
2519,2549,11.556813
2519,2553,7.509228
2520,2558,13.207702
2520,2567,10.621641
2520,2569,13.672915
2521,2547,9.412529
2522,2537,11.682355
2522,2541,6.2591906
2522,2542,14.820515
2522,2568,12.877705
2523,2532,8.111354
2523,2552,9.268035
2523,2562,12.531124
2523,2572,13.910719
2524,2543,6.97088
2524,2547,10.56081
2524,2556,13.572896
2525,2538,14.529445
2526,2527,9.981067
2526,2546,14.601072
2526,2550,5.712924
2526,2559,10.7491665
2527,2534,10.342132
2527,2546,5.608058
2527,2550,8.40762
2527,2555,10.942045
2527,2559,6.381426
2527,2579,13.342217
2528,2533,12.202036
2528,2548,5.386239
2528,2573,11.767845
2529,2553,9.920091
2529,2558,10.549457
2530,2531,13.432613
2530,2535,12.342213
2530,2580,11.232474
2531,2580,13.359953
2531,2581,14.467375
2532,2552,14.49842
2532,2562,6.4361258
2532,2593,13.400973
2533,2548,11.058858
2533,2577,13.303134
2534,2546,6.80459
2534,2555,5.5672903
2534,2559,12.693531
2534,2579,14.479977
2535,2561,10.539434
2535,2585,14.5102625
2535,2586,13.463171
2536,2543,11.886038
2536,2552,11.52537
2536,2556,6.475608
2536,2563,8.044356
2536,2591,12.106746
2538,2596,14.810367
2540,2576,11.198885
2541,2542,9.440608
2541,2568,7.484189
2542,2565,10.05907
2542,2568,11.030634
2543,2547,13.760302
2543,2556,7.077406
2543,2591,14.992891
2544,2549,11.216392
2544,2574,8.772872
2544,2594,13.315385
2545,2554,7.4012403
2545,2564,14.258789
2545,2578,12.823507
2545,2587,13.616583
2546,2550,11.055497
2546,2555,5.425868
2546,2559,5.888948
2546,2579,9.461892
2547,2600,14.4651785
2548,2573,7.0422087
2549,2553,10.435348
2549,2594,12.60487
2550,2559,5.8374386
2550,2579,12.486338
2551,2554,9.830322
2551,2569,10.801068
2551,2575,9.158296
2551,2587,14.91362
2551,2601,13.17186
2552,2563,6.3960357
2552,2572,7.097204
2552,2591,13.686547
2552,2599,12.208113
2553,2590,9.601074
2554,2575,8.566862
2554,2587,9.456677
2555,2559,10.146672
2555,2579,9.36662
2556,2563,9.930065
2556,2591,9.053752
2557,2565,8.062356
2557,2570,11.959444
2558,2567,10.024055
2558,2582,7.1131983
2558,2595,12.26145
2558,2611,14.256115
2559,2579,7.7781115
2560,2571,9.248277
2560,2576,11.911727
2560,2608,13.878105
2561,2584,9.325255
2561,2586,8.98347
2561,2592,9.05926
2562,2572,13.0206785
2562,2593,7.103087
2563,2572,9.495483
2563,2591,7.6540217
2563,2599,11.608881
2563,2618,14.586734
2564,2578,6.7640524
2565,2610,9.928033
2565,2615,14.708985
2565,2622,14.8015995
2566,2602,12.107703
2566,2606,9.0454645
2567,2569,7.7332172
2567,2582,11.417532
2567,2595,7.1243577
2567,2597,8.409906
2567,2613,14.557199
2567,2617,12.932699
2568,2609,9.228215
2568,2615,13.3596525
2569,2575,13.720444
2569,2595,11.037588
2569,2597,7.517993
2569,2601,10.847402
2569,2613,10.29243
2570,2573,14.592536
2570,2616,9.726282
2571,2608,7.070963
2571,2619,14.09073
2572,2591,13.688092
2572,2593,11.660283
2572,2599,6.046463
2572,2630,12.449677
2573,2623,11.536286
2574,2594,11.611593
2574,2603,14.727726
2574,2604,7.816194
2574,2607,10.539754
2575,2587,6.5179186
2575,2601,7.535481
2575,2624,10.36228
2577,2603,7.658036
2577,2604,13.717243
2577,2631,12.444514
2580,2581,6.687776
2580,2585,11.674832
2580,2605,9.940686
2581,2589,10.096166
2581,2605,9.617781
2582,2590,12.04465
2582,2595,8.946356
2582,2597,14.430817
2582,2611,7.2085013
2582,2617,9.626678
2583,2627,10.1250305
2583,2633,14.185922
2584,2586,12.764715
2584,2592,6.4110837
2584,2598,10.537964
2584,2634,12.609886
2585,2586,8.172661
2585,2605,10.296871
2585,2629,11.622292
2586,2592,7.281079
2586,2629,12.089889
2586,2635,14.242167
2587,2601,11.709711
2587,2624,9.334144
2588,2598,9.194141
2588,2644,14.516354
2589,2596,12.368851
2590,2611,11.040006
2590,2620,9.354462
2591,2599,12.028031
2591,2612,11.094072
2591,2618,7.714774
2592,2629,14.632594
2592,2634,12.834829
2592,2635,10.816771
2593,2599,13.9121895
2593,2621,9.5362425
2593,2630,13.813639
2594,2607,7.3616867
2594,2620,14.701265
2595,2597,5.516414
2595,2611,11.689427
2595,2613,11.776064
2595,2617,5.881774
2595,2640,13.265715
2596,2625,11.879079
2597,2601,12.425991
2597,2613,6.6193886
2597,2617,9.332743
2597,2632,12.478677
2597,2640,14.416492
2597,2641,12.48056
2598,2634,10.066888
2598,2644,12.472614
2598,2648,13.022324
2599,2618,12.511829
2599,2630,7.717739
2600,2612,10.685186
2601,2613,7.779395
2601,2624,8.02995
2601,2632,7.94207
2601,2641,12.982608
2602,2606,10.01869
2602,2654,13.60779
2603,2604,8.085936
2603,2631,9.784682
2603,2645,12.238229
2604,2607,9.944206
2604,2645,12.946569
2605,2629,13.088999
2605,2649,10.839239
2606,2636,9.663102
2607,2658,11.74902
2608,2619,11.70861
2608,2638,9.367756
2608,2659,13.580438
2609,2615,9.800664
2610,2615,6.39587
2610,2622,7.0155225
2611,2617,8.109511
2611,2640,12.409989
2611,2642,8.168325
2612,2618,7.884917
2612,2647,12.617607
2613,2617,13.573322
2613,2624,13.487038
2613,2632,5.8939433
2613,2641,7.4838667
2613,2660,13.090053
2614,2626,8.799032
2614,2653,12.951037
2615,2622,11.12103
2616,2623,13.218617
2616,2639,6.870036
2616,2664,13.702191
2617,2640,7.9572906
2617,2642,11.5202675
2617,2660,14.468489
2618,2647,9.21399
2619,2621,9.888402
2619,2656,10.912083
2619,2659,14.968091
2621,2630,13.588657
2621,2656,14.248479
2621,2669,14.884381
2623,2631,14.39953
2623,2639,13.445781
2623,2650,8.566435
2624,2632,9.508903
2624,2641,14.787015
2625,2655,14.653546
2626,2662,11.917544
2627,2633,7.663092
2628,2637,6.9978285
2629,2635,10.661944
2629,2665,12.895186
2630,2657,8.332673
2630,2669,14.448612
2631,2645,13.175853
2631,2663,8.574338
2632,2641,5.5382323
2632,2660,12.118021
2633,2643,13.886009
2633,2668,12.16625
2633,2680,13.46003
2634,2635,9.613227
2634,2644,14.075408
2634,2648,7.8002305
2634,2666,13.915783
2634,2675,12.414815
2635,2665,9.579863
2637,2678,9.603629
2638,2656,14.419721
2638,2659,6.379339
2638,2688,14.69592
2639,2650,11.591881
2639,2664,6.8541384
2639,2673,12.228363
2640,2641,12.599455
2640,2642,9.667269
2640,2660,8.688447
2641,2660,6.6067567
2643,2668,9.824055
2643,2677,14.615255
2644,2648,8.674653
2644,2651,7.638165
2644,2666,9.592769
2644,2671,9.948578
2645,2658,13.706817
2645,2663,12.435982
2645,2674,8.51527
2646,2679,9.863384
2646,2683,13.077665
2647,2657,14.4824
2647,2676,8.46562
2647,2684,11.43505
2648,2666,6.241518
2648,2671,13.015261
2648,2675,8.657602
2650,2664,10.228487
2650,2670,8.236462
2650,2673,8.192984
2651,2666,13.26794
2651,2671,7.8860717
2651,2698,14.210337
2651,2711,13.421614
2652,2655,14.591945
2652,2672,9.487483
2652,2694,13.539622
2654,2685,12.173028
2655,2667,14.086126
2655,2672,10.04918
2655,2706,12.748012
2656,2659,9.3356
2656,2681,11.867845
2656,2692,11.447556
2657,2669,9.434521
2657,2676,11.322067
2657,2689,11.3326235
2657,2696,11.71373
2658,2693,13.282955
2659,2688,11.357493
2659,2692,11.977408
2661,2682,14.861139
2662,2691,13.316248
2662,2717,13.803374
2663,2670,10.940998
2663,2674,11.837988
2663,2686,8.144797
2663,2697,11.807394
2664,2673,6.3261623
2665,2675,13.545054
2665,2703,12.656712
2666,2671,8.085384
2666,2675,8.440255
2666,2698,9.824367
2666,2711,14.168939
2667,2712,13.471628
2668,2680,9.481243
2668,2710,13.910105
2669,2681,8.982449
2669,2689,6.8267393
2669,2696,14.382518
2669,2714,9.5952215
2670,2673,10.209753
2670,2686,10.960058
2670,2697,7.8191214
2671,2698,6.470647
2671,2711,7.659512
2672,2694,11.118122
2672,2706,8.8758335
2674,2686,11.655226
2675,2703,9.085884
2676,2684,8.32012
2676,2696,7.9728107
2676,2707,10.012853
2678,2695,8.942036
2678,2712,11.874199
2679,2702,7.28349
2679,2705,13.431283
2680,2700,6.788457
2680,2710,6.9586754
2681,2689,12.159249
2681,2692,13.787636
2681,2714,9.261446
2682,2683,7.4703774
2682,2704,5.296882
2682,2705,12.972926
2683,2704,7.4556174
2683,2705,7.5427003
2684,2696,13.245475
2684,2699,8.621447
2684,2707,5.9809136
2685,2708,8.632338
2686,2697,6.035177
2687,2699,11.041265
2687,2708,10.04191
2688,2691,6.685893
2688,2692,10.890718
2689,2696,9.38012
2689,2714,6.184378
2690,2701,5.3310885
2690,2709,4.268049
2690,2715,11.718
2691,2717,13.319135
2694,2716,12.057066
2695,2712,14.450326
2695,2713,8.2425785
2696,2707,10.715021
2696,2714,14.699418
2698,2711,5.423932
2699,2707,11.787791
2700,2710,4.3007107
2701,2709,7.5976014
2701,2715,6.4769197
2702,2705,9.918305
2704,2705,9.437947
2709,2715,13.886972
7,1,14.994476
23,1,13.7186365
42,1,8.809443
62,1,9.744785
27,2,10.678805
57,2,7.809657
16,3,7.0598884
41,3,9.502377
56,3,10.74392
64,3,8.926701
82,3,14.722256
35,4,8.494936
61,4,9.347128
28,5,14.082999
29,5,7.3357406
36,5,4.851396
45,5,11.455128
79,5,11.833769
19,6,8.935974
20,6,12.74792
47,6,6.71886
60,6,10.309265
62,7,14.034045
24,8,12.7278595
32,8,10.843495
43,8,5.7453294
76,8,10.489447
37,9,8.363885
50,9,6.5869613
77,9,12.423615
25,10,11.654425
58,10,6.734769
36,11,13.332543
45,11,7.346535
53,11,7.765105
83,11,13.836311
13,12,13.595088
39,12,7.58315
59,12,7.770714
81,12,11.570574
39,13,8.546171
15,14,8.114868
22,14,13.1074095
40,14,7.4108224
54,14,9.670976
19,15,7.8266125
40,15,14.883377
54,15,5.531368
71,15,11.826602
35,16,13.023001
56,16,6.1999927
64,16,11.373958
75,16,12.98372
66,17,9.205349
70,18,10.724062
47,19,8.217134
54,19,9.660815
71,19,9.906611
93,19,14.20997
60,20,8.207617
87,20,11.68494
26,21,9.089377
72,21,14.100892
30,22,9.235962
40,22,7.1948915
31,23,9.0233755
42,23,6.5646696
69,23,14.704204
43,24,9.951784
48,24,14.8008585
63,24,9.992139
94,24,14.264362
27,25,13.682284
51,25,8.134983
58,25,12.310964
84,25,11.112405
67,26,9.510193
51,27,8.27742
57,27,14.449392
85,27,11.620671
29,28,6.7897453
52,28,6.991961
65,28,12.530984
88,28,12.719412
91,28,12.514891
36,29,10.375876
52,29,13.780409
79,29,12.189752
88,29,11.802075
86,30,11.033893
32,31,11.170292
69,31,8.206064
43,32,13.483768
69,32,11.02427
76,32,11.051357
90,32,12.263887
44,33,7.71625
52,33,9.197388
65,33,8.526392
78,33,11.4800825
59,34,12.543055
80,34,11.265179
89,34,11.880564
56,35,11.916982
61,35,13.933866
75,35,10.357925
45,36,7.177576
79,36,8.71912
83,36,12.365253
88,36,14.638951
49,37,9.623645
50,37,6.8898616
77,37,11.762633
110,37,14.83135
44,38,10.049793
68,38,9.870083
74,38,9.728108
59,39,10.743581
81,39,8.283189
54,40,14.219575
55,41,7.1245294
64,41,9.447717
82,41,9.158749
62,42,10.916555
76,43,7.325095
90,43,14.436611
105,43,13.50087
65,44,13.369241
74,44,10.841716
78,44,10.581995
53,45,11.068904
79,45,12.009277
83,45,8.437869
57,46,11.39222
54,47,14.545087
60,47,9.492888
71,47,9.283958
93,47,9.572636
97,47,11.390338
118,47,14.783557
49,48,10.614763
63,48,6.497271
73,48,5.7016582
94,48,11.665771
73,49,9.714768
77,50,6.149464
110,50,12.544531
84,51,7.7920513
85,51,11.627672
65,52,6.253451
78,52,14.508824
91,52,13.256425
72,53,9.044046
83,53,12.433909
122,53,14.951206
71,54,7.9374
93,54,13.904974
96,54,10.85725
104,54,13.5851555
82,55,11.381785
107,55,13.977303
64,56,9.469942
75,56,7.397492
98,56,11.497166
85,57,12.48215
95,58,10.636544
101,58,11.78524
80,59,11.062213
81,59,7.9481916
92,59,8.667123
112,59,13.854848
87,60,9.394711
97,60,9.864778
100,60,10.626645
99,61,10.963486
123,61,14.250961
73,63,10.00761
94,63,6.9563255
75,64,14.93102
82,64,7.5650687
98,64,9.344602
114,64,13.559812
78,65,8.469758
91,65,12.967841
89,67,11.364169
109,67,9.788239
74,68,11.161539
106,68,9.457349
120,68,13.3078165
90,69,12.327606
119,69,10.309217
93,71,6.010468
96,71,7.9861116
97,71,14.221915
118,71,12.104156
111,72,11.647724
117,72,9.135287
122,72,14.107866
94,73,11.972483
78,74,11.345651
120,74,10.345995
127,74,12.293298
98,75,11.621337
99,75,14.042471
134,75,14.004286
90,76,7.132054
105,76,7.6915236
110,77,8.179783
127,78,10.27471
83,79,10.452908
88,79,7.7751865
121,79,13.557394
89,80,8.259101
92,80,7.7730274
112,80,14.134101
132,80,13.617038
133,80,14.143956
92,81,8.155341
112,81,8.633294
113,81,10.236963
98,82,11.715334
107,82,8.908726
114,82,8.040895
121,83,7.84713
122,83,9.624753
85,84,13.939823
101,84,9.174263
115,84,8.494824
128,84,11.913777
141,84,14.344022
128,85,11.990058
103,86,11.951604
129,86,12.363977
97,87,12.310983
100,87,5.7266593
125,87,7.716738
91,88,7.541947
130,88,14.988695
109,89,11.098431
132,89,12.066156
105,90,7.209555
119,90,13.003663
130,91,8.610119
112,92,6.86585
113,92,14.438675
133,92,10.193388
96,93,9.563055
97,93,8.875144
118,93,6.3638906
136,94,13.818725
101,95,10.389147
137,95,11.275318
140,95,14.947347
104,96,8.303918
118,96,12.348212
100,97,8.18801
118,97,7.8184333
125,97,14.396965
144,97,13.023141
154,97,14.204142
114,98,11.43648
123,99,9.025985
134,99,14.260594
118,100,14.901725
125,100,6.4679246
144,100,10.119637
115,101,6.0516253
137,101,10.265507
141,101,13.895317
158,101,14.674982
113,102,14.571102
149,102,12.090725
157,102,14.921918
104,103,13.678056
153,103,14.284956
152,105,12.41125
120,106,10.730045
135,106,7.641341
159,106,12.756821
114,107,6.732498
119,108,14.974035
160,108,13.352503
131,109,6.4880967
132,109,13.1405525
117,111,8.333215
142,111,12.07756
143,111,9.16613
113,112,8.783925
133,112,7.423257
151,112,12.4372635
133,113,14.972241
149,113,13.8089075
151,113,9.966718
164,114,14.284789
128,115,10.296062
137,115,11.090266
141,115,7.9950767
158,115,10.523739
122,117,11.9918995
142,117,6.1150208
143,117,12.998237
144,118,14.735714
154,118,10.216127
150,119,8.69263
156,119,12.781618
127,120,11.666729
135,120,8.869906
161,120,11.090964
122,121,6.544359
142,122,12.618183
139,123,13.661634
163,123,12.945528
147,124,7.7854156
169,124,14.415377
144,125,9.781258
175,127,14.9068775
141,128,7.01094
158,128,13.871134
167,128,13.740428
145,129,11.698309
153,129,11.785413
183,129,14.256895
132,131,14.213236
143,131,11.567187
165,131,9.30655
168,131,13.7885275
133,132,14.176667
171,132,11.790965
179,132,12.566024
151,133,13.584762
171,133,12.293391
176,133,11.776354
159,135,6.8085814
161,135,9.835866
178,135,14.959971
146,136,9.733951
186,136,12.814515
141,137,14.422189
158,137,10.17456
182,137,12.782718
192,137,14.738757
145,138,13.83501
157,138,10.073206
189,138,13.365136
191,138,11.854424
155,139,9.12594
163,139,8.812573
148,140,12.307161
187,140,11.765241
158,141,6.8677835
167,141,13.797857
182,141,13.77996
185,141,12.625394
143,142,12.112484
165,143,14.538572
168,143,7.7095323
196,143,14.17363
154,144,9.755594
180,144,13.686
181,144,11.509817
189,145,13.020368
190,145,13.873107
201,146,14.919906
169,147,9.905867
174,147,12.450645
166,148,11.112573
187,148,11.312586
151,149,11.043258
157,149,11.601885
188,149,12.832587
156,150,9.972293
160,150,14.482393
177,150,11.346752
176,151,12.896218
188,151,9.584665
156,152,9.936136
170,152,7.9703474
195,152,13.272335
183,153,12.586997
210,153,14.731073
180,154,7.5562634
163,155,14.522862
172,155,7.487936
207,155,14.771014
205,156,12.667543
191,157,11.009473
221,157,13.672642
182,158,7.296626
185,158,13.152279
161,159,11.251414
178,159,8.176618
193,159,14.558676
174,160,8.830589
177,160,7.6326995
194,160,7.4057035
212,160,11.907014
193,161,7.808605
164,162,12.969294
184,162,5.7553635
197,162,10.972373
173,163,11.41346
204,163,10.1855
207,163,14.4336
184,164,10.731134
197,164,9.582317
200,164,9.754557
168,165,11.155675
179,165,9.998227
196,165,13.728604
213,165,11.428103
226,166,12.126449
185,167,6.9669533
202,167,12.386558
224,167,14.9778805
196,168,6.621445
174,169,9.455541
195,170,5.945317
198,170,11.080973
176,171,10.141852
179,171,10.258581
220,171,11.1592865
207,172,13.473206
208,172,10.331008
204,173,12.470557
215,173,12.912099
223,173,9.988571
177,174,14.06905
194,174,7.302545
212,174,12.674445
218,175,12.424441
219,175,9.091727
188,176,13.394795
206,176,8.1879
238,176,14.181728
194,177,8.0458975
212,177,8.266273
227,178,12.074519
213,179,10.828957
220,179,10.769134
181,180,14.171515
214,180,9.674198
214,181,11.376862
222,181,8.30689
185,182,14.22766
192,182,11.3783045
224,182,14.536284
247,182,14.845297
190,183,7.261986
210,183,9.78451
240,183,14.104765
197,184,5.347876
200,184,14.05646
231,184,12.819438
224,185,8.930593
243,185,14.738617
198,186,11.146399
216,187,9.52636
206,188,10.65038
230,188,11.474683
190,189,8.682809
191,189,14.004719
225,189,11.550434
240,190,12.005791
221,191,10.716436
225,191,8.923945
218,193,10.226961
228,193,9.424216
255,193,14.461942
212,194,5.6648917
198,195,6.9531446
213,196,13.794433
229,196,11.766397
245,196,10.98902
200,197,9.17872
231,197,9.090085
209,199,8.162869
236,199,8.479136
239,199,11.963084
251,199,12.938413
256,199,11.52147
231,200,12.60119
226,201,14.604644
237,201,12.301212
254,201,10.636527
227,202,11.467681
217,203,9.022197
235,203,13.292453
207,204,9.411481
223,204,11.343244
232,204,7.051103
262,204,14.270119
263,204,13.428278
230,206,14.889029
238,206,9.2283535
260,206,12.375789
232,207,13.485368
234,207,7.525456
263,207,13.435639
211,208,8.491512
234,208,13.575059
268,208,13.679118
236,209,12.806143
239,209,7.0649667
252,209,10.243047
256,209,10.783861
235,210,10.53833
240,210,13.430603
271,210,13.34235
242,211,13.051066
268,211,12.398767
220,213,14.517539
248,213,8.060768
249,213,10.624386
222,214,8.907358
250,214,10.900703
257,214,9.4536
275,214,14.653335
223,215,9.224217
241,215,13.993602
261,215,10.524245
265,216,13.785973
276,216,13.131191
288,216,14.86114
246,217,12.7318
219,218,9.534717
228,218,14.891653
255,218,9.181377
259,219,13.2242
238,220,12.285156
249,220,10.356357
267,220,11.753836
230,221,11.505422
266,221,14.899051
250,222,7.1097183
275,222,13.523487
232,223,8.354246
261,223,10.72727
262,223,9.949956
280,223,13.432496
243,224,9.485651
247,224,14.205318
253,225,13.474311
264,225,9.942209
272,225,12.201333
237,226,7.519566
287,226,14.336166
270,227,12.716886
255,228,12.605212
274,228,12.375522
245,229,9.47135
252,229,14.157523
260,230,9.496512
266,230,7.32946
277,230,12.593968
300,230,13.973207
241,231,12.666095
286,231,12.192815
262,232,7.2428484
263,232,9.175043
280,232,13.392546
304,232,14.291279
236,233,10.944153
244,233,7.564482
251,233,7.514525
259,233,14.116429
298,233,14.848516
308,233,14.60191
263,234,12.194057
273,234,10.185201
281,234,9.64271
271,235,9.834065
239,236,11.44381
251,236,4.9637594
256,236,6.944162
290,236,10.169873
254,237,10.059773
287,237,12.371465
260,238,12.941691
267,238,11.392119
291,238,11.289751
252,239,5.3960013
256,239,5.838059
290,239,14.765343
299,239,11.004146
253,240,9.059842
278,240,9.3074255
286,241,10.521346
292,241,10.723799
268,242,14.861136
283,242,9.165659
297,242,14.504063
270,243,14.661675
289,243,9.821131
305,243,14.8390875
251,244,14.112073
259,244,6.5587907
298,244,10.173762
308,244,13.44671
248,245,11.7634325
257,246,10.042077
279,246,7.230344
301,246,13.289037
302,246,11.166964
269,247,8.574622
294,247,11.417636
314,247,12.142362
249,248,10.347957
284,248,7.6485047
320,248,14.455768
267,249,10.194927
284,249,11.7022705
311,249,12.533089
257,250,12.0780735
275,250,6.5054092
256,251,10.179621
290,251,8.343334
308,251,14.294453
256,252,10.457301
299,252,9.575663
272,253,7.908497
278,253,12.831489
312,253,11.062666
316,253,11.893032
258,254,10.444464
274,255,8.360191
315,255,12.121396
290,256,9.224004
299,256,11.200329
275,257,10.916546
279,257,13.705754
302,257,11.110692
317,258,11.267562
298,259,9.335103
307,259,11.336447
266,260,10.037841
291,260,11.477514
300,260,12.824056
309,260,10.329499
262,261,9.951287
280,261,7.0346384
292,261,13.407496
313,261,10.588353
263,262,10.177233
280,262,6.259933
304,262,9.268676
281,263,8.269342
304,263,9.542244
310,263,9.6318445
330,263,13.950631
272,264,10.159421
277,264,13.396263
285,264,8.066865
321,264,13.224941
269,265,10.82054
276,265,6.8918724
288,265,13.313615
294,265,12.648895
303,265,8.215792
328,265,12.853685
277,266,6.103221
285,266,13.195712
300,266,6.833509
309,266,11.356895
336,266,14.424793
291,267,13.460918
311,267,9.603974
323,267,11.339757
273,268,11.646726
283,268,11.213844
296,268,7.5331564
306,268,12.607885
318,268,10.38773
332,268,14.244804
294,269,4.8166223
303,269,11.474158
314,269,9.949215
333,269,13.44276
305,270,9.5714035
338,270,13.877359
278,271,10.975296
324,271,10.724165
312,272,7.9638343
316,272,12.671447
321,272,8.699951
340,272,14.211682
281,273,9.225712
296,273,8.7612295
306,273,6.9993143
327,273,12.70757
332,273,14.182733
334,273,11.411274
315,274,10.970042
331,275,13.0856285
339,275,11.959276
288,276,6.447902
303,276,9.41259
328,276,11.166735
285,277,7.24385
300,277,6.467881
309,277,13.747845
336,277,12.701128
316,278,10.393658
324,278,14.533879
350,278,14.507094
301,279,6.767636
302,279,7.4128137
337,279,11.172036
304,280,9.78098
313,280,9.161202
330,280,14.56336
345,280,13.350755
304,281,14.092349
306,281,12.632357
310,281,7.278861
327,281,9.582751
334,281,13.531572
317,282,12.307471
325,282,8.4325485
296,283,14.990637
297,283,13.175972
318,283,8.508329
349,283,12.17179
311,284,13.714009
320,284,7.0969176
329,284,14.959558
351,284,14.580107
300,285,12.508628
321,285,13.6811695
292,286,10.04704
288,287,10.798342
347,287,11.392455
303,288,14.377964
328,288,13.810566
347,288,13.869345
305,289,11.214284
326,289,11.525224
353,289,14.855281
299,290,13.706494
308,290,13.189113
309,291,11.947646
323,291,10.377479
344,291,11.116362
313,292,9.838692
363,292,13.939212
341,293,14.004825
365,293,14.833724
303,294,9.793779
314,294,6.429405
328,294,14.08265
333,294,8.876436
301,295,12.259881
348,295,11.724254
355,295,13.37288
306,296,5.7174683
318,296,9.075157
332,296,7.3594656
334,296,10.464128
346,297,12.988654
349,297,14.20984
307,298,9.027697
308,298,6.8565536
322,298,14.113718
368,298,14.484751
309,300,7.5093174
336,300,7.5978794
358,300,14.082024
302,301,12.112604
337,301,8.788471
355,301,12.599837
331,302,9.40809
337,302,10.526861
367,302,14.563239
328,303,5.477868
333,303,9.280687
356,303,10.678627
310,304,9.169498
330,304,6.102689
352,304,11.814575
338,305,11.365202
353,305,10.644774
318,306,13.92189
327,306,10.1304
332,306,7.6307707
334,306,5.4102693
360,306,11.485544
319,307,10.100456
322,307,5.125559
342,307,11.367831
368,307,14.709282
354,308,10.873474
368,308,13.611966
336,309,8.871272
344,309,10.583161
358,309,11.370874
327,310,7.175859
330,310,8.375339
334,310,13.794009
352,310,9.86427
320,311,14.755872
323,311,10.558127
343,311,7.2921467
351,311,12.417261
316,312,6.116405
321,312,7.074886
340,312,6.396018
350,312,11.928696
345,313,7.927192
363,313,14.872977
326,314,9.924525
333,314,9.936447
369,314,14.321501
374,314,14.808827
319,315,7.912541
322,315,13.553926
342,315,11.2268915
321,316,13.025703
340,316,7.069131
350,316,7.774901
325,317,14.047747
335,317,14.596022
361,317,11.900883
332,318,9.446149
349,318,10.576127
364,318,10.898984
371,318,12.862438
322,319,5.7264767
342,319,6.361812
329,320,10.857736
343,320,14.733993
351,320,9.345171
378,320,14.077899
340,321,9.784001
342,322,6.414265
343,323,11.976527
344,323,13.101099
357,323,7.909602
348,324,9.337701
375,324,10.372346
376,324,13.694373
341,325,9.861907
366,325,9.490409
374,326,12.010783
386,326,14.6481285
330,327,13.420829
332,327,14.99466
334,327,6.863018
352,327,11.454612
360,327,9.729615
382,327,12.582104
333,328,9.66141
356,328,6.834715
390,328,14.692196
381,329,13.642636
345,330,14.54233
352,330,5.8477783
377,330,12.277545
337,331,14.89766
339,331,10.860507
359,331,8.547382
367,331,9.289501
334,332,8.142494
360,332,10.306652
364,332,12.490165
371,332,8.441858
356,333,7.483766
369,333,8.208895
374,333,14.964952
360,334,6.360709
371,334,14.327618
382,334,13.180922
361,335,12.045423
344,336,14.358008
358,336,7.269426
355,337,11.075438
367,337,12.666863
370,337,7.500091
353,338,14.211385
362,338,7.2966557
380,338,10.363332
359,339,8.236686
395,339,12.771208
350,340,7.4873514
365,341,10.242978
366,341,13.581013
379,341,9.010874
387,342,9.592928
351,343,7.856707
357,343,12.653828
378,343,12.66732
388,343,10.352091
389,343,12.098754
357,344,11.90907
358,344,10.159089
399,344,13.770244
408,344,14.626809
363,345,14.206675
377,345,9.756583
372,346,11.385058
373,346,8.282705
383,347,9.113095
355,348,13.309512
375,348,11.644206
376,348,7.049733
406,348,14.428417
364,349,7.786978
371,349,14.678059
372,349,12.262746
385,349,10.119164
384,350,10.04853
378,351,6.7055893
381,351,14.499597
388,351,9.420109
377,352,11.747211
382,352,12.649894
380,353,12.859256
391,353,9.361955
397,353,11.028049
410,353,14.885174
368,354,9.339404
393,354,14.358285
394,354,7.7894526
402,354,13.435829
411,354,12.871272
370,355,13.27284
376,355,14.090851
400,355,10.680993
404,355,13.845776
369,356,9.368231
390,356,9.269727
389,357,8.6793165
399,357,10.734756
408,358,11.005186
412,358,12.29823
367,359,8.801906
395,359,8.64812
414,359,12.679591
371,360,12.307563
382,360,7.8795056
422,360,14.812735
366,361,13.096523
398,361,11.032506
380,362,8.425877
419,362,13.567679
405,363,10.879911
371,364,7.267249
385,364,8.838155
409,364,10.334381
379,365,10.717391
379,366,12.464252
398,366,9.844917
423,366,14.913083
370,367,8.2938795
395,367,14.830158
407,367,10.239702
414,367,10.722662
393,368,7.2811937
394,368,12.120639
411,368,13.009418
374,369,9.383658
390,369,12.854911
415,369,14.948862
404,370,9.366502
407,370,8.948576
385,371,14.669763
409,371,11.95557
373,372,13.882772
385,372,10.529336
413,372,11.067011
420,372,10.5502
403,373,8.240683
413,373,11.164665
433,373,14.92628
386,374,7.628143
415,374,9.662858
424,374,12.90167
376,375,9.497671
384,375,12.433909
406,375,9.660607
400,376,10.873263
406,376,7.713506
432,377,13.4612465
381,378,10.660785
388,378,6.976129
427,378,10.890555
423,379,9.854078
391,380,13.150952
397,380,6.808494
419,380,8.0543375
443,381,13.770452
422,382,8.241257
417,383,9.7536745
418,383,13.56481
409,385,7.82336
420,385,9.818575
453,385,14.79235
391,386,14.169119
410,386,8.735665
415,386,7.8698435
424,386,6.8297963
442,386,12.094098
392,387,13.907058
425,387,10.00278
439,387,13.876541
389,388,9.677064
421,388,8.789101
427,388,8.027491
399,389,11.6052065
421,389,7.6291084
427,389,13.712582
435,389,9.82233
418,390,14.321051
429,390,7.62576
397,391,6.922706
410,391,7.5138283
424,391,14.303033
426,391,6.757038
457,391,14.415417
439,392,10.854177
394,393,12.89402
411,393,10.142352
425,393,12.322345
440,393,10.459003
402,394,7.0881677
411,394,6.154902
414,395,11.20807
446,395,11.810664
403,396,9.179929
433,396,12.00137
454,396,14.365337
410,397,14.031557
419,397,8.725713
426,397,9.363938
423,398,13.947228
434,398,10.126458
451,398,14.315679
408,399,10.413583
435,399,11.686415
448,399,10.129723
404,400,11.576426
406,400,12.982425
436,400,11.010804
428,401,14.119916
411,402,9.900148
438,402,9.440343
464,402,13.4630785
413,403,13.449271
433,403,7.7612934
407,404,7.9004087
428,405,11.574749
436,406,10.7867155
471,406,14.363931
414,407,8.577923
412,408,8.963207
441,408,8.800079
420,409,13.623644
453,409,14.16811
466,409,13.210079
415,410,12.673689
424,410,6.829119
426,410,7.8382487
442,410,10.733614
457,410,12.468838
440,411,11.9342375
463,411,13.889727
416,412,11.249491
441,412,9.361204
444,412,9.433838
467,412,12.5479765
420,413,9.504439
433,413,14.535615
446,414,12.479663
450,414,9.990951
424,415,6.1835804
442,415,7.885296
470,415,12.786465
431,416,12.559975
444,416,8.559752
437,417,13.728777
455,417,9.2886095
429,418,14.594378
456,418,9.279152
426,419,14.487579
430,419,12.511305
473,419,12.260359
453,420,8.06306
427,421,7.4825587
435,421,6.9188156
445,421,13.960719
448,421,14.135549
460,421,9.941844
432,422,13.928125
468,422,10.771635
447,423,11.577478
451,423,9.231658
426,424,13.623009
442,424,5.463372
470,424,14.931814
439,425,13.130008
440,425,10.527188
472,425,10.951864
457,426,7.740453
435,427,13.732697
443,427,14.747581
445,427,7.4715347
460,427,8.754597
483,427,13.871139
469,429,9.628537
458,430,10.25768
477,430,11.321557
452,431,11.964143
489,431,14.169059
454,433,9.244037
475,433,10.688072
480,433,14.690292
437,434,11.281442
476,434,14.49351
481,434,11.885612
448,435,7.232371
460,435,11.7726555
465,435,13.386701
478,435,12.336737
471,436,10.429258
455,437,13.239098
476,437,9.903016
481,437,14.363597
492,437,14.038515
464,438,7.2982836
458,439,14.542024
472,439,10.590338
482,439,9.987594
497,439,14.649632
463,440,6.001207
488,440,13.168141
495,440,14.466218
444,441,12.024686
465,441,12.353185
467,441,8.397508
457,442,14.037197
470,442,10.360546
487,442,10.582253
445,443,9.3724985
512,443,14.388724
467,444,7.663453
460,445,8.541765
483,445,10.464796
450,446,8.456952
474,446,7.186096
498,446,12.306372
449,447,11.800905
496,447,12.385697
501,447,12.2025175
465,448,6.6369343
478,448,11.756602
454,449,10.123386
491,449,9.518559
496,449,11.59812
474,450,12.350381
494,450,9.079057
498,450,13.145228
484,451,8.859134
462,452,11.789604
506,453,12.245267
475,454,10.851386
491,454,9.995133
513,454,14.777065
476,455,14.652168
492,455,9.24729
502,455,10.701652
499,456,9.767868
500,456,10.019703
514,456,14.056651
503,457,10.002002
477,458,10.30433
482,458,14.247565
485,458,7.4066205
493,459,10.526171
508,459,12.547153
478,460,12.016186
483,460,5.8654466
521,460,13.75576
479,461,9.63015
516,462,12.542878
488,463,11.083282
495,463,8.582275
495,464,14.58009
504,464,8.652381
519,464,14.573853
478,465,11.653569
486,466,10.561363
510,466,11.457775
509,467,8.742289
486,468,12.15541
490,468,12.237269
523,468,14.335316
470,469,14.039087
507,469,11.791214
536,469,14.37867
487,470,9.668227
507,470,10.141532
505,471,9.909663
482,472,9.75879
488,472,9.276361
497,472,6.8535714
525,472,12.488231
477,473,11.223112
498,474,6.8425884
480,475,6.1536827
513,475,6.954505
517,475,14.67236
545,475,13.48007
481,476,8.024522
492,476,8.648097
511,476,11.99577
518,476,11.063958
485,477,12.411424
537,477,14.79878
483,478,11.686051
521,478,14.823505
528,479,11.627175
549,479,13.771346
506,480,13.2483835
513,480,8.444704
517,480,9.411288
545,480,13.763367
561,480,14.927919
484,481,11.593797
511,481,5.8931484
529,481,12.494523
485,482,10.2900915
497,482,7.9564204
515,482,7.9554505
525,482,13.978322
532,482,10.757229
520,483,13.407631
521,483,7.9017987
511,484,10.546269
527,484,10.259022
529,484,9.728757
515,485,8.515749
537,485,10.67993
523,486,8.714055
535,486,10.312999
503,487,11.551312
507,487,14.870301
531,487,9.389993
552,487,13.007168
495,488,14.986933
497,488,9.573447
525,488,9.3420725
543,488,11.175045
533,489,12.387495
522,490,14.208954
496,491,8.509681
546,491,11.979903
554,491,12.556248
502,492,9.118418
518,492,7.141693
550,492,12.538223
519,493,8.814647
540,493,10.498362
568,493,14.831307
498,494,11.804232
544,494,9.06807
556,494,14.989168
504,495,11.597049
543,495,13.662092
501,496,8.53627
546,496,10.825156
515,497,11.824335
525,497,6.7272196
532,497,8.379561
570,497,14.815346
544,498,12.499177
548,498,9.449344
556,498,10.75932
500,499,4.296007
502,499,14.94817
514,499,5.55292
530,499,11.958048
541,499,8.418511
551,499,10.237372
567,499,13.922017
502,500,10.652167
514,500,9.476428
541,500,8.396577
551,500,12.29255
567,500,12.508952
527,501,13.052223
555,501,9.820024
518,502,11.622815
550,502,9.482129
567,502,14.951904
531,503,9.878261
542,503,14.194002
587,503,14.933332
519,504,10.484791
553,504,9.520233
583,504,14.551938
516,505,9.869225
547,505,11.0019655
559,505,10.429174
510,506,13.246625
517,506,8.145445
524,506,6.755028
561,506,12.898896
536,507,10.973199
539,507,7.2572737
552,507,11.4484415
512,508,8.477404
540,508,12.982325
575,508,13.26529
533,509,13.768755
558,509,10.505045
562,509,13.925551
524,510,8.636855
535,510,13.127883
557,510,9.793822
529,511,7.09674
563,511,12.535918
520,512,10.241115
565,512,12.603497
580,512,13.578754
517,513,12.186575
545,513,6.525973
554,513,14.759846
561,513,14.324943
564,513,11.227498
578,513,12.090346
530,514,6.4177194
536,514,11.754409
541,514,8.642033
551,514,6.9361467
567,514,14.617421
525,515,14.789029
532,515,7.67848
537,515,11.09956
573,515,10.562987
526,516,8.942998
559,516,10.440608
571,516,14.300267
524,517,12.302776
545,517,13.091037
561,517,6.4871216
564,517,10.574085
550,518,8.613847
563,518,11.138089
586,518,11.2781515
598,518,12.4573145
540,519,12.764607
553,519,7.7678475
568,519,9.248379
521,520,9.700026
565,520,7.6243496
580,520,14.256078
565,521,14.185279
595,521,14.925883
577,522,9.337141
581,522,14.905219
535,523,8.117515
560,523,8.012362
590,523,10.829328
557,524,13.974334
561,524,14.1475315
532,525,7.895441
543,525,11.66049
570,525,8.188678
534,526,6.6650143
571,526,8.331792
585,526,12.482059
600,526,13.44129
529,527,9.338282
555,527,9.732469
572,527,9.715793
597,527,14.34632
611,527,14.827684
549,528,10.466779
607,528,13.42951
563,529,14.422737
572,529,8.677303
536,530,5.6534142
539,530,11.262233
541,530,12.093192
551,530,7.199629
552,531,9.712088
569,531,6.9175277
587,531,9.749332
570,532,12.068527
573,532,11.354466
615,532,14.784416
558,533,10.564207
566,533,12.269169
604,533,11.421636
566,534,10.504738
571,534,8.786483
585,534,8.25453
557,535,7.5068336
560,535,14.219434
590,535,9.424279
539,536,5.6123886
551,536,12.281508
573,537,10.227152
588,537,10.640868
589,537,8.456581
549,538,7.308751
602,538,11.569759
552,539,12.1715355
568,540,10.756477
575,540,12.317485
579,540,8.430491
596,540,11.118957
608,540,14.217949
551,541,5.6577826
567,541,6.0037255
591,541,13.969311
603,542,11.100675
570,543,10.257885
574,543,12.873271
619,543,13.611978
548,544,13.039975
556,544,8.013434
616,544,14.807752
554,545,12.245224
561,545,11.976639
564,545,6.398585
578,545,5.7027297
594,545,12.546088
554,546,7.9974494
582,546,7.5106354
594,546,11.953791
559,547,9.506575
593,547,8.133656
556,548,5.701764
616,548,11.935668
602,549,10.8505
607,549,13.284908
567,550,13.303247
586,550,6.150448
591,550,8.254544
598,550,11.398847
613,550,11.746096
567,551,10.078038
622,551,13.500132
569,552,9.009772
568,553,9.130848
583,553,8.368145
599,553,10.212786
578,554,10.970374
582,554,13.814868
594,554,6.2674294
572,555,14.690423
582,555,11.940928
597,555,8.960193
610,555,11.258359
625,555,14.902219
616,556,9.455721
590,557,12.852285
562,558,12.380495
592,558,7.7040815
604,558,13.397614
609,558,9.041708
593,559,7.1693177
606,559,8.931857
581,560,12.749622
590,560,10.545689
605,560,9.212169
564,561,6.625427
578,561,14.151366
584,562,10.77363
592,562,7.9933257
624,562,12.2283745
586,563,13.412373
598,563,8.8797245
612,563,7.765415
628,563,13.691989
578,564,7.526743
580,565,7.8788667
571,566,14.574587
585,566,7.9207463
604,566,12.650231
591,567,8.288462
622,567,14.48565
579,568,9.854688
583,568,14.481071
599,568,8.566773
608,568,7.7421274
587,569,6.109837
619,570,10.965747
620,570,9.924518
585,571,7.1656556
600,571,6.3756213
606,571,14.345337
626,571,13.38643
629,571,10.557941
597,572,12.711747
611,572,7.139358
617,572,8.816448
625,572,12.661855
589,573,8.662492
615,573,9.365475
623,573,10.535195
583,574,8.051425
619,574,14.9121685
641,574,11.946449
645,574,13.951864
579,575,11.535892
580,575,8.381943
596,575,6.781268
630,575,12.591497
637,575,12.698738
601,576,9.312989
581,577,14.082583
627,577,9.904833
653,577,13.874852
594,578,8.471539
636,578,12.023218
596,579,5.8703156
608,579,7.827274
630,579,9.441766
668,579,14.908553
596,580,14.175366
637,580,13.259474
605,581,12.19057
644,581,14.088048
654,581,14.943507
594,582,14.886647
597,582,13.772091
610,582,7.5379033
640,582,14.913436
599,583,9.345783
645,583,13.235227
595,584,12.542402
624,584,14.352853
642,584,12.240081
600,585,11.808921
629,585,11.886175
649,585,12.345276
591,586,7.974239
598,586,6.1946673
612,586,14.901391
613,586,5.985631
631,586,11.885222
647,586,14.50879
603,587,11.756873
589,588,7.047993
614,588,6.7506166
618,588,6.8845696
634,588,13.193976
651,588,13.665253
614,589,11.803802
615,589,14.92927
618,589,7.5999627
623,589,10.391826
651,589,13.067157
605,590,11.230595
658,590,13.513972
598,591,13.838181
613,591,9.164645
631,591,9.622085
650,591,13.555818
609,592,8.156677
624,592,7.896148
643,592,12.668628
606,593,9.436545
636,594,11.954657
632,595,10.79073
608,596,12.787182
630,596,6.911357
637,596,11.399369
668,596,13.572553
610,597,7.758802
611,597,9.078847
625,597,6.1904125
640,597,9.444087
670,597,12.955537
612,598,8.711341
613,598,7.356807
628,598,14.865795
631,598,14.439766
647,598,10.534712
608,599,8.373025
645,599,14.696831
606,600,9.288901
626,600,7.0209823
629,600,6.9423647
649,600,14.753982
635,601,11.06007
607,602,12.887075
646,602,9.775189
609,604,10.604085
643,604,14.108807
648,604,10.907368
657,604,10.630981
654,605,11.842526
658,605,13.47875
626,606,7.522719
629,606,14.337832
646,607,12.151143
664,607,11.747255
630,608,12.337564
668,608,14.540264
624,609,10.930438
643,609,6.8131175
657,609,12.13861
625,610,11.909759
640,610,7.700409
669,610,12.204792
690,610,14.963814
617,611,6.2494507
625,611,6.120657
628,611,14.750883
640,611,14.884687
670,611,12.8689995
613,612,14.651551
617,612,13.138538
628,612,6.629226
647,612,10.448405
665,612,12.695862
631,613,7.0945897
647,613,10.148971
672,613,11.466703
618,614,5.9245667
634,614,6.4435325
651,614,10.379615
679,614,12.597829
620,615,10.391245
623,615,8.017831
652,615,9.578174
661,615,13.029913
674,615,12.299784
683,615,12.805486
638,616,7.1689305
676,616,12.586826
625,617,11.325935
628,617,8.502278
665,617,10.893232
692,617,14.222172
623,618,11.545066
634,618,10.376309
651,618,6.813831
661,618,12.734299
679,618,14.638642
694,618,14.230616
620,619,10.372242
641,619,11.143956
656,619,8.61711
677,619,12.0938
652,620,7.2283134
677,620,12.808779
683,620,14.155178
703,620,14.277651
639,621,12.805216
659,621,14.041665
704,621,14.185662
650,622,13.090642
655,622,6.6027
673,622,14.860861
682,622,11.220954
651,623,11.017936
652,623,14.335463
661,623,6.5015054
674,623,9.341423
683,623,13.440885
691,623,11.674113
642,624,8.356606
643,624,10.634016
680,624,11.048398
640,625,8.810239
670,625,7.9305263
690,625,14.118174
629,626,8.081057
699,626,12.455811
644,627,8.176583
653,627,6.999747
696,627,11.843369
647,628,11.891887
665,628,6.5676055
697,628,14.174659
649,629,8.534459
699,629,12.382103
637,630,8.642849
668,630,6.688939
685,630,10.150624
647,631,13.6642
650,631,8.148384
672,631,10.592155
693,631,14.225834
653,633,9.215675
664,633,9.588328
681,633,8.606347
712,633,14.706391
651,634,10.771108
679,634,6.651974
694,634,11.69754
687,635,10.859053
659,636,13.665838
671,636,12.897295
702,636,11.361944
662,637,11.709263
668,637,11.267935
685,637,8.31008
701,637,10.210099
676,638,8.221817
689,638,8.027158
719,638,14.280819
669,640,9.339896
670,640,8.016699
690,640,7.7519345
645,641,7.615246
656,641,6.898856
675,641,6.537705
684,641,11.710657
698,641,11.188432
680,642,12.381585
686,642,14.213486
709,642,11.175813
657,643,9.458964
680,643,9.49511
700,643,9.3624
653,644,14.024789
654,644,9.430199
696,644,9.986059
656,645,13.679532
675,645,7.820204
684,645,6.6752534
698,645,14.194082
713,645,12.363907
664,646,14.506471
688,646,7.3311505
720,646,14.51836
665,647,13.303451
672,647,7.2756686
697,647,8.475193
649,648,8.603228
657,648,10.266981
699,649,14.884527
655,650,8.789474
693,650,7.8221083
661,651,8.440361
674,651,14.099866
679,651,11.564013
691,651,11.867366
694,651,8.19009
708,651,11.148271
674,652,11.090331
677,652,12.183402
683,652,6.9384165
703,652,9.418243
724,652,14.6846285
681,653,9.04473
696,653,12.510551
707,654,10.430339
682,655,8.353173
693,655,9.627996
711,655,10.609487
675,656,8.121578
677,656,8.391281
698,656,7.944557
717,656,13.580332
700,657,9.683375
714,657,11.185647
702,659,14.610472
710,659,10.902793
715,659,11.223747
666,660,10.900258
667,660,6.677013
678,660,13.655136
706,660,13.474851
722,660,13.063729
674,661,5.751373
683,661,11.573603
691,661,5.5446324
694,661,13.137562
708,661,9.716971
723,661,13.009788
695,662,6.0993786
701,662,8.313812
728,662,13.384632
676,663,12.11006
718,663,12.285226
681,664,12.736772
688,664,12.127799
712,664,10.22658
692,665,9.99281
697,665,11.21744
742,665,14.828271
673,666,12.226984
706,666,7.759511
678,667,7.0773273
722,667,12.618179
685,668,6.845935
727,668,14.224299
732,668,12.98291
671,669,10.233002
690,669,8.673777
736,669,14.61112
690,670,7.984266
692,670,12.177371
716,670,10.618882
702,671,13.750758
735,671,13.479631
736,671,14.316532
697,672,8.933224
721,672,9.735374
682,673,8.779406
706,673,14.451247
711,673,14.901505
683,674,5.918632
691,674,4.9719048
708,674,11.405186
723,674,10.1370735
724,674,12.02356
677,675,14.806219
684,675,7.2929497
698,675,6.3798676
713,675,9.712246
731,675,12.285015
689,676,8.436422
718,676,10.463279
719,676,10.287881
698,677,10.577447
703,677,7.7518873
717,677,7.7754135
722,678,14.2028
694,679,7.516925
730,679,12.453403
737,679,12.413085
700,680,9.813385
709,680,11.761614
739,680,14.568391
696,681,14.750617
712,681,10.539247
741,681,12.937092
693,682,13.561863
711,682,6.9732347
691,683,9.993453
703,683,9.274673
723,683,11.566596
724,683,8.945207
698,684,12.100734
713,684,5.8293185
731,684,14.9522295
746,684,13.260094
701,685,8.42615
727,685,9.051959
732,685,11.863587
709,686,12.189737
725,686,10.79815
705,687,8.946545
729,687,13.909932
747,687,14.421331
720,688,7.277179
719,689,7.044641
749,689,14.539444
716,690,12.044209
740,690,11.163469
694,691,13.095391
708,691,6.448447
723,691,7.487483
724,691,12.798759
748,691,13.125992
716,692,10.24227
742,692,14.266839
711,693,9.638581
751,693,13.782098
708,694,8.153258
730,694,7.779461
737,694,13.245114
748,694,13.307453
701,695,9.99041
728,695,10.049199
733,695,10.161781
734,696,9.594205
738,696,14.930314
744,696,12.580704
721,697,9.84174
742,697,12.170061
713,698,11.39871
717,698,10.319713
731,698,7.3073587
726,699,10.465999
714,700,10.107618
739,700,9.380171
727,701,9.129579
728,701,9.000136
754,701,13.961646
715,702,9.015429
735,702,11.4157095
761,702,14.758428
717,703,8.578613
724,703,9.859256
762,703,14.854572
710,704,8.453672
726,705,11.009757
747,705,8.0954685
759,705,13.173955
722,706,13.966228
743,706,8.644576
738,707,9.374033
723,708,8.880754
730,708,9.173431
748,708,8.3131275
715,710,8.016014
756,710,11.856659
752,711,10.186212
720,712,12.999778
741,712,9.772491
767,712,13.597792
731,713,11.142077
746,713,7.8507104
739,714,11.694003
758,714,13.076638
756,715,12.169952
761,715,12.30103
740,716,11.570752
773,716,13.388381
779,716,13.837551
731,717,10.311939
753,717,8.570896
762,717,14.369162
764,717,14.306192
719,718,11.68726
749,718,12.730972
765,718,11.428784
749,719,7.5567336
777,719,14.60146
760,720,12.242972
769,720,12.498065
751,721,14.559589
755,721,11.140568
743,722,11.371875
763,722,12.578828
724,723,8.219805
748,723,9.783886
772,723,12.2194
785,723,14.478209
762,724,10.434566
772,724,11.227701
733,725,14.556031
787,725,14.245629
747,726,12.304963
759,726,8.76487
790,726,14.80338
728,727,10.05086
732,727,8.119339
750,727,7.2237935
754,727,7.986364
778,727,13.912273
733,728,10.933347
750,728,13.941307
754,728,8.313532
766,728,11.085664
775,728,10.584461
737,730,9.100824
748,730,8.092781
774,730,13.903004
782,730,13.263855
746,731,13.465411
753,731,10.59644
764,731,7.960537
750,732,7.17293
754,732,13.065005
778,732,12.369648
780,732,9.894268
766,733,9.323319
738,734,8.123745
744,734,9.088781
783,734,12.726088
736,735,9.831144
761,735,14.6482
740,736,11.09428
745,737,9.482802
782,737,13.715592
792,737,14.076968
783,738,11.6166115
776,739,9.836838
779,740,12.486833
744,741,11.48095
767,741,9.958859
755,742,13.665928
771,743,13.867043
784,743,9.405215
763,745,10.177008
792,745,12.677531
796,745,12.881753
757,746,14.511823
764,746,14.370462
789,746,11.402383
759,747,8.327586
781,747,8.989839
793,747,14.47513
774,748,9.357694
782,748,12.95925
785,748,11.586726
765,749,11.651527
777,749,7.04736
801,749,13.392032
754,750,6.827018
775,750,13.31844
778,750,6.784682
780,750,9.142811
786,750,10.077329
770,751,12.2031145
791,751,12.696536
770,752,8.178997
771,752,14.094558
788,752,9.727515
762,753,10.825917
764,753,8.734801
799,753,11.336971
766,754,12.867258
775,754,7.2988043
778,754,10.221781
786,754,8.002838
804,754,14.290273
791,755,10.770592
808,755,14.379803
816,755,12.96828
761,756,9.760945
802,756,13.66759
780,757,10.946658
800,757,10.124304
776,758,13.984015
797,758,8.558025
821,758,14.472932
781,759,9.146774
790,759,8.596644
812,759,13.1498165
769,760,10.290312
802,761,10.547817
772,762,8.555691
799,762,12.811762
814,762,12.47267
796,763,12.069553
803,763,13.368899
789,764,12.771809
799,764,13.443403
768,765,10.487946
777,765,10.396405
801,765,13.172459
815,765,12.7194
775,766,7.13421
786,766,14.229565
794,766,11.571488
804,766,11.772438
819,766,13.817587
769,767,9.619154
806,767,11.561335
805,768,9.538747
815,768,14.331256
788,770,11.96473
809,770,9.538146
784,771,12.219351
788,771,9.313176
811,771,13.009894
785,772,8.723255
814,772,9.38339
779,773,8.119027
795,773,8.1979265
782,774,6.95037
785,774,8.059886
778,775,13.540724
786,775,7.1899457
804,775,8.22061
801,777,6.347476
815,777,14.937955
837,777,14.755687
780,778,7.2071977
786,778,7.1375656
800,778,14.640391
826,778,12.197313
795,779,14.228292
786,780,14.326708
800,780,10.023764
790,781,12.468138
793,781,9.081984
812,781,10.422333
827,781,12.701925
785,782,14.979865
792,782,10.550894
807,783,11.054953
834,783,12.197387
803,784,13.380179
811,784,8.44354
814,785,12.075019
830,785,11.284565
804,786,8.543304
826,786,10.596142
794,787,12.622917
820,787,10.76007
840,787,14.9718895
809,788,13.906372
829,788,10.995634
825,789,14.791038
832,789,13.24027
810,790,11.539682
812,790,8.167142
836,790,12.284325
816,791,9.513357
835,791,11.639729
796,792,8.479008
818,793,12.487497
827,793,14.3953495
843,793,11.75423
819,794,10.725578
820,794,11.105986
808,795,10.708213
838,795,10.506414
821,797,8.040175
824,797,8.716894
813,798,10.505463
841,798,14.152169
842,798,9.238822
814,799,14.6768465
845,799,12.621224
825,800,11.391968
839,800,10.728626
815,801,11.274513
837,801,8.694131
822,802,11.748286
853,802,14.919405
850,803,11.774697
819,804,9.744391
826,804,11.283471
815,805,13.969608
818,805,9.860445
859,805,12.537113
831,806,7.30736
833,806,10.999499
834,807,14.799236
848,807,12.029845
849,807,11.146551
816,808,12.781392
838,808,10.294546
829,809,14.925475
835,809,10.998829
846,809,9.416137
824,810,11.067136
836,810,10.227766
852,810,11.101036
847,811,8.467969
827,812,7.077142
836,812,9.985413
843,812,14.471686
870,812,13.950873
822,813,11.354497
842,813,11.465316
857,813,11.490007
865,813,12.597138
830,814,9.386904
845,814,10.042405
851,814,12.090312
837,815,14.2062435
859,815,14.744149
863,815,10.766324
835,816,14.106248
823,817,11.8757925
840,817,11.259564
862,817,11.142742
843,818,13.074728
859,818,13.801458
858,819,13.958543
840,820,11.8964815
858,820,9.474087
868,820,11.360224
824,821,9.691857
844,821,10.388667
869,821,12.515044
853,822,7.397274
857,822,10.511528
844,823,11.132672
862,823,13.140054
878,823,12.814636
852,824,10.215149
873,824,11.592226
839,825,13.504604
866,825,13.975153
839,826,13.336608
854,826,9.380699
877,826,11.421335
836,827,13.307778
843,827,7.9623356
870,827,11.166638
874,827,14.58426
855,828,6.37168
856,828,12.555158
875,828,10.423875
846,829,11.396776
847,829,14.154278
880,829,11.717898
845,830,14.383956
851,830,7.741071
861,830,12.508486
882,830,12.937701
833,831,12.208713
856,831,14.496361
864,831,8.189563
881,831,13.143396
866,832,12.171636
834,833,13.098208
871,833,10.28786
881,833,12.066854
848,834,9.684604
860,834,9.43384
871,834,12.596809
846,835,13.965676
879,835,12.158704
852,836,11.1064205
870,836,10.486792
854,839,7.3846164
862,840,12.079623
868,840,10.958434
842,841,10.633223
849,841,13.131828
867,841,9.463047
872,841,9.094771
893,841,13.795479
857,842,14.847404
865,842,8.805809
867,842,8.314935
889,842,12.179937
874,843,8.68418
869,844,11.765202
851,845,10.488572
876,845,10.388896
879,846,13.591919
880,846,13.91451
885,846,9.147912
850,847,14.62213
892,847,12.831569
849,848,11.374038
860,848,7.042643
886,848,12.399725
903,848,13.557411
872,849,9.999616
886,849,8.803229
892,850,14.084117
861,851,14.72412
882,851,8.761635
873,852,8.174236
857,853,8.593364
887,853,7.7204256
912,853,14.910639
877,854,8.799755
856,855,13.459889
875,855,6.5042396
896,855,10.4857645
864,856,10.0897665
875,856,9.458409
901,856,11.735033
865,857,7.9099894
887,857,12.414109
894,857,10.197446
912,857,14.381206
868,858,8.3286915
890,858,9.944585
899,858,13.015455
863,859,9.624241
883,859,13.037883
884,859,8.058475
891,859,13.118065
871,860,9.09489
903,860,13.496132
916,860,13.476068
882,861,10.529069
904,861,12.098197
878,862,7.8961725
915,862,13.335632
884,863,9.928194
891,863,7.1915336
906,863,13.865744
881,864,10.533777
901,864,11.441416
902,864,10.233841
867,865,10.505907
889,865,8.179763
894,865,9.137804
900,865,14.1293745
897,866,9.267831
924,866,13.826566
872,867,11.52171
889,867,6.9668174
893,867,11.413949
900,867,7.8062143
899,868,8.209341
873,869,11.095661
909,869,10.043133
914,869,13.865591
898,870,9.135015
919,870,12.122541
881,871,11.724939
916,871,13.341177
886,872,10.284667
893,872,6.312824
900,872,13.036183
914,873,11.117193
929,873,14.952765
883,874,10.166696
896,875,7.934219
901,875,14.533354
926,875,12.969255
927,875,14.555725
888,876,8.622765
928,877,14.196051
905,878,8.555132
915,878,11.647551
931,878,13.891786
885,879,13.0762415
910,879,10.096442
911,879,9.454073
885,880,9.667931
902,881,9.43702
922,881,11.4999485
904,882,8.461505
884,883,13.060325
921,883,10.905285
891,884,8.010753
921,884,9.781744
933,884,11.991989
911,885,9.578211
941,885,13.83533
893,886,12.586838
903,886,7.6413875
944,886,14.9708185
894,887,14.389729
912,887,9.015453
917,887,8.669283
897,888,13.028462
935,888,11.952664
893,889,14.305764
894,889,9.982928
900,889,6.1602817
954,889,14.987323
899,890,14.410917
936,890,11.40307
906,891,8.995668
933,891,12.59453
939,892,13.860826
900,893,8.819631
955,893,14.789917
912,894,9.267221
938,894,10.16984
908,895,12.876608
920,895,9.101523
923,895,7.9596796
959,895,14.647024
926,896,8.590371
927,896,13.711237
930,896,8.9383745
957,896,14.042095
924,897,6.820691
935,897,10.721727
913,898,7.310732
919,898,9.928791
932,898,8.541551
918,899,12.336254
942,899,11.907579
954,900,13.135742
902,901,8.809215
922,901,14.828087
926,901,13.806988
927,901,8.055703
945,901,9.822409
949,901,12.91945
961,901,13.994623
922,902,7.1936917
945,902,14.067379
961,902,12.53363
916,903,13.341392
944,903,9.245849
955,903,14.904025
962,903,14.561684
934,904,7.827967
966,904,13.7880535
909,905,13.4176
915,905,12.705026
931,905,8.254246
907,906,8.846868
917,908,14.918168
923,908,11.20085
958,908,12.164388
959,908,14.548252
914,909,13.13611
937,909,14.259133
911,910,11.958857
940,910,12.2012415
946,910,10.3924465
965,910,11.396043
940,911,9.207248
941,911,9.582733
917,912,9.358759
938,912,7.9739566
950,912,14.25128
974,912,14.419269
914,913,14.860848
929,913,10.62038
932,913,8.089947
943,913,8.550736
929,914,6.7704806
937,914,5.185785
943,914,11.289301
918,915,7.0298448
931,915,9.521162
942,915,12.995768
971,915,13.069919
973,915,13.42905
944,916,14.883215
952,916,12.743066
953,916,7.5758934
962,916,11.897097
976,916,12.539769
950,917,7.927671
942,918,7.1114674
971,918,12.344774
932,919,10.903314
972,919,11.43838
923,920,9.734113
959,920,13.648775
963,920,9.473409
933,921,9.216475
952,922,10.866081
961,922,10.356147
970,922,8.857104
958,923,12.655776
959,923,6.7261033
963,923,13.309929
989,923,13.412804
925,924,11.45972
935,924,10.136524
948,924,13.955738
960,924,9.832869
948,925,5.7846494
960,925,7.9263344
985,925,14.204918
927,926,6.787659
930,926,5.277116
945,926,11.74086
949,926,7.071246
957,926,6.196677
969,926,9.899342
930,927,11.849187
945,927,5.905268
949,927,5.227194
957,927,9.2929325
961,927,13.9575615
969,927,14.275929
993,927,14.480323
937,929,6.3414903
943,929,4.588191
949,930,10.394878
957,930,6.366267
969,930,6.919873
971,931,14.201493
973,931,8.011599
943,932,11.110473
972,932,13.414683
998,932,13.949688
979,933,13.966018
982,933,10.5905
966,934,6.566819
964,935,10.488596
997,936,12.6168165
943,937,10.477098
954,938,13.426761
974,938,7.863729
978,938,12.086977
980,938,13.153616
951,939,13.350852
977,939,14.120726
991,939,13.267815
992,939,12.029818
941,940,8.9708395
946,940,14.715568
965,940,7.4267917
981,940,14.830526
996,940,10.43786
951,941,6.9632683
981,941,9.876417
996,941,13.602152
1009,941,14.800076
971,942,9.968692
1000,942,12.422336
955,944,9.3099
962,944,8.015496
976,944,14.916196
988,944,10.558495
949,945,5.9655085
957,945,11.303165
961,945,8.372746
993,945,11.230652
965,946,8.278448
967,946,12.577493
975,946,6.558718
1002,946,14.507248
1004,946,13.637426
977,947,11.247164
983,947,9.022615
960,948,5.659464
985,948,8.518039
1006,948,14.953533
957,949,5.35388
961,949,13.937736
969,949,10.249086
993,949,9.657704
958,950,11.741165
980,950,11.069058
994,950,9.336537
995,950,10.967943
981,951,7.628091
991,951,10.370019
1009,951,14.778457
953,952,7.499267
970,952,9.313228
976,952,12.457467
962,953,10.393181
976,953,6.725327
988,953,14.749182
974,954,14.545836
978,954,9.063204
963,956,14.155823
990,956,13.768926
969,957,5.0298514
993,957,10.644522
959,958,9.200261
989,958,12.709817
995,958,9.507742
1021,958,14.439712
963,959,12.156599
989,959,7.047269
985,960,9.254753
999,960,10.645806
970,961,8.347412
993,961,14.374626
1008,961,12.254738
976,962,6.9250374
988,962,5.848727
1017,962,12.308822
989,963,11.697667
1011,963,9.997434
975,965,12.565006
996,965,11.214165
1004,965,10.055575
975,967,7.958191
1002,967,10.257735
1028,967,14.686597
1007,968,14.44804
993,969,12.300577
1008,970,9.09059
973,971,9.084661
1000,971,11.867426
1001,971,7.654798
1038,971,14.585041
998,972,9.155596
1007,972,10.118928
1012,972,9.215586
1001,973,7.482062
1022,973,12.293194
978,974,7.9598894
980,974,8.104689
994,974,14.3458805
1003,974,9.418396
1010,974,7.8474226
1013,974,10.570987
1002,975,8.145749
1004,975,12.7328615
988,976,8.952476
1017,976,12.371089
1035,976,14.669581
983,977,9.411507
992,977,9.12793
1015,977,8.119582
1051,977,14.762584
1003,978,14.6411915
1010,978,9.046335
1013,978,6.489257
1055,978,13.875972
982,979,7.7516975
987,979,11.763947
1020,979,8.425103
1049,979,12.991742
994,980,6.241706
995,980,14.346759
1003,980,5.406377
1010,980,10.219962
1024,980,9.372102
1040,980,13.241339
1050,980,14.938655
991,981,9.417825
996,981,11.093749
1009,981,7.3219795
1029,981,11.042576
1046,981,13.886982
1020,982,8.108651
1034,982,11.588732
1005,983,10.203358
1015,983,12.09481
1041,983,10.649846
1051,983,14.010253
1016,984,5.63431
999,985,11.261817
1006,985,10.143453
1037,985,10.201649
1043,986,14.150739
1017,988,6.799994
1018,988,10.337347
1011,989,11.788625
1021,989,11.374107
1027,989,8.931726
1045,989,13.335484
1028,990,13.925085
1031,990,9.760405
1060,990,14.610224
992,991,8.351585
1009,991,14.764053
1029,991,14.236733
1036,991,11.109926
1046,991,12.541182
1015,992,9.373202
1036,992,10.798538
1023,993,10.96316
1044,993,12.9827795
995,994,8.222491
1003,994,8.474585
1024,994,8.164624
1040,994,14.601559
1050,994,11.375331
1021,995,10.470135
1024,995,13.805448
1050,995,13.081737
1059,995,12.804321
1004,996,10.829895
1009,996,6.893982
1029,996,13.137697
1062,996,12.737113
1000,997,14.960872
1019,997,9.400606
1026,997,10.301393
1007,998,12.704378
1012,998,7.3767824
1048,998,11.208621
1037,999,12.530217
1019,1000,9.291514
1042,1000,9.14898
1022,1001,8.708319
1038,1001,8.064604
1004,1002,13.573704
1028,1002,9.5178585
1010,1003,6.7290807
1013,1003,12.444065
1024,1003,5.750246
1040,1003,7.8516035
1050,1003,12.052912
1055,1003,14.817904
1068,1004,13.968205
1032,1005,13.724622
1041,1005,9.980315
1075,1005,13.936866
1037,1006,13.631418
1012,1007,5.870396
1048,1007,11.270364
1058,1007,11.096803
1023,1008,10.86974
1039,1008,7.477784
1072,1008,13.454002
1029,1009,6.6217113
1046,1009,12.241767
1062,1009,9.883436
1013,1010,5.715836
1024,1010,11.3829565
1040,1010,8.571975
1055,1010,9.6605425
1025,1011,11.150546
1027,1011,12.2999325
1045,1011,9.154901
1063,1011,10.581925
1080,1011,14.155897
1048,1012,7.4563136
1058,1012,14.0516405
1040,1013,12.355128
1055,1013,7.4306655
1066,1013,14.710469
1067,1013,12.702689
1030,1014,9.982135
1054,1014,8.520716
1066,1014,14.216415
1036,1015,12.592368
1041,1015,13.099631
1051,1015,7.681165
1074,1015,14.573427
1018,1017,7.74388
1030,1017,14.681587
1061,1017,9.5926485
1030,1018,7.1700616
1026,1019,12.07381
1042,1019,9.088176
1069,1019,12.929262
1094,1019,14.765996
1034,1020,8.911253
1049,1020,8.413124
1082,1020,12.654284
1027,1021,7.8418393
1045,1021,14.700924
1059,1021,9.345998
1070,1021,10.531716
1038,1022,7.315386
1057,1022,8.042575
1077,1022,10.067478
1039,1023,13.865197
1065,1023,8.12722
1072,1023,14.549209
1040,1024,7.030728
1050,1024,6.3117547
1059,1024,14.022621
1073,1024,12.730272
1102,1024,14.973211
1060,1025,10.531746
1063,1025,9.58354
1069,1026,8.299871
1081,1026,12.086319
1045,1027,7.0382833
1070,1027,9.136607
1080,1027,13.464123
1093,1027,12.5505085
1031,1028,9.570994
1064,1028,9.380649
1071,1028,8.478098
1036,1029,14.438243
1046,1029,6.287899
1062,1029,8.2267685
1089,1029,11.506565
1054,1030,13.808405
1060,1031,7.8010974
1064,1031,6.22293
1071,1031,11.743655
1112,1031,14.745608
1052,1032,9.497368
1084,1032,10.748712
1057,1033,11.809555
1078,1033,13.442955
1088,1033,10.641558
1049,1034,14.80861
1053,1034,9.038016
1082,1034,12.985213
1092,1034,11.154252
1095,1034,12.674185
1039,1035,11.474505
1061,1035,11.04092
1083,1035,10.451167
1091,1035,10.334049
1046,1036,8.57577
1074,1036,8.052725
1085,1036,10.875813
1107,1037,13.800717
1042,1038,14.819004
1057,1038,13.512529
1077,1038,10.842052
1072,1039,7.27041
1083,1039,10.407744
1050,1040,10.896961
1055,1040,10.260193
1099,1040,11.585228
1102,1040,11.88714
1051,1041,8.411403
1075,1041,9.937277
1086,1041,9.8773155
1094,1042,14.166364
1096,1042,11.929315
1090,1044,10.550947
1063,1045,8.984659
1070,1045,11.129433
1080,1045,7.1843524
1093,1045,9.710454
1111,1045,12.361142
1062,1046,13.398407
1074,1046,13.097182
1085,1046,10.072419
1089,1046,12.330734
1118,1046,14.052748
1078,1047,8.558765
1120,1047,14.775292
1058,1048,12.983012
1079,1048,9.267204
1076,1049,7.4656057
1082,1049,9.077196
1092,1049,14.671222
1098,1049,9.875095
1110,1049,14.556196
1124,1049,14.73316
1059,1050,8.108717
1073,1050,6.5942802
1102,1050,12.837838
1115,1050,14.589821
1074,1051,13.857373
1086,1051,8.640377
1104,1051,11.522296
1056,1052,13.438424
1106,1052,12.755013
1117,1052,13.778169
1058,1053,13.445179
1092,1053,14.333222
1095,1053,10.108447
1097,1053,10.352261
1066,1054,6.0435567
1067,1054,10.386956
1105,1054,13.850603
1066,1055,10.929542
1067,1055,7.132219
1099,1055,11.560618
1105,1055,12.717597
1087,1056,11.5989275
1106,1056,12.750409
1122,1056,14.2441
1077,1057,7.5743966
1088,1057,10.123901
1109,1057,10.880584
1097,1058,12.869518
1126,1058,14.318493
1070,1059,11.742414
1073,1059,5.926848
1115,1059,11.588105
1064,1060,9.681031
1112,1060,12.916953
1091,1061,9.936531
1101,1061,10.547787
1068,1062,8.536376
1089,1062,9.172412
1103,1062,14.175407
1113,1062,10.735851
1080,1063,6.806955
1093,1063,13.779533
1111,1063,11.207667
1071,1064,6.5434246
1112,1064,9.514816
1139,1064,14.563037
1072,1065,12.706265
1090,1065,14.004744
1142,1065,13.446117
1067,1066,4.5689497
1105,1066,8.321887
1136,1066,13.736727
1099,1067,13.338321
1105,1067,6.8262296
1136,1067,14.911773
1137,1067,13.924935
1089,1068,13.987389
1103,1068,6.754627
1113,1068,10.167296
1129,1068,13.749879
1131,1068,12.210016
1133,1068,12.826361
1081,1069,11.09817
1094,1069,7.742029
1108,1069,7.320721
1119,1069,14.806202
1080,1070,12.973804
1093,1070,7.380778
1111,1070,14.289103
1125,1070,10.409859
1112,1071,11.364595
1130,1071,12.160889
1139,1071,14.14324
1083,1072,8.82366
1102,1073,11.594316
1115,1073,8.067358
1085,1074,7.398845
1104,1074,10.258868
1084,1075,8.34758
1086,1075,10.270816
1116,1075,9.2016
1140,1075,13.260906
1082,1076,11.678187
1098,1076,7.5862007
1110,1076,7.3208175
1124,1076,13.557355
1138,1076,13.43152
1088,1077,13.525274
1109,1077,7.6405787
1135,1077,11.938741
1088,1078,14.184172
1120,1078,12.606518
1123,1078,10.919106
1100,1079,8.35072
1093,1080,7.081325
1111,1080,5.5812254
1125,1080,11.672679
1108,1081,12.152897
1134,1081,10.725871
1092,1082,6.437621
1095,1082,14.209277
1098,1082,6.483783
1124,1082,7.312985
1127,1082,8.463774
1138,1082,13.860169
1091,1083,7.4294205
1116,1084,7.3940787
1117,1084,10.875008
1089,1085,12.891585
1118,1085,8.562241
1163,1085,14.347159
1104,1086,9.538515
1140,1086,11.43824
1114,1087,10.03844
1122,1087,8.4677725
1157,1087,14.850543
1109,1088,9.569413
1123,1088,8.895526
1145,1088,11.634729
1113,1089,7.255242
1118,1089,7.51548
1133,1089,13.360173
1153,1089,11.81775
1154,1089,14.348925
1132,1090,8.613503
1095,1092,7.7981763
1097,1092,14.818914
1098,1092,12.208778
1124,1092,9.813762
1127,1092,6.2331715
1161,1092,14.766167
1111,1093,6.9248147
1125,1093,5.83185
1108,1094,6.6408935
1119,1094,7.0713673
1149,1094,11.837861
1097,1095,7.024484
1127,1095,11.040848
1141,1095,10.105459
1161,1095,14.925323
1119,1096,10.507788
1150,1096,12.392309
1159,1096,14.436051
1141,1097,9.626831
1169,1097,14.179187
1110,1098,9.358594
1124,1098,5.9781075
1127,1098,11.07536
1138,1098,8.499099
1102,1099,8.181872
1105,1099,12.889402
1137,1099,7.9710345
1146,1099,12.188522
1120,1100,10.9241085
1168,1100,12.809294
1121,1101,11.427323
1115,1102,13.355484
1137,1102,14.418329
1146,1102,9.577183
1156,1102,14.8297
1113,1103,9.674038
1128,1103,12.892633
1129,1103,7.3533516
1131,1103,6.037359
1133,1103,8.428159
1154,1103,13.427421
1173,1103,13.837952
1151,1104,10.10253
1164,1104,14.727428
1136,1105,9.208513
1137,1105,9.458172
1117,1106,11.531398
1122,1106,11.779003
1144,1106,8.06655
1147,1107,14.157663
1152,1107,14.425849
1172,1107,12.432024
1119,1108,11.618522
1134,1108,10.013144
1149,1108,9.696783
1135,1109,10.034923
1145,1109,8.404539
1124,1110,13.776548
1138,1110,9.393044
1143,1110,7.9819107
1170,1110,13.012405
1125,1111,8.42249
1130,1112,14.959036
1139,1112,5.889013
1118,1113,12.610067
1131,1113,9.608177
1133,1113,6.4127846
1153,1113,10.764645
1154,1113,9.038596
1173,1113,13.594058
1178,1113,14.319137
1122,1114,14.075675
1158,1114,10.698238
1156,1115,10.815902
1166,1115,13.666997
1117,1116,12.486924
1140,1116,10.739766
1176,1116,12.664235
1144,1117,11.704388
1179,1117,13.68603
1153,1118,9.537252
1163,1118,12.933195
1149,1119,10.4165535
1159,1119,9.847441
1168,1120,12.367184
1144,1122,13.777736
1157,1122,7.5890117
1145,1123,11.163646
1167,1123,10.047293
1127,1124,5.977747
1138,1124,7.8829894
1161,1124,13.511991
1177,1124,13.176499
1181,1124,12.916974
1166,1125,13.600465
1175,1125,11.768549
1160,1126,8.834687
1138,1127,13.398798
1141,1127,14.125997
1161,1127,9.661354
1181,1127,12.671071
1129,1128,6.190834
1130,1128,6.770161
1131,1128,12.945492
1171,1128,9.498825
1180,1128,13.659086
1130,1129,12.954928
1131,1129,6.856023
1133,1129,11.285458
1171,1129,13.910893
1173,1129,12.479509
1180,1129,11.523352
1139,1130,12.323786
1171,1130,8.468898
1185,1130,14.837246
1133,1131,4.4383574
1154,1131,8.646742
1173,1131,7.8168254
1178,1131,14.226219
1180,1131,11.152385
1162,1132,7.676808
1153,1133,11.141964
1154,1133,5.007204
1173,1133,7.4245086
1178,1133,11.015038
1180,1133,13.295259
1192,1133,13.329837
1149,1134,12.815671
1155,1134,14.531032
1145,1135,13.396817
1150,1135,7.4726663
1186,1135,13.223592
1191,1135,13.700233
1146,1137,12.689806
1143,1138,9.726611
1170,1138,10.110022
1177,1138,7.561438
1181,1138,13.384582
1185,1139,11.768732
1164,1140,7.452171
1176,1140,12.683855
1161,1141,10.280445
1169,1141,5.274977
1198,1141,12.731546
1165,1142,11.055158
1170,1143,5.8613744
1177,1143,12.125889
1157,1144,14.129277
1179,1144,9.151223
1199,1144,14.92832
1167,1145,13.142852
1186,1145,11.969574
1156,1146,9.948507
1148,1147,9.82113
1172,1147,10.518833
1155,1148,9.037674
1189,1148,14.317398
1159,1149,11.561264
1190,1149,9.451706
1159,1150,12.958973
1184,1150,9.182249
1191,1150,9.617346
1163,1151,10.9567
1164,1151,11.154602
1172,1152,14.015156
1183,1152,14.342147
1154,1153,7.5441957
1173,1153,13.241986
1178,1153,7.171177
1192,1153,12.172724
1173,1154,6.080592
1178,1154,6.025681
1180,1154,13.376187
1192,1154,9.024643
1208,1154,13.606166
1189,1155,7.4961824
1166,1156,12.379509
1158,1157,14.89253
1193,1157,9.601273
1199,1157,11.317155
1188,1158,11.849879
1193,1158,12.4228
1201,1158,8.913636
1184,1159,8.952259
1190,1159,12.000348
1196,1160,13.826423
1197,1160,12.584289
1209,1160,11.323579
1169,1161,10.86283
1181,1161,7.94231
1198,1161,13.340441
1202,1161,11.400018
1203,1162,10.700639
1213,1162,12.381748
1200,1165,12.749302
1204,1165,10.638913
1175,1166,10.269798
1215,1167,13.426349
1217,1167,14.17288
1196,1168,12.513067
1197,1169,13.070902
1198,1169,7.645878
1177,1170,8.318141
1180,1171,13.169418
1185,1171,10.576218
1195,1171,9.683132
1212,1171,11.725208
1178,1173,8.559065
1180,1173,7.341361
1192,1173,7.8125134
1205,1173,12.946053
1208,1173,10.092055
1187,1174,7.988565
1194,1174,5.890967
1223,1174,12.742531
1182,1175,8.851933
1218,1175,12.9636755
1206,1176,11.8586445
1181,1177,10.011874
1202,1177,13.13073
1192,1178,5.002434
1208,1178,10.428874
1214,1178,12.858266
1206,1179,10.742568
1207,1179,8.359344
1192,1180,12.381971
1195,1180,8.376414
1205,1180,8.094622
1208,1180,11.102937
1224,1180,12.876375
1202,1181,6.096832
1218,1182,12.665048
1188,1183,11.125922
1191,1184,6.8960404
1233,1184,14.337801
1212,1185,9.631017
1219,1185,9.663612
1191,1186,12.257825
1215,1186,14.67499
1222,1186,9.456601
1194,1187,11.268295
1223,1187,14.759808
1201,1188,7.6663733
1232,1188,12.705744
1216,1189,9.840512
1236,1189,13.434155
1233,1191,13.21456
1205,1192,13.237058
1208,1192,5.4276304
1214,1192,13.307715
1224,1192,13.470531
1229,1192,11.03867
1199,1193,10.529448
1201,1193,12.303406
1221,1193,8.760465
1200,1194,12.913394
1223,1194,7.479802
1205,1195,7.121126
1212,1195,9.578238
1224,1195,11.920596
1226,1195,8.727789
1244,1195,14.278794
1209,1196,11.687122
1237,1196,11.619493
1198,1197,10.897376
1209,1197,9.40926
1207,1199,14.753459
1243,1199,13.185441
1204,1200,13.5944605
1223,1200,14.300598
1230,1200,8.6727495
1221,1201,11.523426
1232,1201,11.45164
1204,1203,13.172058
1213,1203,10.463275
1225,1203,11.765121
1235,1203,9.4639635
1225,1204,7.2752976
1230,1204,14.853191
1240,1204,11.349301
1208,1205,8.7602005
1224,1205,5.311788
1226,1205,9.933902
1229,1205,11.836873
1242,1205,11.813812
1244,1205,11.061192
1207,1206,7.4379463
1224,1208,8.066804
1229,1208,6.9277024
1242,1208,11.294364
1237,1209,13.823516
1238,1209,10.01624
1231,1210,12.624963
1246,1210,11.7303915
1253,1211,12.844299
1219,1212,8.468704
1226,1212,8.118601
1241,1212,10.810841
1265,1212,14.934788
1235,1213,12.038515
1259,1213,13.012966
1258,1214,13.648777
1217,1215,11.214095
1222,1215,11.974272
1263,1215,13.275584
1236,1216,10.837421
1245,1216,10.733644
1254,1216,14.390176
1234,1217,12.393668
1255,1217,11.375854
1227,1218,14.171942
1226,1219,14.788985
1228,1219,8.502595
1241,1219,7.954764
1258,1220,13.296573
1232,1221,14.119452
1239,1222,7.346034
1230,1223,14.300796
1251,1223,11.179112
1252,1223,12.630635
1269,1223,14.627619
1226,1224,11.082734
1229,1224,7.647714
1242,1224,6.5020247
1244,1224,8.244312
1267,1224,13.035275
1235,1225,9.649489
1240,1225,6.556272
1250,1225,13.575311
1257,1225,9.900554
1241,1226,12.257827
1244,1226,7.673002
1265,1226,10.248041
1267,1226,13.803415
1264,1227,11.983912
1241,1228,12.538265
1264,1228,12.912636
1242,1229,5.946149
1244,1229,13.869968
1240,1230,12.905864
1250,1230,7.9125853
1251,1230,10.115857
1246,1231,10.337696
1252,1231,9.742201
1286,1231,14.439359
1268,1232,10.895325
1262,1233,10.21864
1255,1234,9.568585
1240,1235,13.733073
1257,1235,7.480405
1259,1235,10.326795
1254,1236,6.063125
1261,1236,10.222318
1270,1236,14.985299
1273,1236,11.762698
1238,1237,11.815437
1271,1237,11.908394
1272,1237,10.663175
1249,1238,9.6729765
1271,1238,10.004484
1278,1238,11.44578
1289,1239,14.436208
1250,1240,7.6090503
1257,1240,9.779307
1265,1241,9.367089
1280,1241,9.495651
1244,1242,8.846328
1267,1242,9.843953
1265,1244,9.443094
1267,1244,6.624437
1270,1245,8.332222
1247,1246,13.776774
1279,1246,10.795017
1286,1246,11.3662815
1296,1246,14.205155
1279,1247,10.2351885
1297,1247,13.255615
1262,1248,9.694955
1277,1248,9.310269
1284,1248,9.407806
1278,1249,8.365397
1281,1249,9.947323
1251,1250,13.003791
1288,1250,13.465857
1252,1251,14.580211
1269,1251,8.383976
1288,1251,10.32422
1269,1252,9.613083
1285,1252,9.193274
1286,1252,13.4067545
1261,1253,11.410567
1276,1253,8.3625765
1303,1253,13.035382
1261,1254,7.602267
1270,1254,11.158347
1273,1254,5.7366056
1304,1254,12.786057
1263,1255,14.359543
1290,1255,11.100255
1294,1255,13.628584
1259,1257,12.464758
1282,1257,14.252461
1292,1257,10.152199
1283,1258,8.36142
1282,1259,6.213044
1307,1260,12.253063
1273,1261,9.752336
1303,1261,13.7750435
1277,1262,6.5245132
1284,1262,13.541661
1290,1263,13.11844
1293,1263,9.8419695
1301,1263,14.34881
1311,1263,14.613156
1302,1264,10.829767
1267,1265,10.240185
1280,1265,8.877977
1274,1266,8.962283
1275,1266,10.94379
1299,1266,14.8395605
1309,1266,11.133529
1274,1268,10.798163
1299,1268,10.262029
1285,1269,10.167555
1288,1269,11.258147
1310,1269,13.324981
1312,1269,11.667592
1273,1270,8.967805
1304,1270,11.068303
1314,1270,12.193643
1272,1271,8.739934
1278,1271,10.025403
1291,1271,14.921486
1295,1271,8.562254
1318,1271,12.943019
1321,1271,14.393988
1291,1272,7.607497
1294,1272,14.656917
1295,1272,7.0805836
1321,1272,12.60226
1304,1273,7.0531363
1327,1273,14.093222
1299,1274,6.8992186
1309,1274,12.084018
1276,1275,9.76207
1309,1275,13.133592
1313,1275,11.973427
1330,1275,14.486555
1303,1276,10.417523
1313,1276,9.647796
1284,1277,7.9382787
1315,1277,10.197399
1281,1278,10.470136
1316,1278,12.3424635
1318,1278,12.186582
1286,1279,13.812978
1296,1279,7.9099855
1297,1279,10.787574
1322,1279,14.914037
1325,1279,13.876944
1298,1280,8.672246
1316,1281,10.659158
1317,1281,10.202995
1292,1282,14.380216
1329,1282,12.791007
1287,1283,13.29528
1308,1283,9.105595
1315,1284,13.132511
1331,1284,10.996187
1286,1285,9.022067
1310,1285,6.7738695
1312,1285,14.877851
1296,1286,9.849209
1310,1286,12.530788
1322,1286,10.962572
1305,1287,11.857524
1308,1287,11.402263
1320,1287,10.637557
1300,1288,10.342865
1312,1288,9.639545
1301,1289,11.495336
1293,1290,7.553192
1294,1290,13.383147
1311,1290,14.964608
1326,1290,11.002099
1328,1290,10.475353
1294,1291,9.194394
1295,1291,8.131688
1321,1291,9.529437
1332,1291,10.73494
1334,1291,10.955628
1301,1293,12.212779
1311,1293,7.86223
1326,1293,8.001739
1328,1293,14.603357
1328,1294,13.173156
1334,1294,13.006881
1344,1294,13.28212
1318,1295,10.659908
1321,1295,6.274816
1332,1295,11.887854
1297,1296,14.6857
1322,1296,7.0043645
1325,1296,12.5356455
1335,1296,10.33572
1347,1296,13.522828
1307,1297,12.483162
1325,1297,8.721823
1336,1297,12.352011
1302,1298,13.911089
1339,1298,12.609831
1309,1299,12.435607
1349,1299,14.117713
1311,1301,6.729368
1326,1301,14.901362
1341,1301,11.292534
1338,1302,10.87671
1339,1302,12.535658
1313,1303,10.987324
1327,1303,14.233932
1340,1303,14.963357
1345,1303,12.99105
1352,1303,13.486498
1314,1304,12.062136
1327,1304,8.55732
1337,1304,10.18052
1320,1305,11.860993
1323,1305,9.112913
1350,1305,11.935878
1365,1305,14.44911
1324,1306,14.332427
1343,1306,12.166794
1351,1306,11.132593
1319,1307,13.242411
1336,1307,10.779959
1356,1307,13.690509
1320,1308,8.810774
1330,1309,10.666561
1349,1309,10.851603
1312,1310,11.781148
1322,1310,14.612248
1342,1310,9.408022
1346,1310,12.205026
1326,1311,8.198497
1341,1311,10.664364
1370,1311,14.727654
1346,1312,9.611287
1330,1313,10.643802
1340,1313,7.004751
1352,1313,11.530603
1362,1313,12.807786
1331,1314,12.984082
1337,1314,8.677182
1353,1314,12.4818945
1373,1314,14.144573
1331,1315,11.363844
1317,1316,7.3398714
1318,1316,12.446895
1354,1316,12.382497
1360,1316,11.231589
1354,1317,9.365285
1360,1317,14.790898
1321,1318,10.110111
1360,1318,14.9099655
1368,1318,14.1151905
1356,1319,10.354111
1361,1319,10.906494
1350,1320,8.453288
1364,1320,10.994412
1332,1321,6.3789396
1334,1321,11.0623045
1368,1321,11.506692
1335,1322,8.868839
1342,1322,11.561223
1347,1322,7.077723
1363,1322,12.892594
1324,1323,7.350239
1343,1323,13.841917
1350,1323,14.599506
1365,1323,11.035358
1372,1323,12.131633
1343,1324,7.720112
1372,1324,11.60389
1335,1325,7.975522
1336,1325,9.866521
1363,1325,12.713044
1328,1326,10.8162365
1358,1326,9.7659235
1370,1326,14.832393
1337,1327,10.674052
1345,1327,7.4196134
1369,1327,10.796412
1344,1328,9.954052
1358,1328,8.446041
1378,1328,12.438705
1379,1329,13.642423
1340,1330,9.059547
1349,1330,13.958235
1362,1330,10.016134
1367,1330,8.065317
1353,1331,9.818002
1334,1332,5.408768
1344,1332,11.5643635
1368,1332,10.156715
1359,1333,10.87694
1361,1333,13.810169
1374,1333,11.111377
1344,1334,6.269551
1368,1334,14.52386
1347,1335,8.958502
1363,1335,6.6214385
1356,1336,14.250219
1353,1337,14.76505
1369,1337,10.311119
1373,1337,9.638607
1339,1338,11.392805
1383,1338,10.173657
1377,1339,9.364654
1352,1340,7.285748
1362,1340,5.9482555
1367,1340,12.258752
1375,1340,14.387957
1387,1340,12.009005
1404,1340,14.395424
1370,1341,8.550639
1346,1342,12.019591
1347,1342,9.343538
1390,1342,11.731112
1391,1342,14.650696
1351,1343,10.828949
1372,1343,9.895656
1393,1343,11.722322
1358,1344,14.33807
1378,1344,9.96358
1410,1344,14.8332615
1352,1345,10.996273
1369,1345,10.966634
1375,1345,9.314043
1384,1346,14.110484
1391,1346,10.723522
1363,1347,8.6080675
1390,1347,14.472186
1395,1347,12.05244
1357,1348,9.429264
1381,1348,13.896107
1401,1348,13.817692
1367,1349,12.543407
1364,1350,9.298476
1365,1350,8.696333
1385,1350,10.025538
1366,1351,10.458893
1393,1351,14.7469225
1403,1351,11.463084
1362,1352,9.378665
1375,1352,7.500613
1387,1352,9.733523
1373,1353,10.2096195
1360,1354,10.895506
1394,1354,11.153287
1379,1355,14.669296
1361,1356,10.209809
1414,1356,13.834854
1415,1356,14.8941965
1401,1357,11.747194
1409,1357,13.590956
1378,1358,9.639673
1405,1358,11.625859
1380,1359,12.608291
1392,1359,8.9103365
1388,1360,9.314663
1374,1361,7.530058
1415,1361,12.393791
1367,1362,8.572555
1375,1362,14.190976
1387,1362,7.959586
1397,1362,14.116081
1404,1362,8.514658
1395,1363,10.024686
1400,1363,11.996625
1385,1364,8.2266445
1396,1364,8.403514
1416,1364,11.242124
1372,1365,10.298952
1385,1365,11.734117
1407,1365,9.992022
1386,1366,9.507428
1403,1366,14.944207
1412,1366,10.825659
1387,1367,14.819557
1397,1367,8.70994
1404,1367,10.672007
1388,1368,11.548127
1408,1368,11.229054
1411,1368,11.54452
1373,1369,11.406026
1405,1370,12.948243
1420,1370,11.009607
1389,1371,11.949099
1394,1371,11.733097
1398,1371,6.946382
1393,1372,9.310878
1407,1372,12.137967
1417,1372,10.664775
1392,1374,14.91196
1415,1374,13.175528
1425,1374,11.944444
1387,1375,9.424191
1418,1375,9.569783
1389,1376,11.368037
1422,1376,11.2269
1429,1377,13.641716
1405,1378,14.425355
1410,1378,10.969966
1427,1378,11.617269
1432,1379,12.225814
1392,1380,13.117525
1421,1380,14.557862
1426,1380,12.387159
1444,1380,14.914088
1436,1381,12.179335
1386,1382,9.566577
1423,1382,14.275796
1424,1382,9.559033
1421,1383,8.848147
1429,1383,14.918462
1391,1384,12.693616
1419,1384,7.4004536
1440,1384,14.86018
1396,1385,11.083745
1407,1385,11.949967
1416,1385,6.819771
1437,1385,9.918499
1412,1386,10.163375
1423,1386,10.326413
1424,1386,14.445594
1404,1387,6.9858966
1418,1387,12.767659
1443,1387,12.457108
1411,1388,6.734245
1428,1388,12.685503
1434,1388,14.626541
1398,1389,9.836933
1422,1389,11.356698
1439,1389,14.929918
1447,1389,13.952195
1391,1390,8.26147
1395,1390,11.917446
1435,1390,11.910167
1449,1390,12.911371
1419,1391,10.451451
1435,1391,9.766171
1425,1392,12.406594
1426,1392,9.757397
1403,1393,9.15754
1417,1393,8.116624
1441,1393,13.940571
1398,1394,10.240505
1438,1394,8.975431
1439,1394,12.086081
1400,1395,14.370342
1445,1395,12.168277
1449,1395,12.6159525
1402,1396,9.678088
1416,1396,8.181536
1437,1396,14.859321
1404,1397,9.612157
1431,1397,7.6138163
1438,1398,14.849953
1439,1398,8.605562
1406,1400,10.938382
1445,1400,14.084204
1409,1401,11.022263
1430,1401,14.634495
1409,1402,12.464423
1430,1402,12.437743
1412,1403,13.322338
1433,1403,11.319547
1441,1403,9.786584
1431,1404,14.384044
1443,1404,13.204111
1420,1405,12.015137
1451,1405,13.409132
1414,1406,8.347262
1417,1407,9.729318
1437,1407,11.8319025
1442,1407,10.539681
1410,1408,8.569715
1411,1408,13.032344
1434,1408,9.999268
1460,1408,13.716402
1430,1409,6.016023
1427,1410,9.373681
1428,1411,13.484836
1434,1411,7.8970523
1423,1412,7.6489744
1433,1412,6.539149
1452,1412,12.766411
1431,1413,13.196455
1455,1413,12.674662
1458,1413,12.905149
1415,1414,10.15159
1454,1414,13.247621
1425,1415,14.179683
1454,1415,11.48551
1437,1416,6.723302
1463,1416,13.319502
1474,1416,13.958006
1442,1417,7.820023
1443,1418,11.3170595
1477,1418,14.725645
1435,1419,10.35708
1440,1419,14.712408
1453,1419,9.287907
1451,1420,9.222591
1429,1421,14.324513
1444,1421,8.328954
1447,1422,9.790842
1486,1422,14.70804
1424,1423,11.241841
1433,1423,11.145296
1452,1423,7.0924377
1493,1423,14.70078
1450,1424,8.746397
1452,1424,13.1989975
1468,1425,10.00885
1444,1426,12.188173
1459,1426,9.263138
1480,1426,12.074454
1470,1427,11.350144
1438,1428,13.788073
1465,1428,12.156459
1467,1428,12.957307
1491,1428,13.036352
1472,1429,13.379016
1485,1429,12.36099
1462,1430,13.685665
1481,1430,11.166707
1458,1431,9.561487
1464,1431,8.702083
1490,1431,13.745496
1448,1432,8.94597
1457,1432,7.2287893
1494,1432,14.524534
1441,1433,10.077973
1452,1433,12.692211
1475,1433,14.195364
1489,1433,14.168694
1460,1434,10.667
1467,1434,13.472713
1449,1435,12.209991
1453,1435,9.608579
1473,1436,12.807168
1483,1436,14.46868
1495,1436,12.794861
1499,1436,14.965283
1463,1437,7.823608
1474,1437,13.469799
1439,1438,10.356199
1465,1438,9.812341
1466,1438,8.424175
1447,1439,13.915709
1466,1439,10.475161
1488,1439,12.483425
1446,1440,8.32881
1461,1440,6.5712476
1492,1440,13.515352
1498,1440,13.843376
1475,1441,7.683994
1489,1441,11.428466
1487,1442,11.145506
1504,1442,13.687697
1471,1443,10.146639
1476,1443,8.508841
1477,1443,14.712623
1459,1444,8.397278
1449,1445,12.12724
1484,1445,10.347935
1448,1446,12.725294
1461,1446,9.575647
1479,1446,9.918808
1492,1446,10.309564
1486,1447,10.622087
1488,1447,11.93238
1457,1448,8.1750145
1479,1448,7.71228
1494,1448,13.168328
1497,1448,10.350056
1484,1449,10.110419
1502,1449,13.7317705
1455,1450,10.420398
1496,1450,10.811272
1515,1450,14.356961
1478,1451,11.597551
1493,1452,7.798158
1500,1452,13.61175
1505,1452,11.1001835
1498,1453,13.616507
1510,1453,12.945672
1468,1454,12.306276
1513,1454,13.539318
1458,1455,11.758511
1496,1455,11.789424
1506,1455,10.134003
1509,1455,14.76111
1479,1457,13.904284
1494,1457,7.3225384
1497,1457,9.205796
1527,1457,14.988466
1530,1457,14.544487
1464,1458,9.714718
1490,1458,11.1009035
1506,1458,13.759187
1509,1458,10.44518
1525,1458,14.58802
1480,1459,10.179957
1511,1459,10.124499
1470,1460,11.098862
1501,1460,12.269415
1526,1460,12.986189
1492,1461,8.428222
1498,1461,7.734474
1528,1461,14.101371
1474,1462,11.375696
1481,1462,12.416888
1503,1462,10.878523
1508,1462,12.03569
1474,1463,10.701164
1487,1463,11.231409
1519,1463,11.891183
1471,1464,10.680567
1490,1464,5.44583
1509,1464,14.442294
1525,1464,12.012987
1466,1465,9.150698
1491,1465,7.085229
1518,1465,11.665706
1522,1465,11.2095375
1529,1465,14.69472
1488,1466,11.547344
1518,1466,10.201612
1491,1467,10.779117
1501,1467,10.877759
1529,1467,14.40779
1535,1467,12.711668
1513,1468,11.974987
1477,1469,12.0634575
1507,1469,8.002149
1520,1470,11.950118
1526,1470,13.0461035
1476,1471,10.546242
1490,1471,12.102099
1516,1471,9.038293
1517,1471,14.866728
1485,1472,9.248615
1512,1472,7.7092395
1532,1472,13.344984
1485,1473,8.6380625
1495,1473,13.572457
1499,1473,9.624898
1534,1473,14.7765045
1508,1474,9.229613
1489,1475,5.3071656
1500,1475,12.424901
1504,1475,14.811787
1514,1475,11.489602
1545,1475,14.199222
1477,1476,9.215729
1516,1476,12.0415945
1517,1476,7.8384204
1507,1477,10.783382
1517,1477,10.734653
1533,1477,11.6142235
1520,1478,11.75518
1540,1478,13.5967245
1492,1479,10.319546
1497,1479,9.819311
1521,1479,8.819133
1527,1479,12.2236805
1537,1479,12.789568
1511,1480,12.298443
1531,1480,14.253049
1503,1481,12.824159
1524,1481,12.088882
1495,1483,8.587743
1499,1483,14.831576
1523,1483,9.219503
1502,1484,11.940854
1532,1485,11.007262
1550,1486,13.00765
1504,1487,9.960631
1519,1487,10.514445
1518,1488,14.597976
1549,1488,14.602214
1493,1489,14.327134
1500,1489,7.2148495
1514,1489,12.544393
1545,1489,11.7398405
1509,1490,11.121437
1516,1490,13.767287
1525,1490,6.620262
1558,1490,12.935534
1518,1491,13.926808
1522,1491,8.575522
1529,1491,8.857412
1535,1491,14.05327
1498,1492,10.525651
1521,1492,8.95418
1528,1492,13.433503
1537,1492,13.704441
1541,1492,11.3083515
1552,1492,12.368188
1500,1493,7.746932
1505,1493,7.4798565
1497,1494,6.360593
1527,1494,10.301074
1530,1494,7.529622
1499,1495,6.2438827
1523,1495,12.072526
1534,1495,12.698304
1543,1495,10.762638
1505,1496,14.951631
1506,1496,9.907152
1515,1496,8.081705
1536,1496,11.059958
1538,1496,8.300798
1521,1497,12.120158
1527,1497,5.875871
1530,1497,8.255851
1537,1497,12.276048
1551,1497,11.974942
1528,1498,6.807328
1541,1498,11.196707
1563,1498,13.293271
1534,1499,7.822799
1543,1499,11.222811
1505,1500,14.505773
1545,1500,13.545614
1565,1500,14.041611
1526,1501,12.933286
1535,1501,11.341767
1554,1501,10.812386
1510,1502,10.111641
1508,1503,9.758325
1547,1503,8.295327
1582,1503,13.949793
1514,1504,8.899318
1568,1504,13.456787
1515,1505,7.568127
1536,1505,10.334263
1509,1506,8.322776
1538,1506,11.892682
1557,1506,10.490857
1533,1507,7.3749075
1544,1507,9.298307
1564,1508,12.563078
1582,1508,13.270469
1525,1509,8.774125
1557,1509,10.376351
1571,1509,13.724662
1528,1510,14.265447
1542,1511,12.615671
1556,1511,13.135964
1575,1511,13.351866
1542,1512,8.810923
1531,1513,13.559886
1578,1513,14.119837
1545,1514,8.401875
1568,1514,12.065104
1536,1515,5.338223
1538,1515,9.57595
1573,1515,13.167553
1517,1516,10.641147
1558,1516,13.361929
1560,1516,9.739601
1533,1517,11.477763
1560,1517,10.742173
1522,1518,8.349635
1529,1518,14.764987
1549,1518,10.526075
1559,1518,10.264563
1564,1519,12.891342
1576,1519,11.77747
1540,1520,12.798208
1546,1520,9.080698
1527,1521,9.811109
1537,1521,5.0306406
1541,1521,13.14997
1551,1521,11.887387
1552,1521,9.381496
1570,1521,10.864181
1579,1521,12.577348
1529,1522,6.416592
1535,1522,14.749154
1559,1522,8.09083
1574,1522,14.663222
1590,1522,14.159776
1524,1523,11.357968
1543,1523,10.175736
1561,1523,8.798384
1547,1524,12.92252
1561,1524,10.992712
1557,1525,14.7898
1558,1525,7.803061
1571,1525,10.182198
1546,1526,11.606258
1554,1526,13.372876
1562,1526,7.4899035
1530,1527,6.7812905
1537,1527,7.7234125
1551,1527,6.15868
1569,1527,10.676771
1570,1527,10.698392
1598,1527,14.677653
1541,1528,7.036309
1552,1528,13.421716
1563,1528,6.4971967
1535,1529,8.343157
1559,1529,11.26467
1574,1529,10.011494
1590,1529,13.767397
1537,1530,14.025511
1551,1530,8.95977
1569,1530,8.1398535
1598,1530,14.751088
1556,1531,11.21254
1578,1531,11.8340845
1534,1532,13.949787
1572,1532,8.376835
1581,1532,14.56447
1544,1533,10.93325
1585,1533,11.47254
1543,1534,9.860814
1581,1534,8.770342
1606,1534,14.996105
1554,1535,10.6869
1574,1535,9.212247
1538,1536,7.7520065
1573,1536,8.029757
1541,1537,14.731367
1551,1537,7.3645053
1552,1537,9.108125
1569,1537,14.295299
1570,1537,6.000815
1579,1537,9.578858
1598,1537,14.465092
1618,1537,14.815541
1557,1538,13.328264
1573,1538,8.777744
1577,1539,11.206304
1596,1539,11.907813
1593,1540,14.529911
1552,1541,6.399122
1563,1541,7.5164185
1579,1541,11.816698
1611,1541,11.372376
1583,1542,11.653204
1622,1542,14.85361
1561,1543,13.153797
1581,1543,14.365032
1594,1543,11.770484
1606,1543,11.232826
1566,1544,9.141295
1602,1544,11.775295
1565,1545,9.340144
1562,1546,10.668483
1593,1546,10.555651
1617,1546,11.425996
1582,1547,13.732547
1586,1547,10.185577
1587,1547,9.893805
1629,1547,14.887547
1616,1548,13.339396
1559,1549,12.56548
1589,1549,9.634159
1626,1549,13.410701
1597,1550,11.156712
1607,1550,14.734605
1569,1551,6.9326777
1570,1551,6.1467357
1579,1551,12.894981
1598,1551,8.685758
1614,1551,13.227693
1618,1551,12.497385
1563,1552,12.73409
1570,1552,10.251547
1579,1552,6.104644
1611,1552,10.205272
1627,1552,12.724923
1555,1553,11.814759
1567,1553,7.7713633
1580,1553,13.221221
1604,1553,10.94814
1609,1553,11.670158
1620,1553,14.041456
1562,1554,11.044516
1574,1554,14.698945
1603,1554,12.338946
1591,1555,10.682894
1605,1555,9.691013
1609,1555,10.029497
1575,1556,6.515813
1583,1556,13.268126
1610,1556,14.68758
1619,1556,11.218229
1571,1557,11.155474
1601,1557,9.364947
1571,1558,7.7404847
1588,1558,8.550137
1574,1559,13.733573
1590,1559,7.969126
1632,1559,13.347561
1633,1559,14.250567
1588,1560,12.303828
1624,1560,12.433622
1631,1560,13.010096
1594,1561,9.60901
1599,1561,8.051579
1603,1562,8.910927
1617,1562,12.554902
1608,1563,9.207805
1611,1563,11.1981535
1576,1564,12.278894
1582,1564,9.807768
1613,1564,10.694463
1592,1565,14.007681
1600,1565,8.783016
1640,1565,13.073681
1602,1566,13.470606
1616,1566,13.360664
1658,1566,14.880328
1580,1567,6.0063796
1604,1567,8.607172
1612,1567,14.437267
1643,1567,14.711946
1595,1568,7.01955
1570,1569,11.862376
1598,1569,7.1910996
1614,1569,7.943766
1618,1569,14.188923
1579,1570,6.7838216
1598,1570,9.4132
1618,1570,8.837065
1627,1570,11.697364
1588,1571,12.423154
1601,1571,11.161843
1646,1571,14.7941065
1657,1571,13.888009
1581,1572,14.992575
1623,1572,8.497905
1628,1572,12.212592
1638,1572,12.382105
1592,1573,13.930367
1641,1573,11.388173
1645,1573,13.899997
1590,1574,9.704069
1625,1574,8.288493
1647,1574,14.402632
1583,1575,6.8770504
1619,1575,9.84172
1637,1575,11.278718
1595,1576,12.787165
1613,1576,9.226376
1664,1576,14.793509
1596,1577,9.898193
1630,1577,11.308126
1652,1577,13.189204
1610,1578,8.900232
1615,1578,7.1990876
1621,1578,11.236853
1598,1579,14.394881
1611,1579,8.7629795
1618,1579,9.828485
1627,1579,7.3189316
1663,1579,13.700764
1604,1580,7.982605
1612,1580,8.441704
1642,1580,10.582882
1643,1580,12.870257
1606,1581,11.860118
1628,1581,10.136941
1655,1581,12.283435
1587,1582,8.416318
1619,1583,13.934498
1622,1583,10.05789
1637,1583,9.447818
1596,1584,14.505952
1602,1585,10.269866
1631,1585,11.236044
1587,1586,10.234049
1599,1586,12.929009
1629,1586,8.095233
1635,1586,9.686819
1676,1586,14.098124
1629,1587,8.061426
1670,1587,12.06839
1624,1588,8.756672
1657,1588,13.971618
1673,1588,13.903486
1607,1589,10.006996
1626,1589,8.913235
1633,1589,14.003536
1662,1589,11.265017
1625,1590,10.758703
1632,1590,8.195113
1633,1590,11.988401
1647,1590,8.325543
1605,1591,7.668728
1609,1591,12.7769985
1621,1591,9.437867
1634,1591,6.407782
1649,1591,12.892785
1660,1591,11.240539
1600,1592,7.883749
1641,1592,13.01002
1644,1592,8.527335
1617,1593,10.249875
1653,1593,10.235465
1599,1594,8.223392
1606,1594,7.2289042
1648,1594,8.018888
1656,1594,11.879431
1661,1594,13.358265
1639,1595,14.898969
1678,1595,12.757657
1652,1596,12.433898
1668,1596,11.404202
1607,1597,6.8393407
1693,1597,14.961832
1614,1598,6.376232
1618,1598,7.427258
1627,1598,14.909442
1669,1598,10.825197
1635,1599,8.708605
1648,1599,10.847211
1656,1599,7.8751903
1682,1599,13.537921
1640,1600,10.626503
1644,1600,9.450067
1677,1600,11.61423
1645,1601,12.551293
1646,1601,6.7873635
1657,1601,13.967961
1658,1602,12.906609
1617,1603,10.983288
1675,1603,11.359815
1609,1604,12.144632
1612,1604,13.461009
1620,1604,8.422597
1642,1604,9.732872
1643,1604,6.1287103
1684,1604,13.467693
1609,1605,5.481488
1620,1605,10.893815
1634,1605,7.2335353
1649,1605,6.860896
1660,1605,13.852943
1689,1605,14.152853
1648,1606,9.855804
1655,1606,13.719791
1661,1606,8.854867
1662,1607,11.552179
1611,1608,11.939786
1659,1608,10.675791
1665,1608,10.554115
1620,1609,6.6374397
1634,1609,12.463135
1643,1609,12.749306
1649,1609,8.2251005
1688,1609,14.225885
1615,1610,7.939948
1619,1610,9.67102
1650,1610,7.624351
1627,1611,7.9009547
1659,1611,10.584767
1663,1611,11.801001
1636,1612,13.699196
1642,1612,8.082516
1654,1612,7.087047
1672,1612,11.889019
1664,1613,11.03068
1666,1613,11.220755
1618,1614,12.824856
1669,1614,10.357889
1621,1615,7.2003784
1650,1615,12.539015
1660,1615,13.27956
1686,1615,12.796032
1630,1616,12.102359
1658,1616,13.338466
1667,1616,8.703926
1653,1617,14.397279
1675,1617,14.58505
1679,1617,10.271437
1627,1618,7.717533
1663,1618,10.6175785
1669,1618,10.580912
1637,1619,9.838017
1650,1619,8.773012
1685,1619,11.527982
1642,1620,14.735829
1643,1620,6.4674873
1649,1620,8.822765
1684,1620,11.695089
1688,1620,9.496616
1634,1621,9.752377
1660,1621,7.598068
1686,1621,10.934362
1690,1621,13.805586
1623,1622,13.739116
1637,1622,11.356294
1638,1622,9.018003
1681,1622,11.467779
1628,1623,9.542009
1638,1623,5.356436
1651,1623,7.8350043
1681,1623,13.274244
1631,1624,8.4728565
1673,1624,10.242423
1674,1624,11.276182
1632,1625,14.581318
1647,1625,9.541324
1671,1625,9.112525
1696,1625,14.526685
1632,1626,10.82574
1633,1626,5.4335895
1662,1626,9.806037
1680,1626,9.140225
1659,1627,13.837609
1663,1627,6.382532
1638,1628,14.426693
1651,1628,8.411864
1655,1628,8.544226
1709,1628,14.220568
1635,1629,11.094308
1670,1629,8.498848
1676,1629,9.026527
1713,1629,14.4724455
1652,1630,9.762944
1667,1630,13.319103
1707,1630,14.474603
1674,1631,8.376416
1683,1631,14.056053
1633,1632,5.4251294
1647,1632,5.835201
1680,1632,13.494886
1687,1632,9.854557
1647,1633,11.193203
1662,1633,14.039254
1680,1633,9.800559
1687,1633,12.954563
1649,1634,8.503139
1660,1634,6.645121
1686,1634,13.766799
1689,1634,10.981975
1690,1634,11.626155
1656,1635,7.5795016
1676,1635,9.103419
1682,1635,12.111169
1694,1635,11.433572
1654,1636,11.137708
1665,1636,13.0678625
1672,1636,8.496326
1698,1636,14.780237
1685,1637,10.941863
1705,1637,13.428226
1651,1638,9.716256
1681,1638,8.897771
1640,1639,9.571097
1700,1639,12.262313
1701,1639,13.763484
1677,1640,10.508794
1701,1640,10.963977
1644,1641,11.190765
1645,1641,11.215071
1702,1641,11.113243
1643,1642,8.3666
1654,1642,8.806836
1672,1642,13.995403
1684,1642,10.189514
1698,1642,13.943569
1704,1642,12.161722
1649,1643,14.574079
1684,1643,7.49511
1688,1643,10.920944
1677,1644,8.685214
1702,1644,13.239117
1646,1645,12.493135
1657,1646,10.074161
1691,1646,8.857301
1671,1647,14.495446
1687,1647,8.050537
1696,1647,11.939652
1656,1648,8.054967
1661,1648,9.195325
1682,1648,8.785486
1699,1648,10.53095
1660,1649,13.285893
1688,1649,9.220421
1689,1649,8.390077
1690,1649,14.781627
1717,1649,13.68071
1685,1650,9.867436
1726,1650,13.866768
1655,1651,12.9309635
1681,1651,12.247824
1709,1651,8.977393
1732,1651,14.882176
1668,1652,12.175311
1692,1652,8.428929
1716,1652,11.110712
1679,1653,12.92126
1708,1653,14.737578
1714,1653,11.850428
1672,1654,5.450252
1698,1654,8.426587
1704,1654,12.357597
1661,1655,8.7589445
1706,1655,10.044288
1709,1655,12.829339
1676,1656,14.1973505
1682,1656,5.817878
1694,1656,11.71011
1699,1656,14.238688
1722,1656,14.230703
1673,1657,11.367095
1691,1657,12.413447
1667,1658,12.570469
1663,1659,12.154458
1665,1659,12.211324
1703,1659,11.321759
1686,1660,7.1238265
1689,1660,11.059882
1690,1660,6.637654
1720,1660,12.588785
1699,1661,10.511982
1706,1661,10.65928
1680,1662,8.319082
1697,1662,8.0397005
1712,1662,12.777764
1719,1662,12.558162
1703,1663,10.789784
1666,1664,14.26949
1678,1664,12.01418
1751,1664,13.735917
1670,1666,13.759178
1715,1666,13.001912
1707,1667,10.12253
1692,1668,10.1861105
1710,1668,10.250388
1735,1668,14.744335
1727,1669,13.063471
1676,1670,10.933145
1713,1670,10.64612
1715,1670,10.78791
1730,1670,14.533204
1695,1671,11.634305
1696,1671,10.668174
1711,1671,8.785216
1718,1671,10.315453
1741,1671,14.871835
1698,1672,6.3953614
1704,1672,13.471365
1674,1673,13.255328
1733,1673,12.490396
1683,1674,11.148974
1734,1674,12.113065
1679,1675,11.108917
1695,1675,8.997597
1694,1676,7.908107
1713,1676,8.085631
1750,1676,14.648621
1701,1677,11.707815
1700,1678,12.479305
1752,1678,13.701148
1714,1679,10.993147
1757,1679,14.736172
1687,1680,14.470327
1697,1680,9.941567
1719,1680,8.396142
1705,1681,11.589887
1749,1681,12.635089
1694,1682,10.139527
1699,1682,9.63472
1722,1682,8.427826
1729,1682,10.62258
1723,1683,8.447827
1756,1683,14.581384
1688,1684,8.861869
1704,1684,10.923779
1717,1684,13.942723
1724,1684,7.9058294
1725,1684,10.493012
1744,1684,13.859656
1705,1685,14.014925
1726,1685,14.298672
1731,1685,9.649811
1689,1686,14.728463
1690,1686,6.455646
1720,1686,10.807966
1721,1686,8.369854
1728,1686,9.718765
1696,1687,8.4421835
1754,1687,12.981816
1689,1688,10.553734
1717,1688,7.5649905
1724,1688,12.570173
1725,1688,9.004066
1736,1688,14.908545
1690,1689,8.525049
1717,1689,9.310373
1720,1689,9.56597
1736,1689,10.845517
1760,1689,13.336138
1720,1690,5.9725523
1721,1690,12.703894
1728,1690,10.176666
1736,1690,14.139691
1760,1690,11.933817
1767,1690,13.685301
1739,1691,13.699755
1765,1691,12.923643
1710,1692,14.5995655
1716,1692,6.1154594
1735,1692,9.036872
1763,1692,12.4590845
1697,1693,14.382111
1712,1693,7.5852246
1713,1694,10.806298
1722,1694,12.539023
1729,1694,7.940695
1750,1694,10.571425
1711,1695,11.977453
1718,1695,7.0269175
1748,1695,9.2656555
1753,1695,10.818824
1711,1696,6.602816
1718,1696,12.290105
1741,1696,9.511283
1754,1696,9.812227
1712,1697,7.440318
1719,1697,7.319058
1758,1697,10.660829
1766,1697,14.610538
1704,1698,8.044707
1744,1698,13.316779
1779,1698,14.232397
1706,1699,11.523257
1722,1699,8.079049
1729,1699,14.606173
1755,1699,11.090293
1701,1700,10.56641
1738,1700,12.694278
1752,1700,14.014295
1738,1701,7.92594
1761,1701,14.450822
1745,1702,11.387425
1780,1702,14.179138
1742,1703,12.391021
1778,1703,13.636687
1724,1704,9.17556
1744,1704,7.0020056
1770,1704,13.151554
1779,1704,13.389914
1785,1704,14.945831
1731,1705,13.676555
1759,1705,10.353734
1769,1705,12.466708
1709,1706,12.15795
1737,1706,7.869574
1755,1706,11.828119
1773,1706,14.214728
1716,1707,11.601187
1762,1707,10.617433
1740,1708,10.853134
1747,1708,12.773298
1776,1708,13.682617
1732,1709,8.58674
1737,1709,11.489635
1773,1709,13.781549
1735,1710,12.043382
1740,1710,10.74238
1768,1710,11.044708
1718,1711,5.700434
1741,1711,6.0933614
1753,1711,10.148959
1754,1711,12.063244
1719,1712,13.832908
1758,1712,9.313193
1715,1713,11.11448
1730,1713,7.8036284
1750,1713,9.99732
1747,1714,8.959776
1757,1714,11.181739
1730,1715,7.650463
1735,1716,10.043903
1762,1716,13.174506
1763,1716,8.088959
1720,1717,14.362022
1724,1717,13.1694975
1725,1717,6.3493075
1736,1717,7.6980324
1760,1717,14.220255
1771,1717,10.777836
1741,1718,8.224154
1748,1718,10.127447
1753,1718,6.453824
1758,1719,11.885072
1766,1719,8.556501
1721,1720,13.55549
1728,1720,8.183112
1736,1720,9.489615
1760,1720,5.9631853
1767,1720,8.718804
1783,1720,12.092356
1726,1721,8.220464
1728,1721,6.6608377
1767,1721,13.018536
1772,1721,11.5557375
1729,1722,6.7644267
1755,1722,12.546066
1775,1722,9.461948
1734,1723,14.929421
1746,1723,10.298121
1756,1723,6.1418633
1725,1724,7.06259
1744,1724,7.551305
1770,1724,8.567601
1785,1724,14.680884
1795,1724,14.05772
1736,1725,12.454206
1744,1725,13.8892565
1770,1725,11.697873
1771,1725,10.883726
1795,1725,12.491519
1728,1726,13.572999
1731,1726,12.946302
1772,1726,11.045639
1764,1727,12.549996
1782,1727,10.932372
1810,1727,14.52396
1760,1728,10.25163
1767,1728,6.622124
1772,1728,10.726958
1783,1728,12.873422
1750,1729,10.178584
1775,1729,10.180574
1804,1729,14.6706
1750,1730,11.50792
1787,1730,13.938958
1796,1730,10.386187
1769,1731,10.040378
1802,1731,14.247047
1737,1732,14.090642
1749,1732,8.623029
1773,1732,12.135239
1786,1732,11.084688
1734,1733,12.003756
1739,1733,11.287371
1791,1734,12.586697
1763,1735,9.146121
1768,1735,9.991843
1788,1735,10.52649
1760,1736,6.9642477
1767,1736,13.171035
1771,1736,8.391909
1783,1736,11.405587
1811,1736,12.584686
1816,1736,12.814208
1755,1737,10.571388
1773,1737,6.3797684
1812,1737,13.973819
1761,1738,10.238233
1765,1739,12.327305
1768,1740,10.860476
1776,1740,10.367527
1784,1740,10.285937
1792,1740,10.344387
1753,1741,8.058508
1754,1741,8.6274185
1793,1741,13.375229
1743,1742,9.025909
1778,1742,11.329097
1801,1742,13.858197
1801,1743,10.76782
1770,1744,6.534022
1779,1744,9.838072
1785,1744,8.485133
1795,1744,14.901144
1761,1745,9.804354
1780,1745,12.954398
1806,1745,12.816781
1756,1746,6.079191
1774,1746,6.176457
1798,1746,14.040252
1815,1746,12.396471
1757,1747,14.238543
1776,1747,10.200711
1777,1747,6.882533
1799,1747,10.740422
1753,1748,7.1218185
1781,1748,9.741848
1800,1748,10.603608
1759,1749,9.845988
1786,1749,8.189191
1789,1749,13.11547
1787,1750,7.6888094
1796,1750,14.822437
1804,1750,13.77436
1813,1750,12.19355
1752,1751,10.623141
1790,1751,10.817222
1805,1751,14.862925
1790,1752,14.621134
1797,1752,10.424208
1805,1752,11.9970045
1800,1753,12.775388
1819,1753,12.647201
1793,1754,8.545528
1773,1755,14.072275
1775,1755,12.008792
1774,1756,11.73386
1791,1756,12.731363
1815,1756,12.951344
1781,1757,10.144547
1799,1757,13.119942
1803,1757,10.242492
1766,1758,12.259455
1794,1758,10.092931
1822,1758,14.093355
1769,1759,7.602749
1786,1759,13.554859
1789,1759,7.755634
1817,1759,12.5698595
1767,1760,6.221847
1771,1760,13.5909395
1783,1760,6.5372934
1811,1760,10.67212
1816,1760,13.946844
1806,1761,12.081156
1763,1762,10.573255
1807,1762,9.206978
1788,1763,9.148265
1807,1763,13.884238
1826,1763,13.488006
1778,1764,14.245222
1782,1764,10.473791
1820,1764,12.340044
1814,1765,10.445604
1809,1766,9.534321
1772,1767,11.325377
1783,1767,6.313783
1811,1767,11.978705
1784,1768,7.273454
1788,1768,12.197121
1792,1768,12.943205
1808,1768,8.769111
1827,1768,14.164789
1789,1769,9.909837
1802,1769,14.204493
1817,1769,9.699522
1771,1770,14.990846
1779,1770,13.004906
1785,1770,7.4703617
1795,1770,8.425538
1821,1770,12.214464
1829,1770,13.942002
1849,1770,14.981433
1783,1771,14.513026
1795,1771,8.604036
1811,1771,11.994218
1816,1771,8.373797
1823,1771,8.903344
1829,1771,13.7804785
1844,1771,14.109254
1830,1772,11.42646
1812,1773,8.75319
1828,1773,13.410967
1798,1774,7.8891106
1815,1774,11.293035
1804,1775,10.277156
1777,1776,6.10894
1784,1776,13.651902
1792,1776,8.371536
1799,1776,14.16498
1792,1777,13.579728
1799,1777,8.160569
1820,1778,12.481498
1851,1778,14.622773
1785,1779,7.181558
1821,1779,11.953032
1800,1781,8.059671
1803,1781,9.137529
1832,1781,10.90083
1810,1782,5.621036
1820,1782,13.764917
1835,1782,11.652852
1842,1782,13.016084
1811,1783,5.664959
1816,1783,10.866462
1838,1783,10.370935
1792,1784,6.2160196
1808,1784,6.662862
1827,1784,13.982074
1857,1784,13.637113
1795,1785,13.487377
1821,1785,6.809707
1849,1785,12.967324
1789,1786,11.612803
1828,1786,13.606678
1831,1786,11.787814
1839,1786,13.296462
1796,1787,11.056764
1804,1787,9.980124
1813,1787,4.5836754
1856,1787,14.148715
1808,1788,11.250239
1826,1788,9.554275
1827,1788,8.513972
1861,1788,14.053242
1817,1789,7.01137
1831,1789,8.936784
1855,1789,14.1480465
1805,1790,8.249518
1815,1791,14.604565
1846,1791,11.486598
1808,1792,11.898754
1857,1792,13.470484
1858,1792,14.54618
1834,1793,10.702346
1841,1793,11.459104
1822,1794,10.929116
1824,1794,9.512866
1816,1795,13.212225
1821,1795,14.388144
1823,1795,8.24016
1829,1795,7.623774
1844,1795,12.41756
1849,1795,12.422911
1813,1796,9.903404
1856,1796,14.239934
1805,1797,8.201074
1815,1798,13.5493555
1833,1798,10.122634
1860,1798,13.166944
1803,1799,10.231529
1847,1799,11.968926
1850,1799,12.038416
1803,1800,14.582611
1819,1800,10.4812565
1832,1800,8.87237
1853,1800,10.394463
1818,1801,8.019868
1836,1801,13.333451
1837,1801,8.968199
1870,1801,12.817389
1817,1802,13.896283
1830,1802,14.075525
1832,1803,10.513429
1847,1803,9.650675
1813,1804,11.111368
1875,1804,13.332138
1865,1806,13.041533
1880,1806,14.255398
1826,1807,10.127115
1833,1807,12.871647
1840,1807,8.634474
1852,1807,11.580893
1827,1808,7.323179
1857,1808,11.778958
1822,1809,12.329274
1834,1809,12.214918
1848,1809,8.207315
1835,1810,10.534799
1842,1810,8.028254
1816,1811,5.758139
1823,1811,12.517839
1838,1811,8.093662
1844,1811,14.575711
1854,1811,10.496265
1871,1811,14.945626
1828,1812,8.826794
1873,1812,12.0635805
1856,1813,9.581437
1825,1814,11.080496
1845,1814,8.993789
1859,1814,10.910742
1846,1815,13.250872
1860,1815,14.70196
1823,1816,6.7766623
1829,1816,13.792623
1838,1816,12.034435
1844,1816,9.604024
1854,1816,9.465995
1831,1817,11.203957
1855,1817,8.951758
1837,1818,6.3798223
1843,1818,9.558665
1870,1818,12.913379
1841,1819,9.311466
1853,1819,12.529947
1878,1819,13.305871
1882,1819,13.155048
1835,1820,9.970009
1851,1820,12.17681
1862,1820,9.666703
1829,1821,12.816802
1849,1821,7.5959883
1879,1821,12.241578
1848,1822,13.703397
1866,1822,8.927084
1867,1822,14.320878
1829,1823,7.0186315
1844,1823,5.281502
1849,1823,14.060087
1854,1823,11.703984
1877,1823,12.152803
1889,1823,14.025442
1867,1824,9.108998
1859,1825,9.9143
1827,1826,11.279918
1840,1826,12.464311
1852,1826,6.886675
1861,1826,9.795214
1888,1826,12.73571
1857,1827,14.05296
1861,1827,8.312914
1839,1828,9.335822
1873,1828,13.227922
1844,1829,7.434596
1849,1829,7.0499578
1877,1829,9.894933
1863,1830,9.30544
1872,1830,10.54136
1839,1831,10.300385
1855,1831,11.916781
1868,1831,7.939037
1890,1831,10.581475
1847,1832,12.5090275
1853,1832,7.687301
1840,1833,9.170651
1860,1833,10.041384
1876,1833,8.666682
1892,1833,14.373562
1841,1834,12.900661
1848,1834,10.527727
1883,1834,11.502952
1842,1835,9.217893
1862,1835,12.367385
1884,1835,9.668917
1911,1835,14.289579
1837,1836,13.362566
1851,1836,9.442585
1870,1836,9.32572
1843,1837,11.053086
1870,1837,6.57959
1886,1837,9.333002
1854,1838,8.991868
1863,1838,10.745535
1871,1838,7.1694264
1893,1838,12.028452
1868,1839,6.5435524
1890,1839,12.475518
1905,1839,12.08768
1852,1840,8.447752
1876,1840,7.384747
1888,1840,13.194282
1892,1840,8.66193
1878,1841,13.908359
1882,1841,8.701246
1883,1841,9.683131
1907,1841,14.43168
1884,1842,8.083207
1879,1843,11.739726
1886,1843,14.2370615
1903,1843,12.745779
1849,1844,13.297666
1854,1844,9.325944
1877,1844,7.3296776
1889,1844,8.997475
1904,1844,14.94134
1859,1845,9.104179
1869,1845,10.643635
1887,1846,10.813891
1850,1847,10.131159
1916,1847,14.468961
1866,1848,12.06687
1896,1848,9.121178
1877,1849,11.721669
1879,1849,12.863714
1858,1850,9.3439455
1881,1850,14.65835
1898,1850,10.808524
1902,1850,14.868323
1862,1851,7.18566
1861,1852,9.898535
1876,1852,13.726268
1888,1852,6.947037
1892,1852,10.383072
1914,1852,13.2055
1878,1853,7.841224
1882,1853,14.258741
1871,1854,10.580754
1877,1854,13.562846
1889,1854,8.411722
1893,1854,10.192551
1904,1854,10.469471
1926,1854,14.807158
1885,1855,10.244494
1890,1855,11.693891
1901,1855,9.976797
1864,1856,14.462388
1875,1856,13.1993685
1924,1856,14.179153
1858,1857,12.867413
1881,1857,9.8971
1891,1857,6.485285
1906,1857,13.439321
1912,1857,12.582383
1881,1858,6.4688005
1891,1858,13.5479355
1898,1858,11.950699
1902,1858,10.084974
1912,1858,14.135614
1900,1859,10.302495
1876,1860,12.944283
1888,1861,9.422774
1906,1861,12.897458
1915,1861,11.234168
1911,1862,14.4701805
1933,1862,14.2528715
1871,1863,7.8694477
1872,1863,13.081615
1893,1863,13.463504
1897,1863,7.6194906
1899,1863,12.548534
1919,1863,13.3785095
1922,1863,14.693789
1930,1863,14.028934
1894,1864,12.488325
1921,1864,13.68045
1880,1865,10.185302
1867,1866,12.43235
1896,1866,10.712633
1908,1866,9.682888
1908,1867,11.618939
1925,1867,12.325264
1890,1868,5.9643173
1905,1868,9.174064
1913,1868,10.597449
1910,1869,10.395325
1928,1869,12.780459
1886,1870,6.250009
1929,1870,13.859749
1893,1871,6.3224883
1897,1871,10.291777
1904,1871,13.154175
1922,1871,10.945235
1926,1871,13.284104
1930,1871,13.693319
1885,1872,11.825498
1897,1872,12.996003
1899,1872,7.3741965
1919,1872,12.648798
1927,1872,11.255694
1874,1873,8.165562
1920,1873,12.850849
1923,1873,13.961782
1931,1873,12.195748
1909,1874,11.963914
1920,1874,10.236835
1931,1874,13.400641
1909,1875,14.626789
1945,1875,14.004526
1892,1876,6.297854
1914,1876,13.258757
1889,1877,7.5383964
1904,1877,13.513772
1918,1877,10.033757
1940,1877,12.9719095
1882,1878,7.34304
1907,1878,10.598833
1937,1878,13.23418
1950,1878,13.790726
1903,1879,12.042276
1934,1879,12.403697
1951,1879,13.589055
1910,1880,12.049301
1891,1881,7.831755
1898,1881,12.096405
1902,1881,6.095127
1912,1881,7.7411704
1949,1881,13.428875
1953,1881,13.73772
1883,1882,9.273011
1907,1882,6.585807
1917,1882,13.126819
1950,1882,14.228597
1907,1883,9.989954
1917,1883,7.9518833
1946,1883,13.771524
1911,1884,9.172395
1939,1884,12.495207
1954,1884,14.657117
1901,1885,10.918097
1927,1885,12.153579
1958,1885,13.764104
1903,1886,11.751075
1929,1886,9.175518
1895,1887,10.649424
1941,1887,13.518142
1942,1887,10.198567
1892,1888,9.642221
1914,1888,8.080386
1915,1888,9.40123
1943,1888,10.392099
1893,1889,11.927505
1904,1889,6.322119
1918,1889,13.906907
1926,1889,11.995127
1940,1889,10.644425
1901,1890,9.437876
1905,1890,9.325929
1913,1890,6.6459355
1955,1890,14.954744
1963,1890,14.860379
1902,1891,11.504787
1906,1891,10.418921
1912,1891,6.49496
1944,1891,11.601479
1949,1891,11.952934
1914,1892,7.2459173
1943,1892,13.694945
1897,1893,12.590701
1904,1893,7.404193
1922,1893,7.485927
1926,1893,7.045917
1930,1893,12.645534
1935,1894,10.492383
1961,1894,12.485144
1936,1895,10.880869
1941,1895,8.221865
1942,1895,13.590024
1908,1896,14.303827
1938,1896,8.119064
1899,1897,8.1846285
1919,1897,6.355172
1922,1897,9.678265
1930,1897,6.7690134
1966,1897,13.8376255
1902,1898,7.786396
1912,1898,14.926359
1953,1898,11.482485
1962,1898,11.698805
1919,1899,5.394661
1927,1899,7.946785
1930,1899,11.545031
1966,1899,12.584013
1936,1900,14.753116
1948,1900,13.867741
1956,1900,10.72078
1913,1901,10.374479
1955,1901,9.080865
1958,1901,12.135336
1912,1902,7.213076
1949,1902,10.471316
1953,1902,8.202112
1929,1903,13.55367
1934,1903,7.2362657
1960,1903,9.222427
1922,1904,12.104685
1926,1904,5.6804366
1940,1904,9.804678
1913,1905,6.5292583
1923,1905,12.43418
1963,1905,11.392245
1969,1905,11.986016
1912,1906,13.681192
1915,1906,9.360916
1944,1906,8.10861
1957,1906,10.312005
1917,1907,9.043392
1950,1907,8.913912
1971,1907,12.693074
1925,1908,9.411879
1938,1908,14.83929
1920,1909,11.413983
1945,1909,12.860329
1973,1909,11.924748
1928,1910,8.744361
1959,1910,8.851737
1933,1911,8.856387
1939,1911,10.762708
1954,1911,7.3403506
1944,1912,10.389949
1949,1912,6.1179066
1953,1912,9.6172
1975,1912,13.394711
1981,1912,13.330658
1955,1913,11.051797
1963,1913,8.27167
1969,1913,13.949532
1915,1914,12.531905
1943,1914,6.526548
1974,1914,12.147673
1943,1915,8.778934
1944,1915,14.693064
1957,1915,8.079575
1974,1915,13.825468
1980,1915,13.605617
1937,1916,14.167476
1962,1916,13.781406
1982,1916,14.551115
1946,1917,6.889479
1971,1917,12.395746
1991,1917,14.138551
1940,1918,9.836954
1951,1918,11.10148
1976,1918,11.061592
1922,1919,12.290053
1927,1919,10.452545
1930,1919,6.51757
1966,1919,8.334203
1972,1919,13.302612
1931,1920,5.8569384
1973,1920,13.340841
1977,1920,9.9592285
1924,1921,11.09099
1961,1921,14.430674
1984,1921,13.349471
1926,1922,7.5537925
1930,1922,6.0768104
1966,1922,14.747285
1972,1922,9.953842
1931,1923,9.703746
1969,1923,12.1320305
1987,1923,13.069059
1945,1924,12.420315
1984,1924,12.679893
1979,1925,9.7544775
1930,1926,13.540739
1940,1926,11.879463
1972,1926,14.166606
1958,1927,12.262414
1966,1927,12.610062
1948,1928,9.931433
1959,1928,11.6976
1960,1929,11.7237835
1999,1929,13.079215
1966,1930,9.351655
1972,1930,8.639837
1977,1931,11.411021
1935,1932,8.995683
1994,1932,11.810472
1947,1933,11.836805
1954,1933,9.552163
1968,1933,11.346265
1986,1933,13.303258
2000,1933,14.477951
1951,1934,10.468126
1960,1934,8.044876
1961,1935,11.51124
1994,1935,13.492781
1941,1936,8.347867
1956,1936,8.681924
1985,1936,14.335358
1988,1936,10.329447
1989,1936,12.592588
1950,1937,9.995128
1982,1937,13.534841
1990,1937,12.838298
1946,1938,14.33092
1970,1938,7.375307
1983,1938,11.486737
2010,1938,14.902522
1954,1939,7.9496737
2008,1939,13.362256
1976,1940,13.675221
1942,1941,9.38027
1988,1941,13.686233
1989,1941,10.187121
1967,1942,11.22619
1989,1942,14.093736
2007,1942,12.938261
1957,1943,11.711459
1974,1943,6.96011
1980,1943,14.758938
1998,1943,13.225386
1949,1944,8.97742
1957,1944,10.216724
1975,1944,7.6481338
1980,1944,12.107006
1981,1944,14.322849
2009,1944,13.117734
1973,1945,13.6608
1971,1946,13.270415
1983,1946,11.2684355
1991,1946,9.371373
1968,1947,5.542144
1996,1947,12.589534
2000,1947,14.4825115
1995,1948,10.7896385
2006,1948,13.924558
1953,1949,7.053458
1975,1949,8.241303
1981,1949,7.529394
2012,1949,12.919013
1971,1950,9.263978
1990,1950,8.941981
2005,1950,14.684063
1976,1951,10.78033
1965,1952,7.2799616
1992,1952,12.940979
1997,1952,10.592342
1962,1953,14.043434
1975,1953,13.825908
1981,1953,7.4786654
2003,1953,11.514893
2025,1953,14.979662
1986,1954,10.332638
2008,1954,12.524077
1958,1955,8.860014
1963,1955,9.5282545
1993,1955,8.577118
2014,1955,13.22489
1985,1956,6.52613
1988,1956,10.427077
2028,1956,14.499756
1974,1957,12.418222
1975,1957,14.107778
1980,1957,5.7455425
1998,1957,10.755651
2009,1957,14.871094
2017,1957,12.12489
1993,1958,12.312633
2014,1958,11.205284
1964,1959,9.963617
2002,1959,13.687083
2032,1959,14.882684
1999,1960,12.505079
2011,1960,10.717451
2016,1961,10.173567
2003,1962,12.4513445
2004,1962,9.650894
1969,1963,9.410281
1993,1963,11.329159
2015,1963,10.858732
2002,1964,8.449706
1978,1965,10.218906
1992,1965,7.3430367
1997,1965,11.36848
2043,1965,14.560844
1972,1966,9.264073
2013,1966,10.488066
2018,1966,11.206872
2007,1967,11.563223
1986,1968,14.195031
1996,1968,11.903414
2000,1968,8.98063
2035,1968,11.591461
1987,1969,6.6087246
2015,1969,13.46808
2031,1969,11.588712
1983,1970,9.716527
2010,1970,7.962969
2040,1970,14.609558
1990,1971,10.535663
1991,1971,10.607819
2005,1971,6.413867
2026,1971,14.710549
2036,1971,11.240329
2018,1972,9.903215
1977,1973,8.247834
1978,1974,14.793939
1980,1974,12.491197
1998,1974,7.8210473
1980,1975,12.553068
1981,1975,8.793073
2009,1975,7.0099053
2012,1975,7.6627655
2017,1975,13.224942
2025,1975,13.722545
2051,1975,14.152017
2022,1976,10.068477
2023,1976,11.246747
2019,1977,9.668156
2047,1977,13.978429
1992,1978,8.833777
2024,1978,9.120791
2021,1979,9.551024
1998,1980,7.233144
2009,1980,10.671117
2017,1980,6.3912287
2054,1980,14.900378
2003,1981,9.854728
2009,1981,13.141387
2012,1981,7.8206816
2025,1981,8.511434
2004,1982,13.8053055
2049,1982,12.720253
1991,1983,9.605919
2010,1983,10.161771
2020,1984,8.582034
2027,1984,10.2926035
2038,1984,14.399094
2039,1984,9.607932
1988,1985,10.868675
1995,1985,11.243042
2028,1985,9.027848
2000,1986,7.6176686
2008,1986,9.35972
2060,1986,12.846143
2031,1987,8.611795
1989,1988,8.112126
2028,1988,11.298132
2029,1988,13.386346
2033,1988,8.795912
2056,1988,13.19731
2007,1989,11.32185
2029,1989,8.094108
2033,1989,8.042251
2056,1989,14.368688
2058,1989,14.481191
2005,1990,11.85006
2026,1990,6.6939173
2036,1990,11.711733
2005,1991,9.199904
2036,1991,13.98904
2057,1991,13.190866
1997,1992,9.924739
2024,1992,9.057153
2043,1992,7.8502226
2065,1992,13.84198
2014,1993,7.6126432
2015,1993,9.2222395
2044,1993,9.303977
2053,1993,13.148635
2045,1994,13.535023
2006,1995,10.1155
2028,1995,14.295516
2034,1995,7.995808
2062,1995,12.943658
2063,1995,14.227158
1999,1996,12.001401
2035,1996,11.105809
2037,1996,8.702216
2043,1997,9.830005
2065,1997,14.450279
2017,1998,8.19459
2064,1998,12.985579
2066,1998,12.644385
2011,1999,10.212625
2041,1999,9.324833
2035,2000,8.76859
2060,2000,11.4035635
2002,2001,14.825287
2048,2001,14.625323
2032,2002,13.819903
2042,2002,8.489701
2048,2002,8.929466
2004,2003,10.972322
2012,2003,14.286984
2025,2003,8.833176
2059,2003,14.606223
2049,2004,11.999202
2059,2004,11.113111
2026,2005,12.859915
2036,2005,5.6598134
2057,2005,13.431907
2032,2006,10.719357
2034,2006,8.08292
2062,2006,13.920855
2029,2007,8.815279
2033,2007,14.571978
2076,2007,14.634252
2012,2009,6.8879666
2017,2009,7.9263005
2025,2009,13.72319
2051,2009,8.345997
2054,2009,9.638066
2021,2010,14.967875
2040,2010,8.893548
2067,2010,12.88414
2030,2011,13.710613
2041,2011,8.303355
2075,2011,12.633396
2017,2012,14.74126
2025,2012,6.9779778
2051,2012,8.520018
2054,2012,13.70145
2069,2012,12.04659
2018,2013,9.123265
2046,2013,12.39621
2044,2014,9.848002
2046,2014,11.079408
2053,2014,9.149717
2031,2015,11.0453205
2044,2015,9.579906
2072,2015,12.748613
2027,2016,13.151221
2073,2016,13.040783
2051,2017,12.591924
2054,2017,8.603794
2064,2017,10.250287
2066,2017,13.75379
2055,2018,13.02041
2081,2018,13.144736
2047,2019,9.444387
2027,2020,11.660721
2038,2020,6.10399
2039,2020,6.908842
2061,2020,10.336796
2040,2021,8.104878
2086,2021,14.212431
2023,2022,11.496257
2030,2022,7.8996787
2052,2023,11.003109
2043,2024,10.239729
2065,2024,13.303086
2051,2025,11.82386
2069,2025,9.898819
2077,2025,11.9691105
2036,2026,9.596099
2079,2026,12.13689
2039,2027,5.44332
2061,2027,9.366959
2033,2028,13.707364
2056,2028,12.483729
2063,2028,10.856275
2070,2028,9.10224
2033,2029,6.227536
2056,2029,10.543672
2058,2029,7.4183025
2075,2030,14.903375
2088,2030,13.308701
2091,2030,14.477651
2072,2031,11.46867
2042,2032,8.530844
2074,2032,10.007415
2056,2033,6.328509
2058,2033,7.990976
2084,2033,14.054132
2062,2034,6.2583833
2063,2034,10.987825
2082,2034,12.051402
2037,2035,7.2366743
2060,2035,12.958857
2080,2035,12.40181
2057,2036,12.762954
2079,2036,11.585414
2071,2037,10.448714
2039,2038,11.661957
2061,2038,12.389156
2061,2039,5.8928638
2078,2040,11.135386
2086,2040,12.601898
2071,2041,12.819336
2075,2041,8.546732
2048,2042,7.8366103
2074,2042,7.3864784
2093,2042,12.584341
2102,2042,14.90895
2065,2043,6.1194143
2097,2043,13.790357
2053,2044,6.542766
2072,2044,14.005499
2089,2044,10.507875
2092,2044,13.645211
2068,2045,9.652974
2094,2045,14.913248
2095,2045,14.588042
2053,2046,9.715332
2092,2046,13.21993
2110,2046,14.613214
2050,2047,6.6089034
2107,2047,14.473458
2074,2048,12.295928
2083,2048,12.412616
2093,2048,10.516932
2105,2048,14.951389
2059,2049,11.102136
2099,2049,13.97019
2107,2050,14.56706
2054,2051,6.7982264
2064,2051,14.3423605
2069,2051,8.326376
2090,2051,10.141113
2055,2052,11.362299
2089,2053,10.980079
2092,2053,8.968287
2064,2054,7.5745277
2066,2054,13.566829
2069,2054,14.317568
2090,2054,9.803436
2101,2054,11.767411
2058,2056,6.5383897
2070,2056,11.824501
2084,2056,7.800373
2067,2057,11.991699
2087,2057,9.345558
2084,2058,10.297887
2096,2058,11.011758
2077,2059,11.205642
2085,2059,8.191274
2116,2059,14.548865
2080,2060,8.038241
2063,2062,6.8016057
2070,2062,14.717594
2082,2062,8.281363
2108,2062,11.303457
2070,2063,7.9562216
2082,2063,13.91115
2108,2063,10.799362
2115,2063,14.3590355
2066,2064,6.0711737
2090,2064,13.366743
2100,2064,9.615555
2101,2064,9.854925
2111,2064,14.511007
2097,2065,7.8016424
2117,2065,14.144917
2100,2066,9.2095175
2101,2066,13.117637
2111,2066,12.128925
2078,2067,9.507364
2095,2068,6.0406275
2077,2069,9.546264
2090,2069,11.306408
2112,2069,12.96266
2113,2069,11.756939
2130,2069,14.508268
2084,2070,10.531118
2108,2070,13.997345
2115,2070,11.061563
2089,2072,11.235208
2103,2072,9.254382
2093,2074,9.8353405
2102,2074,7.856304
2088,2075,7.8788986
2096,2076,10.388173
2098,2076,11.083619
2085,2077,6.8668566
2112,2077,10.004336
2116,2077,12.466979
2086,2078,11.033388
2123,2078,13.918316
2137,2078,13.27031
2087,2079,13.094966
2114,2079,10.409836
2109,2081,11.288328
2127,2081,13.750592
2108,2082,10.993561
2093,2083,11.314386
2105,2083,5.690854
2126,2083,12.126348
2129,2083,11.0976
2115,2084,12.749634
2133,2084,11.433474
2112,2085,10.570988
2116,2085,7.265817
2119,2086,13.171043
2123,2086,10.226228
2091,2088,11.524818
2147,2088,14.351338
2092,2089,9.242351
2103,2089,6.7576504
2124,2089,11.439019
2100,2090,14.831675
2101,2090,8.180849
2113,2090,8.36546
2130,2090,13.756202
2134,2090,10.264352
2142,2090,12.143919
2118,2091,11.913491
2148,2091,12.235114
2103,2092,14.931037
2110,2092,8.890413
2124,2092,9.065315
2102,2093,9.418584
2105,2093,9.089748
2126,2093,9.640196
2125,2094,7.320645
2141,2094,12.070095
2128,2095,9.113801
2154,2096,13.565707
2117,2097,8.0465355
2151,2097,14.180576
2117,2098,12.710145
2114,2099,13.294839
2122,2099,12.277824
2135,2099,10.892495
2101,2100,6.817391
2111,2100,5.510909
2131,2100,7.856053
2134,2100,13.026512
2139,2100,12.755231
2144,2100,11.323912
2111,2101,11.688985
2113,2101,14.477145
2131,2101,10.434882
2134,2101,8.224654
2142,2101,13.468421
2144,2101,10.7005
2126,2102,14.412607
2124,2103,12.945772
2120,2104,7.543994
2149,2104,9.144642
2126,2105,6.4674516
2129,2105,8.281255
2153,2105,10.865754
2111,2106,11.27111
2138,2106,8.657459
2139,2106,11.048948
2158,2107,12.802991
2115,2108,10.25396
2132,2108,6.98334
2110,2109,8.413088
2152,2109,12.313056
2155,2109,10.733191
2124,2110,11.672326
2155,2110,14.183603
2168,2110,14.278374
2131,2111,6.260398
2138,2111,14.06555
2139,2111,7.545932
2144,2111,11.300695
2171,2111,14.001435
2177,2111,14.975713
2113,2112,10.742489
2116,2112,9.077453
2130,2112,7.4321604
2156,2112,9.97316
2159,2112,11.889071
2130,2113,5.399855
2134,2113,10.878112
2142,2113,8.099383
2159,2113,10.771254
2135,2114,8.219495
2163,2114,12.49044
2132,2115,10.775302
2133,2115,13.93751
2176,2115,14.789508
2122,2116,11.373364
2156,2116,10.537837
2172,2116,13.198914
2151,2117,11.2345
2161,2117,10.464465
2143,2118,7.4848075
2148,2118,8.9819565
2165,2118,13.628562
2174,2118,13.988976
2123,2119,11.886845
2149,2120,9.002876
2186,2120,14.92748
2146,2121,14.326948
2172,2122,11.534202
2178,2122,12.8730345
2137,2123,8.451173
2168,2124,11.3269415
2141,2125,4.9323015
2150,2125,11.651554
2175,2125,12.501325
2129,2126,10.0264845
2153,2126,7.3368134
2152,2127,8.476697
2160,2127,7.662274
2129,2128,10.030162
2150,2128,10.990773
2184,2128,14.3617935
2153,2129,7.5196037
2184,2129,12.922389
2134,2130,14.445692
2142,2130,9.674229
2156,2130,11.178419
2159,2130,6.476139
2134,2131,10.966786
2139,2131,8.137392
2144,2131,5.153891
2162,2131,11.1640215
2171,2131,8.320509
2177,2131,11.376067
2166,2132,8.040012
2176,2133,9.854345
2182,2133,13.9153805
2142,2134,5.894553
2144,2134,7.2619314
2162,2134,8.663085
2171,2134,12.891695
2187,2134,13.852391
2163,2135,6.659657
2178,2135,14.177073
2137,2136,9.505898
2173,2136,11.240167
2139,2138,8.498257
2151,2138,13.206113
2170,2138,7.7271886
2177,2138,14.070292
2144,2139,12.318309
2170,2139,14.283859
2171,2139,11.188616
2177,2139,8.952665
2145,2140,12.835336
2150,2141,11.203512
2175,2141,8.777669
2144,2142,11.852564
2159,2142,9.9575405
2162,2142,9.888852
2187,2142,13.410104
2148,2143,9.739147
2165,2143,6.223652
2174,2143,8.724933
2197,2143,12.487266
2162,2144,6.2303205
2171,2144,6.287806
2177,2144,11.924793
2187,2144,11.355708
2199,2144,13.890411
2157,2145,8.449786
2188,2145,12.11629
2179,2147,13.70922
2165,2148,14.6101885
2174,2148,8.980806
2179,2148,10.716376
2158,2149,9.798282
2186,2149,9.494792
2175,2150,8.223453
2161,2151,11.0710745
2170,2151,9.585105
2155,2152,7.0918565
2160,2152,10.515327
2185,2152,12.958414
2202,2152,13.19601
2204,2152,14.501103
2184,2153,11.756838
2200,2153,13.365925
2169,2154,13.603389
2182,2154,10.562219
2168,2155,13.737883
2185,2155,7.9286256
2202,2155,12.099881
2159,2156,9.313357
2172,2156,11.497017
2192,2156,10.908856
2195,2156,13.906511
2164,2157,8.3507595
2188,2157,9.337516
2181,2158,8.247008
2186,2158,14.19182
2194,2158,9.426549
2206,2158,13.410144
2192,2159,9.852432
2204,2160,13.304022
2169,2161,8.949656
2171,2162,6.6849275
2177,2162,13.062678
2187,2162,5.5231724
2199,2162,10.595449
2220,2162,14.842332
2178,2163,12.748239
2190,2163,9.581768
2205,2163,14.125857
2188,2164,11.810454
2193,2164,9.251944
2174,2165,9.147893
2197,2165,8.4379015
2208,2165,14.522051
2223,2165,14.839185
2176,2167,5.4138484
2218,2167,10.168447
2185,2168,11.719978
2216,2168,13.07631
2211,2170,11.625295
2177,2171,6.4924994
2187,2171,8.811945
2199,2171,8.157979
2219,2171,14.811235
2178,2172,12.406583
2195,2172,6.6084986
2213,2172,12.501229
2191,2173,12.440103
2196,2173,14.866348
2221,2173,14.05756
2179,2174,11.674236
2197,2174,7.454804
2222,2174,12.539232
2224,2175,12.807185
2218,2176,14.444614
2187,2177,13.681512
2199,2177,8.949256
2219,2177,11.489328
2195,2178,14.482992
2205,2178,8.73459
2213,2178,12.027142
2231,2178,13.712122
2186,2180,14.74897
2209,2180,9.647965
2194,2181,7.555045
2203,2181,9.264118
2206,2181,12.429832
2215,2181,9.442463
2203,2183,10.662837
2239,2184,13.269838
2202,2185,7.4449525
2237,2185,14.805395
2194,2186,12.657757
2206,2186,10.798122
2199,2187,7.429117
2220,2187,9.384427
2225,2188,14.073769
2241,2188,13.986727
2200,2189,8.816352
2210,2189,7.305888
2244,2189,14.502543
2196,2190,11.77714
2229,2190,12.880791
2235,2190,12.515182
2198,2191,12.258086
2227,2191,8.349642
2195,2192,14.826823
2214,2193,12.6170225
2225,2193,13.1173
2230,2193,10.144772
2203,2194,13.523108
2206,2194,4.9443274
2215,2194,7.0595036
2213,2195,8.194426
2231,2195,14.383251
2221,2196,10.170032
2208,2197,13.652916
2222,2197,9.253443
2223,2197,9.326392
2201,2198,9.758725
2227,2198,12.803373
2236,2198,13.3970785
2219,2199,8.364254
2220,2199,8.576199
2210,2200,6.771826
2243,2200,13.442867
2244,2200,11.393695
2236,2201,9.913809
2204,2202,8.024328
2233,2202,10.0277605
2237,2202,14.2257595
2215,2203,9.226783
2232,2203,11.199969
2246,2203,12.1066885
2226,2204,10.026825
2233,2204,10.562131
2213,2205,10.755483
2229,2205,8.359021
2231,2205,7.9802217
2250,2205,13.726208
2215,2206,8.419646
2255,2206,12.321236
2214,2207,9.087696
2242,2207,9.690909
2245,2207,12.048213
2223,2208,8.033105
2226,2208,10.458124
2254,2208,12.529819
2251,2209,11.983068
2243,2210,13.763029
2244,2210,7.2196436
2247,2210,10.880864
2217,2211,14.753782
2219,2211,12.928167
2249,2211,13.302491
2269,2211,14.952679
2231,2213,6.1898074
2259,2213,12.161155
2230,2214,8.009704
2242,2214,10.87418
2232,2215,8.308591
2246,2215,13.206512
2255,2215,14.85044
2237,2216,11.530778
2238,2217,10.525879
2228,2218,13.830214
2248,2218,13.210879
2220,2219,12.244455
2249,2219,8.696332
2272,2219,14.961566
2240,2220,8.359088
2272,2220,14.671748
2286,2221,14.359258
2223,2222,11.961468
2253,2222,7.1380744
2261,2222,13.918211
2282,2222,14.360205
2253,2223,13.618764
2254,2223,9.681669
2260,2224,11.991713
2230,2225,12.3087225
2241,2225,10.813777
2233,2226,14.426845
2254,2226,13.478523
2264,2226,11.199295
2256,2227,8.317159
2263,2227,14.565178
2270,2227,11.095501
2252,2228,12.193677
2231,2229,12.112965
2235,2229,10.421247
2250,2229,6.371578
2267,2229,12.573713
2275,2229,11.901013
2281,2230,12.077055
2250,2231,14.269612
2259,2231,7.9455767
2267,2231,11.69642
2246,2232,5.777235
2283,2232,13.696873
2291,2232,10.284116
2237,2233,11.943601
2264,2233,11.856995
2289,2233,11.031573
2271,2234,10.074185
2273,2234,10.671188
2250,2235,9.713797
2268,2235,7.7159038
2275,2235,11.659751
2256,2236,14.892967
2263,2236,10.217235
2265,2236,8.394452
2297,2236,13.69142
2298,2237,13.190223
2284,2238,10.791972
2243,2239,10.694512
2258,2239,9.463205
2262,2240,8.948234
2285,2240,9.499257
2257,2241,7.5913486
2245,2242,8.2226095
2287,2242,9.16617
2292,2242,12.723107
2244,2243,8.989807
2278,2243,12.149536
2306,2243,13.95595
2247,2244,8.012196
2278,2244,8.997235
2261,2245,10.087052
2292,2245,10.256772
2291,2246,10.198421
2266,2247,11.423937
2278,2247,9.5709505
2307,2247,12.744013
2299,2248,10.225487
2269,2249,9.415147
2272,2249,10.850403
2259,2250,14.3088875
2267,2250,8.66748
2268,2250,11.916991
2275,2250,5.5487514
2308,2250,14.844748
2276,2251,10.327571
2293,2251,9.963508
2266,2252,8.18498
2279,2252,6.924149
2295,2252,10.404279
2313,2252,14.508333
2261,2253,10.79524
2282,2253,7.4100566
2288,2253,11.443872
2312,2253,14.063158
2288,2254,10.153712
2322,2254,14.887104
2283,2255,8.039549
2290,2255,8.70646
2263,2256,6.906187
2270,2256,8.150371
2311,2256,12.524147
2294,2257,11.853854
2267,2259,7.144043
2271,2260,10.97969
2310,2260,11.463984
2282,2261,9.784968
2292,2261,11.534999
2309,2261,10.162374
2280,2262,8.887114
2285,2262,8.434044
2300,2262,8.275449
2265,2263,11.994819
2270,2263,13.614762
2297,2263,14.723188
2303,2263,12.169611
2311,2263,13.665081
2330,2263,14.104726
2289,2264,10.506045
2304,2264,8.795447
2297,2265,5.384162
2303,2265,8.501718
2279,2266,7.041701
2295,2266,13.474574
2307,2266,10.941268
2313,2266,8.89381
2275,2267,8.908852
2275,2268,9.899411
2308,2268,8.816735
2302,2269,10.021274
2321,2269,10.549931
2311,2270,8.907785
2317,2270,10.790065
2273,2271,12.870771
2301,2271,7.3132186
2310,2271,11.482745
2285,2272,12.118815
2328,2272,10.674259
2277,2273,7.916683
2301,2273,11.792764
2333,2273,13.05257
2284,2274,11.3257885
2316,2274,8.756126
2308,2275,9.772452
2293,2276,11.772105
2298,2276,13.317095
2305,2276,7.3989944
2342,2276,14.153954
2315,2277,13.601882
2333,2277,11.607264
2306,2278,8.69938
2307,2278,11.555583
2334,2278,11.175065
2295,2279,6.452504
2307,2279,14.740579
2313,2279,8.451108
2327,2279,13.555068
2345,2279,13.010505
2300,2280,5.7188935
2329,2280,9.504377
2287,2281,11.554835
2318,2281,9.604256
2344,2281,14.605242
2288,2282,10.253436
2309,2282,9.925168
2312,2282,7.8136144
2290,2283,10.474767
2291,2283,9.926182
2323,2283,13.931194
2343,2283,12.514864
2314,2284,13.909754
2316,2284,13.104592
2300,2285,12.127471
2328,2285,14.446687
2340,2285,11.067653
2317,2286,12.04681
2292,2287,12.276791
2318,2287,10.401799
2349,2287,14.542674
2312,2288,8.748988
2322,2288,8.997009
2298,2289,14.200067
2304,2289,13.722986
2332,2289,12.8143635
2350,2289,14.284664
2325,2290,10.519906
2343,2290,14.843344
2323,2291,7.8581467
2351,2291,13.541827
2309,2292,10.848053
2305,2293,14.053297
2320,2293,9.053622
2338,2293,9.675348
2335,2294,13.404567
2296,2295,11.680507
2313,2295,12.737169
2327,2295,8.593332
2345,2295,13.299028
2327,2296,11.312415
2331,2296,12.520725
2354,2296,13.396803
2303,2297,5.5217805
2336,2297,12.896724
2341,2297,10.3567915
2305,2298,10.1452675
2332,2298,9.690648
2342,2298,14.546085
2355,2298,14.104172
2331,2299,13.534564
2346,2299,10.987928
2353,2299,13.96479
2329,2300,9.286474
2340,2300,13.951183
2310,2301,10.145738
2359,2301,12.160536
2314,2302,10.795166
2321,2302,6.9493694
2364,2302,13.523494
2330,2303,10.712524
2336,2303,7.760755
2341,2303,7.583827
2337,2304,8.300968
2338,2305,12.477396
2342,2305,7.2518225
2355,2305,12.266271
2334,2306,8.133849
2313,2307,7.876496
2334,2307,11.27758
2345,2307,14.580693
2367,2307,14.816698
2312,2309,12.260941
2369,2309,14.9471035
2362,2310,11.999262
2317,2311,9.21529
2330,2311,10.086093
2365,2311,14.385362
2322,2312,10.750574
2345,2313,8.282445
2367,2313,14.442474
2357,2314,14.71039
2377,2314,13.274811
2333,2315,12.941169
2339,2315,10.323078
2356,2315,10.204521
2346,2316,13.671628
2347,2316,8.329177
2357,2316,13.604525
2360,2316,11.737065
2344,2318,10.9906845
2349,2318,11.111963
2324,2319,7.013225
2344,2319,11.904328
2380,2319,11.636719
2325,2320,8.590694
2338,2320,13.352687
2364,2321,9.909456
2337,2322,11.908108
2366,2322,11.096259
2378,2322,13.133173
2343,2323,12.986207
2351,2323,5.6837125
2352,2323,9.826174
2376,2323,13.467122
2335,2324,9.798959
2380,2324,13.391576
2371,2325,12.500082
2363,2326,12.935708
2345,2327,10.885476
2354,2327,8.634373
2384,2327,14.159911
2340,2328,10.855052
2348,2328,4.956726
2361,2328,11.331154
2372,2328,10.881411
2388,2329,14.344502
2336,2330,5.026275
2341,2330,11.338022
2365,2330,7.9898357
2353,2331,8.66626
2354,2331,13.860031
2368,2331,9.926385
2387,2331,14.627773
2350,2332,6.5768642
2355,2332,11.894993
2381,2332,13.746616
2383,2332,14.035824
2356,2333,14.058429
2375,2335,14.026518
2385,2335,11.961631
2341,2336,6.317694
2365,2336,9.422632
2379,2336,14.028372
2366,2337,10.054121
2392,2337,13.888939
2342,2338,9.70818
2351,2339,14.422219
2352,2339,7.7873826
2356,2339,10.757511
2358,2339,6.559396
2393,2339,12.66652
2348,2340,9.611955
2361,2340,8.832214
2373,2340,11.518593
2365,2341,14.0803
2379,2341,9.911245
2355,2342,7.5755897
2402,2342,14.438918
2351,2343,13.326714
2376,2343,12.637627
2380,2344,10.526963
2394,2344,11.248497
2367,2345,11.381478
2384,2345,11.571192
2353,2346,9.829433
2360,2346,9.612931
2382,2346,9.301642
2387,2346,14.278394
2357,2347,5.443138
2360,2347,10.29588
2404,2347,13.711285
2361,2348,6.6852093
2372,2348,9.196897
2401,2348,13.096802
2369,2349,13.328225
2397,2349,11.001241
2381,2350,13.835577
2383,2350,8.141538
2352,2351,6.9934883
2358,2351,13.862194
2376,2351,8.582874
2405,2351,13.110458
2358,2352,7.2409673
2376,2352,13.395469
2393,2352,10.946981
2405,2352,14.002966
2368,2353,10.084228
2382,2353,9.713587
2387,2353,7.5063224
2396,2353,11.594468
2368,2354,9.536255
2384,2354,13.555324
2391,2354,8.262757
2396,2354,14.787668
2398,2354,10.622608
2409,2354,14.125443
2381,2355,8.209309
2402,2355,12.645508
2358,2356,10.110987
2393,2356,13.054623
2408,2356,11.283432
2360,2357,13.904601
2377,2357,10.082601
2404,2357,14.099679
2410,2357,12.112776
2393,2358,6.1083755
2408,2358,13.446244
2362,2359,13.663302
2390,2359,9.346511
2395,2359,9.685436
2382,2360,11.399801
2404,2360,8.498521
2431,2360,14.820821
2372,2361,13.167097
2373,2361,12.367115
2401,2361,7.4098744
2390,2362,10.627265
2430,2362,14.063098
2403,2363,13.416041
2422,2363,14.391173
2407,2364,12.299074
2415,2364,12.819359
2413,2365,12.273099
2419,2365,12.511778
2378,2366,7.515515
2392,2366,14.939701
2411,2366,9.50452
2424,2366,14.506666
2427,2366,14.729865
2384,2367,14.879672
2412,2367,12.085523
2418,2367,12.018517
2387,2368,9.817416
2391,2368,8.623619
2396,2368,6.5723195
2398,2368,14.271819
2409,2368,10.353467
2386,2369,9.102084
2397,2369,14.835717
2417,2369,14.367436
2400,2370,6.2521806
2401,2373,13.858274
2428,2373,12.797391
2425,2374,12.117557
2433,2374,14.186193
2385,2375,13.5251
2420,2375,11.463937
2405,2376,7.9699373
2436,2376,12.928601
2407,2377,10.579223
2410,2377,13.21344
2432,2377,11.658495
2389,2378,7.883612
2411,2378,10.18897
2424,2378,10.996384
2413,2379,14.514667
2426,2379,9.972521
2394,2380,12.643036
2406,2380,9.480607
2383,2381,13.345132
2402,2381,12.207593
2434,2381,10.7010765
2387,2382,7.977137
2396,2382,14.448788
2404,2382,14.493957
2431,2382,11.711254
2438,2382,12.015478
2392,2383,11.9052925
2434,2383,14.355091
2450,2383,14.533554
2391,2384,13.173314
2398,2384,8.149781
2418,2384,12.492713
2452,2384,14.434465
2406,2385,10.563749
2420,2385,10.284658
2435,2385,12.915217
2389,2386,10.858852
2439,2386,13.418636
2446,2386,14.708064
2396,2387,6.5159187
2409,2387,13.396572
2438,2387,12.89092
2433,2388,12.29781
2424,2389,13.069482
2395,2390,11.012445
2430,2390,10.030799
2441,2390,12.329235
2396,2391,9.751257
2398,2391,5.756641
2409,2391,6.1746745
2447,2391,13.272026
2411,2392,14.324947
2427,2392,9.195283
2442,2392,12.309679
2405,2393,11.649582
2408,2393,10.547131
2451,2393,14.465413
2397,2394,14.872983
2414,2394,11.241215
2421,2395,13.948218
2409,2396,7.018638
2454,2396,13.630365
2414,2397,6.8665648
2417,2397,7.862015
2458,2397,14.54069
2409,2398,9.608118
2447,2398,10.927674
2452,2398,14.221936
2423,2399,8.640613
2444,2399,11.83724
2455,2400,13.701391
2428,2401,10.009179
2464,2401,14.399734
2459,2402,12.51124
2437,2403,8.845231
2410,2404,9.157564
2431,2404,10.129626
2460,2404,12.828184
2436,2405,8.439942
2451,2405,12.53524
2435,2406,7.2874045
2415,2407,10.496744
2432,2407,11.48607
2448,2407,10.014523
2421,2408,11.128753
2447,2409,10.779897
2454,2409,11.081159
2477,2409,14.554557
2432,2410,9.80529
2460,2410,12.46362
2461,2410,11.145594
2424,2411,7.0629478
2427,2411,8.276758
2449,2411,9.832226
2418,2412,12.220748
2416,2413,13.689675
2419,2413,5.52682
2426,2413,11.877947
2440,2413,12.387866
2456,2413,9.673384
2457,2413,12.699978
2417,2414,10.321202
2458,2414,10.617798
2443,2415,8.416383
2448,2415,14.90796
2419,2416,8.233466
2429,2416,8.560242
2440,2416,6.1709867
2453,2416,9.449632
2439,2417,10.472455
2458,2417,10.64626
2468,2417,12.191354
2452,2418,11.755512
2471,2418,11.875212
2440,2419,7.421664
2456,2419,9.731324
2462,2421,14.097015
2437,2422,13.91495
2470,2422,11.627958
2425,2423,9.684034
2444,2423,12.404735
2466,2423,11.384694
2427,2424,13.725745
2449,2424,9.706706
2491,2424,13.69928
2433,2425,12.202162
2457,2426,8.964146
2467,2426,10.657244
2480,2426,14.68626
2442,2427,10.424702
2449,2427,9.008589
2464,2428,10.457309
2475,2428,10.777658
2440,2429,11.814305
2453,2429,7.389996
2465,2429,11.259094
2474,2429,14.394083
2441,2430,8.709941
2485,2430,14.567797
2438,2431,7.617199
2460,2431,11.534398
2463,2431,9.000691
2473,2431,13.001844
2486,2431,13.694732
2448,2432,8.440885
2461,2432,7.543041
2487,2432,13.7459545
2450,2434,10.489185
2459,2434,14.42621
2482,2434,11.423172
2445,2436,14.791106
2451,2436,11.682561
2476,2436,14.120602
2469,2437,8.241615
2454,2438,14.533932
2463,2438,6.5970116
2472,2438,12.397762
2473,2438,8.047052
2446,2439,10.276459
2468,2439,10.586111
2453,2440,8.028698
2456,2440,10.358931
2484,2440,10.397814
2490,2440,11.531146
2462,2441,11.791783
2450,2442,8.45561
2481,2442,10.458111
2482,2442,14.790695
2495,2442,12.634795
2492,2443,12.235434
2455,2444,11.049551
2466,2444,8.662493
2504,2444,13.896241
2493,2446,12.916315
2452,2447,9.568401
2454,2447,12.605003
2477,2447,8.893803
2461,2448,11.653254
2479,2448,8.63771
2487,2448,9.694252
2481,2449,13.642356
2491,2449,10.273436
2516,2449,14.554134
2482,2450,7.671386
2495,2450,10.902892
2476,2451,6.1459336
2512,2451,14.679761
2471,2452,10.986697
2515,2452,13.128833
2465,2453,8.865173
2474,2453,13.679854
2484,2453,12.971994
2490,2453,8.202597
2498,2453,12.706611
2503,2453,11.814339
2472,2454,6.1330976
2473,2454,13.366966
2477,2454,7.988339
2465,2455,13.615715
2474,2455,8.97509
2494,2455,10.079476
2504,2455,12.772696
2457,2456,9.059705
2467,2456,12.718468
2480,2456,8.788681
2484,2456,8.994501
2467,2457,4.193215
2480,2457,5.724078
2500,2457,10.490873
2468,2458,9.218349
2508,2459,14.114993
2461,2460,11.932582
2463,2460,14.075137
2478,2460,8.397089
2486,2460,8.078712
2497,2460,9.013676
2478,2461,8.045655
2487,2461,10.503959
2519,2461,14.779183
2499,2462,12.1436205
2521,2462,14.025443
2472,2463,12.406322
2473,2463,4.4961195
2486,2463,10.41639
2502,2463,8.918583
2475,2464,7.3948073
2488,2464,8.677413
2510,2464,11.063741
2474,2465,5.0002813
2490,2465,11.245782
2494,2465,9.56347
2498,2465,6.640813
2503,2465,10.624168
2526,2465,13.091482
2527,2465,13.230974
2504,2466,12.783664
2480,2467,6.228511
2500,2467,7.518713
2531,2468,12.594372
2470,2469,14.444755
2485,2469,14.876223
2537,2469,12.829288
2496,2470,13.86991
2501,2470,8.475946
2522,2470,12.317409
2483,2471,5.958344
2514,2471,9.420675
2515,2471,13.214734
2473,2472,8.194794
2477,2472,11.217387
2533,2472,12.692011
2486,2473,13.440829
2502,2473,9.129769
2494,2474,5.8120127
2498,2474,8.335797
2503,2474,14.129269
2526,2474,11.438181
2488,2475,14.244083
2489,2475,8.230222
2510,2475,12.608073
2512,2476,9.498071
2536,2476,13.214401
2528,2477,12.227795
2533,2477,13.817712
2486,2478,11.182397
2487,2478,13.513642
2497,2478,7.89244
2519,2478,13.428948
2549,2478,14.700188
2487,2479,8.616286
2492,2479,9.390059
2519,2479,14.1620455
2529,2479,10.61579
2484,2480,13.265018
2500,2480,7.128708
2495,2481,9.2794695
2516,2481,11.242317
2539,2481,11.300021
2495,2482,8.719208
2517,2482,10.234243
2518,2482,14.50779
2496,2483,13.206718
2514,2483,7.06266
2490,2484,8.137873
2503,2484,12.394163
2534,2484,10.896278
2513,2485,14.303108
2497,2486,4.7531466
2502,2486,7.6004868
2544,2486,13.189858
2519,2487,7.421192
2529,2487,10.569006
2553,2487,14.473082
2510,2488,7.262976
2520,2488,14.563149
2551,2488,13.94343
2545,2489,10.010942
2554,2489,14.860452
2498,2490,10.129082
2503,2490,5.2735033
2527,2490,10.261733
2534,2490,10.754283
2546,2490,12.548032
2493,2491,9.149648
2516,2491,10.969109
2525,2491,8.5935
2520,2492,10.087629
2529,2492,13.899361
2558,2492,14.284069
2525,2493,11.627736
2538,2493,11.12002
2498,2494,8.506201
2503,2494,14.944882
2504,2494,13.471057
2526,2494,6.7464314
2527,2494,14.078973
2550,2494,12.417183
2517,2495,10.732212
2539,2495,12.471726
2501,2496,7.65508
2542,2496,9.611179
2502,2497,10.784462
2544,2497,11.037632
2549,2497,13.930091
2503,2498,6.456408
2526,2498,8.092217
2527,2498,6.984794
2546,2498,12.538749
2550,2498,10.778707
2559,2498,12.226335
2521,2499,9.645161
2524,2499,9.133762
2547,2499,10.706872
2522,2501,10.256489
2541,2501,9.539688
2542,2501,9.87443
2544,2502,12.31004
2526,2503,13.011591
2527,2503,5.051427
2534,2503,9.783944
2546,2503,8.566363
2550,2503,13.053558
2555,2503,12.791138
2559,2503,11.339583
2535,2505,9.918575
2561,2505,11.456384
2509,2506,14.228122
2511,2506,6.984476
2560,2506,13.790524
2511,2508,9.776621
2540,2508,10.481336
2560,2508,13.039669
2532,2509,9.737807
2562,2509,13.929487
2551,2510,8.291389
2554,2510,12.201893
2560,2511,10.647367
2536,2512,4.4415956
2543,2512,13.133812
2552,2512,14.032937
2556,2512,9.7872505
2563,2512,12.0442095
2521,2513,11.681653
2566,2513,13.094138
2515,2514,12.902363
2557,2514,9.454876
2528,2515,10.503004
2548,2515,14.810486
2525,2516,9.229818
2539,2516,11.022507
2518,2517,8.9838295
2540,2518,9.353289
2529,2519,9.091659
2549,2519,11.556813
2553,2519,7.509228
2558,2520,13.207702
2567,2520,10.621641
2569,2520,13.672915
2547,2521,9.412529
2537,2522,11.682355
2541,2522,6.2591906
2542,2522,14.820515
2568,2522,12.877705
2532,2523,8.111354
2552,2523,9.268035
2562,2523,12.531124
2572,2523,13.910719
2543,2524,6.97088
2547,2524,10.56081
2556,2524,13.572896
2538,2525,14.529445
2527,2526,9.981067
2546,2526,14.601072
2550,2526,5.712924
2559,2526,10.7491665
2534,2527,10.342132
2546,2527,5.608058
2550,2527,8.40762
2555,2527,10.942045
2559,2527,6.381426
2579,2527,13.342217
2533,2528,12.202036
2548,2528,5.386239
2573,2528,11.767845
2553,2529,9.920091
2558,2529,10.549457
2531,2530,13.432613
2535,2530,12.342213
2580,2530,11.232474
2580,2531,13.359953
2581,2531,14.467375
2552,2532,14.49842
2562,2532,6.4361258
2593,2532,13.400973
2548,2533,11.058858
2577,2533,13.303134
2546,2534,6.80459
2555,2534,5.5672903
2559,2534,12.693531
2579,2534,14.479977
2561,2535,10.539434
2585,2535,14.5102625
2586,2535,13.463171
2543,2536,11.886038
2552,2536,11.52537
2556,2536,6.475608
2563,2536,8.044356
2591,2536,12.106746
2596,2538,14.810367
2576,2540,11.198885
2542,2541,9.440608
2568,2541,7.484189
2565,2542,10.05907
2568,2542,11.030634
2547,2543,13.760302
2556,2543,7.077406
2591,2543,14.992891
2549,2544,11.216392
2574,2544,8.772872
2594,2544,13.315385
2554,2545,7.4012403
2564,2545,14.258789
2578,2545,12.823507
2587,2545,13.616583
2550,2546,11.055497
2555,2546,5.425868
2559,2546,5.888948
2579,2546,9.461892
2600,2547,14.4651785
2573,2548,7.0422087
2553,2549,10.435348
2594,2549,12.60487
2559,2550,5.8374386
2579,2550,12.486338
2554,2551,9.830322
2569,2551,10.801068
2575,2551,9.158296
2587,2551,14.91362
2601,2551,13.17186
2563,2552,6.3960357
2572,2552,7.097204
2591,2552,13.686547
2599,2552,12.208113
2590,2553,9.601074
2575,2554,8.566862
2587,2554,9.456677
2559,2555,10.146672
2579,2555,9.36662
2563,2556,9.930065
2591,2556,9.053752
2565,2557,8.062356
2570,2557,11.959444
2567,2558,10.024055
2582,2558,7.1131983
2595,2558,12.26145
2611,2558,14.256115
2579,2559,7.7781115
2571,2560,9.248277
2576,2560,11.911727
2608,2560,13.878105
2584,2561,9.325255
2586,2561,8.98347
2592,2561,9.05926
2572,2562,13.0206785
2593,2562,7.103087
2572,2563,9.495483
2591,2563,7.6540217
2599,2563,11.608881
2618,2563,14.586734
2578,2564,6.7640524
2610,2565,9.928033
2615,2565,14.708985
2622,2565,14.8015995
2602,2566,12.107703
2606,2566,9.0454645
2569,2567,7.7332172
2582,2567,11.417532
2595,2567,7.1243577
2597,2567,8.409906
2613,2567,14.557199
2617,2567,12.932699
2609,2568,9.228215
2615,2568,13.3596525
2575,2569,13.720444
2595,2569,11.037588
2597,2569,7.517993
2601,2569,10.847402
2613,2569,10.29243
2573,2570,14.592536
2616,2570,9.726282
2608,2571,7.070963
2619,2571,14.09073
2591,2572,13.688092
2593,2572,11.660283
2599,2572,6.046463
2630,2572,12.449677
2623,2573,11.536286
2594,2574,11.611593
2603,2574,14.727726
2604,2574,7.816194
2607,2574,10.539754
2587,2575,6.5179186
2601,2575,7.535481
2624,2575,10.36228
2603,2577,7.658036
2604,2577,13.717243
2631,2577,12.444514
2581,2580,6.687776
2585,2580,11.674832
2605,2580,9.940686
2589,2581,10.096166
2605,2581,9.617781
2590,2582,12.04465
2595,2582,8.946356
2597,2582,14.430817
2611,2582,7.2085013
2617,2582,9.626678
2627,2583,10.1250305
2633,2583,14.185922
2586,2584,12.764715
2592,2584,6.4110837
2598,2584,10.537964
2634,2584,12.609886
2586,2585,8.172661
2605,2585,10.296871
2629,2585,11.622292
2592,2586,7.281079
2629,2586,12.089889
2635,2586,14.242167
2601,2587,11.709711
2624,2587,9.334144
2598,2588,9.194141
2644,2588,14.516354
2596,2589,12.368851
2611,2590,11.040006
2620,2590,9.354462
2599,2591,12.028031
2612,2591,11.094072
2618,2591,7.714774
2629,2592,14.632594
2634,2592,12.834829
2635,2592,10.816771
2599,2593,13.9121895
2621,2593,9.5362425
2630,2593,13.813639
2607,2594,7.3616867
2620,2594,14.701265
2597,2595,5.516414
2611,2595,11.689427
2613,2595,11.776064
2617,2595,5.881774
2640,2595,13.265715
2625,2596,11.879079
2601,2597,12.425991
2613,2597,6.6193886
2617,2597,9.332743
2632,2597,12.478677
2640,2597,14.416492
2641,2597,12.48056
2634,2598,10.066888
2644,2598,12.472614
2648,2598,13.022324
2618,2599,12.511829
2630,2599,7.717739
2612,2600,10.685186
2613,2601,7.779395
2624,2601,8.02995
2632,2601,7.94207
2641,2601,12.982608
2606,2602,10.01869
2654,2602,13.60779
2604,2603,8.085936
2631,2603,9.784682
2645,2603,12.238229
2607,2604,9.944206
2645,2604,12.946569
2629,2605,13.088999
2649,2605,10.839239
2636,2606,9.663102
2658,2607,11.74902
2619,2608,11.70861
2638,2608,9.367756
2659,2608,13.580438
2615,2609,9.800664
2615,2610,6.39587
2622,2610,7.0155225
2617,2611,8.109511
2640,2611,12.409989
2642,2611,8.168325
2618,2612,7.884917
2647,2612,12.617607
2617,2613,13.573322
2624,2613,13.487038
2632,2613,5.8939433
2641,2613,7.4838667
2660,2613,13.090053
2626,2614,8.799032
2653,2614,12.951037
2622,2615,11.12103
2623,2616,13.218617
2639,2616,6.870036
2664,2616,13.702191
2640,2617,7.9572906
2642,2617,11.5202675
2660,2617,14.468489
2647,2618,9.21399
2621,2619,9.888402
2656,2619,10.912083
2659,2619,14.968091
2630,2621,13.588657
2656,2621,14.248479
2669,2621,14.884381
2631,2623,14.39953
2639,2623,13.445781
2650,2623,8.566435
2632,2624,9.508903
2641,2624,14.787015
2655,2625,14.653546
2662,2626,11.917544
2633,2627,7.663092
2637,2628,6.9978285
2635,2629,10.661944
2665,2629,12.895186
2657,2630,8.332673
2669,2630,14.448612
2645,2631,13.175853
2663,2631,8.574338
2641,2632,5.5382323
2660,2632,12.118021
2643,2633,13.886009
2668,2633,12.16625
2680,2633,13.46003
2635,2634,9.613227
2644,2634,14.075408
2648,2634,7.8002305
2666,2634,13.915783
2675,2634,12.414815
2665,2635,9.579863
2678,2637,9.603629
2656,2638,14.419721
2659,2638,6.379339
2688,2638,14.69592
2650,2639,11.591881
2664,2639,6.8541384
2673,2639,12.228363
2641,2640,12.599455
2642,2640,9.667269
2660,2640,8.688447
2660,2641,6.6067567
2668,2643,9.824055
2677,2643,14.615255
2648,2644,8.674653
2651,2644,7.638165
2666,2644,9.592769
2671,2644,9.948578
2658,2645,13.706817
2663,2645,12.435982
2674,2645,8.51527
2679,2646,9.863384
2683,2646,13.077665
2657,2647,14.4824
2676,2647,8.46562
2684,2647,11.43505
2666,2648,6.241518
2671,2648,13.015261
2675,2648,8.657602
2664,2650,10.228487
2670,2650,8.236462
2673,2650,8.192984
2666,2651,13.26794
2671,2651,7.8860717
2698,2651,14.210337
2711,2651,13.421614
2655,2652,14.591945
2672,2652,9.487483
2694,2652,13.539622
2685,2654,12.173028
2667,2655,14.086126
2672,2655,10.04918
2706,2655,12.748012
2659,2656,9.3356
2681,2656,11.867845
2692,2656,11.447556
2669,2657,9.434521
2676,2657,11.322067
2689,2657,11.3326235
2696,2657,11.71373
2693,2658,13.282955
2688,2659,11.357493
2692,2659,11.977408
2682,2661,14.861139
2691,2662,13.316248
2717,2662,13.803374
2670,2663,10.940998
2674,2663,11.837988
2686,2663,8.144797
2697,2663,11.807394
2673,2664,6.3261623
2675,2665,13.545054
2703,2665,12.656712
2671,2666,8.085384
2675,2666,8.440255
2698,2666,9.824367
2711,2666,14.168939
2712,2667,13.471628
2680,2668,9.481243
2710,2668,13.910105
2681,2669,8.982449
2689,2669,6.8267393
2696,2669,14.382518
2714,2669,9.5952215
2673,2670,10.209753
2686,2670,10.960058
2697,2670,7.8191214
2698,2671,6.470647
2711,2671,7.659512
2694,2672,11.118122
2706,2672,8.8758335
2686,2674,11.655226
2703,2675,9.085884
2684,2676,8.32012
2696,2676,7.9728107
2707,2676,10.012853
2695,2678,8.942036
2712,2678,11.874199
2702,2679,7.28349
2705,2679,13.431283
2700,2680,6.788457
2710,2680,6.9586754
2689,2681,12.159249
2692,2681,13.787636
2714,2681,9.261446
2683,2682,7.4703774
2704,2682,5.296882
2705,2682,12.972926
2704,2683,7.4556174
2705,2683,7.5427003
2696,2684,13.245475
2699,2684,8.621447
2707,2684,5.9809136
2708,2685,8.632338
2697,2686,6.035177
2699,2687,11.041265
2708,2687,10.04191
2691,2688,6.685893
2692,2688,10.890718
2696,2689,9.38012
2714,2689,6.184378
2701,2690,5.3310885
2709,2690,4.268049
2715,2690,11.718
2717,2691,13.319135
2716,2694,12.057066
2712,2695,14.450326
2713,2695,8.2425785
2707,2696,10.715021
2714,2696,14.699418
2711,2698,5.423932
2707,2699,11.787791
2710,2700,4.3007107
2709,2701,7.5976014
2715,2701,6.4769197
2705,2702,9.918305
2705,2704,9.437947
2715,2709,13.886972
