Object,Neighbor,Distance
1,17,8.95482
1,31,12.853757
2,16,12.417521
2,38,11.129552
3,6,8.868484
3,26,7.8144627
5,21,11.869924
5,24,5.0440435
5,37,12.4162655
5,43,11.932111
6,25,8.635706
6,26,7.780247
7,11,13.374259
7,13,10.665551
7,51,14.25492
7,52,14.551283
8,28,11.307075
8,40,10.353056
9,32,11.774594
12,22,9.2872925
12,33,7.4133787
13,52,13.997815
14,20,6.2158246
14,46,10.225572
18,20,10.842703
18,23,10.493532
18,50,10.799001
18,54,11.254812
19,41,10.870031
20,46,10.359575
20,54,12.408139
21,24,11.727733
21,30,13.200744
21,43,11.792997
21,48,10.560175
22,23,12.164536
22,33,9.513281
22,42,9.187117
22,61,13.523502
23,42,8.861792
23,50,9.366672
23,69,14.794003
24,37,8.855851
24,43,7.2466
24,48,13.91862
24,60,11.537115
25,26,11.644936
25,58,13.230675
26,58,11.563722
28,40,9.434326
28,44,11.1904
28,55,9.152276
29,41,12.846694
29,53,7.698551
29,73,14.815563
30,47,9.46719
30,48,14.218999
31,49,6.164787
31,59,10.82263
31,71,12.648406
33,42,14.3299265
33,45,13.426962
33,61,9.42349
35,64,7.8652864
35,75,12.2814245
36,57,7.884994
36,67,11.536837
37,43,10.835742
37,60,9.49027
37,65,8.839345
38,74,10.8746805
39,44,10.13564
39,56,5.915024
40,55,11.391853
41,53,13.418711
41,73,13.848985
42,50,12.104453
42,61,11.30761
42,69,10.260534
42,82,11.612081
43,48,7.949906
43,60,6.4366584
43,65,14.302943
43,70,8.75246
43,83,13.820818
43,86,14.416808
44,55,8.77897
44,56,14.849908
46,47,13.296978
46,54,13.205344
46,62,7.589734
46,79,13.421104
46,88,13.189761
47,62,10.126227
47,84,11.581482
48,60,11.995776
48,70,8.214466
48,83,9.940753
48,85,12.172876
48,93,14.882639
49,59,9.277909
49,71,6.7687254
50,54,9.4837055
50,69,9.755575
50,78,10.048786
51,52,7.182519
51,63,9.32917
51,80,9.839929
52,80,13.030831
53,72,10.049618
53,73,7.8233085
54,78,10.042432
54,79,9.425837
57,67,12.80438
58,94,12.485342
59,66,10.660664
59,71,9.359962
60,65,8.700248
60,70,7.1842594
60,83,12.827692
60,86,8.31463
60,93,11.620799
61,82,9.038421
61,89,10.3530655
61,92,9.756932
61,107,14.658799
62,79,13.661098
62,84,9.031206
62,88,8.272033
63,68,11.190367
63,80,9.513482
64,75,5.758992
65,70,14.88349
65,86,8.9367285
67,76,13.619538
67,91,12.754474
67,114,13.921352
68,103,11.433677
69,78,11.015956
69,82,8.61202
69,92,14.746517
69,96,7.76808
69,108,13.827025
70,83,5.7061915
70,85,10.375871
70,86,9.539748
70,93,7.191082
70,101,10.673628
72,73,10.31278
75,87,11.134252
76,91,5.369317
76,102,10.846066
78,79,10.286218
78,96,10.300246
78,100,8.6987295
78,112,9.490811
79,88,9.114156
79,100,8.972135
79,112,14.653329
79,113,14.141873
79,118,11.945859
80,106,8.338777
80,115,11.377099
81,111,11.487337
81,121,12.180941
82,89,12.500096
82,92,6.3615065
82,96,11.494779
82,107,12.437144
82,108,8.601673
83,85,4.8023148
83,86,12.753074
83,93,6.6448865
83,101,6.2834606
83,105,10.123913
83,122,14.574002
84,88,10.8099165
84,109,11.823674
84,113,13.395072
84,124,11.298362
85,93,10.300927
85,101,6.6672993
85,105,6.8823013
85,109,12.730841
86,93,7.4210567
86,101,13.353273
86,119,12.629726
86,122,10.392299
88,100,14.733796
88,113,7.921673
88,118,11.805245
88,124,14.270114
89,92,7.0037465
89,107,6.427458
89,108,13.171971
89,129,13.009938
90,95,9.277924
90,102,12.699572
90,110,7.999732
91,102,10.501994
91,114,14.866521
92,107,6.203395
92,108,6.9605684
92,129,14.483429
92,135,14.247749
93,101,5.977179
93,105,12.213213
93,122,8.482351
94,98,13.024032
95,98,7.103288
95,110,5.938591
95,127,10.86583
96,100,14.078097
96,108,10.9819565
96,112,9.22357
96,126,10.3013525
97,123,6.5727882
98,110,11.523557
98,127,12.021678
100,112,6.248847
100,118,8.06906
100,133,11.7703495
100,145,14.631656
101,105,6.2572913
101,122,10.312148
103,140,11.759976
105,109,9.002691
106,115,5.1631913
106,128,7.028133
107,108,8.770953
107,129,8.338071
107,135,10.73923
107,150,14.529205
108,126,11.147371
108,129,14.637989
108,135,9.851192
109,124,9.21312
110,127,7.6633754
111,121,13.597649
111,148,12.208837
112,118,12.616987
112,126,11.508572
112,133,8.26259
112,145,14.539484
113,118,8.190139
113,124,9.474222
113,138,9.950188
113,139,9.245254
114,136,12.111656
114,144,10.579508
115,128,6.3864884
116,137,7.893444
117,120,9.627239
117,134,6.8545547
117,151,12.315854
118,133,13.197485
118,138,8.416465
118,139,12.533844
118,145,10.768339
119,122,11.666322
120,134,13.72989
120,151,12.418683
121,146,9.857881
124,139,9.943208
126,133,10.84214
126,135,12.421628
126,155,14.473745
127,157,9.199514
128,147,14.1191635
129,135,9.481912
129,149,11.420284
129,150,7.9819527
129,155,14.093348
129,160,10.866656
129,165,14.975222
130,131,12.055112
130,143,14.438713
133,145,8.355438
134,151,8.7941265
134,154,11.493869
135,150,7.7726793
135,155,7.3912015
135,160,13.587055
135,165,12.036252
136,144,10.673796
136,153,10.636888
136,158,9.063186
136,161,9.176665
137,159,10.034822
137,166,12.206689
138,139,6.202922
138,145,8.3310375
139,145,14.372907
140,170,14.169181
143,173,10.320732
144,158,7.148217
144,161,12.931929
144,162,13.992188
144,164,9.540128
144,181,14.2528
146,148,11.362602
146,169,12.326165
146,184,12.550367
147,153,7.6876955
148,163,8.320735
148,184,14.735527
148,186,14.058158
149,150,13.414615
149,152,10.303916
149,160,10.138347
149,172,10.916409
149,175,11.697992
150,155,7.43802
150,160,5.8197594
150,165,6.9984627
150,175,11.818541
150,187,12.848811
151,194,14.838062
152,167,13.680876
152,172,9.567595
152,174,8.053065
153,158,13.700172
153,161,8.21358
153,188,12.191304
155,160,11.792082
155,165,6.220558
155,187,11.958266
156,162,8.484343
158,161,6.1574836
158,164,9.848977
158,181,12.1023655
158,198,13.649307
159,166,8.233551
159,171,6.4684873
159,185,8.567206
160,165,7.79133
160,172,13.858748
160,175,6.174748
160,187,11.0481205
160,192,12.521496
161,188,10.225122
161,198,12.771612
162,164,8.468398
162,181,11.70363
163,184,14.998944
163,186,9.019074
164,181,5.3644705
164,198,14.234493
164,199,11.256591
165,175,10.789087
165,187,6.363483
165,207,13.807156
166,171,11.683106
166,185,10.97367
167,174,9.0786
167,201,13.14237
167,212,12.396557
168,205,11.793738
169,184,7.973654
169,190,12.884984
169,206,13.782121
169,213,13.915899
170,179,9.143447
170,191,10.098487
170,218,12.450704
170,224,14.388838
171,185,3.6427672
171,214,13.955429
172,174,8.952037
172,175,9.654372
172,192,9.0778055
172,200,8.42929
172,201,13.387359
172,216,13.267404
174,200,12.278994
174,201,9.277751
174,216,13.860722
175,187,10.258908
175,192,6.363625
175,200,12.790606
175,207,12.415029
176,196,9.052543
176,203,9.860775
177,197,6.115182
177,202,12.899828
178,189,9.55513
178,222,13.194406
178,225,13.413399
179,218,14.789673
179,219,12.772161
179,224,13.69137
180,202,12.378519
181,198,10.319512
181,199,5.9369073
182,193,13.882908
183,204,14.203081
184,186,9.388231
184,206,9.423472
185,214,12.086398
186,206,10.820584
187,192,12.419798
187,207,7.5808077
187,208,11.117774
188,198,9.79754
188,217,11.460688
188,233,12.365678
189,225,11.401607
189,227,10.301637
190,213,8.634511
190,229,12.63234
191,218,9.477983
191,224,13.882835
192,200,7.4495544
192,207,10.327689
192,216,12.618814
192,231,9.52037
193,226,14.177792
193,232,9.276523
194,195,10.549845
194,211,5.71229
195,211,10.864707
195,238,12.848832
196,203,11.702676
196,208,8.032569
196,228,9.993829
196,235,14.129121
197,202,7.7345943
198,199,7.150591
198,217,7.0481486
198,233,12.700046
198,246,14.755427
199,217,11.243209
199,246,14.864426
200,201,9.68985
200,216,5.614593
200,231,10.233897
200,236,10.121632
201,212,14.085065
201,216,7.0474043
201,236,11.194356
201,239,9.858213
201,244,13.502381
203,220,14.534066
203,228,10.769241
204,205,10.543679
205,223,10.818768
205,252,14.554479
206,242,14.718261
206,243,12.040264
207,208,11.635194
207,231,9.715063
207,235,12.321487
207,245,12.78141
207,250,12.045421
208,228,10.844285
208,235,7.212379
210,256,14.663503
210,259,13.010706
211,238,13.634591
212,221,10.661383
212,234,7.4938135
212,244,13.555186
212,253,12.904887
213,229,11.54029
213,242,7.5074186
215,221,9.167211
215,230,10.714737
215,249,14.07223
215,254,12.197029
216,231,11.398458
216,236,5.4097505
216,239,9.535954
216,261,12.611736
216,262,13.927
217,233,6.4452057
217,246,9.136105
218,224,4.6307087
218,248,13.956175
219,224,12.86255
219,260,13.123916
220,255,11.619165
221,234,9.695939
221,249,8.19686
221,253,12.26078
221,278,14.984176
222,225,7.520784
222,240,8.693048
222,247,12.896673
222,257,10.063274
223,252,8.381407
224,260,12.878508
225,227,7.8361006
225,247,8.124311
225,257,13.387959
225,275,14.192297
226,232,11.37331
226,269,12.999778
227,247,9.289079
228,235,11.245716
228,263,8.874453
228,270,14.880699
229,238,10.528657
229,242,14.374285
229,282,13.140814
230,237,11.514738
230,254,8.106002
230,273,14.165332
231,236,10.779567
231,245,6.9327464
231,250,12.046919
231,262,10.000347
231,274,13.783525
232,251,8.0001135
232,269,13.017999
232,271,13.257999
233,246,11.040078
234,239,13.740079
234,244,9.169429
234,249,9.806547
234,253,5.4111433
234,266,9.752651
234,291,14.408001
235,250,10.105523
235,263,11.577681
235,270,10.172227
235,280,13.804373
236,239,7.9354978
236,244,13.479929
236,245,13.264461
236,261,7.8584633
236,262,9.276063
236,285,11.934763
237,283,11.675104
237,295,13.104033
238,277,9.262323
238,297,13.942448
239,244,5.6649184
239,253,14.617866
239,261,7.1727185
239,266,11.536171
239,284,11.665537
239,285,13.925524
239,298,13.911848
240,257,6.1472
240,292,13.361789
241,248,8.639949
241,276,11.2871
242,282,12.150261
243,290,11.83861
244,253,9.017545
244,261,10.026831
244,266,6.2791495
244,284,8.52467
244,291,14.245783
244,298,12.861376
245,250,7.257042
245,262,6.664283
245,274,6.8508697
245,280,11.585271
245,285,14.602152
245,296,12.04745
245,307,14.04074
246,256,14.230542
247,257,12.088899
247,275,6.3336177
247,292,13.558333
247,302,12.5577755
248,281,12.01559
248,294,9.726481
249,253,8.057361
249,266,13.560324
249,278,7.365023
249,291,12.073936
250,262,13.420496
250,270,12.026034
250,274,7.5079865
250,280,7.0238047
250,300,12.987954
250,307,13.932655
251,269,10.632177
251,271,5.265758
252,287,12.931691
252,303,14.376095
253,266,5.952562
253,278,12.89872
253,284,11.52877
253,291,8.997666
254,273,6.266542
254,278,14.148361
254,283,12.53492
254,304,14.948581
254,305,14.531518
255,279,13.404399
256,259,9.752655
257,275,12.370859
257,292,7.77032
257,317,14.131496
258,287,6.6541224
258,293,10.737281
258,322,14.702553
259,301,9.118297
260,281,11.6390705
260,318,13.322108
261,262,10.521162
261,266,13.179242
261,284,9.985248
261,285,6.782452
261,296,13.262373
261,298,8.976691
261,313,12.512856
262,274,9.123934
262,285,8.117493
262,296,7.90764
262,307,13.896642
262,313,14.4599
263,270,7.927569
263,300,14.848951
265,286,5.543653
265,289,10.46333
265,316,12.280242
265,319,14.689377
266,284,5.594963
266,291,7.986678
266,298,11.30209
266,328,14.554733
267,277,14.270174
267,299,13.752446
267,312,11.923417
267,320,9.721856
269,271,12.394209
270,280,9.497565
270,300,7.5016932
272,279,8.125374
272,308,9.601259
272,324,13.291039
273,278,11.625973
273,283,11.52035
273,304,10.826448
273,305,8.749647
273,340,14.68953
274,280,6.5172887
274,285,14.439202
274,296,8.939046
274,300,12.665392
274,307,7.38683
274,330,13.3862505
275,292,9.895582
275,302,7.1542163
275,317,10.638643
276,306,14.308196
276,314,10.633444
276,315,8.960483
276,336,13.91185
277,288,9.989906
277,297,5.6263123
277,312,10.579086
277,321,10.786563
278,291,11.207202
278,305,9.029314
279,324,10.433671
280,296,14.6048
280,300,6.632695
280,307,8.867449
281,294,8.741031
281,318,10.898303
281,326,14.751333
282,288,7.988553
282,297,13.980815
282,323,11.635393
283,295,7.604426
283,304,6.842415
283,310,12.68691
283,339,14.017712
284,285,13.317459
284,291,10.107528
284,298,5.715949
284,313,14.109162
284,328,9.7786255
284,333,14.613945
285,296,6.873983
285,298,9.100986
285,313,7.141306
285,328,14.6359825
285,344,13.913658
286,289,9.695846
286,316,6.9958777
286,319,11.99839
286,327,11.614643
287,293,13.472842
287,322,14.551614
288,297,6.076176
288,321,8.099417
288,323,14.2937
289,299,9.712372
289,316,10.346769
289,319,5.3960156
289,337,10.174844
290,295,9.712537
290,310,9.458364
290,329,12.135751
291,298,14.59386
291,328,13.931482
291,333,10.3347435
292,302,14.174178
292,317,6.465391
293,322,6.430862
293,341,11.891224
293,350,13.071491
294,326,7.792338
295,304,11.178565
295,310,6.4647856
295,339,13.407942
295,348,13.675856
296,307,8.55019
296,313,8.978071
296,330,9.824235
296,344,11.861036
297,312,10.633904
297,321,5.4502945
297,335,11.623249
298,313,8.409375
298,328,6.8831024
298,361,14.609748
299,319,9.738021
299,320,13.722852
299,337,11.967631
299,338,10.693882
300,307,11.432857
302,317,11.1768265
302,349,12.07438
303,311,6.282254
303,352,9.899057
304,305,13.923817
304,310,13.07864
304,339,8.952526
304,340,8.466293
304,343,14.964361
304,373,14.524925
305,340,12.079056
305,343,8.071239
305,360,14.84011
306,314,6.3993754
306,315,12.320023
306,336,14.583436
306,353,11.312598
307,330,6.5440593
307,344,14.212685
308,324,12.834831
308,334,6.9037776
308,363,13.900475
308,366,14.2954
309,323,11.947312
309,329,10.800278
309,371,12.991594
310,329,14.59292
310,339,10.519378
310,348,7.7028275
310,359,13.617748
311,352,10.132024
312,320,7.907227
312,321,11.042058
312,335,8.257602
312,342,8.972113
313,328,10.31196
313,330,12.85856
313,344,7.7032566
313,361,12.241342
314,315,5.9748635
314,336,8.514003
314,353,8.617941
314,374,13.944215
315,326,14.770125
315,336,4.9985995
315,353,10.831696
315,374,11.793256
316,319,9.037641
316,327,9.382231
316,337,10.415262
316,354,13.461676
316,356,8.716859
316,370,12.343423
317,349,13.584656
317,376,13.713164
319,337,4.778899
319,338,12.967151
319,356,13.9313755
319,370,12.452717
320,335,14.123365
320,338,12.080978
320,342,6.0605545
320,375,12.604578
321,335,7.9231296
321,377,12.7550335
322,341,7.466452
322,350,6.6466045
323,371,13.58719
324,357,12.265205
324,363,10.015634
325,368,11.20624
326,336,14.3279
327,354,6.6274996
327,356,10.585887
328,333,10.167273
328,344,14.665032
328,361,9.061505
328,378,12.863039
329,359,7.4678535
329,371,13.90937
330,344,8.62263
331,364,7.201389
331,367,11.471087
332,346,10.140227
332,355,6.7509875
332,369,9.25713
333,360,12.394141
333,361,14.588982
333,378,9.719143
334,347,10.270068
334,363,12.470771
334,366,7.396149
335,342,11.121253
335,377,7.2904935
335,391,14.000092
336,353,8.431525
336,374,6.809706
337,338,10.707827
337,356,11.865609
337,370,8.350527
338,342,12.433506
338,375,9.999786
339,340,8.612633
339,348,7.8472
339,373,6.6684546
339,381,12.442503
339,382,14.565751
339,397,14.570717
340,343,8.3947735
340,373,9.808274
340,381,9.042408
341,350,7.7166986
341,365,14.69458
341,390,13.137785
342,375,8.057966
342,384,12.155145
343,360,10.496026
343,381,11.458396
343,388,13.478531
343,398,14.942628
344,361,10.944649
344,386,14.245494
344,395,13.849374
346,369,5.51436
347,366,7.6356134
347,376,11.750534
348,359,10.714317
348,373,10.5468
348,382,8.711568
349,376,14.736435
349,394,10.676563
351,368,10.657981
351,396,13.918146
352,380,13.519823
352,393,11.815809
353,374,8.7936945
354,356,9.493058
355,369,12.069178
356,370,7.0808883
357,372,8.601128
357,400,14.572477
357,403,14.1250725
358,362,6.148077
358,365,8.152678
358,392,12.784622
359,382,9.553799
360,388,8.896178
361,378,9.940017
361,386,7.907048
361,395,13.405689
361,411,14.561356
362,365,14.096351
363,366,14.546809
363,403,13.665033
363,407,12.604075
364,367,12.074062
364,389,10.100475
365,390,13.436215
365,392,8.0957775
367,379,12.733642
367,413,13.775227
368,396,9.710497
371,385,6.9137354
372,400,9.344608
373,381,7.664258
373,382,12.952516
373,397,8.311871
373,398,14.731846
373,416,13.6972
374,408,12.714302
375,384,7.5423265
376,394,12.452464
376,401,8.326947
377,384,14.278934
377,387,14.952931
377,391,8.080124
378,386,12.067926
378,411,12.861266
379,404,8.091457
380,393,9.149428
380,405,9.357996
380,412,11.069251
381,388,13.974519
381,397,10.977184
381,398,7.886845
381,416,10.749171
382,397,11.794133
383,419,11.483452
383,434,13.116263
384,391,9.244174
384,436,14.026815
385,414,11.170047
385,415,9.606751
386,395,7.4636497
386,411,8.055655
386,418,9.798274
386,438,12.873971
387,414,12.57244
387,431,10.656389
388,398,8.946605
388,421,8.137951
388,433,14.167651
388,441,14.947546
390,392,10.464268
390,409,10.897759
391,436,10.332876
391,439,13.7377205
392,442,14.231093
393,405,8.025815
393,410,10.178078
393,412,13.972182
393,440,13.00631
394,401,13.358603
394,426,9.527273
395,411,12.478867
395,418,5.5917897
395,423,9.723538
395,438,13.208228
396,424,7.2816625
396,430,9.720333
397,398,13.905142
397,416,8.410026
397,432,12.427204
397,437,10.587632
398,416,8.017632
398,421,9.2363405
398,432,10.743693
398,433,9.1471815
400,444,13.208875
401,425,14.740887
402,422,6.571148
403,407,7.0325575
403,445,11.950703
404,413,12.544138
404,419,12.207337
404,447,13.167977
405,410,14.711656
405,412,6.436864
405,440,8.33244
405,443,11.100619
406,428,9.399176
406,429,5.864742
406,449,13.1682415
407,445,13.294894
407,451,11.2571535
408,435,13.108031
409,412,12.326148
409,456,13.348416
410,440,13.3497925
410,448,8.481473
411,418,10.640157
411,438,7.286618
411,455,11.633849
411,459,13.476152
412,440,11.758848
412,443,8.854169
412,456,13.262835
413,468,13.60693
414,415,14.380958
414,431,12.986906
414,457,11.391953
416,421,14.128476
416,432,4.9672794
416,433,8.614316
416,437,12.174413
416,458,11.1830225
417,442,13.835354
418,423,8.169464
418,438,8.494757
418,455,13.450694
419,434,12.002314
419,447,9.30114
420,422,11.096225
420,427,12.338794
420,454,10.452189
420,461,11.305689
421,432,13.401459
421,433,7.758497
421,441,9.053285
421,458,14.90366
421,465,11.499505
422,454,11.279447
424,430,7.10966
424,434,12.601118
425,446,7.9191732
426,453,7.5826664
426,460,13.580454
426,463,9.130985
427,461,13.036513
428,429,7.963577
428,449,5.181641
428,450,12.002831
429,435,14.419032
429,449,9.3732395
430,474,12.533205
431,439,7.250709
431,457,11.144248
431,464,10.76662
432,433,6.0066323
432,437,12.019378
432,458,6.2159324
432,465,12.821906
433,441,14.057414
433,458,7.552013
433,465,8.794729
436,439,10.046119
436,464,13.313474
437,458,14.526007
437,475,11.5497675
438,455,5.543217
438,459,11.15916
439,464,6.8722463
440,443,8.865148
440,448,13.338957
441,465,11.000595
441,471,10.553573
441,478,12.509244
441,483,11.77439
442,473,12.039883
443,456,7.732231
444,462,9.384809
444,476,7.694684
445,451,9.555395
445,488,13.058332
446,451,12.42321
447,467,7.8342886
448,470,13.348611
449,450,10.585787
449,481,13.895708
450,481,9.195632
451,491,12.745501
453,460,14.511346
453,463,6.8287964
453,479,10.560149
453,489,10.80316
454,461,7.096458
454,470,14.98141
454,490,12.555926
455,459,7.620035
457,464,13.890009
457,480,8.512216
458,465,8.934112
458,475,13.663542
458,478,14.918603
459,471,8.245275
459,497,13.202225
459,508,14.645026
460,463,7.9068527
460,479,10.532803
460,484,7.9179535
462,476,9.651764
462,486,7.873865
463,479,6.402038
463,484,9.30655
463,489,10.762643
464,480,11.246383
465,478,7.163987
465,483,12.271695
466,468,13.665172
466,482,7.2638903
466,485,10.040175
466,502,14.312471
467,468,11.984991
467,492,9.24491
468,485,8.461593
468,492,8.966833
468,502,14.649129
469,496,10.759597
469,504,14.156859
470,490,9.74582
471,478,13.313467
471,483,7.6430883
471,497,7.837253
471,508,13.440619
471,516,14.543003
472,473,7.4278636
472,512,11.588998
474,519,12.48449
475,501,13.551162
475,524,13.763733
476,486,11.2691965
476,488,12.895024
476,509,10.607602
476,518,13.020515
478,483,6.3997693
478,497,14.1397
478,516,14.205861
478,530,12.3851185
479,484,6.046005
479,489,6.524873
479,511,9.244218
479,526,12.068321
480,521,13.383535
480,522,12.237874
482,485,10.78694
482,502,11.160942
483,497,8.0194645
483,516,10.516438
483,530,14.130338
484,489,12.158486
484,510,14.452019
484,511,7.9054036
484,526,14.338004
484,532,14.612413
485,492,12.505365
485,502,6.7217054
486,509,10.48837
486,527,13.699306
487,517,14.207697
488,518,11.944072
488,525,10.853776
489,511,11.564689
489,526,9.476577
489,536,13.188023
490,528,13.208414
491,543,14.509361
493,500,7.721306
493,505,14.417859
493,507,7.647544
493,533,13.736882
494,512,12.227485
495,514,8.899755
495,534,11.68419
496,506,6.0367107
496,539,14.776157
497,508,7.625813
497,516,7.505359
498,501,11.371566
498,523,9.604144
498,531,10.158829
499,515,9.409765
499,529,8.704224
500,505,6.806236
500,507,12.425309
500,533,9.690773
501,523,8.226671
501,524,12.353506
502,553,14.709661
504,520,6.3029785
504,540,11.550194
504,542,11.472259
505,519,10.790349
505,533,11.8930435
505,549,12.830657
506,539,9.763435
507,533,12.53292
508,516,11.283771
508,517,9.131974
509,518,7.5271516
509,548,11.884068
510,511,13.703713
510,532,8.261175
510,538,7.892498
510,560,13.569397
511,526,7.981323
511,532,9.380582
511,536,13.257946
511,552,12.3569355
512,537,12.349287
512,550,11.219124
513,528,9.477492
513,544,13.85422
514,534,6.918048
514,561,13.605623
515,529,12.629381
515,556,12.201888
516,530,11.056917
516,547,8.373855
518,525,12.011139
518,548,14.564837
519,545,9.547298
519,549,12.978957
519,554,10.60359
520,521,12.724105
520,540,5.8287435
520,542,9.996286
520,562,12.136072
521,522,7.472001
521,540,12.08119
521,557,14.099608
521,570,12.910148
522,557,9.49635
522,570,14.4739895
523,531,8.362094
523,559,11.086259
523,566,13.455783
524,566,13.036441
524,567,11.228772
525,563,12.888071
526,532,14.731983
526,536,5.540712
526,552,8.326958
527,548,11.441449
527,572,11.412351
528,555,7.961378
528,579,14.23917
529,556,11.085045
529,582,13.861503
530,546,11.528556
530,547,13.303439
531,541,7.392843
531,559,7.733301
532,538,10.7506695
532,552,13.307122
532,560,7.808816
532,583,13.215974
533,549,11.854416
533,568,11.746373
534,544,8.939343
534,561,7.5980215
534,586,14.803188
536,552,7.19208
536,578,14.334845
537,550,10.077652
537,585,14.922948
538,543,14.820731
538,560,10.706651
539,551,11.514336
539,565,9.082805
539,569,14.121527
539,580,10.706123
540,542,8.494614
540,562,6.3761606
540,570,12.61195
540,590,14.259935
541,557,13.030994
541,559,10.576573
542,551,9.479792
542,562,9.829831
542,590,12.731417
542,592,12.257381
543,563,8.598159
544,561,9.584223
544,575,11.942576
545,549,12.217589
545,554,6.387593
545,573,5.591369
545,577,9.552336
545,584,8.683752
545,595,13.739634
545,602,13.142427
546,567,11.034293
546,588,14.242877
546,598,12.370298
547,588,14.014501
548,572,14.162826
548,593,9.924545
549,554,5.984132
549,573,14.77898
549,577,7.8746505
549,584,13.570274
549,602,13.913864
549,606,12.172776
550,585,8.90497
550,604,13.575032
551,580,12.315227
551,592,11.317663
552,560,14.189228
552,578,7.917969
552,583,14.183404
552,611,14.288864
553,558,14.8618355
553,574,7.6948285
553,589,8.946566
554,573,9.010443
554,577,5.275909
554,584,8.870376
554,602,11.12386
554,606,11.955747
555,575,12.709564
555,579,6.4788346
555,596,13.877599
556,582,8.760353
557,570,10.919218
558,568,14.760735
558,574,8.734787
558,603,11.891095
558,618,14.580721
559,566,14.359596
560,578,12.413452
560,583,6.035596
560,599,10.840342
560,613,13.390258
561,586,7.830973
562,570,9.438865
562,590,8.508464
562,600,9.708316
563,601,13.905913
563,619,14.298225
564,614,12.516736
565,569,5.899343
565,580,8.625927
565,615,10.402094
566,567,11.598848
566,597,11.576182
566,605,9.683192
566,610,12.596736
567,597,8.0940485
567,598,11.737342
567,610,13.205712
568,603,11.060831
569,580,13.900321
569,612,11.598112
569,615,9.822601
570,590,14.6734705
570,600,8.402552
571,581,7.6192303
572,581,11.393868
572,593,14.911527
572,608,10.501743
573,577,8.890257
573,584,4.497879
573,595,8.365444
573,602,9.53169
573,606,13.996061
573,620,13.558918
574,589,9.412736
574,618,13.099678
576,582,10.141937
576,621,10.61576
576,625,14.5135975
577,584,6.1237535
577,602,6.2383175
577,606,6.846672
578,583,9.082127
578,611,7.1049995
578,613,9.678788
579,587,13.15179
579,596,7.8397818
579,629,12.672462
580,592,14.362184
580,615,12.042544
580,624,11.882829
580,626,10.828905
581,608,8.496891
582,627,12.075169
583,599,8.513872
583,611,12.737744
583,613,7.3546615
583,635,12.829134
584,595,8.949374
584,602,5.0338125
584,606,9.74659
584,620,12.308661
585,604,5.7518096
585,607,10.535961
587,596,6.331042
587,629,13.995597
587,630,9.474048
588,598,13.080932
589,609,14.284784
589,623,11.1124935
590,592,10.161738
590,600,8.830816
590,631,7.8028865
592,624,9.668752
592,631,13.212436
593,594,10.67097
593,634,10.586827
594,601,9.908456
594,634,14.412536
594,644,14.960873
595,602,11.811155
595,620,6.1510735
595,641,14.179222
596,629,9.176455
596,630,10.186158
597,598,11.049725
597,605,10.996729
597,610,5.3509955
598,610,14.967598
598,633,9.470062
599,613,10.776228
599,617,12.535689
599,635,10.111578
599,640,13.767828
600,631,11.166465
601,619,10.136989
601,644,13.213111
602,606,5.477949
602,620,12.78517
603,618,10.683756
604,607,5.414976
604,636,12.303091
605,610,7.491371
607,636,8.926237
608,643,13.7756815
608,650,13.869476
609,623,7.881059
609,646,12.198433
611,613,8.33281
611,635,14.972224
612,615,7.4590516
612,632,7.379544
612,638,6.9892707
612,642,10.734678
613,635,7.810288
615,626,9.144791
615,632,14.098868
615,638,11.019866
615,642,9.9347315
617,640,7.4913135
617,645,13.462471
618,660,14.246333
619,644,14.741908
619,645,9.170022
619,657,14.116713
620,641,8.029796
621,625,6.9294286
622,649,9.621409
623,646,10.03768
624,626,9.6285
624,648,13.509555
625,628,9.418809
626,642,10.182549
627,656,12.4868145
629,630,10.128252
629,639,10.060869
629,651,10.224893
630,651,8.419799
631,648,11.256047
632,638,5.4305334
632,642,11.975355
632,658,10.562525
633,654,7.1214685
634,643,11.07904
635,640,14.605331
635,653,10.067772
636,647,11.786063
636,652,8.112912
638,642,6.550302
638,658,8.331406
638,670,14.348017
640,645,13.194963
640,653,9.002964
640,659,10.547105
642,658,10.180077
642,670,13.040196
643,650,10.624126
644,657,9.721307
645,657,11.992214
645,659,11.157205
646,663,9.4622
647,652,6.208481
647,668,14.805651
649,667,9.934064
652,684,14.119719
653,659,12.707314
653,678,12.992584
655,661,12.872888
655,662,6.2833915
655,685,12.441979
656,671,10.186954
656,674,12.506984
658,670,7.134389
658,677,9.024499
658,687,12.954506
659,678,11.424144
660,681,11.475688
661,668,4.4076085
661,685,11.502937
661,686,9.528614
662,673,10.877269
662,685,10.11595
662,691,9.798298
663,681,14.92295
663,694,12.92242
663,697,12.978825
665,699,12.105723
666,701,14.823719
668,685,12.833968
668,686,6.5990458
668,703,12.434643
668,713,13.71598
669,674,13.450382
669,688,6.7108526
669,700,14.517267
670,677,7.525988
670,687,6.429899
670,696,11.873203
671,712,12.811685
672,673,14.44581
672,679,8.626251
672,683,9.196127
672,692,6.106112
672,705,14.82544
673,679,5.990823
673,691,10.679892
673,704,9.3152485
673,719,14.80186
674,700,7.6232324
675,693,7.779267
675,702,7.1032367
676,677,11.674991
676,695,7.014305
676,696,12.712382
677,687,8.008317
677,695,9.033573
677,696,6.7128515
677,714,12.574766
678,715,10.808205
679,692,11.727489
679,704,8.718558
680,710,14.583541
681,694,9.766518
681,716,11.120041
681,723,13.2902975
682,693,13.658173
682,711,14.811529
682,717,9.974022
683,692,7.6053305
683,705,7.534082
685,686,10.636096
685,691,8.161205
686,703,9.139517
686,713,7.456775
687,695,13.968911
687,696,7.887665
687,714,9.027879
687,718,12.8227625
687,720,9.954596
687,729,14.16279
688,700,12.681469
689,707,12.369317
690,725,14.204789
691,704,12.344003
691,719,9.120912
692,704,14.790158
692,705,10.052813
693,702,8.599285
693,731,14.973988
693,733,13.995225
694,697,8.074875
694,716,13.781684
694,722,9.965742
694,723,8.120798
695,696,6.4977436
695,714,11.882518
695,727,10.459179
696,714,6.558773
696,720,11.628836
696,727,10.848866
696,729,11.235967
697,722,7.637781
697,723,13.370781
697,737,12.940861
697,741,14.442289
698,711,7.820261
698,724,8.85415
699,745,14.6512785
701,706,11.521697
701,738,12.941511
702,733,10.522421
703,713,7.368205
703,734,11.947847
704,719,9.433873
704,740,14.808572
705,726,13.843816
707,718,8.746642
707,744,13.501341
708,710,14.917778
709,739,12.3703
710,747,13.545222
711,717,12.519043
711,724,10.197076
711,742,14.952506
712,743,10.320121
713,734,14.278598
714,718,12.325828
714,720,5.8443646
714,727,9.694153
714,729,5.334108
714,749,14.208666
715,732,10.154421
715,756,13.095189
716,723,9.523852
716,730,9.093679
717,731,8.238477
717,742,8.814627
718,720,6.6178193
718,729,13.283099
718,749,11.457374
719,752,13.491036
720,727,14.639011
720,729,7.140189
720,749,10.5687895
721,732,13.994984
721,735,8.4663515
721,736,8.207613
722,723,9.524345
722,737,7.450591
722,741,6.8046083
722,761,14.078969
723,741,10.468216
724,751,14.25615
726,739,11.105951
726,748,8.341353
726,767,13.314878
727,729,8.432802
728,760,11.959879
728,772,13.807656
729,749,10.509619
730,751,9.427715
730,762,9.647149
730,769,14.903556
730,770,13.832943
731,733,14.010348
731,742,8.162799
731,778,13.7142935
732,736,7.644923
732,756,10.815684
732,757,7.9128504
734,766,13.9261
734,775,12.67471
735,736,12.102393
736,757,8.892568
736,779,12.857207
737,741,7.3968334
737,761,8.497006
738,760,12.309839
739,748,12.445008
739,755,13.988292
739,786,14.58794
740,752,8.878757
740,753,6.9532084
741,761,9.080155
741,769,14.12055
742,764,9.952091
742,778,13.150015
743,746,11.639751
743,755,12.466298
743,773,10.828874
745,750,14.033773
745,768,10.275021
745,771,8.433206
746,773,8.412282
747,759,9.195015
747,780,14.094514
748,763,11.230784
748,767,6.600185
748,785,8.725668
748,786,12.522892
748,799,14.559748
749,788,11.923029
750,771,14.287575
750,781,11.139006
751,762,6.505412
751,770,5.9151616
752,753,14.338122
752,774,7.6750674
753,763,9.653104
753,767,14.679393
753,784,10.504784
753,790,12.976276
754,756,10.149334
754,776,13.092939
754,792,11.138785
756,757,10.324054
757,779,8.309653
758,783,7.453578
759,780,5.769379
759,781,12.376505
760,772,9.494489
761,795,11.619291
762,770,5.791779
763,767,5.2312765
763,784,8.716232
763,785,10.107184
763,790,7.512495
763,796,11.193715
764,778,14.969842
764,793,10.113954
765,782,12.975046
765,800,14.972369
766,775,9.298697
767,784,12.745476
767,785,5.9585104
767,790,10.041776
767,796,10.911805
767,799,13.198957
768,771,7.0489826
768,794,9.119772
769,804,14.8869095
769,805,12.406317
770,811,13.546576
771,794,9.493073
771,807,12.76564
772,803,11.011273
775,783,9.130758
776,792,11.59972
776,798,14.437765
776,816,12.560836
777,797,12.071622
778,789,12.741189
778,802,12.165276
780,781,8.774401
782,787,11.542841
782,800,8.858053
783,812,13.89498
784,785,14.773102
784,790,4.081333
784,796,9.757378
784,815,13.050909
784,826,14.81675
785,786,10.970019
785,790,10.953994
785,796,8.397481
785,799,7.240535
785,806,14.821842
786,799,8.818536
786,806,7.0746036
787,809,7.9783225
788,822,11.279464
789,791,9.937408
789,802,6.0681257
790,796,5.9081087
790,826,13.057394
791,802,14.443097
791,812,10.309368
792,816,13.398789
793,821,13.916765
794,807,6.621747
794,820,10.490438
795,804,9.236471
795,833,10.401825
795,843,14.206138
796,799,10.305709
796,826,10.021857
796,839,11.225517
798,816,12.7226095
799,806,8.932848
799,832,10.060434
799,839,11.509723
800,818,8.650652
801,818,12.639449
801,830,8.556914
801,844,14.53606
802,841,11.964327
802,846,14.0013485
803,810,8.329204
803,824,11.826749
803,825,7.8744555
803,849,14.250005
804,805,8.958091
804,833,13.845579
804,838,11.696192
804,843,12.12888
805,838,9.580392
806,832,10.137573
807,820,12.101056
808,829,11.2789
808,835,10.601478
809,850,11.796972
810,817,8.186015
810,825,5.497835
810,849,13.995301
810,854,13.272431
811,821,9.419316
811,852,13.471215
814,834,7.783627
815,826,13.474082
815,828,5.3552847
815,840,9.574873
817,823,8.367919
817,825,12.092714
817,854,11.402241
818,844,8.759684
819,846,11.388082
819,861,14.452185
820,823,11.959161
821,848,11.264798
822,829,12.478895
822,834,9.843794
822,851,8.708191
823,854,14.203257
824,825,14.431897
824,849,13.269727
825,849,8.602606
825,854,11.968243
826,839,8.33004
826,840,8.26682
826,858,10.660476
828,840,10.326681
828,868,14.750467
829,851,14.4734125
830,844,12.129341
830,862,9.26501
831,857,10.105451
832,839,8.839289
832,858,13.356079
833,843,7.6536517
834,851,10.594625
837,847,10.085011
838,843,11.642243
838,867,11.740164
839,858,7.808682
840,858,14.409712
841,846,11.7902355
841,859,12.39579
841,863,14.646279
841,866,10.865935
842,869,14.240904
844,862,10.386694
844,881,14.767425
845,856,14.910669
846,861,12.20253
846,863,7.163338
846,866,14.731183
846,880,13.786112
847,873,14.369922
848,861,14.80327
849,854,12.732433
849,870,11.92608
849,875,10.970321
850,860,8.417464
850,871,8.877331
850,874,13.948869
851,877,11.407081
852,865,8.68988
852,872,8.695254
853,857,11.180625
853,864,10.231651
853,882,12.561216
854,875,14.895076
854,883,12.717687
858,885,13.039951
859,864,10.666821
859,866,11.327884
859,884,11.74039
860,871,9.607642
860,874,7.0796423
860,878,12.0415945
860,890,12.617266
861,863,10.314821
861,880,12.62524
861,894,13.061336
863,866,11.698406
863,880,6.622866
863,893,14.743371
863,894,14.696795
864,882,10.177717
864,884,7.744372
864,896,12.251435
865,872,8.783052
866,880,12.366696
866,893,10.23288
866,895,13.297076
867,872,12.06653
870,875,10.383378
871,874,9.743592
871,890,9.528497
873,891,6.6182446
873,900,10.460227
874,878,7.4579716
874,881,13.592644
874,890,6.5290747
875,883,8.702128
875,915,14.360914
876,885,14.614984
876,888,13.7733135
876,906,11.171461
877,879,10.721363
878,881,6.134673
878,890,11.622705
880,893,10.160817
880,894,9.911565
880,912,12.172687
882,884,12.936508
882,899,9.879729
882,910,10.52218
883,915,14.114203
884,895,9.328733
884,896,4.6734047
884,910,14.70043
884,920,12.032566
885,913,13.529519
886,898,12.898402
886,904,7.7334394
887,911,9.648023
888,906,12.689957
889,917,12.230829
889,922,12.4072
890,921,9.161455
890,931,13.54242
891,900,8.7784
891,919,10.509956
892,905,6.984729
893,895,10.190593
893,912,12.453918
893,932,14.389555
894,912,9.079486
894,923,10.801996
895,896,6.677678
895,920,11.95494
895,932,12.25942
896,910,13.376779
896,920,8.0007515
897,918,12.894215
897,927,14.383925
897,934,11.23798
898,904,14.426851
898,926,11.084774
899,910,9.617663
899,914,11.455957
899,930,8.927012
900,909,12.293003
900,919,9.756524
900,946,13.883405
901,925,9.634586
901,936,9.98011
902,917,14.079494
904,948,14.148169
905,927,13.820574
905,935,9.402954
907,929,8.449876
907,937,8.837878
908,916,13.221103
910,920,9.565249
910,930,9.185108
911,926,11.5779085
912,923,12.939813
912,959,14.3502245
913,928,11.271425
913,938,8.117205
914,930,12.734083
915,943,8.325709
917,922,12.040963
917,941,8.377526
917,942,7.1518354
917,952,13.848474
918,953,11.701347
919,946,10.434141
919,954,12.492697
920,932,13.806621
921,931,6.572361
921,961,14.892096
922,933,11.103461
922,939,6.257344
922,941,7.6241326
922,942,14.864419
922,952,10.20102
924,933,6.7565103
924,939,12.895767
924,947,10.222239
924,963,14.545917
925,929,10.724273
925,936,6.264441
925,949,7.672053
927,934,8.307402
927,935,10.385004
927,958,9.75854
928,940,11.729014
929,937,9.39432
929,949,9.631903
931,955,10.703451
931,961,11.948708
932,956,11.131381
933,939,6.235726
933,947,14.222195
933,963,9.880154
934,958,12.1407175
934,970,13.001432
935,951,10.957891
935,958,11.224736
935,965,9.852171
936,949,10.200145
939,941,10.743386
939,952,9.7725115
939,963,10.04508
939,973,14.659485
941,942,7.7673993
941,952,5.620983
941,973,13.224356
942,952,11.0649805
942,977,13.659389
944,960,6.150247
944,961,12.992116
945,947,7.6556373
946,954,13.3364935
946,962,7.467443
946,966,12.5722
946,974,10.770646
950,985,13.305094
951,965,10.784247
951,980,13.211286
952,963,13.857179
952,973,7.7463837
952,977,14.105476
953,955,9.882525
953,969,10.5531645
953,975,9.497375
954,966,4.9726524
954,974,12.283491
954,982,10.486417
954,991,13.305462
955,961,12.446054
955,975,9.767828
955,978,9.2249565
956,959,11.042331
956,997,14.866544
958,965,9.6818075
958,970,12.9734
958,979,9.046198
959,983,9.324176
960,961,10.61533
960,994,14.502804
961,978,10.60108
962,966,14.099481
962,974,7.895342
962,981,12.77089
962,982,14.277208
962,987,9.899548
963,973,12.920534
963,992,13.810315
963,993,10.846299
964,977,13.419961
964,998,14.596614
965,979,9.217995
965,980,7.326438
965,1003,13.77182
966,974,7.8400106
966,982,5.6722536
966,991,9.793952
968,1000,12.482373
969,970,9.24533
969,975,11.245604
969,996,9.909119
970,979,14.682637
970,1001,11.248022
971,972,12.731835
971,988,10.944636
971,1012,14.195825
972,1012,12.954509
972,1013,12.546881
973,977,11.892875
974,982,6.409486
974,987,8.481282
974,991,12.3908
974,1008,14.8788595
974,1020,14.603123
975,978,10.159011
975,996,8.313444
976,999,6.1711516
976,1010,12.092944
976,1016,10.931211
977,998,6.3161926
979,980,10.417861
979,1001,11.467603
979,1003,8.432778
980,1003,9.469008
980,1018,11.269416
981,987,11.7924
981,1011,13.335549
981,1017,12.381615
982,987,12.460836
982,991,6.0698924
982,1008,10.195402
982,1020,13.247055
982,1021,13.586527
983,1009,14.896691
983,1014,9.505206
984,986,8.245507
984,1005,7.327137
984,1019,10.7456255
985,1037,14.889032
986,1005,11.756297
986,1019,11.133286
987,1011,7.066808
987,1020,10.896851
988,1002,7.790728
988,1024,14.911326
988,1026,14.070501
989,1029,14.311963
990,1007,10.417195
991,1008,6.8407636
991,1020,13.318783
991,1021,8.695156
992,993,6.045797
992,1006,10.997904
992,1015,7.006408
993,1015,6.1371264
995,1025,13.539023
996,1023,9.230274
997,1009,5.151982
998,1043,14.952486
999,1010,6.467012
999,1016,6.874731
1000,1033,12.049239
1001,1003,13.444268
1001,1022,10.638783
1002,1026,6.950989
1002,1028,14.065974
1002,1042,14.102988
1002,1048,13.349311
1003,1018,9.547709
1003,1038,10.260285
1003,1041,13.967922
1004,1034,9.847656
1004,1045,14.723411
1005,1019,5.427859
1006,1015,14.428721
1007,1057,14.329622
1008,1020,7.957627
1008,1021,4.2796254
1008,1047,11.21795
1008,1051,11.118529
1009,1014,11.806753
1009,1027,10.405666
1009,1053,14.616276
1009,1054,14.514725
1010,1016,10.228304
1010,1049,13.282832
1011,1020,8.980918
1011,1046,14.141174
1012,1013,9.019064
1012,1024,8.195755
1012,1055,12.73406
1013,1055,14.294869
1014,1027,6.89901
1014,1053,11.663728
1015,1035,13.976534
1016,1049,11.450715
1016,1056,13.585675
1017,1018,12.352261
1017,1046,11.349992
1017,1059,13.82645
1018,1038,12.176656
1018,1041,7.278054
1019,1039,12.017922
1019,1060,14.112952
1020,1021,11.2597885
1020,1047,14.70062
1020,1051,10.382631
1021,1047,7.967408
1021,1051,10.315688
1024,1042,9.069146
1024,1055,11.532734
1026,1028,9.015106
1026,1042,12.164731
1026,1048,7.260605
1027,1053,5.3740296
1027,1076,13.7240505
1028,1048,12.257146
1028,1064,10.902958
1028,1075,14.735265
1029,1039,8.613544
1029,1058,11.275958
1030,1037,6.9306593
1031,1035,8.484307
1031,1043,12.9991255
1032,1043,12.620606
1032,1061,9.999884
1033,1045,11.780385
1033,1052,12.900853
1033,1067,10.528036
1034,1045,9.690696
1034,1071,11.698969
1036,1040,8.709842
1036,1050,7.5213675
1037,1077,14.9842005
1038,1041,10.201545
1039,1060,9.073136
1041,1059,11.28571
1042,1048,9.207422
1043,1061,10.663448
1044,1068,7.3625298
1045,1067,10.662585
1045,1071,7.5101
1045,1081,10.15885
1046,1059,9.4505625
1047,1051,6.7634764
1047,1087,13.496425
1048,1075,10.736234
1049,1056,8.479649
1049,1066,6.0491495
1049,1085,13.24557
1050,1080,11.625508
1051,1074,12.482425
1051,1087,12.59657
1052,1067,13.726061
1053,1076,8.44508
1054,1056,7.4831324
1054,1066,13.324762
1055,1062,12.891365
1055,1065,6.9084764
1055,1079,9.90374
1056,1066,6.0992465
1056,1085,11.630529
1057,1063,9.486025
1057,1069,12.043916
1058,1072,12.721414
1060,1086,12.862133
1060,1094,12.174826
1062,1065,6.660268
1062,1079,11.942712
1062,1088,8.860519
1064,1075,9.793844
1064,1083,6.8776546
1065,1079,6.848261
1065,1088,11.199764
1066,1085,7.524129
1067,1071,14.968887
1067,1081,8.4741125
1068,1090,8.365196
1069,1097,10.81614
1071,1081,9.346405
1072,1100,10.396654
1074,1087,12.43399
1074,1089,13.004366
1074,1098,9.113742
1074,1112,14.860466
1075,1083,6.4641976
1076,1093,9.043113
1076,1105,13.551304
1077,1103,12.280267
1078,1109,12.757066
1079,1088,11.1771
1079,1099,8.255461
1079,1110,12.440668
1080,1082,11.46826
1080,1102,7.725927
1081,1106,14.584599
1081,1108,11.525499
1082,1091,9.174801
1082,1102,12.5661745
1083,1113,14.327178
1083,1120,14.842353
1086,1094,11.060435
1087,1098,10.9886
1087,1119,12.794276
1088,1093,12.156391
1088,1127,12.977076
1089,1098,13.31588
1089,1112,12.340373
1089,1131,12.499761
1090,1100,14.5963
1090,1115,14.450398
1091,1123,14.345446
1092,1116,11.53079
1092,1118,10.041939
1093,1105,9.549268
1093,1114,8.095329
1095,1096,11.290543
1095,1101,10.436488
1095,1111,7.040765
1095,1122,12.138616
1095,1125,14.58427
1095,1132,12.731002
1096,1122,10.21344
1097,1109,10.972639
1097,1117,8.121871
1098,1112,6.9725366
1098,1119,10.271853
1098,1131,14.101901
1098,1136,13.122413
1099,1110,6.080574
1099,1137,14.3682165
1099,1141,14.70652
1101,1111,9.167529
1101,1125,8.2731285
1101,1132,10.64786
1105,1114,6.0388155
1105,1121,6.0759134
1106,1108,7.071358
1106,1124,12.602885
1106,1129,7.377161
1106,1130,5.8870163
1108,1124,6.388727
1108,1129,13.297188
1108,1130,6.8023443
1109,1117,10.885769
1109,1123,12.473386
1109,1138,9.710811
1110,1127,12.2203
1110,1137,10.771351
1110,1141,8.787489
1111,1122,10.142427
1111,1125,8.799417
1111,1132,5.774322
1112,1119,10.904088
1112,1131,7.44816
1112,1136,8.682752
1112,1150,14.582959
1113,1120,7.8241477
1113,1139,8.633561
1113,1148,11.694239
1114,1121,10.012479
1114,1146,11.584434
1116,1118,11.333769
1117,1134,9.921698
1118,1158,14.310353
1119,1126,6.112507
1119,1136,8.14908
1120,1139,6.4674215
1120,1147,10.611818
1120,1148,11.360606
1121,1155,11.906226
1122,1132,12.923163
1122,1145,9.000207
1122,1152,11.368993
1123,1138,9.253889
1124,1128,10.105274
1124,1130,9.222339
1125,1132,5.058286
1125,1163,14.857175
1126,1136,12.079445
1126,1164,13.390602
1127,1141,11.820879
1127,1146,14.28514
1127,1159,13.726874
1129,1130,7.833353
1131,1135,8.642218
1131,1136,11.508447
1131,1150,12.806013
1131,1170,14.844203
1132,1163,14.989666
1133,1137,8.836919
1133,1147,13.833298
1133,1151,11.122954
1133,1171,14.503766
1134,1168,13.735822
1135,1170,13.824295
1136,1150,8.204291
1136,1164,12.302672
1137,1141,8.267521
1137,1151,6.505199
1137,1159,14.701201
1139,1147,9.874339
1139,1148,4.896276
1139,1162,10.281684
1140,1143,8.342463
1140,1169,13.734499
1141,1151,10.743763
1141,1159,8.212296
1143,1161,10.633294
1143,1169,8.7584715
1144,1153,12.014518
1144,1167,12.564242
1145,1152,6.705415
1145,1154,12.201181
1145,1165,8.147091
1146,1155,11.31719
1146,1179,11.246452
1147,1148,12.088604
1147,1171,14.136239
1147,1173,9.475097
1148,1162,5.4068604
1149,1153,12.470014
1149,1166,7.4963717
1149,1175,13.980923
1149,1181,11.149016
1150,1164,11.684939
1150,1170,9.291115
1151,1159,13.41415
1151,1171,10.815677
1152,1165,8.680879
1153,1166,7.6078596
1153,1191,14.856686
1154,1165,8.990006
1154,1185,10.809895
1156,1180,9.5672
1159,1178,7.6000905
1159,1188,11.359182
1160,1161,8.643294
1161,1169,7.5884314
1162,1194,10.939287
1164,1187,10.922021
1165,1185,10.863898
1166,1181,7.771068
1166,1191,13.608465
1167,1182,9.63352
1168,1183,9.293785
1168,1186,8.806037
1170,1177,11.050099
1171,1173,10.297323
1175,1176,8.955492
1175,1181,12.750063
1176,1197,12.268923
1178,1179,12.143731
1178,1188,6.558857
1181,1191,13.307159
1181,1203,11.53306
1182,1191,10.982399
1183,1186,10.703554
1184,1189,11.364788
1184,1190,13.043152
1185,1212,13.004118
1187,1218,14.4630995
1188,1214,14.773251
1189,1192,8.411391
1189,1224,14.517666
1190,1207,12.320871
1190,1216,12.067169
1191,1203,10.072261
1191,1222,14.540391
1192,1217,12.94429
1193,1202,8.068224
1194,1213,12.335452
1195,1198,7.097938
1195,1199,8.09612
1195,1205,5.930603
1196,1233,14.825985
1197,1215,8.808274
1198,1199,13.788799
1198,1205,7.1875544
1198,1234,14.584484
1199,1205,7.6517496
1199,1212,13.02267
1200,1201,11.240096
1200,1236,14.414934
1203,1221,11.706944
1203,1222,5.99504
1204,1231,10.454777
1206,1210,6.227897
1206,1225,7.7620873
1206,1227,14.91222
1207,1216,11.124458
1207,1240,14.847554
1208,1209,9.291463
1208,1213,6.5309114
1209,1214,12.746688
1209,1242,14.906428
1210,1211,9.164819
1210,1225,6.580263
1210,1227,8.942652
1211,1225,14.351463
1211,1227,7.192656
1211,1228,13.898676
1212,1232,7.8779507
1213,1235,11.92679
1214,1230,8.878647
1214,1242,12.033901
1215,1243,11.262735
1216,1240,10.756585
1217,1220,6.868095
1217,1224,10.008758
1217,1226,12.807678
1217,1256,14.811313
1219,1230,11.942786
1220,1226,6.4512277
1220,1238,11.328527
1220,1259,14.340787
1221,1222,10.461489
1221,1247,12.694199
1222,1237,11.9923525
1223,1251,10.071485
1224,1239,13.492257
1224,1254,11.093021
1224,1256,13.672985
1225,1227,10.526669
1226,1238,5.394741
1226,1259,12.277417
1227,1228,14.458909
1227,1255,9.945814
1228,1255,13.650995
1229,1271,13.323534
1230,1242,11.100433
1231,1248,5.8824334
1231,1270,14.228295
1232,1241,12.441991
1233,1244,8.455267
1233,1268,11.80684
1234,1263,12.601442
1234,1264,9.897599
1235,1258,8.939726
1238,1259,9.826467
1238,1261,11.082633
1239,1254,9.338215
1239,1272,10.049128
1240,1246,11.486111
1240,1265,11.076097
1240,1276,12.866538
1241,1260,6.0295105
1242,1283,14.296535
1243,1267,9.095745
1244,1268,6.784438
1245,1257,9.767612
1245,1266,6.221136
1245,1270,11.68108
1245,1281,12.505326
1246,1265,8.053561
1246,1269,14.251436
1246,1280,13.021891
1247,1249,8.211938
1247,1274,12.654791
1248,1270,9.817081
1249,1274,8.528154
1250,1262,11.031673
1250,1267,14.034058
1252,1273,10.618371
1253,1278,12.111919
1254,1256,10.502421
1254,1272,13.0900755
1254,1279,10.059462
1255,1275,9.87258
1255,1289,14.706121
1256,1259,9.7075815
1256,1279,12.493564
1256,1293,13.1317005
1257,1266,11.0651045
1257,1281,13.099787
1259,1290,13.47194
1261,1287,14.907165
1263,1264,9.886774
1265,1276,11.614713
1265,1280,9.275102
1265,1297,13.714271
1266,1270,7.3627
1266,1281,6.624636
1268,1284,9.791653
1269,1280,11.015169
1270,1281,9.737858
1270,1291,10.577489
1271,1277,10.141061
1271,1278,11.213086
1272,1276,10.061891
1272,1279,14.24111
1272,1296,13.128391
1274,1288,12.670419
1274,1294,9.502741
1274,1298,12.13427
1275,1289,5.2586784
1276,1296,13.763272
1277,1286,13.822781
1278,1319,13.530972
1279,1293,9.9968605
1279,1296,14.545539
1279,1309,11.002503
1280,1297,8.281335
1281,1291,13.630412
1281,1302,14.739551
1281,1306,12.40364
1282,1292,10.915292
1282,1307,13.83742
1282,1318,11.178051
1283,1295,12.493603
1283,1301,11.212646
1287,1295,13.091455
1287,1322,13.028576
1287,1328,14.134168
1288,1294,12.596861
1288,1312,8.2433605
1288,1315,12.504722
1290,1313,11.834845
1291,1326,14.314744
1292,1302,6.866289
1292,1306,12.344066
1292,1307,5.0608096
1292,1318,13.475631
1292,1334,14.598858
1293,1309,12.35162
1293,1313,11.863847
1293,1316,8.77035
1293,1333,14.546129
1294,1298,6.6228714
1294,1312,14.426688
1294,1340,14.616575
1295,1328,12.425012
1295,1331,13.776276
1296,1309,10.651694
1296,1338,14.102411
1299,1300,10.063161
1301,1321,10.89321
1302,1306,5.524166
1302,1307,5.8058367
1302,1325,13.40546
1302,1334,13.483919
1303,1305,7.999507
1303,1324,8.956787
1305,1324,14.365224
1306,1307,10.770793
1306,1325,8.393799
1307,1318,11.939971
1307,1334,9.683112
1307,1336,11.633563
1307,1342,13.864253
1308,1321,14.474424
1309,1316,9.448326
1309,1333,11.490989
1309,1338,10.072895
1310,1326,9.422421
1310,1346,13.756115
1311,1341,10.694731
1312,1315,6.891699
1312,1335,9.179765
1313,1316,10.261464
1313,1332,14.87435
1313,1333,12.86472
1313,1352,13.573042
1314,1319,6.9106135
1314,1327,7.2632475
1315,1318,10.229618
1315,1335,8.123264
1315,1348,14.458571
1316,1333,5.7758064
1316,1338,14.350161
1316,1352,14.516423
1316,1354,14.743045
1317,1339,13.20389
1318,1334,12.032415
1318,1336,8.092716
1318,1348,14.848885
1318,1350,14.804126
1319,1320,12.827738
1319,1327,12.774761
1321,1357,13.430594
1322,1328,8.838703
1322,1332,11.252225
1322,1355,11.386074
1323,1337,14.601122
1324,1343,9.128474
1325,1342,14.06882
1325,1344,14.386063
1325,1356,9.997644
1326,1344,14.662932
1326,1346,12.307167
1326,1368,14.731155
1327,1367,13.773612
1328,1331,14.25979
1328,1355,14.404461
1328,1360,11.692187
1329,1345,9.493716
1329,1347,7.253119
1330,1353,8.150352
1331,1372,14.493385
1332,1355,12.524544
1332,1373,14.670247
1333,1338,11.573467
1333,1352,10.696089
1333,1354,9.215718
1334,1336,5.249762
1334,1342,6.887154
1334,1350,6.8844995
1334,1366,14.397141
1334,1371,11.543899
1335,1348,9.65985
1335,1364,10.261617
1336,1342,11.719765
1336,1348,12.774157
1336,1350,6.8454266
1336,1366,12.000191
1336,1371,12.533315
1337,1341,14.331771
1337,1358,8.431634
1337,1361,13.579359
1338,1354,9.315214
1339,1351,5.70938
1340,1374,14.045743
1341,1361,9.254903
1341,1376,13.812538
1342,1350,9.076468
1342,1356,14.258194
1342,1371,10.220569
1342,1384,13.942529
1343,1369,7.919184
1343,1386,13.707926
1344,1356,8.180733
1344,1368,8.497346
1344,1378,9.569621
1344,1383,13.630953
1344,1396,14.294329
1345,1347,10.647789
1346,1365,11.22835
1346,1381,9.559905
1348,1350,13.04834
1348,1364,8.320868
1348,1366,8.160133
1348,1391,14.422739
1349,1357,13.9422245
1349,1359,8.233935
1350,1366,7.8980403
1350,1371,5.68974
1350,1385,10.956825
1350,1390,14.338078
1352,1354,12.959253
1352,1375,12.814085
1352,1380,13.466215
1354,1375,7.9783506
1355,1360,10.525423
1355,1373,8.020172
1356,1378,8.638095
1356,1383,9.282538
1356,1392,14.415456
1357,1372,12.570603
1358,1361,8.9260435
1361,1376,9.935705
1362,1377,12.968857
1363,1389,9.844275
1363,1393,12.509733
1364,1366,14.210114
1364,1391,9.509195
1365,1381,9.214978
1365,1388,7.037211
1365,1395,11.901439
1365,1398,13.356802
1366,1371,8.295239
1366,1385,7.95293
1366,1390,14.371669
1368,1378,13.452156
1368,1381,14.921582
1368,1396,10.378903
1368,1399,11.612956
1369,1386,6.360195
1371,1384,10.909227
1371,1385,6.409396
1371,1390,8.649899
1373,1380,11.627598
1373,1403,12.1288395
1374,1393,12.552794
1375,1397,11.938509
1376,1410,12.689876
1378,1383,5.1480975
1378,1384,14.233564
1378,1392,9.861191
1378,1396,10.970517
1380,1397,13.067763
1380,1403,13.97311
1381,1388,7.8508673
1381,1398,8.591005
1381,1399,12.797953
1383,1384,9.100805
1383,1392,5.4326687
1383,1404,13.737872
1384,1385,12.2312
1384,1390,6.064829
1384,1392,5.775157
1384,1404,7.257519
1385,1390,6.9039373
1385,1404,13.151942
1386,1389,14.232586
1386,1405,11.182564
1386,1408,11.103779
1386,1415,12.066096
1387,1401,7.7676725
1387,1424,14.801083
1388,1395,7.622131
1388,1398,6.88449
1388,1407,9.5204935
1389,1393,6.6195064
1389,1405,10.027643
1390,1392,11.091694
1390,1404,6.714332
1391,1402,11.011401
1391,1414,9.173261
1392,1404,8.393774
1393,1405,14.522394
1393,1426,12.785753
1395,1398,11.461011
1395,1407,7.8079596
1395,1417,9.236157
1396,1399,8.9268465
1396,1419,14.352346
1397,1428,11.319762
1398,1399,12.468524
1398,1407,7.5095534
1398,1419,12.770919
1399,1419,8.258772
1399,1433,14.873148
1400,1409,9.501541
1401,1424,8.868684
1402,1414,8.975002
1402,1436,12.25624
1403,1420,10.043207
1403,1421,10.816542
1404,1429,13.803275
1405,1408,11.529916
1405,1415,6.828366
1405,1437,12.477379
1405,1449,14.241049
1406,1423,9.2188835
1407,1417,7.791495
1407,1440,13.790038
1407,1443,13.988085
1407,1453,13.248906
1407,1454,14.233744
1408,1415,5.7634335
1408,1437,10.876506
1410,1423,13.843869
1410,1439,13.744587
1410,1442,14.048301
1411,1413,11.847888
1411,1417,11.867341
1411,1438,9.498441
1411,1440,14.437861
1412,1422,13.003161
1412,1460,14.924874
1413,1427,8.344613
1414,1436,12.229663
1415,1437,7.60793
1415,1449,12.415104
1416,1444,11.406407
1416,1445,11.141239
1417,1438,11.339044
1417,1440,8.098805
1417,1453,11.043274
1417,1454,14.568184
1418,1421,7.625414
1419,1433,6.639208
1419,1434,13.041119
1419,1443,10.602482
1419,1457,12.60925
1419,1462,13.6764765
1420,1428,14.0302
1423,1439,6.872157
1424,1441,9.078851
1424,1450,14.342944
1424,1451,7.997131
1424,1461,14.459491
1426,1430,10.77448
1427,1431,8.251748
1428,1431,9.103399
1429,1448,7.461782
1429,1469,14.607544
1430,1436,11.949189
1430,1470,13.84522
1432,1480,13.807318
1433,1434,12.267883
1433,1443,6.4521604
1433,1454,12.9225025
1433,1457,8.172406
1433,1462,7.452028
1433,1463,13.446153
1433,1468,12.072175
1433,1479,13.881794
1434,1457,7.2798357
1434,1462,12.07086
1434,1463,8.015847
1434,1481,14.442107
1436,1467,9.64587
1437,1449,6.819409
1437,1465,10.410913
1438,1440,7.643594
1438,1453,13.646765
1438,1466,11.204299
1440,1453,6.0948906
1440,1454,11.014361
1440,1466,8.323905
1440,1471,13.260627
1441,1450,5.7791867
1441,1451,7.3563437
1441,1459,14.653717
1443,1453,10.99488
1443,1454,6.645619
1443,1457,13.551897
1443,1462,10.651867
1443,1468,9.877767
1443,1471,13.113048
1443,1479,14.445739
1444,1445,9.341248
1444,1472,12.273599
1445,1472,9.590002
1446,1452,13.09238
1446,1484,13.419116
1447,1475,10.366625
1447,1482,11.214089
1448,1469,7.602251
1449,1465,7.6707144
1449,1489,14.824897
1450,1451,12.803094
1450,1459,8.874751
1451,1461,8.017384
1452,1456,13.7257595
1453,1454,4.938927
1453,1466,9.204654
1453,1468,13.994739
1453,1471,8.738761
1454,1462,14.943523
1454,1466,12.688516
1454,1468,9.65251
1454,1471,7.677978
1455,1476,8.608102
1457,1462,4.8450923
1457,1463,5.27678
1457,1468,13.44173
1457,1479,11.194494
1457,1481,10.647112
1462,1463,8.469032
1462,1468,8.599486
1462,1479,7.1735396
1462,1481,11.326477
1462,1492,12.692727
1463,1479,12.150587
1463,1481,6.499537
1463,1490,13.236374
1464,1503,14.699341
1465,1489,8.226591
1466,1471,9.48498
1467,1470,13.998031
1467,1505,13.49868
1468,1471,8.892483
1468,1479,6.30192
1468,1492,8.988696
1469,1475,11.892486
1469,1488,8.762311
1470,1477,8.511657
1470,1508,12.167889
1471,1479,14.570319
1471,1492,14.571756
1473,1487,10.381584
1473,1491,6.6374903
1473,1493,10.116531
1474,1483,6.8470407
1474,1502,11.996515
1474,1504,10.030141
1475,1482,11.939506
1475,1488,7.4201655
1475,1507,14.024443
1476,1509,12.779848
1477,1508,12.010536
1478,1511,10.461389
1479,1481,10.773903
1479,1492,5.5215383
1479,1513,11.677794
1480,1500,9.027841
1481,1490,9.334168
1481,1492,13.461684
1481,1514,13.878954
1481,1515,11.396482
1482,1490,9.440159
1482,1498,6.8898115
1482,1507,10.071748
1482,1514,13.684055
1482,1517,12.728766
1483,1493,14.201592
1483,1502,6.6641364
1483,1504,10.99602
1483,1518,12.828501
1484,1501,8.652215
1484,1510,14.349515
1486,1516,10.594888
1487,1491,11.209426
1487,1525,14.836715
1488,1519,13.449156
1490,1498,6.9086
1490,1507,13.4717455
1490,1514,7.167151
1490,1515,12.453633
1490,1517,11.656899
1491,1493,5.31621
1491,1525,14.781054
1491,1528,14.194041
1492,1513,6.6892996
1492,1515,13.648747
1492,1524,12.50347
1493,1502,12.030397
1493,1528,13.003123
1494,1531,13.969551
1495,1527,11.737138
1496,1506,13.486057
1497,1512,7.192082
1498,1507,6.5684204
1498,1514,7.4071383
1498,1517,6.2948103
1498,1519,14.151653
1501,1509,12.233777
1502,1504,9.791656
1502,1518,7.1080093
1503,1521,14.139066
1504,1518,8.261737
1505,1530,14.481374
1507,1514,11.913215
1507,1517,5.732493
1507,1519,7.5910935
1508,1522,8.030616
1509,1534,11.823203
1510,1529,9.348502
1511,1526,9.666463
1513,1515,10.227652
1513,1524,5.8791137
1514,1515,9.921182
1514,1517,7.3169236
1515,1524,11.437525
1517,1519,11.284924
1518,1546,13.743435
1518,1548,14.773059
1519,1538,12.082674
1520,1526,11.721998
1520,1544,13.016939
1520,1554,13.860548
1522,1536,13.205622
1522,1540,9.101336
1522,1557,14.7714615
1525,1528,11.121516
1525,1535,10.321702
1526,1544,7.4372478
1526,1550,8.862972
1526,1560,13.130909
1527,1537,11.980322
1528,1546,14.126435
1529,1535,9.951955
1529,1556,11.136395
1531,1545,8.579956
1532,1537,5.785518
1532,1558,10.815445
1533,1559,10.320103
1534,1543,7.7397647
1534,1553,7.76745
1535,1556,10.16542
1536,1540,7.251647
1536,1542,7.188445
1536,1551,7.1682143
1536,1557,12.792159
1537,1558,9.727576
1538,1577,14.937562
1539,1566,10.849937
1540,1542,13.603814
1540,1551,10.910812
1540,1557,7.2441087
1541,1578,14.816141
1542,1551,5.2000866
1542,1564,11.190682
1543,1553,8.904918
1543,1571,10.644351
1544,1550,7.1486683
1544,1554,9.783624
1544,1560,6.5011387
1545,1547,13.730562
1546,1548,13.337932
1546,1567,12.821143
1546,1574,9.409344
1548,1565,12.960419
1548,1568,9.910472
1550,1560,7.444346
1550,1565,9.196599
1551,1557,12.377034
1551,1564,12.020721
1552,1555,14.683555
1552,1580,10.174568
1553,1571,11.22984
1554,1560,11.044245
1556,1572,12.458657
1556,1586,13.923547
1557,1578,11.901403
1558,1573,10.462323
1558,1575,6.229332
1558,1589,12.891539
1560,1565,12.911656
1561,1582,10.027233
1562,1581,8.66995
1562,1591,14.368445
1565,1568,8.597728
1565,1587,14.769785
1566,1576,8.461355
1567,1574,8.783943
1567,1585,11.344031
1567,1594,12.555512
1568,1587,8.854022
1568,1597,13.56227
1569,1573,9.931217
1569,1583,7.2740874
1569,1590,10.759017
1571,1572,13.511902
1571,1584,6.279043
1571,1595,12.963311
1571,1596,13.389268
1572,1586,12.642027
1572,1596,12.89169
1573,1575,10.97966
1573,1583,7.9913917
1573,1589,9.634821
1574,1593,13.152692
1574,1594,11.560035
1575,1580,14.610965
1575,1589,8.152095
1579,1590,11.96147
1581,1591,6.749043
1583,1589,13.103893
1583,1590,9.431447
1584,1595,7.2052755
1584,1596,9.05573
1585,1594,14.947854
1585,1602,12.544212
1585,1605,10.47918
1586,1599,6.5100956
1586,1610,11.333972
1587,1593,11.461017
1587,1597,5.586687
1587,1606,7.967078
1587,1607,10.621889
1588,1611,13.871733
1588,1618,12.869322
1591,1617,12.808282
1592,1608,14.791015
1593,1594,10.187958
1593,1597,14.819405
1593,1606,11.131116
1593,1607,7.1530066
1593,1616,11.03728
1594,1602,6.892252
1594,1624,14.703841
1595,1596,11.715747
1596,1610,13.355529
1597,1603,13.940223
1597,1606,6.053638
1597,1607,11.008257
1597,1620,13.754665
1598,1603,12.886738
1598,1609,6.937715
1599,1605,10.803173
1599,1610,10.635965
1599,1627,13.98274
1600,1613,9.443817
1600,1614,7.8091726
1602,1605,14.558716
1602,1624,11.917811
1603,1609,7.192976
1604,1611,11.201339
1604,1633,13.349686
1605,1627,12.856155
1606,1607,5.3962708
1606,1616,10.673834
1606,1620,8.380552
1607,1616,6.4853444
1607,1620,8.070634
1609,1639,14.888877
1611,1618,11.73438
1611,1632,9.728804
1611,1633,10.895963
1611,1636,14.467333
1612,1625,6.9486346
1613,1614,9.893406
1613,1640,14.860389
1614,1640,10.208122
1615,1623,10.431662
1616,1620,6.719821
1616,1624,11.303162
1616,1642,10.378331
1616,1644,12.7577095
1617,1618,14.190911
1617,1646,11.36807
1617,1650,14.47897
1618,1632,11.09205
1618,1636,8.097656
1618,1650,13.188586
1619,1637,7.1036377
1620,1642,10.938588
1620,1644,9.897175
1621,1628,7.5533924
1622,1635,8.887336
1623,1657,13.056709
1624,1642,12.294669
1624,1649,13.513783
1625,1653,13.787371
1627,1655,8.788699
1628,1630,11.124974
1628,1652,10.616542
1628,1661,9.918143
1630,1652,7.47116
1630,1661,14.712137
1631,1656,6.668058
1632,1633,9.33297
1632,1636,7.347477
1632,1651,14.258309
1632,1663,9.825089
1633,1651,7.232189
1633,1669,14.945343
1634,1658,9.493167
1634,1673,13.089745
1635,1654,7.479812
1636,1650,8.080648
1636,1663,10.009869
1638,1645,6.7169147
1638,1665,8.479815
1640,1666,9.084799
1640,1671,11.152312
1641,1648,11.329527
1641,1660,7.416948
1642,1644,5.717992
1642,1670,14.380432
1643,1664,10.61861
1644,1670,9.42555
1644,1687,13.640536
1645,1659,8.893756
1645,1665,10.200167
1646,1650,7.645867
1646,1681,14.143686
1648,1660,8.507839
1648,1664,8.644828
1650,1663,13.102088
1650,1681,10.688909
1651,1669,7.742024
1652,1661,8.443633
1653,1679,9.273174
1654,1657,9.918014
1655,1675,8.216727
1655,1685,11.755031
1657,1667,10.248395
1657,1688,11.396923
1658,1662,8.050262
1658,1673,10.004181
1658,1692,13.3905325
1659,1662,7.562973
1660,1664,14.339697
1661,1680,11.373944
1663,1681,12.514764
1663,1691,13.732419
1666,1671,10.882215
1666,1689,14.086237
1667,1688,12.419574
1668,1676,8.116699
1668,1684,7.0811954
1669,1673,8.733814
1670,1687,8.812118
1671,1689,7.5540195
1673,1692,10.96119
1673,1696,14.340736
1675,1685,7.7244067
1676,1684,8.997461
1676,1699,13.421838
1677,1682,7.3110867
1679,1693,9.003227
1682,1685,11.5252495
1684,1707,13.802112
1687,1706,13.241583
1691,1703,8.360475
1692,1696,12.848241
1694,1730,14.849693
1695,1716,8.341061
1696,1723,11.5120735
1696,1726,13.253742
1698,1705,6.1663384
1698,1719,14.202478
1699,1707,12.039185
1699,1717,9.658361
1699,1722,10.5162735
1700,1714,10.953392
1702,1720,8.356749
1702,1738,14.780485
1703,1727,8.782403
1704,1721,7.7366486
1704,1725,10.932414
1705,1719,8.121219
1706,1712,8.761024
1706,1741,13.218359
1707,1717,6.5308547
1707,1722,14.00005
1708,1712,7.3682747
1712,1745,13.302089
1714,1748,13.883357
1715,1719,10.395956
1716,1718,9.9451685
1717,1722,7.541689
1720,1734,10.22887
1720,1738,6.732674
1720,1739,9.850842
1721,1725,11.338711
1721,1765,13.579105
1723,1726,9.226609
1723,1728,9.536621
1723,1750,10.87327
1723,1751,11.1798525
1724,1730,8.88714
1724,1735,14.85749
1724,1756,10.662675
1725,1736,7.4167876
1726,1727,13.21333
1726,1750,11.33441
1726,1761,12.158207
1727,1747,10.1658
1728,1750,14.826794
1728,1751,9.189498
1729,1754,13.179668
1729,1762,10.3556795
1729,1768,14.775784
1730,1735,6.3065577
1730,1756,14.355649
1730,1759,9.639304
1731,1740,5.6147203
1731,1742,10.332234
1731,1763,10.555124
1731,1770,14.678637
1732,1752,8.98617
1732,1758,9.674742
1733,1753,12.537157
1733,1760,12.435287
1733,1781,14.898958
1734,1738,9.556677
1735,1759,5.687196
1735,1774,13.764403
1735,1787,14.7439375
1736,1764,12.179237
1736,1771,8.916694
1738,1739,6.1495605
1738,1743,12.881317
1739,1743,6.737225
1739,1767,12.519073
1740,1742,9.537568
1740,1763,5.1408787
1740,1770,10.344517
1740,1780,9.603976
1741,1745,14.221436
1742,1763,9.701255
1742,1770,8.42172
1742,1772,14.80378
1742,1780,13.804016
1742,1786,12.278319
1743,1746,12.361451
1743,1767,7.7192597
1744,1754,6.1009035
1744,1760,6.612059
1744,1762,14.198194
1744,1773,8.059403
1745,1788,11.0689125
1746,1747,10.022228
1746,1767,10.968502
1746,1783,9.168787
1747,1761,14.521076
1747,1783,14.59781
1748,1776,11.486506
1748,1778,10.508247
1749,1775,10.651861
1750,1751,7.731567
1750,1761,10.5452585
1752,1758,9.800828
1752,1768,7.3163676
1752,1785,14.256261
1753,1769,9.856495
1753,1781,8.6119795
1754,1760,11.128715
1754,1762,8.15752
1754,1773,7.4105587
1756,1759,14.814794
1758,1785,7.7463756
1759,1774,11.859692
1759,1787,11.174904
1760,1773,7.5340796
1762,1768,10.570531
1762,1773,13.359989
1763,1770,6.174689
1763,1780,4.874387
1763,1786,12.983706
1764,1771,9.03872
1764,1784,9.375146
1765,1774,12.848888
1766,1775,13.464162
1767,1783,9.073986
1769,1781,13.376334
1770,1772,14.417736
1770,1780,7.2435336
1770,1786,6.843683
1772,1786,9.235225
1774,1787,4.2980847
1776,1779,13.877746
1780,1786,12.766897
1782,1788,10.719895
17,1,8.95482
31,1,12.853757
16,2,12.417521
38,2,11.129552
6,3,8.868484
26,3,7.8144627
21,5,11.869924
24,5,5.0440435
37,5,12.4162655
43,5,11.932111
25,6,8.635706
26,6,7.780247
11,7,13.374259
13,7,10.665551
51,7,14.25492
52,7,14.551283
28,8,11.307075
40,8,10.353056
32,9,11.774594
22,12,9.2872925
33,12,7.4133787
52,13,13.997815
20,14,6.2158246
46,14,10.225572
20,18,10.842703
23,18,10.493532
50,18,10.799001
54,18,11.254812
41,19,10.870031
46,20,10.359575
54,20,12.408139
24,21,11.727733
30,21,13.200744
43,21,11.792997
48,21,10.560175
23,22,12.164536
33,22,9.513281
42,22,9.187117
61,22,13.523502
42,23,8.861792
50,23,9.366672
69,23,14.794003
37,24,8.855851
43,24,7.2466
48,24,13.91862
60,24,11.537115
26,25,11.644936
58,25,13.230675
58,26,11.563722
40,28,9.434326
44,28,11.1904
55,28,9.152276
41,29,12.846694
53,29,7.698551
73,29,14.815563
47,30,9.46719
48,30,14.218999
49,31,6.164787
59,31,10.82263
71,31,12.648406
42,33,14.3299265
45,33,13.426962
61,33,9.42349
64,35,7.8652864
75,35,12.2814245
57,36,7.884994
67,36,11.536837
43,37,10.835742
60,37,9.49027
65,37,8.839345
74,38,10.8746805
44,39,10.13564
56,39,5.915024
55,40,11.391853
53,41,13.418711
73,41,13.848985
50,42,12.104453
61,42,11.30761
69,42,10.260534
82,42,11.612081
48,43,7.949906
60,43,6.4366584
65,43,14.302943
70,43,8.75246
83,43,13.820818
86,43,14.416808
55,44,8.77897
56,44,14.849908
47,46,13.296978
54,46,13.205344
62,46,7.589734
79,46,13.421104
88,46,13.189761
62,47,10.126227
84,47,11.581482
60,48,11.995776
70,48,8.214466
83,48,9.940753
85,48,12.172876
93,48,14.882639
59,49,9.277909
71,49,6.7687254
54,50,9.4837055
69,50,9.755575
78,50,10.048786
52,51,7.182519
63,51,9.32917
80,51,9.839929
80,52,13.030831
72,53,10.049618
73,53,7.8233085
78,54,10.042432
79,54,9.425837
67,57,12.80438
94,58,12.485342
66,59,10.660664
71,59,9.359962
65,60,8.700248
70,60,7.1842594
83,60,12.827692
86,60,8.31463
93,60,11.620799
82,61,9.038421
89,61,10.3530655
92,61,9.756932
107,61,14.658799
79,62,13.661098
84,62,9.031206
88,62,8.272033
68,63,11.190367
80,63,9.513482
75,64,5.758992
70,65,14.88349
86,65,8.9367285
76,67,13.619538
91,67,12.754474
114,67,13.921352
103,68,11.433677
78,69,11.015956
82,69,8.61202
92,69,14.746517
96,69,7.76808
108,69,13.827025
83,70,5.7061915
85,70,10.375871
86,70,9.539748
93,70,7.191082
101,70,10.673628
73,72,10.31278
87,75,11.134252
91,76,5.369317
102,76,10.846066
79,78,10.286218
96,78,10.300246
100,78,8.6987295
112,78,9.490811
88,79,9.114156
100,79,8.972135
112,79,14.653329
113,79,14.141873
118,79,11.945859
106,80,8.338777
115,80,11.377099
111,81,11.487337
121,81,12.180941
89,82,12.500096
92,82,6.3615065
96,82,11.494779
107,82,12.437144
108,82,8.601673
85,83,4.8023148
86,83,12.753074
93,83,6.6448865
101,83,6.2834606
105,83,10.123913
122,83,14.574002
88,84,10.8099165
109,84,11.823674
113,84,13.395072
124,84,11.298362
93,85,10.300927
101,85,6.6672993
105,85,6.8823013
109,85,12.730841
93,86,7.4210567
101,86,13.353273
119,86,12.629726
122,86,10.392299
100,88,14.733796
113,88,7.921673
118,88,11.805245
124,88,14.270114
92,89,7.0037465
107,89,6.427458
108,89,13.171971
129,89,13.009938
95,90,9.277924
102,90,12.699572
110,90,7.999732
102,91,10.501994
114,91,14.866521
107,92,6.203395
108,92,6.9605684
129,92,14.483429
135,92,14.247749
101,93,5.977179
105,93,12.213213
122,93,8.482351
98,94,13.024032
98,95,7.103288
110,95,5.938591
127,95,10.86583
100,96,14.078097
108,96,10.9819565
112,96,9.22357
126,96,10.3013525
123,97,6.5727882
110,98,11.523557
127,98,12.021678
112,100,6.248847
118,100,8.06906
133,100,11.7703495
145,100,14.631656
105,101,6.2572913
122,101,10.312148
140,103,11.759976
109,105,9.002691
115,106,5.1631913
128,106,7.028133
108,107,8.770953
129,107,8.338071
135,107,10.73923
150,107,14.529205
126,108,11.147371
129,108,14.637989
135,108,9.851192
124,109,9.21312
127,110,7.6633754
121,111,13.597649
148,111,12.208837
118,112,12.616987
126,112,11.508572
133,112,8.26259
145,112,14.539484
118,113,8.190139
124,113,9.474222
138,113,9.950188
139,113,9.245254
136,114,12.111656
144,114,10.579508
128,115,6.3864884
137,116,7.893444
120,117,9.627239
134,117,6.8545547
151,117,12.315854
133,118,13.197485
138,118,8.416465
139,118,12.533844
145,118,10.768339
122,119,11.666322
134,120,13.72989
151,120,12.418683
146,121,9.857881
139,124,9.943208
133,126,10.84214
135,126,12.421628
155,126,14.473745
157,127,9.199514
147,128,14.1191635
135,129,9.481912
149,129,11.420284
150,129,7.9819527
155,129,14.093348
160,129,10.866656
165,129,14.975222
131,130,12.055112
143,130,14.438713
145,133,8.355438
151,134,8.7941265
154,134,11.493869
150,135,7.7726793
155,135,7.3912015
160,135,13.587055
165,135,12.036252
144,136,10.673796
153,136,10.636888
158,136,9.063186
161,136,9.176665
159,137,10.034822
166,137,12.206689
139,138,6.202922
145,138,8.3310375
145,139,14.372907
170,140,14.169181
173,143,10.320732
158,144,7.148217
161,144,12.931929
162,144,13.992188
164,144,9.540128
181,144,14.2528
148,146,11.362602
169,146,12.326165
184,146,12.550367
153,147,7.6876955
163,148,8.320735
184,148,14.735527
186,148,14.058158
150,149,13.414615
152,149,10.303916
160,149,10.138347
172,149,10.916409
175,149,11.697992
155,150,7.43802
160,150,5.8197594
165,150,6.9984627
175,150,11.818541
187,150,12.848811
194,151,14.838062
167,152,13.680876
172,152,9.567595
174,152,8.053065
158,153,13.700172
161,153,8.21358
188,153,12.191304
160,155,11.792082
165,155,6.220558
187,155,11.958266
162,156,8.484343
161,158,6.1574836
164,158,9.848977
181,158,12.1023655
198,158,13.649307
166,159,8.233551
171,159,6.4684873
185,159,8.567206
165,160,7.79133
172,160,13.858748
175,160,6.174748
187,160,11.0481205
192,160,12.521496
188,161,10.225122
198,161,12.771612
164,162,8.468398
181,162,11.70363
184,163,14.998944
186,163,9.019074
181,164,5.3644705
198,164,14.234493
199,164,11.256591
175,165,10.789087
187,165,6.363483
207,165,13.807156
171,166,11.683106
185,166,10.97367
174,167,9.0786
201,167,13.14237
212,167,12.396557
205,168,11.793738
184,169,7.973654
190,169,12.884984
206,169,13.782121
213,169,13.915899
179,170,9.143447
191,170,10.098487
218,170,12.450704
224,170,14.388838
185,171,3.6427672
214,171,13.955429
174,172,8.952037
175,172,9.654372
192,172,9.0778055
200,172,8.42929
201,172,13.387359
216,172,13.267404
200,174,12.278994
201,174,9.277751
216,174,13.860722
187,175,10.258908
192,175,6.363625
200,175,12.790606
207,175,12.415029
196,176,9.052543
203,176,9.860775
197,177,6.115182
202,177,12.899828
189,178,9.55513
222,178,13.194406
225,178,13.413399
218,179,14.789673
219,179,12.772161
224,179,13.69137
202,180,12.378519
198,181,10.319512
199,181,5.9369073
193,182,13.882908
204,183,14.203081
186,184,9.388231
206,184,9.423472
214,185,12.086398
206,186,10.820584
192,187,12.419798
207,187,7.5808077
208,187,11.117774
198,188,9.79754
217,188,11.460688
233,188,12.365678
225,189,11.401607
227,189,10.301637
213,190,8.634511
229,190,12.63234
218,191,9.477983
224,191,13.882835
200,192,7.4495544
207,192,10.327689
216,192,12.618814
231,192,9.52037
226,193,14.177792
232,193,9.276523
195,194,10.549845
211,194,5.71229
211,195,10.864707
238,195,12.848832
203,196,11.702676
208,196,8.032569
228,196,9.993829
235,196,14.129121
202,197,7.7345943
199,198,7.150591
217,198,7.0481486
233,198,12.700046
246,198,14.755427
217,199,11.243209
246,199,14.864426
201,200,9.68985
216,200,5.614593
231,200,10.233897
236,200,10.121632
212,201,14.085065
216,201,7.0474043
236,201,11.194356
239,201,9.858213
244,201,13.502381
220,203,14.534066
228,203,10.769241
205,204,10.543679
223,205,10.818768
252,205,14.554479
242,206,14.718261
243,206,12.040264
208,207,11.635194
231,207,9.715063
235,207,12.321487
245,207,12.78141
250,207,12.045421
228,208,10.844285
235,208,7.212379
256,210,14.663503
259,210,13.010706
238,211,13.634591
221,212,10.661383
234,212,7.4938135
244,212,13.555186
253,212,12.904887
229,213,11.54029
242,213,7.5074186
221,215,9.167211
230,215,10.714737
249,215,14.07223
254,215,12.197029
231,216,11.398458
236,216,5.4097505
239,216,9.535954
261,216,12.611736
262,216,13.927
233,217,6.4452057
246,217,9.136105
224,218,4.6307087
248,218,13.956175
224,219,12.86255
260,219,13.123916
255,220,11.619165
234,221,9.695939
249,221,8.19686
253,221,12.26078
278,221,14.984176
225,222,7.520784
240,222,8.693048
247,222,12.896673
257,222,10.063274
252,223,8.381407
260,224,12.878508
227,225,7.8361006
247,225,8.124311
257,225,13.387959
275,225,14.192297
232,226,11.37331
269,226,12.999778
247,227,9.289079
235,228,11.245716
263,228,8.874453
270,228,14.880699
238,229,10.528657
242,229,14.374285
282,229,13.140814
237,230,11.514738
254,230,8.106002
273,230,14.165332
236,231,10.779567
245,231,6.9327464
250,231,12.046919
262,231,10.000347
274,231,13.783525
251,232,8.0001135
269,232,13.017999
271,232,13.257999
246,233,11.040078
239,234,13.740079
244,234,9.169429
249,234,9.806547
253,234,5.4111433
266,234,9.752651
291,234,14.408001
250,235,10.105523
263,235,11.577681
270,235,10.172227
280,235,13.804373
239,236,7.9354978
244,236,13.479929
245,236,13.264461
261,236,7.8584633
262,236,9.276063
285,236,11.934763
283,237,11.675104
295,237,13.104033
277,238,9.262323
297,238,13.942448
244,239,5.6649184
253,239,14.617866
261,239,7.1727185
266,239,11.536171
284,239,11.665537
285,239,13.925524
298,239,13.911848
257,240,6.1472
292,240,13.361789
248,241,8.639949
276,241,11.2871
282,242,12.150261
290,243,11.83861
253,244,9.017545
261,244,10.026831
266,244,6.2791495
284,244,8.52467
291,244,14.245783
298,244,12.861376
250,245,7.257042
262,245,6.664283
274,245,6.8508697
280,245,11.585271
285,245,14.602152
296,245,12.04745
307,245,14.04074
256,246,14.230542
257,247,12.088899
275,247,6.3336177
292,247,13.558333
302,247,12.5577755
281,248,12.01559
294,248,9.726481
253,249,8.057361
266,249,13.560324
278,249,7.365023
291,249,12.073936
262,250,13.420496
270,250,12.026034
274,250,7.5079865
280,250,7.0238047
300,250,12.987954
307,250,13.932655
269,251,10.632177
271,251,5.265758
287,252,12.931691
303,252,14.376095
266,253,5.952562
278,253,12.89872
284,253,11.52877
291,253,8.997666
273,254,6.266542
278,254,14.148361
283,254,12.53492
304,254,14.948581
305,254,14.531518
279,255,13.404399
259,256,9.752655
275,257,12.370859
292,257,7.77032
317,257,14.131496
287,258,6.6541224
293,258,10.737281
322,258,14.702553
301,259,9.118297
281,260,11.6390705
318,260,13.322108
262,261,10.521162
266,261,13.179242
284,261,9.985248
285,261,6.782452
296,261,13.262373
298,261,8.976691
313,261,12.512856
274,262,9.123934
285,262,8.117493
296,262,7.90764
307,262,13.896642
313,262,14.4599
270,263,7.927569
300,263,14.848951
286,265,5.543653
289,265,10.46333
316,265,12.280242
319,265,14.689377
284,266,5.594963
291,266,7.986678
298,266,11.30209
328,266,14.554733
277,267,14.270174
299,267,13.752446
312,267,11.923417
320,267,9.721856
271,269,12.394209
280,270,9.497565
300,270,7.5016932
279,272,8.125374
308,272,9.601259
324,272,13.291039
278,273,11.625973
283,273,11.52035
304,273,10.826448
305,273,8.749647
340,273,14.68953
280,274,6.5172887
285,274,14.439202
296,274,8.939046
300,274,12.665392
307,274,7.38683
330,274,13.3862505
292,275,9.895582
302,275,7.1542163
317,275,10.638643
306,276,14.308196
314,276,10.633444
315,276,8.960483
336,276,13.91185
288,277,9.989906
297,277,5.6263123
312,277,10.579086
321,277,10.786563
291,278,11.207202
305,278,9.029314
324,279,10.433671
296,280,14.6048
300,280,6.632695
307,280,8.867449
294,281,8.741031
318,281,10.898303
326,281,14.751333
288,282,7.988553
297,282,13.980815
323,282,11.635393
295,283,7.604426
304,283,6.842415
310,283,12.68691
339,283,14.017712
285,284,13.317459
291,284,10.107528
298,284,5.715949
313,284,14.109162
328,284,9.7786255
333,284,14.613945
296,285,6.873983
298,285,9.100986
313,285,7.141306
328,285,14.6359825
344,285,13.913658
289,286,9.695846
316,286,6.9958777
319,286,11.99839
327,286,11.614643
293,287,13.472842
322,287,14.551614
297,288,6.076176
321,288,8.099417
323,288,14.2937
299,289,9.712372
316,289,10.346769
319,289,5.3960156
337,289,10.174844
295,290,9.712537
310,290,9.458364
329,290,12.135751
298,291,14.59386
328,291,13.931482
333,291,10.3347435
302,292,14.174178
317,292,6.465391
322,293,6.430862
341,293,11.891224
350,293,13.071491
326,294,7.792338
304,295,11.178565
310,295,6.4647856
339,295,13.407942
348,295,13.675856
307,296,8.55019
313,296,8.978071
330,296,9.824235
344,296,11.861036
312,297,10.633904
321,297,5.4502945
335,297,11.623249
313,298,8.409375
328,298,6.8831024
361,298,14.609748
319,299,9.738021
320,299,13.722852
337,299,11.967631
338,299,10.693882
307,300,11.432857
317,302,11.1768265
349,302,12.07438
311,303,6.282254
352,303,9.899057
305,304,13.923817
310,304,13.07864
339,304,8.952526
340,304,8.466293
343,304,14.964361
373,304,14.524925
340,305,12.079056
343,305,8.071239
360,305,14.84011
314,306,6.3993754
315,306,12.320023
336,306,14.583436
353,306,11.312598
330,307,6.5440593
344,307,14.212685
324,308,12.834831
334,308,6.9037776
363,308,13.900475
366,308,14.2954
323,309,11.947312
329,309,10.800278
371,309,12.991594
329,310,14.59292
339,310,10.519378
348,310,7.7028275
359,310,13.617748
352,311,10.132024
320,312,7.907227
321,312,11.042058
335,312,8.257602
342,312,8.972113
328,313,10.31196
330,313,12.85856
344,313,7.7032566
361,313,12.241342
315,314,5.9748635
336,314,8.514003
353,314,8.617941
374,314,13.944215
326,315,14.770125
336,315,4.9985995
353,315,10.831696
374,315,11.793256
319,316,9.037641
327,316,9.382231
337,316,10.415262
354,316,13.461676
356,316,8.716859
370,316,12.343423
349,317,13.584656
376,317,13.713164
337,319,4.778899
338,319,12.967151
356,319,13.9313755
370,319,12.452717
335,320,14.123365
338,320,12.080978
342,320,6.0605545
375,320,12.604578
335,321,7.9231296
377,321,12.7550335
341,322,7.466452
350,322,6.6466045
371,323,13.58719
357,324,12.265205
363,324,10.015634
368,325,11.20624
336,326,14.3279
354,327,6.6274996
356,327,10.585887
333,328,10.167273
344,328,14.665032
361,328,9.061505
378,328,12.863039
359,329,7.4678535
371,329,13.90937
344,330,8.62263
364,331,7.201389
367,331,11.471087
346,332,10.140227
355,332,6.7509875
369,332,9.25713
360,333,12.394141
361,333,14.588982
378,333,9.719143
347,334,10.270068
363,334,12.470771
366,334,7.396149
342,335,11.121253
377,335,7.2904935
391,335,14.000092
353,336,8.431525
374,336,6.809706
338,337,10.707827
356,337,11.865609
370,337,8.350527
342,338,12.433506
375,338,9.999786
340,339,8.612633
348,339,7.8472
373,339,6.6684546
381,339,12.442503
382,339,14.565751
397,339,14.570717
343,340,8.3947735
373,340,9.808274
381,340,9.042408
350,341,7.7166986
365,341,14.69458
390,341,13.137785
375,342,8.057966
384,342,12.155145
360,343,10.496026
381,343,11.458396
388,343,13.478531
398,343,14.942628
361,344,10.944649
386,344,14.245494
395,344,13.849374
369,346,5.51436
366,347,7.6356134
376,347,11.750534
359,348,10.714317
373,348,10.5468
382,348,8.711568
376,349,14.736435
394,349,10.676563
368,351,10.657981
396,351,13.918146
380,352,13.519823
393,352,11.815809
374,353,8.7936945
356,354,9.493058
369,355,12.069178
370,356,7.0808883
372,357,8.601128
400,357,14.572477
403,357,14.1250725
362,358,6.148077
365,358,8.152678
392,358,12.784622
382,359,9.553799
388,360,8.896178
378,361,9.940017
386,361,7.907048
395,361,13.405689
411,361,14.561356
365,362,14.096351
366,363,14.546809
403,363,13.665033
407,363,12.604075
367,364,12.074062
389,364,10.100475
390,365,13.436215
392,365,8.0957775
379,367,12.733642
413,367,13.775227
396,368,9.710497
385,371,6.9137354
400,372,9.344608
381,373,7.664258
382,373,12.952516
397,373,8.311871
398,373,14.731846
416,373,13.6972
408,374,12.714302
384,375,7.5423265
394,376,12.452464
401,376,8.326947
384,377,14.278934
387,377,14.952931
391,377,8.080124
386,378,12.067926
411,378,12.861266
404,379,8.091457
393,380,9.149428
405,380,9.357996
412,380,11.069251
388,381,13.974519
397,381,10.977184
398,381,7.886845
416,381,10.749171
397,382,11.794133
419,383,11.483452
434,383,13.116263
391,384,9.244174
436,384,14.026815
414,385,11.170047
415,385,9.606751
395,386,7.4636497
411,386,8.055655
418,386,9.798274
438,386,12.873971
414,387,12.57244
431,387,10.656389
398,388,8.946605
421,388,8.137951
433,388,14.167651
441,388,14.947546
392,390,10.464268
409,390,10.897759
436,391,10.332876
439,391,13.7377205
442,392,14.231093
405,393,8.025815
410,393,10.178078
412,393,13.972182
440,393,13.00631
401,394,13.358603
426,394,9.527273
411,395,12.478867
418,395,5.5917897
423,395,9.723538
438,395,13.208228
424,396,7.2816625
430,396,9.720333
398,397,13.905142
416,397,8.410026
432,397,12.427204
437,397,10.587632
416,398,8.017632
421,398,9.2363405
432,398,10.743693
433,398,9.1471815
444,400,13.208875
425,401,14.740887
422,402,6.571148
407,403,7.0325575
445,403,11.950703
413,404,12.544138
419,404,12.207337
447,404,13.167977
410,405,14.711656
412,405,6.436864
440,405,8.33244
443,405,11.100619
428,406,9.399176
429,406,5.864742
449,406,13.1682415
445,407,13.294894
451,407,11.2571535
435,408,13.108031
412,409,12.326148
456,409,13.348416
440,410,13.3497925
448,410,8.481473
418,411,10.640157
438,411,7.286618
455,411,11.633849
459,411,13.476152
440,412,11.758848
443,412,8.854169
456,412,13.262835
468,413,13.60693
415,414,14.380958
431,414,12.986906
457,414,11.391953
421,416,14.128476
432,416,4.9672794
433,416,8.614316
437,416,12.174413
458,416,11.1830225
442,417,13.835354
423,418,8.169464
438,418,8.494757
455,418,13.450694
434,419,12.002314
447,419,9.30114
422,420,11.096225
427,420,12.338794
454,420,10.452189
461,420,11.305689
432,421,13.401459
433,421,7.758497
441,421,9.053285
458,421,14.90366
465,421,11.499505
454,422,11.279447
430,424,7.10966
434,424,12.601118
446,425,7.9191732
453,426,7.5826664
460,426,13.580454
463,426,9.130985
461,427,13.036513
429,428,7.963577
449,428,5.181641
450,428,12.002831
435,429,14.419032
449,429,9.3732395
474,430,12.533205
439,431,7.250709
457,431,11.144248
464,431,10.76662
433,432,6.0066323
437,432,12.019378
458,432,6.2159324
465,432,12.821906
441,433,14.057414
458,433,7.552013
465,433,8.794729
439,436,10.046119
464,436,13.313474
458,437,14.526007
475,437,11.5497675
455,438,5.543217
459,438,11.15916
464,439,6.8722463
443,440,8.865148
448,440,13.338957
465,441,11.000595
471,441,10.553573
478,441,12.509244
483,441,11.77439
473,442,12.039883
456,443,7.732231
462,444,9.384809
476,444,7.694684
451,445,9.555395
488,445,13.058332
451,446,12.42321
467,447,7.8342886
470,448,13.348611
450,449,10.585787
481,449,13.895708
481,450,9.195632
491,451,12.745501
460,453,14.511346
463,453,6.8287964
479,453,10.560149
489,453,10.80316
461,454,7.096458
470,454,14.98141
490,454,12.555926
459,455,7.620035
464,457,13.890009
480,457,8.512216
465,458,8.934112
475,458,13.663542
478,458,14.918603
471,459,8.245275
497,459,13.202225
508,459,14.645026
463,460,7.9068527
479,460,10.532803
484,460,7.9179535
476,462,9.651764
486,462,7.873865
479,463,6.402038
484,463,9.30655
489,463,10.762643
480,464,11.246383
478,465,7.163987
483,465,12.271695
468,466,13.665172
482,466,7.2638903
485,466,10.040175
502,466,14.312471
468,467,11.984991
492,467,9.24491
485,468,8.461593
492,468,8.966833
502,468,14.649129
496,469,10.759597
504,469,14.156859
490,470,9.74582
478,471,13.313467
483,471,7.6430883
497,471,7.837253
508,471,13.440619
516,471,14.543003
473,472,7.4278636
512,472,11.588998
519,474,12.48449
501,475,13.551162
524,475,13.763733
486,476,11.2691965
488,476,12.895024
509,476,10.607602
518,476,13.020515
483,478,6.3997693
497,478,14.1397
516,478,14.205861
530,478,12.3851185
484,479,6.046005
489,479,6.524873
511,479,9.244218
526,479,12.068321
521,480,13.383535
522,480,12.237874
485,482,10.78694
502,482,11.160942
497,483,8.0194645
516,483,10.516438
530,483,14.130338
489,484,12.158486
510,484,14.452019
511,484,7.9054036
526,484,14.338004
532,484,14.612413
492,485,12.505365
502,485,6.7217054
509,486,10.48837
527,486,13.699306
517,487,14.207697
518,488,11.944072
525,488,10.853776
511,489,11.564689
526,489,9.476577
536,489,13.188023
528,490,13.208414
543,491,14.509361
500,493,7.721306
505,493,14.417859
507,493,7.647544
533,493,13.736882
512,494,12.227485
514,495,8.899755
534,495,11.68419
506,496,6.0367107
539,496,14.776157
508,497,7.625813
516,497,7.505359
501,498,11.371566
523,498,9.604144
531,498,10.158829
515,499,9.409765
529,499,8.704224
505,500,6.806236
507,500,12.425309
533,500,9.690773
523,501,8.226671
524,501,12.353506
553,502,14.709661
520,504,6.3029785
540,504,11.550194
542,504,11.472259
519,505,10.790349
533,505,11.8930435
549,505,12.830657
539,506,9.763435
533,507,12.53292
516,508,11.283771
517,508,9.131974
518,509,7.5271516
548,509,11.884068
511,510,13.703713
532,510,8.261175
538,510,7.892498
560,510,13.569397
526,511,7.981323
532,511,9.380582
536,511,13.257946
552,511,12.3569355
537,512,12.349287
550,512,11.219124
528,513,9.477492
544,513,13.85422
534,514,6.918048
561,514,13.605623
529,515,12.629381
556,515,12.201888
530,516,11.056917
547,516,8.373855
525,518,12.011139
548,518,14.564837
545,519,9.547298
549,519,12.978957
554,519,10.60359
521,520,12.724105
540,520,5.8287435
542,520,9.996286
562,520,12.136072
522,521,7.472001
540,521,12.08119
557,521,14.099608
570,521,12.910148
557,522,9.49635
570,522,14.4739895
531,523,8.362094
559,523,11.086259
566,523,13.455783
566,524,13.036441
567,524,11.228772
563,525,12.888071
532,526,14.731983
536,526,5.540712
552,526,8.326958
548,527,11.441449
572,527,11.412351
555,528,7.961378
579,528,14.23917
556,529,11.085045
582,529,13.861503
546,530,11.528556
547,530,13.303439
541,531,7.392843
559,531,7.733301
538,532,10.7506695
552,532,13.307122
560,532,7.808816
583,532,13.215974
549,533,11.854416
568,533,11.746373
544,534,8.939343
561,534,7.5980215
586,534,14.803188
552,536,7.19208
578,536,14.334845
550,537,10.077652
585,537,14.922948
543,538,14.820731
560,538,10.706651
551,539,11.514336
565,539,9.082805
569,539,14.121527
580,539,10.706123
542,540,8.494614
562,540,6.3761606
570,540,12.61195
590,540,14.259935
557,541,13.030994
559,541,10.576573
551,542,9.479792
562,542,9.829831
590,542,12.731417
592,542,12.257381
563,543,8.598159
561,544,9.584223
575,544,11.942576
549,545,12.217589
554,545,6.387593
573,545,5.591369
577,545,9.552336
584,545,8.683752
595,545,13.739634
602,545,13.142427
567,546,11.034293
588,546,14.242877
598,546,12.370298
588,547,14.014501
572,548,14.162826
593,548,9.924545
554,549,5.984132
573,549,14.77898
577,549,7.8746505
584,549,13.570274
602,549,13.913864
606,549,12.172776
585,550,8.90497
604,550,13.575032
580,551,12.315227
592,551,11.317663
560,552,14.189228
578,552,7.917969
583,552,14.183404
611,552,14.288864
558,553,14.8618355
574,553,7.6948285
589,553,8.946566
573,554,9.010443
577,554,5.275909
584,554,8.870376
602,554,11.12386
606,554,11.955747
575,555,12.709564
579,555,6.4788346
596,555,13.877599
582,556,8.760353
570,557,10.919218
568,558,14.760735
574,558,8.734787
603,558,11.891095
618,558,14.580721
566,559,14.359596
578,560,12.413452
583,560,6.035596
599,560,10.840342
613,560,13.390258
586,561,7.830973
570,562,9.438865
590,562,8.508464
600,562,9.708316
601,563,13.905913
619,563,14.298225
614,564,12.516736
569,565,5.899343
580,565,8.625927
615,565,10.402094
567,566,11.598848
597,566,11.576182
605,566,9.683192
610,566,12.596736
597,567,8.0940485
598,567,11.737342
610,567,13.205712
603,568,11.060831
580,569,13.900321
612,569,11.598112
615,569,9.822601
590,570,14.6734705
600,570,8.402552
581,571,7.6192303
581,572,11.393868
593,572,14.911527
608,572,10.501743
577,573,8.890257
584,573,4.497879
595,573,8.365444
602,573,9.53169
606,573,13.996061
620,573,13.558918
589,574,9.412736
618,574,13.099678
582,576,10.141937
621,576,10.61576
625,576,14.5135975
584,577,6.1237535
602,577,6.2383175
606,577,6.846672
583,578,9.082127
611,578,7.1049995
613,578,9.678788
587,579,13.15179
596,579,7.8397818
629,579,12.672462
592,580,14.362184
615,580,12.042544
624,580,11.882829
626,580,10.828905
608,581,8.496891
627,582,12.075169
599,583,8.513872
611,583,12.737744
613,583,7.3546615
635,583,12.829134
595,584,8.949374
602,584,5.0338125
606,584,9.74659
620,584,12.308661
604,585,5.7518096
607,585,10.535961
596,587,6.331042
629,587,13.995597
630,587,9.474048
598,588,13.080932
609,589,14.284784
623,589,11.1124935
592,590,10.161738
600,590,8.830816
631,590,7.8028865
624,592,9.668752
631,592,13.212436
594,593,10.67097
634,593,10.586827
601,594,9.908456
634,594,14.412536
644,594,14.960873
602,595,11.811155
620,595,6.1510735
641,595,14.179222
629,596,9.176455
630,596,10.186158
598,597,11.049725
605,597,10.996729
610,597,5.3509955
610,598,14.967598
633,598,9.470062
613,599,10.776228
617,599,12.535689
635,599,10.111578
640,599,13.767828
631,600,11.166465
619,601,10.136989
644,601,13.213111
606,602,5.477949
620,602,12.78517
618,603,10.683756
607,604,5.414976
636,604,12.303091
610,605,7.491371
636,607,8.926237
643,608,13.7756815
650,608,13.869476
623,609,7.881059
646,609,12.198433
613,611,8.33281
635,611,14.972224
615,612,7.4590516
632,612,7.379544
638,612,6.9892707
642,612,10.734678
635,613,7.810288
626,615,9.144791
632,615,14.098868
638,615,11.019866
642,615,9.9347315
640,617,7.4913135
645,617,13.462471
660,618,14.246333
644,619,14.741908
645,619,9.170022
657,619,14.116713
641,620,8.029796
625,621,6.9294286
649,622,9.621409
646,623,10.03768
626,624,9.6285
648,624,13.509555
628,625,9.418809
642,626,10.182549
656,627,12.4868145
630,629,10.128252
639,629,10.060869
651,629,10.224893
651,630,8.419799
648,631,11.256047
638,632,5.4305334
642,632,11.975355
658,632,10.562525
654,633,7.1214685
643,634,11.07904
640,635,14.605331
653,635,10.067772
647,636,11.786063
652,636,8.112912
642,638,6.550302
658,638,8.331406
670,638,14.348017
645,640,13.194963
653,640,9.002964
659,640,10.547105
658,642,10.180077
670,642,13.040196
650,643,10.624126
657,644,9.721307
657,645,11.992214
659,645,11.157205
663,646,9.4622
652,647,6.208481
668,647,14.805651
667,649,9.934064
684,652,14.119719
659,653,12.707314
678,653,12.992584
661,655,12.872888
662,655,6.2833915
685,655,12.441979
671,656,10.186954
674,656,12.506984
670,658,7.134389
677,658,9.024499
687,658,12.954506
678,659,11.424144
681,660,11.475688
668,661,4.4076085
685,661,11.502937
686,661,9.528614
673,662,10.877269
685,662,10.11595
691,662,9.798298
681,663,14.92295
694,663,12.92242
697,663,12.978825
699,665,12.105723
701,666,14.823719
685,668,12.833968
686,668,6.5990458
703,668,12.434643
713,668,13.71598
674,669,13.450382
688,669,6.7108526
700,669,14.517267
677,670,7.525988
687,670,6.429899
696,670,11.873203
712,671,12.811685
673,672,14.44581
679,672,8.626251
683,672,9.196127
692,672,6.106112
705,672,14.82544
679,673,5.990823
691,673,10.679892
704,673,9.3152485
719,673,14.80186
700,674,7.6232324
693,675,7.779267
702,675,7.1032367
677,676,11.674991
695,676,7.014305
696,676,12.712382
687,677,8.008317
695,677,9.033573
696,677,6.7128515
714,677,12.574766
715,678,10.808205
692,679,11.727489
704,679,8.718558
710,680,14.583541
694,681,9.766518
716,681,11.120041
723,681,13.2902975
693,682,13.658173
711,682,14.811529
717,682,9.974022
692,683,7.6053305
705,683,7.534082
686,685,10.636096
691,685,8.161205
703,686,9.139517
713,686,7.456775
695,687,13.968911
696,687,7.887665
714,687,9.027879
718,687,12.8227625
720,687,9.954596
729,687,14.16279
700,688,12.681469
707,689,12.369317
725,690,14.204789
704,691,12.344003
719,691,9.120912
704,692,14.790158
705,692,10.052813
702,693,8.599285
731,693,14.973988
733,693,13.995225
697,694,8.074875
716,694,13.781684
722,694,9.965742
723,694,8.120798
696,695,6.4977436
714,695,11.882518
727,695,10.459179
714,696,6.558773
720,696,11.628836
727,696,10.848866
729,696,11.235967
722,697,7.637781
723,697,13.370781
737,697,12.940861
741,697,14.442289
711,698,7.820261
724,698,8.85415
745,699,14.6512785
706,701,11.521697
738,701,12.941511
733,702,10.522421
713,703,7.368205
734,703,11.947847
719,704,9.433873
740,704,14.808572
726,705,13.843816
718,707,8.746642
744,707,13.501341
710,708,14.917778
739,709,12.3703
747,710,13.545222
717,711,12.519043
724,711,10.197076
742,711,14.952506
743,712,10.320121
734,713,14.278598
718,714,12.325828
720,714,5.8443646
727,714,9.694153
729,714,5.334108
749,714,14.208666
732,715,10.154421
756,715,13.095189
723,716,9.523852
730,716,9.093679
731,717,8.238477
742,717,8.814627
720,718,6.6178193
729,718,13.283099
749,718,11.457374
752,719,13.491036
727,720,14.639011
729,720,7.140189
749,720,10.5687895
732,721,13.994984
735,721,8.4663515
736,721,8.207613
723,722,9.524345
737,722,7.450591
741,722,6.8046083
761,722,14.078969
741,723,10.468216
751,724,14.25615
739,726,11.105951
748,726,8.341353
767,726,13.314878
729,727,8.432802
760,728,11.959879
772,728,13.807656
749,729,10.509619
751,730,9.427715
762,730,9.647149
769,730,14.903556
770,730,13.832943
733,731,14.010348
742,731,8.162799
778,731,13.7142935
736,732,7.644923
756,732,10.815684
757,732,7.9128504
766,734,13.9261
775,734,12.67471
736,735,12.102393
757,736,8.892568
779,736,12.857207
741,737,7.3968334
761,737,8.497006
760,738,12.309839
748,739,12.445008
755,739,13.988292
786,739,14.58794
752,740,8.878757
753,740,6.9532084
761,741,9.080155
769,741,14.12055
764,742,9.952091
778,742,13.150015
746,743,11.639751
755,743,12.466298
773,743,10.828874
750,745,14.033773
768,745,10.275021
771,745,8.433206
773,746,8.412282
759,747,9.195015
780,747,14.094514
763,748,11.230784
767,748,6.600185
785,748,8.725668
786,748,12.522892
799,748,14.559748
788,749,11.923029
771,750,14.287575
781,750,11.139006
762,751,6.505412
770,751,5.9151616
753,752,14.338122
774,752,7.6750674
763,753,9.653104
767,753,14.679393
784,753,10.504784
790,753,12.976276
756,754,10.149334
776,754,13.092939
792,754,11.138785
757,756,10.324054
779,757,8.309653
783,758,7.453578
780,759,5.769379
781,759,12.376505
772,760,9.494489
795,761,11.619291
770,762,5.791779
767,763,5.2312765
784,763,8.716232
785,763,10.107184
790,763,7.512495
796,763,11.193715
778,764,14.969842
793,764,10.113954
782,765,12.975046
800,765,14.972369
775,766,9.298697
784,767,12.745476
785,767,5.9585104
790,767,10.041776
796,767,10.911805
799,767,13.198957
771,768,7.0489826
794,768,9.119772
804,769,14.8869095
805,769,12.406317
811,770,13.546576
794,771,9.493073
807,771,12.76564
803,772,11.011273
783,775,9.130758
792,776,11.59972
798,776,14.437765
816,776,12.560836
797,777,12.071622
789,778,12.741189
802,778,12.165276
781,780,8.774401
787,782,11.542841
800,782,8.858053
812,783,13.89498
785,784,14.773102
790,784,4.081333
796,784,9.757378
815,784,13.050909
826,784,14.81675
786,785,10.970019
790,785,10.953994
796,785,8.397481
799,785,7.240535
806,785,14.821842
799,786,8.818536
806,786,7.0746036
809,787,7.9783225
822,788,11.279464
791,789,9.937408
802,789,6.0681257
796,790,5.9081087
826,790,13.057394
802,791,14.443097
812,791,10.309368
816,792,13.398789
821,793,13.916765
807,794,6.621747
820,794,10.490438
804,795,9.236471
833,795,10.401825
843,795,14.206138
799,796,10.305709
826,796,10.021857
839,796,11.225517
816,798,12.7226095
806,799,8.932848
832,799,10.060434
839,799,11.509723
818,800,8.650652
818,801,12.639449
830,801,8.556914
844,801,14.53606
841,802,11.964327
846,802,14.0013485
810,803,8.329204
824,803,11.826749
825,803,7.8744555
849,803,14.250005
805,804,8.958091
833,804,13.845579
838,804,11.696192
843,804,12.12888
838,805,9.580392
832,806,10.137573
820,807,12.101056
829,808,11.2789
835,808,10.601478
850,809,11.796972
817,810,8.186015
825,810,5.497835
849,810,13.995301
854,810,13.272431
821,811,9.419316
852,811,13.471215
834,814,7.783627
826,815,13.474082
828,815,5.3552847
840,815,9.574873
823,817,8.367919
825,817,12.092714
854,817,11.402241
844,818,8.759684
846,819,11.388082
861,819,14.452185
823,820,11.959161
848,821,11.264798
829,822,12.478895
834,822,9.843794
851,822,8.708191
854,823,14.203257
825,824,14.431897
849,824,13.269727
849,825,8.602606
854,825,11.968243
839,826,8.33004
840,826,8.26682
858,826,10.660476
840,828,10.326681
868,828,14.750467
851,829,14.4734125
844,830,12.129341
862,830,9.26501
857,831,10.105451
839,832,8.839289
858,832,13.356079
843,833,7.6536517
851,834,10.594625
847,837,10.085011
843,838,11.642243
867,838,11.740164
858,839,7.808682
858,840,14.409712
846,841,11.7902355
859,841,12.39579
863,841,14.646279
866,841,10.865935
869,842,14.240904
862,844,10.386694
881,844,14.767425
856,845,14.910669
861,846,12.20253
863,846,7.163338
866,846,14.731183
880,846,13.786112
873,847,14.369922
861,848,14.80327
854,849,12.732433
870,849,11.92608
875,849,10.970321
860,850,8.417464
871,850,8.877331
874,850,13.948869
877,851,11.407081
865,852,8.68988
872,852,8.695254
857,853,11.180625
864,853,10.231651
882,853,12.561216
875,854,14.895076
883,854,12.717687
885,858,13.039951
864,859,10.666821
866,859,11.327884
884,859,11.74039
871,860,9.607642
874,860,7.0796423
878,860,12.0415945
890,860,12.617266
863,861,10.314821
880,861,12.62524
894,861,13.061336
866,863,11.698406
880,863,6.622866
893,863,14.743371
894,863,14.696795
882,864,10.177717
884,864,7.744372
896,864,12.251435
872,865,8.783052
880,866,12.366696
893,866,10.23288
895,866,13.297076
872,867,12.06653
875,870,10.383378
874,871,9.743592
890,871,9.528497
891,873,6.6182446
900,873,10.460227
878,874,7.4579716
881,874,13.592644
890,874,6.5290747
883,875,8.702128
915,875,14.360914
885,876,14.614984
888,876,13.7733135
906,876,11.171461
879,877,10.721363
881,878,6.134673
890,878,11.622705
893,880,10.160817
894,880,9.911565
912,880,12.172687
884,882,12.936508
899,882,9.879729
910,882,10.52218
915,883,14.114203
895,884,9.328733
896,884,4.6734047
910,884,14.70043
920,884,12.032566
913,885,13.529519
898,886,12.898402
904,886,7.7334394
911,887,9.648023
906,888,12.689957
917,889,12.230829
922,889,12.4072
921,890,9.161455
931,890,13.54242
900,891,8.7784
919,891,10.509956
905,892,6.984729
895,893,10.190593
912,893,12.453918
932,893,14.389555
912,894,9.079486
923,894,10.801996
896,895,6.677678
920,895,11.95494
932,895,12.25942
910,896,13.376779
920,896,8.0007515
918,897,12.894215
927,897,14.383925
934,897,11.23798
904,898,14.426851
926,898,11.084774
910,899,9.617663
914,899,11.455957
930,899,8.927012
909,900,12.293003
919,900,9.756524
946,900,13.883405
925,901,9.634586
936,901,9.98011
917,902,14.079494
948,904,14.148169
927,905,13.820574
935,905,9.402954
929,907,8.449876
937,907,8.837878
916,908,13.221103
920,910,9.565249
930,910,9.185108
926,911,11.5779085
923,912,12.939813
959,912,14.3502245
928,913,11.271425
938,913,8.117205
930,914,12.734083
943,915,8.325709
922,917,12.040963
941,917,8.377526
942,917,7.1518354
952,917,13.848474
953,918,11.701347
946,919,10.434141
954,919,12.492697
932,920,13.806621
931,921,6.572361
961,921,14.892096
933,922,11.103461
939,922,6.257344
941,922,7.6241326
942,922,14.864419
952,922,10.20102
933,924,6.7565103
939,924,12.895767
947,924,10.222239
963,924,14.545917
929,925,10.724273
936,925,6.264441
949,925,7.672053
934,927,8.307402
935,927,10.385004
958,927,9.75854
940,928,11.729014
937,929,9.39432
949,929,9.631903
955,931,10.703451
961,931,11.948708
956,932,11.131381
939,933,6.235726
947,933,14.222195
963,933,9.880154
958,934,12.1407175
970,934,13.001432
951,935,10.957891
958,935,11.224736
965,935,9.852171
949,936,10.200145
941,939,10.743386
952,939,9.7725115
963,939,10.04508
973,939,14.659485
942,941,7.7673993
952,941,5.620983
973,941,13.224356
952,942,11.0649805
977,942,13.659389
960,944,6.150247
961,944,12.992116
947,945,7.6556373
954,946,13.3364935
962,946,7.467443
966,946,12.5722
974,946,10.770646
985,950,13.305094
965,951,10.784247
980,951,13.211286
963,952,13.857179
973,952,7.7463837
977,952,14.105476
955,953,9.882525
969,953,10.5531645
975,953,9.497375
966,954,4.9726524
974,954,12.283491
982,954,10.486417
991,954,13.305462
961,955,12.446054
975,955,9.767828
978,955,9.2249565
959,956,11.042331
997,956,14.866544
965,958,9.6818075
970,958,12.9734
979,958,9.046198
983,959,9.324176
961,960,10.61533
994,960,14.502804
978,961,10.60108
966,962,14.099481
974,962,7.895342
981,962,12.77089
982,962,14.277208
987,962,9.899548
973,963,12.920534
992,963,13.810315
993,963,10.846299
977,964,13.419961
998,964,14.596614
979,965,9.217995
980,965,7.326438
1003,965,13.77182
974,966,7.8400106
982,966,5.6722536
991,966,9.793952
1000,968,12.482373
970,969,9.24533
975,969,11.245604
996,969,9.909119
979,970,14.682637
1001,970,11.248022
972,971,12.731835
988,971,10.944636
1012,971,14.195825
1012,972,12.954509
1013,972,12.546881
977,973,11.892875
982,974,6.409486
987,974,8.481282
991,974,12.3908
1008,974,14.8788595
1020,974,14.603123
978,975,10.159011
996,975,8.313444
999,976,6.1711516
1010,976,12.092944
1016,976,10.931211
998,977,6.3161926
980,979,10.417861
1001,979,11.467603
1003,979,8.432778
1003,980,9.469008
1018,980,11.269416
987,981,11.7924
1011,981,13.335549
1017,981,12.381615
987,982,12.460836
991,982,6.0698924
1008,982,10.195402
1020,982,13.247055
1021,982,13.586527
1009,983,14.896691
1014,983,9.505206
986,984,8.245507
1005,984,7.327137
1019,984,10.7456255
1037,985,14.889032
1005,986,11.756297
1019,986,11.133286
1011,987,7.066808
1020,987,10.896851
1002,988,7.790728
1024,988,14.911326
1026,988,14.070501
1029,989,14.311963
1007,990,10.417195
1008,991,6.8407636
1020,991,13.318783
1021,991,8.695156
993,992,6.045797
1006,992,10.997904
1015,992,7.006408
1015,993,6.1371264
1025,995,13.539023
1023,996,9.230274
1009,997,5.151982
1043,998,14.952486
1010,999,6.467012
1016,999,6.874731
1033,1000,12.049239
1003,1001,13.444268
1022,1001,10.638783
1026,1002,6.950989
1028,1002,14.065974
1042,1002,14.102988
1048,1002,13.349311
1018,1003,9.547709
1038,1003,10.260285
1041,1003,13.967922
1034,1004,9.847656
1045,1004,14.723411
1019,1005,5.427859
1015,1006,14.428721
1057,1007,14.329622
1020,1008,7.957627
1021,1008,4.2796254
1047,1008,11.21795
1051,1008,11.118529
1014,1009,11.806753
1027,1009,10.405666
1053,1009,14.616276
1054,1009,14.514725
1016,1010,10.228304
1049,1010,13.282832
1020,1011,8.980918
1046,1011,14.141174
1013,1012,9.019064
1024,1012,8.195755
1055,1012,12.73406
1055,1013,14.294869
1027,1014,6.89901
1053,1014,11.663728
1035,1015,13.976534
1049,1016,11.450715
1056,1016,13.585675
1018,1017,12.352261
1046,1017,11.349992
1059,1017,13.82645
1038,1018,12.176656
1041,1018,7.278054
1039,1019,12.017922
1060,1019,14.112952
1021,1020,11.2597885
1047,1020,14.70062
1051,1020,10.382631
1047,1021,7.967408
1051,1021,10.315688
1042,1024,9.069146
1055,1024,11.532734
1028,1026,9.015106
1042,1026,12.164731
1048,1026,7.260605
1053,1027,5.3740296
1076,1027,13.7240505
1048,1028,12.257146
1064,1028,10.902958
1075,1028,14.735265
1039,1029,8.613544
1058,1029,11.275958
1037,1030,6.9306593
1035,1031,8.484307
1043,1031,12.9991255
1043,1032,12.620606
1061,1032,9.999884
1045,1033,11.780385
1052,1033,12.900853
1067,1033,10.528036
1045,1034,9.690696
1071,1034,11.698969
1040,1036,8.709842
1050,1036,7.5213675
1077,1037,14.9842005
1041,1038,10.201545
1060,1039,9.073136
1059,1041,11.28571
1048,1042,9.207422
1061,1043,10.663448
1068,1044,7.3625298
1067,1045,10.662585
1071,1045,7.5101
1081,1045,10.15885
1059,1046,9.4505625
1051,1047,6.7634764
1087,1047,13.496425
1075,1048,10.736234
1056,1049,8.479649
1066,1049,6.0491495
1085,1049,13.24557
1080,1050,11.625508
1074,1051,12.482425
1087,1051,12.59657
1067,1052,13.726061
1076,1053,8.44508
1056,1054,7.4831324
1066,1054,13.324762
1062,1055,12.891365
1065,1055,6.9084764
1079,1055,9.90374
1066,1056,6.0992465
1085,1056,11.630529
1063,1057,9.486025
1069,1057,12.043916
1072,1058,12.721414
1086,1060,12.862133
1094,1060,12.174826
1065,1062,6.660268
1079,1062,11.942712
1088,1062,8.860519
1075,1064,9.793844
1083,1064,6.8776546
1079,1065,6.848261
1088,1065,11.199764
1085,1066,7.524129
1071,1067,14.968887
1081,1067,8.4741125
1090,1068,8.365196
1097,1069,10.81614
1081,1071,9.346405
1100,1072,10.396654
1087,1074,12.43399
1089,1074,13.004366
1098,1074,9.113742
1112,1074,14.860466
1083,1075,6.4641976
1093,1076,9.043113
1105,1076,13.551304
1103,1077,12.280267
1109,1078,12.757066
1088,1079,11.1771
1099,1079,8.255461
1110,1079,12.440668
1082,1080,11.46826
1102,1080,7.725927
1106,1081,14.584599
1108,1081,11.525499
1091,1082,9.174801
1102,1082,12.5661745
1113,1083,14.327178
1120,1083,14.842353
1094,1086,11.060435
1098,1087,10.9886
1119,1087,12.794276
1093,1088,12.156391
1127,1088,12.977076
1098,1089,13.31588
1112,1089,12.340373
1131,1089,12.499761
1100,1090,14.5963
1115,1090,14.450398
1123,1091,14.345446
1116,1092,11.53079
1118,1092,10.041939
1105,1093,9.549268
1114,1093,8.095329
1096,1095,11.290543
1101,1095,10.436488
1111,1095,7.040765
1122,1095,12.138616
1125,1095,14.58427
1132,1095,12.731002
1122,1096,10.21344
1109,1097,10.972639
1117,1097,8.121871
1112,1098,6.9725366
1119,1098,10.271853
1131,1098,14.101901
1136,1098,13.122413
1110,1099,6.080574
1137,1099,14.3682165
1141,1099,14.70652
1111,1101,9.167529
1125,1101,8.2731285
1132,1101,10.64786
1114,1105,6.0388155
1121,1105,6.0759134
1108,1106,7.071358
1124,1106,12.602885
1129,1106,7.377161
1130,1106,5.8870163
1124,1108,6.388727
1129,1108,13.297188
1130,1108,6.8023443
1117,1109,10.885769
1123,1109,12.473386
1138,1109,9.710811
1127,1110,12.2203
1137,1110,10.771351
1141,1110,8.787489
1122,1111,10.142427
1125,1111,8.799417
1132,1111,5.774322
1119,1112,10.904088
1131,1112,7.44816
1136,1112,8.682752
1150,1112,14.582959
1120,1113,7.8241477
1139,1113,8.633561
1148,1113,11.694239
1121,1114,10.012479
1146,1114,11.584434
1118,1116,11.333769
1134,1117,9.921698
1158,1118,14.310353
1126,1119,6.112507
1136,1119,8.14908
1139,1120,6.4674215
1147,1120,10.611818
1148,1120,11.360606
1155,1121,11.906226
1132,1122,12.923163
1145,1122,9.000207
1152,1122,11.368993
1138,1123,9.253889
1128,1124,10.105274
1130,1124,9.222339
1132,1125,5.058286
1163,1125,14.857175
1136,1126,12.079445
1164,1126,13.390602
1141,1127,11.820879
1146,1127,14.28514
1159,1127,13.726874
1130,1129,7.833353
1135,1131,8.642218
1136,1131,11.508447
1150,1131,12.806013
1170,1131,14.844203
1163,1132,14.989666
1137,1133,8.836919
1147,1133,13.833298
1151,1133,11.122954
1171,1133,14.503766
1168,1134,13.735822
1170,1135,13.824295
1150,1136,8.204291
1164,1136,12.302672
1141,1137,8.267521
1151,1137,6.505199
1159,1137,14.701201
1147,1139,9.874339
1148,1139,4.896276
1162,1139,10.281684
1143,1140,8.342463
1169,1140,13.734499
1151,1141,10.743763
1159,1141,8.212296
1161,1143,10.633294
1169,1143,8.7584715
1153,1144,12.014518
1167,1144,12.564242
1152,1145,6.705415
1154,1145,12.201181
1165,1145,8.147091
1155,1146,11.31719
1179,1146,11.246452
1148,1147,12.088604
1171,1147,14.136239
1173,1147,9.475097
1162,1148,5.4068604
1153,1149,12.470014
1166,1149,7.4963717
1175,1149,13.980923
1181,1149,11.149016
1164,1150,11.684939
1170,1150,9.291115
1159,1151,13.41415
1171,1151,10.815677
1165,1152,8.680879
1166,1153,7.6078596
1191,1153,14.856686
1165,1154,8.990006
1185,1154,10.809895
1180,1156,9.5672
1178,1159,7.6000905
1188,1159,11.359182
1161,1160,8.643294
1169,1161,7.5884314
1194,1162,10.939287
1187,1164,10.922021
1185,1165,10.863898
1181,1166,7.771068
1191,1166,13.608465
1182,1167,9.63352
1183,1168,9.293785
1186,1168,8.806037
1177,1170,11.050099
1173,1171,10.297323
1176,1175,8.955492
1181,1175,12.750063
1197,1176,12.268923
1179,1178,12.143731
1188,1178,6.558857
1191,1181,13.307159
1203,1181,11.53306
1191,1182,10.982399
1186,1183,10.703554
1189,1184,11.364788
1190,1184,13.043152
1212,1185,13.004118
1218,1187,14.4630995
1214,1188,14.773251
1192,1189,8.411391
1224,1189,14.517666
1207,1190,12.320871
1216,1190,12.067169
1203,1191,10.072261
1222,1191,14.540391
1217,1192,12.94429
1202,1193,8.068224
1213,1194,12.335452
1198,1195,7.097938
1199,1195,8.09612
1205,1195,5.930603
1233,1196,14.825985
1215,1197,8.808274
1199,1198,13.788799
1205,1198,7.1875544
1234,1198,14.584484
1205,1199,7.6517496
1212,1199,13.02267
1201,1200,11.240096
1236,1200,14.414934
1221,1203,11.706944
1222,1203,5.99504
1231,1204,10.454777
1210,1206,6.227897
1225,1206,7.7620873
1227,1206,14.91222
1216,1207,11.124458
1240,1207,14.847554
1209,1208,9.291463
1213,1208,6.5309114
1214,1209,12.746688
1242,1209,14.906428
1211,1210,9.164819
1225,1210,6.580263
1227,1210,8.942652
1225,1211,14.351463
1227,1211,7.192656
1228,1211,13.898676
1232,1212,7.8779507
1235,1213,11.92679
1230,1214,8.878647
1242,1214,12.033901
1243,1215,11.262735
1240,1216,10.756585
1220,1217,6.868095
1224,1217,10.008758
1226,1217,12.807678
1256,1217,14.811313
1230,1219,11.942786
1226,1220,6.4512277
1238,1220,11.328527
1259,1220,14.340787
1222,1221,10.461489
1247,1221,12.694199
1237,1222,11.9923525
1251,1223,10.071485
1239,1224,13.492257
1254,1224,11.093021
1256,1224,13.672985
1227,1225,10.526669
1238,1226,5.394741
1259,1226,12.277417
1228,1227,14.458909
1255,1227,9.945814
1255,1228,13.650995
1271,1229,13.323534
1242,1230,11.100433
1248,1231,5.8824334
1270,1231,14.228295
1241,1232,12.441991
1244,1233,8.455267
1268,1233,11.80684
1263,1234,12.601442
1264,1234,9.897599
1258,1235,8.939726
1259,1238,9.826467
1261,1238,11.082633
1254,1239,9.338215
1272,1239,10.049128
1246,1240,11.486111
1265,1240,11.076097
1276,1240,12.866538
1260,1241,6.0295105
1283,1242,14.296535
1267,1243,9.095745
1268,1244,6.784438
1257,1245,9.767612
1266,1245,6.221136
1270,1245,11.68108
1281,1245,12.505326
1265,1246,8.053561
1269,1246,14.251436
1280,1246,13.021891
1249,1247,8.211938
1274,1247,12.654791
1270,1248,9.817081
1274,1249,8.528154
1262,1250,11.031673
1267,1250,14.034058
1273,1252,10.618371
1278,1253,12.111919
1256,1254,10.502421
1272,1254,13.0900755
1279,1254,10.059462
1275,1255,9.87258
1289,1255,14.706121
1259,1256,9.7075815
1279,1256,12.493564
1293,1256,13.1317005
1266,1257,11.0651045
1281,1257,13.099787
1290,1259,13.47194
1287,1261,14.907165
1264,1263,9.886774
1276,1265,11.614713
1280,1265,9.275102
1297,1265,13.714271
1270,1266,7.3627
1281,1266,6.624636
1284,1268,9.791653
1280,1269,11.015169
1281,1270,9.737858
1291,1270,10.577489
1277,1271,10.141061
1278,1271,11.213086
1276,1272,10.061891
1279,1272,14.24111
1296,1272,13.128391
1288,1274,12.670419
1294,1274,9.502741
1298,1274,12.13427
1289,1275,5.2586784
1296,1276,13.763272
1286,1277,13.822781
1319,1278,13.530972
1293,1279,9.9968605
1296,1279,14.545539
1309,1279,11.002503
1297,1280,8.281335
1291,1281,13.630412
1302,1281,14.739551
1306,1281,12.40364
1292,1282,10.915292
1307,1282,13.83742
1318,1282,11.178051
1295,1283,12.493603
1301,1283,11.212646
1295,1287,13.091455
1322,1287,13.028576
1328,1287,14.134168
1294,1288,12.596861
1312,1288,8.2433605
1315,1288,12.504722
1313,1290,11.834845
1326,1291,14.314744
1302,1292,6.866289
1306,1292,12.344066
1307,1292,5.0608096
1318,1292,13.475631
1334,1292,14.598858
1309,1293,12.35162
1313,1293,11.863847
1316,1293,8.77035
1333,1293,14.546129
1298,1294,6.6228714
1312,1294,14.426688
1340,1294,14.616575
1328,1295,12.425012
1331,1295,13.776276
1309,1296,10.651694
1338,1296,14.102411
1300,1299,10.063161
1321,1301,10.89321
1306,1302,5.524166
1307,1302,5.8058367
1325,1302,13.40546
1334,1302,13.483919
1305,1303,7.999507
1324,1303,8.956787
1324,1305,14.365224
1307,1306,10.770793
1325,1306,8.393799
1318,1307,11.939971
1334,1307,9.683112
1336,1307,11.633563
1342,1307,13.864253
1321,1308,14.474424
1316,1309,9.448326
1333,1309,11.490989
1338,1309,10.072895
1326,1310,9.422421
1346,1310,13.756115
1341,1311,10.694731
1315,1312,6.891699
1335,1312,9.179765
1316,1313,10.261464
1332,1313,14.87435
1333,1313,12.86472
1352,1313,13.573042
1319,1314,6.9106135
1327,1314,7.2632475
1318,1315,10.229618
1335,1315,8.123264
1348,1315,14.458571
1333,1316,5.7758064
1338,1316,14.350161
1352,1316,14.516423
1354,1316,14.743045
1339,1317,13.20389
1334,1318,12.032415
1336,1318,8.092716
1348,1318,14.848885
1350,1318,14.804126
1320,1319,12.827738
1327,1319,12.774761
1357,1321,13.430594
1328,1322,8.838703
1332,1322,11.252225
1355,1322,11.386074
1337,1323,14.601122
1343,1324,9.128474
1342,1325,14.06882
1344,1325,14.386063
1356,1325,9.997644
1344,1326,14.662932
1346,1326,12.307167
1368,1326,14.731155
1367,1327,13.773612
1331,1328,14.25979
1355,1328,14.404461
1360,1328,11.692187
1345,1329,9.493716
1347,1329,7.253119
1353,1330,8.150352
1372,1331,14.493385
1355,1332,12.524544
1373,1332,14.670247
1338,1333,11.573467
1352,1333,10.696089
1354,1333,9.215718
1336,1334,5.249762
1342,1334,6.887154
1350,1334,6.8844995
1366,1334,14.397141
1371,1334,11.543899
1348,1335,9.65985
1364,1335,10.261617
1342,1336,11.719765
1348,1336,12.774157
1350,1336,6.8454266
1366,1336,12.000191
1371,1336,12.533315
1341,1337,14.331771
1358,1337,8.431634
1361,1337,13.579359
1354,1338,9.315214
1351,1339,5.70938
1374,1340,14.045743
1361,1341,9.254903
1376,1341,13.812538
1350,1342,9.076468
1356,1342,14.258194
1371,1342,10.220569
1384,1342,13.942529
1369,1343,7.919184
1386,1343,13.707926
1356,1344,8.180733
1368,1344,8.497346
1378,1344,9.569621
1383,1344,13.630953
1396,1344,14.294329
1347,1345,10.647789
1365,1346,11.22835
1381,1346,9.559905
1350,1348,13.04834
1364,1348,8.320868
1366,1348,8.160133
1391,1348,14.422739
1357,1349,13.9422245
1359,1349,8.233935
1366,1350,7.8980403
1371,1350,5.68974
1385,1350,10.956825
1390,1350,14.338078
1354,1352,12.959253
1375,1352,12.814085
1380,1352,13.466215
1375,1354,7.9783506
1360,1355,10.525423
1373,1355,8.020172
1378,1356,8.638095
1383,1356,9.282538
1392,1356,14.415456
1372,1357,12.570603
1361,1358,8.9260435
1376,1361,9.935705
1377,1362,12.968857
1389,1363,9.844275
1393,1363,12.509733
1366,1364,14.210114
1391,1364,9.509195
1381,1365,9.214978
1388,1365,7.037211
1395,1365,11.901439
1398,1365,13.356802
1371,1366,8.295239
1385,1366,7.95293
1390,1366,14.371669
1378,1368,13.452156
1381,1368,14.921582
1396,1368,10.378903
1399,1368,11.612956
1386,1369,6.360195
1384,1371,10.909227
1385,1371,6.409396
1390,1371,8.649899
1380,1373,11.627598
1403,1373,12.1288395
1393,1374,12.552794
1397,1375,11.938509
1410,1376,12.689876
1383,1378,5.1480975
1384,1378,14.233564
1392,1378,9.861191
1396,1378,10.970517
1397,1380,13.067763
1403,1380,13.97311
1388,1381,7.8508673
1398,1381,8.591005
1399,1381,12.797953
1384,1383,9.100805
1392,1383,5.4326687
1404,1383,13.737872
1385,1384,12.2312
1390,1384,6.064829
1392,1384,5.775157
1404,1384,7.257519
1390,1385,6.9039373
1404,1385,13.151942
1389,1386,14.232586
1405,1386,11.182564
1408,1386,11.103779
1415,1386,12.066096
1401,1387,7.7676725
1424,1387,14.801083
1395,1388,7.622131
1398,1388,6.88449
1407,1388,9.5204935
1393,1389,6.6195064
1405,1389,10.027643
1392,1390,11.091694
1404,1390,6.714332
1402,1391,11.011401
1414,1391,9.173261
1404,1392,8.393774
1405,1393,14.522394
1426,1393,12.785753
1398,1395,11.461011
1407,1395,7.8079596
1417,1395,9.236157
1399,1396,8.9268465
1419,1396,14.352346
1428,1397,11.319762
1399,1398,12.468524
1407,1398,7.5095534
1419,1398,12.770919
1419,1399,8.258772
1433,1399,14.873148
1409,1400,9.501541
1424,1401,8.868684
1414,1402,8.975002
1436,1402,12.25624
1420,1403,10.043207
1421,1403,10.816542
1429,1404,13.803275
1408,1405,11.529916
1415,1405,6.828366
1437,1405,12.477379
1449,1405,14.241049
1423,1406,9.2188835
1417,1407,7.791495
1440,1407,13.790038
1443,1407,13.988085
1453,1407,13.248906
1454,1407,14.233744
1415,1408,5.7634335
1437,1408,10.876506
1423,1410,13.843869
1439,1410,13.744587
1442,1410,14.048301
1413,1411,11.847888
1417,1411,11.867341
1438,1411,9.498441
1440,1411,14.437861
1422,1412,13.003161
1460,1412,14.924874
1427,1413,8.344613
1436,1414,12.229663
1437,1415,7.60793
1449,1415,12.415104
1444,1416,11.406407
1445,1416,11.141239
1438,1417,11.339044
1440,1417,8.098805
1453,1417,11.043274
1454,1417,14.568184
1421,1418,7.625414
1433,1419,6.639208
1434,1419,13.041119
1443,1419,10.602482
1457,1419,12.60925
1462,1419,13.6764765
1428,1420,14.0302
1439,1423,6.872157
1441,1424,9.078851
1450,1424,14.342944
1451,1424,7.997131
1461,1424,14.459491
1430,1426,10.77448
1431,1427,8.251748
1431,1428,9.103399
1448,1429,7.461782
1469,1429,14.607544
1436,1430,11.949189
1470,1430,13.84522
1480,1432,13.807318
1434,1433,12.267883
1443,1433,6.4521604
1454,1433,12.9225025
1457,1433,8.172406
1462,1433,7.452028
1463,1433,13.446153
1468,1433,12.072175
1479,1433,13.881794
1457,1434,7.2798357
1462,1434,12.07086
1463,1434,8.015847
1481,1434,14.442107
1467,1436,9.64587
1449,1437,6.819409
1465,1437,10.410913
1440,1438,7.643594
1453,1438,13.646765
1466,1438,11.204299
1453,1440,6.0948906
1454,1440,11.014361
1466,1440,8.323905
1471,1440,13.260627
1450,1441,5.7791867
1451,1441,7.3563437
1459,1441,14.653717
1453,1443,10.99488
1454,1443,6.645619
1457,1443,13.551897
1462,1443,10.651867
1468,1443,9.877767
1471,1443,13.113048
1479,1443,14.445739
1445,1444,9.341248
1472,1444,12.273599
1472,1445,9.590002
1452,1446,13.09238
1484,1446,13.419116
1475,1447,10.366625
1482,1447,11.214089
1469,1448,7.602251
1465,1449,7.6707144
1489,1449,14.824897
1451,1450,12.803094
1459,1450,8.874751
1461,1451,8.017384
1456,1452,13.7257595
1454,1453,4.938927
1466,1453,9.204654
1468,1453,13.994739
1471,1453,8.738761
1462,1454,14.943523
1466,1454,12.688516
1468,1454,9.65251
1471,1454,7.677978
1476,1455,8.608102
1462,1457,4.8450923
1463,1457,5.27678
1468,1457,13.44173
1479,1457,11.194494
1481,1457,10.647112
1463,1462,8.469032
1468,1462,8.599486
1479,1462,7.1735396
1481,1462,11.326477
1492,1462,12.692727
1479,1463,12.150587
1481,1463,6.499537
1490,1463,13.236374
1503,1464,14.699341
1489,1465,8.226591
1471,1466,9.48498
1470,1467,13.998031
1505,1467,13.49868
1471,1468,8.892483
1479,1468,6.30192
1492,1468,8.988696
1475,1469,11.892486
1488,1469,8.762311
1477,1470,8.511657
1508,1470,12.167889
1479,1471,14.570319
1492,1471,14.571756
1487,1473,10.381584
1491,1473,6.6374903
1493,1473,10.116531
1483,1474,6.8470407
1502,1474,11.996515
1504,1474,10.030141
1482,1475,11.939506
1488,1475,7.4201655
1507,1475,14.024443
1509,1476,12.779848
1508,1477,12.010536
1511,1478,10.461389
1481,1479,10.773903
1492,1479,5.5215383
1513,1479,11.677794
1500,1480,9.027841
1490,1481,9.334168
1492,1481,13.461684
1514,1481,13.878954
1515,1481,11.396482
1490,1482,9.440159
1498,1482,6.8898115
1507,1482,10.071748
1514,1482,13.684055
1517,1482,12.728766
1493,1483,14.201592
1502,1483,6.6641364
1504,1483,10.99602
1518,1483,12.828501
1501,1484,8.652215
1510,1484,14.349515
1516,1486,10.594888
1491,1487,11.209426
1525,1487,14.836715
1519,1488,13.449156
1498,1490,6.9086
1507,1490,13.4717455
1514,1490,7.167151
1515,1490,12.453633
1517,1490,11.656899
1493,1491,5.31621
1525,1491,14.781054
1528,1491,14.194041
1513,1492,6.6892996
1515,1492,13.648747
1524,1492,12.50347
1502,1493,12.030397
1528,1493,13.003123
1531,1494,13.969551
1527,1495,11.737138
1506,1496,13.486057
1512,1497,7.192082
1507,1498,6.5684204
1514,1498,7.4071383
1517,1498,6.2948103
1519,1498,14.151653
1509,1501,12.233777
1504,1502,9.791656
1518,1502,7.1080093
1521,1503,14.139066
1518,1504,8.261737
1530,1505,14.481374
1514,1507,11.913215
1517,1507,5.732493
1519,1507,7.5910935
1522,1508,8.030616
1534,1509,11.823203
1529,1510,9.348502
1526,1511,9.666463
1515,1513,10.227652
1524,1513,5.8791137
1515,1514,9.921182
1517,1514,7.3169236
1524,1515,11.437525
1519,1517,11.284924
1546,1518,13.743435
1548,1518,14.773059
1538,1519,12.082674
1526,1520,11.721998
1544,1520,13.016939
1554,1520,13.860548
1536,1522,13.205622
1540,1522,9.101336
1557,1522,14.7714615
1528,1525,11.121516
1535,1525,10.321702
1544,1526,7.4372478
1550,1526,8.862972
1560,1526,13.130909
1537,1527,11.980322
1546,1528,14.126435
1535,1529,9.951955
1556,1529,11.136395
1545,1531,8.579956
1537,1532,5.785518
1558,1532,10.815445
1559,1533,10.320103
1543,1534,7.7397647
1553,1534,7.76745
1556,1535,10.16542
1540,1536,7.251647
1542,1536,7.188445
1551,1536,7.1682143
1557,1536,12.792159
1558,1537,9.727576
1577,1538,14.937562
1566,1539,10.849937
1542,1540,13.603814
1551,1540,10.910812
1557,1540,7.2441087
1578,1541,14.816141
1551,1542,5.2000866
1564,1542,11.190682
1553,1543,8.904918
1571,1543,10.644351
1550,1544,7.1486683
1554,1544,9.783624
1560,1544,6.5011387
1547,1545,13.730562
1548,1546,13.337932
1567,1546,12.821143
1574,1546,9.409344
1565,1548,12.960419
1568,1548,9.910472
1560,1550,7.444346
1565,1550,9.196599
1557,1551,12.377034
1564,1551,12.020721
1555,1552,14.683555
1580,1552,10.174568
1571,1553,11.22984
1560,1554,11.044245
1572,1556,12.458657
1586,1556,13.923547
1578,1557,11.901403
1573,1558,10.462323
1575,1558,6.229332
1589,1558,12.891539
1565,1560,12.911656
1582,1561,10.027233
1581,1562,8.66995
1591,1562,14.368445
1568,1565,8.597728
1587,1565,14.769785
1576,1566,8.461355
1574,1567,8.783943
1585,1567,11.344031
1594,1567,12.555512
1587,1568,8.854022
1597,1568,13.56227
1573,1569,9.931217
1583,1569,7.2740874
1590,1569,10.759017
1572,1571,13.511902
1584,1571,6.279043
1595,1571,12.963311
1596,1571,13.389268
1586,1572,12.642027
1596,1572,12.89169
1575,1573,10.97966
1583,1573,7.9913917
1589,1573,9.634821
1593,1574,13.152692
1594,1574,11.560035
1580,1575,14.610965
1589,1575,8.152095
1590,1579,11.96147
1591,1581,6.749043
1589,1583,13.103893
1590,1583,9.431447
1595,1584,7.2052755
1596,1584,9.05573
1594,1585,14.947854
1602,1585,12.544212
1605,1585,10.47918
1599,1586,6.5100956
1610,1586,11.333972
1593,1587,11.461017
1597,1587,5.586687
1606,1587,7.967078
1607,1587,10.621889
1611,1588,13.871733
1618,1588,12.869322
1617,1591,12.808282
1608,1592,14.791015
1594,1593,10.187958
1597,1593,14.819405
1606,1593,11.131116
1607,1593,7.1530066
1616,1593,11.03728
1602,1594,6.892252
1624,1594,14.703841
1596,1595,11.715747
1610,1596,13.355529
1603,1597,13.940223
1606,1597,6.053638
1607,1597,11.008257
1620,1597,13.754665
1603,1598,12.886738
1609,1598,6.937715
1605,1599,10.803173
1610,1599,10.635965
1627,1599,13.98274
1613,1600,9.443817
1614,1600,7.8091726
1605,1602,14.558716
1624,1602,11.917811
1609,1603,7.192976
1611,1604,11.201339
1633,1604,13.349686
1627,1605,12.856155
1607,1606,5.3962708
1616,1606,10.673834
1620,1606,8.380552
1616,1607,6.4853444
1620,1607,8.070634
1639,1609,14.888877
1618,1611,11.73438
1632,1611,9.728804
1633,1611,10.895963
1636,1611,14.467333
1625,1612,6.9486346
1614,1613,9.893406
1640,1613,14.860389
1640,1614,10.208122
1623,1615,10.431662
1620,1616,6.719821
1624,1616,11.303162
1642,1616,10.378331
1644,1616,12.7577095
1618,1617,14.190911
1646,1617,11.36807
1650,1617,14.47897
1632,1618,11.09205
1636,1618,8.097656
1650,1618,13.188586
1637,1619,7.1036377
1642,1620,10.938588
1644,1620,9.897175
1628,1621,7.5533924
1635,1622,8.887336
1657,1623,13.056709
1642,1624,12.294669
1649,1624,13.513783
1653,1625,13.787371
1655,1627,8.788699
1630,1628,11.124974
1652,1628,10.616542
1661,1628,9.918143
1652,1630,7.47116
1661,1630,14.712137
1656,1631,6.668058
1633,1632,9.33297
1636,1632,7.347477
1651,1632,14.258309
1663,1632,9.825089
1651,1633,7.232189
1669,1633,14.945343
1658,1634,9.493167
1673,1634,13.089745
1654,1635,7.479812
1650,1636,8.080648
1663,1636,10.009869
1645,1638,6.7169147
1665,1638,8.479815
1666,1640,9.084799
1671,1640,11.152312
1648,1641,11.329527
1660,1641,7.416948
1644,1642,5.717992
1670,1642,14.380432
1664,1643,10.61861
1670,1644,9.42555
1687,1644,13.640536
1659,1645,8.893756
1665,1645,10.200167
1650,1646,7.645867
1681,1646,14.143686
1660,1648,8.507839
1664,1648,8.644828
1663,1650,13.102088
1681,1650,10.688909
1669,1651,7.742024
1661,1652,8.443633
1679,1653,9.273174
1657,1654,9.918014
1675,1655,8.216727
1685,1655,11.755031
1667,1657,10.248395
1688,1657,11.396923
1662,1658,8.050262
1673,1658,10.004181
1692,1658,13.3905325
1662,1659,7.562973
1664,1660,14.339697
1680,1661,11.373944
1681,1663,12.514764
1691,1663,13.732419
1671,1666,10.882215
1689,1666,14.086237
1688,1667,12.419574
1676,1668,8.116699
1684,1668,7.0811954
1673,1669,8.733814
1687,1670,8.812118
1689,1671,7.5540195
1692,1673,10.96119
1696,1673,14.340736
1685,1675,7.7244067
1684,1676,8.997461
1699,1676,13.421838
1682,1677,7.3110867
1693,1679,9.003227
1685,1682,11.5252495
1707,1684,13.802112
1706,1687,13.241583
1703,1691,8.360475
1696,1692,12.848241
1730,1694,14.849693
1716,1695,8.341061
1723,1696,11.5120735
1726,1696,13.253742
1705,1698,6.1663384
1719,1698,14.202478
1707,1699,12.039185
1717,1699,9.658361
1722,1699,10.5162735
1714,1700,10.953392
1720,1702,8.356749
1738,1702,14.780485
1727,1703,8.782403
1721,1704,7.7366486
1725,1704,10.932414
1719,1705,8.121219
1712,1706,8.761024
1741,1706,13.218359
1717,1707,6.5308547
1722,1707,14.00005
1712,1708,7.3682747
1745,1712,13.302089
1748,1714,13.883357
1719,1715,10.395956
1718,1716,9.9451685
1722,1717,7.541689
1734,1720,10.22887
1738,1720,6.732674
1739,1720,9.850842
1725,1721,11.338711
1765,1721,13.579105
1726,1723,9.226609
1728,1723,9.536621
1750,1723,10.87327
1751,1723,11.1798525
1730,1724,8.88714
1735,1724,14.85749
1756,1724,10.662675
1736,1725,7.4167876
1727,1726,13.21333
1750,1726,11.33441
1761,1726,12.158207
1747,1727,10.1658
1750,1728,14.826794
1751,1728,9.189498
1754,1729,13.179668
1762,1729,10.3556795
1768,1729,14.775784
1735,1730,6.3065577
1756,1730,14.355649
1759,1730,9.639304
1740,1731,5.6147203
1742,1731,10.332234
1763,1731,10.555124
1770,1731,14.678637
1752,1732,8.98617
1758,1732,9.674742
1753,1733,12.537157
1760,1733,12.435287
1781,1733,14.898958
1738,1734,9.556677
1759,1735,5.687196
1774,1735,13.764403
1787,1735,14.7439375
1764,1736,12.179237
1771,1736,8.916694
1739,1738,6.1495605
1743,1738,12.881317
1743,1739,6.737225
1767,1739,12.519073
1742,1740,9.537568
1763,1740,5.1408787
1770,1740,10.344517
1780,1740,9.603976
1745,1741,14.221436
1763,1742,9.701255
1770,1742,8.42172
1772,1742,14.80378
1780,1742,13.804016
1786,1742,12.278319
1746,1743,12.361451
1767,1743,7.7192597
1754,1744,6.1009035
1760,1744,6.612059
1762,1744,14.198194
1773,1744,8.059403
1788,1745,11.0689125
1747,1746,10.022228
1767,1746,10.968502
1783,1746,9.168787
1761,1747,14.521076
1783,1747,14.59781
1776,1748,11.486506
1778,1748,10.508247
1775,1749,10.651861
1751,1750,7.731567
1761,1750,10.5452585
1758,1752,9.800828
1768,1752,7.3163676
1785,1752,14.256261
1769,1753,9.856495
1781,1753,8.6119795
1760,1754,11.128715
1762,1754,8.15752
1773,1754,7.4105587
1759,1756,14.814794
1785,1758,7.7463756
1774,1759,11.859692
1787,1759,11.174904
1773,1760,7.5340796
1768,1762,10.570531
1773,1762,13.359989
1770,1763,6.174689
1780,1763,4.874387
1786,1763,12.983706
1771,1764,9.03872
1784,1764,9.375146
1774,1765,12.848888
1775,1766,13.464162
1783,1767,9.073986
1781,1769,13.376334
1772,1770,14.417736
1780,1770,7.2435336
1786,1770,6.843683
1786,1772,9.235225
1787,1774,4.2980847
1779,1776,13.877746
1786,1780,12.766897
1788,1782,10.719895
