Object,Neighbor,Distance
1,15,8.204606
1,41,8.181191
1,49,11.424051
1,55,13.256176
2,36,8.231218
3,6,10.633086
4,11,8.558573
4,52,10.576984
4,59,14.505557
5,30,11.464977
5,34,10.250729
5,40,7.480868
7,66,14.515397
8,26,6.2136917
8,47,13.973237
8,58,14.546716
9,17,8.9227085
9,39,8.317981
10,19,7.1534953
10,51,11.889543
10,68,14.935064
11,23,8.430298
11,52,9.078336
11,64,14.954526
12,16,7.8452654
12,20,9.861321
12,29,5.4327416
12,42,13.300196
12,43,10.547242
12,63,13.826669
13,37,11.002008
14,46,11.831683
14,62,14.674192
15,34,10.750281
15,41,10.247256
15,55,8.932414
16,29,11.825797
16,42,7.098629
16,59,13.649995
17,26,10.400015
17,39,14.556393
17,58,10.582387
18,50,7.626853
18,51,14.106999
18,71,14.579036
19,54,13.061995
20,28,14.186438
20,29,6.9381657
20,33,7.6796117
20,43,6.196712
20,63,12.799045
21,32,5.229264
21,60,9.862136
23,52,13.598839
23,64,10.750083
24,31,12.294769
24,77,14.218746
25,35,7.4032207
25,53,14.8097725
25,62,11.319801
26,58,8.911482
27,31,10.067692
27,61,7.316212
27,69,14.283493
27,72,14.7744
28,33,7.511595
28,44,7.0510597
29,33,12.942337
29,43,5.2132215
29,63,8.917986
30,40,8.7827
30,48,7.074663
30,67,9.798669
31,61,13.911798
31,72,12.709725
32,60,10.157619
33,43,8.824594
33,44,14.225634
33,63,14.068413
34,40,9.857086
34,55,9.962183
35,45,14.252242
35,53,7.6736116
35,62,13.694908
36,94,13.727407
38,46,7.904335
38,76,9.44336
38,84,13.582088
39,48,9.27159
39,80,10.732097
39,85,13.218111
40,48,14.799504
40,67,7.833665
41,49,6.62759
41,55,8.203663
41,86,11.34205
42,59,6.811878
42,78,11.774694
43,63,6.640172
43,92,13.42661
44,56,10.069179
44,79,12.484884
45,53,6.7326093
45,65,10.131337
46,76,11.998764
46,84,9.392329
47,66,14.446536
48,67,11.899082
48,80,9.845545
49,55,14.381801
49,71,12.7100935
49,86,9.022511
50,51,8.776268
50,68,14.965223
50,71,11.098161
50,95,14.091619
51,68,7.5047054
51,95,12.418519
51,96,14.7288265
52,59,12.94489
52,64,12.596892
52,78,13.716436
54,81,9.977553
54,87,9.198368
55,86,14.98892
55,98,11.605997
56,79,7.8227334
57,70,9.781594
57,91,9.480435
58,85,13.74029
59,78,5.569742
59,97,10.727535
60,70,8.236286
61,69,8.3566675
61,72,11.191321
61,82,14.892576
61,102,13.684893
61,110,14.734713
62,89,7.781737
63,92,7.47559
63,112,14.830573
64,111,13.915421
65,75,7.2939906
65,113,11.291975
65,114,11.722081
66,88,8.253257
67,100,9.98455
67,106,14.004975
68,81,14.294389
68,95,9.797874
68,96,7.295451
69,82,6.5363526
69,107,11.1743965
69,110,11.744228
70,91,8.62901
71,86,13.000924
72,102,9.121307
74,118,11.249343
75,108,10.852693
75,113,14.303362
75,114,10.096696
76,84,9.559164
76,103,13.479386
76,104,14.302039
76,116,10.222975
77,124,13.002868
78,97,5.214285
79,93,12.549309
79,117,9.87407
79,119,13.395789
80,85,11.888185
80,106,8.542392
80,123,14.81925
80,127,12.924779
81,87,9.42594
81,96,11.187028
82,107,7.195768
82,110,13.256037
83,108,13.1737385
83,122,9.8579445
84,89,13.933773
84,103,6.3757434
84,115,10.068913
84,116,10.668132
84,137,14.705047
85,123,10.713372
86,98,11.905483
87,90,10.172805
87,109,7.473738
87,120,12.415739
88,104,7.5860443
89,103,13.848579
89,115,8.041305
90,109,6.42705
90,120,7.677775
90,136,13.231138
92,112,9.321207
92,121,8.996176
92,130,10.650754
93,112,10.338401
93,117,11.954325
93,138,14.00901
94,144,11.967529
95,96,10.9319315
95,129,11.900112
96,129,9.425068
96,140,13.869084
97,111,12.553422
97,148,14.869534
98,101,9.936998
99,132,10.884011
99,133,9.259597
99,150,14.343739
100,101,10.035468
100,106,14.900478
100,128,9.287794
100,149,12.5240555
101,128,8.116569
102,110,7.5388927
102,146,12.401079
102,152,13.15224
103,115,6.75685
103,116,8.589495
103,137,8.488595
104,116,14.681157
106,127,9.667868
106,151,12.296583
107,110,9.809524
107,147,10.494984
108,114,11.694849
108,122,11.576547
108,134,7.6454515
109,120,4.944557
109,136,12.972481
109,157,13.415484
110,147,11.796319
110,152,10.76071
111,141,9.866285
112,121,13.5702
112,130,8.051493
113,114,7.799836
115,137,11.46581
115,160,13.73569
116,137,10.201824
117,119,9.065155
117,135,12.926352
117,138,9.236203
117,159,13.074245
118,126,10.351059
118,171,13.604063
119,131,9.449721
119,135,5.2786074
119,159,9.98312
120,136,8.068756
120,157,9.6815605
120,161,11.911128
121,130,8.227728
121,165,11.573297
122,134,8.931965
123,127,7.306893
123,164,11.265808
124,145,12.767141
124,174,13.47578
125,163,11.990036
127,151,10.091706
127,164,13.652882
128,149,7.205172
128,154,13.370838
128,173,12.192523
129,140,9.110352
129,177,14.960668
129,181,14.668651
130,165,11.234264
130,169,11.7778425
131,135,6.4766955
131,153,12.992639
131,159,12.641891
131,170,9.569963
132,133,6.904399
132,150,6.4529915
132,156,10.71181
133,150,5.7960486
133,156,6.255811
134,180,13.354734
135,159,6.844284
135,170,11.393211
135,184,12.039709
136,157,8.873391
136,161,5.953655
136,187,12.780054
137,160,8.902187
137,186,12.461739
138,159,13.071946
138,169,14.462477
138,175,9.196962
139,155,13.895969
139,172,6.5165815
140,166,11.753684
140,177,8.723832
141,162,9.311446
141,167,7.082516
142,153,9.2109375
142,192,14.828406
142,197,12.723743
143,176,11.885685
144,145,6.6851654
144,196,14.181693
145,196,13.823131
145,199,14.915775
146,152,12.4650955
146,174,14.60047
147,152,9.473665
147,158,12.514974
147,182,9.663173
148,162,13.089836
148,168,6.823426
148,191,11.006412
149,154,6.784204
149,173,11.23383
149,185,13.765248
150,156,4.971762
150,194,13.427701
150,198,14.622694
151,154,9.213077
151,185,10.15768
151,193,10.380439
152,182,12.0566845
152,203,14.447915
153,170,10.471375
153,192,8.627543
154,185,8.399951
154,193,14.272352
155,172,13.921362
155,179,6.702124
156,194,9.747687
157,161,6.382123
157,166,11.845831
157,178,7.847671
157,187,9.697362
157,205,13.336336
158,163,7.6071897
158,182,14.713192
158,183,7.8848786
159,170,12.890075
159,175,10.834444
159,184,7.7301726
159,201,13.747977
160,186,7.312995
161,178,11.991923
161,187,6.844842
161,205,13.604148
162,167,6.9141583
162,168,8.837896
162,191,14.929141
162,207,11.85703
163,183,7.9437976
164,206,11.259905
165,169,13.186726
166,177,10.315754
166,178,7.523115
166,210,13.978268
166,220,12.608744
167,207,9.654528
168,191,6.968815
168,207,14.966092
169,202,8.89553
170,184,9.806908
170,192,10.275823
170,201,7.637708
170,229,14.860502
171,198,12.398806
172,179,14.762231
172,190,11.224501
172,208,12.689388
172,221,14.056529
173,190,12.444158
174,199,8.178921
174,215,11.192754
175,184,13.288034
175,202,12.453123
175,218,10.239341
177,181,11.391425
177,210,8.77774
177,220,13.587541
177,243,13.986968
178,187,10.143208
178,205,8.350031
178,220,12.25507
178,238,13.208409
179,209,10.0000925
179,221,12.623982
179,237,12.161716
180,222,8.478448
181,209,13.273893
181,210,14.461125
181,227,11.436908
181,243,14.812173
181,255,14.9717455
182,216,12.35
182,244,12.356337
183,216,9.038098
183,223,10.699263
184,201,6.6868877
184,229,14.6584635
184,233,11.285467
184,239,14.223496
185,193,7.397128
185,214,7.817957
187,205,7.564192
187,238,12.381333
187,264,14.832887
188,211,9.288074
188,226,8.965041
188,235,12.943549
189,211,13.680582
189,249,14.113763
190,208,7.9346433
190,230,11.439425
191,212,9.685864
191,231,9.79204
192,197,12.697397
192,201,12.13936
192,213,14.897904
192,224,9.596696
192,229,12.709917
192,240,14.682161
193,206,13.467773
193,214,7.452897
193,250,12.163061
194,219,7.207933
196,228,8.500758
197,204,7.083441
197,213,5.390544
197,224,10.981829
197,240,9.712833
197,241,10.78145
197,247,14.583618
198,225,6.593745
198,254,14.143689
199,215,10.677632
200,217,7.063498
201,229,8.730924
201,233,9.577919
202,218,10.094253
202,252,10.217148
203,245,8.4000025
203,246,10.667553
203,280,14.887167
204,213,6.271219
204,240,11.11185
204,241,6.6882105
204,247,8.203473
204,270,14.528455
205,220,12.707754
205,238,5.61095
205,264,11.389168
205,268,10.873047
206,250,10.246105
206,261,14.622885
207,265,12.519719
208,221,11.192196
208,230,10.93766
208,253,8.11111
208,279,11.879025
208,290,13.287442
209,221,14.4691515
209,227,14.450004
209,237,6.711948
209,255,11.628378
209,262,13.872374
209,263,9.964234
209,291,14.499986
210,220,7.688742
210,227,10.870513
210,243,6.4867682
210,267,9.392787
211,226,6.7719665
211,235,14.128431
211,249,7.198244
212,231,6.8818994
212,232,9.098909
212,257,8.336368
213,224,9.158033
213,240,5.176727
213,241,6.0835323
213,247,10.98779
213,277,12.349301
213,288,13.142757
214,250,11.360232
214,251,11.667497
215,256,6.771006
216,223,11.0305
216,244,7.847011
216,269,14.696597
216,271,8.747279
216,273,12.077073
217,223,12.197678
218,239,9.388899
218,252,8.065968
218,276,11.190744
218,283,13.91254
219,278,11.959236
220,238,12.383455
220,243,12.08703
220,267,11.344129
220,268,12.8293915
220,298,14.811129
221,237,9.512101
221,253,7.86327
221,262,7.518897
221,263,11.738317
222,289,14.698173
222,292,13.195927
223,271,13.597521
223,273,10.197417
224,229,12.605441
224,240,6.092783
224,241,13.630967
224,274,11.315239
224,277,10.761086
225,234,13.185189
225,254,8.672762
226,235,7.368918
226,249,11.508912
226,260,12.806241
226,272,10.087443
227,243,6.066689
227,255,6.2968
227,267,10.67605
227,291,12.584625
227,297,14.572699
228,286,9.692613
229,233,8.85461
229,274,9.122208
229,281,10.947425
230,236,10.18266
230,279,9.549345
230,296,11.433269
231,232,14.755657
231,257,6.706556
231,265,11.164118
231,299,13.5971
232,257,11.585206
232,258,8.25555
233,239,7.79267
233,281,8.341215
233,283,12.443203
234,254,6.774901
234,282,13.25768
235,260,5.569729
235,272,6.1745777
235,275,10.152154
236,251,7.976034
236,285,8.850044
236,296,12.959801
236,308,14.03463
237,255,14.3445635
237,262,7.166568
237,263,4.4329457
237,291,14.079336
238,264,7.8197107
238,268,5.3875794
238,294,10.395227
238,298,14.315528
239,252,14.382866
239,276,12.468241
239,281,11.779698
239,283,7.638774
240,241,7.7437882
240,247,13.255449
240,274,14.545899
240,277,7.626361
240,288,10.963457
241,247,5.520699
241,270,10.677162
241,277,11.526742
241,288,8.62426
242,248,9.667974
243,255,11.471376
243,267,5.429849
243,297,11.221914
244,246,11.146371
244,269,6.858511
244,271,7.1683927
244,273,13.787022
244,287,9.162583
244,305,14.690932
245,246,7.402882
245,256,13.381
245,269,13.324936
245,280,6.790508
245,304,11.461825
245,307,14.225943
246,269,6.370897
246,280,8.38385
246,287,12.138004
246,304,13.686686
246,307,12.519446
247,270,6.3287272
247,282,12.269112
247,288,10.384033
249,261,14.533881
249,284,8.780302
251,285,8.856864
251,308,14.552246
252,276,6.7558913
252,283,14.755878
252,300,13.034014
253,262,9.332362
253,279,10.619344
253,290,7.8015785
253,303,10.3034315
255,263,13.6755
255,267,14.554399
255,291,6.5990996
256,311,14.092148
257,265,14.242557
257,299,13.329779
257,313,13.338163
258,300,10.683225
259,266,9.925287
259,301,10.948549
260,272,6.547982
260,275,5.142871
260,302,11.32024
261,284,9.470076
261,310,12.645396
262,263,6.1012707
262,290,13.790094
262,303,12.700134
263,291,11.425399
264,268,8.884326
264,294,7.745151
264,316,12.925009
265,299,6.718699
267,297,6.7056055
267,298,13.177464
267,322,13.970003
268,294,6.6947947
268,298,9.233228
268,316,14.254259
269,271,11.122545
269,280,11.384352
269,287,6.059371
269,305,14.20118
269,307,11.222027
269,312,11.377683
270,282,6.6355515
270,288,10.394537
271,273,6.8582153
271,287,8.759441
271,305,9.472484
271,312,13.972941
272,275,7.7509513
272,302,14.023139
273,287,14.277644
273,305,10.459162
274,277,12.024647
274,281,12.277332
274,329,14.811701
275,302,6.6152997
275,321,11.910731
276,283,9.495025
276,300,12.580872
276,314,11.189796
276,315,13.530957
276,326,12.030997
277,288,7.847115
277,320,13.132419
277,329,13.210858
278,292,12.505909
278,306,7.5921626
278,317,14.178903
279,290,6.261611
279,296,10.133553
279,303,10.809782
280,287,14.504311
280,304,5.4353566
280,307,7.6599417
280,311,13.039897
281,283,10.680229
281,315,12.856391
282,323,11.837513
283,314,9.344713
283,315,7.803514
283,326,14.342095
283,332,14.931878
284,310,8.674319
285,296,9.606883
285,308,5.8651075
285,328,12.103032
286,325,10.627392
287,305,8.296348
287,307,10.674869
287,312,6.431411
287,331,13.055728
288,320,9.499463
289,292,11.114479
289,318,8.385871
290,303,4.8006163
290,334,13.140694
292,327,9.679399
294,298,11.021696
294,316,7.6151776
295,319,13.178625
296,308,7.892057
297,298,12.200007
297,322,7.3427095
297,344,13.816443
298,322,13.675368
300,326,13.983158
300,336,11.9752
301,309,9.8061285
302,321,5.848565
302,333,11.158776
302,343,12.405158
303,334,11.0537815
303,346,14.750539
304,307,6.940461
304,311,8.609011
304,342,14.697705
305,312,8.152134
305,331,11.039778
305,338,11.251029
306,317,7.0702376
307,312,8.441832
307,331,12.196551
307,342,11.117999
308,328,7.9583387
310,349,11.549141
311,335,7.991361
312,331,6.7660747
312,342,11.375662
313,350,13.782983
314,315,4.628971
314,326,6.008516
314,332,10.60824
314,336,12.726639
315,326,10.564765
315,332,7.6833496
317,339,10.954194
318,345,8.104121
320,329,13.083824
320,356,10.188812
320,357,10.530683
321,333,5.840536
321,343,6.842334
321,358,12.921897
322,344,6.522936
322,359,14.115387
323,354,14.379642
323,357,14.105397
323,366,12.620248
324,347,10.37148
325,341,5.7555385
325,348,11.807628
325,372,13.660777
326,332,14.964324
326,336,6.723874
326,360,11.462516
327,367,13.84803
327,368,11.508192
328,379,14.577237
329,356,13.276339
330,362,9.131765
330,371,11.375297
331,338,13.033337
331,342,7.541167
331,389,14.788442
332,361,11.622686
332,363,7.78319
333,343,6.3143506
333,358,7.5629616
334,346,12.65605
334,352,8.044956
334,355,12.030966
334,378,11.399885
335,337,11.456178
335,364,7.6533175
335,370,12.449663
336,360,6.5623293
336,375,11.736964
337,348,6.1323366
337,364,9.970204
337,370,7.4125953
337,372,14.290894
338,389,13.493873
338,390,11.796394
339,376,9.972052
340,346,8.065239
340,352,14.537383
340,353,9.198539
340,373,11.833493
340,384,10.829913
340,394,13.67267
341,348,11.857583
341,372,9.887367
341,388,10.804678
342,398,12.736019
343,358,9.020199
344,359,9.04393
344,380,11.692305
345,351,11.885907
345,377,8.641721
345,397,14.116487
346,352,6.5439944
346,384,13.352741
346,394,12.042834
346,396,11.5570345
347,351,10.341572
348,364,13.610219
348,370,8.302328
348,372,8.327027
348,388,14.247704
348,402,11.826111
349,382,9.325116
349,401,14.835868
350,375,12.048703
350,392,9.387809
350,404,10.983662
352,378,10.043468
352,394,13.237654
352,396,8.8718
352,421,14.580595
353,365,6.7026815
353,373,6.08986
353,380,14.264613
353,384,11.1951475
353,403,11.339462
353,417,14.7606125
354,366,10.566411
354,393,10.82526
354,399,10.434894
355,378,10.259805
355,383,7.806758
356,357,6.8616557
356,415,12.935443
358,400,9.719126
359,387,11.078087
360,375,6.3508763
360,404,13.58468
361,363,6.709545
361,405,11.675058
361,411,12.737465
362,371,11.200938
362,379,14.239757
362,386,6.4827695
362,418,13.45643
363,411,11.075846
364,370,6.1916637
364,409,11.216646
365,373,7.647787
365,380,7.5640545
365,384,14.836524
365,403,8.774153
365,408,12.972386
366,399,7.864555
366,426,13.337508
367,368,10.225893
367,427,12.55908
368,377,13.135466
368,397,8.667789
369,400,14.137738
369,412,14.272508
370,372,12.989217
370,402,12.980205
370,409,13.995349
371,385,9.109042
371,386,14.675806
372,388,6.0923405
372,402,5.4836802
372,432,14.29353
372,433,12.932231
373,380,13.691685
373,384,7.2333064
373,394,13.713004
373,403,6.183058
373,408,13.683052
373,417,8.849403
375,392,14.258814
375,404,7.252058
376,393,7.55045
376,407,7.4627986
376,416,10.986936
377,397,7.188245
377,429,10.032165
378,383,11.886126
378,396,10.458517
378,421,9.450113
378,424,9.5782995
378,428,14.882742
379,383,13.871753
379,386,10.089964
379,406,6.4927754
379,418,9.644849
379,439,11.994806
380,403,11.049719
380,408,9.945078
380,425,10.285236
381,391,12.226949
381,410,7.2117357
381,438,11.074401
381,448,14.293571
382,401,9.471102
382,420,6.7489247
382,430,9.788988
382,453,14.117725
383,406,9.186031
383,424,11.379373
383,428,8.728541
383,439,14.510302
384,394,6.4798217
384,396,13.399353
384,403,11.0673685
384,417,6.6914415
384,450,14.859238
385,401,7.3170733
385,430,13.951396
386,418,6.9773602
387,422,10.702257
388,402,7.5803003
388,432,10.072283
388,433,11.935392
389,390,9.097074
389,398,10.463307
389,447,14.712325
389,452,12.850147
390,419,8.59467
390,447,12.576628
390,452,14.929642
391,410,8.623595
391,448,14.390053
392,404,8.101999
392,413,6.2633553
392,444,13.151897
393,399,9.876894
393,407,11.492943
393,416,8.0212965
393,426,11.575598
394,396,7.2355547
394,417,10.142318
394,421,13.457197
394,431,9.381398
395,423,14.100054
395,437,8.683423
396,421,7.7627125
396,424,14.739595
396,431,7.815481
397,429,8.91214
397,458,14.954666
398,451,13.111559
399,416,12.432361
399,426,6.3782496
400,435,8.844203
401,420,12.321267
401,430,7.342768
401,462,14.943354
402,432,11.124147
402,433,7.756471
403,408,7.658611
403,417,8.180513
403,450,11.106523
404,413,11.432444
405,411,10.20219
405,414,6.444274
405,434,12.349155
405,442,8.6932745
406,418,12.641151
406,428,10.770803
406,439,7.572639
406,459,14.131049
407,416,8.817385
407,445,8.888093
407,457,11.417393
408,417,13.912041
408,425,8.6658325
408,450,11.83008
408,461,8.980579
408,464,13.624408
409,440,10.303243
409,441,7.0746384
409,480,14.910406
410,438,8.712565
410,448,8.015547
412,449,7.1520734
412,469,13.922233
412,474,13.579237
413,444,6.889109
414,415,12.0574665
414,434,6.657526
414,442,6.8260875
415,434,8.061488
415,442,14.677928
416,426,9.434413
416,445,14.627071
416,457,9.462591
417,450,8.168657
418,439,12.110463
418,463,10.85595
419,423,8.7626295
419,447,10.160822
419,465,9.213664
419,466,14.430652
420,430,7.8250594
420,443,9.718312
420,453,7.4734554
420,462,12.542957
420,470,13.703501
421,424,7.902182
421,431,6.651981
422,471,12.487719
423,437,11.202128
423,465,11.641535
423,466,10.391822
424,428,7.7028522
424,431,14.196591
424,459,13.697754
424,467,10.490256
425,436,7.9968376
425,461,12.214169
425,464,10.002884
428,439,10.660212
428,459,8.023032
428,467,9.250707
428,487,14.312117
429,458,7.143813
429,491,13.579272
430,453,10.042787
430,462,8.189261
432,433,7.2469754
432,478,9.655769
432,488,13.504461
433,440,14.12148
433,478,11.064835
433,479,10.921664
433,488,11.557007
434,442,6.65831
435,475,9.800828
435,494,14.560688
436,454,7.6095204
436,464,8.754156
436,496,12.911727
437,438,14.329343
438,448,7.3611293
438,484,10.715517
439,459,8.943054
439,463,13.088027
439,476,8.621866
439,487,12.026052
440,441,9.608103
440,479,11.39801
440,480,11.029472
441,473,10.1138
441,480,8.360483
443,453,8.1580715
443,470,6.8357124
443,486,13.784692
443,495,13.755696
444,468,13.4787655
444,490,9.678177
445,457,10.012655
445,492,10.865269
446,483,7.843394
447,452,6.384161
447,465,7.2694364
447,481,12.650069
447,485,8.8421755
447,501,13.580326
448,477,12.475967
448,484,12.091496
448,489,10.469426
449,469,8.082535
449,474,6.5875
450,461,11.249501
451,473,9.704004
451,481,14.717784
452,465,13.39088
452,481,7.5419655
452,485,9.309816
453,462,8.6623
453,470,7.8135304
453,486,7.9351254
454,464,12.903144
454,471,10.619329
454,496,11.859
454,498,10.3003645
455,456,13.342753
455,482,9.991931
456,472,5.455248
456,482,6.2124696
456,493,9.320302
457,492,11.541308
458,491,6.544403
458,512,14.305607
459,467,6.748555
459,476,10.592078
459,487,6.2892365
459,500,9.97011
459,504,13.601761
460,468,8.745454
461,464,8.948761
461,497,8.732972
462,470,14.987566
462,486,8.76999
463,476,8.756299
463,511,11.934009
464,496,8.252581
464,497,9.117806
465,466,8.69476
465,485,10.848458
465,501,10.860695
465,503,10.608256
466,501,13.012728
466,503,6.4737563
466,518,13.756592
467,487,10.168773
467,500,8.995087
468,490,12.552894
468,522,13.413789
469,474,8.039966
469,475,11.534264
469,508,10.402156
470,486,8.719543
470,495,8.405787
470,510,12.041808
470,519,14.885903
471,498,10.403288
471,499,7.753078
471,517,13.879264
472,482,9.045688
472,493,6.67019
472,507,11.125556
473,480,9.220494
473,513,13.083317
474,508,11.528746
475,494,8.836523
475,509,9.542804
476,487,8.278576
476,500,14.824742
476,504,8.922888
476,511,9.856367
477,489,6.1337442
477,490,13.535072
477,502,6.325802
477,514,13.07589
478,479,11.574508
478,488,5.7530828
479,488,6.6306543
480,513,12.007651
481,485,9.158578
482,493,7.8609395
483,531,14.277539
484,489,13.866815
484,506,11.075092
484,515,10.922657
485,501,7.565372
485,503,14.614759
485,521,10.778023
486,495,13.764264
486,510,8.91738
487,500,6.6424856
487,504,7.501745
487,511,13.097174
487,532,14.055873
487,533,14.237747
489,502,8.65202
490,502,11.59435
490,514,11.031616
491,512,7.9082503
492,516,8.584928
492,534,12.251503
493,507,7.439537
493,536,13.196367
493,543,12.804612
494,509,8.963145
494,537,14.057982
494,544,14.301162
495,510,10.601925
495,519,7.877058
495,530,11.278666
496,497,10.413598
496,498,9.80875
496,525,9.492363
497,525,13.083869
498,499,12.614388
498,517,7.931761
498,525,13.353464
498,527,14.461468
499,517,10.994035
499,527,9.058094
500,504,10.7081785
500,532,13.755686
500,533,8.6580925
500,547,14.236463
501,503,8.230587
501,521,8.541448
501,526,10.004696
501,545,11.823508
502,514,6.9274745
502,548,13.509005
503,518,9.892359
503,526,8.944885
504,511,6.560035
504,532,7.87533
504,533,14.089262
504,535,12.389769
504,556,13.807979
506,515,11.691114
506,518,12.595831
507,523,8.718839
507,536,6.7340546
507,543,12.331403
508,509,13.786684
508,537,14.691334
508,538,11.670022
508,552,11.995522
509,537,6.0572505
509,544,11.776681
509,569,14.309267
510,519,8.799322
510,554,12.563432
511,532,10.307185
511,535,8.007496
512,549,9.411459
512,555,14.8318205
512,570,14.770438
514,548,7.8343844
515,542,7.8367896
515,567,10.862735
516,534,9.19031
516,551,8.297126
516,578,14.65723
517,525,14.717136
517,527,7.636201
517,550,11.220325
518,526,8.316882
518,558,10.391195
518,566,10.9010725
519,524,14.050251
519,530,6.8481607
519,553,14.167052
519,554,8.0429945
519,574,14.279171
520,531,9.344306
520,564,8.628646
521,526,12.349307
521,539,7.781142
521,545,6.5194163
521,576,12.489109
522,562,9.6194
523,536,7.242245
523,538,7.1176486
523,552,12.251762
524,530,7.4634247
524,546,8.509191
524,553,7.990462
524,574,14.696913
524,581,13.359585
526,545,9.462761
526,566,10.447535
527,550,6.44485
528,583,10.92488
529,543,8.890941
529,555,12.967102
529,563,8.75949
529,565,10.544985
530,546,14.7915325
530,553,8.185111
530,554,10.112072
530,574,11.305942
530,581,14.843629
531,559,8.196188
531,564,11.092545
532,533,11.734939
532,535,10.206418
532,556,6.0291853
532,560,13.693523
532,572,11.446453
532,579,12.022191
533,547,6.7892494
533,556,11.900377
533,560,8.098005
533,573,14.021435
533,586,14.228194
534,551,8.802913
534,568,9.655828
534,578,12.710753
535,556,13.374477
535,572,9.361137
536,538,12.789065
536,543,10.793259
536,571,10.2536335
537,544,9.342374
537,569,8.293347
538,552,5.173699
538,585,12.34855
539,541,7.657593
539,545,10.9432
539,576,11.460807
540,561,7.588473
540,573,14.674409
541,557,7.868995
541,575,14.135014
542,567,5.774235
542,584,11.015995
543,563,13.264934
543,565,8.834092
543,571,9.027301
543,591,14.443756
544,546,8.37756
544,569,10.6122465
544,588,11.428835
544,597,14.175742
545,566,14.61767
545,576,8.115054
546,553,9.672345
546,581,10.165682
546,588,11.5533285
546,599,14.035008
547,560,7.242975
547,561,10.738184
547,573,7.925603
547,586,11.629767
549,555,8.855208
549,570,7.1196833
551,568,12.575061
551,578,6.3626623
551,595,12.342997
551,603,13.690297
552,585,8.6548
552,589,11.478047
553,554,12.822439
553,574,7.267082
553,581,6.678331
553,599,13.847836
554,574,8.853256
555,563,7.492521
555,565,14.918503
555,570,14.217478
556,560,9.927773
556,572,9.635844
556,579,6.016762
556,586,13.026955
556,600,12.334488
556,604,14.402196
557,575,6.2908945
558,566,7.9802785
558,601,11.307403
559,564,11.603034
560,573,9.162092
560,579,9.804581
560,586,6.1616325
560,600,12.040288
560,608,12.640478
561,573,7.296043
561,598,10.889904
561,605,14.26693
562,577,7.186703
563,565,7.448725
563,591,13.855302
564,592,14.329385
565,571,10.129857
565,591,7.7939386
566,601,13.051805
566,617,13.858845
567,584,9.517008
567,602,11.965919
568,578,11.215315
568,590,7.3150916
568,595,11.607801
568,620,13.226424
569,588,14.077477
569,589,13.919559
569,597,9.602494
569,611,13.046699
570,583,10.713609
570,596,8.584746
571,591,9.717761
572,579,10.617032
572,604,10.018675
573,586,8.490895
573,598,12.752078
573,605,10.265635
573,608,11.389926
574,581,8.992695
574,599,14.928699
575,616,12.529628
575,621,13.706586
577,580,8.611799
577,606,8.806385
577,613,13.945539
578,590,11.050616
578,595,6.088913
578,603,8.150933
578,622,13.032574
579,586,9.655847
579,600,6.397675
579,604,10.344624
579,608,13.62576
579,623,11.866818
580,606,10.322061
580,607,11.618319
580,613,11.426087
581,588,10.362561
581,599,7.195209
582,587,9.316438
582,593,6.605744
582,610,9.963254
582,618,11.585026
582,619,14.435321
582,630,14.695451
583,596,7.924038
584,602,7.424901
585,589,6.005908
585,611,13.080236
586,600,8.14529
586,605,11.217494
586,608,6.4987693
586,623,11.87025
586,638,14.977161
587,610,13.829746
587,614,11.440112
587,618,9.628001
588,597,8.464733
588,599,6.4705544
588,635,13.692714
589,611,7.418214
589,641,14.914501
590,595,7.4669166
590,603,14.182694
590,620,6.820328
590,622,9.214162
591,624,7.81684
593,594,11.951624
593,610,8.816849
593,618,14.149581
593,619,8.526091
593,630,11.162886
594,619,9.749817
594,634,14.794426
594,645,11.976932
595,603,6.745773
595,620,12.242092
595,622,6.9752913
595,643,12.49469
596,627,13.444308
596,644,13.746845
597,599,13.525139
597,611,12.806997
598,605,9.80367
598,609,7.501
598,628,8.604631
598,631,11.2168865
599,635,10.125806
600,604,10.342334
600,608,8.764207
600,623,5.6490035
600,633,10.9876375
600,638,12.922539
601,617,10.079463
601,629,8.432508
602,639,10.735799
603,622,9.982002
603,643,12.106832
604,623,11.621626
604,633,8.900206
605,608,7.1944294
605,628,12.673582
605,631,7.0882587
605,638,11.598614
605,651,14.315605
605,656,13.656778
606,613,6.174542
606,636,13.462098
606,637,8.519692
607,613,11.179474
607,614,9.018262
608,623,8.893442
608,631,12.389792
608,638,8.767405
608,656,14.621098
609,628,7.4448466
609,631,14.79398
610,618,7.194087
610,619,9.416144
610,630,5.617756
610,660,14.597708
611,641,13.910609
611,649,13.671136
612,632,12.561176
612,636,10.180886
613,637,9.032227
614,618,8.63064
615,620,9.959458
615,626,8.068907
615,642,12.062174
615,647,11.360172
616,621,11.338184
616,646,12.811433
616,662,13.976832
617,629,9.103733
618,630,11.943458
618,660,13.707613
619,630,6.570049
619,645,9.952251
620,622,9.383846
620,642,9.254525
620,643,14.558032
620,647,14.954909
621,654,14.579999
622,642,12.740206
622,643,6.604059
623,633,7.4871645
623,638,8.517392
623,657,11.119463
624,653,9.452594
626,634,8.661505
626,647,10.315491
627,644,12.504436
627,668,14.045774
628,631,8.419783
628,651,8.12999
630,645,13.615097
630,660,13.605972
631,638,11.491229
631,651,7.2694054
631,656,9.117657
631,667,12.865491
632,639,13.845513
632,652,7.170582
633,638,13.633806
633,657,8.001804
634,645,11.514251
635,650,11.90237
635,663,10.894041
635,672,11.819595
636,637,8.338921
636,666,9.893164
636,689,14.839867
637,666,12.392555
638,656,7.6030717
638,657,11.5561695
638,691,12.337983
639,652,10.53132
639,670,10.166841
640,658,6.5142035
641,682,14.555757
642,643,13.713566
642,647,8.092363
642,679,10.785418
643,679,14.532349
643,690,12.702602
644,675,9.247831
645,693,13.794468
646,662,6.77388
646,680,10.771014
646,688,11.106757
647,679,13.87249
647,702,14.129929
648,650,8.180816
648,684,7.462711
649,663,11.856632
649,676,8.082703
649,683,9.82868
650,672,11.707733
650,684,10.014115
650,707,14.407463
651,656,10.027777
651,667,8.507678
651,742,13.807549
652,670,10.977047
652,692,12.592427
652,696,12.89442
653,671,12.582406
653,706,13.526957
654,665,14.363154
654,681,6.4805503
654,686,10.834434
655,659,13.31141
655,698,12.107928
655,709,12.535385
656,667,7.640983
656,691,10.829426
656,704,12.300295
656,718,14.306956
657,691,9.380206
658,714,12.909955
659,661,7.202316
659,698,13.419551
659,710,11.925832
659,729,14.381963
661,685,10.617141
661,717,14.8254385
662,665,8.99997
662,680,5.02191
662,688,10.505187
663,672,9.317765
663,676,9.121857
663,694,11.313508
663,724,12.63087
663,727,14.315621
664,669,13.247429
664,673,8.1885
664,699,7.6146307
664,715,14.660458
664,733,13.492451
665,680,9.15408
665,686,7.4600983
666,689,6.776188
666,720,10.228259
667,691,13.441384
667,695,14.356502
667,704,9.673966
667,718,8.360919
667,742,8.681943
668,675,14.842463
668,723,13.652482
668,736,14.458498
669,674,9.218555
669,711,8.267775
669,715,8.272406
669,733,13.419017
669,743,14.981329
670,696,6.184986
670,739,12.383195
671,682,9.8765545
671,706,10.387858
671,726,10.00918
672,694,5.2897315
672,707,8.94065
672,724,11.387428
672,738,11.888858
673,677,13.987282
673,699,7.955606
673,719,12.199621
673,725,9.438436
674,711,7.534566
674,715,13.303164
674,743,11.629232
675,713,6.9203305
675,716,10.688685
675,736,13.117243
675,746,13.937175
676,683,9.219886
676,701,14.295221
676,724,12.729298
676,727,8.570899
676,737,14.835758
676,747,14.291001
677,705,14.800084
677,719,9.491224
677,730,9.355204
678,688,14.289383
678,712,6.0613136
679,690,11.552632
679,734,11.306893
680,686,14.535996
680,688,8.634613
680,751,13.865947
681,686,9.779892
681,687,14.945229
681,731,8.763213
682,726,9.904865
682,744,14.305261
683,701,5.9287915
683,727,13.253718
683,737,9.407234
683,747,14.862788
684,703,11.655991
684,707,12.246448
685,717,5.7596536
685,741,11.257483
686,731,12.539196
687,756,12.4976845
688,712,14.351033
688,745,12.332594
689,692,10.581444
689,720,9.448911
690,723,10.683418
691,704,8.007857
691,718,13.607716
692,696,13.339921
692,739,14.460837
693,697,10.9519415
693,732,9.341756
694,707,7.1802306
694,724,6.853734
694,727,14.449049
694,738,7.56942
694,758,11.691183
694,775,14.369259
695,705,6.9738646
695,718,14.764985
695,742,7.601219
695,772,13.4355545
696,739,6.432852
697,702,10.952689
697,750,9.406471
698,709,5.900703
698,710,5.4912834
698,728,13.014047
698,729,10.776611
698,740,6.6199265
698,748,11.19555
698,759,12.490297
698,777,13.863402
699,715,12.873538
699,725,8.908329
699,733,8.478266
699,755,12.429742
700,735,7.1006684
700,763,14.005257
701,737,5.659737
701,744,10.683187
701,747,14.213131
701,765,12.326261
702,734,10.069997
702,750,10.660292
702,760,9.341419
703,708,10.030313
703,722,5.0442367
703,752,10.484922
703,776,13.55419
704,718,5.854028
704,742,12.634747
705,730,8.776695
705,742,14.047677
705,770,9.750929
705,772,14.6926
705,795,14.872268
706,714,14.223654
706,726,12.11613
706,757,9.065924
707,724,12.756069
707,738,5.553496
707,758,13.460101
707,761,10.448975
707,775,12.430454
708,709,12.129896
708,722,6.2848296
708,728,6.215782
708,748,13.235638
708,752,9.378099
708,768,11.932027
708,785,13.926832
709,710,11.114866
709,728,7.1708984
709,740,9.165631
709,748,7.5869775
709,768,12.970698
709,777,13.347382
709,786,13.043601
710,729,5.436162
710,740,6.1980977
710,748,14.4437065
710,759,9.055606
710,769,12.811563
710,777,14.186001
711,715,6.753272
711,733,13.108249
711,743,6.713684
711,762,10.554086
712,745,10.453437
713,716,8.146833
713,736,7.4636297
713,746,7.907995
713,767,14.158768
713,780,14.26115
713,781,12.51446
714,757,13.603244
714,764,11.932051
715,733,6.4878306
715,743,11.267661
715,762,9.5229645
716,736,14.599683
716,746,6.7865667
716,764,14.006339
716,767,9.194415
716,781,11.66868
717,741,6.4717603
717,769,14.344233
717,778,12.303755
718,742,7.1862054
718,772,14.156292
719,725,7.30485
719,730,7.7021422
719,790,14.218389
720,721,10.977664
720,749,8.868785
720,771,13.836594
720,789,11.418091
721,749,6.3901525
721,763,9.692446
722,728,11.15486
722,752,6.1738043
722,768,13.301677
722,776,14.129253
722,785,12.251673
723,754,6.5330553
723,779,13.381974
723,797,11.858619
724,727,8.21327
724,738,9.902368
724,747,13.762137
724,758,8.165564
724,775,13.737542
724,798,13.149851
725,730,14.882119
725,733,14.661645
725,755,9.871575
725,790,13.015825
726,744,14.274508
727,737,12.69091
727,747,7.0296063
727,758,13.5140915
727,798,13.7564335
728,740,14.394454
728,748,7.1181073
728,752,10.847223
728,768,8.029916
728,777,14.791609
728,785,12.601589
728,786,11.555498
728,812,14.921887
729,740,8.403662
729,759,6.4549646
729,769,7.661089
729,777,14.789362
729,778,13.585854
729,813,14.53847
730,770,11.564457
730,795,12.815588
731,773,9.442584
731,788,11.91643
732,766,6.928143
732,784,11.267373
732,800,12.825789
733,755,11.428457
733,762,11.0374975
733,805,13.190331
734,760,9.951102
734,774,7.847103
735,799,13.1549835
736,746,10.7319355
736,779,11.471636
736,780,8.243389
736,781,12.644292
737,744,10.01011
737,747,9.334388
737,765,7.0478883
738,758,8.092557
738,761,8.80563
738,775,7.3761783
738,824,14.726514
739,794,10.45462
740,748,9.159414
740,759,6.674785
740,769,13.019448
740,777,8.063721
740,786,11.782063
740,813,12.211289
741,778,12.403102
741,782,12.055494
741,826,14.253493
742,772,12.079751
743,762,8.238087
743,801,11.177265
743,828,14.094541
744,765,10.180838
744,807,10.160439
745,792,10.228949
745,802,9.782353
746,767,6.642478
746,780,12.703243
746,781,5.2724
746,822,13.007196
747,765,9.204086
747,798,11.996441
747,811,8.816561
748,752,14.566982
748,759,14.455905
748,768,6.795246
748,777,7.6735425
748,785,13.041899
748,786,5.508312
748,812,10.551527
749,763,10.476849
749,789,9.665807
750,760,8.497644
750,784,14.423191
751,787,5.830141
751,792,12.2972975
751,793,11.478312
751,814,9.679501
751,829,11.770512
752,768,8.876802
752,776,12.805886
752,785,6.146392
752,812,14.479799
752,831,11.492459
753,756,11.817459
753,806,13.855047
753,819,11.667915
753,820,11.442046
753,845,14.318696
754,779,7.713345
754,780,14.494946
754,797,6.17268
754,815,10.32748
754,851,14.4303255
755,790,10.008434
755,805,8.390335
755,852,14.752608
756,788,10.089838
756,806,7.4023867
756,819,11.225989
757,823,14.410703
758,761,13.747036
758,775,6.758056
758,798,7.9651966
758,824,9.832011
759,769,6.7996225
759,777,9.410909
759,778,13.272312
759,786,14.900443
759,813,8.140564
759,825,10.897203
760,774,8.80214
760,846,13.970444
761,775,7.853573
761,776,10.115293
761,824,14.3402405
761,833,10.625749
762,801,10.2628975
762,805,13.664299
762,828,9.429558
762,834,9.888707
763,810,7.4235578
763,843,12.117446
764,767,9.223134
764,818,8.335916
764,822,13.4945755
765,807,9.736185
765,811,10.09509
765,838,10.101308
766,784,7.7195373
766,796,12.067205
766,800,7.135885
766,832,11.429226
767,781,6.429878
767,818,12.459839
767,822,8.669641
768,777,11.810305
768,785,6.2466583
768,786,6.395568
768,812,7.2975664
768,831,11.682693
768,849,12.726548
769,778,6.6153197
769,813,11.413271
769,825,9.230624
770,772,14.109747
770,795,6.3483
770,808,9.498812
770,836,13.533905
770,859,12.78145
771,789,9.789214
771,804,6.0334153
771,835,12.30373
772,808,8.467341
772,858,13.491047
773,788,11.399391
773,793,7.3479395
773,830,8.175846
773,841,13.229309
774,791,12.543982
774,817,8.703917
774,846,13.171718
775,798,12.569717
775,824,7.7051444
775,833,10.222867
776,833,13.937845
776,863,14.191236
777,786,5.684229
777,812,10.204214
777,813,7.974709
777,861,13.532604
777,871,14.743968
778,825,10.286991
778,826,9.323034
779,780,7.2835646
779,797,9.216739
779,815,6.187994
779,840,13.016012
779,851,12.569954
779,868,14.624705
780,781,10.917056
780,815,11.340099
780,840,9.660975
781,822,8.659617
781,840,13.831423
782,816,6.2650995
782,827,11.763821
782,857,14.27862
783,809,7.0886226
783,839,14.782791
784,800,13.355645
784,832,7.0958996
784,860,12.937875
785,786,11.487755
785,812,9.009094
785,831,6.3801026
785,849,10.6963215
785,878,14.734726
786,812,5.5918446
786,813,13.007004
786,831,14.960238
786,849,12.530013
786,861,12.564721
787,792,8.377143
787,793,12.213916
787,814,4.9238806
787,829,5.9434204
787,854,11.293257
788,806,9.859241
788,830,11.407972
788,841,9.982014
788,856,11.613646
789,804,13.610119
789,835,7.0702715
789,862,13.806056
790,795,12.1626425
790,836,9.082663
790,852,8.65907
790,872,14.770497
791,797,12.733168
791,817,8.199608
791,855,12.968492
792,802,10.881907
792,814,11.257711
792,829,7.321759
792,875,13.776811
793,814,10.584095
793,830,9.769264
793,854,13.036955
794,821,9.614411
794,865,12.949074
795,808,13.607302
795,836,7.3883157
795,859,12.777907
796,799,10.599398
796,800,5.4845743
797,815,7.4684725
797,851,9.002339
797,855,11.208325
798,811,10.443052
798,824,9.772649
798,848,8.276239
798,886,14.982508
799,844,13.276642
799,850,8.797629
800,832,13.521918
801,828,5.522551
801,834,12.095236
801,867,12.228558
802,809,10.415854
802,839,6.681565
802,875,14.008229
802,883,13.36147
803,820,13.447671
803,821,11.819769
803,837,7.7678227
803,842,6.0720687
803,877,12.824087
803,879,14.267087
804,835,12.889699
805,828,14.699114
805,834,7.964227
805,852,14.958476
805,866,10.1856985
805,872,12.442343
806,819,5.8851314
806,841,14.89328
806,845,12.097572
806,856,12.615026
807,838,9.61897
807,869,11.774721
807,874,11.359371
808,858,12.696119
808,859,8.444244
808,893,14.5706625
809,839,7.6974134
810,843,6.114516
810,844,8.551639
811,838,8.485139
811,848,10.94556
811,869,13.625581
811,870,10.31173
812,831,10.278913
812,849,6.9468613
812,861,9.245062
812,878,13.554505
812,888,13.36834
813,825,7.263677
813,861,13.933656
813,871,10.510605
814,829,5.0551906
814,854,6.4523163
814,884,11.625456
815,840,12.068365
815,851,6.5015354
815,855,12.940681
815,868,9.940727
816,826,11.863752
816,827,11.9043
816,857,8.279734
816,898,14.555639
816,903,13.772562
817,846,13.2829685
817,897,14.674192
818,822,10.4496565
818,847,11.410298
818,873,10.203748
819,820,10.482978
819,845,6.393078
820,837,7.197253
820,842,14.2871475
820,845,6.814787
820,876,8.847195
820,877,13.732202
821,842,11.196992
821,865,8.545488
821,879,10.9473715
822,873,10.898248
822,881,14.32128
823,853,6.795982
823,885,13.8241415
824,833,9.7023
824,848,11.100498
824,886,11.513164
824,887,13.217675
825,826,14.29641
825,871,13.157157
826,857,8.822316
826,882,10.317682
826,903,14.144545
827,858,14.389981
828,834,6.8615856
828,867,8.20359
829,854,8.397809
829,875,12.723364
829,884,12.633179
830,841,6.4203124
830,856,11.507438
830,864,6.8856936
830,889,14.007381
830,895,14.005149
831,849,7.299245
831,863,11.6711855
831,878,8.857494
831,888,12.94559
832,860,5.8773594
832,880,13.335172
833,887,9.819086
834,866,10.119327
834,867,9.750765
835,862,8.924618
836,852,9.575388
836,859,14.143383
837,842,7.0992174
837,845,12.785062
837,876,8.279651
837,877,8.233636
838,869,5.9639387
838,870,9.720929
838,874,14.051648
838,892,11.573703
838,901,13.428486
839,875,13.263211
839,883,8.661362
839,904,13.360877
840,868,8.510113
840,881,7.8938036
841,856,5.0872283
841,864,5.745243
841,895,10.528618
842,876,12.97259
842,877,7.5623646
842,879,8.844276
843,844,10.118275
843,862,12.114748
843,891,10.497346
843,909,14.836348
844,850,7.8053436
844,891,12.194635
844,896,11.041122
845,876,9.19633
847,873,14.737001
847,885,8.58851
847,900,11.250181
848,870,9.612059
848,886,8.280326
848,890,8.754589
849,861,8.599631
849,878,6.6493797
849,888,7.215227
849,894,11.71983
850,896,11.128889
850,899,14.492361
850,917,13.464813
851,855,7.2013006
851,868,9.532431
852,866,14.630339
852,872,7.626756
853,874,12.729468
853,902,11.104047
853,915,14.406405
853,930,13.289849
854,884,5.199683
854,889,11.148162
856,864,8.925814
856,895,10.047299
857,882,7.289912
857,898,10.154672
857,903,6.476861
857,927,13.246709
858,893,10.128135
858,919,12.183318
859,893,10.72411
859,913,11.950299
860,880,9.7855625
860,910,14.830294
861,871,7.9684877
861,878,13.03444
861,888,9.069656
861,894,7.34403
861,918,12.335673
861,926,14.468923
862,909,10.076875
863,878,12.234444
863,911,13.388485
864,889,10.048312
864,895,7.1866355
865,879,9.506239
865,907,12.269104
866,867,11.641661
866,872,7.5882087
866,908,8.853535
866,922,14.450122
867,916,11.394414
867,922,11.159169
868,881,11.602376
869,870,9.695913
869,874,10.39703
869,892,7.8619637
869,901,7.5266848
869,921,14.730955
869,924,14.766557
869,925,12.518417
870,886,14.359985
870,890,9.061853
870,892,6.3313527
870,901,12.937956
870,921,10.219215
870,925,12.953349
871,894,10.736993
871,918,11.612674
871,936,14.443031
872,908,9.571643
872,932,13.6925535
873,900,11.784301
873,905,7.1080365
873,931,13.786068
874,901,11.190853
874,902,9.43596
874,924,10.255229
875,883,8.427431
875,933,14.345884
876,877,7.7867227
876,941,14.9433975
877,879,9.9842615
878,888,5.6120477
878,894,12.237166
878,926,11.797592
879,942,14.968341
880,910,6.189684
881,914,7.9119697
881,931,14.642931
882,898,12.435373
882,903,6.462851
882,927,11.133061
883,904,7.6814857
883,933,10.92099
884,889,8.312816
884,929,10.581078
884,934,12.91215
885,900,11.408643
885,915,10.55147
885,939,14.549792
885,944,13.150819
885,945,14.94548
886,887,12.655082
886,890,6.8894606
886,912,8.590365
886,951,13.26658
887,911,8.92429
887,912,9.127169
888,894,6.6307034
888,918,12.478808
888,926,7.937644
889,895,11.401116
889,929,14.508532
889,934,9.373249
889,948,12.359302
890,892,11.747962
890,912,12.872286
890,921,9.179563
890,951,12.851644
891,896,8.929271
891,909,10.748451
892,901,7.226923
892,921,6.8931627
892,925,6.859426
892,953,13.326659
893,913,12.176347
893,919,11.394038
893,947,12.81389
894,918,6.292255
894,926,7.732693
894,961,13.38063
895,934,14.6808
895,935,9.57982
895,948,11.258006
896,917,6.674637
896,923,12.256485
896,952,12.693248
897,950,9.664345
898,903,5.9748282
898,927,7.1354833
898,928,6.9645514
899,917,11.297201
899,923,6.6421623
899,938,7.952787
899,952,13.709544
899,955,11.101282
900,905,12.586447
900,939,7.637913
900,944,14.301677
901,921,11.827252
901,924,9.218286
901,925,6.6933675
901,953,9.294814
902,915,13.016178
902,924,8.345341
902,930,6.6711044
902,945,14.791325
902,946,9.5975485
902,956,12.559379
903,927,6.7745595
903,928,12.54634
904,906,9.271259
904,933,8.901784
904,962,14.704972
905,914,11.749226
905,931,6.915391
906,962,13.68548
907,942,11.634366
907,963,12.020365
908,922,11.637099
908,932,11.332549
908,966,13.356797
909,943,11.581269
910,958,11.236102
911,912,13.920811
911,940,6.644238
912,951,8.7671585
912,968,12.301746
913,976,14.224127
914,931,7.7894998
914,960,10.376015
915,930,7.1630845
915,944,8.335286
915,945,5.2973547
915,956,10.79968
915,964,11.230853
915,980,14.838329
916,922,7.9751973
916,957,10.236839
916,959,9.311972
917,923,5.9048963
917,938,13.52721
917,952,6.8860607
917,955,11.270279
917,978,13.673405
918,926,9.380506
918,936,9.971899
918,961,9.212432
918,988,14.287954
919,937,9.160251
919,947,6.8771005
919,965,14.099596
920,935,13.367791
920,941,12.202836
921,925,6.5717306
921,953,12.961336
922,957,7.372452
922,959,12.490827
923,938,7.736558
923,952,7.133654
923,955,6.9539304
923,978,13.932962
923,979,12.48541
924,925,13.365445
924,930,13.0534
924,946,7.367333
924,953,9.995377
924,972,13.85353
925,953,6.92012
926,961,9.734312
927,928,9.981776
928,937,8.747994
929,934,10.724741
929,954,6.2266927
930,944,14.114572
930,945,8.120276
930,946,9.902947
930,956,7.4970255
930,964,12.735211
930,972,12.535489
930,980,12.908164
931,960,10.096829
931,984,11.2340555
932,949,5.9681215
932,966,9.052693
933,962,14.822938
933,981,12.976944
934,948,6.802162
934,975,9.524977
935,948,12.232069
936,961,13.829273
936,988,14.683561
936,1000,13.223753
936,1003,14.745341
937,947,11.5349045
938,952,11.570107
938,955,5.40909
938,979,10.275159
939,944,9.446609
939,971,8.800163
939,985,13.716039
940,969,12.332998
940,986,10.089901
941,982,8.718937
942,963,11.808148
943,967,8.238971
943,993,12.799402
943,998,13.40836
944,945,6.5014315
944,956,13.32721
944,964,8.168952
944,971,9.146962
944,980,14.406856
944,985,9.074451
945,946,14.98689
945,956,7.2233095
945,964,5.9678965
945,971,14.363896
945,972,13.787404
945,980,9.996111
945,985,11.476923
946,953,13.163967
946,956,8.594303
946,972,6.58974
946,980,11.926847
947,965,7.422147
947,992,10.632814
947,996,14.169708
948,975,9.0230465
949,966,11.664343
949,1010,14.869305
950,1001,13.545137
951,968,7.402444
951,974,8.153998
951,991,11.509162
951,999,13.525087
952,955,6.9705005
952,978,7.125394
952,979,9.217761
952,1009,14.771613
954,981,10.862106
955,978,10.506884
955,979,5.8883414
956,964,7.689037
956,972,6.637227
956,980,5.458371
956,985,14.603273
956,1012,14.253249
957,959,7.763963
957,1005,10.538182
958,987,13.071633
958,990,7.8547487
959,1005,12.11515
960,984,9.086975
960,1002,12.599553
961,988,6.470789
961,1000,12.675635
962,977,5.330673
962,994,6.0322146
962,1011,10.444138
964,971,11.855383
964,972,12.489458
964,980,6.488935
964,985,6.9464893
964,1012,9.246977
965,976,9.347234
965,992,8.8067875
965,996,7.122223
965,1007,12.419709
965,1028,12.883001
965,1029,11.884194
966,1004,7.9467506
966,1013,12.369596
966,1022,13.66897
967,973,9.251193
967,993,5.4226
967,997,11.780147
967,998,10.823417
968,974,9.449317
968,991,4.8994637
968,999,12.811976
968,1024,11.70862
969,986,10.354647
969,1032,12.862559
970,989,11.178514
970,1036,14.768057
971,985,6.093236
971,1012,13.8505
971,1018,9.535451
972,980,6.5792136
973,993,10.552543
973,997,4.961527
974,991,9.972435
974,999,5.4894824
974,1024,11.882914
975,1006,14.361119
975,1014,11.379459
976,996,7.680589
976,1007,6.5957284
976,1008,12.243253
976,1029,12.070127
976,1039,13.637221
977,994,5.217396
977,1011,6.95141
978,979,7.974434
978,1009,7.830594
978,1016,13.781595
979,1009,13.891426
979,1038,13.718458
980,985,12.082214
980,1012,9.306113
981,1040,13.752391
982,1015,12.000142
982,1017,7.6599827
982,1033,14.840333
983,998,14.915224
983,1009,12.639379
983,1016,7.4382663
983,1031,9.710015
984,1035,10.884863
985,1012,8.113508
985,1018,8.79095
987,990,9.265877
987,995,6.1490216
987,1023,7.6703076
988,1000,7.3163366
988,1019,11.9267
988,1026,14.12842
988,1044,13.555988
989,1002,9.485166
990,1023,10.494217
991,999,11.083719
991,1024,7.056365
991,1063,14.595585
992,996,9.521589
992,1025,7.2608485
992,1028,7.5100675
992,1029,10.387617
992,1042,12.806911
993,997,10.622344
993,998,8.414921
993,1052,12.430411
994,1011,5.0264745
995,1023,8.717227
995,1056,12.706869
996,1007,6.409805
996,1025,13.916929
996,1028,8.502345
996,1029,5.3004937
996,1039,13.375955
996,1058,12.832081
997,1052,12.986891
997,1064,14.510466
998,1031,12.485337
998,1053,11.925672
999,1024,9.363576
999,1048,10.276616
1000,1003,9.253145
1000,1019,6.5386615
1000,1020,13.626151
1000,1044,14.967309
1001,1034,6.50323
1003,1019,9.8737955
1003,1020,7.154301
1003,1066,14.2655325
1004,1010,13.139277
1004,1013,6.6797466
1004,1022,8.186841
1004,1037,7.8244534
1004,1045,10.293967
1005,1022,12.226107
1005,1046,10.036084
1005,1061,13.650128
1007,1008,10.393195
1007,1028,12.700234
1007,1029,7.659614
1007,1039,7.701425
1007,1058,10.648394
1008,1010,6.0743356
1008,1013,12.906798
1008,1039,8.7709675
1009,1016,7.6493945
1009,1055,9.860369
1010,1013,6.849276
1010,1037,11.022148
1010,1039,13.74388
1012,1018,10.499455
1012,1054,8.563765
1012,1057,13.021889
1012,1062,12.359428
1013,1022,13.431982
1013,1037,5.4108133
1013,1045,12.009685
1014,1040,12.995973
1015,1017,9.495499
1015,1047,7.532744
1015,1059,11.608327
1016,1031,7.578243
1016,1055,8.603705
1017,1033,11.030859
1017,1047,12.478324
1017,1059,8.689922
1017,1070,12.094363
1018,1054,11.788615
1018,1057,8.130679
1019,1020,10.230169
1019,1044,12.325066
1020,1041,12.364307
1020,1066,7.6061788
1021,1027,9.262644
1021,1041,10.275767
1021,1049,10.176128
1021,1073,13.9253
1022,1037,10.928551
1022,1045,6.853362
1022,1046,14.784317
1022,1061,8.703446
1023,1056,12.2326765
1023,1071,11.222144
1024,1048,10.228621
1024,1063,8.084537
1024,1076,14.712279
1024,1083,14.51251
1025,1028,6.577762
1025,1029,11.688859
1025,1042,5.5524535
1025,1067,13.064802
1025,1068,10.877554
1025,1078,11.923169
1026,1032,10.276931
1026,1044,9.682861
1026,1077,11.84423
1027,1042,13.240997
1027,1049,13.155427
1027,1067,10.205676
1027,1073,10.953777
1028,1029,5.1511674
1028,1042,10.418312
1028,1058,11.341698
1028,1068,8.361024
1028,1078,14.210462
1029,1039,11.7285185
1029,1058,8.350415
1029,1068,10.331279
1030,1050,8.655688
1030,1051,5.917546
1031,1053,8.924372
1031,1055,11.583487
1032,1072,10.185905
1033,1059,13.929703
1033,1070,10.524174
1033,1079,14.733426
1034,1082,13.907226
1035,1043,7.520352
1035,1075,10.611273
1035,1081,10.922488
1036,1074,9.272869
1037,1045,7.223774
1037,1087,11.523452
1038,1065,5.1127706
1038,1069,12.782775
1038,1080,9.5466175
1039,1058,7.9882083
1039,1097,14.879902
1041,1049,7.5343747
1041,1066,6.615915
1042,1067,7.9724665
1042,1068,10.191011
1042,1078,7.09285
1043,1075,6.0386133
1043,1081,11.272735
1043,1086,9.415078
1044,1077,8.415025
1045,1061,8.353602
1045,1087,10.089209
1046,1061,9.445525
1047,1050,12.140296
1047,1059,8.392428
1047,1088,8.736622
1047,1098,12.40963
1048,1060,11.191163
1048,1063,9.89731
1048,1083,7.9199305
1048,1095,14.298519
1048,1099,13.73733
1048,1101,12.422181
1048,1113,14.838865
1049,1066,12.828435
1049,1073,7.7838564
1050,1051,9.758328
1050,1088,13.293058
1051,1112,14.313356
1052,1064,13.505125
1052,1089,13.1012125
1052,1094,10.399516
1053,1089,9.419792
1053,1104,12.552152
1054,1057,8.054397
1054,1062,7.8845534
1054,1092,8.345549
1054,1100,12.613999
1055,1090,9.967386
1056,1065,13.718952
1056,1069,5.45471
1056,1071,7.1338277
1056,1091,7.2921934
1056,1106,14.904687
1057,1086,10.808009
1057,1092,9.126565
1058,1068,9.309507
1058,1097,9.028454
1059,1070,7.0657372
1059,1088,12.16731
1059,1098,8.854249
1060,1083,14.774805
1060,1099,9.694238
1060,1101,13.524484
1060,1109,11.432806
1061,1087,14.910328
1062,1084,8.901591
1062,1092,11.671538
1062,1100,10.342225
1063,1076,8.226916
1063,1083,8.829664
1063,1095,7.996114
1063,1113,14.265144
1063,1125,14.947269
1065,1069,8.96777
1065,1080,7.565585
1065,1091,13.379607
1067,1073,9.093622
1067,1078,8.638657
1068,1078,8.939694
1068,1097,11.17398
1068,1120,13.810147
1069,1071,11.101494
1069,1091,5.507941
1069,1127,13.7117
1070,1098,9.730282
1070,1105,9.8885765
1070,1122,12.77251
1071,1085,11.196705
1071,1091,8.739775
1071,1106,9.192831
1071,1123,12.508072
1072,1096,7.8997574
1072,1118,11.955607
1073,1133,14.761416
1074,1082,8.28604
1074,1116,12.172132
1075,1081,7.188333
1075,1086,8.685931
1075,1132,13.93811
1076,1083,14.231044
1076,1095,7.7545795
1076,1096,14.047645
1076,1102,8.358794
1076,1125,12.401447
1077,1110,8.359318
1078,1128,12.402356
1079,1105,14.451654
1080,1090,11.51201
1080,1114,13.431248
1082,1107,8.365903
1082,1116,8.052497
1082,1141,13.556423
1083,1095,7.9282274
1083,1099,11.326285
1083,1101,6.8527164
1083,1113,7.1191945
1083,1125,12.5525465
1083,1136,12.613865
1084,1100,10.712307
1084,1117,11.223243
1084,1135,12.384805
1085,1093,7.4230185
1085,1106,10.37645
1085,1124,8.541738
1086,1132,12.148675
1087,1111,5.760046
1087,1143,14.427843
1088,1098,8.777447
1088,1131,10.571436
1089,1094,6.585128
1089,1104,11.015732
1090,1114,6.426197
1090,1140,13.235072
1091,1106,11.27449
1091,1123,9.6706295
1091,1127,10.093928
1091,1153,14.9156885
1092,1100,7.7856164
1093,1107,11.019968
1093,1124,11.765057
1093,1148,13.859241
1094,1134,13.225492
1095,1101,12.603412
1095,1102,13.275725
1095,1113,8.639708
1095,1125,6.9539123
1095,1136,12.387214
1096,1102,7.3847775
1096,1118,13.022657
1097,1120,7.8577185
1097,1130,11.584051
1097,1145,11.690195
1098,1105,12.155296
1098,1122,7.9343257
1098,1131,8.91196
1099,1101,5.8793297
1099,1109,7.9596014
1099,1113,11.361918
1099,1136,14.087583
1099,1139,10.455625
1099,1149,11.820002
1100,1135,10.862625
1101,1109,13.662095
1101,1113,5.574033
1101,1125,13.944935
1101,1136,9.372923
1101,1139,8.932605
1101,1149,13.436589
1102,1125,13.739325
1103,1119,8.707996
1103,1157,12.639955
1104,1155,13.388566
1105,1122,7.898279
1105,1147,14.34254
1105,1173,14.836538
1106,1123,6.0728865
1106,1124,8.146512
1106,1127,14.753775
1106,1154,9.350566
1106,1164,12.501043
1107,1116,7.5855594
1107,1141,6.7901464
1107,1148,12.808492
1107,1159,14.363192
1107,1166,12.546233
1108,1156,9.263485
1109,1117,11.240239
1109,1139,14.482796
1109,1142,10.428121
1109,1149,11.6286335
1110,1118,13.807047
1110,1119,13.469299
1110,1137,7.4773183
1110,1175,14.151997
1111,1143,9.547509
1112,1144,7.56129
1112,1181,14.963205
1113,1125,8.406853
1113,1136,5.494706
1113,1139,9.517837
1114,1140,7.122142
1115,1126,7.9238963
1115,1185,14.758126
1116,1141,7.874911
1116,1159,9.032719
1116,1166,12.045443
1117,1135,11.497587
1117,1142,10.420531
1118,1183,13.081679
1119,1137,9.050779
1119,1157,8.56594
1119,1179,13.0646
1120,1130,13.662401
1120,1145,9.898249
1120,1146,8.469212
1120,1176,12.218773
1121,1169,10.489984
1121,1177,13.398737
1122,1131,8.830421
1122,1161,12.024634
1122,1173,11.9800005
1123,1124,12.860723
1123,1127,9.068302
1123,1153,9.399046
1123,1154,9.65092
1123,1164,9.009679
1124,1148,10.741178
1124,1154,8.128781
1124,1164,14.490513
1124,1182,12.260134
1125,1136,8.564025
1126,1185,12.5893955
1126,1186,14.990716
1127,1153,5.9927254
1127,1164,13.441771
1127,1189,12.969486
1128,1133,8.341767
1128,1146,10.932886
1128,1163,7.7302685
1128,1165,11.645358
1129,1151,7.3931084
1129,1158,6.4479394
1130,1145,6.0674376
1130,1168,14.762899
1130,1188,14.128194
1131,1161,7.3195667
1131,1162,10.097409
1131,1193,13.937512
1132,1170,13.072482
1133,1163,11.254486
1133,1165,7.4677734
1134,1152,8.119162
1134,1178,10.487967
1136,1139,7.2190757
1136,1149,13.823835
1137,1157,13.35329
1137,1175,9.73298
1137,1179,13.536809
1138,1150,5.777188
1138,1171,10.009417
1138,1172,8.812407
1139,1142,14.2895975
1139,1149,6.6430097
1140,1202,13.511898
1141,1148,10.502669
1141,1159,9.416763
1141,1166,5.768065
1141,1187,11.798872
1142,1149,7.812712
1143,1168,7.1347685
1143,1180,7.930805
1143,1188,12.765863
1143,1192,12.22329
1144,1152,14.31251
1144,1181,7.713746
1144,1194,13.514765
1144,1196,12.447426
1144,1217,14.771909
1145,1146,14.497844
1145,1176,13.524745
1146,1163,9.887543
1146,1176,6.3810916
1146,1215,14.776259
1147,1186,10.589835
1147,1212,13.949464
1148,1154,14.363409
1148,1166,11.2479515
1148,1182,11.486334
1148,1187,7.5568476
1150,1171,13.310616
1150,1172,4.8778524
1151,1158,10.532912
1152,1178,11.665377
1152,1181,14.806377
1152,1196,11.634562
1152,1200,11.702995
1153,1154,14.593784
1153,1164,8.966341
1153,1189,7.9318805
1153,1204,12.069687
1154,1164,6.6758847
1154,1182,7.7998743
1154,1204,14.252627
1154,1218,13.546962
1155,1197,7.942388
1155,1224,14.39703
1156,1167,9.401426
1156,1190,12.5547285
1156,1198,8.664974
1157,1179,6.495745
1157,1195,14.649068
1157,1208,13.974486
1157,1214,12.833426
1157,1221,14.715642
1158,1177,10.480087
1159,1166,8.325146
1159,1223,12.914902
1160,1195,11.066235
1161,1162,7.111856
1161,1173,12.747549
1161,1193,6.636955
1161,1213,12.944006
1161,1222,11.979019
1162,1193,10.317736
1162,1194,12.714413
1162,1213,10.030333
1162,1222,13.590748
1163,1165,8.80094
1163,1176,12.346216
1163,1215,10.548707
1164,1182,11.360826
1164,1189,12.60934
1164,1204,8.660952
1164,1218,11.96572
1166,1187,8.524606
1166,1219,10.75947
1166,1223,14.828019
1167,1198,11.078468
1167,1203,9.050411
1167,1226,13.332186
1167,1231,14.683235
1168,1180,7.2623944
1168,1188,5.7527685
1168,1192,13.317019
1168,1210,8.702484
1169,1177,10.4005165
1169,1184,9.09269
1169,1211,10.121748
1170,1199,5.789222
1170,1230,12.902991
1171,1172,12.271398
1171,1180,11.539367
1171,1192,6.212197
1172,1228,12.459873
1172,1237,14.404624
1173,1193,12.115738
1173,1216,11.621177
1174,1209,10.3657465
1175,1179,14.3221035
1175,1183,14.051334
1175,1207,6.498669
1175,1208,10.506918
1175,1239,13.150378
1175,1240,14.2769375
1176,1215,11.832161
1177,1211,8.779295
1177,1241,13.098568
1178,1200,10.222993
1179,1208,7.6738443
1179,1214,9.78391
1179,1221,8.63309
1179,1240,14.667858
1179,1242,13.980026
1180,1188,11.765532
1180,1192,6.0591035
1180,1210,11.136771
1180,1246,14.003383
1181,1194,10.484497
1181,1196,6.611927
1181,1217,7.183563
1182,1187,12.29414
1182,1204,14.794052
1182,1218,9.229462
1182,1243,14.00541
1183,1206,4.285714
1183,1207,13.389276
1183,1209,12.098164
1184,1185,11.821251
1184,1211,14.900002
1184,1247,14.506415
1185,1186,10.578949
1186,1212,10.355797
1187,1219,8.463214
1188,1210,5.769444
1189,1202,12.61136
1189,1204,9.329483
1189,1229,9.867791
1190,1191,7.1287336
1190,1198,9.5398655
1191,1220,11.322944
1191,1244,13.56008
1192,1246,14.667582
1193,1213,9.701366
1193,1222,5.5789347
1194,1213,11.784243
1194,1217,10.538262
1194,1238,9.897865
1195,1214,10.390894
1195,1232,10.013797
1196,1200,8.550806
1196,1217,8.355324
1197,1201,13.358497
1197,1224,6.4751506
1198,1226,8.361239
1199,1205,12.490775
1199,1230,9.921082
1199,1235,12.1007
1200,1272,14.495499
1201,1224,13.648809
1201,1248,12.200612
1202,1229,11.427905
1202,1262,13.750987
1203,1223,13.152431
1203,1226,11.818723
1203,1231,6.293631
1203,1249,11.983909
1204,1218,8.883606
1204,1229,13.18115
1204,1243,13.772289
1204,1256,12.125759
1205,1225,13.774643
1205,1235,8.000775
1205,1236,7.790369
1205,1260,14.779217
1206,1207,12.408714
1206,1209,10.666796
1206,1239,14.355608
1206,1245,11.211471
1207,1208,10.118334
1207,1239,6.736551
1207,1240,10.011236
1207,1245,10.779446
1207,1274,13.5149
1208,1214,13.144021
1208,1221,6.461609
1208,1239,12.359249
1208,1240,7.4147973
1208,1242,13.694902
1210,1246,10.481431
1210,1254,10.348493
1211,1241,7.9998927
1211,1251,8.80419
1211,1270,13.706008
1212,1216,5.7029457
1212,1261,12.552063
1213,1222,7.8613973
1213,1238,10.117353
1213,1271,13.793115
1213,1280,14.7815485
1214,1221,7.9560866
1214,1232,8.414078
1214,1242,6.587348
1215,1268,13.863453
1217,1238,12.1190815
1217,1275,12.549447
1218,1243,6.5297475
1218,1256,10.769212
1219,1223,12.871348
1219,1252,9.027325
1220,1230,13.390065
1220,1234,8.045275
1220,1244,7.057058
1220,1266,11.809484
1221,1232,14.982727
1221,1240,8.776649
1221,1242,7.2360806
1222,1271,10.602169
1223,1231,12.336421
1223,1252,12.638881
1223,1277,11.605277
1225,1236,9.355189
1225,1260,8.552433
1225,1282,11.890414
1226,1231,11.061589
1226,1249,7.2288523
1227,1257,5.813614
1227,1278,10.620649
1227,1288,13.31489
1228,1237,6.4014897
1228,1264,6.2262335
1228,1269,8.91945
1229,1262,13.161466
1229,1273,8.861296
1229,1286,12.113146
1230,1234,6.899636
1230,1235,14.543997
1230,1265,7.3511314
1230,1292,14.374913
1231,1249,7.4502673
1231,1296,14.685719
1232,1242,9.112872
1232,1267,10.179318
1233,1289,9.512903
1234,1244,10.394339
1234,1265,9.560696
1234,1266,12.903501
1235,1236,8.115121
1235,1260,13.897921
1235,1265,14.257529
1235,1287,9.776192
1235,1292,12.870631
1236,1260,7.0781345
1236,1282,13.122705
1236,1287,10.506501
1237,1264,6.6252885
1237,1269,12.683905
1238,1275,12.575983
1238,1280,9.688107
1238,1285,10.488421
1238,1299,14.662462
1239,1240,7.542558
1239,1245,6.526901
1239,1274,6.8859725
1239,1297,14.020929
1240,1242,14.019247
1240,1245,13.905444
1240,1274,8.971039
1241,1251,5.617742
1241,1270,6.1082506
1243,1256,8.30928
1244,1263,12.567844
1244,1266,4.9270124
1245,1274,9.12566
1245,1297,10.027602
1246,1254,5.0626774
1246,1255,5.2418633
1246,1294,14.853132
1246,1302,11.821388
1246,1304,13.78196
1246,1309,14.285602
1247,1259,10.972189
1247,1279,7.8504333
1247,1284,8.463596
1247,1307,13.064315
1248,1262,14.212463
1248,1301,12.884046
1250,1267,14.24356
1250,1305,13.462149
1251,1270,7.059604
1251,1279,14.997001
1252,1277,8.951446
1252,1318,12.574466
1253,1258,7.538165
1253,1268,8.114795
1253,1281,13.973338
1253,1291,13.614669
1254,1255,8.785355
1254,1281,13.070031
1254,1294,9.950334
1254,1302,12.236826
1254,1304,10.219905
1254,1309,12.710518
1255,1302,8.066132
1255,1304,13.846444
1255,1309,12.076128
1256,1286,10.106781
1256,1324,14.046133
1257,1278,5.8295345
1257,1288,9.541206
1257,1315,13.932661
1258,1281,6.830326
1258,1294,12.907112
1258,1322,14.391832
1259,1261,7.4519005
1259,1284,6.915307
1259,1307,12.640683
1260,1282,6.0448084
1260,1287,10.52256
1261,1284,13.534752
1261,1298,14.996072
1262,1273,8.877665
1263,1266,10.876213
1263,1293,6.952488
1263,1311,10.500861
1263,1319,12.462204
1264,1269,6.5700855
1264,1313,12.331517
1264,1314,14.840486
1265,1292,7.8961926
1266,1311,13.379944
1267,1305,10.68131
1268,1291,5.6207685
1268,1312,11.6666155
1269,1313,10.1377325
1269,1314,10.500635
1270,1289,14.074021
1271,1280,11.53768
1271,1299,10.377928
1271,1317,13.351262
1272,1275,11.420866
1272,1276,9.803216
1272,1321,13.518228
1272,1335,13.099904
1273,1286,8.597539
1274,1297,10.359639
1274,1328,13.098948
1275,1280,13.624285
1275,1285,6.064458
1275,1306,10.106311
1275,1321,11.279359
1275,1323,11.205697
1276,1290,13.900623
1276,1295,7.164818
1277,1296,7.426869
1277,1318,8.294036
1278,1288,12.781519
1278,1303,14.065543
1278,1315,14.394311
1279,1284,10.225937
1279,1307,10.550232
1279,1316,9.50555
1279,1326,11.4024935
1280,1285,7.8347535
1280,1299,5.0387387
1280,1306,9.320285
1281,1294,6.1046586
1281,1304,12.500333
1281,1322,9.249264
1281,1338,13.50353
1282,1287,13.743795
1283,1288,8.203967
1283,1315,12.460019
1283,1320,8.210406
1283,1327,11.511136
1284,1307,6.3076024
1284,1326,12.239874
1284,1334,13.786143
1285,1299,11.162865
1285,1306,5.738532
1285,1321,13.076477
1285,1323,10.069239
1286,1324,14.731212
1287,1292,10.290056
1287,1336,13.73201
1288,1315,7.032385
1288,1320,11.415918
1288,1327,9.672558
1289,1330,11.549585
1290,1295,7.7007117
1290,1300,8.910446
1290,1310,6.4280014
1290,1332,12.858908
1290,1342,13.615973
1291,1312,6.4879723
1292,1336,11.714856
1293,1311,8.068939
1293,1319,6.0706134
1293,1325,11.109815
1293,1344,12.6751585
1293,1346,14.060995
1294,1304,6.39573
1294,1309,12.355565
1294,1322,8.267824
1294,1338,13.066107
1294,1340,12.033803
1295,1310,9.788897
1295,1342,12.309079
1295,1350,13.462448
1296,1318,10.481757
1296,1353,14.460033
1297,1329,11.641977
1297,1352,13.277278
1298,1317,13.801536
1299,1306,9.859841
1300,1301,10.851382
1300,1310,7.945698
1300,1332,7.8984895
1301,1332,14.368559
1302,1304,10.019606
1302,1309,5.2607756
1302,1331,8.0408125
1302,1345,12.315315
1303,1347,12.406898
1304,1309,6.0166435
1304,1322,11.3875065
1304,1331,10.101439
1304,1340,9.925009
1305,1343,9.211511
1306,1321,11.182241
1306,1323,6.177834
1307,1316,11.548212
1307,1326,6.3573217
1307,1334,10.865489
1308,1328,10.011951
1309,1331,5.030658
1309,1340,12.346247
1309,1345,11.491899
1310,1332,7.348466
1310,1342,8.143232
1310,1350,14.263494
1311,1319,7.0526247
1311,1325,14.488325
1311,1344,8.12067
1311,1346,13.479537
1311,1359,12.266006
1312,1360,11.915854
1313,1314,4.712782
1315,1320,10.402377
1315,1327,4.9936194
1316,1326,6.825825
1316,1333,7.6819916
1317,1366,14.971392
1318,1348,12.7806015
1318,1351,9.882567
1319,1325,7.4525642
1319,1344,7.22184
1319,1346,8.1936
1319,1359,13.657457
1319,1362,13.674487
1320,1327,6.3448796
1320,1339,8.238765
1321,1323,5.7397466
1321,1335,5.252443
1321,1341,10.971946
1321,1349,7.0640736
1322,1338,4.8151555
1322,1340,8.604974
1323,1335,10.779321
1323,1349,9.022205
1324,1354,10.61696
1324,1367,13.706423
1325,1337,9.578166
1325,1344,11.653497
1325,1346,6.689888
1325,1362,13.9846735
1326,1333,13.331584
1326,1334,14.034634
1327,1339,12.567755
1329,1352,8.776627
1329,1356,8.565414
1330,1365,14.897321
1330,1370,13.888337
1331,1340,12.443515
1331,1345,6.8225646
1331,1364,14.672333
1332,1342,10.401471
1335,1341,5.825055
1335,1349,7.0841026
1335,1355,12.835305
1336,1363,11.233082
1336,1368,10.201886
1337,1346,12.587309
1337,1353,10.170417
1337,1358,7.2510715
1337,1378,13.433395
1338,1340,9.334077
1341,1349,9.640863
1341,1350,11.367869
1341,1355,7.0478673
1341,1384,13.560952
1342,1350,7.290766
1342,1355,13.906655
1342,1380,13.285972
1343,1376,11.836222
1344,1346,7.144376
1344,1359,6.51324
1344,1362,8.093343
1344,1385,13.167713
1345,1364,8.256927
1345,1399,14.800631
1346,1359,11.986959
1346,1362,7.299228
1346,1378,13.522635
1347,1373,13.563683
1347,1375,14.496458
1348,1351,8.573874
1348,1389,12.692193
1349,1355,14.802887
1350,1355,6.685937
1350,1380,11.090186
1351,1353,12.653176
1351,1389,12.787928
1352,1356,10.8034
1352,1382,12.975543
1352,1406,14.558618
1353,1358,6.760792
1354,1361,7.1775107
1354,1367,7.884126
1354,1397,12.005705
1355,1380,11.73995
1355,1384,9.902049
1355,1412,14.06461
1356,1373,13.545635
1356,1390,10.265802
1356,1395,14.579753
1356,1406,14.990589
1357,1363,12.373366
1357,1383,9.736585
1357,1393,10.791388
1358,1378,9.911803
1359,1362,8.046794
1359,1385,7.4356627
1359,1392,11.158853
1360,1398,10.220274
1361,1367,12.416255
1361,1371,10.771527
1361,1397,8.430107
1361,1410,12.494114
1362,1378,12.577117
1362,1385,9.416684
1362,1419,14.442362
1363,1368,8.038134
1363,1383,8.713077
1364,1399,7.629556
1364,1426,14.718792
1365,1370,14.710037
1365,1416,11.363276
1366,1372,13.063018
1366,1400,7.853387
1366,1405,11.008524
1366,1423,14.325723
1366,1433,13.9510975
1367,1374,12.41003
1367,1397,11.537186
1367,1407,9.204163
1368,1381,8.077019
1369,1387,5.242411
1370,1404,11.327252
1370,1417,9.711563
1371,1397,13.547305
1371,1410,9.506461
1371,1413,10.283779
1371,1440,14.181623
1372,1391,7.8963046
1372,1405,8.760593
1372,1432,12.139756
1373,1390,13.527022
1373,1395,4.710178
1373,1415,9.093905
1374,1402,7.489425
1374,1407,10.513522
1374,1437,12.534996
1375,1379,11.403578
1375,1408,5.9308076
1376,1422,10.009549
1377,1386,12.986337
1377,1413,14.932485
1377,1428,10.681373
1378,1419,9.130942
1378,1429,13.726662
1379,1403,8.973391
1379,1408,13.661953
1380,1384,13.337876
1380,1401,5.2034817
1380,1412,6.860367
1380,1418,10.954846
1381,1394,12.014845
1381,1438,14.885119
1381,1442,12.652243
1381,1447,14.702218
1382,1406,11.785362
1382,1430,14.517087
1383,1393,9.568674
1384,1409,6.2916303
1384,1412,10.19905
1385,1392,6.6259828
1385,1420,8.529131
1385,1425,14.790709
1386,1414,5.588344
1386,1446,12.145697
1388,1391,11.039344
1388,1436,9.99896
1389,1402,9.882066
1389,1441,10.724057
1390,1395,10.990079
1390,1406,8.0434265
1390,1415,10.622938
1390,1434,8.2224045
1391,1405,12.4039345
1391,1432,11.218567
1391,1436,9.708244
1391,1444,12.175796
1392,1393,9.038378
1392,1420,6.6673884
1392,1425,9.079963
1393,1420,13.196991
1393,1425,8.101689
1394,1403,13.575993
1394,1438,9.098219
1394,1443,13.6418495
1394,1447,14.138968
1395,1415,4.3976755
1395,1434,14.59903
1395,1450,11.670342
1396,1423,13.926792
1396,1427,7.1275635
1397,1407,13.870704
1397,1410,8.308816
1397,1453,12.961297
1398,1421,5.827161
1398,1435,10.276937
1398,1448,12.539283
1399,1424,11.843869
1399,1426,7.2950926
1399,1456,14.146178
1400,1405,9.287357
1400,1423,6.9659433
1400,1432,14.479267
1400,1433,6.5942907
1400,1451,11.300092
1401,1412,7.7376494
1401,1418,5.820467
1401,1445,11.590232
1402,1407,14.001252
1402,1437,8.580862
1402,1441,9.888387
1403,1443,10.058543
1404,1417,11.7091465
1405,1423,14.779336
1405,1432,6.623281
1405,1433,9.406366
1405,1444,12.368815
1406,1434,8.892119
1407,1437,11.448723
1409,1412,14.001764
1409,1457,12.151371
1410,1413,11.093516
1410,1440,10.276033
1410,1452,9.385952
1410,1453,11.899133
1411,1429,9.67732
1411,1458,14.704191
1412,1418,12.436034
1413,1428,11.628622
1413,1440,5.9796443
1413,1449,10.257706
1413,1452,12.187747
1413,1469,13.625401
1414,1418,13.77561
1414,1445,13.577124
1414,1446,6.55943
1415,1434,11.561833
1415,1450,7.4321694
1416,1417,13.714286
1416,1466,12.627457
1418,1445,6.4569325
1418,1446,14.835426
1419,1429,13.220242
1420,1425,8.186008
1420,1455,9.781294
1420,1459,11.350685
1421,1435,10.010946
1421,1448,6.726542
1421,1462,12.415568
1421,1464,10.839148
1422,1435,13.6603155
1423,1427,12.183782
1423,1433,6.7839184
1423,1451,6.083984
1424,1426,6.3382053
1424,1439,5.6310105
1424,1456,8.15774
1424,1481,13.58383
1425,1455,14.910728
1425,1459,8.006901
1426,1439,11.643745
1426,1456,6.986411
1426,1481,14.442259
1427,1451,14.796646
1428,1440,13.537453
1428,1449,8.7778845
1428,1469,14.658814
1429,1458,7.3738
1430,1461,9.132834
1430,1470,10.324687
1432,1433,11.406166
1432,1436,13.781555
1432,1444,5.803555
1432,1476,12.022115
1433,1451,6.7045293
1434,1450,11.80697
1435,1448,13.813483
1435,1464,12.770016
1436,1444,10.1242285
1437,1441,10.348517
1437,1467,13.518315
1437,1473,9.818925
1437,1486,14.584254
1438,1442,11.093452
1438,1443,11.420305
1438,1447,6.4812975
1438,1468,8.774589
1438,1475,12.04573
1439,1456,10.479083
1439,1479,11.345854
1439,1481,12.659175
1440,1449,7.7045846
1440,1452,6.8229275
1440,1469,8.559028
1440,1477,12.401245
1441,1467,7.623296
1441,1472,14.7159195
1441,1486,14.756013
1442,1447,5.4524074
1442,1454,7.4276214
1442,1474,10.010512
1442,1475,10.476179
1443,1460,11.468446
1443,1468,10.608314
1443,1485,11.181917
1444,1476,9.881295
1444,1487,12.09675
1445,1446,11.608533
1445,1488,11.945284
1446,1498,13.754883
1447,1454,11.6982765
1447,1468,10.555812
1447,1474,11.183208
1447,1475,7.583322
1448,1462,5.786322
1448,1464,6.496924
1448,1500,13.984329
1449,1452,12.553554
1449,1469,5.9067507
1449,1477,14.917507
1450,1489,13.512356
1450,1494,12.878461
1450,1504,14.763307
1452,1453,9.579096
1452,1469,9.697902
1452,1477,7.0047817
1452,1492,12.431964
1453,1465,7.0297585
1453,1477,10.616914
1453,1492,12.897935
1453,1495,11.2728195
1454,1474,6.7574434
1454,1475,12.384721
1454,1484,9.133421
1455,1459,11.738719
1456,1479,13.202105
1456,1481,7.5263615
1457,1490,9.646777
1458,1503,13.47218
1459,1516,14.495322
1460,1478,5.9997845
1460,1485,10.127573
1460,1509,11.231313
1460,1520,14.738827
1461,1470,9.378857
1461,1482,8.506973
1461,1491,8.089267
1461,1519,14.91612
1462,1464,8.255406
1462,1480,9.670647
1462,1500,9.44765
1462,1515,14.0065
1463,1496,9.78618
1464,1500,11.442245
1465,1473,14.801787
1465,1477,14.692203
1465,1492,14.257695
1465,1495,9.083208
1465,1499,9.708897
1466,1483,5.717213
1466,1514,10.562159
1467,1472,11.005383
1467,1473,14.307123
1467,1486,8.778779
1468,1475,9.63136
1468,1485,10.708034
1468,1512,12.122723
1469,1477,9.611947
1469,1492,13.734852
1470,1491,11.294327
1471,1497,10.516464
1471,1507,10.550508
1472,1503,10.286455
1473,1486,9.058933
1473,1499,14.159261
1473,1502,8.434213
1474,1475,7.5693593
1474,1484,7.9670763
1474,1512,13.3433275
1474,1530,14.737436
1475,1512,8.852153
1476,1487,10.029192
1476,1522,14.173464
1477,1492,5.563677
1477,1495,10.538953
1477,1531,14.807861
1478,1485,13.441198
1478,1493,13.539972
1478,1509,10.873171
1478,1520,10.349552
1478,1524,13.985635
1479,1481,7.889606
1479,1501,13.451362
1479,1511,9.740636
1480,1500,9.983571
1480,1501,6.619056
1480,1511,11.62756
1480,1515,7.6314483
1480,1532,13.759577
1482,1491,5.858883
1482,1519,8.478701
1482,1529,12.549759
1483,1514,7.1560764
1483,1537,14.428962
1484,1530,13.205642
1484,1547,13.928063
1485,1509,7.2547927
1485,1523,9.345151
1486,1502,10.716817
1486,1553,14.306116
1487,1522,7.1333084
1488,1498,11.311241
1489,1493,11.986694
1489,1494,9.710948
1489,1504,6.3142805
1489,1506,6.45101
1489,1528,12.82447
1491,1519,7.247748
1491,1529,13.8904085
1492,1495,6.925968
1492,1531,9.575398
1492,1534,12.279034
1493,1506,7.095784
1493,1520,14.115182
1493,1524,7.9552207
1493,1528,9.307329
1493,1552,13.006828
1494,1504,4.6609626
1494,1506,14.80218
1494,1510,5.92809
1494,1513,12.596776
1495,1499,8.575837
1495,1531,11.843698
1495,1534,10.488871
1496,1555,14.709467
1497,1507,13.057367
1497,1521,5.8669686
1497,1525,6.767798
1497,1526,12.859151
1498,1533,11.061814
1499,1502,9.162438
1499,1534,12.448463
1499,1550,11.510392
1500,1501,13.398514
1500,1515,7.754173
1500,1532,11.5867195
1501,1511,5.5166183
1501,1515,6.7218003
1501,1532,10.784517
1501,1540,10.342844
1501,1548,14.038471
1504,1506,10.333083
1504,1510,10.012623
1504,1528,14.6287985
1506,1524,11.892196
1506,1528,6.7829947
1506,1552,12.929958
1507,1525,12.990421
1507,1526,6.4761
1507,1556,12.265956
1508,1541,9.821193
1508,1542,9.65904
1509,1520,8.826072
1509,1523,8.439476
1510,1513,6.701126
1510,1517,14.712768
1511,1515,11.633548
1511,1532,13.804638
1511,1540,9.29485
1511,1548,10.63001
1511,1554,14.552346
1512,1523,14.005166
1512,1530,14.552443
1512,1539,9.214465
1513,1517,8.01391
1513,1536,14.856915
1514,1537,7.314315
1515,1532,6.210507
1515,1540,11.334608
1515,1567,13.471954
1516,1551,12.152101
1516,1565,11.018313
1517,1536,7.881049
1518,1533,11.207962
1518,1543,7.4358454
1519,1529,7.155338
1520,1524,8.539482
1520,1545,7.387627
1520,1552,14.228998
1520,1562,12.480196
1521,1525,4.721172
1521,1526,14.004976
1521,1541,10.9015875
1523,1571,13.075556
1524,1528,8.423219
1524,1545,7.637859
1524,1552,7.3867226
1524,1562,9.553632
1524,1575,14.251354
1525,1526,9.438689
1525,1541,14.362273
1526,1556,8.244435
1527,1557,7.4213557
1528,1545,13.85672
1528,1552,6.3386836
1528,1562,12.303287
1528,1575,11.471409
1529,1576,10.548513
1530,1538,11.936978
1530,1539,9.055075
1530,1547,7.149289
1530,1579,11.86156
1531,1534,6.512448
1531,1550,14.563998
1531,1561,11.833766
1531,1592,14.901658
1532,1540,8.630874
1532,1548,14.362981
1532,1567,7.598909
1532,1588,12.723848
1533,1543,14.258086
1533,1549,12.725749
1533,1572,9.802579
1533,1574,10.126665
1534,1550,8.128209
1534,1578,11.727765
1536,1569,10.023917
1536,1582,10.106707
1536,1587,12.182051
1537,1584,11.396563
1538,1547,4.83107
1538,1551,9.384886
1538,1579,13.693086
1538,1585,12.057021
1539,1571,14.943573
1539,1579,14.801539
1540,1548,5.758966
1540,1554,12.555639
1540,1567,7.700686
1540,1588,13.578764
1541,1542,8.967918
1541,1573,9.36716
1542,1573,8.497558
1542,1593,13.328184
1543,1561,9.234311
1543,1572,12.8042145
1543,1580,10.431773
1543,1591,13.618027
1545,1552,8.883157
1545,1562,5.221995
1545,1575,13.092016
1545,1586,10.620939
1546,1549,10.600633
1546,1563,9.3637085
1547,1551,14.181616
1547,1579,11.112378
1547,1585,11.779484
1548,1554,6.828409
1548,1567,11.565724
1549,1574,9.264414
1550,1578,8.841594
1550,1595,12.687654
1551,1565,8.483151
1552,1562,6.067717
1552,1575,6.9747734
1552,1586,12.834271
1552,1596,14.894004
1553,1564,7.772977
1553,1590,14.641202
1557,1583,13.908968
1557,1597,12.994186
1557,1609,14.498927
1558,1559,5.5496345
1558,1566,10.991689
1558,1570,6.496638
1558,1583,14.975956
1559,1560,11.860322
1559,1566,5.707262
1559,1570,11.535186
1559,1604,12.563297
1560,1563,7.5294685
1560,1566,6.3666253
1560,1604,14.884333
1561,1580,7.9064035
1561,1591,14.864006
1561,1592,10.681366
1561,1619,14.993059
1562,1575,8.049298
1562,1586,7.4364257
1562,1613,13.967683
1563,1566,13.895878
1564,1590,7.8021975
1565,1606,13.711119
1566,1604,13.472376
1567,1588,6.1664767
1567,1600,13.324598
1567,1607,12.731786
1569,1582,6.3015428
1569,1587,12.794379
1569,1598,12.686948
1570,1583,8.479735
1572,1574,8.367228
1572,1580,12.802189
1572,1591,7.827501
1573,1593,7.938352
1575,1581,10.813367
1575,1586,10.609471
1575,1596,8.026557
1575,1613,11.306461
1576,1611,11.583766
1576,1614,11.069264
1577,1599,6.5400553
1578,1592,14.045128
1578,1595,5.551912
1578,1621,14.027652
1579,1585,6.0961037
1580,1591,7.2412615
1580,1592,12.796801
1580,1619,11.465041
1580,1632,14.041726
1581,1596,8.104044
1581,1602,11.195946
1581,1618,8.834911
1582,1587,6.654226
1582,1598,7.4623713
1582,1610,12.448225
1582,1624,12.921837
1583,1597,8.33717
1583,1609,14.726177
1584,1608,11.795131
1585,1635,14.181144
1586,1596,14.612724
1586,1613,8.655143
1587,1598,7.5034285
1587,1610,7.813875
1587,1616,12.759003
1587,1624,13.433902
1588,1600,7.582856
1588,1607,8.009786
1588,1626,11.728364
1589,1601,9.051981
1589,1603,9.221854
1589,1627,11.553213
1590,1595,13.257524
1591,1619,14.820726
1591,1632,13.16271
1592,1619,9.067164
1592,1621,8.873488
1592,1638,13.794513
1593,1631,11.851108
1594,1612,9.478058
1594,1620,8.027719
1595,1621,13.913941
1595,1639,12.253153
1595,1647,14.67933
1596,1602,14.843582
1596,1613,9.527545
1596,1618,9.135733
1597,1601,13.781306
1597,1609,6.4705586
1597,1644,13.173631
1598,1610,7.1038647
1598,1616,14.356867
1598,1624,6.0881486
1599,1617,13.440537
1599,1628,9.819982
1599,1633,13.0819845
1599,1645,12.74198
1600,1607,10.170342
1600,1626,8.616984
1600,1636,9.126643
1601,1609,7.8222027
1601,1627,14.289889
1601,1648,13.88064
1602,1615,4.906091
1602,1616,11.023292
1602,1618,6.3050365
1603,1627,7.0128975
1603,1631,12.005374
1605,1617,11.363354
1605,1629,11.152473
1607,1625,12.574111
1607,1626,6.7990603
1607,1636,13.530824
1607,1641,10.83233
1608,1640,13.09809
1608,1660,14.757345
1609,1644,14.507661
1610,1615,13.433996
1610,1616,7.2629294
1610,1624,9.965034
1611,1614,7.866003
1611,1653,13.762944
1612,1620,14.721897
1612,1637,7.959218
1613,1658,13.900562
1614,1642,10.890036
1614,1653,10.655435
1615,1616,6.1730537
1615,1618,11.105753
1617,1628,11.951068
1617,1633,6.061401
1618,1665,14.804606
1619,1621,10.451155
1619,1632,7.9524965
1619,1638,10.303168
1619,1649,10.497451
1619,1664,13.711795
1620,1666,12.651991
1621,1638,6.600088
1621,1647,12.033708
1621,1649,12.824129
1622,1634,10.079127
1622,1635,14.17315
1622,1651,7.989551
1622,1662,14.245867
1625,1641,6.2255177
1625,1643,10.284359
1625,1677,12.176475
1626,1636,7.156672
1626,1641,11.788223
1626,1659,12.745239
1627,1631,13.454253
1627,1648,8.569897
1628,1633,7.2263775
1628,1645,8.462572
1628,1682,11.527566
1629,1650,7.757985
1629,1673,12.098229
1630,1656,11.509474
1630,1670,14.201157
1631,1671,11.720334
1632,1638,14.315032
1632,1649,10.025845
1632,1654,7.811644
1632,1664,9.17352
1633,1680,12.808761
1634,1646,8.592008
1634,1651,11.394574
1634,1662,6.1988497
1634,1685,12.32706
1635,1651,12.677935
1635,1663,14.553709
1635,1684,13.672519
1636,1655,9.434156
1636,1659,6.650212
1637,1683,14.423272
1638,1647,11.741103
1638,1649,6.845891
1638,1664,12.800606
1638,1681,10.743898
1639,1647,8.569084
1639,1687,13.288915
1640,1660,12.5724125
1640,1686,12.164735
1641,1643,14.201117
1641,1677,10.920668
1642,1653,7.93557
1642,1668,6.7879825
1642,1675,13.182572
1642,1688,11.888656
1643,1656,11.1513405
1643,1677,10.173246
1644,1694,14.378599
1645,1652,9.542282
1645,1682,10.8855715
1646,1662,8.2898855
1646,1685,14.341179
1647,1681,14.224153
1647,1689,12.514173
1648,1679,9.882396
1649,1654,13.367569
1649,1664,5.955146
1649,1681,9.456717
1649,1696,12.987414
1650,1672,12.38038
1650,1673,4.999673
1651,1662,11.692359
1651,1685,11.605775
1652,1687,13.931441
1653,1668,11.0878935
1653,1688,12.655589
1654,1661,10.459673
1654,1664,8.6366205
1655,1659,5.445272
1655,1669,9.32815
1657,1661,8.135098
1657,1667,6.50578
1657,1692,10.970083
1657,1705,14.644158
1658,1665,7.0319285
1658,1690,9.199477
1658,1709,13.127752
1659,1669,14.197708
1660,1686,9.943438
1660,1691,12.162713
1661,1667,13.586198
1661,1692,10.769438
1661,1707,12.062759
1662,1685,6.752581
1662,1713,13.4960375
1663,1674,11.157192
1663,1684,8.613325
1664,1681,12.036201
1664,1696,10.672257
1665,1690,8.487216
1666,1671,10.197356
1666,1683,11.28466
1667,1692,10.585527
1667,1705,8.850857
1667,1726,12.84895
1668,1675,7.8633137
1668,1688,6.056129
1668,1693,8.707243
1669,1676,11.000874
1670,1716,13.24361
1671,1704,13.390216
1672,1673,11.574845
1672,1674,8.728168
1672,1697,10.253901
1672,1702,8.298778
1673,1702,13.691801
1674,1697,7.1941566
1674,1702,12.321236
1675,1676,7.802483
1675,1688,10.450519
1675,1693,7.153887
1675,1729,14.248551
1676,1693,13.326491
1677,1700,10.399626
1677,1715,10.443565
1678,1699,6.9740047
1678,1719,14.875457
1678,1722,13.442814
1680,1682,14.306914
1680,1701,7.529961
1681,1696,9.336805
1681,1717,12.06901
1681,1736,14.685866
1682,1734,14.261663
1684,1698,11.2594385
1684,1731,12.449675
1685,1713,8.687136
1685,1714,14.733545
1685,1721,12.910392
1686,1718,8.676813
1686,1723,10.8896675
1687,1689,9.300144
1687,1708,6.8222013
1687,1720,12.326612
1688,1693,6.2224174
1688,1719,14.358695
1688,1729,12.67578
1689,1708,5.9488645
1689,1717,8.357304
1689,1720,6.481903
1689,1744,14.432193
1690,1709,7.7579856
1690,1728,14.629718
1691,1723,10.74925
1692,1705,11.078523
1692,1707,6.5675073
1692,1726,5.8971524
1693,1729,8.232462
1695,1703,13.053419
1695,1711,7.7611847
1695,1712,10.107769
1695,1725,7.9634647
1696,1736,11.394517
1696,1750,13.908227
1697,1702,7.9037137
1697,1730,8.334499
1697,1737,11.978911
1697,1751,14.871783
1698,1721,9.077128
1698,1731,9.546081
1698,1742,14.351007
1699,1719,14.814979
1699,1722,6.599683
1700,1715,6.763106
1700,1738,10.119108
1700,1739,12.319554
1700,1743,13.664295
1701,1727,12.525686
1702,1730,9.998083
1702,1737,9.663165
1702,1751,13.924177
1703,1710,5.589071
1703,1711,6.3607483
1703,1724,13.220602
1703,1725,13.631287
1704,1733,6.143652
1704,1752,11.14355
1705,1712,8.910963
1705,1726,8.600076
1706,1728,10.539178
1706,1735,13.522544
1707,1726,9.4239645
1707,1755,13.898142
1708,1717,11.710729
1708,1720,5.675089
1708,1741,12.680784
1708,1744,14.012695
1710,1711,11.016581
1710,1724,7.7462096
1710,1760,14.290173
1711,1725,7.4402404
1712,1725,10.89085
1713,1714,8.08742
1713,1721,12.699412
1713,1742,13.527825
1714,1732,10.828331
1715,1738,8.472688
1715,1739,6.9809256
1715,1743,14.521111
1715,1746,14.016732
1715,1758,14.7294855
1716,1748,14.115422
1717,1720,7.006563
1717,1736,10.873802
1717,1744,8.935458
1718,1723,7.1902156
1718,1749,10.371499
1720,1741,14.507214
1720,1744,8.623116
1721,1731,14.303748
1721,1742,6.197029
1721,1761,13.06089
1723,1749,9.6452465
1724,1760,12.391939
1726,1753,10.605922
1726,1755,14.558157
1727,1766,12.877503
1728,1762,14.58375
1728,1769,13.433811
1730,1737,5.329067
1730,1751,6.7376733
1730,1782,13.789954
1732,1767,12.424986
1733,1752,7.4734554
1735,1764,10.06893
1735,1768,13.960958
1736,1744,11.571216
1736,1750,7.5369344
1737,1751,4.359806
1737,1757,11.513376
1737,1782,14.581487
1738,1739,6.065766
1738,1743,6.5682173
1738,1745,13.236143
1738,1758,12.15505
1738,1770,9.761162
1738,1777,12.01363
1738,1778,13.026369
1739,1743,12.360014
1739,1746,9.3712
1739,1758,7.97423
1739,1770,11.149837
1739,1777,10.366856
1739,1779,14.124265
1740,1752,14.673408
1740,1756,12.109729
1740,1781,13.740432
1742,1761,6.970696
1742,1797,14.880591
1743,1745,6.916973
1743,1754,13.251361
1743,1770,9.705882
1743,1777,14.322474
1743,1778,8.434606
1743,1805,13.708368
1745,1754,6.729381
1745,1776,11.5783615
1745,1778,10.142779
1745,1805,13.007785
1746,1758,6.456977
1746,1771,13.012071
1746,1777,11.63728
1746,1779,8.20319
1746,1780,9.420287
1746,1792,13.008975
1747,1759,9.548331
1747,1765,13.682324
1747,1786,12.514463
1748,1771,6.9626665
1748,1780,12.241909
1748,1787,10.2778635
1749,1763,14.161775
1749,1773,6.3174543
1749,1785,10.819719
1750,1793,13.456465
1751,1757,11.798887
1751,1782,10.478319
1751,1796,11.899455
1752,1781,8.845411
1753,1755,9.167441
1753,1813,14.948703
1754,1776,5.5207825
1754,1778,12.829053
1754,1788,11.228536
1754,1805,12.627069
1754,1815,13.818891
1754,1819,13.77182
1755,1799,11.353959
1756,1795,12.938143
1757,1766,11.427445
1757,1783,6.0563684
1757,1791,14.824515
1757,1796,13.638799
1758,1770,9.738044
1758,1777,5.182284
1758,1779,6.3708105
1758,1780,10.990731
1758,1792,7.880374
1758,1816,13.338578
1759,1786,5.212174
1759,1789,8.724539
1761,1797,7.911539
1761,1817,13.668915
1761,1818,14.983847
1762,1764,9.847425
1762,1769,7.653652
1762,1809,13.232709
1763,1773,12.415722
1763,1795,11.845627
1764,1768,11.856939
1764,1798,10.677695
1764,1809,10.641262
1766,1775,8.549113
1766,1783,8.921667
1766,1791,6.105117
1766,1801,10.99192
1767,1802,8.2769375
1768,1798,8.439201
1768,1831,14.671207
1769,1803,12.841367
1769,1827,11.942763
1770,1777,5.4676733
1770,1778,7.6487203
1770,1779,14.243903
1770,1792,10.516164
1770,1805,12.517547
1770,1807,8.299957
1771,1779,11.719108
1771,1780,6.2358885
1771,1787,7.101287
1771,1806,8.505453
1771,1822,12.646921
1772,1804,7.680856
1773,1785,7.8560505
1773,1833,13.405619
1773,1837,14.195788
1774,1813,14.671746
1774,1823,13.2508
1774,1825,11.401271
1775,1790,9.374006
1775,1791,8.565543
1775,1801,6.0271015
1775,1830,11.864813
1776,1778,13.963979
1776,1788,6.6377645
1776,1805,11.324641
1776,1815,8.750054
1776,1819,10.102298
1776,1832,13.470281
1777,1778,12.98523
1777,1779,8.778067
1777,1780,14.254403
1777,1792,5.8437696
1777,1807,10.320485
1777,1816,12.372582
1778,1805,5.7785535
1778,1807,9.011157
1778,1819,11.466428
1778,1849,14.149482
1779,1780,5.520686
1779,1792,6.232212
1779,1806,12.058195
1779,1816,8.473859
1780,1787,12.096378
1780,1792,11.288369
1780,1806,8.341735
1780,1816,10.711385
1781,1820,8.902176
1781,1824,14.615085
1782,1796,10.85752
1782,1808,7.4616833
1783,1791,9.911267
1783,1796,13.459461
1784,1787,14.962906
1784,1828,9.86562
1784,1851,14.659896
1785,1833,14.819193
1785,1837,11.4358835
1786,1789,6.159884
1786,1846,13.324861
1787,1806,8.2626505
1787,1822,6.4365587
1787,1851,13.805971
1787,1866,13.53135
1788,1815,9.517915
1788,1819,13.405558
1788,1832,10.374154
1788,1844,12.717312
1789,1824,10.793673
1790,1794,8.486318
1790,1801,8.932653
1790,1830,11.682868
1791,1801,7.0585213
1791,1830,10.008451
1791,1861,12.628729
1792,1807,11.2692175
1792,1816,6.5351424
1793,1799,12.552397
1793,1821,7.076421
1793,1868,13.161426
1794,1826,8.437586
1795,1854,9.749751
1796,1808,9.736632
1797,1817,8.3222065
1797,1818,9.10672
1797,1834,7.2367287
1797,1856,13.792278
1797,1862,12.499678
1798,1809,10.467911
1798,1831,6.598478
1798,1847,10.289882
1798,1848,13.980454
1798,1857,12.412934
1799,1855,14.793283
1799,1874,13.265208
1800,1821,13.87591
1800,1860,11.094569
1801,1830,5.841034
1801,1861,12.932704
1802,1835,7.3621464
1802,1864,10.23699
1803,1827,10.860169
1803,1841,10.153253
1803,1842,7.1490335
1803,1867,10.85281
1805,1807,9.64511
1805,1815,10.277374
1805,1819,5.754269
1805,1849,9.31485
1805,1853,12.667874
1805,1865,13.0754
1806,1816,10.814348
1806,1822,8.705876
1806,1866,11.045738
1807,1819,13.8474455
1807,1849,11.14369
1807,1853,8.760293
1809,1831,10.230801
1809,1836,7.8368936
1809,1857,8.644781
1809,1880,12.599102
1810,1843,8.17808
1811,1812,6.766547
1811,1823,12.562448
1811,1858,10.336033
1811,1859,8.58955
1812,1823,6.007244
1812,1825,11.173638
1812,1859,7.8396416
1812,1873,11.90388
1813,1825,14.213981
1813,1845,5.8461485
1813,1855,9.15317
1814,1826,14.245896
1814,1829,7.7214265
1814,1839,12.806336
1814,1840,7.1375394
1814,1872,13.964368
1815,1819,4.9731817
1815,1832,6.826674
1815,1844,14.731291
1815,1849,11.225306
1815,1865,8.406115
1815,1876,14.057892
1815,1885,13.155338
1815,1886,14.407421
1817,1834,8.651526
1817,1862,8.09007
1817,1894,14.509916
1818,1834,7.7181144
1818,1856,6.2964835
1818,1862,14.454529
1818,1863,11.267524
1818,1879,11.905204
1819,1832,11.415639
1819,1849,7.5675073
1819,1853,13.218296
1819,1865,8.196738
1819,1885,14.711726
1819,1886,13.699645
1820,1824,11.554287
1821,1868,7.7187304
1822,1828,14.292993
1822,1851,8.345164
1822,1866,7.598164
1822,1882,12.043175
1823,1825,5.3376765
1823,1859,9.664293
1823,1873,7.925834
1823,1891,13.028702
1824,1870,6.895033
1824,1899,14.231526
1825,1845,10.529796
1825,1859,14.396395
1825,1873,9.021522
1825,1891,12.178293
1825,1900,14.951808
1826,1829,7.078687
1826,1872,8.512974
1827,1836,8.750711
1827,1842,7.278452
1827,1867,14.671416
1827,1880,14.82092
1828,1851,8.071474
1828,1869,6.059127
1828,1882,14.552103
1828,1883,10.024479
1829,1840,13.767414
1829,1872,7.21564
1830,1861,8.377927
1830,1892,11.859187
1831,1847,6.147799
1831,1848,11.873211
1831,1857,7.1075625
1832,1844,8.516799
1832,1865,9.867716
1832,1876,7.903399
1832,1881,14.2738905
1832,1885,10.457455
1832,1886,14.655174
1832,1905,14.213995
1833,1837,7.296608
1833,1877,8.938193
1833,1904,14.029319
1834,1856,8.703341
1834,1862,6.9316907
1834,1879,9.665209
1834,1894,14.264753
1834,1901,11.719318
1835,1863,10.530987
1835,1864,4.536794
1836,1857,10.720649
1836,1880,8.250218
1837,1877,14.144946
1837,1904,13.980211
1838,1850,9.108598
1838,1852,9.251345
1838,1871,5.365584
1838,1898,13.146987
1839,1840,6.173261
1839,1860,12.850676
1841,1842,10.624297
1841,1867,5.490728
1841,1878,8.208875
1842,1867,7.492309
1843,1889,11.625321
1843,1896,13.059267
1844,1876,9.1405
1844,1881,8.5076885
1844,1905,13.171176
1845,1855,9.6908
1845,1900,12.110202
1846,1850,13.435975
1846,1887,11.74622
1846,1902,11.360794
1847,1848,6.0727196
1847,1857,11.636202
1848,1888,13.179406
1849,1853,6.281237
1849,1865,6.7971697
1849,1885,13.206486
1849,1886,9.008137
1849,1897,9.267986
1850,1871,8.669791
1850,1887,7.824941
1850,1902,14.313026
1851,1866,9.517075
1851,1869,8.52186
1851,1882,7.43281
1851,1883,8.173323
1851,1906,12.999113
1851,1907,11.766248
1852,1858,9.749712
1852,1871,10.866871
1852,1898,9.46457
1853,1865,12.4916315
1853,1886,12.139471
1853,1897,8.615539
1854,1877,14.190201
1854,1890,11.283089
1855,1874,13.42681
1855,1913,13.7118635
1856,1862,13.338512
1856,1863,8.21735
1856,1879,6.5078893
1856,1895,10.739871
1856,1901,11.7412815
1857,1880,8.364762
1858,1859,10.951382
1858,1898,13.71017
1859,1873,9.2546215
1859,1891,14.3511305
1861,1875,8.674471
1861,1892,9.926311
1862,1879,10.395529
1862,1894,7.6546774
1862,1901,8.791642
1862,1920,14.4617815
1863,1864,12.0095625
1863,1879,12.916818
1863,1895,6.981765
1864,1878,14.624103
1864,1895,14.556045
1865,1876,12.438502
1865,1885,6.948087
1865,1886,6.008908
1865,1897,10.658742
1865,1918,13.355406
1866,1882,7.3478785
1866,1883,14.763458
1866,1906,9.499368
1866,1907,14.571215
1866,1925,14.730792
1867,1878,8.314202
1868,1911,9.964465
1869,1882,11.959069
1869,1883,4.8200545
1869,1907,10.622696
1869,1923,13.161594
1870,1899,7.6406093
1871,1887,11.981673
1871,1898,10.188645
1873,1891,5.695659
1873,1900,12.651244
1875,1884,8.697758
1876,1881,8.962277
1876,1885,7.8614697
1876,1886,14.172779
1876,1905,6.323829
1876,1922,12.327981
1876,1932,14.274859
1877,1904,10.179
1877,1915,11.4777355
1877,1928,12.968059
1878,1914,9.497844
1879,1894,13.08608
1879,1895,11.720312
1879,1901,5.422869
1879,1920,10.155412
1881,1905,7.9278674
1881,1922,9.40281
1881,1931,12.873049
1882,1883,8.223622
1882,1906,5.5856547
1882,1907,7.248236
1882,1923,14.066374
1882,1925,10.974611
1882,1927,11.2558565
1883,1906,12.234588
1883,1907,5.845465
1883,1923,9.734511
1883,1927,11.46241
1884,1893,8.232444
1885,1886,6.3958335
1885,1897,12.567974
1885,1905,11.056001
1885,1918,9.952674
1885,1932,11.962172
1886,1897,6.2146754
1886,1918,7.583498
1886,1932,14.769693
1887,1902,6.867908
1887,1916,13.308236
1887,1930,12.224374
1888,1896,9.709562
1888,1921,7.556236
1888,1941,13.536384
1889,1896,12.253056
1890,1903,8.08458
1890,1944,13.3427305
1891,1900,7.8064866
1892,1919,9.095971
1892,1943,13.728853
1893,1908,7.0559554
1893,1910,14.047086
1894,1901,8.307803
1894,1909,8.737402
1894,1920,10.810969
1895,1924,8.5334835
1895,1940,14.530647
1896,1921,10.802565
1896,1941,10.631375
1897,1918,8.94981
1898,1929,8.157248
1899,1933,10.702996
1899,1938,11.252656
1900,1913,11.553907
1901,1920,6.231525
1901,1948,13.755309
1902,1916,6.796457
1902,1930,9.132547
1902,1933,12.837646
1903,1937,12.6131525
1903,1944,10.436888
1903,1953,13.375111
1904,1915,14.276361
1904,1928,7.627681
1904,1935,10.160916
1905,1922,6.2047677
1905,1931,12.817451
1905,1932,10.768433
1905,1962,14.262136
1906,1907,8.328872
1906,1923,14.315943
1906,1925,5.623308
1906,1927,9.114712
1906,1950,12.308684
1906,1960,13.841466
1907,1923,6.822547
1907,1925,10.648502
1907,1927,5.739486
1907,1950,11.678033
1907,1951,13.315982
1908,1910,7.0732646
1908,1917,13.674789
1909,1910,13.414374
1909,1917,7.3628073
1910,1917,6.6019354
1911,1939,13.605486
1912,1945,10.4821205
1912,1954,11.576715
1913,1926,7.7167554
1913,1963,13.934435
1914,1940,14.058715
1914,1946,12.829623
1914,1961,13.439802
1915,1928,9.698139
1915,1936,7.09599
1915,1956,10.6318445
1916,1930,7.6567626
1916,1933,7.483445
1916,1965,11.109049
1918,1932,9.98538
1918,1967,11.967588
1919,1942,12.190229
1919,1943,5.1153812
1919,1947,14.1435175
1920,1948,8.029974
1921,1941,7.418151
1921,1966,12.52155
1922,1931,6.7941947
1922,1932,12.426165
1922,1949,14.814272
1922,1962,10.615322
1923,1925,14.479318
1923,1927,6.644468
1923,1950,11.073226
1923,1951,8.077914
1924,1940,6.903744
1924,1955,10.036317
1924,1972,12.6982975
1925,1927,7.918704
1925,1950,8.102921
1925,1960,8.219312
1925,1976,14.5884495
1926,1958,13.7394495
1927,1950,5.974561
1927,1951,9.137928
1927,1960,12.251361
1927,1981,13.718215
1928,1935,10.498598
1928,1936,13.035312
1928,1956,11.805033
1928,1964,10.551665
1929,1957,13.81117
1930,1933,14.74877
1930,1965,10.191555
1930,1978,12.847236
1931,1949,8.021694
1931,1962,12.18081
1931,1980,12.024874
1932,1962,10.459389
1932,1967,11.543337
1932,1984,11.719013
1933,1938,8.145582
1933,1965,13.528047
1933,1968,11.676936
1934,1939,10.693198
1934,1954,13.999221
1934,1970,8.09182
1935,1952,6.648732
1935,1964,8.10024
1935,1985,12.028198
1935,1987,13.810672
1936,1956,5.7034087
1936,1974,11.665714
1937,1944,11.810282
1937,1953,6.8007355
1937,1977,12.717835
1938,1968,6.9406447
1938,1993,14.689133
1939,1970,13.892709
1940,1955,12.983085
1940,1972,8.331133
1941,1966,7.156286
1941,1991,14.172373
1942,1943,9.735871
1943,1947,13.437592
1944,1953,6.896401
1944,1974,12.097949
1944,1977,9.310264
1945,1954,10.661522
1945,1971,7.0915008
1946,1961,5.657631
1946,1973,11.948228
1946,1990,11.72812
1947,1959,11.710188
1948,1955,8.05454
1948,1986,11.555373
1949,1980,9.066359
1950,1951,8.396753
1950,1960,7.536536
1950,1976,14.20459
1950,1981,8.421559
1950,2003,13.437713
1951,1981,9.310884
1952,1964,10.906165
1952,1985,8.292039
1952,1987,14.210569
1952,2006,14.49711
1953,1977,6.3225083
1954,1970,13.939204
1954,1971,14.237679
1954,1997,11.812884
1955,1972,11.778556
1955,1986,8.395916
1956,1964,14.411109
1956,1974,11.455986
1956,1999,11.274409
1957,1994,10.690291
1957,1995,11.137721
1957,2007,14.781702
1958,1983,11.501122
1959,1975,12.568593
1960,1969,13.143697
1960,1976,7.066941
1960,1981,10.910864
1960,2003,12.160046
1960,2005,14.727893
1960,2012,13.741211
1961,1973,12.634592
1961,1990,7.0298424
1961,2008,14.267253
1961,2011,12.526068
1962,1980,14.297638
1962,1984,8.69991
1962,1992,8.213701
1963,1982,3.8840282
1963,1988,6.016541
1963,2013,11.86592
1964,1985,9.720776
1964,1987,6.359875
1964,2006,11.139499
1964,2014,14.13263
1965,1978,11.751253
1965,1993,12.828394
1965,2000,9.078779
1965,2016,13.704546
1966,1979,13.280759
1966,1991,7.2913575
1966,2002,10.574164
1966,2022,14.590232
1967,1984,10.164939
1968,1993,8.07043
1968,2004,9.555746
1969,1976,7.722918
1969,1996,7.4298368
1969,2005,10.182417
1970,1997,14.048291
1972,1986,13.952418
1973,1990,11.558672
1973,2008,8.528258
1973,2011,12.661389
1973,2027,10.969845
1974,1977,12.171439
1974,1999,11.339781
1974,2015,9.561878
1975,2026,11.71339
1976,1981,14.251664
1976,1996,11.440411
1976,2003,11.873856
1976,2005,8.040832
1976,2012,10.451103
1977,2015,14.1258955
1977,2035,14.540234
1978,2000,12.706966
1978,2001,12.80839
1978,2016,9.869395
1978,2019,11.830334
1978,2030,12.291291
1979,2002,8.600307
1979,2021,9.395155
1979,2039,12.893247
1980,1992,11.414264
1980,2018,10.378383
1980,2023,9.938538
1981,2003,6.488339
1981,2012,11.586128
1982,1988,4.04753
1982,2013,8.920101
1982,2020,13.58823
1982,2032,13.781417
1983,1989,6.4786396
1983,2010,11.405973
1983,2028,13.064899
1984,1992,10.060947
1985,1987,8.647902
1985,2006,6.459867
1985,2017,7.764033
1985,2034,12.722295
1987,2006,6.0656195
1987,2014,9.038981
1987,2017,11.702602
1987,2034,10.855397
1988,2013,5.9550242
1988,2020,9.745896
1988,2032,12.59571
1989,2010,5.6265683
1989,2041,11.748835
1990,2008,8.7610035
1990,2011,5.544127
1991,2002,8.498193
1991,2022,7.405997
1991,2033,9.738636
1991,2061,14.480364
1992,2018,8.6213875
1993,2000,11.644245
1993,2004,6.2443323
1993,2029,8.155194
1993,2047,13.84648
1994,1995,9.583456
1994,2007,4.2631598
1994,2037,14.304474
1994,2038,10.782835
1995,2001,10.810529
1995,2007,12.869475
1995,2036,13.869754
1995,2037,10.245029
1996,2005,7.448435
1996,2040,10.005616
1996,2050,13.640711
1996,2055,12.908169
1997,2049,12.869633
1997,2052,11.547246
1998,2025,14.6458
1999,2014,8.194138
1999,2015,11.432584
2000,2016,7.2702675
2000,2029,12.086895
2000,2030,13.04964
2000,2058,13.915686
2001,2019,6.0881653
2001,2030,11.739933
2001,2036,7.0328836
2001,2037,14.423058
2002,2021,10.894623
2002,2022,13.053342
2002,2033,8.717401
2002,2039,8.968723
2003,2005,13.015818
2003,2012,5.2917156
2003,2043,11.13367
2003,2057,13.73838
2004,2029,8.197329
2004,2047,9.083565
2004,2067,13.014521
2005,2012,8.475167
2005,2040,11.54521
2005,2043,10.907991
2005,2055,9.154616
2006,2014,11.741683
2006,2017,5.722304
2006,2034,6.5827594
2006,2051,11.131006
2007,2037,14.724447
2007,2038,7.2718635
2007,2065,14.3439455
2007,2069,12.634145
2008,2011,5.8466325
2008,2027,6.597866
2008,2042,8.007096
2009,2053,11.251073
2010,2041,6.5418863
2010,2068,12.334376
2011,2027,11.888463
2011,2042,9.77948
2012,2043,6.9750447
2012,2055,11.901285
2012,2057,14.813965
2013,2020,5.766349
2013,2032,7.7526608
2014,2034,11.207118
2016,2019,10.268903
2016,2030,5.8759637
2016,2058,9.451022
2017,2034,7.574023
2017,2051,7.48589
2018,2023,7.5286756
2018,2054,12.226344
2019,2030,5.745411
2019,2036,5.715684
2019,2058,12.90091
2020,2032,11.415359
2021,2039,6.7576547
2022,2033,7.994272
2022,2061,8.394542
2023,2054,7.544695
2023,2084,14.788606
2024,2059,6.500186
2024,2062,11.72798
2024,2066,14.79051
2024,2079,14.074028
2025,2060,10.150536
2025,2070,11.515118
2025,2080,12.336996
2026,2063,9.93649
2027,2042,7.0975065
2027,2081,13.696206
2028,2048,6.1008043
2028,2075,10.720883
2029,2047,8.810346
2029,2067,7.5940495
2030,2036,9.993287
2030,2058,7.6554794
2031,2040,13.687288
2031,2050,9.429039
2031,2072,12.10241
2031,2076,11.035648
2032,2044,14.48077
2032,2074,7.6847258
2032,2086,9.803729
2033,2039,9.687845
2033,2061,7.4970236
2033,2096,14.753994
2034,2051,7.1699133
2035,2100,14.307512
2036,2037,11.844404
2037,2038,12.856192
2037,2069,13.259089
2038,2044,12.1434355
2038,2065,8.479642
2038,2069,5.3932743
2038,2073,13.476382
2040,2050,5.7038536
2040,2055,7.8410773
2040,2076,11.883716
2040,2089,11.808884
2040,2093,11.001014
2041,2048,13.583642
2041,2068,5.970263
2041,2099,13.289111
2042,2081,7.859655
2042,2087,13.846212
2043,2055,7.859071
2043,2057,13.06114
2043,2089,13.480946
2044,2065,6.3579
2044,2069,13.004182
2044,2073,6.0095224
2044,2074,12.997637
2044,2094,10.897699
2045,2046,8.229799
2045,2049,7.382866
2045,2052,13.632782
2046,2056,8.496597
2046,2095,11.240239
2047,2067,6.571528
2047,2101,12.321272
2048,2075,5.6811023
2049,2052,6.2729406
2049,2071,14.741171
2050,2055,13.102722
2050,2076,6.670645
2050,2089,14.05355
2050,2093,10.071453
2050,2117,14.305342
2052,2071,8.600022
2054,2084,8.829952
2054,2092,9.665372
2055,2089,8.958986
2055,2093,12.91745
2056,2066,8.088939
2056,2095,9.573769
2057,2082,7.243159
2058,2102,11.021405
2059,2062,8.463798
2059,2066,11.496945
2059,2079,7.9220886
2059,2090,14.969572
2059,2110,12.686968
2060,2070,12.592282
2060,2080,8.564092
2060,2091,8.139857
2060,2108,13.245949
2060,2122,14.64898
2061,2096,8.053595
2061,2098,14.579977
2061,2123,14.665449
2062,2063,13.999496
2062,2079,12.823106
2062,2090,7.610546
2062,2110,13.100181
2062,2127,13.95022
2063,2090,11.340885
2063,2103,9.452409
2063,2130,14.575684
2064,2088,11.287683
2064,2118,14.167053
2064,2119,14.891621
2065,2069,7.1606483
2065,2073,5.032027
2065,2094,11.231096
2066,2079,8.46256
2066,2095,14.314968
2067,2101,9.093877
2067,2126,14.11434
2068,2099,8.471851
2069,2073,11.772711
2070,2077,8.620995
2070,2080,5.6900516
2070,2104,7.8600497
2070,2108,11.240685
2070,2113,14.797159
2070,2139,14.261151
2071,2105,9.057482
2072,2076,11.127251
2072,2085,8.539374
2072,2111,10.572623
2072,2116,14.153656
2072,2128,11.680683
2073,2074,12.065617
2073,2094,6.2878284
2074,2086,6.2831545
2074,2094,8.281605
2074,2107,14.149963
2074,2112,9.137878
2074,2129,12.88616
2075,2099,14.161824
2075,2106,10.130022
2075,2115,9.543895
2076,2093,9.3274145
2076,2111,9.224835
2076,2117,9.378631
2077,2080,13.419169
2077,2104,8.214138
2077,2113,8.597607
2077,2138,12.161734
2077,2139,14.092465
2078,2087,10.6157
2078,2088,9.777689
2079,2110,6.975615
2079,2127,13.470297
2080,2091,10.401149
2080,2104,8.765621
2080,2108,7.122115
2080,2122,12.758212
2080,2139,13.145447
2081,2087,10.374429
2081,2109,10.050568
2082,2135,12.268488
2084,2092,8.524552
2084,2097,12.363313
2084,2125,8.449056
2084,2134,12.299673
2084,2143,14.251914
2085,2116,8.956777
2085,2120,12.443577
2085,2128,12.013092
2086,2094,13.236258
2086,2107,8.148818
2086,2112,7.4968276
2086,2129,9.582878
2088,2118,9.256609
2088,2152,13.570488
2089,2093,6.988732
2089,2114,13.377338
2089,2117,14.083343
2089,2151,14.510015
2090,2103,14.089258
2090,2110,12.571236
2090,2127,9.473012
2090,2130,9.149195
2090,2146,12.286415
2091,2108,9.840586
2091,2119,11.013161
2091,2122,7.257301
2091,2158,14.067292
2092,2098,8.170489
2092,2124,8.561391
2092,2125,10.304838
2092,2131,13.800652
2092,2143,10.267043
2092,2148,12.224592
2093,2111,13.973064
2093,2117,7.7893677
2094,2112,10.713663
2094,2129,14.6694765
2095,2165,14.734223
2096,2098,10.473685
2096,2123,6.701743
2096,2124,14.547172
2096,2131,9.829104
2096,2150,11.585356
2096,2153,13.507096
2097,2120,10.727814
2097,2125,13.793553
2097,2134,8.724213
2097,2162,13.787849
2098,2123,12.40323
2098,2124,6.3575807
2098,2131,7.4203687
2098,2143,13.066149
2098,2148,11.395771
2098,2150,13.985948
2098,2154,11.71476
2099,2115,14.268168
2099,2136,8.023142
2099,2147,14.295926
2101,2126,7.4137487
2101,2163,14.481607
2102,2126,13.445609
2102,2144,9.335356
2102,2155,12.048065
2103,2130,10.492015
2103,2137,7.037783
2103,2156,14.839829
2104,2108,8.145492
2104,2113,8.776566
2104,2138,8.31847
2104,2139,6.7527328
2104,2157,12.544653
2104,2166,12.898505
2105,2147,8.718556
2105,2172,14.66895
2106,2115,5.508176
2106,2121,9.065264
2106,2145,7.5056453
2107,2112,9.489092
2107,2121,8.32207
2107,2129,7.653032
2107,2145,14.39529
2107,2160,12.670322
2108,2122,7.550981
2108,2138,13.589341
2108,2139,8.14762
2108,2157,9.657333
2108,2158,9.84174
2108,2166,14.484304
2110,2127,6.8323154
2110,2146,11.504921
2111,2117,7.644346
2111,2128,9.428967
2111,2174,14.023233
2112,2129,4.120166
2112,2160,8.133649
2113,2138,5.02104
2113,2139,10.076352
2113,2156,12.345964
2113,2166,11.641235
2113,2169,10.6014185
2114,2135,10.535238
2114,2151,9.021335
2114,2168,10.292311
2115,2121,13.974863
2115,2136,12.381849
2115,2145,10.245273
2115,2178,14.021245
2116,2120,6.5910044
2116,2128,7.9065166
2116,2167,14.359689
2116,2183,12.115288
2117,2174,10.335156
2118,2119,8.548051
2118,2152,9.729241
2118,2193,14.83172
2119,2122,11.69741
2120,2128,14.358481
2120,2134,14.209127
2120,2162,14.986715
2120,2167,9.983857
2120,2183,13.727258
2121,2129,14.652591
2121,2145,6.27071
2122,2139,13.636049
2122,2157,11.216032
2122,2158,6.872855
2122,2192,13.890093
2123,2124,13.415102
2123,2131,7.1836076
2123,2150,5.1759257
2123,2153,7.527401
2123,2154,11.353948
2123,2181,11.312883
2124,2125,13.495339
2124,2131,6.274559
2124,2143,7.3637767
2124,2148,5.0795584
2124,2150,12.487648
2124,2154,6.8573456
2124,2173,13.783152
2124,2180,10.366202
2124,2181,14.345363
2125,2134,7.850129
2125,2143,8.02773
2125,2148,13.183786
2125,2161,7.6282525
2125,2162,11.82952
2125,2173,10.178539
2125,2189,13.042722
2125,2190,14.557828
2126,2155,8.0951395
2126,2163,13.928638
2127,2130,10.3931465
2127,2146,5.097435
2127,2179,14.044014
2128,2183,12.598024
2129,2160,5.631374
2130,2137,8.748665
2130,2146,8.716038
2130,2179,9.70945
2131,2143,12.964541
2131,2148,8.62047
2131,2150,6.7889805
2131,2153,13.147349
2131,2154,5.870418
2131,2180,11.701908
2131,2181,10.658378
2132,2159,11.898812
2132,2194,13.01904
2134,2161,7.542197
2134,2162,6.234166
2134,2167,12.154955
2134,2173,13.907177
2134,2189,13.787349
2134,2190,11.74625
2134,2200,14.5130625
2135,2168,9.664749
2136,2147,13.995391
2136,2178,9.530847
2136,2185,11.763474
2137,2156,10.902187
2137,2179,11.981545
2137,2186,10.659147
2138,2139,6.03026
2138,2156,13.614903
2138,2157,11.186293
2138,2166,6.727032
2138,2169,7.872195
2138,2195,14.269119
2139,2157,6.2827377
2139,2158,11.2038
2139,2166,6.818364
2139,2169,12.082
2139,2192,14.701727
2139,2197,13.416367
2140,2153,14.032721
2140,2170,6.9087095
2141,2144,10.18049
2141,2164,6.416664
2141,2177,8.772281
2141,2191,12.784302
2142,2175,8.795502
2142,2176,9.8789015
2142,2188,8.861098
2143,2148,5.249771
2143,2154,10.134564
2143,2161,10.484628
2143,2173,6.852957
2143,2180,8.996798
2143,2189,11.959312
2143,2209,14.184643
2144,2155,9.081742
2144,2164,7.3321276
2144,2191,9.755131
2145,2204,12.933868
2146,2179,9.151534
2147,2172,6.8391137
2147,2185,13.230142
2147,2207,14.2108135
2148,2150,12.677522
2148,2154,4.8865604
2148,2173,9.8365755
2148,2180,5.5215282
2148,2181,12.182439
2148,2189,14.9650545
2148,2201,11.996017
2148,2209,12.690508
2149,2163,5.6797667
2149,2171,11.528866
2150,2153,6.8827558
2150,2154,7.927177
2150,2180,12.876598
2150,2181,6.1416407
2150,2201,13.302951
2151,2168,9.388023
2152,2187,10.356362
2152,2193,12.548244
2152,2213,13.650126
2153,2154,14.694041
2153,2170,11.06983
2153,2181,10.054524
2153,2199,10.955312
2154,2173,13.963143
2154,2180,5.909456
2154,2181,7.6786003
2154,2201,9.986544
2154,2209,13.335086
2155,2191,13.483243
2156,2169,9.619577
2156,2186,10.795147
2156,2195,9.557359
2156,2208,11.661645
2157,2158,6.057922
2157,2166,7.320123
2157,2169,14.21456
2157,2192,8.447096
2157,2197,9.212406
2158,2166,13.327562
2158,2192,7.2056823
2158,2197,12.699659
2158,2205,11.64761
2159,2176,14.1275
2159,2194,14.436906
2159,2210,12.174661
2161,2162,6.402789
2161,2167,14.907844
2161,2173,6.791846
2161,2189,6.4244604
2161,2190,6.9829283
2161,2200,12.475697
2161,2216,13.484252
2161,2219,13.392868
2162,2167,8.511314
2162,2173,12.900298
2162,2189,10.457366
2162,2190,6.2576213
2162,2200,8.318381
2162,2219,14.347907
2163,2222,13.9553585
2164,2177,9.617251
2164,2191,6.3835263
2166,2169,6.902958
2166,2192,13.182174
2166,2195,12.309794
2166,2197,8.324607
2166,2225,14.913707
2167,2183,11.730339
2167,2190,12.145992
2167,2200,8.592405
2167,2202,11.517327
2167,2227,12.593089
2168,2224,13.684727
2169,2195,6.434693
2169,2197,12.659771
2169,2208,13.918984
2169,2225,11.683035
2170,2199,8.333958
2170,2232,14.388622
2171,2175,11.652142
2171,2206,9.847624
2172,2185,9.139314
2172,2207,7.5594783
2172,2230,13.071432
2173,2180,9.656761
2173,2189,5.229711
2173,2190,10.568364
2173,2201,14.990662
2173,2209,10.526253
2173,2216,9.113279
2173,2219,12.846844
2174,2196,6.987509
2174,2236,14.245888
2175,2176,14.473732
2175,2188,6.872829
2175,2206,8.871957
2175,2217,12.711255
2176,2188,8.793358
2176,2217,11.880419
2176,2233,11.925727
2177,2184,10.711188
2177,2191,13.361506
2177,2211,8.081945
2178,2185,10.666643
2178,2204,14.847991
2178,2212,8.725895
2178,2220,11.527779
2178,2249,14.955685
2179,2186,10.437274
2180,2181,9.71035
2180,2189,13.772206
2180,2201,6.786703
2180,2209,7.624348
2180,2216,12.199473
2181,2201,7.6074786
2181,2209,14.070681
2182,2245,14.118899
2183,2202,6.0031114
2184,2203,6.545088
2184,2211,10.601687
2184,2238,13.702439
2184,2248,13.141826
2185,2207,7.262613
2185,2212,8.783239
2185,2230,13.796567
2185,2249,13.435411
2186,2195,14.265035
2186,2208,8.974121
2186,2234,11.545212
2186,2243,11.654166
2187,2218,11.739562
2187,2226,9.585908
2188,2206,11.626277
2188,2217,7.168858
2188,2233,12.793652
2189,2190,6.0744505
2189,2200,12.155049
2189,2209,11.673108
2189,2216,7.202946
2189,2219,7.9703603
2189,2228,13.7129545
2189,2262,14.017107
2190,2200,6.2552013
2190,2216,11.983364
2190,2219,8.094155
2190,2227,13.557846
2190,2228,10.238099
2191,2247,13.268269
2191,2257,14.684818
2192,2197,8.060362
2192,2205,7.1721015
2192,2231,9.197405
2192,2235,14.050551
2193,2213,6.167669
2193,2221,8.454824
2193,2235,14.174613
2193,2239,13.088359
2194,2210,8.120523
2195,2197,14.8997135
2195,2208,7.8322506
2195,2225,6.997777
2195,2234,13.481147
2195,2260,13.732579
2196,2236,7.849633
2196,2256,14.872317
2196,2269,14.337384
2197,2205,14.286005
2197,2225,13.31972
2197,2231,13.223608
2197,2261,14.48132
2198,2214,12.400652
2198,2223,5.820233
2198,2251,10.286083
2199,2232,9.365937
2199,2241,10.761008
2199,2266,13.970269
2200,2202,13.87285
2200,2219,10.567866
2200,2227,7.7557983
2200,2228,7.7212334
2201,2209,6.8782806
2201,2216,13.229809
2201,2264,14.446918
2202,2227,9.986762
2202,2242,12.152416
2202,2267,12.774734
2203,2211,12.901706
2203,2238,7.3982067
2203,2248,10.067875
2204,2220,7.403871
2204,2229,11.982655
2204,2258,14.5306
2205,2221,10.1897135
2205,2231,5.8500533
2205,2235,7.298813
2205,2263,14.179959
2206,2217,12.572555
2206,2252,9.860841
2206,2253,13.930666
2207,2212,12.987012
2207,2230,6.8867188
2207,2249,14.610406
2207,2270,12.767368
2208,2225,10.007506
2208,2234,6.226499
2208,2243,11.160454
2208,2260,10.331067
2208,2276,14.321311
2209,2216,6.3567843
2209,2219,13.956139
2209,2262,13.90829
2210,2271,13.523405
2210,2275,13.142445
2211,2248,9.60833
2211,2257,14.968437
2212,2220,10.964843
2212,2249,6.421761
2212,2258,11.994599
2212,2279,12.7176895
2213,2221,9.890495
2213,2239,6.9255466
2213,2263,14.046395
2213,2273,12.936158
2213,2282,13.242825
2214,2218,4.8677654
2214,2223,11.116589
2214,2226,11.25001
2214,2240,6.3193707
2214,2244,9.279103
2214,2251,13.686996
2214,2283,13.350409
2215,2255,8.549871
2215,2292,14.086874
2216,2219,7.6067667
2216,2228,14.915466
2216,2262,9.250074
2217,2233,7.681261
2217,2268,9.484735
2218,2226,6.382621
2218,2240,6.4015274
2218,2244,5.8672686
2218,2277,13.266599
2218,2283,11.662668
2219,2227,14.229906
2219,2228,7.312473
2219,2262,7.4382877
2220,2249,12.7931385
2220,2258,8.190828
2220,2286,11.8335495
2221,2231,12.475988
2221,2235,5.9938097
2221,2239,14.54716
2221,2263,7.698093
2221,2282,13.224124
2223,2240,12.157181
2223,2251,4.661202
2225,2234,12.8955
2225,2260,9.104144
2225,2261,8.786483
2225,2291,11.942424
2226,2239,13.322256
2226,2240,10.62609
2226,2244,6.1155243
2226,2277,9.800118
2226,2283,12.24946
2226,2293,13.908469
2227,2228,7.3848934
2227,2267,12.84724
2227,2274,10.612609
2228,2262,11.427475
2228,2274,9.2279215
2228,2312,14.332523
2229,2246,9.278038
2229,2278,14.642891
2230,2259,8.892945
2230,2270,7.1184993
2230,2280,14.989677
2231,2235,6.9843907
2231,2263,13.026036
2231,2289,14.044742
2231,2315,14.959652
2232,2241,12.141067
2232,2266,5.490842
2232,2290,12.277065
2232,2316,14.426296
2233,2268,9.862259
2233,2305,12.583143
2234,2243,6.3213964
2234,2260,7.87438
2234,2276,8.205755
2234,2295,14.466595
2235,2263,6.911772
2236,2237,12.942162
2236,2256,11.827609
2236,2269,6.5376744
2236,2284,14.413767
2237,2242,8.362523
2237,2267,14.863318
2237,2269,14.129548
2237,2284,8.188515
2238,2245,11.2864895
2238,2248,8.54924
2238,2302,11.493166
2239,2273,6.6067233
2239,2277,14.42425
2239,2282,10.359561
2239,2293,10.211733
2239,2307,11.084227
2240,2244,5.468555
2240,2251,12.464681
2240,2277,12.372363
2240,2283,7.1730833
2241,2264,8.085495
2241,2266,12.460043
2241,2290,9.82292
2241,2297,12.963531
2241,2304,11.059626
2242,2267,6.536852
2242,2284,10.637962
2243,2260,13.388157
2243,2276,8.348554
2243,2288,13.693573
2243,2295,11.055875
2244,2277,7.7575917
2244,2283,6.4648714
2244,2293,14.578499
2244,2311,12.050966
2245,2254,11.798409
2245,2285,10.802277
2245,2294,8.523505
2246,2272,10.357659
2246,2278,7.5283566
2246,2321,14.440212
2247,2257,8.542778
2248,2302,11.247716
2249,2258,9.211246
2249,2270,14.484483
2249,2279,6.393877
2249,2286,14.346268
2249,2298,11.001105
2249,2299,12.580559
2250,2265,6.6468515
2250,2281,6.1992345
2250,2287,14.160332
2250,2313,13.461078
2252,2253,7.5842786
2252,2306,13.35319
2252,2325,13.49515
2253,2301,11.090183
2254,2272,8.134359
2254,2285,6.2294893
2254,2294,10.461195
2254,2309,9.928494
2255,2292,6.2498174
2255,2296,11.856077
2255,2324,12.280629
2255,2334,14.712174
2256,2269,11.868358
2256,2300,8.205789
2258,2279,11.708186
2258,2286,5.639943
2258,2298,7.342483
2258,2331,14.98653
2259,2270,9.796074
2259,2280,6.134925
2259,2287,13.77893
2259,2332,11.96323
2260,2261,11.013826
2260,2276,9.4740505
2260,2291,7.267706
2260,2310,9.087699
2260,2319,14.0643215
2260,2323,14.753142
2261,2289,10.094556
2261,2291,7.462298
2261,2308,8.898713
2261,2310,13.561349
2261,2319,10.479605
2262,2274,14.789275
2262,2312,11.431705
2263,2282,8.477764
2264,2290,11.715986
2264,2297,5.977909
2264,2304,7.914123
2264,2317,10.357875
2264,2335,13.635161
2264,2345,14.571975
2265,2281,12.684183
2265,2287,7.59783
2265,2339,12.728
2266,2290,8.229114
2266,2304,14.63654
2266,2316,8.936618
2267,2274,13.820772
2268,2305,9.436386
2268,2306,8.367008
2269,2284,11.608124
2269,2300,14.9101095
2270,2279,11.587387
2270,2280,14.364209
2270,2299,10.3219795
2270,2327,10.075352
2270,2332,10.709171
2271,2275,6.02649
2271,2320,8.947008
2271,2336,11.835307
2272,2278,7.176831
2272,2285,10.996402
2272,2309,7.6625185
2272,2321,14.870373
2272,2330,11.363487
2272,2353,13.905715
2273,2277,12.138913
2273,2282,7.6828494
2273,2293,5.2501264
2273,2307,4.631963
2274,2312,9.318518
2274,2322,8.312588
2275,2320,10.722698
2275,2336,10.112493
2276,2291,14.00435
2276,2295,7.5923815
2276,2310,10.769437
2276,2318,13.329808
2276,2323,9.555787
2276,2354,14.418046
2276,2355,13.561571
2277,2283,7.675499
2277,2293,7.552576
2277,2307,13.947183
2277,2311,5.904985
2278,2309,12.043406
2278,2321,8.525006
2278,2330,8.847994
2278,2353,14.472838
2279,2298,8.911923
2279,2299,6.2806005
2279,2327,12.398812
2279,2331,10.944074
2280,2287,8.630266
2280,2332,11.351118
2280,2338,9.983899
2280,2339,13.290279
2280,2344,12.578477
2281,2313,7.559393
2281,2314,13.210626
2282,2293,12.47693
2282,2307,7.340357
2283,2311,8.265133
2284,2347,11.927213
2285,2294,5.1397977
2285,2309,7.6159887
2285,2326,14.998353
2285,2353,14.906746
2286,2298,7.2718635
2286,2331,14.068075
2286,2333,13.930196
2287,2338,12.375992
2287,2339,10.671657
2288,2295,9.501304
2288,2318,7.224199
2288,2341,11.67207
2288,2342,9.523704
2289,2291,14.867042
2289,2308,6.785871
2289,2315,9.881112
2289,2319,12.406215
2289,2346,12.051968
2290,2297,11.985179
2290,2304,6.4671464
2290,2316,7.6459837
2290,2328,9.971901
2290,2335,10.30531
2291,2308,9.872174
2291,2310,6.1010027
2291,2319,6.858688
2291,2323,14.477679
2291,2346,13.453827
2291,2354,12.576348
2291,2363,14.303635
2292,2296,6.4704084
2292,2324,6.6238623
2292,2334,10.703472
2292,2337,12.671579
2292,2356,12.780978
2293,2307,6.4257298
2293,2311,9.777063
2294,2309,11.833858
2294,2326,10.258406
2294,2359,13.874158
2295,2318,5.7385683
2295,2323,10.376299
2295,2342,11.46692
2295,2355,10.849672
2295,2372,13.523397
2296,2324,8.189879
2296,2334,13.82279
2296,2337,7.5572357
2296,2350,14.469497
2296,2356,10.657053
2297,2304,5.7524095
2297,2317,6.05969
2297,2335,9.024951
2297,2345,8.702551
2297,2362,13.74566
2297,2367,13.822677
2298,2299,12.049311
2298,2331,7.6653094
2299,2327,6.4353867
2299,2331,9.473804
2299,2332,13.708133
2301,2329,11.650791
2302,2326,10.863861
2302,2343,8.5388
2302,2348,11.293729
2302,2349,9.81216
2303,2313,11.350489
2303,2314,6.6574264
2303,2340,10.408395
2304,2316,12.357157
2304,2317,11.563296
2304,2328,10.593791
2304,2335,6.3859816
2304,2345,11.9165325
2304,2362,12.142067
2304,2367,14.660156
2305,2306,13.216767
2306,2325,11.297229
2308,2310,13.840574
2308,2315,14.399137
2308,2319,5.6895514
2308,2346,6.6618648
2308,2363,12.038393
2309,2330,9.686193
2309,2353,8.069598
2309,2369,14.105213
2310,2319,8.695988
2310,2323,8.465458
2310,2346,14.769246
2310,2354,7.080503
2310,2355,14.008833
2310,2363,12.642375
2310,2366,14.103548
2312,2322,10.488976
2312,2360,14.535868
2312,2364,12.156226
2313,2314,5.914918
2314,2340,11.114916
2316,2328,7.07817
2316,2335,12.349052
2316,2350,13.552983
2316,2357,8.138927
2316,2373,14.653521
2316,2386,14.131281
2317,2335,12.593863
2317,2345,6.374065
2317,2351,12.632832
2317,2367,13.031974
2317,2380,14.612461
2318,2323,13.91872
2318,2341,10.926803
2318,2342,5.751725
2318,2355,11.869896
2318,2365,11.165547
2318,2372,11.3815365
2319,2346,6.6687016
2319,2354,11.532085
2319,2363,8.356419
2319,2366,13.102863
2320,2336,6.1464705
2320,2390,13.812836
2321,2330,7.716165
2321,2333,11.634903
2321,2353,14.261266
2321,2393,14.883171
2322,2360,7.118239
2322,2388,14.350501
2323,2354,6.4226627
2323,2355,5.6886883
2323,2366,14.580098
2323,2372,12.302801
2323,2391,12.5507
2323,2397,13.4741335
2324,2334,5.6715593
2324,2337,9.805349
2324,2356,7.0164714
2324,2377,12.317169
2324,2383,13.782128
2325,2378,11.466611
2326,2343,12.772128
2326,2349,6.0790296
2326,2359,8.255608
2326,2374,13.807651
2326,2381,12.082715
2327,2331,13.874069
2327,2332,7.9044967
2327,2344,11.871244
2328,2335,7.0351157
2328,2357,9.564026
2328,2362,8.37497
2328,2367,14.125294
2328,2373,7.8015337
2328,2386,10.069946
2328,2406,14.71878
2329,2358,8.794801
2329,2379,10.746004
2330,2353,6.7190423
2330,2393,14.840895
2330,2396,14.11672
2331,2371,9.540516
2331,2375,14.208822
2332,2338,10.640459
2332,2344,5.4007406
2333,2375,14.5182295
2333,2382,11.179111
2334,2337,14.614406
2334,2356,9.762627
2334,2377,12.259728
2334,2383,10.835197
2335,2345,9.479144
2335,2362,5.768526
2335,2367,9.322956
2335,2373,9.350084
2335,2403,14.478244
2336,2390,11.7163515
2337,2350,8.786903
2337,2356,6.320636
2337,2361,8.265466
2337,2377,11.908797
2337,2384,9.835981
2338,2339,6.77469
2338,2344,7.0467057
2339,2344,13.671552
2340,2341,7.655547
2340,2342,13.317539
2341,2342,5.663282
2341,2365,11.031597
2342,2355,14.626214
2342,2365,8.009239
2342,2372,11.219379
2343,2348,5.7852573
2343,2349,7.506522
2343,2374,8.484598
2343,2398,11.3836775
2345,2351,12.709443
2345,2362,10.151361
2345,2367,6.6950707
2345,2380,9.717725
2345,2410,13.921068
2346,2363,6.76186
2346,2366,12.501374
2348,2349,13.288578
2348,2374,12.562
2348,2398,12.289786
2348,2399,14.921844
2349,2359,9.894863
2349,2374,8.077815
2349,2381,11.379761
2349,2398,14.4584465
2350,2356,14.020645
2350,2357,7.5483975
2350,2361,6.0738783
2350,2384,11.614622
2350,2385,8.883042
2350,2386,14.764323
2350,2412,14.360816
2351,2364,9.313761
2351,2380,10.61273
2352,2368,5.7367005
2352,2399,14.040046
2353,2369,9.041942
2353,2396,9.991982
2354,2355,9.838702
2354,2363,10.016744
2354,2366,8.541636
2354,2391,8.943257
2354,2397,12.826884
2355,2365,12.186603
2355,2372,6.680895
2355,2391,11.476815
2355,2397,9.66452
2356,2361,10.75395
2356,2377,6.557998
2356,2383,10.973704
2356,2384,8.491234
2356,2417,14.346341
2357,2361,12.06883
2357,2373,13.706572
2357,2385,8.895633
2357,2386,8.858411
2357,2405,12.220858
2358,2379,9.082471
2358,2395,7.609678
2358,2424,14.396928
2359,2369,11.3925
2359,2374,13.607258
2359,2381,4.85703
2359,2408,12.252268
2359,2414,11.734402
2360,2388,7.271899
2360,2389,10.112065
2360,2411,14.747803
2360,2427,14.77747
2361,2377,12.116226
2361,2384,5.69589
2361,2385,7.8043227
2361,2405,14.645817
2361,2412,8.8801775
2361,2417,12.486575
2361,2433,14.963189
2362,2367,5.924716
2362,2373,4.90393
2362,2380,14.449746
2362,2386,12.556418
2362,2403,8.745318
2362,2406,10.688131
2362,2410,12.358666
2362,2418,14.3806
2363,2366,5.7597885
2363,2391,12.255852
2364,2411,10.134906
2365,2372,5.930931
2365,2397,14.947893
2365,2420,11.8832
2366,2391,6.7427907
2366,2397,13.0525465
2367,2373,9.905776
2367,2380,8.539343
2367,2403,8.338678
2367,2406,12.90474
2367,2410,8.381095
2367,2413,11.942533
2368,2399,8.836833
2368,2431,11.932899
2369,2381,12.23052
2369,2396,8.676576
2369,2408,7.909802
2370,2376,7.89825
2370,2409,9.447945
2371,2375,7.440642
2371,2415,11.159575
2372,2391,14.683433
2372,2397,9.8480015
2373,2386,7.8561873
2373,2403,8.107123
2373,2405,13.411974
2373,2406,7.190675
2373,2410,13.7290745
2373,2418,9.781431
2373,2448,14.818666
2374,2381,11.84038
2374,2398,6.9452977
2374,2414,12.398263
2374,2421,13.458622
2374,2425,8.959955
2375,2382,12.677567
2377,2383,6.5033402
2377,2384,6.9827785
2377,2412,12.423875
2377,2417,9.061606
2377,2423,10.46983
2377,2426,9.363758
2378,2404,5.71358
2378,2407,13.220741
2379,2395,9.773156
2379,2407,8.393428
2379,2424,9.399791
2380,2403,13.058896
2380,2410,7.9857135
2380,2413,5.996991
2380,2434,11.601071
2380,2444,14.897647
2381,2408,9.7918
2381,2414,6.878063
2381,2425,14.941368
2381,2439,11.45845
2382,2393,10.549449
2383,2384,13.413367
2383,2417,13.05028
2383,2423,7.0565734
2383,2426,10.517419
2384,2385,11.746397
2384,2412,6.9640527
2384,2417,7.653776
2384,2426,11.406951
2384,2447,12.751288
2385,2386,9.318701
2385,2405,6.931265
2385,2412,9.432853
2385,2418,13.504758
2385,2433,9.976937
2385,2440,13.042122
2386,2403,13.874048
2386,2405,6.261303
2386,2406,9.484657
2386,2418,7.101755
2386,2433,14.288886
2386,2440,10.849942
2386,2448,14.038692
2387,2401,7.8629155
2387,2428,10.662035
2388,2389,6.5027246
2388,2411,12.890367
2388,2427,7.5750976
2388,2441,9.082538
2389,2427,8.574064
2389,2441,13.062895
2391,2397,6.31281
2392,2402,7.225355
2392,2422,8.311299
2392,2429,14.247138
2392,2443,9.878787
2393,2396,11.461655
2394,2430,11.507062
2394,2445,13.588635
2394,2446,10.542619
2395,2424,8.842679
2396,2408,12.036009
2398,2399,11.446211
2398,2421,6.694813
2398,2425,7.470662
2398,2457,13.500062
2399,2421,8.209572
2399,2431,8.114751
2399,2454,11.478799
2399,2457,14.057242
2400,2409,12.413706
2400,2432,13.457869
2400,2437,6.82959
2401,2428,12.660389
2401,2438,14.5720005
2402,2422,12.704855
2402,2429,7.323033
2402,2443,9.584794
2402,2464,13.457816
2403,2406,5.63355
2403,2410,6.4063954
2403,2413,12.416013
2403,2418,10.94725
2403,2434,13.359538
2403,2444,8.861162
2403,2448,11.709096
2403,2450,9.953174
2404,2407,12.59929
2404,2451,10.044644
2404,2471,14.416439
2405,2406,11.855981
2405,2412,13.16921
2405,2418,6.9071074
2405,2433,8.055042
2405,2440,6.4704933
2405,2448,12.576438
2405,2462,12.103279
2406,2410,11.823268
2406,2418,5.3139353
2406,2440,10.744732
2406,2444,11.50986
2406,2448,7.8063703
2406,2450,9.354089
2406,2462,13.463851
2407,2424,10.115178
2407,2451,14.392657
2408,2414,10.129537
2408,2439,10.641613
2409,2437,12.744645
2409,2452,10.390692
2410,2413,6.01114
2410,2434,7.9564886
2410,2444,7.413823
2410,2450,11.920681
2410,2469,13.318526
2411,2441,11.981098
2412,2417,6.1633177
2412,2426,11.249641
2412,2433,8.657361
2412,2447,7.1755257
2412,2468,11.954184
2412,2476,13.545757
2413,2434,5.6546316
2413,2444,10.499661
2413,2469,12.791257
2414,2425,10.764288
2414,2439,5.0006585
2414,2461,12.225319
2416,2419,6.517202
2416,2435,12.985397
2416,2442,5.9728603
2416,2449,7.5196004
2416,2459,9.90016
2416,2465,12.284176
2417,2423,11.468419
2417,2426,5.097333
2417,2433,13.57573
2417,2447,6.502884
2417,2453,11.495174
2417,2468,12.949166
2417,2476,10.315737
2418,2433,13.104209
2418,2440,5.8603077
2418,2448,6.943618
2418,2450,11.66365
2418,2462,10.046306
2418,2481,14.620153
2419,2435,6.721462
2419,2442,10.217429
2419,2449,6.1584272
2419,2459,11.628393
2419,2463,13.367989
2419,2465,10.058933
2420,2466,14.524314
2421,2425,9.543784
2421,2431,12.532751
2421,2454,8.775052
2421,2457,7.794386
2421,2472,10.919538
2422,2443,6.89014
2422,2475,10.655344
2423,2426,6.7718463
2423,2453,8.437262
2423,2467,13.426874
2423,2476,14.639724
2423,2480,12.361122
2425,2439,12.412521
2425,2457,11.904089
2425,2461,9.2804365
2425,2472,11.00406
2426,2447,9.300197
2426,2453,7.2565727
2426,2476,9.556096
2426,2480,13.001578
2427,2441,5.6390524
2427,2458,11.39112
2428,2435,9.549407
2428,2455,5.456343
2428,2463,12.473058
2428,2470,8.890518
2428,2485,11.05546
2428,2496,14.763107
2429,2436,10.995959
2429,2443,11.675204
2429,2464,6.982235
2430,2446,8.061908
2430,2492,14.607401
2431,2454,8.923152
2431,2457,13.964926
2431,2460,8.28421
2431,2483,12.079053
2432,2437,12.715513
2433,2440,8.458606
2433,2447,9.624511
2433,2462,11.49266
2433,2468,8.774114
2433,2484,12.240358
2433,2487,14.338038
2433,2493,11.577943
2434,2444,7.37964
2434,2450,13.138728
2434,2469,7.1652536
2434,2482,12.379437
2435,2449,8.697819
2435,2455,8.381419
2435,2459,14.337278
2435,2463,8.642181
2435,2465,9.374871
2435,2485,12.663088
2435,2495,14.087227
2436,2464,11.885625
2436,2466,10.966635
2438,2458,14.761254
2439,2461,9.787388
2439,2486,12.629271
2440,2448,7.417328
2440,2450,13.620657
2440,2462,5.671023
2440,2481,12.476349
2440,2484,9.890272
2440,2493,13.435379
2441,2458,14.87368
2442,2449,6.705576
2442,2459,4.9058824
2442,2465,10.104838
2442,2488,10.545803
2442,2495,14.164021
2443,2464,13.108206
2443,2475,9.417984
2444,2448,11.704194
2444,2450,5.8406887
2444,2469,7.8929887
2444,2481,14.549949
2444,2482,8.68328
2444,2503,14.102019
2445,2446,10.209722
2445,2473,9.281085
2445,2478,7.9580526
2445,2504,13.847837
2446,2478,9.452755
2446,2492,10.658312
2447,2453,12.195801
2447,2468,6.455126
2447,2476,6.6602736
2447,2487,10.135754
2447,2493,13.92223
2447,2506,14.683243
2448,2450,6.232353
2448,2462,6.6636477
2448,2481,8.001586
2448,2482,13.481964
2448,2484,11.655079
2448,2503,14.63506
2449,2459,5.868291
2449,2463,10.626072
2449,2465,4.798642
2449,2488,10.724559
2449,2495,10.3979845
2450,2462,12.133648
2450,2469,11.400017
2450,2481,9.206051
2450,2482,8.325993
2450,2503,11.638084
2451,2471,5.482978
2451,2479,9.72598
2451,2489,8.929731
2452,2473,14.980096
2452,2490,11.839233
2452,2499,12.947303
2453,2467,12.500627
2453,2476,7.745707
2453,2480,5.795545
2453,2500,9.720726
2453,2505,11.384772
2453,2506,13.975924
2454,2457,5.4602623
2454,2460,11.455644
2454,2472,9.926076
2454,2483,6.4139647
2454,2491,8.541782
2454,2501,14.364818
2454,2511,14.323168
2454,2524,14.938726
2455,2463,7.4344707
2455,2465,13.299006
2455,2470,7.794472
2455,2485,5.9353437
2455,2496,12.106933
2455,2507,11.266254
2456,2477,8.643057
2457,2461,12.904732
2457,2472,4.642229
2457,2483,9.49305
2457,2491,8.040617
2457,2497,11.38482
2457,2511,12.649284
2458,2494,7.414212
2459,2463,13.580101
2459,2465,6.6706305
2459,2488,5.9365835
2459,2495,9.498539
2459,2521,13.58073
2459,2522,13.706111
2460,2483,9.583357
2460,2501,8.799349
2460,2508,12.54996
2460,2524,14.245618
2461,2472,8.860915
2461,2497,9.1796665
2461,2516,11.694135
2462,2481,7.5149918
2462,2484,5.237103
2462,2493,10.56684
2462,2519,13.096865
2462,2525,14.256908
2463,2465,6.9399223
2463,2470,13.651762
2463,2485,6.5683136
2463,2488,14.068592
2463,2495,7.654415
2463,2507,8.83372
2463,2520,10.5931
2463,2521,14.494498
2465,2485,13.495122
2465,2488,8.627833
2465,2495,5.7933855
2465,2507,14.713124
2465,2520,12.117942
2465,2521,12.738956
2466,2517,14.829807
2467,2480,9.095967
2467,2505,11.9909315
2467,2515,11.445154
2467,2530,13.418722
2468,2476,8.522886
2468,2484,12.39005
2468,2487,5.623064
2468,2493,7.5612054
2468,2500,14.993495
2468,2506,12.096957
2468,2512,11.451089
2468,2518,12.276508
2469,2482,6.3428993
2469,2503,11.917326
2470,2485,8.004343
2470,2496,6.1531034
2470,2507,12.027405
2471,2479,10.840553
2471,2489,3.8653233
2472,2483,12.368478
2472,2491,8.755662
2472,2497,7.1992574
2472,2511,11.252369
2472,2516,13.730603
2473,2478,10.2985525
2473,2490,7.9001145
2473,2504,11.505089
2474,2510,10.738749
2475,2502,10.6500225
2476,2480,11.220215
2476,2487,7.832306
2476,2500,8.53974
2476,2505,14.141427
2476,2506,9.244831
2476,2518,13.457193
2478,2492,9.17484
2478,2504,6.6909857
2478,2526,12.925428
2478,2533,14.108528
2479,2489,10.958016
2479,2523,12.073725
2480,2500,7.853101
2480,2505,6.12379
2480,2506,13.450904
2480,2515,14.608324
2480,2530,11.492819
2480,2535,14.440892
2481,2482,10.868836
2481,2484,9.015817
2481,2493,14.943497
2481,2503,8.643199
2481,2519,8.912878
2481,2525,13.519849
2481,2527,10.505448
2482,2503,5.9668856
2482,2527,12.716837
2483,2491,5.49242
2483,2501,8.558808
2483,2511,10.73673
2483,2524,8.60731
2484,2487,14.561294
2484,2493,6.0527477
2484,2512,11.730147
2484,2519,10.274549
2484,2525,9.466322
2485,2495,12.818577
2485,2496,8.827428
2485,2507,5.3990974
2485,2520,12.486492
2485,2542,14.631746
2487,2493,8.552498
2487,2500,10.865844
2487,2506,6.7684627
2487,2512,8.219508
2487,2518,6.995715
2487,2536,12.4961605
2487,2537,13.666674
2487,2551,13.627428
2488,2495,7.187724
2488,2520,12.021835
2488,2521,8.130576
2488,2522,7.789616
2488,2543,13.163574
2490,2529,8.852144
2490,2546,13.917047
2491,2497,10.498133
2491,2501,12.366166
2491,2511,5.846622
2491,2524,9.06561
2491,2532,11.215458
2491,2549,12.342681
2492,2504,10.089134
2492,2526,7.6286335
2492,2533,13.959858
2493,2506,14.613861
2493,2512,7.078277
2493,2518,11.305505
2493,2519,13.61925
2493,2525,9.424267
2493,2537,12.255172
2494,2513,9.599607
2495,2507,11.785186
2495,2520,6.593275
2495,2521,7.375488
2495,2522,10.964187
2495,2543,12.176486
2495,2547,12.595357
2496,2507,9.853451
2496,2542,11.295248
2497,2511,8.716984
2497,2516,6.813631
2497,2532,10.185638
2497,2539,14.938029
2498,2540,11.760581
2498,2544,12.674399
2499,2541,14.160358
2499,2554,12.867139
2500,2505,6.7391543
2500,2506,5.7210045
2500,2518,11.745111
2500,2530,12.473348
2500,2535,9.070958
2500,2536,10.171685
2501,2508,9.165664
2501,2524,6.606368
2501,2548,9.834447
2501,2549,14.673787
2501,2570,12.813097
2502,2534,10.911116
2503,2519,11.377464
2503,2527,6.750082
2503,2559,14.222274
2503,2560,13.510299
2504,2526,9.093958
2504,2533,7.5165606
2504,2546,12.569363
2504,2568,14.389316
2505,2506,11.942858
2505,2515,11.721514
2505,2530,6.2343125
2505,2535,9.056516
2505,2536,13.691489
2505,2563,12.72345
2506,2512,11.087204
2506,2518,6.0435696
2506,2535,9.729073
2506,2536,6.897194
2506,2537,14.47063
2506,2551,11.067557
2506,2574,14.368137
2507,2520,8.7653475
2507,2542,10.560311
2507,2547,10.345535
2508,2524,14.6867485
2508,2531,12.17901
2508,2548,13.407824
2508,2570,12.001617
2508,2583,14.976374
2509,2514,8.641498
2510,2567,11.670638
2511,2516,13.036912
2511,2524,9.436187
2511,2532,5.369004
2511,2549,8.139459
2511,2565,13.282751
2511,2576,14.948347
2512,2518,5.675497
2512,2519,14.37857
2512,2525,7.865143
2512,2536,12.497529
2512,2537,5.8894005
2512,2551,9.197547
2512,2552,13.436309
2512,2578,12.840798
2513,2561,13.498415
2513,2562,10.459126
2514,2553,14.9747305
2515,2530,7.1682754
2515,2550,7.5148673
2515,2563,12.50761
2516,2532,11.416928
2516,2539,8.173481
2516,2565,12.534109
2517,2544,14.776485
2518,2525,13.287418
2518,2535,12.890395
2518,2536,7.115977
2518,2537,8.448031
2518,2551,6.6381264
2518,2574,13.151666
2518,2578,13.727396
2519,2525,6.7025146
2519,2527,6.9572034
2519,2537,13.770762
2519,2552,6.9776163
2519,2559,8.8954315
2519,2581,13.37022
2520,2521,6.3307166
2520,2522,11.374719
2520,2543,8.30853
2520,2547,6.019201
2521,2522,5.044027
2521,2543,5.284453
2521,2547,9.764254
2522,2543,7.2646036
2522,2547,14.144254
2523,2531,12.182655
2523,2564,12.759594
2523,2579,11.954913
2524,2532,12.513333
2524,2548,7.186554
2524,2549,8.181374
2524,2570,12.578096
2524,2576,11.99814
2525,2527,13.427301
2525,2537,7.446573
2525,2551,14.137948
2525,2552,6.643471
2525,2559,12.35975
2525,2578,12.675989
2525,2581,11.995075
2526,2533,8.102247
2526,2550,14.932586
2526,2568,10.534029
2527,2552,10.734004
2527,2559,7.506767
2527,2560,12.416426
2528,2558,7.688239
2528,2569,14.807108
2529,2546,8.300869
2529,2554,12.655518
2529,2577,11.225245
2530,2535,10.040965
2530,2550,11.553188
2530,2563,7.9674606
2530,2580,14.13754
2531,2583,13.480072
2531,2592,13.38474
2532,2549,6.9437356
2532,2565,7.934191
2532,2576,13.037073
2533,2546,8.910156
2533,2568,7.1334004
2533,2573,7.9894147
2535,2536,6.3945856
2535,2551,12.923936
2535,2563,9.735755
2535,2574,9.504987
2535,2580,8.409022
2536,2537,12.860579
2536,2551,6.7739053
2536,2574,7.470967
2536,2580,11.316996
2536,2588,11.981861
2537,2551,6.8405704
2537,2552,10.010578
2537,2574,14.97913
2537,2578,7.037628
2537,2581,11.37924
2537,2588,13.48437
2538,2557,6.8852153
2538,2585,11.808242
2539,2565,12.449427
2539,2571,10.616305
2539,2597,14.771173
2540,2544,11.329916
2540,2545,9.069989
2540,2586,13.138122
2541,2554,13.71153
2542,2547,12.37357
2542,2589,10.204487
2543,2547,7.933787
2544,2586,10.194807
2545,2587,9.622574
2546,2568,12.532016
2546,2573,7.3768067
2547,2589,13.22627
2548,2549,9.369907
2548,2570,5.8661084
2548,2576,8.176929
2548,2583,13.411853
2548,2596,13.591127
2549,2565,11.802847
2549,2570,14.858824
2549,2576,6.815608
2550,2563,11.855834
2551,2574,8.3607645
2551,2578,8.400643
2551,2588,8.801774
2552,2559,6.432334
2552,2578,11.249231
2552,2581,6.459292
2553,2572,7.1518073
2553,2595,10.790586
2554,2577,6.9611783
2555,2558,13.148714
2555,2569,9.004754
2555,2575,8.674757
2555,2582,5.457829
2555,2591,10.006352
2555,2598,14.78886
2556,2566,12.076944
2556,2590,8.896449
2557,2561,11.368689
2557,2584,10.908935
2557,2585,7.852699
2558,2569,7.128991
2558,2591,13.607708
2559,2560,14.271613
2559,2581,8.756318
2560,2566,7.9874005
2561,2562,5.671977
2561,2584,6.8914165
2561,2585,13.022729
2561,2604,12.440836
2561,2605,13.079466
2562,2584,11.171611
2562,2604,11.813107
2563,2574,14.667871
2563,2580,8.067638
2563,2609,14.278307
2564,2579,6.946898
2564,2623,14.893843
2565,2576,14.821297
2566,2590,14.522541
2567,2606,11.82011
2568,2573,6.5266232
2569,2582,8.976539
2569,2591,6.5052238
2569,2611,12.453952
2569,2615,12.718492
2569,2616,10.617523
2570,2576,11.48732
2570,2583,7.576036
2570,2592,14.735525
2570,2596,9.962732
2570,2607,14.308654
2571,2597,8.309992
2571,2602,13.640398
2571,2625,12.252528
2572,2595,8.279821
2573,2620,14.364933
2574,2578,13.426387
2574,2580,7.2358923
2574,2588,6.1260905
2575,2582,6.4591813
2575,2591,12.113405
2575,2598,7.6281376
2575,2611,14.114674
2576,2596,12.890334
2576,2607,12.093379
2576,2624,12.076882
2578,2581,8.246306
2578,2588,9.214945
2578,2614,10.417461
2579,2617,12.572285
2580,2588,12.401148
2581,2614,13.090414
2581,2621,11.220046
2581,2622,14.732022
2582,2591,6.145146
2582,2598,10.097394
2582,2611,10.217883
2582,2616,13.84205
2583,2592,7.165239
2583,2596,8.543598
2583,2607,14.383455
2584,2585,8.013309
2584,2604,10.181147
2584,2605,6.760084
2584,2610,10.4004135
2585,2605,10.634554
2585,2610,7.4070883
2586,2608,12.616134
2586,2619,7.9280963
2587,2601,12.827463
2587,2608,12.885997
2588,2614,10.508407
2589,2600,6.2665496
2589,2626,9.692365
2589,2627,14.284639
2591,2598,12.602216
2591,2611,6.187192
2591,2615,12.804098
2591,2616,7.719224
2592,2596,12.663767
2592,2617,13.365041
2595,2613,8.2752695
2596,2607,5.8518963
2596,2624,12.787716
2597,2602,14.86767
2597,2625,8.25319
2598,2611,10.866281
2599,2618,12.648578
2600,2626,3.490104
2600,2627,8.906155
2601,2603,5.4877715
2602,2606,11.366453
2602,2625,8.7931185
2604,2605,8.417166
2605,2610,7.5564985
2607,2624,7.201164
2608,2619,8.618501
2611,2615,13.548962
2611,2616,7.2367964
2612,2623,8.0565605
2613,2618,10.025501
2614,2621,10.98022
2615,2616,6.3121853
2621,2622,7.657522
2626,2627,7.3997927
15,1,8.204606
41,1,8.181191
49,1,11.424051
55,1,13.256176
36,2,8.231218
6,3,10.633086
11,4,8.558573
52,4,10.576984
59,4,14.505557
30,5,11.464977
34,5,10.250729
40,5,7.480868
66,7,14.515397
26,8,6.2136917
47,8,13.973237
58,8,14.546716
17,9,8.9227085
39,9,8.317981
19,10,7.1534953
51,10,11.889543
68,10,14.935064
23,11,8.430298
52,11,9.078336
64,11,14.954526
16,12,7.8452654
20,12,9.861321
29,12,5.4327416
42,12,13.300196
43,12,10.547242
63,12,13.826669
37,13,11.002008
46,14,11.831683
62,14,14.674192
34,15,10.750281
41,15,10.247256
55,15,8.932414
29,16,11.825797
42,16,7.098629
59,16,13.649995
26,17,10.400015
39,17,14.556393
58,17,10.582387
50,18,7.626853
51,18,14.106999
71,18,14.579036
54,19,13.061995
28,20,14.186438
29,20,6.9381657
33,20,7.6796117
43,20,6.196712
63,20,12.799045
32,21,5.229264
60,21,9.862136
52,23,13.598839
64,23,10.750083
31,24,12.294769
77,24,14.218746
35,25,7.4032207
53,25,14.8097725
62,25,11.319801
58,26,8.911482
31,27,10.067692
61,27,7.316212
69,27,14.283493
72,27,14.7744
33,28,7.511595
44,28,7.0510597
33,29,12.942337
43,29,5.2132215
63,29,8.917986
40,30,8.7827
48,30,7.074663
67,30,9.798669
61,31,13.911798
72,31,12.709725
60,32,10.157619
43,33,8.824594
44,33,14.225634
63,33,14.068413
40,34,9.857086
55,34,9.962183
45,35,14.252242
53,35,7.6736116
62,35,13.694908
94,36,13.727407
46,38,7.904335
76,38,9.44336
84,38,13.582088
48,39,9.27159
80,39,10.732097
85,39,13.218111
48,40,14.799504
67,40,7.833665
49,41,6.62759
55,41,8.203663
86,41,11.34205
59,42,6.811878
78,42,11.774694
63,43,6.640172
92,43,13.42661
56,44,10.069179
79,44,12.484884
53,45,6.7326093
65,45,10.131337
76,46,11.998764
84,46,9.392329
66,47,14.446536
67,48,11.899082
80,48,9.845545
55,49,14.381801
71,49,12.7100935
86,49,9.022511
51,50,8.776268
68,50,14.965223
71,50,11.098161
95,50,14.091619
68,51,7.5047054
95,51,12.418519
96,51,14.7288265
59,52,12.94489
64,52,12.596892
78,52,13.716436
81,54,9.977553
87,54,9.198368
86,55,14.98892
98,55,11.605997
79,56,7.8227334
70,57,9.781594
91,57,9.480435
85,58,13.74029
78,59,5.569742
97,59,10.727535
70,60,8.236286
69,61,8.3566675
72,61,11.191321
82,61,14.892576
102,61,13.684893
110,61,14.734713
89,62,7.781737
92,63,7.47559
112,63,14.830573
111,64,13.915421
75,65,7.2939906
113,65,11.291975
114,65,11.722081
88,66,8.253257
100,67,9.98455
106,67,14.004975
81,68,14.294389
95,68,9.797874
96,68,7.295451
82,69,6.5363526
107,69,11.1743965
110,69,11.744228
91,70,8.62901
86,71,13.000924
102,72,9.121307
118,74,11.249343
108,75,10.852693
113,75,14.303362
114,75,10.096696
84,76,9.559164
103,76,13.479386
104,76,14.302039
116,76,10.222975
124,77,13.002868
97,78,5.214285
93,79,12.549309
117,79,9.87407
119,79,13.395789
85,80,11.888185
106,80,8.542392
123,80,14.81925
127,80,12.924779
87,81,9.42594
96,81,11.187028
107,82,7.195768
110,82,13.256037
108,83,13.1737385
122,83,9.8579445
89,84,13.933773
103,84,6.3757434
115,84,10.068913
116,84,10.668132
137,84,14.705047
123,85,10.713372
98,86,11.905483
90,87,10.172805
109,87,7.473738
120,87,12.415739
104,88,7.5860443
103,89,13.848579
115,89,8.041305
109,90,6.42705
120,90,7.677775
136,90,13.231138
112,92,9.321207
121,92,8.996176
130,92,10.650754
112,93,10.338401
117,93,11.954325
138,93,14.00901
144,94,11.967529
96,95,10.9319315
129,95,11.900112
129,96,9.425068
140,96,13.869084
111,97,12.553422
148,97,14.869534
101,98,9.936998
132,99,10.884011
133,99,9.259597
150,99,14.343739
101,100,10.035468
106,100,14.900478
128,100,9.287794
149,100,12.5240555
128,101,8.116569
110,102,7.5388927
146,102,12.401079
152,102,13.15224
115,103,6.75685
116,103,8.589495
137,103,8.488595
116,104,14.681157
127,106,9.667868
151,106,12.296583
110,107,9.809524
147,107,10.494984
114,108,11.694849
122,108,11.576547
134,108,7.6454515
120,109,4.944557
136,109,12.972481
157,109,13.415484
147,110,11.796319
152,110,10.76071
141,111,9.866285
121,112,13.5702
130,112,8.051493
114,113,7.799836
137,115,11.46581
160,115,13.73569
137,116,10.201824
119,117,9.065155
135,117,12.926352
138,117,9.236203
159,117,13.074245
126,118,10.351059
171,118,13.604063
131,119,9.449721
135,119,5.2786074
159,119,9.98312
136,120,8.068756
157,120,9.6815605
161,120,11.911128
130,121,8.227728
165,121,11.573297
134,122,8.931965
127,123,7.306893
164,123,11.265808
145,124,12.767141
174,124,13.47578
163,125,11.990036
151,127,10.091706
164,127,13.652882
149,128,7.205172
154,128,13.370838
173,128,12.192523
140,129,9.110352
177,129,14.960668
181,129,14.668651
165,130,11.234264
169,130,11.7778425
135,131,6.4766955
153,131,12.992639
159,131,12.641891
170,131,9.569963
133,132,6.904399
150,132,6.4529915
156,132,10.71181
150,133,5.7960486
156,133,6.255811
180,134,13.354734
159,135,6.844284
170,135,11.393211
184,135,12.039709
157,136,8.873391
161,136,5.953655
187,136,12.780054
160,137,8.902187
186,137,12.461739
159,138,13.071946
169,138,14.462477
175,138,9.196962
155,139,13.895969
172,139,6.5165815
166,140,11.753684
177,140,8.723832
162,141,9.311446
167,141,7.082516
153,142,9.2109375
192,142,14.828406
197,142,12.723743
176,143,11.885685
145,144,6.6851654
196,144,14.181693
196,145,13.823131
199,145,14.915775
152,146,12.4650955
174,146,14.60047
152,147,9.473665
158,147,12.514974
182,147,9.663173
162,148,13.089836
168,148,6.823426
191,148,11.006412
154,149,6.784204
173,149,11.23383
185,149,13.765248
156,150,4.971762
194,150,13.427701
198,150,14.622694
154,151,9.213077
185,151,10.15768
193,151,10.380439
182,152,12.0566845
203,152,14.447915
170,153,10.471375
192,153,8.627543
185,154,8.399951
193,154,14.272352
172,155,13.921362
179,155,6.702124
194,156,9.747687
161,157,6.382123
166,157,11.845831
178,157,7.847671
187,157,9.697362
205,157,13.336336
163,158,7.6071897
182,158,14.713192
183,158,7.8848786
170,159,12.890075
175,159,10.834444
184,159,7.7301726
201,159,13.747977
186,160,7.312995
178,161,11.991923
187,161,6.844842
205,161,13.604148
167,162,6.9141583
168,162,8.837896
191,162,14.929141
207,162,11.85703
183,163,7.9437976
206,164,11.259905
169,165,13.186726
177,166,10.315754
178,166,7.523115
210,166,13.978268
220,166,12.608744
207,167,9.654528
191,168,6.968815
207,168,14.966092
202,169,8.89553
184,170,9.806908
192,170,10.275823
201,170,7.637708
229,170,14.860502
198,171,12.398806
179,172,14.762231
190,172,11.224501
208,172,12.689388
221,172,14.056529
190,173,12.444158
199,174,8.178921
215,174,11.192754
184,175,13.288034
202,175,12.453123
218,175,10.239341
181,177,11.391425
210,177,8.77774
220,177,13.587541
243,177,13.986968
187,178,10.143208
205,178,8.350031
220,178,12.25507
238,178,13.208409
209,179,10.0000925
221,179,12.623982
237,179,12.161716
222,180,8.478448
209,181,13.273893
210,181,14.461125
227,181,11.436908
243,181,14.812173
255,181,14.9717455
216,182,12.35
244,182,12.356337
216,183,9.038098
223,183,10.699263
201,184,6.6868877
229,184,14.6584635
233,184,11.285467
239,184,14.223496
193,185,7.397128
214,185,7.817957
205,187,7.564192
238,187,12.381333
264,187,14.832887
211,188,9.288074
226,188,8.965041
235,188,12.943549
211,189,13.680582
249,189,14.113763
208,190,7.9346433
230,190,11.439425
212,191,9.685864
231,191,9.79204
197,192,12.697397
201,192,12.13936
213,192,14.897904
224,192,9.596696
229,192,12.709917
240,192,14.682161
206,193,13.467773
214,193,7.452897
250,193,12.163061
219,194,7.207933
228,196,8.500758
204,197,7.083441
213,197,5.390544
224,197,10.981829
240,197,9.712833
241,197,10.78145
247,197,14.583618
225,198,6.593745
254,198,14.143689
215,199,10.677632
217,200,7.063498
229,201,8.730924
233,201,9.577919
218,202,10.094253
252,202,10.217148
245,203,8.4000025
246,203,10.667553
280,203,14.887167
213,204,6.271219
240,204,11.11185
241,204,6.6882105
247,204,8.203473
270,204,14.528455
220,205,12.707754
238,205,5.61095
264,205,11.389168
268,205,10.873047
250,206,10.246105
261,206,14.622885
265,207,12.519719
221,208,11.192196
230,208,10.93766
253,208,8.11111
279,208,11.879025
290,208,13.287442
221,209,14.4691515
227,209,14.450004
237,209,6.711948
255,209,11.628378
262,209,13.872374
263,209,9.964234
291,209,14.499986
220,210,7.688742
227,210,10.870513
243,210,6.4867682
267,210,9.392787
226,211,6.7719665
235,211,14.128431
249,211,7.198244
231,212,6.8818994
232,212,9.098909
257,212,8.336368
224,213,9.158033
240,213,5.176727
241,213,6.0835323
247,213,10.98779
277,213,12.349301
288,213,13.142757
250,214,11.360232
251,214,11.667497
256,215,6.771006
223,216,11.0305
244,216,7.847011
269,216,14.696597
271,216,8.747279
273,216,12.077073
223,217,12.197678
239,218,9.388899
252,218,8.065968
276,218,11.190744
283,218,13.91254
278,219,11.959236
238,220,12.383455
243,220,12.08703
267,220,11.344129
268,220,12.8293915
298,220,14.811129
237,221,9.512101
253,221,7.86327
262,221,7.518897
263,221,11.738317
289,222,14.698173
292,222,13.195927
271,223,13.597521
273,223,10.197417
229,224,12.605441
240,224,6.092783
241,224,13.630967
274,224,11.315239
277,224,10.761086
234,225,13.185189
254,225,8.672762
235,226,7.368918
249,226,11.508912
260,226,12.806241
272,226,10.087443
243,227,6.066689
255,227,6.2968
267,227,10.67605
291,227,12.584625
297,227,14.572699
286,228,9.692613
233,229,8.85461
274,229,9.122208
281,229,10.947425
236,230,10.18266
279,230,9.549345
296,230,11.433269
232,231,14.755657
257,231,6.706556
265,231,11.164118
299,231,13.5971
257,232,11.585206
258,232,8.25555
239,233,7.79267
281,233,8.341215
283,233,12.443203
254,234,6.774901
282,234,13.25768
260,235,5.569729
272,235,6.1745777
275,235,10.152154
251,236,7.976034
285,236,8.850044
296,236,12.959801
308,236,14.03463
255,237,14.3445635
262,237,7.166568
263,237,4.4329457
291,237,14.079336
264,238,7.8197107
268,238,5.3875794
294,238,10.395227
298,238,14.315528
252,239,14.382866
276,239,12.468241
281,239,11.779698
283,239,7.638774
241,240,7.7437882
247,240,13.255449
274,240,14.545899
277,240,7.626361
288,240,10.963457
247,241,5.520699
270,241,10.677162
277,241,11.526742
288,241,8.62426
248,242,9.667974
255,243,11.471376
267,243,5.429849
297,243,11.221914
246,244,11.146371
269,244,6.858511
271,244,7.1683927
273,244,13.787022
287,244,9.162583
305,244,14.690932
246,245,7.402882
256,245,13.381
269,245,13.324936
280,245,6.790508
304,245,11.461825
307,245,14.225943
269,246,6.370897
280,246,8.38385
287,246,12.138004
304,246,13.686686
307,246,12.519446
270,247,6.3287272
282,247,12.269112
288,247,10.384033
261,249,14.533881
284,249,8.780302
285,251,8.856864
308,251,14.552246
276,252,6.7558913
283,252,14.755878
300,252,13.034014
262,253,9.332362
279,253,10.619344
290,253,7.8015785
303,253,10.3034315
263,255,13.6755
267,255,14.554399
291,255,6.5990996
311,256,14.092148
265,257,14.242557
299,257,13.329779
313,257,13.338163
300,258,10.683225
266,259,9.925287
301,259,10.948549
272,260,6.547982
275,260,5.142871
302,260,11.32024
284,261,9.470076
310,261,12.645396
263,262,6.1012707
290,262,13.790094
303,262,12.700134
291,263,11.425399
268,264,8.884326
294,264,7.745151
316,264,12.925009
299,265,6.718699
297,267,6.7056055
298,267,13.177464
322,267,13.970003
294,268,6.6947947
298,268,9.233228
316,268,14.254259
271,269,11.122545
280,269,11.384352
287,269,6.059371
305,269,14.20118
307,269,11.222027
312,269,11.377683
282,270,6.6355515
288,270,10.394537
273,271,6.8582153
287,271,8.759441
305,271,9.472484
312,271,13.972941
275,272,7.7509513
302,272,14.023139
287,273,14.277644
305,273,10.459162
277,274,12.024647
281,274,12.277332
329,274,14.811701
302,275,6.6152997
321,275,11.910731
283,276,9.495025
300,276,12.580872
314,276,11.189796
315,276,13.530957
326,276,12.030997
288,277,7.847115
320,277,13.132419
329,277,13.210858
292,278,12.505909
306,278,7.5921626
317,278,14.178903
290,279,6.261611
296,279,10.133553
303,279,10.809782
287,280,14.504311
304,280,5.4353566
307,280,7.6599417
311,280,13.039897
283,281,10.680229
315,281,12.856391
323,282,11.837513
314,283,9.344713
315,283,7.803514
326,283,14.342095
332,283,14.931878
310,284,8.674319
296,285,9.606883
308,285,5.8651075
328,285,12.103032
325,286,10.627392
305,287,8.296348
307,287,10.674869
312,287,6.431411
331,287,13.055728
320,288,9.499463
292,289,11.114479
318,289,8.385871
303,290,4.8006163
334,290,13.140694
327,292,9.679399
298,294,11.021696
316,294,7.6151776
319,295,13.178625
308,296,7.892057
298,297,12.200007
322,297,7.3427095
344,297,13.816443
322,298,13.675368
326,300,13.983158
336,300,11.9752
309,301,9.8061285
321,302,5.848565
333,302,11.158776
343,302,12.405158
334,303,11.0537815
346,303,14.750539
307,304,6.940461
311,304,8.609011
342,304,14.697705
312,305,8.152134
331,305,11.039778
338,305,11.251029
317,306,7.0702376
312,307,8.441832
331,307,12.196551
342,307,11.117999
328,308,7.9583387
349,310,11.549141
335,311,7.991361
331,312,6.7660747
342,312,11.375662
350,313,13.782983
315,314,4.628971
326,314,6.008516
332,314,10.60824
336,314,12.726639
326,315,10.564765
332,315,7.6833496
339,317,10.954194
345,318,8.104121
329,320,13.083824
356,320,10.188812
357,320,10.530683
333,321,5.840536
343,321,6.842334
358,321,12.921897
344,322,6.522936
359,322,14.115387
354,323,14.379642
357,323,14.105397
366,323,12.620248
347,324,10.37148
341,325,5.7555385
348,325,11.807628
372,325,13.660777
332,326,14.964324
336,326,6.723874
360,326,11.462516
367,327,13.84803
368,327,11.508192
379,328,14.577237
356,329,13.276339
362,330,9.131765
371,330,11.375297
338,331,13.033337
342,331,7.541167
389,331,14.788442
361,332,11.622686
363,332,7.78319
343,333,6.3143506
358,333,7.5629616
346,334,12.65605
352,334,8.044956
355,334,12.030966
378,334,11.399885
337,335,11.456178
364,335,7.6533175
370,335,12.449663
360,336,6.5623293
375,336,11.736964
348,337,6.1323366
364,337,9.970204
370,337,7.4125953
372,337,14.290894
389,338,13.493873
390,338,11.796394
376,339,9.972052
346,340,8.065239
352,340,14.537383
353,340,9.198539
373,340,11.833493
384,340,10.829913
394,340,13.67267
348,341,11.857583
372,341,9.887367
388,341,10.804678
398,342,12.736019
358,343,9.020199
359,344,9.04393
380,344,11.692305
351,345,11.885907
377,345,8.641721
397,345,14.116487
352,346,6.5439944
384,346,13.352741
394,346,12.042834
396,346,11.5570345
351,347,10.341572
364,348,13.610219
370,348,8.302328
372,348,8.327027
388,348,14.247704
402,348,11.826111
382,349,9.325116
401,349,14.835868
375,350,12.048703
392,350,9.387809
404,350,10.983662
378,352,10.043468
394,352,13.237654
396,352,8.8718
421,352,14.580595
365,353,6.7026815
373,353,6.08986
380,353,14.264613
384,353,11.1951475
403,353,11.339462
417,353,14.7606125
366,354,10.566411
393,354,10.82526
399,354,10.434894
378,355,10.259805
383,355,7.806758
357,356,6.8616557
415,356,12.935443
400,358,9.719126
387,359,11.078087
375,360,6.3508763
404,360,13.58468
363,361,6.709545
405,361,11.675058
411,361,12.737465
371,362,11.200938
379,362,14.239757
386,362,6.4827695
418,362,13.45643
411,363,11.075846
370,364,6.1916637
409,364,11.216646
373,365,7.647787
380,365,7.5640545
384,365,14.836524
403,365,8.774153
408,365,12.972386
399,366,7.864555
426,366,13.337508
368,367,10.225893
427,367,12.55908
377,368,13.135466
397,368,8.667789
400,369,14.137738
412,369,14.272508
372,370,12.989217
402,370,12.980205
409,370,13.995349
385,371,9.109042
386,371,14.675806
388,372,6.0923405
402,372,5.4836802
432,372,14.29353
433,372,12.932231
380,373,13.691685
384,373,7.2333064
394,373,13.713004
403,373,6.183058
408,373,13.683052
417,373,8.849403
392,375,14.258814
404,375,7.252058
393,376,7.55045
407,376,7.4627986
416,376,10.986936
397,377,7.188245
429,377,10.032165
383,378,11.886126
396,378,10.458517
421,378,9.450113
424,378,9.5782995
428,378,14.882742
383,379,13.871753
386,379,10.089964
406,379,6.4927754
418,379,9.644849
439,379,11.994806
403,380,11.049719
408,380,9.945078
425,380,10.285236
391,381,12.226949
410,381,7.2117357
438,381,11.074401
448,381,14.293571
401,382,9.471102
420,382,6.7489247
430,382,9.788988
453,382,14.117725
406,383,9.186031
424,383,11.379373
428,383,8.728541
439,383,14.510302
394,384,6.4798217
396,384,13.399353
403,384,11.0673685
417,384,6.6914415
450,384,14.859238
401,385,7.3170733
430,385,13.951396
418,386,6.9773602
422,387,10.702257
402,388,7.5803003
432,388,10.072283
433,388,11.935392
390,389,9.097074
398,389,10.463307
447,389,14.712325
452,389,12.850147
419,390,8.59467
447,390,12.576628
452,390,14.929642
410,391,8.623595
448,391,14.390053
404,392,8.101999
413,392,6.2633553
444,392,13.151897
399,393,9.876894
407,393,11.492943
416,393,8.0212965
426,393,11.575598
396,394,7.2355547
417,394,10.142318
421,394,13.457197
431,394,9.381398
423,395,14.100054
437,395,8.683423
421,396,7.7627125
424,396,14.739595
431,396,7.815481
429,397,8.91214
458,397,14.954666
451,398,13.111559
416,399,12.432361
426,399,6.3782496
435,400,8.844203
420,401,12.321267
430,401,7.342768
462,401,14.943354
432,402,11.124147
433,402,7.756471
408,403,7.658611
417,403,8.180513
450,403,11.106523
413,404,11.432444
411,405,10.20219
414,405,6.444274
434,405,12.349155
442,405,8.6932745
418,406,12.641151
428,406,10.770803
439,406,7.572639
459,406,14.131049
416,407,8.817385
445,407,8.888093
457,407,11.417393
417,408,13.912041
425,408,8.6658325
450,408,11.83008
461,408,8.980579
464,408,13.624408
440,409,10.303243
441,409,7.0746384
480,409,14.910406
438,410,8.712565
448,410,8.015547
449,412,7.1520734
469,412,13.922233
474,412,13.579237
444,413,6.889109
415,414,12.0574665
434,414,6.657526
442,414,6.8260875
434,415,8.061488
442,415,14.677928
426,416,9.434413
445,416,14.627071
457,416,9.462591
450,417,8.168657
439,418,12.110463
463,418,10.85595
423,419,8.7626295
447,419,10.160822
465,419,9.213664
466,419,14.430652
430,420,7.8250594
443,420,9.718312
453,420,7.4734554
462,420,12.542957
470,420,13.703501
424,421,7.902182
431,421,6.651981
471,422,12.487719
437,423,11.202128
465,423,11.641535
466,423,10.391822
428,424,7.7028522
431,424,14.196591
459,424,13.697754
467,424,10.490256
436,425,7.9968376
461,425,12.214169
464,425,10.002884
439,428,10.660212
459,428,8.023032
467,428,9.250707
487,428,14.312117
458,429,7.143813
491,429,13.579272
453,430,10.042787
462,430,8.189261
433,432,7.2469754
478,432,9.655769
488,432,13.504461
440,433,14.12148
478,433,11.064835
479,433,10.921664
488,433,11.557007
442,434,6.65831
475,435,9.800828
494,435,14.560688
454,436,7.6095204
464,436,8.754156
496,436,12.911727
438,437,14.329343
448,438,7.3611293
484,438,10.715517
459,439,8.943054
463,439,13.088027
476,439,8.621866
487,439,12.026052
441,440,9.608103
479,440,11.39801
480,440,11.029472
473,441,10.1138
480,441,8.360483
453,443,8.1580715
470,443,6.8357124
486,443,13.784692
495,443,13.755696
468,444,13.4787655
490,444,9.678177
457,445,10.012655
492,445,10.865269
483,446,7.843394
452,447,6.384161
465,447,7.2694364
481,447,12.650069
485,447,8.8421755
501,447,13.580326
477,448,12.475967
484,448,12.091496
489,448,10.469426
469,449,8.082535
474,449,6.5875
461,450,11.249501
473,451,9.704004
481,451,14.717784
465,452,13.39088
481,452,7.5419655
485,452,9.309816
462,453,8.6623
470,453,7.8135304
486,453,7.9351254
464,454,12.903144
471,454,10.619329
496,454,11.859
498,454,10.3003645
456,455,13.342753
482,455,9.991931
472,456,5.455248
482,456,6.2124696
493,456,9.320302
492,457,11.541308
491,458,6.544403
512,458,14.305607
467,459,6.748555
476,459,10.592078
487,459,6.2892365
500,459,9.97011
504,459,13.601761
468,460,8.745454
464,461,8.948761
497,461,8.732972
470,462,14.987566
486,462,8.76999
476,463,8.756299
511,463,11.934009
496,464,8.252581
497,464,9.117806
466,465,8.69476
485,465,10.848458
501,465,10.860695
503,465,10.608256
501,466,13.012728
503,466,6.4737563
518,466,13.756592
487,467,10.168773
500,467,8.995087
490,468,12.552894
522,468,13.413789
474,469,8.039966
475,469,11.534264
508,469,10.402156
486,470,8.719543
495,470,8.405787
510,470,12.041808
519,470,14.885903
498,471,10.403288
499,471,7.753078
517,471,13.879264
482,472,9.045688
493,472,6.67019
507,472,11.125556
480,473,9.220494
513,473,13.083317
508,474,11.528746
494,475,8.836523
509,475,9.542804
487,476,8.278576
500,476,14.824742
504,476,8.922888
511,476,9.856367
489,477,6.1337442
490,477,13.535072
502,477,6.325802
514,477,13.07589
479,478,11.574508
488,478,5.7530828
488,479,6.6306543
513,480,12.007651
485,481,9.158578
493,482,7.8609395
531,483,14.277539
489,484,13.866815
506,484,11.075092
515,484,10.922657
501,485,7.565372
503,485,14.614759
521,485,10.778023
495,486,13.764264
510,486,8.91738
500,487,6.6424856
504,487,7.501745
511,487,13.097174
532,487,14.055873
533,487,14.237747
502,489,8.65202
502,490,11.59435
514,490,11.031616
512,491,7.9082503
516,492,8.584928
534,492,12.251503
507,493,7.439537
536,493,13.196367
543,493,12.804612
509,494,8.963145
537,494,14.057982
544,494,14.301162
510,495,10.601925
519,495,7.877058
530,495,11.278666
497,496,10.413598
498,496,9.80875
525,496,9.492363
525,497,13.083869
499,498,12.614388
517,498,7.931761
525,498,13.353464
527,498,14.461468
517,499,10.994035
527,499,9.058094
504,500,10.7081785
532,500,13.755686
533,500,8.6580925
547,500,14.236463
503,501,8.230587
521,501,8.541448
526,501,10.004696
545,501,11.823508
514,502,6.9274745
548,502,13.509005
518,503,9.892359
526,503,8.944885
511,504,6.560035
532,504,7.87533
533,504,14.089262
535,504,12.389769
556,504,13.807979
515,506,11.691114
518,506,12.595831
523,507,8.718839
536,507,6.7340546
543,507,12.331403
509,508,13.786684
537,508,14.691334
538,508,11.670022
552,508,11.995522
537,509,6.0572505
544,509,11.776681
569,509,14.309267
519,510,8.799322
554,510,12.563432
532,511,10.307185
535,511,8.007496
549,512,9.411459
555,512,14.8318205
570,512,14.770438
548,514,7.8343844
542,515,7.8367896
567,515,10.862735
534,516,9.19031
551,516,8.297126
578,516,14.65723
525,517,14.717136
527,517,7.636201
550,517,11.220325
526,518,8.316882
558,518,10.391195
566,518,10.9010725
524,519,14.050251
530,519,6.8481607
553,519,14.167052
554,519,8.0429945
574,519,14.279171
531,520,9.344306
564,520,8.628646
526,521,12.349307
539,521,7.781142
545,521,6.5194163
576,521,12.489109
562,522,9.6194
536,523,7.242245
538,523,7.1176486
552,523,12.251762
530,524,7.4634247
546,524,8.509191
553,524,7.990462
574,524,14.696913
581,524,13.359585
545,526,9.462761
566,526,10.447535
550,527,6.44485
583,528,10.92488
543,529,8.890941
555,529,12.967102
563,529,8.75949
565,529,10.544985
546,530,14.7915325
553,530,8.185111
554,530,10.112072
574,530,11.305942
581,530,14.843629
559,531,8.196188
564,531,11.092545
533,532,11.734939
535,532,10.206418
556,532,6.0291853
560,532,13.693523
572,532,11.446453
579,532,12.022191
547,533,6.7892494
556,533,11.900377
560,533,8.098005
573,533,14.021435
586,533,14.228194
551,534,8.802913
568,534,9.655828
578,534,12.710753
556,535,13.374477
572,535,9.361137
538,536,12.789065
543,536,10.793259
571,536,10.2536335
544,537,9.342374
569,537,8.293347
552,538,5.173699
585,538,12.34855
541,539,7.657593
545,539,10.9432
576,539,11.460807
561,540,7.588473
573,540,14.674409
557,541,7.868995
575,541,14.135014
567,542,5.774235
584,542,11.015995
563,543,13.264934
565,543,8.834092
571,543,9.027301
591,543,14.443756
546,544,8.37756
569,544,10.6122465
588,544,11.428835
597,544,14.175742
566,545,14.61767
576,545,8.115054
553,546,9.672345
581,546,10.165682
588,546,11.5533285
599,546,14.035008
560,547,7.242975
561,547,10.738184
573,547,7.925603
586,547,11.629767
555,549,8.855208
570,549,7.1196833
568,551,12.575061
578,551,6.3626623
595,551,12.342997
603,551,13.690297
585,552,8.6548
589,552,11.478047
554,553,12.822439
574,553,7.267082
581,553,6.678331
599,553,13.847836
574,554,8.853256
563,555,7.492521
565,555,14.918503
570,555,14.217478
560,556,9.927773
572,556,9.635844
579,556,6.016762
586,556,13.026955
600,556,12.334488
604,556,14.402196
575,557,6.2908945
566,558,7.9802785
601,558,11.307403
564,559,11.603034
573,560,9.162092
579,560,9.804581
586,560,6.1616325
600,560,12.040288
608,560,12.640478
573,561,7.296043
598,561,10.889904
605,561,14.26693
577,562,7.186703
565,563,7.448725
591,563,13.855302
592,564,14.329385
571,565,10.129857
591,565,7.7939386
601,566,13.051805
617,566,13.858845
584,567,9.517008
602,567,11.965919
578,568,11.215315
590,568,7.3150916
595,568,11.607801
620,568,13.226424
588,569,14.077477
589,569,13.919559
597,569,9.602494
611,569,13.046699
583,570,10.713609
596,570,8.584746
591,571,9.717761
579,572,10.617032
604,572,10.018675
586,573,8.490895
598,573,12.752078
605,573,10.265635
608,573,11.389926
581,574,8.992695
599,574,14.928699
616,575,12.529628
621,575,13.706586
580,577,8.611799
606,577,8.806385
613,577,13.945539
590,578,11.050616
595,578,6.088913
603,578,8.150933
622,578,13.032574
586,579,9.655847
600,579,6.397675
604,579,10.344624
608,579,13.62576
623,579,11.866818
606,580,10.322061
607,580,11.618319
613,580,11.426087
588,581,10.362561
599,581,7.195209
587,582,9.316438
593,582,6.605744
610,582,9.963254
618,582,11.585026
619,582,14.435321
630,582,14.695451
596,583,7.924038
602,584,7.424901
589,585,6.005908
611,585,13.080236
600,586,8.14529
605,586,11.217494
608,586,6.4987693
623,586,11.87025
638,586,14.977161
610,587,13.829746
614,587,11.440112
618,587,9.628001
597,588,8.464733
599,588,6.4705544
635,588,13.692714
611,589,7.418214
641,589,14.914501
595,590,7.4669166
603,590,14.182694
620,590,6.820328
622,590,9.214162
624,591,7.81684
594,593,11.951624
610,593,8.816849
618,593,14.149581
619,593,8.526091
630,593,11.162886
619,594,9.749817
634,594,14.794426
645,594,11.976932
603,595,6.745773
620,595,12.242092
622,595,6.9752913
643,595,12.49469
627,596,13.444308
644,596,13.746845
599,597,13.525139
611,597,12.806997
605,598,9.80367
609,598,7.501
628,598,8.604631
631,598,11.2168865
635,599,10.125806
604,600,10.342334
608,600,8.764207
623,600,5.6490035
633,600,10.9876375
638,600,12.922539
617,601,10.079463
629,601,8.432508
639,602,10.735799
622,603,9.982002
643,603,12.106832
623,604,11.621626
633,604,8.900206
608,605,7.1944294
628,605,12.673582
631,605,7.0882587
638,605,11.598614
651,605,14.315605
656,605,13.656778
613,606,6.174542
636,606,13.462098
637,606,8.519692
613,607,11.179474
614,607,9.018262
623,608,8.893442
631,608,12.389792
638,608,8.767405
656,608,14.621098
628,609,7.4448466
631,609,14.79398
618,610,7.194087
619,610,9.416144
630,610,5.617756
660,610,14.597708
641,611,13.910609
649,611,13.671136
632,612,12.561176
636,612,10.180886
637,613,9.032227
618,614,8.63064
620,615,9.959458
626,615,8.068907
642,615,12.062174
647,615,11.360172
621,616,11.338184
646,616,12.811433
662,616,13.976832
629,617,9.103733
630,618,11.943458
660,618,13.707613
630,619,6.570049
645,619,9.952251
622,620,9.383846
642,620,9.254525
643,620,14.558032
647,620,14.954909
654,621,14.579999
642,622,12.740206
643,622,6.604059
633,623,7.4871645
638,623,8.517392
657,623,11.119463
653,624,9.452594
634,626,8.661505
647,626,10.315491
644,627,12.504436
668,627,14.045774
631,628,8.419783
651,628,8.12999
645,630,13.615097
660,630,13.605972
638,631,11.491229
651,631,7.2694054
656,631,9.117657
667,631,12.865491
639,632,13.845513
652,632,7.170582
638,633,13.633806
657,633,8.001804
645,634,11.514251
650,635,11.90237
663,635,10.894041
672,635,11.819595
637,636,8.338921
666,636,9.893164
689,636,14.839867
666,637,12.392555
656,638,7.6030717
657,638,11.5561695
691,638,12.337983
652,639,10.53132
670,639,10.166841
658,640,6.5142035
682,641,14.555757
643,642,13.713566
647,642,8.092363
679,642,10.785418
679,643,14.532349
690,643,12.702602
675,644,9.247831
693,645,13.794468
662,646,6.77388
680,646,10.771014
688,646,11.106757
679,647,13.87249
702,647,14.129929
650,648,8.180816
684,648,7.462711
663,649,11.856632
676,649,8.082703
683,649,9.82868
672,650,11.707733
684,650,10.014115
707,650,14.407463
656,651,10.027777
667,651,8.507678
742,651,13.807549
670,652,10.977047
692,652,12.592427
696,652,12.89442
671,653,12.582406
706,653,13.526957
665,654,14.363154
681,654,6.4805503
686,654,10.834434
659,655,13.31141
698,655,12.107928
709,655,12.535385
667,656,7.640983
691,656,10.829426
704,656,12.300295
718,656,14.306956
691,657,9.380206
714,658,12.909955
661,659,7.202316
698,659,13.419551
710,659,11.925832
729,659,14.381963
685,661,10.617141
717,661,14.8254385
665,662,8.99997
680,662,5.02191
688,662,10.505187
672,663,9.317765
676,663,9.121857
694,663,11.313508
724,663,12.63087
727,663,14.315621
669,664,13.247429
673,664,8.1885
699,664,7.6146307
715,664,14.660458
733,664,13.492451
680,665,9.15408
686,665,7.4600983
689,666,6.776188
720,666,10.228259
691,667,13.441384
695,667,14.356502
704,667,9.673966
718,667,8.360919
742,667,8.681943
675,668,14.842463
723,668,13.652482
736,668,14.458498
674,669,9.218555
711,669,8.267775
715,669,8.272406
733,669,13.419017
743,669,14.981329
696,670,6.184986
739,670,12.383195
682,671,9.8765545
706,671,10.387858
726,671,10.00918
694,672,5.2897315
707,672,8.94065
724,672,11.387428
738,672,11.888858
677,673,13.987282
699,673,7.955606
719,673,12.199621
725,673,9.438436
711,674,7.534566
715,674,13.303164
743,674,11.629232
713,675,6.9203305
716,675,10.688685
736,675,13.117243
746,675,13.937175
683,676,9.219886
701,676,14.295221
724,676,12.729298
727,676,8.570899
737,676,14.835758
747,676,14.291001
705,677,14.800084
719,677,9.491224
730,677,9.355204
688,678,14.289383
712,678,6.0613136
690,679,11.552632
734,679,11.306893
686,680,14.535996
688,680,8.634613
751,680,13.865947
686,681,9.779892
687,681,14.945229
731,681,8.763213
726,682,9.904865
744,682,14.305261
701,683,5.9287915
727,683,13.253718
737,683,9.407234
747,683,14.862788
703,684,11.655991
707,684,12.246448
717,685,5.7596536
741,685,11.257483
731,686,12.539196
756,687,12.4976845
712,688,14.351033
745,688,12.332594
692,689,10.581444
720,689,9.448911
723,690,10.683418
704,691,8.007857
718,691,13.607716
696,692,13.339921
739,692,14.460837
697,693,10.9519415
732,693,9.341756
707,694,7.1802306
724,694,6.853734
727,694,14.449049
738,694,7.56942
758,694,11.691183
775,694,14.369259
705,695,6.9738646
718,695,14.764985
742,695,7.601219
772,695,13.4355545
739,696,6.432852
702,697,10.952689
750,697,9.406471
709,698,5.900703
710,698,5.4912834
728,698,13.014047
729,698,10.776611
740,698,6.6199265
748,698,11.19555
759,698,12.490297
777,698,13.863402
715,699,12.873538
725,699,8.908329
733,699,8.478266
755,699,12.429742
735,700,7.1006684
763,700,14.005257
737,701,5.659737
744,701,10.683187
747,701,14.213131
765,701,12.326261
734,702,10.069997
750,702,10.660292
760,702,9.341419
708,703,10.030313
722,703,5.0442367
752,703,10.484922
776,703,13.55419
718,704,5.854028
742,704,12.634747
730,705,8.776695
742,705,14.047677
770,705,9.750929
772,705,14.6926
795,705,14.872268
714,706,14.223654
726,706,12.11613
757,706,9.065924
724,707,12.756069
738,707,5.553496
758,707,13.460101
761,707,10.448975
775,707,12.430454
709,708,12.129896
722,708,6.2848296
728,708,6.215782
748,708,13.235638
752,708,9.378099
768,708,11.932027
785,708,13.926832
710,709,11.114866
728,709,7.1708984
740,709,9.165631
748,709,7.5869775
768,709,12.970698
777,709,13.347382
786,709,13.043601
729,710,5.436162
740,710,6.1980977
748,710,14.4437065
759,710,9.055606
769,710,12.811563
777,710,14.186001
715,711,6.753272
733,711,13.108249
743,711,6.713684
762,711,10.554086
745,712,10.453437
716,713,8.146833
736,713,7.4636297
746,713,7.907995
767,713,14.158768
780,713,14.26115
781,713,12.51446
757,714,13.603244
764,714,11.932051
733,715,6.4878306
743,715,11.267661
762,715,9.5229645
736,716,14.599683
746,716,6.7865667
764,716,14.006339
767,716,9.194415
781,716,11.66868
741,717,6.4717603
769,717,14.344233
778,717,12.303755
742,718,7.1862054
772,718,14.156292
725,719,7.30485
730,719,7.7021422
790,719,14.218389
721,720,10.977664
749,720,8.868785
771,720,13.836594
789,720,11.418091
749,721,6.3901525
763,721,9.692446
728,722,11.15486
752,722,6.1738043
768,722,13.301677
776,722,14.129253
785,722,12.251673
754,723,6.5330553
779,723,13.381974
797,723,11.858619
727,724,8.21327
738,724,9.902368
747,724,13.762137
758,724,8.165564
775,724,13.737542
798,724,13.149851
730,725,14.882119
733,725,14.661645
755,725,9.871575
790,725,13.015825
744,726,14.274508
737,727,12.69091
747,727,7.0296063
758,727,13.5140915
798,727,13.7564335
740,728,14.394454
748,728,7.1181073
752,728,10.847223
768,728,8.029916
777,728,14.791609
785,728,12.601589
786,728,11.555498
812,728,14.921887
740,729,8.403662
759,729,6.4549646
769,729,7.661089
777,729,14.789362
778,729,13.585854
813,729,14.53847
770,730,11.564457
795,730,12.815588
773,731,9.442584
788,731,11.91643
766,732,6.928143
784,732,11.267373
800,732,12.825789
755,733,11.428457
762,733,11.0374975
805,733,13.190331
760,734,9.951102
774,734,7.847103
799,735,13.1549835
746,736,10.7319355
779,736,11.471636
780,736,8.243389
781,736,12.644292
744,737,10.01011
747,737,9.334388
765,737,7.0478883
758,738,8.092557
761,738,8.80563
775,738,7.3761783
824,738,14.726514
794,739,10.45462
748,740,9.159414
759,740,6.674785
769,740,13.019448
777,740,8.063721
786,740,11.782063
813,740,12.211289
778,741,12.403102
782,741,12.055494
826,741,14.253493
772,742,12.079751
762,743,8.238087
801,743,11.177265
828,743,14.094541
765,744,10.180838
807,744,10.160439
792,745,10.228949
802,745,9.782353
767,746,6.642478
780,746,12.703243
781,746,5.2724
822,746,13.007196
765,747,9.204086
798,747,11.996441
811,747,8.816561
752,748,14.566982
759,748,14.455905
768,748,6.795246
777,748,7.6735425
785,748,13.041899
786,748,5.508312
812,748,10.551527
763,749,10.476849
789,749,9.665807
760,750,8.497644
784,750,14.423191
787,751,5.830141
792,751,12.2972975
793,751,11.478312
814,751,9.679501
829,751,11.770512
768,752,8.876802
776,752,12.805886
785,752,6.146392
812,752,14.479799
831,752,11.492459
756,753,11.817459
806,753,13.855047
819,753,11.667915
820,753,11.442046
845,753,14.318696
779,754,7.713345
780,754,14.494946
797,754,6.17268
815,754,10.32748
851,754,14.4303255
790,755,10.008434
805,755,8.390335
852,755,14.752608
788,756,10.089838
806,756,7.4023867
819,756,11.225989
823,757,14.410703
761,758,13.747036
775,758,6.758056
798,758,7.9651966
824,758,9.832011
769,759,6.7996225
777,759,9.410909
778,759,13.272312
786,759,14.900443
813,759,8.140564
825,759,10.897203
774,760,8.80214
846,760,13.970444
775,761,7.853573
776,761,10.115293
824,761,14.3402405
833,761,10.625749
801,762,10.2628975
805,762,13.664299
828,762,9.429558
834,762,9.888707
810,763,7.4235578
843,763,12.117446
767,764,9.223134
818,764,8.335916
822,764,13.4945755
807,765,9.736185
811,765,10.09509
838,765,10.101308
784,766,7.7195373
796,766,12.067205
800,766,7.135885
832,766,11.429226
781,767,6.429878
818,767,12.459839
822,767,8.669641
777,768,11.810305
785,768,6.2466583
786,768,6.395568
812,768,7.2975664
831,768,11.682693
849,768,12.726548
778,769,6.6153197
813,769,11.413271
825,769,9.230624
772,770,14.109747
795,770,6.3483
808,770,9.498812
836,770,13.533905
859,770,12.78145
789,771,9.789214
804,771,6.0334153
835,771,12.30373
808,772,8.467341
858,772,13.491047
788,773,11.399391
793,773,7.3479395
830,773,8.175846
841,773,13.229309
791,774,12.543982
817,774,8.703917
846,774,13.171718
798,775,12.569717
824,775,7.7051444
833,775,10.222867
833,776,13.937845
863,776,14.191236
786,777,5.684229
812,777,10.204214
813,777,7.974709
861,777,13.532604
871,777,14.743968
825,778,10.286991
826,778,9.323034
780,779,7.2835646
797,779,9.216739
815,779,6.187994
840,779,13.016012
851,779,12.569954
868,779,14.624705
781,780,10.917056
815,780,11.340099
840,780,9.660975
822,781,8.659617
840,781,13.831423
816,782,6.2650995
827,782,11.763821
857,782,14.27862
809,783,7.0886226
839,783,14.782791
800,784,13.355645
832,784,7.0958996
860,784,12.937875
786,785,11.487755
812,785,9.009094
831,785,6.3801026
849,785,10.6963215
878,785,14.734726
812,786,5.5918446
813,786,13.007004
831,786,14.960238
849,786,12.530013
861,786,12.564721
792,787,8.377143
793,787,12.213916
814,787,4.9238806
829,787,5.9434204
854,787,11.293257
806,788,9.859241
830,788,11.407972
841,788,9.982014
856,788,11.613646
804,789,13.610119
835,789,7.0702715
862,789,13.806056
795,790,12.1626425
836,790,9.082663
852,790,8.65907
872,790,14.770497
797,791,12.733168
817,791,8.199608
855,791,12.968492
802,792,10.881907
814,792,11.257711
829,792,7.321759
875,792,13.776811
814,793,10.584095
830,793,9.769264
854,793,13.036955
821,794,9.614411
865,794,12.949074
808,795,13.607302
836,795,7.3883157
859,795,12.777907
799,796,10.599398
800,796,5.4845743
815,797,7.4684725
851,797,9.002339
855,797,11.208325
811,798,10.443052
824,798,9.772649
848,798,8.276239
886,798,14.982508
844,799,13.276642
850,799,8.797629
832,800,13.521918
828,801,5.522551
834,801,12.095236
867,801,12.228558
809,802,10.415854
839,802,6.681565
875,802,14.008229
883,802,13.36147
820,803,13.447671
821,803,11.819769
837,803,7.7678227
842,803,6.0720687
877,803,12.824087
879,803,14.267087
835,804,12.889699
828,805,14.699114
834,805,7.964227
852,805,14.958476
866,805,10.1856985
872,805,12.442343
819,806,5.8851314
841,806,14.89328
845,806,12.097572
856,806,12.615026
838,807,9.61897
869,807,11.774721
874,807,11.359371
858,808,12.696119
859,808,8.444244
893,808,14.5706625
839,809,7.6974134
843,810,6.114516
844,810,8.551639
838,811,8.485139
848,811,10.94556
869,811,13.625581
870,811,10.31173
831,812,10.278913
849,812,6.9468613
861,812,9.245062
878,812,13.554505
888,812,13.36834
825,813,7.263677
861,813,13.933656
871,813,10.510605
829,814,5.0551906
854,814,6.4523163
884,814,11.625456
840,815,12.068365
851,815,6.5015354
855,815,12.940681
868,815,9.940727
826,816,11.863752
827,816,11.9043
857,816,8.279734
898,816,14.555639
903,816,13.772562
846,817,13.2829685
897,817,14.674192
822,818,10.4496565
847,818,11.410298
873,818,10.203748
820,819,10.482978
845,819,6.393078
837,820,7.197253
842,820,14.2871475
845,820,6.814787
876,820,8.847195
877,820,13.732202
842,821,11.196992
865,821,8.545488
879,821,10.9473715
873,822,10.898248
881,822,14.32128
853,823,6.795982
885,823,13.8241415
833,824,9.7023
848,824,11.100498
886,824,11.513164
887,824,13.217675
826,825,14.29641
871,825,13.157157
857,826,8.822316
882,826,10.317682
903,826,14.144545
858,827,14.389981
834,828,6.8615856
867,828,8.20359
854,829,8.397809
875,829,12.723364
884,829,12.633179
841,830,6.4203124
856,830,11.507438
864,830,6.8856936
889,830,14.007381
895,830,14.005149
849,831,7.299245
863,831,11.6711855
878,831,8.857494
888,831,12.94559
860,832,5.8773594
880,832,13.335172
887,833,9.819086
866,834,10.119327
867,834,9.750765
862,835,8.924618
852,836,9.575388
859,836,14.143383
842,837,7.0992174
845,837,12.785062
876,837,8.279651
877,837,8.233636
869,838,5.9639387
870,838,9.720929
874,838,14.051648
892,838,11.573703
901,838,13.428486
875,839,13.263211
883,839,8.661362
904,839,13.360877
868,840,8.510113
881,840,7.8938036
856,841,5.0872283
864,841,5.745243
895,841,10.528618
876,842,12.97259
877,842,7.5623646
879,842,8.844276
844,843,10.118275
862,843,12.114748
891,843,10.497346
909,843,14.836348
850,844,7.8053436
891,844,12.194635
896,844,11.041122
876,845,9.19633
873,847,14.737001
885,847,8.58851
900,847,11.250181
870,848,9.612059
886,848,8.280326
890,848,8.754589
861,849,8.599631
878,849,6.6493797
888,849,7.215227
894,849,11.71983
896,850,11.128889
899,850,14.492361
917,850,13.464813
855,851,7.2013006
868,851,9.532431
866,852,14.630339
872,852,7.626756
874,853,12.729468
902,853,11.104047
915,853,14.406405
930,853,13.289849
884,854,5.199683
889,854,11.148162
864,856,8.925814
895,856,10.047299
882,857,7.289912
898,857,10.154672
903,857,6.476861
927,857,13.246709
893,858,10.128135
919,858,12.183318
893,859,10.72411
913,859,11.950299
880,860,9.7855625
910,860,14.830294
871,861,7.9684877
878,861,13.03444
888,861,9.069656
894,861,7.34403
918,861,12.335673
926,861,14.468923
909,862,10.076875
878,863,12.234444
911,863,13.388485
889,864,10.048312
895,864,7.1866355
879,865,9.506239
907,865,12.269104
867,866,11.641661
872,866,7.5882087
908,866,8.853535
922,866,14.450122
916,867,11.394414
922,867,11.159169
881,868,11.602376
870,869,9.695913
874,869,10.39703
892,869,7.8619637
901,869,7.5266848
921,869,14.730955
924,869,14.766557
925,869,12.518417
886,870,14.359985
890,870,9.061853
892,870,6.3313527
901,870,12.937956
921,870,10.219215
925,870,12.953349
894,871,10.736993
918,871,11.612674
936,871,14.443031
908,872,9.571643
932,872,13.6925535
900,873,11.784301
905,873,7.1080365
931,873,13.786068
901,874,11.190853
902,874,9.43596
924,874,10.255229
883,875,8.427431
933,875,14.345884
877,876,7.7867227
941,876,14.9433975
879,877,9.9842615
888,878,5.6120477
894,878,12.237166
926,878,11.797592
942,879,14.968341
910,880,6.189684
914,881,7.9119697
931,881,14.642931
898,882,12.435373
903,882,6.462851
927,882,11.133061
904,883,7.6814857
933,883,10.92099
889,884,8.312816
929,884,10.581078
934,884,12.91215
900,885,11.408643
915,885,10.55147
939,885,14.549792
944,885,13.150819
945,885,14.94548
887,886,12.655082
890,886,6.8894606
912,886,8.590365
951,886,13.26658
911,887,8.92429
912,887,9.127169
894,888,6.6307034
918,888,12.478808
926,888,7.937644
895,889,11.401116
929,889,14.508532
934,889,9.373249
948,889,12.359302
892,890,11.747962
912,890,12.872286
921,890,9.179563
951,890,12.851644
896,891,8.929271
909,891,10.748451
901,892,7.226923
921,892,6.8931627
925,892,6.859426
953,892,13.326659
913,893,12.176347
919,893,11.394038
947,893,12.81389
918,894,6.292255
926,894,7.732693
961,894,13.38063
934,895,14.6808
935,895,9.57982
948,895,11.258006
917,896,6.674637
923,896,12.256485
952,896,12.693248
950,897,9.664345
903,898,5.9748282
927,898,7.1354833
928,898,6.9645514
917,899,11.297201
923,899,6.6421623
938,899,7.952787
952,899,13.709544
955,899,11.101282
905,900,12.586447
939,900,7.637913
944,900,14.301677
921,901,11.827252
924,901,9.218286
925,901,6.6933675
953,901,9.294814
915,902,13.016178
924,902,8.345341
930,902,6.6711044
945,902,14.791325
946,902,9.5975485
956,902,12.559379
927,903,6.7745595
928,903,12.54634
906,904,9.271259
933,904,8.901784
962,904,14.704972
914,905,11.749226
931,905,6.915391
962,906,13.68548
942,907,11.634366
963,907,12.020365
922,908,11.637099
932,908,11.332549
966,908,13.356797
943,909,11.581269
958,910,11.236102
912,911,13.920811
940,911,6.644238
951,912,8.7671585
968,912,12.301746
976,913,14.224127
931,914,7.7894998
960,914,10.376015
930,915,7.1630845
944,915,8.335286
945,915,5.2973547
956,915,10.79968
964,915,11.230853
980,915,14.838329
922,916,7.9751973
957,916,10.236839
959,916,9.311972
923,917,5.9048963
938,917,13.52721
952,917,6.8860607
955,917,11.270279
978,917,13.673405
926,918,9.380506
936,918,9.971899
961,918,9.212432
988,918,14.287954
937,919,9.160251
947,919,6.8771005
965,919,14.099596
935,920,13.367791
941,920,12.202836
925,921,6.5717306
953,921,12.961336
957,922,7.372452
959,922,12.490827
938,923,7.736558
952,923,7.133654
955,923,6.9539304
978,923,13.932962
979,923,12.48541
925,924,13.365445
930,924,13.0534
946,924,7.367333
953,924,9.995377
972,924,13.85353
953,925,6.92012
961,926,9.734312
928,927,9.981776
937,928,8.747994
934,929,10.724741
954,929,6.2266927
944,930,14.114572
945,930,8.120276
946,930,9.902947
956,930,7.4970255
964,930,12.735211
972,930,12.535489
980,930,12.908164
960,931,10.096829
984,931,11.2340555
949,932,5.9681215
966,932,9.052693
962,933,14.822938
981,933,12.976944
948,934,6.802162
975,934,9.524977
948,935,12.232069
961,936,13.829273
988,936,14.683561
1000,936,13.223753
1003,936,14.745341
947,937,11.5349045
952,938,11.570107
955,938,5.40909
979,938,10.275159
944,939,9.446609
971,939,8.800163
985,939,13.716039
969,940,12.332998
986,940,10.089901
982,941,8.718937
963,942,11.808148
967,943,8.238971
993,943,12.799402
998,943,13.40836
945,944,6.5014315
956,944,13.32721
964,944,8.168952
971,944,9.146962
980,944,14.406856
985,944,9.074451
946,945,14.98689
956,945,7.2233095
964,945,5.9678965
971,945,14.363896
972,945,13.787404
980,945,9.996111
985,945,11.476923
953,946,13.163967
956,946,8.594303
972,946,6.58974
980,946,11.926847
965,947,7.422147
992,947,10.632814
996,947,14.169708
975,948,9.0230465
966,949,11.664343
1010,949,14.869305
1001,950,13.545137
968,951,7.402444
974,951,8.153998
991,951,11.509162
999,951,13.525087
955,952,6.9705005
978,952,7.125394
979,952,9.217761
1009,952,14.771613
981,954,10.862106
978,955,10.506884
979,955,5.8883414
964,956,7.689037
972,956,6.637227
980,956,5.458371
985,956,14.603273
1012,956,14.253249
959,957,7.763963
1005,957,10.538182
987,958,13.071633
990,958,7.8547487
1005,959,12.11515
984,960,9.086975
1002,960,12.599553
988,961,6.470789
1000,961,12.675635
977,962,5.330673
994,962,6.0322146
1011,962,10.444138
971,964,11.855383
972,964,12.489458
980,964,6.488935
985,964,6.9464893
1012,964,9.246977
976,965,9.347234
992,965,8.8067875
996,965,7.122223
1007,965,12.419709
1028,965,12.883001
1029,965,11.884194
1004,966,7.9467506
1013,966,12.369596
1022,966,13.66897
973,967,9.251193
993,967,5.4226
997,967,11.780147
998,967,10.823417
974,968,9.449317
991,968,4.8994637
999,968,12.811976
1024,968,11.70862
986,969,10.354647
1032,969,12.862559
989,970,11.178514
1036,970,14.768057
985,971,6.093236
1012,971,13.8505
1018,971,9.535451
980,972,6.5792136
993,973,10.552543
997,973,4.961527
991,974,9.972435
999,974,5.4894824
1024,974,11.882914
1006,975,14.361119
1014,975,11.379459
996,976,7.680589
1007,976,6.5957284
1008,976,12.243253
1029,976,12.070127
1039,976,13.637221
994,977,5.217396
1011,977,6.95141
979,978,7.974434
1009,978,7.830594
1016,978,13.781595
1009,979,13.891426
1038,979,13.718458
985,980,12.082214
1012,980,9.306113
1040,981,13.752391
1015,982,12.000142
1017,982,7.6599827
1033,982,14.840333
998,983,14.915224
1009,983,12.639379
1016,983,7.4382663
1031,983,9.710015
1035,984,10.884863
1012,985,8.113508
1018,985,8.79095
990,987,9.265877
995,987,6.1490216
1023,987,7.6703076
1000,988,7.3163366
1019,988,11.9267
1026,988,14.12842
1044,988,13.555988
1002,989,9.485166
1023,990,10.494217
999,991,11.083719
1024,991,7.056365
1063,991,14.595585
996,992,9.521589
1025,992,7.2608485
1028,992,7.5100675
1029,992,10.387617
1042,992,12.806911
997,993,10.622344
998,993,8.414921
1052,993,12.430411
1011,994,5.0264745
1023,995,8.717227
1056,995,12.706869
1007,996,6.409805
1025,996,13.916929
1028,996,8.502345
1029,996,5.3004937
1039,996,13.375955
1058,996,12.832081
1052,997,12.986891
1064,997,14.510466
1031,998,12.485337
1053,998,11.925672
1024,999,9.363576
1048,999,10.276616
1003,1000,9.253145
1019,1000,6.5386615
1020,1000,13.626151
1044,1000,14.967309
1034,1001,6.50323
1019,1003,9.8737955
1020,1003,7.154301
1066,1003,14.2655325
1010,1004,13.139277
1013,1004,6.6797466
1022,1004,8.186841
1037,1004,7.8244534
1045,1004,10.293967
1022,1005,12.226107
1046,1005,10.036084
1061,1005,13.650128
1008,1007,10.393195
1028,1007,12.700234
1029,1007,7.659614
1039,1007,7.701425
1058,1007,10.648394
1010,1008,6.0743356
1013,1008,12.906798
1039,1008,8.7709675
1016,1009,7.6493945
1055,1009,9.860369
1013,1010,6.849276
1037,1010,11.022148
1039,1010,13.74388
1018,1012,10.499455
1054,1012,8.563765
1057,1012,13.021889
1062,1012,12.359428
1022,1013,13.431982
1037,1013,5.4108133
1045,1013,12.009685
1040,1014,12.995973
1017,1015,9.495499
1047,1015,7.532744
1059,1015,11.608327
1031,1016,7.578243
1055,1016,8.603705
1033,1017,11.030859
1047,1017,12.478324
1059,1017,8.689922
1070,1017,12.094363
1054,1018,11.788615
1057,1018,8.130679
1020,1019,10.230169
1044,1019,12.325066
1041,1020,12.364307
1066,1020,7.6061788
1027,1021,9.262644
1041,1021,10.275767
1049,1021,10.176128
1073,1021,13.9253
1037,1022,10.928551
1045,1022,6.853362
1046,1022,14.784317
1061,1022,8.703446
1056,1023,12.2326765
1071,1023,11.222144
1048,1024,10.228621
1063,1024,8.084537
1076,1024,14.712279
1083,1024,14.51251
1028,1025,6.577762
1029,1025,11.688859
1042,1025,5.5524535
1067,1025,13.064802
1068,1025,10.877554
1078,1025,11.923169
1032,1026,10.276931
1044,1026,9.682861
1077,1026,11.84423
1042,1027,13.240997
1049,1027,13.155427
1067,1027,10.205676
1073,1027,10.953777
1029,1028,5.1511674
1042,1028,10.418312
1058,1028,11.341698
1068,1028,8.361024
1078,1028,14.210462
1039,1029,11.7285185
1058,1029,8.350415
1068,1029,10.331279
1050,1030,8.655688
1051,1030,5.917546
1053,1031,8.924372
1055,1031,11.583487
1072,1032,10.185905
1059,1033,13.929703
1070,1033,10.524174
1079,1033,14.733426
1082,1034,13.907226
1043,1035,7.520352
1075,1035,10.611273
1081,1035,10.922488
1074,1036,9.272869
1045,1037,7.223774
1087,1037,11.523452
1065,1038,5.1127706
1069,1038,12.782775
1080,1038,9.5466175
1058,1039,7.9882083
1097,1039,14.879902
1049,1041,7.5343747
1066,1041,6.615915
1067,1042,7.9724665
1068,1042,10.191011
1078,1042,7.09285
1075,1043,6.0386133
1081,1043,11.272735
1086,1043,9.415078
1077,1044,8.415025
1061,1045,8.353602
1087,1045,10.089209
1061,1046,9.445525
1050,1047,12.140296
1059,1047,8.392428
1088,1047,8.736622
1098,1047,12.40963
1060,1048,11.191163
1063,1048,9.89731
1083,1048,7.9199305
1095,1048,14.298519
1099,1048,13.73733
1101,1048,12.422181
1113,1048,14.838865
1066,1049,12.828435
1073,1049,7.7838564
1051,1050,9.758328
1088,1050,13.293058
1112,1051,14.313356
1064,1052,13.505125
1089,1052,13.1012125
1094,1052,10.399516
1089,1053,9.419792
1104,1053,12.552152
1057,1054,8.054397
1062,1054,7.8845534
1092,1054,8.345549
1100,1054,12.613999
1090,1055,9.967386
1065,1056,13.718952
1069,1056,5.45471
1071,1056,7.1338277
1091,1056,7.2921934
1106,1056,14.904687
1086,1057,10.808009
1092,1057,9.126565
1068,1058,9.309507
1097,1058,9.028454
1070,1059,7.0657372
1088,1059,12.16731
1098,1059,8.854249
1083,1060,14.774805
1099,1060,9.694238
1101,1060,13.524484
1109,1060,11.432806
1087,1061,14.910328
1084,1062,8.901591
1092,1062,11.671538
1100,1062,10.342225
1076,1063,8.226916
1083,1063,8.829664
1095,1063,7.996114
1113,1063,14.265144
1125,1063,14.947269
1069,1065,8.96777
1080,1065,7.565585
1091,1065,13.379607
1073,1067,9.093622
1078,1067,8.638657
1078,1068,8.939694
1097,1068,11.17398
1120,1068,13.810147
1071,1069,11.101494
1091,1069,5.507941
1127,1069,13.7117
1098,1070,9.730282
1105,1070,9.8885765
1122,1070,12.77251
1085,1071,11.196705
1091,1071,8.739775
1106,1071,9.192831
1123,1071,12.508072
1096,1072,7.8997574
1118,1072,11.955607
1133,1073,14.761416
1082,1074,8.28604
1116,1074,12.172132
1081,1075,7.188333
1086,1075,8.685931
1132,1075,13.93811
1083,1076,14.231044
1095,1076,7.7545795
1096,1076,14.047645
1102,1076,8.358794
1125,1076,12.401447
1110,1077,8.359318
1128,1078,12.402356
1105,1079,14.451654
1090,1080,11.51201
1114,1080,13.431248
1107,1082,8.365903
1116,1082,8.052497
1141,1082,13.556423
1095,1083,7.9282274
1099,1083,11.326285
1101,1083,6.8527164
1113,1083,7.1191945
1125,1083,12.5525465
1136,1083,12.613865
1100,1084,10.712307
1117,1084,11.223243
1135,1084,12.384805
1093,1085,7.4230185
1106,1085,10.37645
1124,1085,8.541738
1132,1086,12.148675
1111,1087,5.760046
1143,1087,14.427843
1098,1088,8.777447
1131,1088,10.571436
1094,1089,6.585128
1104,1089,11.015732
1114,1090,6.426197
1140,1090,13.235072
1106,1091,11.27449
1123,1091,9.6706295
1127,1091,10.093928
1153,1091,14.9156885
1100,1092,7.7856164
1107,1093,11.019968
1124,1093,11.765057
1148,1093,13.859241
1134,1094,13.225492
1101,1095,12.603412
1102,1095,13.275725
1113,1095,8.639708
1125,1095,6.9539123
1136,1095,12.387214
1102,1096,7.3847775
1118,1096,13.022657
1120,1097,7.8577185
1130,1097,11.584051
1145,1097,11.690195
1105,1098,12.155296
1122,1098,7.9343257
1131,1098,8.91196
1101,1099,5.8793297
1109,1099,7.9596014
1113,1099,11.361918
1136,1099,14.087583
1139,1099,10.455625
1149,1099,11.820002
1135,1100,10.862625
1109,1101,13.662095
1113,1101,5.574033
1125,1101,13.944935
1136,1101,9.372923
1139,1101,8.932605
1149,1101,13.436589
1125,1102,13.739325
1119,1103,8.707996
1157,1103,12.639955
1155,1104,13.388566
1122,1105,7.898279
1147,1105,14.34254
1173,1105,14.836538
1123,1106,6.0728865
1124,1106,8.146512
1127,1106,14.753775
1154,1106,9.350566
1164,1106,12.501043
1116,1107,7.5855594
1141,1107,6.7901464
1148,1107,12.808492
1159,1107,14.363192
1166,1107,12.546233
1156,1108,9.263485
1117,1109,11.240239
1139,1109,14.482796
1142,1109,10.428121
1149,1109,11.6286335
1118,1110,13.807047
1119,1110,13.469299
1137,1110,7.4773183
1175,1110,14.151997
1143,1111,9.547509
1144,1112,7.56129
1181,1112,14.963205
1125,1113,8.406853
1136,1113,5.494706
1139,1113,9.517837
1140,1114,7.122142
1126,1115,7.9238963
1185,1115,14.758126
1141,1116,7.874911
1159,1116,9.032719
1166,1116,12.045443
1135,1117,11.497587
1142,1117,10.420531
1183,1118,13.081679
1137,1119,9.050779
1157,1119,8.56594
1179,1119,13.0646
1130,1120,13.662401
1145,1120,9.898249
1146,1120,8.469212
1176,1120,12.218773
1169,1121,10.489984
1177,1121,13.398737
1131,1122,8.830421
1161,1122,12.024634
1173,1122,11.9800005
1124,1123,12.860723
1127,1123,9.068302
1153,1123,9.399046
1154,1123,9.65092
1164,1123,9.009679
1148,1124,10.741178
1154,1124,8.128781
1164,1124,14.490513
1182,1124,12.260134
1136,1125,8.564025
1185,1126,12.5893955
1186,1126,14.990716
1153,1127,5.9927254
1164,1127,13.441771
1189,1127,12.969486
1133,1128,8.341767
1146,1128,10.932886
1163,1128,7.7302685
1165,1128,11.645358
1151,1129,7.3931084
1158,1129,6.4479394
1145,1130,6.0674376
1168,1130,14.762899
1188,1130,14.128194
1161,1131,7.3195667
1162,1131,10.097409
1193,1131,13.937512
1170,1132,13.072482
1163,1133,11.254486
1165,1133,7.4677734
1152,1134,8.119162
1178,1134,10.487967
1139,1136,7.2190757
1149,1136,13.823835
1157,1137,13.35329
1175,1137,9.73298
1179,1137,13.536809
1150,1138,5.777188
1171,1138,10.009417
1172,1138,8.812407
1142,1139,14.2895975
1149,1139,6.6430097
1202,1140,13.511898
1148,1141,10.502669
1159,1141,9.416763
1166,1141,5.768065
1187,1141,11.798872
1149,1142,7.812712
1168,1143,7.1347685
1180,1143,7.930805
1188,1143,12.765863
1192,1143,12.22329
1152,1144,14.31251
1181,1144,7.713746
1194,1144,13.514765
1196,1144,12.447426
1217,1144,14.771909
1146,1145,14.497844
1176,1145,13.524745
1163,1146,9.887543
1176,1146,6.3810916
1215,1146,14.776259
1186,1147,10.589835
1212,1147,13.949464
1154,1148,14.363409
1166,1148,11.2479515
1182,1148,11.486334
1187,1148,7.5568476
1171,1150,13.310616
1172,1150,4.8778524
1158,1151,10.532912
1178,1152,11.665377
1181,1152,14.806377
1196,1152,11.634562
1200,1152,11.702995
1154,1153,14.593784
1164,1153,8.966341
1189,1153,7.9318805
1204,1153,12.069687
1164,1154,6.6758847
1182,1154,7.7998743
1204,1154,14.252627
1218,1154,13.546962
1197,1155,7.942388
1224,1155,14.39703
1167,1156,9.401426
1190,1156,12.5547285
1198,1156,8.664974
1179,1157,6.495745
1195,1157,14.649068
1208,1157,13.974486
1214,1157,12.833426
1221,1157,14.715642
1177,1158,10.480087
1166,1159,8.325146
1223,1159,12.914902
1195,1160,11.066235
1162,1161,7.111856
1173,1161,12.747549
1193,1161,6.636955
1213,1161,12.944006
1222,1161,11.979019
1193,1162,10.317736
1194,1162,12.714413
1213,1162,10.030333
1222,1162,13.590748
1165,1163,8.80094
1176,1163,12.346216
1215,1163,10.548707
1182,1164,11.360826
1189,1164,12.60934
1204,1164,8.660952
1218,1164,11.96572
1187,1166,8.524606
1219,1166,10.75947
1223,1166,14.828019
1198,1167,11.078468
1203,1167,9.050411
1226,1167,13.332186
1231,1167,14.683235
1180,1168,7.2623944
1188,1168,5.7527685
1192,1168,13.317019
1210,1168,8.702484
1177,1169,10.4005165
1184,1169,9.09269
1211,1169,10.121748
1199,1170,5.789222
1230,1170,12.902991
1172,1171,12.271398
1180,1171,11.539367
1192,1171,6.212197
1228,1172,12.459873
1237,1172,14.404624
1193,1173,12.115738
1216,1173,11.621177
1209,1174,10.3657465
1179,1175,14.3221035
1183,1175,14.051334
1207,1175,6.498669
1208,1175,10.506918
1239,1175,13.150378
1240,1175,14.2769375
1215,1176,11.832161
1211,1177,8.779295
1241,1177,13.098568
1200,1178,10.222993
1208,1179,7.6738443
1214,1179,9.78391
1221,1179,8.63309
1240,1179,14.667858
1242,1179,13.980026
1188,1180,11.765532
1192,1180,6.0591035
1210,1180,11.136771
1246,1180,14.003383
1194,1181,10.484497
1196,1181,6.611927
1217,1181,7.183563
1187,1182,12.29414
1204,1182,14.794052
1218,1182,9.229462
1243,1182,14.00541
1206,1183,4.285714
1207,1183,13.389276
1209,1183,12.098164
1185,1184,11.821251
1211,1184,14.900002
1247,1184,14.506415
1186,1185,10.578949
1212,1186,10.355797
1219,1187,8.463214
1210,1188,5.769444
1202,1189,12.61136
1204,1189,9.329483
1229,1189,9.867791
1191,1190,7.1287336
1198,1190,9.5398655
1220,1191,11.322944
1244,1191,13.56008
1246,1192,14.667582
1213,1193,9.701366
1222,1193,5.5789347
1213,1194,11.784243
1217,1194,10.538262
1238,1194,9.897865
1214,1195,10.390894
1232,1195,10.013797
1200,1196,8.550806
1217,1196,8.355324
1201,1197,13.358497
1224,1197,6.4751506
1226,1198,8.361239
1205,1199,12.490775
1230,1199,9.921082
1235,1199,12.1007
1272,1200,14.495499
1224,1201,13.648809
1248,1201,12.200612
1229,1202,11.427905
1262,1202,13.750987
1223,1203,13.152431
1226,1203,11.818723
1231,1203,6.293631
1249,1203,11.983909
1218,1204,8.883606
1229,1204,13.18115
1243,1204,13.772289
1256,1204,12.125759
1225,1205,13.774643
1235,1205,8.000775
1236,1205,7.790369
1260,1205,14.779217
1207,1206,12.408714
1209,1206,10.666796
1239,1206,14.355608
1245,1206,11.211471
1208,1207,10.118334
1239,1207,6.736551
1240,1207,10.011236
1245,1207,10.779446
1274,1207,13.5149
1214,1208,13.144021
1221,1208,6.461609
1239,1208,12.359249
1240,1208,7.4147973
1242,1208,13.694902
1246,1210,10.481431
1254,1210,10.348493
1241,1211,7.9998927
1251,1211,8.80419
1270,1211,13.706008
1216,1212,5.7029457
1261,1212,12.552063
1222,1213,7.8613973
1238,1213,10.117353
1271,1213,13.793115
1280,1213,14.7815485
1221,1214,7.9560866
1232,1214,8.414078
1242,1214,6.587348
1268,1215,13.863453
1238,1217,12.1190815
1275,1217,12.549447
1243,1218,6.5297475
1256,1218,10.769212
1223,1219,12.871348
1252,1219,9.027325
1230,1220,13.390065
1234,1220,8.045275
1244,1220,7.057058
1266,1220,11.809484
1232,1221,14.982727
1240,1221,8.776649
1242,1221,7.2360806
1271,1222,10.602169
1231,1223,12.336421
1252,1223,12.638881
1277,1223,11.605277
1236,1225,9.355189
1260,1225,8.552433
1282,1225,11.890414
1231,1226,11.061589
1249,1226,7.2288523
1257,1227,5.813614
1278,1227,10.620649
1288,1227,13.31489
1237,1228,6.4014897
1264,1228,6.2262335
1269,1228,8.91945
1262,1229,13.161466
1273,1229,8.861296
1286,1229,12.113146
1234,1230,6.899636
1235,1230,14.543997
1265,1230,7.3511314
1292,1230,14.374913
1249,1231,7.4502673
1296,1231,14.685719
1242,1232,9.112872
1267,1232,10.179318
1289,1233,9.512903
1244,1234,10.394339
1265,1234,9.560696
1266,1234,12.903501
1236,1235,8.115121
1260,1235,13.897921
1265,1235,14.257529
1287,1235,9.776192
1292,1235,12.870631
1260,1236,7.0781345
1282,1236,13.122705
1287,1236,10.506501
1264,1237,6.6252885
1269,1237,12.683905
1275,1238,12.575983
1280,1238,9.688107
1285,1238,10.488421
1299,1238,14.662462
1240,1239,7.542558
1245,1239,6.526901
1274,1239,6.8859725
1297,1239,14.020929
1242,1240,14.019247
1245,1240,13.905444
1274,1240,8.971039
1251,1241,5.617742
1270,1241,6.1082506
1256,1243,8.30928
1263,1244,12.567844
1266,1244,4.9270124
1274,1245,9.12566
1297,1245,10.027602
1254,1246,5.0626774
1255,1246,5.2418633
1294,1246,14.853132
1302,1246,11.821388
1304,1246,13.78196
1309,1246,14.285602
1259,1247,10.972189
1279,1247,7.8504333
1284,1247,8.463596
1307,1247,13.064315
1262,1248,14.212463
1301,1248,12.884046
1267,1250,14.24356
1305,1250,13.462149
1270,1251,7.059604
1279,1251,14.997001
1277,1252,8.951446
1318,1252,12.574466
1258,1253,7.538165
1268,1253,8.114795
1281,1253,13.973338
1291,1253,13.614669
1255,1254,8.785355
1281,1254,13.070031
1294,1254,9.950334
1302,1254,12.236826
1304,1254,10.219905
1309,1254,12.710518
1302,1255,8.066132
1304,1255,13.846444
1309,1255,12.076128
1286,1256,10.106781
1324,1256,14.046133
1278,1257,5.8295345
1288,1257,9.541206
1315,1257,13.932661
1281,1258,6.830326
1294,1258,12.907112
1322,1258,14.391832
1261,1259,7.4519005
1284,1259,6.915307
1307,1259,12.640683
1282,1260,6.0448084
1287,1260,10.52256
1284,1261,13.534752
1298,1261,14.996072
1273,1262,8.877665
1266,1263,10.876213
1293,1263,6.952488
1311,1263,10.500861
1319,1263,12.462204
1269,1264,6.5700855
1313,1264,12.331517
1314,1264,14.840486
1292,1265,7.8961926
1311,1266,13.379944
1305,1267,10.68131
1291,1268,5.6207685
1312,1268,11.6666155
1313,1269,10.1377325
1314,1269,10.500635
1289,1270,14.074021
1280,1271,11.53768
1299,1271,10.377928
1317,1271,13.351262
1275,1272,11.420866
1276,1272,9.803216
1321,1272,13.518228
1335,1272,13.099904
1286,1273,8.597539
1297,1274,10.359639
1328,1274,13.098948
1280,1275,13.624285
1285,1275,6.064458
1306,1275,10.106311
1321,1275,11.279359
1323,1275,11.205697
1290,1276,13.900623
1295,1276,7.164818
1296,1277,7.426869
1318,1277,8.294036
1288,1278,12.781519
1303,1278,14.065543
1315,1278,14.394311
1284,1279,10.225937
1307,1279,10.550232
1316,1279,9.50555
1326,1279,11.4024935
1285,1280,7.8347535
1299,1280,5.0387387
1306,1280,9.320285
1294,1281,6.1046586
1304,1281,12.500333
1322,1281,9.249264
1338,1281,13.50353
1287,1282,13.743795
1288,1283,8.203967
1315,1283,12.460019
1320,1283,8.210406
1327,1283,11.511136
1307,1284,6.3076024
1326,1284,12.239874
1334,1284,13.786143
1299,1285,11.162865
1306,1285,5.738532
1321,1285,13.076477
1323,1285,10.069239
1324,1286,14.731212
1292,1287,10.290056
1336,1287,13.73201
1315,1288,7.032385
1320,1288,11.415918
1327,1288,9.672558
1330,1289,11.549585
1295,1290,7.7007117
1300,1290,8.910446
1310,1290,6.4280014
1332,1290,12.858908
1342,1290,13.615973
1312,1291,6.4879723
1336,1292,11.714856
1311,1293,8.068939
1319,1293,6.0706134
1325,1293,11.109815
1344,1293,12.6751585
1346,1293,14.060995
1304,1294,6.39573
1309,1294,12.355565
1322,1294,8.267824
1338,1294,13.066107
1340,1294,12.033803
1310,1295,9.788897
1342,1295,12.309079
1350,1295,13.462448
1318,1296,10.481757
1353,1296,14.460033
1329,1297,11.641977
1352,1297,13.277278
1317,1298,13.801536
1306,1299,9.859841
1301,1300,10.851382
1310,1300,7.945698
1332,1300,7.8984895
1332,1301,14.368559
1304,1302,10.019606
1309,1302,5.2607756
1331,1302,8.0408125
1345,1302,12.315315
1347,1303,12.406898
1309,1304,6.0166435
1322,1304,11.3875065
1331,1304,10.101439
1340,1304,9.925009
1343,1305,9.211511
1321,1306,11.182241
1323,1306,6.177834
1316,1307,11.548212
1326,1307,6.3573217
1334,1307,10.865489
1328,1308,10.011951
1331,1309,5.030658
1340,1309,12.346247
1345,1309,11.491899
1332,1310,7.348466
1342,1310,8.143232
1350,1310,14.263494
1319,1311,7.0526247
1325,1311,14.488325
1344,1311,8.12067
1346,1311,13.479537
1359,1311,12.266006
1360,1312,11.915854
1314,1313,4.712782
1320,1315,10.402377
1327,1315,4.9936194
1326,1316,6.825825
1333,1316,7.6819916
1366,1317,14.971392
1348,1318,12.7806015
1351,1318,9.882567
1325,1319,7.4525642
1344,1319,7.22184
1346,1319,8.1936
1359,1319,13.657457
1362,1319,13.674487
1327,1320,6.3448796
1339,1320,8.238765
1323,1321,5.7397466
1335,1321,5.252443
1341,1321,10.971946
1349,1321,7.0640736
1338,1322,4.8151555
1340,1322,8.604974
1335,1323,10.779321
1349,1323,9.022205
1354,1324,10.61696
1367,1324,13.706423
1337,1325,9.578166
1344,1325,11.653497
1346,1325,6.689888
1362,1325,13.9846735
1333,1326,13.331584
1334,1326,14.034634
1339,1327,12.567755
1352,1329,8.776627
1356,1329,8.565414
1365,1330,14.897321
1370,1330,13.888337
1340,1331,12.443515
1345,1331,6.8225646
1364,1331,14.672333
1342,1332,10.401471
1341,1335,5.825055
1349,1335,7.0841026
1355,1335,12.835305
1363,1336,11.233082
1368,1336,10.201886
1346,1337,12.587309
1353,1337,10.170417
1358,1337,7.2510715
1378,1337,13.433395
1340,1338,9.334077
1349,1341,9.640863
1350,1341,11.367869
1355,1341,7.0478673
1384,1341,13.560952
1350,1342,7.290766
1355,1342,13.906655
1380,1342,13.285972
1376,1343,11.836222
1346,1344,7.144376
1359,1344,6.51324
1362,1344,8.093343
1385,1344,13.167713
1364,1345,8.256927
1399,1345,14.800631
1359,1346,11.986959
1362,1346,7.299228
1378,1346,13.522635
1373,1347,13.563683
1375,1347,14.496458
1351,1348,8.573874
1389,1348,12.692193
1355,1349,14.802887
1355,1350,6.685937
1380,1350,11.090186
1353,1351,12.653176
1389,1351,12.787928
1356,1352,10.8034
1382,1352,12.975543
1406,1352,14.558618
1358,1353,6.760792
1361,1354,7.1775107
1367,1354,7.884126
1397,1354,12.005705
1380,1355,11.73995
1384,1355,9.902049
1412,1355,14.06461
1373,1356,13.545635
1390,1356,10.265802
1395,1356,14.579753
1406,1356,14.990589
1363,1357,12.373366
1383,1357,9.736585
1393,1357,10.791388
1378,1358,9.911803
1362,1359,8.046794
1385,1359,7.4356627
1392,1359,11.158853
1398,1360,10.220274
1367,1361,12.416255
1371,1361,10.771527
1397,1361,8.430107
1410,1361,12.494114
1378,1362,12.577117
1385,1362,9.416684
1419,1362,14.442362
1368,1363,8.038134
1383,1363,8.713077
1399,1364,7.629556
1426,1364,14.718792
1370,1365,14.710037
1416,1365,11.363276
1372,1366,13.063018
1400,1366,7.853387
1405,1366,11.008524
1423,1366,14.325723
1433,1366,13.9510975
1374,1367,12.41003
1397,1367,11.537186
1407,1367,9.204163
1381,1368,8.077019
1387,1369,5.242411
1404,1370,11.327252
1417,1370,9.711563
1397,1371,13.547305
1410,1371,9.506461
1413,1371,10.283779
1440,1371,14.181623
1391,1372,7.8963046
1405,1372,8.760593
1432,1372,12.139756
1390,1373,13.527022
1395,1373,4.710178
1415,1373,9.093905
1402,1374,7.489425
1407,1374,10.513522
1437,1374,12.534996
1379,1375,11.403578
1408,1375,5.9308076
1422,1376,10.009549
1386,1377,12.986337
1413,1377,14.932485
1428,1377,10.681373
1419,1378,9.130942
1429,1378,13.726662
1403,1379,8.973391
1408,1379,13.661953
1384,1380,13.337876
1401,1380,5.2034817
1412,1380,6.860367
1418,1380,10.954846
1394,1381,12.014845
1438,1381,14.885119
1442,1381,12.652243
1447,1381,14.702218
1406,1382,11.785362
1430,1382,14.517087
1393,1383,9.568674
1409,1384,6.2916303
1412,1384,10.19905
1392,1385,6.6259828
1420,1385,8.529131
1425,1385,14.790709
1414,1386,5.588344
1446,1386,12.145697
1391,1388,11.039344
1436,1388,9.99896
1402,1389,9.882066
1441,1389,10.724057
1395,1390,10.990079
1406,1390,8.0434265
1415,1390,10.622938
1434,1390,8.2224045
1405,1391,12.4039345
1432,1391,11.218567
1436,1391,9.708244
1444,1391,12.175796
1393,1392,9.038378
1420,1392,6.6673884
1425,1392,9.079963
1420,1393,13.196991
1425,1393,8.101689
1403,1394,13.575993
1438,1394,9.098219
1443,1394,13.6418495
1447,1394,14.138968
1415,1395,4.3976755
1434,1395,14.59903
1450,1395,11.670342
1423,1396,13.926792
1427,1396,7.1275635
1407,1397,13.870704
1410,1397,8.308816
1453,1397,12.961297
1421,1398,5.827161
1435,1398,10.276937
1448,1398,12.539283
1424,1399,11.843869
1426,1399,7.2950926
1456,1399,14.146178
1405,1400,9.287357
1423,1400,6.9659433
1432,1400,14.479267
1433,1400,6.5942907
1451,1400,11.300092
1412,1401,7.7376494
1418,1401,5.820467
1445,1401,11.590232
1407,1402,14.001252
1437,1402,8.580862
1441,1402,9.888387
1443,1403,10.058543
1417,1404,11.7091465
1423,1405,14.779336
1432,1405,6.623281
1433,1405,9.406366
1444,1405,12.368815
1434,1406,8.892119
1437,1407,11.448723
1412,1409,14.001764
1457,1409,12.151371
1413,1410,11.093516
1440,1410,10.276033
1452,1410,9.385952
1453,1410,11.899133
1429,1411,9.67732
1458,1411,14.704191
1418,1412,12.436034
1428,1413,11.628622
1440,1413,5.9796443
1449,1413,10.257706
1452,1413,12.187747
1469,1413,13.625401
1418,1414,13.77561
1445,1414,13.577124
1446,1414,6.55943
1434,1415,11.561833
1450,1415,7.4321694
1417,1416,13.714286
1466,1416,12.627457
1445,1418,6.4569325
1446,1418,14.835426
1429,1419,13.220242
1425,1420,8.186008
1455,1420,9.781294
1459,1420,11.350685
1435,1421,10.010946
1448,1421,6.726542
1462,1421,12.415568
1464,1421,10.839148
1435,1422,13.6603155
1427,1423,12.183782
1433,1423,6.7839184
1451,1423,6.083984
1426,1424,6.3382053
1439,1424,5.6310105
1456,1424,8.15774
1481,1424,13.58383
1455,1425,14.910728
1459,1425,8.006901
1439,1426,11.643745
1456,1426,6.986411
1481,1426,14.442259
1451,1427,14.796646
1440,1428,13.537453
1449,1428,8.7778845
1469,1428,14.658814
1458,1429,7.3738
1461,1430,9.132834
1470,1430,10.324687
1433,1432,11.406166
1436,1432,13.781555
1444,1432,5.803555
1476,1432,12.022115
1451,1433,6.7045293
1450,1434,11.80697
1448,1435,13.813483
1464,1435,12.770016
1444,1436,10.1242285
1441,1437,10.348517
1467,1437,13.518315
1473,1437,9.818925
1486,1437,14.584254
1442,1438,11.093452
1443,1438,11.420305
1447,1438,6.4812975
1468,1438,8.774589
1475,1438,12.04573
1456,1439,10.479083
1479,1439,11.345854
1481,1439,12.659175
1449,1440,7.7045846
1452,1440,6.8229275
1469,1440,8.559028
1477,1440,12.401245
1467,1441,7.623296
1472,1441,14.7159195
1486,1441,14.756013
1447,1442,5.4524074
1454,1442,7.4276214
1474,1442,10.010512
1475,1442,10.476179
1460,1443,11.468446
1468,1443,10.608314
1485,1443,11.181917
1476,1444,9.881295
1487,1444,12.09675
1446,1445,11.608533
1488,1445,11.945284
1498,1446,13.754883
1454,1447,11.6982765
1468,1447,10.555812
1474,1447,11.183208
1475,1447,7.583322
1462,1448,5.786322
1464,1448,6.496924
1500,1448,13.984329
1452,1449,12.553554
1469,1449,5.9067507
1477,1449,14.917507
1489,1450,13.512356
1494,1450,12.878461
1504,1450,14.763307
1453,1452,9.579096
1469,1452,9.697902
1477,1452,7.0047817
1492,1452,12.431964
1465,1453,7.0297585
1477,1453,10.616914
1492,1453,12.897935
1495,1453,11.2728195
1474,1454,6.7574434
1475,1454,12.384721
1484,1454,9.133421
1459,1455,11.738719
1479,1456,13.202105
1481,1456,7.5263615
1490,1457,9.646777
1503,1458,13.47218
1516,1459,14.495322
1478,1460,5.9997845
1485,1460,10.127573
1509,1460,11.231313
1520,1460,14.738827
1470,1461,9.378857
1482,1461,8.506973
1491,1461,8.089267
1519,1461,14.91612
1464,1462,8.255406
1480,1462,9.670647
1500,1462,9.44765
1515,1462,14.0065
1496,1463,9.78618
1500,1464,11.442245
1473,1465,14.801787
1477,1465,14.692203
1492,1465,14.257695
1495,1465,9.083208
1499,1465,9.708897
1483,1466,5.717213
1514,1466,10.562159
1472,1467,11.005383
1473,1467,14.307123
1486,1467,8.778779
1475,1468,9.63136
1485,1468,10.708034
1512,1468,12.122723
1477,1469,9.611947
1492,1469,13.734852
1491,1470,11.294327
1497,1471,10.516464
1507,1471,10.550508
1503,1472,10.286455
1486,1473,9.058933
1499,1473,14.159261
1502,1473,8.434213
1475,1474,7.5693593
1484,1474,7.9670763
1512,1474,13.3433275
1530,1474,14.737436
1512,1475,8.852153
1487,1476,10.029192
1522,1476,14.173464
1492,1477,5.563677
1495,1477,10.538953
1531,1477,14.807861
1485,1478,13.441198
1493,1478,13.539972
1509,1478,10.873171
1520,1478,10.349552
1524,1478,13.985635
1481,1479,7.889606
1501,1479,13.451362
1511,1479,9.740636
1500,1480,9.983571
1501,1480,6.619056
1511,1480,11.62756
1515,1480,7.6314483
1532,1480,13.759577
1491,1482,5.858883
1519,1482,8.478701
1529,1482,12.549759
1514,1483,7.1560764
1537,1483,14.428962
1530,1484,13.205642
1547,1484,13.928063
1509,1485,7.2547927
1523,1485,9.345151
1502,1486,10.716817
1553,1486,14.306116
1522,1487,7.1333084
1498,1488,11.311241
1493,1489,11.986694
1494,1489,9.710948
1504,1489,6.3142805
1506,1489,6.45101
1528,1489,12.82447
1519,1491,7.247748
1529,1491,13.8904085
1495,1492,6.925968
1531,1492,9.575398
1534,1492,12.279034
1506,1493,7.095784
1520,1493,14.115182
1524,1493,7.9552207
1528,1493,9.307329
1552,1493,13.006828
1504,1494,4.6609626
1506,1494,14.80218
1510,1494,5.92809
1513,1494,12.596776
1499,1495,8.575837
1531,1495,11.843698
1534,1495,10.488871
1555,1496,14.709467
1507,1497,13.057367
1521,1497,5.8669686
1525,1497,6.767798
1526,1497,12.859151
1533,1498,11.061814
1502,1499,9.162438
1534,1499,12.448463
1550,1499,11.510392
1501,1500,13.398514
1515,1500,7.754173
1532,1500,11.5867195
1511,1501,5.5166183
1515,1501,6.7218003
1532,1501,10.784517
1540,1501,10.342844
1548,1501,14.038471
1506,1504,10.333083
1510,1504,10.012623
1528,1504,14.6287985
1524,1506,11.892196
1528,1506,6.7829947
1552,1506,12.929958
1525,1507,12.990421
1526,1507,6.4761
1556,1507,12.265956
1541,1508,9.821193
1542,1508,9.65904
1520,1509,8.826072
1523,1509,8.439476
1513,1510,6.701126
1517,1510,14.712768
1515,1511,11.633548
1532,1511,13.804638
1540,1511,9.29485
1548,1511,10.63001
1554,1511,14.552346
1523,1512,14.005166
1530,1512,14.552443
1539,1512,9.214465
1517,1513,8.01391
1536,1513,14.856915
1537,1514,7.314315
1532,1515,6.210507
1540,1515,11.334608
1567,1515,13.471954
1551,1516,12.152101
1565,1516,11.018313
1536,1517,7.881049
1533,1518,11.207962
1543,1518,7.4358454
1529,1519,7.155338
1524,1520,8.539482
1545,1520,7.387627
1552,1520,14.228998
1562,1520,12.480196
1525,1521,4.721172
1526,1521,14.004976
1541,1521,10.9015875
1571,1523,13.075556
1528,1524,8.423219
1545,1524,7.637859
1552,1524,7.3867226
1562,1524,9.553632
1575,1524,14.251354
1526,1525,9.438689
1541,1525,14.362273
1556,1526,8.244435
1557,1527,7.4213557
1545,1528,13.85672
1552,1528,6.3386836
1562,1528,12.303287
1575,1528,11.471409
1576,1529,10.548513
1538,1530,11.936978
1539,1530,9.055075
1547,1530,7.149289
1579,1530,11.86156
1534,1531,6.512448
1550,1531,14.563998
1561,1531,11.833766
1592,1531,14.901658
1540,1532,8.630874
1548,1532,14.362981
1567,1532,7.598909
1588,1532,12.723848
1543,1533,14.258086
1549,1533,12.725749
1572,1533,9.802579
1574,1533,10.126665
1550,1534,8.128209
1578,1534,11.727765
1569,1536,10.023917
1582,1536,10.106707
1587,1536,12.182051
1584,1537,11.396563
1547,1538,4.83107
1551,1538,9.384886
1579,1538,13.693086
1585,1538,12.057021
1571,1539,14.943573
1579,1539,14.801539
1548,1540,5.758966
1554,1540,12.555639
1567,1540,7.700686
1588,1540,13.578764
1542,1541,8.967918
1573,1541,9.36716
1573,1542,8.497558
1593,1542,13.328184
1561,1543,9.234311
1572,1543,12.8042145
1580,1543,10.431773
1591,1543,13.618027
1552,1545,8.883157
1562,1545,5.221995
1575,1545,13.092016
1586,1545,10.620939
1549,1546,10.600633
1563,1546,9.3637085
1551,1547,14.181616
1579,1547,11.112378
1585,1547,11.779484
1554,1548,6.828409
1567,1548,11.565724
1574,1549,9.264414
1578,1550,8.841594
1595,1550,12.687654
1565,1551,8.483151
1562,1552,6.067717
1575,1552,6.9747734
1586,1552,12.834271
1596,1552,14.894004
1564,1553,7.772977
1590,1553,14.641202
1583,1557,13.908968
1597,1557,12.994186
1609,1557,14.498927
1559,1558,5.5496345
1566,1558,10.991689
1570,1558,6.496638
1583,1558,14.975956
1560,1559,11.860322
1566,1559,5.707262
1570,1559,11.535186
1604,1559,12.563297
1563,1560,7.5294685
1566,1560,6.3666253
1604,1560,14.884333
1580,1561,7.9064035
1591,1561,14.864006
1592,1561,10.681366
1619,1561,14.993059
1575,1562,8.049298
1586,1562,7.4364257
1613,1562,13.967683
1566,1563,13.895878
1590,1564,7.8021975
1606,1565,13.711119
1604,1566,13.472376
1588,1567,6.1664767
1600,1567,13.324598
1607,1567,12.731786
1582,1569,6.3015428
1587,1569,12.794379
1598,1569,12.686948
1583,1570,8.479735
1574,1572,8.367228
1580,1572,12.802189
1591,1572,7.827501
1593,1573,7.938352
1581,1575,10.813367
1586,1575,10.609471
1596,1575,8.026557
1613,1575,11.306461
1611,1576,11.583766
1614,1576,11.069264
1599,1577,6.5400553
1592,1578,14.045128
1595,1578,5.551912
1621,1578,14.027652
1585,1579,6.0961037
1591,1580,7.2412615
1592,1580,12.796801
1619,1580,11.465041
1632,1580,14.041726
1596,1581,8.104044
1602,1581,11.195946
1618,1581,8.834911
1587,1582,6.654226
1598,1582,7.4623713
1610,1582,12.448225
1624,1582,12.921837
1597,1583,8.33717
1609,1583,14.726177
1608,1584,11.795131
1635,1585,14.181144
1596,1586,14.612724
1613,1586,8.655143
1598,1587,7.5034285
1610,1587,7.813875
1616,1587,12.759003
1624,1587,13.433902
1600,1588,7.582856
1607,1588,8.009786
1626,1588,11.728364
1601,1589,9.051981
1603,1589,9.221854
1627,1589,11.553213
1595,1590,13.257524
1619,1591,14.820726
1632,1591,13.16271
1619,1592,9.067164
1621,1592,8.873488
1638,1592,13.794513
1631,1593,11.851108
1612,1594,9.478058
1620,1594,8.027719
1621,1595,13.913941
1639,1595,12.253153
1647,1595,14.67933
1602,1596,14.843582
1613,1596,9.527545
1618,1596,9.135733
1601,1597,13.781306
1609,1597,6.4705586
1644,1597,13.173631
1610,1598,7.1038647
1616,1598,14.356867
1624,1598,6.0881486
1617,1599,13.440537
1628,1599,9.819982
1633,1599,13.0819845
1645,1599,12.74198
1607,1600,10.170342
1626,1600,8.616984
1636,1600,9.126643
1609,1601,7.8222027
1627,1601,14.289889
1648,1601,13.88064
1615,1602,4.906091
1616,1602,11.023292
1618,1602,6.3050365
1627,1603,7.0128975
1631,1603,12.005374
1617,1605,11.363354
1629,1605,11.152473
1625,1607,12.574111
1626,1607,6.7990603
1636,1607,13.530824
1641,1607,10.83233
1640,1608,13.09809
1660,1608,14.757345
1644,1609,14.507661
1615,1610,13.433996
1616,1610,7.2629294
1624,1610,9.965034
1614,1611,7.866003
1653,1611,13.762944
1620,1612,14.721897
1637,1612,7.959218
1658,1613,13.900562
1642,1614,10.890036
1653,1614,10.655435
1616,1615,6.1730537
1618,1615,11.105753
1628,1617,11.951068
1633,1617,6.061401
1665,1618,14.804606
1621,1619,10.451155
1632,1619,7.9524965
1638,1619,10.303168
1649,1619,10.497451
1664,1619,13.711795
1666,1620,12.651991
1638,1621,6.600088
1647,1621,12.033708
1649,1621,12.824129
1634,1622,10.079127
1635,1622,14.17315
1651,1622,7.989551
1662,1622,14.245867
1641,1625,6.2255177
1643,1625,10.284359
1677,1625,12.176475
1636,1626,7.156672
1641,1626,11.788223
1659,1626,12.745239
1631,1627,13.454253
1648,1627,8.569897
1633,1628,7.2263775
1645,1628,8.462572
1682,1628,11.527566
1650,1629,7.757985
1673,1629,12.098229
1656,1630,11.509474
1670,1630,14.201157
1671,1631,11.720334
1638,1632,14.315032
1649,1632,10.025845
1654,1632,7.811644
1664,1632,9.17352
1680,1633,12.808761
1646,1634,8.592008
1651,1634,11.394574
1662,1634,6.1988497
1685,1634,12.32706
1651,1635,12.677935
1663,1635,14.553709
1684,1635,13.672519
1655,1636,9.434156
1659,1636,6.650212
1683,1637,14.423272
1647,1638,11.741103
1649,1638,6.845891
1664,1638,12.800606
1681,1638,10.743898
1647,1639,8.569084
1687,1639,13.288915
1660,1640,12.5724125
1686,1640,12.164735
1643,1641,14.201117
1677,1641,10.920668
1653,1642,7.93557
1668,1642,6.7879825
1675,1642,13.182572
1688,1642,11.888656
1656,1643,11.1513405
1677,1643,10.173246
1694,1644,14.378599
1652,1645,9.542282
1682,1645,10.8855715
1662,1646,8.2898855
1685,1646,14.341179
1681,1647,14.224153
1689,1647,12.514173
1679,1648,9.882396
1654,1649,13.367569
1664,1649,5.955146
1681,1649,9.456717
1696,1649,12.987414
1672,1650,12.38038
1673,1650,4.999673
1662,1651,11.692359
1685,1651,11.605775
1687,1652,13.931441
1668,1653,11.0878935
1688,1653,12.655589
1661,1654,10.459673
1664,1654,8.6366205
1659,1655,5.445272
1669,1655,9.32815
1661,1657,8.135098
1667,1657,6.50578
1692,1657,10.970083
1705,1657,14.644158
1665,1658,7.0319285
1690,1658,9.199477
1709,1658,13.127752
1669,1659,14.197708
1686,1660,9.943438
1691,1660,12.162713
1667,1661,13.586198
1692,1661,10.769438
1707,1661,12.062759
1685,1662,6.752581
1713,1662,13.4960375
1674,1663,11.157192
1684,1663,8.613325
1681,1664,12.036201
1696,1664,10.672257
1690,1665,8.487216
1671,1666,10.197356
1683,1666,11.28466
1692,1667,10.585527
1705,1667,8.850857
1726,1667,12.84895
1675,1668,7.8633137
1688,1668,6.056129
1693,1668,8.707243
1676,1669,11.000874
1716,1670,13.24361
1704,1671,13.390216
1673,1672,11.574845
1674,1672,8.728168
1697,1672,10.253901
1702,1672,8.298778
1702,1673,13.691801
1697,1674,7.1941566
1702,1674,12.321236
1676,1675,7.802483
1688,1675,10.450519
1693,1675,7.153887
1729,1675,14.248551
1693,1676,13.326491
1700,1677,10.399626
1715,1677,10.443565
1699,1678,6.9740047
1719,1678,14.875457
1722,1678,13.442814
1682,1680,14.306914
1701,1680,7.529961
1696,1681,9.336805
1717,1681,12.06901
1736,1681,14.685866
1734,1682,14.261663
1698,1684,11.2594385
1731,1684,12.449675
1713,1685,8.687136
1714,1685,14.733545
1721,1685,12.910392
1718,1686,8.676813
1723,1686,10.8896675
1689,1687,9.300144
1708,1687,6.8222013
1720,1687,12.326612
1693,1688,6.2224174
1719,1688,14.358695
1729,1688,12.67578
1708,1689,5.9488645
1717,1689,8.357304
1720,1689,6.481903
1744,1689,14.432193
1709,1690,7.7579856
1728,1690,14.629718
1723,1691,10.74925
1705,1692,11.078523
1707,1692,6.5675073
1726,1692,5.8971524
1729,1693,8.232462
1703,1695,13.053419
1711,1695,7.7611847
1712,1695,10.107769
1725,1695,7.9634647
1736,1696,11.394517
1750,1696,13.908227
1702,1697,7.9037137
1730,1697,8.334499
1737,1697,11.978911
1751,1697,14.871783
1721,1698,9.077128
1731,1698,9.546081
1742,1698,14.351007
1719,1699,14.814979
1722,1699,6.599683
1715,1700,6.763106
1738,1700,10.119108
1739,1700,12.319554
1743,1700,13.664295
1727,1701,12.525686
1730,1702,9.998083
1737,1702,9.663165
1751,1702,13.924177
1710,1703,5.589071
1711,1703,6.3607483
1724,1703,13.220602
1725,1703,13.631287
1733,1704,6.143652
1752,1704,11.14355
1712,1705,8.910963
1726,1705,8.600076
1728,1706,10.539178
1735,1706,13.522544
1726,1707,9.4239645
1755,1707,13.898142
1717,1708,11.710729
1720,1708,5.675089
1741,1708,12.680784
1744,1708,14.012695
1711,1710,11.016581
1724,1710,7.7462096
1760,1710,14.290173
1725,1711,7.4402404
1725,1712,10.89085
1714,1713,8.08742
1721,1713,12.699412
1742,1713,13.527825
1732,1714,10.828331
1738,1715,8.472688
1739,1715,6.9809256
1743,1715,14.521111
1746,1715,14.016732
1758,1715,14.7294855
1748,1716,14.115422
1720,1717,7.006563
1736,1717,10.873802
1744,1717,8.935458
1723,1718,7.1902156
1749,1718,10.371499
1741,1720,14.507214
1744,1720,8.623116
1731,1721,14.303748
1742,1721,6.197029
1761,1721,13.06089
1749,1723,9.6452465
1760,1724,12.391939
1753,1726,10.605922
1755,1726,14.558157
1766,1727,12.877503
1762,1728,14.58375
1769,1728,13.433811
1737,1730,5.329067
1751,1730,6.7376733
1782,1730,13.789954
1767,1732,12.424986
1752,1733,7.4734554
1764,1735,10.06893
1768,1735,13.960958
1744,1736,11.571216
1750,1736,7.5369344
1751,1737,4.359806
1757,1737,11.513376
1782,1737,14.581487
1739,1738,6.065766
1743,1738,6.5682173
1745,1738,13.236143
1758,1738,12.15505
1770,1738,9.761162
1777,1738,12.01363
1778,1738,13.026369
1743,1739,12.360014
1746,1739,9.3712
1758,1739,7.97423
1770,1739,11.149837
1777,1739,10.366856
1779,1739,14.124265
1752,1740,14.673408
1756,1740,12.109729
1781,1740,13.740432
1761,1742,6.970696
1797,1742,14.880591
1745,1743,6.916973
1754,1743,13.251361
1770,1743,9.705882
1777,1743,14.322474
1778,1743,8.434606
1805,1743,13.708368
1754,1745,6.729381
1776,1745,11.5783615
1778,1745,10.142779
1805,1745,13.007785
1758,1746,6.456977
1771,1746,13.012071
1777,1746,11.63728
1779,1746,8.20319
1780,1746,9.420287
1792,1746,13.008975
1759,1747,9.548331
1765,1747,13.682324
1786,1747,12.514463
1771,1748,6.9626665
1780,1748,12.241909
1787,1748,10.2778635
1763,1749,14.161775
1773,1749,6.3174543
1785,1749,10.819719
1793,1750,13.456465
1757,1751,11.798887
1782,1751,10.478319
1796,1751,11.899455
1781,1752,8.845411
1755,1753,9.167441
1813,1753,14.948703
1776,1754,5.5207825
1778,1754,12.829053
1788,1754,11.228536
1805,1754,12.627069
1815,1754,13.818891
1819,1754,13.77182
1799,1755,11.353959
1795,1756,12.938143
1766,1757,11.427445
1783,1757,6.0563684
1791,1757,14.824515
1796,1757,13.638799
1770,1758,9.738044
1777,1758,5.182284
1779,1758,6.3708105
1780,1758,10.990731
1792,1758,7.880374
1816,1758,13.338578
1786,1759,5.212174
1789,1759,8.724539
1797,1761,7.911539
1817,1761,13.668915
1818,1761,14.983847
1764,1762,9.847425
1769,1762,7.653652
1809,1762,13.232709
1773,1763,12.415722
1795,1763,11.845627
1768,1764,11.856939
1798,1764,10.677695
1809,1764,10.641262
1775,1766,8.549113
1783,1766,8.921667
1791,1766,6.105117
1801,1766,10.99192
1802,1767,8.2769375
1798,1768,8.439201
1831,1768,14.671207
1803,1769,12.841367
1827,1769,11.942763
1777,1770,5.4676733
1778,1770,7.6487203
1779,1770,14.243903
1792,1770,10.516164
1805,1770,12.517547
1807,1770,8.299957
1779,1771,11.719108
1780,1771,6.2358885
1787,1771,7.101287
1806,1771,8.505453
1822,1771,12.646921
1804,1772,7.680856
1785,1773,7.8560505
1833,1773,13.405619
1837,1773,14.195788
1813,1774,14.671746
1823,1774,13.2508
1825,1774,11.401271
1790,1775,9.374006
1791,1775,8.565543
1801,1775,6.0271015
1830,1775,11.864813
1778,1776,13.963979
1788,1776,6.6377645
1805,1776,11.324641
1815,1776,8.750054
1819,1776,10.102298
1832,1776,13.470281
1778,1777,12.98523
1779,1777,8.778067
1780,1777,14.254403
1792,1777,5.8437696
1807,1777,10.320485
1816,1777,12.372582
1805,1778,5.7785535
1807,1778,9.011157
1819,1778,11.466428
1849,1778,14.149482
1780,1779,5.520686
1792,1779,6.232212
1806,1779,12.058195
1816,1779,8.473859
1787,1780,12.096378
1792,1780,11.288369
1806,1780,8.341735
1816,1780,10.711385
1820,1781,8.902176
1824,1781,14.615085
1796,1782,10.85752
1808,1782,7.4616833
1791,1783,9.911267
1796,1783,13.459461
1787,1784,14.962906
1828,1784,9.86562
1851,1784,14.659896
1833,1785,14.819193
1837,1785,11.4358835
1789,1786,6.159884
1846,1786,13.324861
1806,1787,8.2626505
1822,1787,6.4365587
1851,1787,13.805971
1866,1787,13.53135
1815,1788,9.517915
1819,1788,13.405558
1832,1788,10.374154
1844,1788,12.717312
1824,1789,10.793673
1794,1790,8.486318
1801,1790,8.932653
1830,1790,11.682868
1801,1791,7.0585213
1830,1791,10.008451
1861,1791,12.628729
1807,1792,11.2692175
1816,1792,6.5351424
1799,1793,12.552397
1821,1793,7.076421
1868,1793,13.161426
1826,1794,8.437586
1854,1795,9.749751
1808,1796,9.736632
1817,1797,8.3222065
1818,1797,9.10672
1834,1797,7.2367287
1856,1797,13.792278
1862,1797,12.499678
1809,1798,10.467911
1831,1798,6.598478
1847,1798,10.289882
1848,1798,13.980454
1857,1798,12.412934
1855,1799,14.793283
1874,1799,13.265208
1821,1800,13.87591
1860,1800,11.094569
1830,1801,5.841034
1861,1801,12.932704
1835,1802,7.3621464
1864,1802,10.23699
1827,1803,10.860169
1841,1803,10.153253
1842,1803,7.1490335
1867,1803,10.85281
1807,1805,9.64511
1815,1805,10.277374
1819,1805,5.754269
1849,1805,9.31485
1853,1805,12.667874
1865,1805,13.0754
1816,1806,10.814348
1822,1806,8.705876
1866,1806,11.045738
1819,1807,13.8474455
1849,1807,11.14369
1853,1807,8.760293
1831,1809,10.230801
1836,1809,7.8368936
1857,1809,8.644781
1880,1809,12.599102
1843,1810,8.17808
1812,1811,6.766547
1823,1811,12.562448
1858,1811,10.336033
1859,1811,8.58955
1823,1812,6.007244
1825,1812,11.173638
1859,1812,7.8396416
1873,1812,11.90388
1825,1813,14.213981
1845,1813,5.8461485
1855,1813,9.15317
1826,1814,14.245896
1829,1814,7.7214265
1839,1814,12.806336
1840,1814,7.1375394
1872,1814,13.964368
1819,1815,4.9731817
1832,1815,6.826674
1844,1815,14.731291
1849,1815,11.225306
1865,1815,8.406115
1876,1815,14.057892
1885,1815,13.155338
1886,1815,14.407421
1834,1817,8.651526
1862,1817,8.09007
1894,1817,14.509916
1834,1818,7.7181144
1856,1818,6.2964835
1862,1818,14.454529
1863,1818,11.267524
1879,1818,11.905204
1832,1819,11.415639
1849,1819,7.5675073
1853,1819,13.218296
1865,1819,8.196738
1885,1819,14.711726
1886,1819,13.699645
1824,1820,11.554287
1868,1821,7.7187304
1828,1822,14.292993
1851,1822,8.345164
1866,1822,7.598164
1882,1822,12.043175
1825,1823,5.3376765
1859,1823,9.664293
1873,1823,7.925834
1891,1823,13.028702
1870,1824,6.895033
1899,1824,14.231526
1845,1825,10.529796
1859,1825,14.396395
1873,1825,9.021522
1891,1825,12.178293
1900,1825,14.951808
1829,1826,7.078687
1872,1826,8.512974
1836,1827,8.750711
1842,1827,7.278452
1867,1827,14.671416
1880,1827,14.82092
1851,1828,8.071474
1869,1828,6.059127
1882,1828,14.552103
1883,1828,10.024479
1840,1829,13.767414
1872,1829,7.21564
1861,1830,8.377927
1892,1830,11.859187
1847,1831,6.147799
1848,1831,11.873211
1857,1831,7.1075625
1844,1832,8.516799
1865,1832,9.867716
1876,1832,7.903399
1881,1832,14.2738905
1885,1832,10.457455
1886,1832,14.655174
1905,1832,14.213995
1837,1833,7.296608
1877,1833,8.938193
1904,1833,14.029319
1856,1834,8.703341
1862,1834,6.9316907
1879,1834,9.665209
1894,1834,14.264753
1901,1834,11.719318
1863,1835,10.530987
1864,1835,4.536794
1857,1836,10.720649
1880,1836,8.250218
1877,1837,14.144946
1904,1837,13.980211
1850,1838,9.108598
1852,1838,9.251345
1871,1838,5.365584
1898,1838,13.146987
1840,1839,6.173261
1860,1839,12.850676
1842,1841,10.624297
1867,1841,5.490728
1878,1841,8.208875
1867,1842,7.492309
1889,1843,11.625321
1896,1843,13.059267
1876,1844,9.1405
1881,1844,8.5076885
1905,1844,13.171176
1855,1845,9.6908
1900,1845,12.110202
1850,1846,13.435975
1887,1846,11.74622
1902,1846,11.360794
1848,1847,6.0727196
1857,1847,11.636202
1888,1848,13.179406
1853,1849,6.281237
1865,1849,6.7971697
1885,1849,13.206486
1886,1849,9.008137
1897,1849,9.267986
1871,1850,8.669791
1887,1850,7.824941
1902,1850,14.313026
1866,1851,9.517075
1869,1851,8.52186
1882,1851,7.43281
1883,1851,8.173323
1906,1851,12.999113
1907,1851,11.766248
1858,1852,9.749712
1871,1852,10.866871
1898,1852,9.46457
1865,1853,12.4916315
1886,1853,12.139471
1897,1853,8.615539
1877,1854,14.190201
1890,1854,11.283089
1874,1855,13.42681
1913,1855,13.7118635
1862,1856,13.338512
1863,1856,8.21735
1879,1856,6.5078893
1895,1856,10.739871
1901,1856,11.7412815
1880,1857,8.364762
1859,1858,10.951382
1898,1858,13.71017
1873,1859,9.2546215
1891,1859,14.3511305
1875,1861,8.674471
1892,1861,9.926311
1879,1862,10.395529
1894,1862,7.6546774
1901,1862,8.791642
1920,1862,14.4617815
1864,1863,12.0095625
1879,1863,12.916818
1895,1863,6.981765
1878,1864,14.624103
1895,1864,14.556045
1876,1865,12.438502
1885,1865,6.948087
1886,1865,6.008908
1897,1865,10.658742
1918,1865,13.355406
1882,1866,7.3478785
1883,1866,14.763458
1906,1866,9.499368
1907,1866,14.571215
1925,1866,14.730792
1878,1867,8.314202
1911,1868,9.964465
1882,1869,11.959069
1883,1869,4.8200545
1907,1869,10.622696
1923,1869,13.161594
1899,1870,7.6406093
1887,1871,11.981673
1898,1871,10.188645
1891,1873,5.695659
1900,1873,12.651244
1884,1875,8.697758
1881,1876,8.962277
1885,1876,7.8614697
1886,1876,14.172779
1905,1876,6.323829
1922,1876,12.327981
1932,1876,14.274859
1904,1877,10.179
1915,1877,11.4777355
1928,1877,12.968059
1914,1878,9.497844
1894,1879,13.08608
1895,1879,11.720312
1901,1879,5.422869
1920,1879,10.155412
1905,1881,7.9278674
1922,1881,9.40281
1931,1881,12.873049
1883,1882,8.223622
1906,1882,5.5856547
1907,1882,7.248236
1923,1882,14.066374
1925,1882,10.974611
1927,1882,11.2558565
1906,1883,12.234588
1907,1883,5.845465
1923,1883,9.734511
1927,1883,11.46241
1893,1884,8.232444
1886,1885,6.3958335
1897,1885,12.567974
1905,1885,11.056001
1918,1885,9.952674
1932,1885,11.962172
1897,1886,6.2146754
1918,1886,7.583498
1932,1886,14.769693
1902,1887,6.867908
1916,1887,13.308236
1930,1887,12.224374
1896,1888,9.709562
1921,1888,7.556236
1941,1888,13.536384
1896,1889,12.253056
1903,1890,8.08458
1944,1890,13.3427305
1900,1891,7.8064866
1919,1892,9.095971
1943,1892,13.728853
1908,1893,7.0559554
1910,1893,14.047086
1901,1894,8.307803
1909,1894,8.737402
1920,1894,10.810969
1924,1895,8.5334835
1940,1895,14.530647
1921,1896,10.802565
1941,1896,10.631375
1918,1897,8.94981
1929,1898,8.157248
1933,1899,10.702996
1938,1899,11.252656
1913,1900,11.553907
1920,1901,6.231525
1948,1901,13.755309
1916,1902,6.796457
1930,1902,9.132547
1933,1902,12.837646
1937,1903,12.6131525
1944,1903,10.436888
1953,1903,13.375111
1915,1904,14.276361
1928,1904,7.627681
1935,1904,10.160916
1922,1905,6.2047677
1931,1905,12.817451
1932,1905,10.768433
1962,1905,14.262136
1907,1906,8.328872
1923,1906,14.315943
1925,1906,5.623308
1927,1906,9.114712
1950,1906,12.308684
1960,1906,13.841466
1923,1907,6.822547
1925,1907,10.648502
1927,1907,5.739486
1950,1907,11.678033
1951,1907,13.315982
1910,1908,7.0732646
1917,1908,13.674789
1910,1909,13.414374
1917,1909,7.3628073
1917,1910,6.6019354
1939,1911,13.605486
1945,1912,10.4821205
1954,1912,11.576715
1926,1913,7.7167554
1963,1913,13.934435
1940,1914,14.058715
1946,1914,12.829623
1961,1914,13.439802
1928,1915,9.698139
1936,1915,7.09599
1956,1915,10.6318445
1930,1916,7.6567626
1933,1916,7.483445
1965,1916,11.109049
1932,1918,9.98538
1967,1918,11.967588
1942,1919,12.190229
1943,1919,5.1153812
1947,1919,14.1435175
1948,1920,8.029974
1941,1921,7.418151
1966,1921,12.52155
1931,1922,6.7941947
1932,1922,12.426165
1949,1922,14.814272
1962,1922,10.615322
1925,1923,14.479318
1927,1923,6.644468
1950,1923,11.073226
1951,1923,8.077914
1940,1924,6.903744
1955,1924,10.036317
1972,1924,12.6982975
1927,1925,7.918704
1950,1925,8.102921
1960,1925,8.219312
1976,1925,14.5884495
1958,1926,13.7394495
1950,1927,5.974561
1951,1927,9.137928
1960,1927,12.251361
1981,1927,13.718215
1935,1928,10.498598
1936,1928,13.035312
1956,1928,11.805033
1964,1928,10.551665
1957,1929,13.81117
1933,1930,14.74877
1965,1930,10.191555
1978,1930,12.847236
1949,1931,8.021694
1962,1931,12.18081
1980,1931,12.024874
1962,1932,10.459389
1967,1932,11.543337
1984,1932,11.719013
1938,1933,8.145582
1965,1933,13.528047
1968,1933,11.676936
1939,1934,10.693198
1954,1934,13.999221
1970,1934,8.09182
1952,1935,6.648732
1964,1935,8.10024
1985,1935,12.028198
1987,1935,13.810672
1956,1936,5.7034087
1974,1936,11.665714
1944,1937,11.810282
1953,1937,6.8007355
1977,1937,12.717835
1968,1938,6.9406447
1993,1938,14.689133
1970,1939,13.892709
1955,1940,12.983085
1972,1940,8.331133
1966,1941,7.156286
1991,1941,14.172373
1943,1942,9.735871
1947,1943,13.437592
1953,1944,6.896401
1974,1944,12.097949
1977,1944,9.310264
1954,1945,10.661522
1971,1945,7.0915008
1961,1946,5.657631
1973,1946,11.948228
1990,1946,11.72812
1959,1947,11.710188
1955,1948,8.05454
1986,1948,11.555373
1980,1949,9.066359
1951,1950,8.396753
1960,1950,7.536536
1976,1950,14.20459
1981,1950,8.421559
2003,1950,13.437713
1981,1951,9.310884
1964,1952,10.906165
1985,1952,8.292039
1987,1952,14.210569
2006,1952,14.49711
1977,1953,6.3225083
1970,1954,13.939204
1971,1954,14.237679
1997,1954,11.812884
1972,1955,11.778556
1986,1955,8.395916
1964,1956,14.411109
1974,1956,11.455986
1999,1956,11.274409
1994,1957,10.690291
1995,1957,11.137721
2007,1957,14.781702
1983,1958,11.501122
1975,1959,12.568593
1969,1960,13.143697
1976,1960,7.066941
1981,1960,10.910864
2003,1960,12.160046
2005,1960,14.727893
2012,1960,13.741211
1973,1961,12.634592
1990,1961,7.0298424
2008,1961,14.267253
2011,1961,12.526068
1980,1962,14.297638
1984,1962,8.69991
1992,1962,8.213701
1982,1963,3.8840282
1988,1963,6.016541
2013,1963,11.86592
1985,1964,9.720776
1987,1964,6.359875
2006,1964,11.139499
2014,1964,14.13263
1978,1965,11.751253
1993,1965,12.828394
2000,1965,9.078779
2016,1965,13.704546
1979,1966,13.280759
1991,1966,7.2913575
2002,1966,10.574164
2022,1966,14.590232
1984,1967,10.164939
1993,1968,8.07043
2004,1968,9.555746
1976,1969,7.722918
1996,1969,7.4298368
2005,1969,10.182417
1997,1970,14.048291
1986,1972,13.952418
1990,1973,11.558672
2008,1973,8.528258
2011,1973,12.661389
2027,1973,10.969845
1977,1974,12.171439
1999,1974,11.339781
2015,1974,9.561878
2026,1975,11.71339
1981,1976,14.251664
1996,1976,11.440411
2003,1976,11.873856
2005,1976,8.040832
2012,1976,10.451103
2015,1977,14.1258955
2035,1977,14.540234
2000,1978,12.706966
2001,1978,12.80839
2016,1978,9.869395
2019,1978,11.830334
2030,1978,12.291291
2002,1979,8.600307
2021,1979,9.395155
2039,1979,12.893247
1992,1980,11.414264
2018,1980,10.378383
2023,1980,9.938538
2003,1981,6.488339
2012,1981,11.586128
1988,1982,4.04753
2013,1982,8.920101
2020,1982,13.58823
2032,1982,13.781417
1989,1983,6.4786396
2010,1983,11.405973
2028,1983,13.064899
1992,1984,10.060947
1987,1985,8.647902
2006,1985,6.459867
2017,1985,7.764033
2034,1985,12.722295
2006,1987,6.0656195
2014,1987,9.038981
2017,1987,11.702602
2034,1987,10.855397
2013,1988,5.9550242
2020,1988,9.745896
2032,1988,12.59571
2010,1989,5.6265683
2041,1989,11.748835
2008,1990,8.7610035
2011,1990,5.544127
2002,1991,8.498193
2022,1991,7.405997
2033,1991,9.738636
2061,1991,14.480364
2018,1992,8.6213875
2000,1993,11.644245
2004,1993,6.2443323
2029,1993,8.155194
2047,1993,13.84648
1995,1994,9.583456
2007,1994,4.2631598
2037,1994,14.304474
2038,1994,10.782835
2001,1995,10.810529
2007,1995,12.869475
2036,1995,13.869754
2037,1995,10.245029
2005,1996,7.448435
2040,1996,10.005616
2050,1996,13.640711
2055,1996,12.908169
2049,1997,12.869633
2052,1997,11.547246
2025,1998,14.6458
2014,1999,8.194138
2015,1999,11.432584
2016,2000,7.2702675
2029,2000,12.086895
2030,2000,13.04964
2058,2000,13.915686
2019,2001,6.0881653
2030,2001,11.739933
2036,2001,7.0328836
2037,2001,14.423058
2021,2002,10.894623
2022,2002,13.053342
2033,2002,8.717401
2039,2002,8.968723
2005,2003,13.015818
2012,2003,5.2917156
2043,2003,11.13367
2057,2003,13.73838
2029,2004,8.197329
2047,2004,9.083565
2067,2004,13.014521
2012,2005,8.475167
2040,2005,11.54521
2043,2005,10.907991
2055,2005,9.154616
2014,2006,11.741683
2017,2006,5.722304
2034,2006,6.5827594
2051,2006,11.131006
2037,2007,14.724447
2038,2007,7.2718635
2065,2007,14.3439455
2069,2007,12.634145
2011,2008,5.8466325
2027,2008,6.597866
2042,2008,8.007096
2053,2009,11.251073
2041,2010,6.5418863
2068,2010,12.334376
2027,2011,11.888463
2042,2011,9.77948
2043,2012,6.9750447
2055,2012,11.901285
2057,2012,14.813965
2020,2013,5.766349
2032,2013,7.7526608
2034,2014,11.207118
2019,2016,10.268903
2030,2016,5.8759637
2058,2016,9.451022
2034,2017,7.574023
2051,2017,7.48589
2023,2018,7.5286756
2054,2018,12.226344
2030,2019,5.745411
2036,2019,5.715684
2058,2019,12.90091
2032,2020,11.415359
2039,2021,6.7576547
2033,2022,7.994272
2061,2022,8.394542
2054,2023,7.544695
2084,2023,14.788606
2059,2024,6.500186
2062,2024,11.72798
2066,2024,14.79051
2079,2024,14.074028
2060,2025,10.150536
2070,2025,11.515118
2080,2025,12.336996
2063,2026,9.93649
2042,2027,7.0975065
2081,2027,13.696206
2048,2028,6.1008043
2075,2028,10.720883
2047,2029,8.810346
2067,2029,7.5940495
2036,2030,9.993287
2058,2030,7.6554794
2040,2031,13.687288
2050,2031,9.429039
2072,2031,12.10241
2076,2031,11.035648
2044,2032,14.48077
2074,2032,7.6847258
2086,2032,9.803729
2039,2033,9.687845
2061,2033,7.4970236
2096,2033,14.753994
2051,2034,7.1699133
2100,2035,14.307512
2037,2036,11.844404
2038,2037,12.856192
2069,2037,13.259089
2044,2038,12.1434355
2065,2038,8.479642
2069,2038,5.3932743
2073,2038,13.476382
2050,2040,5.7038536
2055,2040,7.8410773
2076,2040,11.883716
2089,2040,11.808884
2093,2040,11.001014
2048,2041,13.583642
2068,2041,5.970263
2099,2041,13.289111
2081,2042,7.859655
2087,2042,13.846212
2055,2043,7.859071
2057,2043,13.06114
2089,2043,13.480946
2065,2044,6.3579
2069,2044,13.004182
2073,2044,6.0095224
2074,2044,12.997637
2094,2044,10.897699
2046,2045,8.229799
2049,2045,7.382866
2052,2045,13.632782
2056,2046,8.496597
2095,2046,11.240239
2067,2047,6.571528
2101,2047,12.321272
2075,2048,5.6811023
2052,2049,6.2729406
2071,2049,14.741171
2055,2050,13.102722
2076,2050,6.670645
2089,2050,14.05355
2093,2050,10.071453
2117,2050,14.305342
2071,2052,8.600022
2084,2054,8.829952
2092,2054,9.665372
2089,2055,8.958986
2093,2055,12.91745
2066,2056,8.088939
2095,2056,9.573769
2082,2057,7.243159
2102,2058,11.021405
2062,2059,8.463798
2066,2059,11.496945
2079,2059,7.9220886
2090,2059,14.969572
2110,2059,12.686968
2070,2060,12.592282
2080,2060,8.564092
2091,2060,8.139857
2108,2060,13.245949
2122,2060,14.64898
2096,2061,8.053595
2098,2061,14.579977
2123,2061,14.665449
2063,2062,13.999496
2079,2062,12.823106
2090,2062,7.610546
2110,2062,13.100181
2127,2062,13.95022
2090,2063,11.340885
2103,2063,9.452409
2130,2063,14.575684
2088,2064,11.287683
2118,2064,14.167053
2119,2064,14.891621
2069,2065,7.1606483
2073,2065,5.032027
2094,2065,11.231096
2079,2066,8.46256
2095,2066,14.314968
2101,2067,9.093877
2126,2067,14.11434
2099,2068,8.471851
2073,2069,11.772711
2077,2070,8.620995
2080,2070,5.6900516
2104,2070,7.8600497
2108,2070,11.240685
2113,2070,14.797159
2139,2070,14.261151
2105,2071,9.057482
2076,2072,11.127251
2085,2072,8.539374
2111,2072,10.572623
2116,2072,14.153656
2128,2072,11.680683
2074,2073,12.065617
2094,2073,6.2878284
2086,2074,6.2831545
2094,2074,8.281605
2107,2074,14.149963
2112,2074,9.137878
2129,2074,12.88616
2099,2075,14.161824
2106,2075,10.130022
2115,2075,9.543895
2093,2076,9.3274145
2111,2076,9.224835
2117,2076,9.378631
2080,2077,13.419169
2104,2077,8.214138
2113,2077,8.597607
2138,2077,12.161734
2139,2077,14.092465
2087,2078,10.6157
2088,2078,9.777689
2110,2079,6.975615
2127,2079,13.470297
2091,2080,10.401149
2104,2080,8.765621
2108,2080,7.122115
2122,2080,12.758212
2139,2080,13.145447
2087,2081,10.374429
2109,2081,10.050568
2135,2082,12.268488
2092,2084,8.524552
2097,2084,12.363313
2125,2084,8.449056
2134,2084,12.299673
2143,2084,14.251914
2116,2085,8.956777
2120,2085,12.443577
2128,2085,12.013092
2094,2086,13.236258
2107,2086,8.148818
2112,2086,7.4968276
2129,2086,9.582878
2118,2088,9.256609
2152,2088,13.570488
2093,2089,6.988732
2114,2089,13.377338
2117,2089,14.083343
2151,2089,14.510015
2103,2090,14.089258
2110,2090,12.571236
2127,2090,9.473012
2130,2090,9.149195
2146,2090,12.286415
2108,2091,9.840586
2119,2091,11.013161
2122,2091,7.257301
2158,2091,14.067292
2098,2092,8.170489
2124,2092,8.561391
2125,2092,10.304838
2131,2092,13.800652
2143,2092,10.267043
2148,2092,12.224592
2111,2093,13.973064
2117,2093,7.7893677
2112,2094,10.713663
2129,2094,14.6694765
2165,2095,14.734223
2098,2096,10.473685
2123,2096,6.701743
2124,2096,14.547172
2131,2096,9.829104
2150,2096,11.585356
2153,2096,13.507096
2120,2097,10.727814
2125,2097,13.793553
2134,2097,8.724213
2162,2097,13.787849
2123,2098,12.40323
2124,2098,6.3575807
2131,2098,7.4203687
2143,2098,13.066149
2148,2098,11.395771
2150,2098,13.985948
2154,2098,11.71476
2115,2099,14.268168
2136,2099,8.023142
2147,2099,14.295926
2126,2101,7.4137487
2163,2101,14.481607
2126,2102,13.445609
2144,2102,9.335356
2155,2102,12.048065
2130,2103,10.492015
2137,2103,7.037783
2156,2103,14.839829
2108,2104,8.145492
2113,2104,8.776566
2138,2104,8.31847
2139,2104,6.7527328
2157,2104,12.544653
2166,2104,12.898505
2147,2105,8.718556
2172,2105,14.66895
2115,2106,5.508176
2121,2106,9.065264
2145,2106,7.5056453
2112,2107,9.489092
2121,2107,8.32207
2129,2107,7.653032
2145,2107,14.39529
2160,2107,12.670322
2122,2108,7.550981
2138,2108,13.589341
2139,2108,8.14762
2157,2108,9.657333
2158,2108,9.84174
2166,2108,14.484304
2127,2110,6.8323154
2146,2110,11.504921
2117,2111,7.644346
2128,2111,9.428967
2174,2111,14.023233
2129,2112,4.120166
2160,2112,8.133649
2138,2113,5.02104
2139,2113,10.076352
2156,2113,12.345964
2166,2113,11.641235
2169,2113,10.6014185
2135,2114,10.535238
2151,2114,9.021335
2168,2114,10.292311
2121,2115,13.974863
2136,2115,12.381849
2145,2115,10.245273
2178,2115,14.021245
2120,2116,6.5910044
2128,2116,7.9065166
2167,2116,14.359689
2183,2116,12.115288
2174,2117,10.335156
2119,2118,8.548051
2152,2118,9.729241
2193,2118,14.83172
2122,2119,11.69741
2128,2120,14.358481
2134,2120,14.209127
2162,2120,14.986715
2167,2120,9.983857
2183,2120,13.727258
2129,2121,14.652591
2145,2121,6.27071
2139,2122,13.636049
2157,2122,11.216032
2158,2122,6.872855
2192,2122,13.890093
2124,2123,13.415102
2131,2123,7.1836076
2150,2123,5.1759257
2153,2123,7.527401
2154,2123,11.353948
2181,2123,11.312883
2125,2124,13.495339
2131,2124,6.274559
2143,2124,7.3637767
2148,2124,5.0795584
2150,2124,12.487648
2154,2124,6.8573456
2173,2124,13.783152
2180,2124,10.366202
2181,2124,14.345363
2134,2125,7.850129
2143,2125,8.02773
2148,2125,13.183786
2161,2125,7.6282525
2162,2125,11.82952
2173,2125,10.178539
2189,2125,13.042722
2190,2125,14.557828
2155,2126,8.0951395
2163,2126,13.928638
2130,2127,10.3931465
2146,2127,5.097435
2179,2127,14.044014
2183,2128,12.598024
2160,2129,5.631374
2137,2130,8.748665
2146,2130,8.716038
2179,2130,9.70945
2143,2131,12.964541
2148,2131,8.62047
2150,2131,6.7889805
2153,2131,13.147349
2154,2131,5.870418
2180,2131,11.701908
2181,2131,10.658378
2159,2132,11.898812
2194,2132,13.01904
2161,2134,7.542197
2162,2134,6.234166
2167,2134,12.154955
2173,2134,13.907177
2189,2134,13.787349
2190,2134,11.74625
2200,2134,14.5130625
2168,2135,9.664749
2147,2136,13.995391
2178,2136,9.530847
2185,2136,11.763474
2156,2137,10.902187
2179,2137,11.981545
2186,2137,10.659147
2139,2138,6.03026
2156,2138,13.614903
2157,2138,11.186293
2166,2138,6.727032
2169,2138,7.872195
2195,2138,14.269119
2157,2139,6.2827377
2158,2139,11.2038
2166,2139,6.818364
2169,2139,12.082
2192,2139,14.701727
2197,2139,13.416367
2153,2140,14.032721
2170,2140,6.9087095
2144,2141,10.18049
2164,2141,6.416664
2177,2141,8.772281
2191,2141,12.784302
2175,2142,8.795502
2176,2142,9.8789015
2188,2142,8.861098
2148,2143,5.249771
2154,2143,10.134564
2161,2143,10.484628
2173,2143,6.852957
2180,2143,8.996798
2189,2143,11.959312
2209,2143,14.184643
2155,2144,9.081742
2164,2144,7.3321276
2191,2144,9.755131
2204,2145,12.933868
2179,2146,9.151534
2172,2147,6.8391137
2185,2147,13.230142
2207,2147,14.2108135
2150,2148,12.677522
2154,2148,4.8865604
2173,2148,9.8365755
2180,2148,5.5215282
2181,2148,12.182439
2189,2148,14.9650545
2201,2148,11.996017
2209,2148,12.690508
2163,2149,5.6797667
2171,2149,11.528866
2153,2150,6.8827558
2154,2150,7.927177
2180,2150,12.876598
2181,2150,6.1416407
2201,2150,13.302951
2168,2151,9.388023
2187,2152,10.356362
2193,2152,12.548244
2213,2152,13.650126
2154,2153,14.694041
2170,2153,11.06983
2181,2153,10.054524
2199,2153,10.955312
2173,2154,13.963143
2180,2154,5.909456
2181,2154,7.6786003
2201,2154,9.986544
2209,2154,13.335086
2191,2155,13.483243
2169,2156,9.619577
2186,2156,10.795147
2195,2156,9.557359
2208,2156,11.661645
2158,2157,6.057922
2166,2157,7.320123
2169,2157,14.21456
2192,2157,8.447096
2197,2157,9.212406
2166,2158,13.327562
2192,2158,7.2056823
2197,2158,12.699659
2205,2158,11.64761
2176,2159,14.1275
2194,2159,14.436906
2210,2159,12.174661
2162,2161,6.402789
2167,2161,14.907844
2173,2161,6.791846
2189,2161,6.4244604
2190,2161,6.9829283
2200,2161,12.475697
2216,2161,13.484252
2219,2161,13.392868
2167,2162,8.511314
2173,2162,12.900298
2189,2162,10.457366
2190,2162,6.2576213
2200,2162,8.318381
2219,2162,14.347907
2222,2163,13.9553585
2177,2164,9.617251
2191,2164,6.3835263
2169,2166,6.902958
2192,2166,13.182174
2195,2166,12.309794
2197,2166,8.324607
2225,2166,14.913707
2183,2167,11.730339
2190,2167,12.145992
2200,2167,8.592405
2202,2167,11.517327
2227,2167,12.593089
2224,2168,13.684727
2195,2169,6.434693
2197,2169,12.659771
2208,2169,13.918984
2225,2169,11.683035
2199,2170,8.333958
2232,2170,14.388622
2175,2171,11.652142
2206,2171,9.847624
2185,2172,9.139314
2207,2172,7.5594783
2230,2172,13.071432
2180,2173,9.656761
2189,2173,5.229711
2190,2173,10.568364
2201,2173,14.990662
2209,2173,10.526253
2216,2173,9.113279
2219,2173,12.846844
2196,2174,6.987509
2236,2174,14.245888
2176,2175,14.473732
2188,2175,6.872829
2206,2175,8.871957
2217,2175,12.711255
2188,2176,8.793358
2217,2176,11.880419
2233,2176,11.925727
2184,2177,10.711188
2191,2177,13.361506
2211,2177,8.081945
2185,2178,10.666643
2204,2178,14.847991
2212,2178,8.725895
2220,2178,11.527779
2249,2178,14.955685
2186,2179,10.437274
2181,2180,9.71035
2189,2180,13.772206
2201,2180,6.786703
2209,2180,7.624348
2216,2180,12.199473
2201,2181,7.6074786
2209,2181,14.070681
2245,2182,14.118899
2202,2183,6.0031114
2203,2184,6.545088
2211,2184,10.601687
2238,2184,13.702439
2248,2184,13.141826
2207,2185,7.262613
2212,2185,8.783239
2230,2185,13.796567
2249,2185,13.435411
2195,2186,14.265035
2208,2186,8.974121
2234,2186,11.545212
2243,2186,11.654166
2218,2187,11.739562
2226,2187,9.585908
2206,2188,11.626277
2217,2188,7.168858
2233,2188,12.793652
2190,2189,6.0744505
2200,2189,12.155049
2209,2189,11.673108
2216,2189,7.202946
2219,2189,7.9703603
2228,2189,13.7129545
2262,2189,14.017107
2200,2190,6.2552013
2216,2190,11.983364
2219,2190,8.094155
2227,2190,13.557846
2228,2190,10.238099
2247,2191,13.268269
2257,2191,14.684818
2197,2192,8.060362
2205,2192,7.1721015
2231,2192,9.197405
2235,2192,14.050551
2213,2193,6.167669
2221,2193,8.454824
2235,2193,14.174613
2239,2193,13.088359
2210,2194,8.120523
2197,2195,14.8997135
2208,2195,7.8322506
2225,2195,6.997777
2234,2195,13.481147
2260,2195,13.732579
2236,2196,7.849633
2256,2196,14.872317
2269,2196,14.337384
2205,2197,14.286005
2225,2197,13.31972
2231,2197,13.223608
2261,2197,14.48132
2214,2198,12.400652
2223,2198,5.820233
2251,2198,10.286083
2232,2199,9.365937
2241,2199,10.761008
2266,2199,13.970269
2202,2200,13.87285
2219,2200,10.567866
2227,2200,7.7557983
2228,2200,7.7212334
2209,2201,6.8782806
2216,2201,13.229809
2264,2201,14.446918
2227,2202,9.986762
2242,2202,12.152416
2267,2202,12.774734
2211,2203,12.901706
2238,2203,7.3982067
2248,2203,10.067875
2220,2204,7.403871
2229,2204,11.982655
2258,2204,14.5306
2221,2205,10.1897135
2231,2205,5.8500533
2235,2205,7.298813
2263,2205,14.179959
2217,2206,12.572555
2252,2206,9.860841
2253,2206,13.930666
2212,2207,12.987012
2230,2207,6.8867188
2249,2207,14.610406
2270,2207,12.767368
2225,2208,10.007506
2234,2208,6.226499
2243,2208,11.160454
2260,2208,10.331067
2276,2208,14.321311
2216,2209,6.3567843
2219,2209,13.956139
2262,2209,13.90829
2271,2210,13.523405
2275,2210,13.142445
2248,2211,9.60833
2257,2211,14.968437
2220,2212,10.964843
2249,2212,6.421761
2258,2212,11.994599
2279,2212,12.7176895
2221,2213,9.890495
2239,2213,6.9255466
2263,2213,14.046395
2273,2213,12.936158
2282,2213,13.242825
2218,2214,4.8677654
2223,2214,11.116589
2226,2214,11.25001
2240,2214,6.3193707
2244,2214,9.279103
2251,2214,13.686996
2283,2214,13.350409
2255,2215,8.549871
2292,2215,14.086874
2219,2216,7.6067667
2228,2216,14.915466
2262,2216,9.250074
2233,2217,7.681261
2268,2217,9.484735
2226,2218,6.382621
2240,2218,6.4015274
2244,2218,5.8672686
2277,2218,13.266599
2283,2218,11.662668
2227,2219,14.229906
2228,2219,7.312473
2262,2219,7.4382877
2249,2220,12.7931385
2258,2220,8.190828
2286,2220,11.8335495
2231,2221,12.475988
2235,2221,5.9938097
2239,2221,14.54716
2263,2221,7.698093
2282,2221,13.224124
2240,2223,12.157181
2251,2223,4.661202
2234,2225,12.8955
2260,2225,9.104144
2261,2225,8.786483
2291,2225,11.942424
2239,2226,13.322256
2240,2226,10.62609
2244,2226,6.1155243
2277,2226,9.800118
2283,2226,12.24946
2293,2226,13.908469
2228,2227,7.3848934
2267,2227,12.84724
2274,2227,10.612609
2262,2228,11.427475
2274,2228,9.2279215
2312,2228,14.332523
2246,2229,9.278038
2278,2229,14.642891
2259,2230,8.892945
2270,2230,7.1184993
2280,2230,14.989677
2235,2231,6.9843907
2263,2231,13.026036
2289,2231,14.044742
2315,2231,14.959652
2241,2232,12.141067
2266,2232,5.490842
2290,2232,12.277065
2316,2232,14.426296
2268,2233,9.862259
2305,2233,12.583143
2243,2234,6.3213964
2260,2234,7.87438
2276,2234,8.205755
2295,2234,14.466595
2263,2235,6.911772
2237,2236,12.942162
2256,2236,11.827609
2269,2236,6.5376744
2284,2236,14.413767
2242,2237,8.362523
2267,2237,14.863318
2269,2237,14.129548
2284,2237,8.188515
2245,2238,11.2864895
2248,2238,8.54924
2302,2238,11.493166
2273,2239,6.6067233
2277,2239,14.42425
2282,2239,10.359561
2293,2239,10.211733
2307,2239,11.084227
2244,2240,5.468555
2251,2240,12.464681
2277,2240,12.372363
2283,2240,7.1730833
2264,2241,8.085495
2266,2241,12.460043
2290,2241,9.82292
2297,2241,12.963531
2304,2241,11.059626
2267,2242,6.536852
2284,2242,10.637962
2260,2243,13.388157
2276,2243,8.348554
2288,2243,13.693573
2295,2243,11.055875
2277,2244,7.7575917
2283,2244,6.4648714
2293,2244,14.578499
2311,2244,12.050966
2254,2245,11.798409
2285,2245,10.802277
2294,2245,8.523505
2272,2246,10.357659
2278,2246,7.5283566
2321,2246,14.440212
2257,2247,8.542778
2302,2248,11.247716
2258,2249,9.211246
2270,2249,14.484483
2279,2249,6.393877
2286,2249,14.346268
2298,2249,11.001105
2299,2249,12.580559
2265,2250,6.6468515
2281,2250,6.1992345
2287,2250,14.160332
2313,2250,13.461078
2253,2252,7.5842786
2306,2252,13.35319
2325,2252,13.49515
2301,2253,11.090183
2272,2254,8.134359
2285,2254,6.2294893
2294,2254,10.461195
2309,2254,9.928494
2292,2255,6.2498174
2296,2255,11.856077
2324,2255,12.280629
2334,2255,14.712174
2269,2256,11.868358
2300,2256,8.205789
2279,2258,11.708186
2286,2258,5.639943
2298,2258,7.342483
2331,2258,14.98653
2270,2259,9.796074
2280,2259,6.134925
2287,2259,13.77893
2332,2259,11.96323
2261,2260,11.013826
2276,2260,9.4740505
2291,2260,7.267706
2310,2260,9.087699
2319,2260,14.0643215
2323,2260,14.753142
2289,2261,10.094556
2291,2261,7.462298
2308,2261,8.898713
2310,2261,13.561349
2319,2261,10.479605
2274,2262,14.789275
2312,2262,11.431705
2282,2263,8.477764
2290,2264,11.715986
2297,2264,5.977909
2304,2264,7.914123
2317,2264,10.357875
2335,2264,13.635161
2345,2264,14.571975
2281,2265,12.684183
2287,2265,7.59783
2339,2265,12.728
2290,2266,8.229114
2304,2266,14.63654
2316,2266,8.936618
2274,2267,13.820772
2305,2268,9.436386
2306,2268,8.367008
2284,2269,11.608124
2300,2269,14.9101095
2279,2270,11.587387
2280,2270,14.364209
2299,2270,10.3219795
2327,2270,10.075352
2332,2270,10.709171
2275,2271,6.02649
2320,2271,8.947008
2336,2271,11.835307
2278,2272,7.176831
2285,2272,10.996402
2309,2272,7.6625185
2321,2272,14.870373
2330,2272,11.363487
2353,2272,13.905715
2277,2273,12.138913
2282,2273,7.6828494
2293,2273,5.2501264
2307,2273,4.631963
2312,2274,9.318518
2322,2274,8.312588
2320,2275,10.722698
2336,2275,10.112493
2291,2276,14.00435
2295,2276,7.5923815
2310,2276,10.769437
2318,2276,13.329808
2323,2276,9.555787
2354,2276,14.418046
2355,2276,13.561571
2283,2277,7.675499
2293,2277,7.552576
2307,2277,13.947183
2311,2277,5.904985
2309,2278,12.043406
2321,2278,8.525006
2330,2278,8.847994
2353,2278,14.472838
2298,2279,8.911923
2299,2279,6.2806005
2327,2279,12.398812
2331,2279,10.944074
2287,2280,8.630266
2332,2280,11.351118
2338,2280,9.983899
2339,2280,13.290279
2344,2280,12.578477
2313,2281,7.559393
2314,2281,13.210626
2293,2282,12.47693
2307,2282,7.340357
2311,2283,8.265133
2347,2284,11.927213
2294,2285,5.1397977
2309,2285,7.6159887
2326,2285,14.998353
2353,2285,14.906746
2298,2286,7.2718635
2331,2286,14.068075
2333,2286,13.930196
2338,2287,12.375992
2339,2287,10.671657
2295,2288,9.501304
2318,2288,7.224199
2341,2288,11.67207
2342,2288,9.523704
2291,2289,14.867042
2308,2289,6.785871
2315,2289,9.881112
2319,2289,12.406215
2346,2289,12.051968
2297,2290,11.985179
2304,2290,6.4671464
2316,2290,7.6459837
2328,2290,9.971901
2335,2290,10.30531
2308,2291,9.872174
2310,2291,6.1010027
2319,2291,6.858688
2323,2291,14.477679
2346,2291,13.453827
2354,2291,12.576348
2363,2291,14.303635
2296,2292,6.4704084
2324,2292,6.6238623
2334,2292,10.703472
2337,2292,12.671579
2356,2292,12.780978
2307,2293,6.4257298
2311,2293,9.777063
2309,2294,11.833858
2326,2294,10.258406
2359,2294,13.874158
2318,2295,5.7385683
2323,2295,10.376299
2342,2295,11.46692
2355,2295,10.849672
2372,2295,13.523397
2324,2296,8.189879
2334,2296,13.82279
2337,2296,7.5572357
2350,2296,14.469497
2356,2296,10.657053
2304,2297,5.7524095
2317,2297,6.05969
2335,2297,9.024951
2345,2297,8.702551
2362,2297,13.74566
2367,2297,13.822677
2299,2298,12.049311
2331,2298,7.6653094
2327,2299,6.4353867
2331,2299,9.473804
2332,2299,13.708133
2329,2301,11.650791
2326,2302,10.863861
2343,2302,8.5388
2348,2302,11.293729
2349,2302,9.81216
2313,2303,11.350489
2314,2303,6.6574264
2340,2303,10.408395
2316,2304,12.357157
2317,2304,11.563296
2328,2304,10.593791
2335,2304,6.3859816
2345,2304,11.9165325
2362,2304,12.142067
2367,2304,14.660156
2306,2305,13.216767
2325,2306,11.297229
2310,2308,13.840574
2315,2308,14.399137
2319,2308,5.6895514
2346,2308,6.6618648
2363,2308,12.038393
2330,2309,9.686193
2353,2309,8.069598
2369,2309,14.105213
2319,2310,8.695988
2323,2310,8.465458
2346,2310,14.769246
2354,2310,7.080503
2355,2310,14.008833
2363,2310,12.642375
2366,2310,14.103548
2322,2312,10.488976
2360,2312,14.535868
2364,2312,12.156226
2314,2313,5.914918
2340,2314,11.114916
2328,2316,7.07817
2335,2316,12.349052
2350,2316,13.552983
2357,2316,8.138927
2373,2316,14.653521
2386,2316,14.131281
2335,2317,12.593863
2345,2317,6.374065
2351,2317,12.632832
2367,2317,13.031974
2380,2317,14.612461
2323,2318,13.91872
2341,2318,10.926803
2342,2318,5.751725
2355,2318,11.869896
2365,2318,11.165547
2372,2318,11.3815365
2346,2319,6.6687016
2354,2319,11.532085
2363,2319,8.356419
2366,2319,13.102863
2336,2320,6.1464705
2390,2320,13.812836
2330,2321,7.716165
2333,2321,11.634903
2353,2321,14.261266
2393,2321,14.883171
2360,2322,7.118239
2388,2322,14.350501
2354,2323,6.4226627
2355,2323,5.6886883
2366,2323,14.580098
2372,2323,12.302801
2391,2323,12.5507
2397,2323,13.4741335
2334,2324,5.6715593
2337,2324,9.805349
2356,2324,7.0164714
2377,2324,12.317169
2383,2324,13.782128
2378,2325,11.466611
2343,2326,12.772128
2349,2326,6.0790296
2359,2326,8.255608
2374,2326,13.807651
2381,2326,12.082715
2331,2327,13.874069
2332,2327,7.9044967
2344,2327,11.871244
2335,2328,7.0351157
2357,2328,9.564026
2362,2328,8.37497
2367,2328,14.125294
2373,2328,7.8015337
2386,2328,10.069946
2406,2328,14.71878
2358,2329,8.794801
2379,2329,10.746004
2353,2330,6.7190423
2393,2330,14.840895
2396,2330,14.11672
2371,2331,9.540516
2375,2331,14.208822
2338,2332,10.640459
2344,2332,5.4007406
2375,2333,14.5182295
2382,2333,11.179111
2337,2334,14.614406
2356,2334,9.762627
2377,2334,12.259728
2383,2334,10.835197
2345,2335,9.479144
2362,2335,5.768526
2367,2335,9.322956
2373,2335,9.350084
2403,2335,14.478244
2390,2336,11.7163515
2350,2337,8.786903
2356,2337,6.320636
2361,2337,8.265466
2377,2337,11.908797
2384,2337,9.835981
2339,2338,6.77469
2344,2338,7.0467057
2344,2339,13.671552
2341,2340,7.655547
2342,2340,13.317539
2342,2341,5.663282
2365,2341,11.031597
2355,2342,14.626214
2365,2342,8.009239
2372,2342,11.219379
2348,2343,5.7852573
2349,2343,7.506522
2374,2343,8.484598
2398,2343,11.3836775
2351,2345,12.709443
2362,2345,10.151361
2367,2345,6.6950707
2380,2345,9.717725
2410,2345,13.921068
2363,2346,6.76186
2366,2346,12.501374
2349,2348,13.288578
2374,2348,12.562
2398,2348,12.289786
2399,2348,14.921844
2359,2349,9.894863
2374,2349,8.077815
2381,2349,11.379761
2398,2349,14.4584465
2356,2350,14.020645
2357,2350,7.5483975
2361,2350,6.0738783
2384,2350,11.614622
2385,2350,8.883042
2386,2350,14.764323
2412,2350,14.360816
2364,2351,9.313761
2380,2351,10.61273
2368,2352,5.7367005
2399,2352,14.040046
2369,2353,9.041942
2396,2353,9.991982
2355,2354,9.838702
2363,2354,10.016744
2366,2354,8.541636
2391,2354,8.943257
2397,2354,12.826884
2365,2355,12.186603
2372,2355,6.680895
2391,2355,11.476815
2397,2355,9.66452
2361,2356,10.75395
2377,2356,6.557998
2383,2356,10.973704
2384,2356,8.491234
2417,2356,14.346341
2361,2357,12.06883
2373,2357,13.706572
2385,2357,8.895633
2386,2357,8.858411
2405,2357,12.220858
2379,2358,9.082471
2395,2358,7.609678
2424,2358,14.396928
2369,2359,11.3925
2374,2359,13.607258
2381,2359,4.85703
2408,2359,12.252268
2414,2359,11.734402
2388,2360,7.271899
2389,2360,10.112065
2411,2360,14.747803
2427,2360,14.77747
2377,2361,12.116226
2384,2361,5.69589
2385,2361,7.8043227
2405,2361,14.645817
2412,2361,8.8801775
2417,2361,12.486575
2433,2361,14.963189
2367,2362,5.924716
2373,2362,4.90393
2380,2362,14.449746
2386,2362,12.556418
2403,2362,8.745318
2406,2362,10.688131
2410,2362,12.358666
2418,2362,14.3806
2366,2363,5.7597885
2391,2363,12.255852
2411,2364,10.134906
2372,2365,5.930931
2397,2365,14.947893
2420,2365,11.8832
2391,2366,6.7427907
2397,2366,13.0525465
2373,2367,9.905776
2380,2367,8.539343
2403,2367,8.338678
2406,2367,12.90474
2410,2367,8.381095
2413,2367,11.942533
2399,2368,8.836833
2431,2368,11.932899
2381,2369,12.23052
2396,2369,8.676576
2408,2369,7.909802
2376,2370,7.89825
2409,2370,9.447945
2375,2371,7.440642
2415,2371,11.159575
2391,2372,14.683433
2397,2372,9.8480015
2386,2373,7.8561873
2403,2373,8.107123
2405,2373,13.411974
2406,2373,7.190675
2410,2373,13.7290745
2418,2373,9.781431
2448,2373,14.818666
2381,2374,11.84038
2398,2374,6.9452977
2414,2374,12.398263
2421,2374,13.458622
2425,2374,8.959955
2382,2375,12.677567
2383,2377,6.5033402
2384,2377,6.9827785
2412,2377,12.423875
2417,2377,9.061606
2423,2377,10.46983
2426,2377,9.363758
2404,2378,5.71358
2407,2378,13.220741
2395,2379,9.773156
2407,2379,8.393428
2424,2379,9.399791
2403,2380,13.058896
2410,2380,7.9857135
2413,2380,5.996991
2434,2380,11.601071
2444,2380,14.897647
2408,2381,9.7918
2414,2381,6.878063
2425,2381,14.941368
2439,2381,11.45845
2393,2382,10.549449
2384,2383,13.413367
2417,2383,13.05028
2423,2383,7.0565734
2426,2383,10.517419
2385,2384,11.746397
2412,2384,6.9640527
2417,2384,7.653776
2426,2384,11.406951
2447,2384,12.751288
2386,2385,9.318701
2405,2385,6.931265
2412,2385,9.432853
2418,2385,13.504758
2433,2385,9.976937
2440,2385,13.042122
2403,2386,13.874048
2405,2386,6.261303
2406,2386,9.484657
2418,2386,7.101755
2433,2386,14.288886
2440,2386,10.849942
2448,2386,14.038692
2401,2387,7.8629155
2428,2387,10.662035
2389,2388,6.5027246
2411,2388,12.890367
2427,2388,7.5750976
2441,2388,9.082538
2427,2389,8.574064
2441,2389,13.062895
2397,2391,6.31281
2402,2392,7.225355
2422,2392,8.311299
2429,2392,14.247138
2443,2392,9.878787
2396,2393,11.461655
2430,2394,11.507062
2445,2394,13.588635
2446,2394,10.542619
2424,2395,8.842679
2408,2396,12.036009
2399,2398,11.446211
2421,2398,6.694813
2425,2398,7.470662
2457,2398,13.500062
2421,2399,8.209572
2431,2399,8.114751
2454,2399,11.478799
2457,2399,14.057242
2409,2400,12.413706
2432,2400,13.457869
2437,2400,6.82959
2428,2401,12.660389
2438,2401,14.5720005
2422,2402,12.704855
2429,2402,7.323033
2443,2402,9.584794
2464,2402,13.457816
2406,2403,5.63355
2410,2403,6.4063954
2413,2403,12.416013
2418,2403,10.94725
2434,2403,13.359538
2444,2403,8.861162
2448,2403,11.709096
2450,2403,9.953174
2407,2404,12.59929
2451,2404,10.044644
2471,2404,14.416439
2406,2405,11.855981
2412,2405,13.16921
2418,2405,6.9071074
2433,2405,8.055042
2440,2405,6.4704933
2448,2405,12.576438
2462,2405,12.103279
2410,2406,11.823268
2418,2406,5.3139353
2440,2406,10.744732
2444,2406,11.50986
2448,2406,7.8063703
2450,2406,9.354089
2462,2406,13.463851
2424,2407,10.115178
2451,2407,14.392657
2414,2408,10.129537
2439,2408,10.641613
2437,2409,12.744645
2452,2409,10.390692
2413,2410,6.01114
2434,2410,7.9564886
2444,2410,7.413823
2450,2410,11.920681
2469,2410,13.318526
2441,2411,11.981098
2417,2412,6.1633177
2426,2412,11.249641
2433,2412,8.657361
2447,2412,7.1755257
2468,2412,11.954184
2476,2412,13.545757
2434,2413,5.6546316
2444,2413,10.499661
2469,2413,12.791257
2425,2414,10.764288
2439,2414,5.0006585
2461,2414,12.225319
2419,2416,6.517202
2435,2416,12.985397
2442,2416,5.9728603
2449,2416,7.5196004
2459,2416,9.90016
2465,2416,12.284176
2423,2417,11.468419
2426,2417,5.097333
2433,2417,13.57573
2447,2417,6.502884
2453,2417,11.495174
2468,2417,12.949166
2476,2417,10.315737
2433,2418,13.104209
2440,2418,5.8603077
2448,2418,6.943618
2450,2418,11.66365
2462,2418,10.046306
2481,2418,14.620153
2435,2419,6.721462
2442,2419,10.217429
2449,2419,6.1584272
2459,2419,11.628393
2463,2419,13.367989
2465,2419,10.058933
2466,2420,14.524314
2425,2421,9.543784
2431,2421,12.532751
2454,2421,8.775052
2457,2421,7.794386
2472,2421,10.919538
2443,2422,6.89014
2475,2422,10.655344
2426,2423,6.7718463
2453,2423,8.437262
2467,2423,13.426874
2476,2423,14.639724
2480,2423,12.361122
2439,2425,12.412521
2457,2425,11.904089
2461,2425,9.2804365
2472,2425,11.00406
2447,2426,9.300197
2453,2426,7.2565727
2476,2426,9.556096
2480,2426,13.001578
2441,2427,5.6390524
2458,2427,11.39112
2435,2428,9.549407
2455,2428,5.456343
2463,2428,12.473058
2470,2428,8.890518
2485,2428,11.05546
2496,2428,14.763107
2436,2429,10.995959
2443,2429,11.675204
2464,2429,6.982235
2446,2430,8.061908
2492,2430,14.607401
2454,2431,8.923152
2457,2431,13.964926
2460,2431,8.28421
2483,2431,12.079053
2437,2432,12.715513
2440,2433,8.458606
2447,2433,9.624511
2462,2433,11.49266
2468,2433,8.774114
2484,2433,12.240358
2487,2433,14.338038
2493,2433,11.577943
2444,2434,7.37964
2450,2434,13.138728
2469,2434,7.1652536
2482,2434,12.379437
2449,2435,8.697819
2455,2435,8.381419
2459,2435,14.337278
2463,2435,8.642181
2465,2435,9.374871
2485,2435,12.663088
2495,2435,14.087227
2464,2436,11.885625
2466,2436,10.966635
2458,2438,14.761254
2461,2439,9.787388
2486,2439,12.629271
2448,2440,7.417328
2450,2440,13.620657
2462,2440,5.671023
2481,2440,12.476349
2484,2440,9.890272
2493,2440,13.435379
2458,2441,14.87368
2449,2442,6.705576
2459,2442,4.9058824
2465,2442,10.104838
2488,2442,10.545803
2495,2442,14.164021
2464,2443,13.108206
2475,2443,9.417984
2448,2444,11.704194
2450,2444,5.8406887
2469,2444,7.8929887
2481,2444,14.549949
2482,2444,8.68328
2503,2444,14.102019
2446,2445,10.209722
2473,2445,9.281085
2478,2445,7.9580526
2504,2445,13.847837
2478,2446,9.452755
2492,2446,10.658312
2453,2447,12.195801
2468,2447,6.455126
2476,2447,6.6602736
2487,2447,10.135754
2493,2447,13.92223
2506,2447,14.683243
2450,2448,6.232353
2462,2448,6.6636477
2481,2448,8.001586
2482,2448,13.481964
2484,2448,11.655079
2503,2448,14.63506
2459,2449,5.868291
2463,2449,10.626072
2465,2449,4.798642
2488,2449,10.724559
2495,2449,10.3979845
2462,2450,12.133648
2469,2450,11.400017
2481,2450,9.206051
2482,2450,8.325993
2503,2450,11.638084
2471,2451,5.482978
2479,2451,9.72598
2489,2451,8.929731
2473,2452,14.980096
2490,2452,11.839233
2499,2452,12.947303
2467,2453,12.500627
2476,2453,7.745707
2480,2453,5.795545
2500,2453,9.720726
2505,2453,11.384772
2506,2453,13.975924
2457,2454,5.4602623
2460,2454,11.455644
2472,2454,9.926076
2483,2454,6.4139647
2491,2454,8.541782
2501,2454,14.364818
2511,2454,14.323168
2524,2454,14.938726
2463,2455,7.4344707
2465,2455,13.299006
2470,2455,7.794472
2485,2455,5.9353437
2496,2455,12.106933
2507,2455,11.266254
2477,2456,8.643057
2461,2457,12.904732
2472,2457,4.642229
2483,2457,9.49305
2491,2457,8.040617
2497,2457,11.38482
2511,2457,12.649284
2494,2458,7.414212
2463,2459,13.580101
2465,2459,6.6706305
2488,2459,5.9365835
2495,2459,9.498539
2521,2459,13.58073
2522,2459,13.706111
2483,2460,9.583357
2501,2460,8.799349
2508,2460,12.54996
2524,2460,14.245618
2472,2461,8.860915
2497,2461,9.1796665
2516,2461,11.694135
2481,2462,7.5149918
2484,2462,5.237103
2493,2462,10.56684
2519,2462,13.096865
2525,2462,14.256908
2465,2463,6.9399223
2470,2463,13.651762
2485,2463,6.5683136
2488,2463,14.068592
2495,2463,7.654415
2507,2463,8.83372
2520,2463,10.5931
2521,2463,14.494498
2485,2465,13.495122
2488,2465,8.627833
2495,2465,5.7933855
2507,2465,14.713124
2520,2465,12.117942
2521,2465,12.738956
2517,2466,14.829807
2480,2467,9.095967
2505,2467,11.9909315
2515,2467,11.445154
2530,2467,13.418722
2476,2468,8.522886
2484,2468,12.39005
2487,2468,5.623064
2493,2468,7.5612054
2500,2468,14.993495
2506,2468,12.096957
2512,2468,11.451089
2518,2468,12.276508
2482,2469,6.3428993
2503,2469,11.917326
2485,2470,8.004343
2496,2470,6.1531034
2507,2470,12.027405
2479,2471,10.840553
2489,2471,3.8653233
2483,2472,12.368478
2491,2472,8.755662
2497,2472,7.1992574
2511,2472,11.252369
2516,2472,13.730603
2478,2473,10.2985525
2490,2473,7.9001145
2504,2473,11.505089
2510,2474,10.738749
2502,2475,10.6500225
2480,2476,11.220215
2487,2476,7.832306
2500,2476,8.53974
2505,2476,14.141427
2506,2476,9.244831
2518,2476,13.457193
2492,2478,9.17484
2504,2478,6.6909857
2526,2478,12.925428
2533,2478,14.108528
2489,2479,10.958016
2523,2479,12.073725
2500,2480,7.853101
2505,2480,6.12379
2506,2480,13.450904
2515,2480,14.608324
2530,2480,11.492819
2535,2480,14.440892
2482,2481,10.868836
2484,2481,9.015817
2493,2481,14.943497
2503,2481,8.643199
2519,2481,8.912878
2525,2481,13.519849
2527,2481,10.505448
2503,2482,5.9668856
2527,2482,12.716837
2491,2483,5.49242
2501,2483,8.558808
2511,2483,10.73673
2524,2483,8.60731
2487,2484,14.561294
2493,2484,6.0527477
2512,2484,11.730147
2519,2484,10.274549
2525,2484,9.466322
2495,2485,12.818577
2496,2485,8.827428
2507,2485,5.3990974
2520,2485,12.486492
2542,2485,14.631746
2493,2487,8.552498
2500,2487,10.865844
2506,2487,6.7684627
2512,2487,8.219508
2518,2487,6.995715
2536,2487,12.4961605
2537,2487,13.666674
2551,2487,13.627428
2495,2488,7.187724
2520,2488,12.021835
2521,2488,8.130576
2522,2488,7.789616
2543,2488,13.163574
2529,2490,8.852144
2546,2490,13.917047
2497,2491,10.498133
2501,2491,12.366166
2511,2491,5.846622
2524,2491,9.06561
2532,2491,11.215458
2549,2491,12.342681
2504,2492,10.089134
2526,2492,7.6286335
2533,2492,13.959858
2506,2493,14.613861
2512,2493,7.078277
2518,2493,11.305505
2519,2493,13.61925
2525,2493,9.424267
2537,2493,12.255172
2513,2494,9.599607
2507,2495,11.785186
2520,2495,6.593275
2521,2495,7.375488
2522,2495,10.964187
2543,2495,12.176486
2547,2495,12.595357
2507,2496,9.853451
2542,2496,11.295248
2511,2497,8.716984
2516,2497,6.813631
2532,2497,10.185638
2539,2497,14.938029
2540,2498,11.760581
2544,2498,12.674399
2541,2499,14.160358
2554,2499,12.867139
2505,2500,6.7391543
2506,2500,5.7210045
2518,2500,11.745111
2530,2500,12.473348
2535,2500,9.070958
2536,2500,10.171685
2508,2501,9.165664
2524,2501,6.606368
2548,2501,9.834447
2549,2501,14.673787
2570,2501,12.813097
2534,2502,10.911116
2519,2503,11.377464
2527,2503,6.750082
2559,2503,14.222274
2560,2503,13.510299
2526,2504,9.093958
2533,2504,7.5165606
2546,2504,12.569363
2568,2504,14.389316
2506,2505,11.942858
2515,2505,11.721514
2530,2505,6.2343125
2535,2505,9.056516
2536,2505,13.691489
2563,2505,12.72345
2512,2506,11.087204
2518,2506,6.0435696
2535,2506,9.729073
2536,2506,6.897194
2537,2506,14.47063
2551,2506,11.067557
2574,2506,14.368137
2520,2507,8.7653475
2542,2507,10.560311
2547,2507,10.345535
2524,2508,14.6867485
2531,2508,12.17901
2548,2508,13.407824
2570,2508,12.001617
2583,2508,14.976374
2514,2509,8.641498
2567,2510,11.670638
2516,2511,13.036912
2524,2511,9.436187
2532,2511,5.369004
2549,2511,8.139459
2565,2511,13.282751
2576,2511,14.948347
2518,2512,5.675497
2519,2512,14.37857
2525,2512,7.865143
2536,2512,12.497529
2537,2512,5.8894005
2551,2512,9.197547
2552,2512,13.436309
2578,2512,12.840798
2561,2513,13.498415
2562,2513,10.459126
2553,2514,14.9747305
2530,2515,7.1682754
2550,2515,7.5148673
2563,2515,12.50761
2532,2516,11.416928
2539,2516,8.173481
2565,2516,12.534109
2544,2517,14.776485
2525,2518,13.287418
2535,2518,12.890395
2536,2518,7.115977
2537,2518,8.448031
2551,2518,6.6381264
2574,2518,13.151666
2578,2518,13.727396
2525,2519,6.7025146
2527,2519,6.9572034
2537,2519,13.770762
2552,2519,6.9776163
2559,2519,8.8954315
2581,2519,13.37022
2521,2520,6.3307166
2522,2520,11.374719
2543,2520,8.30853
2547,2520,6.019201
2522,2521,5.044027
2543,2521,5.284453
2547,2521,9.764254
2543,2522,7.2646036
2547,2522,14.144254
2531,2523,12.182655
2564,2523,12.759594
2579,2523,11.954913
2532,2524,12.513333
2548,2524,7.186554
2549,2524,8.181374
2570,2524,12.578096
2576,2524,11.99814
2527,2525,13.427301
2537,2525,7.446573
2551,2525,14.137948
2552,2525,6.643471
2559,2525,12.35975
2578,2525,12.675989
2581,2525,11.995075
2533,2526,8.102247
2550,2526,14.932586
2568,2526,10.534029
2552,2527,10.734004
2559,2527,7.506767
2560,2527,12.416426
2558,2528,7.688239
2569,2528,14.807108
2546,2529,8.300869
2554,2529,12.655518
2577,2529,11.225245
2535,2530,10.040965
2550,2530,11.553188
2563,2530,7.9674606
2580,2530,14.13754
2583,2531,13.480072
2592,2531,13.38474
2549,2532,6.9437356
2565,2532,7.934191
2576,2532,13.037073
2546,2533,8.910156
2568,2533,7.1334004
2573,2533,7.9894147
2536,2535,6.3945856
2551,2535,12.923936
2563,2535,9.735755
2574,2535,9.504987
2580,2535,8.409022
2537,2536,12.860579
2551,2536,6.7739053
2574,2536,7.470967
2580,2536,11.316996
2588,2536,11.981861
2551,2537,6.8405704
2552,2537,10.010578
2574,2537,14.97913
2578,2537,7.037628
2581,2537,11.37924
2588,2537,13.48437
2557,2538,6.8852153
2585,2538,11.808242
2565,2539,12.449427
2571,2539,10.616305
2597,2539,14.771173
2544,2540,11.329916
2545,2540,9.069989
2586,2540,13.138122
2554,2541,13.71153
2547,2542,12.37357
2589,2542,10.204487
2547,2543,7.933787
2586,2544,10.194807
2587,2545,9.622574
2568,2546,12.532016
2573,2546,7.3768067
2589,2547,13.22627
2549,2548,9.369907
2570,2548,5.8661084
2576,2548,8.176929
2583,2548,13.411853
2596,2548,13.591127
2565,2549,11.802847
2570,2549,14.858824
2576,2549,6.815608
2563,2550,11.855834
2574,2551,8.3607645
2578,2551,8.400643
2588,2551,8.801774
2559,2552,6.432334
2578,2552,11.249231
2581,2552,6.459292
2572,2553,7.1518073
2595,2553,10.790586
2577,2554,6.9611783
2558,2555,13.148714
2569,2555,9.004754
2575,2555,8.674757
2582,2555,5.457829
2591,2555,10.006352
2598,2555,14.78886
2566,2556,12.076944
2590,2556,8.896449
2561,2557,11.368689
2584,2557,10.908935
2585,2557,7.852699
2569,2558,7.128991
2591,2558,13.607708
2560,2559,14.271613
2581,2559,8.756318
2566,2560,7.9874005
2562,2561,5.671977
2584,2561,6.8914165
2585,2561,13.022729
2604,2561,12.440836
2605,2561,13.079466
2584,2562,11.171611
2604,2562,11.813107
2574,2563,14.667871
2580,2563,8.067638
2609,2563,14.278307
2579,2564,6.946898
2623,2564,14.893843
2576,2565,14.821297
2590,2566,14.522541
2606,2567,11.82011
2573,2568,6.5266232
2582,2569,8.976539
2591,2569,6.5052238
2611,2569,12.453952
2615,2569,12.718492
2616,2569,10.617523
2576,2570,11.48732
2583,2570,7.576036
2592,2570,14.735525
2596,2570,9.962732
2607,2570,14.308654
2597,2571,8.309992
2602,2571,13.640398
2625,2571,12.252528
2595,2572,8.279821
2620,2573,14.364933
2578,2574,13.426387
2580,2574,7.2358923
2588,2574,6.1260905
2582,2575,6.4591813
2591,2575,12.113405
2598,2575,7.6281376
2611,2575,14.114674
2596,2576,12.890334
2607,2576,12.093379
2624,2576,12.076882
2581,2578,8.246306
2588,2578,9.214945
2614,2578,10.417461
2617,2579,12.572285
2588,2580,12.401148
2614,2581,13.090414
2621,2581,11.220046
2622,2581,14.732022
2591,2582,6.145146
2598,2582,10.097394
2611,2582,10.217883
2616,2582,13.84205
2592,2583,7.165239
2596,2583,8.543598
2607,2583,14.383455
2585,2584,8.013309
2604,2584,10.181147
2605,2584,6.760084
2610,2584,10.4004135
2605,2585,10.634554
2610,2585,7.4070883
2608,2586,12.616134
2619,2586,7.9280963
2601,2587,12.827463
2608,2587,12.885997
2614,2588,10.508407
2600,2589,6.2665496
2626,2589,9.692365
2627,2589,14.284639
2598,2591,12.602216
2611,2591,6.187192
2615,2591,12.804098
2616,2591,7.719224
2596,2592,12.663767
2617,2592,13.365041
2613,2595,8.2752695
2607,2596,5.8518963
2624,2596,12.787716
2602,2597,14.86767
2625,2597,8.25319
2611,2598,10.866281
2618,2599,12.648578
2626,2600,3.490104
2627,2600,8.906155
2603,2601,5.4877715
2606,2602,11.366453
2625,2602,8.7931185
2605,2604,8.417166
2610,2605,7.5564985
2624,2607,7.201164
2619,2608,8.618501
2615,2611,13.548962
2616,2611,7.2367964
2623,2612,8.0565605
2618,2613,10.025501
2621,2614,10.98022
2616,2615,6.3121853
2622,2621,7.657522
2627,2626,7.3997927
