Object,Neighbor,Distance
1,2,14.478322
1,47,14.526317
1,56,13.97696
2,32,6.755226
2,51,11.245359
2,60,13.617483
3,13,5.0676885
3,22,12.052582
4,25,8.843074
4,43,8.007376
5,25,9.218906
5,33,12.043337
5,49,9.205516
6,17,9.6642885
6,18,8.312892
6,40,7.355756
6,48,11.631941
7,23,13.861139
8,31,7.3404164
8,47,9.567711
8,64,14.26704
9,11,8.759096
9,35,5.555254
9,39,11.957781
9,53,13.203481
10,14,14.644672
11,35,11.607172
11,52,11.996785
11,53,11.296947
12,18,13.224862
12,34,7.655693
12,41,13.460346
12,46,6.5054874
12,50,9.847049
13,22,6.9858613
13,37,12.918841
14,22,12.206641
14,37,9.060618
14,42,5.9624505
14,65,12.934247
16,28,8.95946
16,45,6.3635406
17,40,9.167052
18,34,6.962808
18,40,10.994185
18,46,14.07591
18,48,7.055078
18,72,14.217965
19,41,5.980364
19,50,12.715818
19,58,12.178221
20,38,8.792552
20,61,11.978281
21,36,8.1693325
22,37,6.349023
22,42,12.617589
22,63,11.256088
23,31,14.042075
23,44,8.696486
23,81,14.879648
24,30,10.622251
24,38,14.575116
24,54,11.277276
24,57,10.247223
25,43,13.105638
25,49,11.213038
26,29,9.754671
26,55,9.010348
26,70,11.266974
27,28,9.3309765
27,66,14.340027
27,79,12.907423
28,45,10.475061
28,66,10.794907
29,55,10.295788
29,62,11.129528
29,88,14.573648
30,39,9.038885
30,57,12.491251
31,44,7.909708
31,47,11.399039
31,64,9.807498
31,73,12.55174
31,74,14.152293
32,51,6.9065166
32,60,12.1581335
33,49,11.097885
33,62,12.951989
33,67,9.716972
34,46,7.11448
34,48,7.7160573
34,50,13.070947
34,72,11.838614
35,39,8.4345455
35,53,10.386914
35,78,11.071843
36,68,8.737185
37,42,6.8975363
37,63,7.2191296
37,65,9.9675
38,54,8.746161
38,61,7.1195207
38,86,12.604261
39,78,12.781117
40,48,9.167465
40,71,9.185089
40,72,14.132371
41,46,12.645357
41,50,7.3959618
41,58,10.593112
41,77,9.737656
42,63,11.090131
42,65,6.972459
43,76,10.6163645
43,85,11.627508
44,64,10.779745
44,73,8.090998
44,81,14.532333
45,66,11.521414
46,48,12.925204
46,50,5.9865603
46,72,13.124947
47,56,9.97091
47,64,9.936681
47,74,7.597638
47,82,9.392928
47,92,14.270992
47,94,13.779202
48,71,9.763265
48,72,7.4027243
49,67,11.285605
50,77,10.162999
51,60,6.4509764
51,69,13.899432
51,91,10.280917
51,93,12.969437
52,53,7.4464564
52,90,13.280277
52,97,11.990478
53,78,10.003861
53,97,13.838947
54,57,9.022166
54,61,10.262086
54,86,6.8703494
54,87,11.72034
55,62,14.645502
55,70,5.7527523
55,88,8.319148
56,60,13.098673
56,69,6.547261
56,74,11.836351
56,82,7.4582796
56,92,9.034656
56,93,14.75123
56,94,14.930056
56,96,10.166838
57,86,12.34203
57,87,5.999504
58,59,10.428206
58,77,9.409887
60,69,7.452819
60,91,10.937264
60,93,8.542359
60,96,13.441239
61,86,9.516517
62,67,10.219557
62,88,11.739969
62,107,14.459786
62,110,14.152344
63,65,8.815682
63,95,11.615834
64,73,7.255475
64,74,6.383456
64,82,12.214652
64,94,10.177065
64,109,13.02351
65,95,8.810313
65,104,14.922722
66,79,10.455815
66,102,11.679506
67,107,11.645473
68,108,13.518955
69,82,12.062802
69,92,10.673232
69,93,8.499097
69,96,7.462895
69,114,13.610259
70,88,10.919297
71,72,8.662064
71,100,10.654606
72,100,8.503556
72,111,12.491047
73,74,13.048694
73,81,13.492129
73,94,14.334995
73,109,13.097359
74,82,5.833287
74,92,10.347423
74,94,6.325552
74,109,12.571403
76,85,9.018549
77,101,9.085173
77,112,10.99835
78,115,12.483079
80,98,14.713544
82,92,5.0401425
82,94,7.471953
82,96,10.544715
82,109,14.968359
82,114,12.221224
83,105,11.177472
83,116,14.293033
84,98,7.0620966
84,118,13.228508
85,103,8.905415
86,87,11.475123
86,117,13.735338
88,110,11.130166
89,105,13.555589
90,97,9.686483
90,104,10.813211
90,106,4.987033
90,119,11.349001
90,120,13.231834
91,93,8.848691
92,93,14.711061
92,94,8.938838
92,96,6.298898
92,114,7.229864
93,96,8.533642
93,114,13.039202
94,109,7.4964185
94,114,13.509294
94,132,12.148059
95,104,11.552522
95,131,13.84643
95,138,14.086037
96,114,6.1787515
97,106,9.164006
97,119,8.563271
97,128,13.614606
97,135,12.546197
98,118,8.523068
98,137,13.474753
99,108,8.885182
99,134,12.738439
100,111,7.382149
100,125,13.488851
101,111,13.655604
101,112,6.1971354
101,125,12.692286
101,126,8.682635
103,124,13.326771
103,129,8.953817
104,106,10.194528
104,120,8.448223
104,131,9.935461
104,139,13.835789
104,145,12.823656
105,123,6.90649
105,144,13.521981
106,119,6.964374
106,120,9.248387
106,135,13.738823
106,139,10.823361
106,145,14.075034
107,110,10.028586
108,134,10.463078
109,132,7.484447
109,141,11.909495
110,148,10.788692
111,125,6.772567
111,126,12.919489
112,126,9.338468
113,151,12.006361
114,142,12.535991
114,155,13.108759
115,121,10.463837
115,128,13.846284
116,118,12.513365
116,136,10.380118
116,157,14.983166
118,136,7.5419087
118,137,9.570625
119,120,10.831642
119,128,12.773642
119,135,6.774712
119,139,8.472611
119,145,13.689451
120,131,8.7326765
120,139,5.5831695
120,145,5.2297893
120,159,11.426447
122,141,14.027854
122,152,9.302181
123,144,7.0629253
123,149,8.457733
123,157,11.902646
123,172,14.520745
124,129,8.515148
124,150,6.7392635
124,154,14.750675
124,176,14.891222
125,126,7.7601123
127,133,11.358088
127,175,14.996344
128,135,7.966635
129,150,12.001662
129,154,8.449626
129,176,13.022698
130,160,10.153931
130,181,13.24608
131,138,9.456163
131,139,12.988893
131,145,8.278383
131,159,8.158823
132,141,7.0348825
132,142,8.647724
132,152,13.555079
132,177,13.466739
134,156,7.0153065
134,158,14.97838
135,139,10.923312
136,137,12.276907
136,164,9.264885
137,143,10.207637
137,169,9.609716
138,159,12.995725
138,170,10.587085
139,145,5.5384765
139,159,12.144337
140,147,14.351236
140,165,9.5734215
140,180,11.059645
141,142,13.108515
141,152,7.06582
141,167,8.651384
141,177,10.1990185
141,187,14.822664
142,155,10.174528
142,168,8.330668
142,177,12.561831
143,158,7.8054023
143,169,10.627408
144,149,7.0213585
144,153,14.743437
144,157,6.6243215
144,172,8.844324
144,179,13.096979
144,186,12.244985
145,159,6.866919
146,171,7.306614
146,173,9.681777
148,174,10.573661
149,153,7.788003
149,157,13.5350685
149,172,7.816059
150,151,12.30991
150,154,14.391699
150,176,10.927687
152,163,14.678967
152,167,7.2360907
152,177,14.3217325
152,187,12.218824
153,162,11.85622
153,172,11.615345
153,200,14.376116
154,176,7.942611
155,161,9.773573
155,168,8.523009
155,185,10.056967
155,189,13.499036
156,158,8.698781
157,172,12.561257
157,179,7.617215
157,186,10.48323
158,169,13.620913
159,190,10.668872
160,166,11.738896
160,181,7.568252
160,203,11.609117
161,162,14.36222
161,178,7.912879
161,185,10.80886
161,189,8.651204
161,192,14.91049
161,195,11.131746
162,178,7.0088573
162,192,9.132715
162,195,13.478294
162,199,9.594895
162,200,14.011285
164,179,11.997712
164,196,10.54086
165,180,6.0202746
165,182,10.043023
166,188,8.310998
166,203,14.760536
166,213,13.681895
167,177,9.112882
167,187,6.1762633
167,204,13.589786
167,208,10.859471
167,214,14.380042
168,177,10.864058
168,185,10.0725765
168,194,9.05654
168,207,10.850758
170,175,10.69439
170,190,13.241812
170,198,8.442386
170,202,9.912197
171,173,7.5148544
171,212,14.155838
172,179,14.860754
172,186,9.258616
172,200,12.9560585
173,182,9.42916
174,221,12.389348
174,222,13.99586
175,201,13.090377
175,202,10.160245
176,217,14.480884
177,187,12.411079
177,194,8.392956
177,204,9.073429
177,208,11.507147
178,189,10.865795
178,192,8.086844
178,195,8.221089
178,199,13.016833
179,186,7.4434557
179,196,8.689981
180,182,14.96659
181,191,8.088609
181,203,9.716106
183,201,8.121286
183,219,10.339121
184,193,9.662483
184,206,9.875761
184,233,12.875965
185,189,6.320927
185,194,13.720658
185,195,12.603974
185,207,8.419974
185,211,10.469523
185,215,8.986547
186,196,13.167818
186,235,14.354494
187,204,12.3701935
187,208,7.0192556
187,214,8.2682705
188,213,8.758784
189,192,13.02076
189,195,6.300349
189,207,13.379036
189,211,7.1081758
189,215,10.369282
190,198,9.07652
190,205,12.432082
190,220,10.932879
190,225,11.757304
190,240,12.549343
191,203,12.198326
191,218,14.413967
191,227,8.945412
192,195,6.9238634
192,199,6.9912553
192,200,13.2083435
192,211,13.969346
192,223,14.620065
192,229,9.359194
193,218,9.360582
193,233,14.254395
194,204,6.8310657
194,207,7.675401
194,208,13.045092
194,215,14.52768
194,228,8.900106
195,199,13.901416
195,211,7.8808455
195,215,14.198414
195,229,10.335721
195,249,14.358494
196,216,12.885274
196,234,9.897233
196,236,8.929585
197,221,12.849543
197,226,9.595244
198,202,7.359416
198,220,7.202472
198,240,14.827591
199,200,6.24598
199,223,9.689925
199,229,12.410959
200,223,7.512947
200,235,14.707622
201,219,8.614958
201,250,12.071936
202,220,11.234283
203,213,13.695947
203,232,7.424056
204,207,13.170829
204,208,6.5177217
204,214,13.823698
204,228,8.667025
204,247,10.572894
205,225,5.9708953
205,230,7.8141623
205,240,13.667737
206,233,10.404379
206,238,8.132178
207,211,13.233516
207,215,6.8874907
207,228,8.968629
208,214,7.542925
208,228,14.08092
208,247,11.694027
209,210,9.025956
209,231,6.691435
210,231,6.8359118
210,251,10.669709
211,215,7.0737534
211,229,11.768013
211,249,10.661661
211,261,11.41207
212,252,14.670216
213,232,13.078836
213,267,10.545862
213,274,14.056385
214,247,14.471997
214,255,9.526216
215,228,12.879506
215,261,10.682641
215,291,14.472925
216,234,6.873876
216,236,13.838188
216,245,8.184535
216,276,11.934637
217,285,10.214897
218,227,9.555603
218,257,9.5212345
218,259,12.072746
219,239,8.798688
219,250,9.907328
219,278,12.027445
220,225,14.899509
220,240,8.93667
220,287,14.684359
220,289,13.278177
221,222,5.76271
221,226,8.400161
221,244,8.735811
222,226,13.345997
222,244,7.5207
223,229,13.362028
223,235,12.692945
223,258,8.763284
223,269,10.668288
224,243,7.8322554
224,256,12.577773
224,277,11.218242
225,230,8.322307
225,240,7.9351363
225,287,13.901384
226,244,11.234071
226,279,10.302911
226,290,12.900627
227,257,9.855314
227,280,11.347933
228,247,8.733424
228,304,14.60847
229,249,7.883975
229,269,12.469292
231,251,8.428095
231,292,13.552661
232,270,8.869271
232,274,10.378207
233,238,11.270424
233,259,9.577407
233,298,12.409176
234,236,7.1913147
234,245,11.228353
234,273,10.62867
234,276,8.993529
234,305,14.579084
235,248,9.093094
235,258,10.10874
235,262,6.6852984
235,309,14.448945
236,248,10.642739
236,272,9.758906
236,273,9.009637
236,276,12.800164
237,242,9.8626
237,284,9.3450775
237,294,14.826859
238,254,8.030289
238,303,13.297891
239,250,14.634177
239,278,11.365929
239,297,14.073973
240,287,8.234015
240,289,13.253678
241,253,10.153585
241,268,11.752487
241,308,14.844977
242,263,6.142565
242,283,13.666185
242,284,11.534199
242,302,11.917867
243,245,13.66007
243,265,8.558998
243,277,11.280538
243,311,14.689087
243,322,14.494425
244,279,14.306385
244,290,7.7996364
245,265,7.5249095
245,276,8.811197
246,254,8.69099
246,264,10.248286
246,299,8.477452
246,306,14.1361685
246,320,13.3710985
247,255,14.251196
247,304,11.149904
248,262,8.116026
248,272,6.5661774
248,273,12.874353
249,261,9.426994
249,269,14.692071
249,291,14.667191
250,278,7.558824
250,288,8.957975
251,252,11.357877
251,282,7.502447
251,292,7.737846
251,316,12.344797
252,282,7.624056
253,271,11.366943
253,296,8.575172
254,299,8.90331
254,303,9.026572
255,271,9.139141
255,318,11.069946
256,277,6.3740563
256,297,8.82079
256,301,6.457993
256,311,11.36906
256,331,12.265012
257,259,11.036478
257,280,10.294823
258,262,9.218201
258,269,8.9454365
258,309,8.894397
259,298,10.035494
259,335,13.864727
260,264,14.388627
260,275,14.982396
260,281,9.132049
260,300,6.1699653
260,307,9.644625
260,310,10.761196
260,336,12.4385605
261,291,5.9511123
261,327,12.625835
261,329,12.366489
262,272,12.507742
262,309,8.874857
263,283,8.049356
263,284,12.805799
263,302,6.8499084
263,323,14.050244
263,338,12.990476
264,299,13.590848
264,306,6.5920343
264,307,9.704779
264,320,10.869073
264,342,12.788207
265,276,13.940498
265,315,9.408182
265,322,12.500294
266,279,10.365603
266,314,10.650959
266,325,13.995123
266,328,11.000646
267,274,7.944138
268,275,11.091747
268,308,7.5764136
269,309,13.953884
269,321,12.555539
270,274,7.7972975
270,280,9.092675
271,296,6.368575
271,318,9.560695
272,273,7.0898385
272,305,11.987669
272,330,10.912576
273,276,7.980697
273,305,6.2656684
273,330,9.497495
275,281,5.975248
275,300,14.353422
275,310,9.708096
275,326,9.677037
276,305,7.41121
276,330,14.169542
277,297,12.953968
277,301,7.1912045
277,311,6.4940677
277,322,12.803939
277,331,12.454771
277,359,14.799212
278,288,11.624576
279,290,9.417963
279,314,8.439175
279,319,9.574274
279,328,14.235795
281,300,8.721578
281,310,6.07169
281,326,10.645951
281,336,13.89384
282,292,7.957749
282,316,8.032039
282,347,14.124961
282,349,13.048253
283,293,8.569139
283,302,9.481421
283,323,8.978272
283,337,13.959129
283,338,14.180478
284,294,11.166499
284,302,12.15273
284,338,14.125208
284,351,12.647527
285,312,8.859929
285,313,11.039194
285,324,13.093346
286,288,8.392159
286,289,10.038624
287,289,9.732376
290,314,14.950256
290,319,9.006196
290,340,11.257217
290,357,13.437879
291,304,14.3194475
291,327,7.130065
291,329,9.431705
291,352,13.95249
292,316,6.1473866
292,334,11.327765
292,346,9.227505
292,349,13.470295
293,323,10.149687
293,337,8.026262
294,317,12.744027
294,339,10.195497
294,361,13.7086735
295,317,7.255493
296,318,11.298124
297,301,6.565
297,311,14.122891
297,331,7.8020854
297,368,13.135467
298,303,12.3207855
298,332,7.8206873
298,335,6.8740563
299,303,9.990377
299,306,13.347253
299,320,8.741322
299,341,8.023655
299,345,9.776471
300,306,14.928434
300,307,8.123424
300,310,6.4162083
300,326,13.825642
300,336,6.544154
300,342,14.597963
300,358,14.333962
300,366,12.937372
301,311,7.6411977
301,331,5.956586
301,359,11.883177
301,368,13.780466
302,323,10.063038
302,338,6.1541405
302,351,13.246892
302,373,13.428628
303,332,9.913205
303,341,13.355054
303,345,8.634076
303,374,14.475609
303,394,14.4851055
304,327,13.423731
304,333,10.290211
304,352,10.654048
304,379,14.748657
305,330,6.917895
305,354,13.702627
305,363,12.793378
305,380,14.308469
306,307,6.8066697
306,320,6.5230093
306,336,14.463314
306,341,13.154474
306,342,6.2832747
306,358,12.308087
306,365,12.477347
307,310,14.295343
307,320,13.020162
307,336,8.757118
307,342,7.875246
307,358,10.881333
308,343,7.771862
308,360,10.914712
309,321,13.064824
309,371,14.043839
310,326,7.480242
310,336,8.872896
310,366,11.782727
310,367,13.704808
310,375,12.626596
311,322,8.334773
311,331,9.740433
311,359,8.697731
311,385,14.705047
312,313,7.0739503
312,324,5.5064034
312,325,11.824675
312,362,12.269633
312,383,14.316947
313,324,11.945076
313,362,12.621605
313,383,10.709177
314,319,8.649371
314,325,14.072888
314,328,6.730859
314,356,10.507809
314,364,9.850907
315,322,7.0943007
315,363,14.482853
315,385,13.844407
316,334,12.871554
316,346,7.4710975
316,347,12.59819
316,349,7.3274803
316,382,12.995127
316,390,12.582644
316,391,13.522371
317,339,8.249929
318,333,14.890633
318,350,9.167302
319,328,14.948277
319,340,11.782477
319,357,8.9070015
319,364,9.531055
319,387,12.960561
320,341,6.6342807
320,342,8.3530035
320,345,13.076133
320,358,14.281647
320,365,9.547403
320,378,12.251505
321,344,13.715843
321,369,10.560886
321,371,9.22639
321,401,11.701123
322,359,11.781372
322,385,10.675979
323,337,8.994097
323,338,10.27974
323,373,11.258029
323,377,13.892383
324,325,6.3184204
324,328,13.641824
324,362,11.305885
325,328,7.449545
325,356,11.135377
325,362,13.22983
325,384,10.976854
326,336,14.249084
326,360,12.305666
326,366,13.185651
326,367,7.744007
326,375,9.256623
326,400,14.073197
326,404,14.80324
327,329,6.6617975
327,352,7.983365
327,376,12.740612
327,398,12.862644
328,356,7.3441424
328,364,12.022061
328,384,11.667824
328,399,14.228543
329,344,10.082388
329,352,13.728283
329,376,8.93298
329,398,14.259965
330,354,6.9519143
330,363,13.926227
330,380,10.044449
330,389,13.994212
331,359,8.6197195
331,368,7.8897014
331,397,14.916819
331,413,14.489417
332,335,6.0906925
332,345,13.1880045
332,374,7.943376
332,394,12.94377
333,350,8.538501
333,352,14.904981
333,379,10.899581
334,346,6.67386
334,348,13.93363
334,353,8.666594
334,381,9.931855
334,382,10.285896
335,374,11.362216
336,342,11.388863
336,358,8.7314415
336,366,7.236604
336,375,13.331695
336,392,11.997488
336,403,12.8591385
337,347,14.137749
337,377,8.074555
338,351,9.0074215
338,373,7.885988
338,409,13.746691
339,361,10.147547
339,410,11.009446
340,357,6.530978
341,342,13.579319
341,345,6.7641773
341,365,10.376435
341,378,8.319166
341,388,9.076925
341,394,13.053139
341,402,13.67477
342,358,6.3055005
342,365,7.9356217
342,378,14.801915
342,392,11.844496
342,395,10.533311
342,402,14.538747
343,360,9.709735
343,411,14.615477
344,369,7.810374
344,376,11.1774645
344,401,14.185279
344,406,11.953728
345,374,12.44492
345,378,11.22867
345,388,7.790551
345,394,8.187211
345,420,14.81438
346,349,10.671498
346,353,14.364915
346,381,11.790795
346,382,6.857082
346,390,9.985587
346,391,13.721138
346,415,12.9695835
347,349,7.5841656
347,377,13.902315
347,390,14.934245
347,391,11.010389
347,393,8.642831
347,407,12.931622
348,353,5.939158
348,355,8.8734665
348,381,13.208601
349,382,12.359197
349,390,8.384501
349,391,6.8387146
349,393,9.057167
350,405,10.1211815
351,361,10.384523
351,373,12.337775
351,408,9.948636
351,409,11.845375
352,379,10.079042
352,398,10.028738
352,428,14.589724
353,355,14.629303
353,381,7.993093
353,382,14.273876
354,380,7.520675
354,389,7.045554
354,412,10.3559065
354,421,14.06904
355,372,6.707219
356,364,8.134038
356,384,6.6655455
356,399,6.951246
356,416,12.670342
356,423,12.161663
357,364,12.065988
357,387,8.877551
357,432,13.162707
358,365,9.422044
358,366,10.457165
358,392,5.8556185
358,395,7.5507946
358,402,14.108473
358,403,11.35454
358,424,12.25942
358,435,14.195232
359,368,11.003201
359,385,10.085607
359,397,7.635045
359,413,11.500404
359,430,14.696672
360,367,9.213496
360,375,13.970089
360,400,10.146011
360,411,8.684252
361,408,10.840101
361,410,13.4702425
361,431,13.455336
361,439,12.480073
362,383,7.180007
362,384,12.454035
362,426,9.2317505
363,380,10.31808
363,414,11.467511
363,417,10.381291
364,384,14.14087
364,387,8.0987015
364,399,8.396305
364,416,8.891173
365,378,7.4887133
365,388,13.126097
365,392,11.705289
365,395,6.3349133
365,402,6.7917295
365,424,11.700672
365,441,14.362251
366,367,12.255593
366,375,7.694956
366,392,9.678449
366,403,6.6623487
366,404,9.70221
366,433,11.801945
366,435,13.741944
367,375,4.7683206
367,400,6.3668046
367,404,8.523965
367,411,12.673427
367,445,14.752098
368,397,13.134185
368,413,8.723357
368,418,9.073704
369,376,13.409243
369,401,6.375535
369,406,8.363017
369,456,14.989223
370,396,11.716182
370,436,12.194023
371,401,11.703892
371,429,12.7867565
372,450,14.374331
373,408,14.204276
373,409,8.601828
374,388,13.325432
374,394,7.3008623
374,427,10.682957
375,400,8.350008
375,403,10.87355
375,404,5.647164
375,433,12.787417
375,445,13.695612
376,398,10.048866
376,406,8.66262
377,393,14.409527
377,407,9.153383
378,388,5.849243
378,394,11.913454
378,395,11.876564
378,402,6.1904483
378,420,8.693826
378,441,11.41121
379,398,13.961825
379,428,8.668119
380,389,10.715237
380,412,6.861553
380,417,10.260831
380,449,13.145872
380,460,14.85862
381,382,8.070623
381,390,14.160838
381,415,8.737726
381,442,14.909351
381,444,10.426285
382,390,6.3553543
382,391,11.584487
382,415,6.113365
382,434,14.428403
382,442,12.061592
382,444,13.23176
383,426,12.600399
383,440,12.277272
384,399,8.608743
384,423,7.9490337
384,426,11.800338
385,397,8.55196
385,414,13.480518
385,430,9.627591
385,446,13.122678
386,422,6.790623
386,447,12.714975
387,399,11.893663
387,416,6.663018
387,432,10.731433
387,453,10.72771
388,394,6.064874
388,402,11.383835
388,420,7.1271973
388,427,12.511667
388,441,14.017527
389,412,8.334682
389,421,7.0498176
389,429,13.316435
389,460,12.978175
389,464,14.060084
390,391,5.2952113
390,393,10.827847
390,415,8.281132
390,434,9.421209
390,442,10.937489
391,393,5.5326357
391,407,13.04857
391,415,12.983092
391,434,8.268869
391,438,11.671527
391,442,13.563509
392,395,6.3916016
392,402,13.566599
392,403,6.9870777
392,424,8.054266
392,433,11.760267
392,435,8.339666
392,451,11.701271
393,407,7.7828584
393,434,10.346424
393,438,9.7907505
394,420,9.774473
394,427,9.1572695
395,402,7.265531
395,403,13.175074
395,424,5.941094
395,435,11.695801
395,441,13.141284
395,451,11.180071
396,436,11.536901
396,466,13.818967
397,413,7.763839
397,430,7.5864673
397,437,8.187266
397,471,14.572164
398,428,11.615786
399,416,6.8223643
399,423,8.30737
399,448,12.794647
400,404,7.404424
400,411,8.372305
400,433,14.94458
400,443,14.858783
400,445,9.6183405
400,455,10.3303385
401,406,10.141333
401,456,10.758098
402,420,10.445333
402,424,9.001508
402,441,7.572508
402,451,13.167501
402,487,14.918101
403,404,8.89371
403,424,12.565352
403,433,5.9382
403,435,7.2512007
403,445,14.453596
403,451,13.693778
403,463,12.369317
403,474,14.628518
404,433,8.17456
404,435,14.168188
404,445,8.428036
404,455,14.3077755
404,463,12.937689
405,425,10.559948
405,459,13.346222
405,467,12.198426
406,456,11.168192
406,469,13.789768
407,434,14.365235
407,438,9.150773
407,462,10.752562
408,409,7.106138
408,439,10.476334
410,419,8.991456
410,431,6.541737
410,439,13.897966
411,443,7.6785364
411,445,14.606717
411,455,9.446329
412,417,11.025254
412,421,10.802232
412,449,9.175781
412,460,8.099179
412,464,12.518833
412,484,14.895615
413,418,7.280914
413,430,12.841233
413,437,6.678605
413,461,10.980907
414,417,10.302774
414,446,10.020511
414,457,8.795079
415,434,11.892902
415,442,6.5770764
415,444,7.9453974
416,423,13.177509
416,432,14.632511
416,448,13.306333
416,453,8.820726
416,477,12.197077
417,449,7.7616677
417,457,11.902057
417,460,14.905762
417,485,12.493511
418,437,11.940908
418,461,9.356283
419,431,12.38112
419,482,12.376097
420,427,9.807409
420,441,8.749651
420,470,9.703512
420,476,11.702807
421,429,7.564723
421,458,8.301991
421,460,10.219161
421,464,8.402249
422,447,9.457616
422,450,11.2617445
423,426,10.5358
423,448,8.614649
424,433,14.329122
424,435,7.8881397
424,441,11.089573
424,451,5.2579474
424,474,10.438632
424,487,12.780644
425,467,11.669215
426,440,11.215245
427,470,10.516125
427,475,10.135457
428,468,8.318866
429,458,6.530796
429,464,12.05465
429,481,13.542032
429,483,11.304977
429,501,14.201507
430,437,8.389769
430,446,8.916628
430,471,7.3497443
431,439,8.176798
432,453,10.283168
432,465,12.630838
432,490,12.988234
433,435,6.606259
433,445,9.8357315
433,451,13.145395
433,463,6.5904703
433,474,11.762892
433,494,12.626187
434,438,7.3018184
434,442,8.283841
434,486,12.698786
434,489,10.845956
435,451,6.825164
435,463,9.435432
435,474,7.5440493
435,494,12.5769825
436,466,8.2699795
436,473,7.306108
437,461,9.595281
437,471,11.461235
438,462,10.831023
438,489,10.8902445
438,508,13.009783
441,451,12.306153
441,470,11.535028
441,476,7.782009
441,487,8.666908
442,444,9.015992
442,486,8.747256
442,489,12.739465
442,507,14.916683
443,455,9.314099
443,479,9.024042
443,488,10.499846
443,516,14.635882
444,486,13.514487
444,507,13.317939
445,455,8.263884
445,463,9.477757
445,488,13.978099
445,493,9.24868
446,457,8.220305
446,471,7.9088154
448,453,14.490858
448,477,8.752425
448,505,8.857106
448,529,13.51017
449,457,14.665644
449,460,8.335845
449,464,14.102379
449,484,7.824042
449,485,7.749214
449,502,13.71075
449,524,14.475319
450,480,7.8973346
450,512,14.383753
451,463,13.560554
451,474,5.425456
451,487,10.1022625
451,494,13.3480835
451,515,12.674684
452,462,10.426475
452,498,12.819022
452,503,10.773953
453,477,7.724605
453,505,14.185163
453,514,14.272352
454,492,11.898386
454,521,13.138955
455,488,7.5310926
455,493,11.614543
455,525,14.554629
456,469,14.084233
456,504,11.91101
457,471,14.903131
457,485,11.797513
458,460,12.552706
458,464,7.0036216
458,481,12.57446
458,483,8.011951
458,496,9.124136
458,501,8.552466
458,502,14.24687
458,523,14.138403
459,467,6.953707
459,491,7.7005005
459,506,13.5102215
459,510,9.649548
460,464,5.8747063
460,484,8.968798
460,485,13.724761
460,496,12.698102
460,502,9.47271
461,497,8.624216
462,498,9.139508
462,508,14.366024
463,474,9.623544
463,493,10.307221
463,494,6.6037426
463,533,13.683616
464,483,13.753481
464,484,12.428487
464,496,8.019918
464,501,11.414173
464,502,8.800674
465,472,14.617982
465,478,6.051462
465,490,7.2570753
465,509,8.556908
465,514,14.027065
465,520,13.495513
466,473,9.564861
467,491,14.0570755
467,506,8.858586
467,510,8.391624
467,526,14.995247
468,491,11.263146
468,500,7.4735074
468,527,13.053408
469,499,7.1947308
470,475,11.692624
470,476,6.7993236
470,487,14.707098
472,478,9.180641
472,511,9.1440115
472,520,10.960271
474,487,11.9654665
474,494,7.9808226
474,515,9.803111
475,492,11.448631
475,522,10.214724
476,487,7.950822
477,505,6.5393014
477,529,11.816691
477,530,11.050742
478,490,11.295707
478,509,7.3845716
478,520,8.442432
479,488,10.833389
479,495,11.057772
479,516,8.40873
479,531,13.710086
479,537,10.854411
480,512,14.265926
481,483,5.502614
481,501,10.58309
481,504,10.229767
481,517,7.1679907
481,523,9.488566
481,534,12.326482
481,548,14.689618
482,519,8.648687
482,539,12.183603
483,496,10.434045
483,501,5.511593
483,517,9.667953
483,523,7.500929
483,535,11.911707
483,548,13.796436
484,485,6.5515866
484,496,14.731276
484,502,7.3511095
484,524,8.506664
485,502,13.803108
485,524,7.7459173
486,489,8.076723
486,507,9.53287
486,508,14.077431
486,543,11.436736
487,515,9.7698145
488,493,11.756797
488,516,8.578289
488,525,9.815296
488,531,8.419853
489,508,6.6629677
489,543,12.734703
490,509,7.7670093
490,514,6.772719
490,540,10.275795
491,500,11.937306
491,510,12.250303
491,527,8.420769
491,546,11.5011835
492,521,13.978833
492,522,9.842681
492,532,11.142302
493,494,11.76643
493,525,8.151826
493,531,14.50481
493,533,11.897237
494,515,11.702868
494,533,8.424037
494,553,14.454201
495,506,14.926907
495,526,9.44022
495,537,8.844554
495,562,14.588693
496,501,5.4903064
496,502,7.6541204
496,523,11.028295
496,535,8.087346
496,557,12.856786
496,565,14.615354
497,542,9.528999
497,560,13.066392
498,503,11.258579
498,508,14.054708
498,541,11.565617
498,549,14.816601
498,556,11.387667
499,538,13.718144
499,551,11.140775
500,527,8.332396
500,544,10.084404
501,502,13.141913
501,517,11.983891
501,523,6.3008842
501,535,7.190204
501,548,11.99556
501,557,14.49373
501,565,13.87277
502,524,12.68279
502,535,13.446417
502,557,13.990898
503,528,7.2032647
503,541,10.204734
503,567,14.860139
504,517,8.00679
504,523,14.84771
504,534,6.29667
504,538,9.390119
504,554,12.818952
504,564,12.975414
505,529,5.566689
505,530,8.740609
505,550,13.887901
506,510,5.8568325
506,526,7.075801
506,562,14.751513
507,543,12.552431
507,558,10.905381
508,543,13.673292
508,549,9.55759
509,514,12.131314
509,520,7.7488317
509,540,7.721063
510,526,12.601403
510,546,13.186734
510,568,14.140878
511,520,10.370892
511,545,11.392447
511,547,7.326526
513,519,10.860968
513,536,9.239506
514,530,11.834122
514,540,9.587763
514,550,12.762742
514,559,11.0403805
514,573,14.152218
515,533,14.5700035
515,553,9.169388
516,525,12.732471
516,531,5.846285
516,537,9.516692
517,523,6.904927
517,534,6.1507263
517,535,13.599454
517,538,14.742186
517,548,9.087098
517,554,8.122335
517,564,12.103469
517,577,14.29319
517,582,14.504964
518,528,9.326939
518,536,9.769078
518,567,14.187255
518,572,9.880542
519,539,7.961393
520,540,12.879979
520,547,12.320699
521,532,11.22335
521,561,10.255045
522,532,10.198837
523,534,12.266371
523,535,6.8363934
523,548,6.340511
523,554,10.2287
523,557,14.395421
523,565,11.141069
523,577,12.729939
524,563,9.65218
525,531,7.400303
525,533,14.248378
526,537,14.259664
526,562,9.256365
527,544,12.689695
527,546,7.2614255
527,568,12.7275305
528,541,10.470602
528,567,9.297155
528,572,12.391366
529,530,7.9819164
529,550,11.388114
529,584,14.23858
530,550,5.553186
530,559,14.692283
530,573,11.8866205
530,584,11.265193
531,537,14.406469
533,553,11.395451
533,596,14.2023325
534,538,8.977591
534,548,11.470825
534,554,6.7657237
534,564,7.158461
534,577,14.230937
534,582,11.638467
535,548,8.211334
535,554,14.209957
535,557,7.8409386
535,565,6.849618
535,577,12.829378
535,580,10.640154
535,594,13.44137
536,572,13.088233
537,562,13.366922
538,551,14.573438
538,554,14.221344
538,564,10.0072
540,559,7.405651
540,573,13.745535
541,556,8.332383
541,567,9.9922285
541,583,8.483095
542,555,8.784431
542,560,8.613482
542,593,11.469384
543,549,14.777086
543,558,10.432972
543,587,13.8400955
544,551,10.0809145
544,586,14.08897
544,589,10.702067
545,547,8.471244
545,552,12.855267
545,579,10.163542
545,581,7.881528
545,601,13.788801
546,568,5.560646
547,581,10.899198
548,554,6.1276894
548,557,13.042169
548,564,12.270978
548,565,7.6436634
548,577,6.394999
548,580,12.572564
548,582,10.312805
548,594,10.970028
548,597,11.962935
549,556,10.802078
549,587,10.34119
549,603,12.443588
549,604,14.823879
550,559,10.9337015
550,573,6.605303
550,584,6.308305
551,586,8.031734
551,589,10.957713
551,607,13.780394
552,575,8.853185
552,579,8.0087185
552,581,14.780913
552,595,11.98045
552,599,11.400677
552,601,14.85985
552,602,14.504791
553,571,13.371105
553,596,14.774189
554,564,6.215118
554,565,13.124466
554,577,7.4654493
554,582,6.420862
554,594,14.10714
554,597,10.517892
554,613,14.517101
555,570,7.0094194
555,585,13.190009
555,593,10.197811
556,583,7.108492
556,603,13.446022
556,604,10.278368
557,565,6.09689
557,577,14.290802
557,580,4.9821095
557,592,8.885018
557,594,10.877037
558,566,10.685144
559,573,6.4834557
559,584,12.992631
559,600,9.845608
559,610,14.049786
561,576,6.175289
561,591,11.321658
563,569,11.377955
563,605,10.383893
563,611,14.33067
564,577,11.400146
564,582,6.043254
564,597,11.237698
564,613,10.997616
565,577,8.250783
565,580,5.0352516
565,582,14.686822
565,592,12.210894
565,594,6.6570144
565,597,13.394314
566,590,13.122584
566,615,12.884129
567,572,9.171507
567,583,12.621405
567,612,13.527339
569,585,14.844581
569,598,9.938491
569,605,12.890423
569,620,12.1855135
570,585,6.3026085
570,593,13.72428
570,598,14.51109
570,608,10.576748
571,609,12.222001
573,584,6.5530663
573,600,9.93873
574,578,10.437636
575,576,10.612566
575,579,12.581901
575,591,7.068925
575,595,7.214423
575,599,11.437496
575,602,6.1147847
575,634,13.979862
576,591,5.2582383
576,602,10.103801
576,623,11.411327
577,580,11.483722
577,582,6.5256367
577,594,6.769301
577,597,5.8459554
577,613,13.603296
577,625,12.60659
579,581,7.7593703
579,595,10.513975
579,599,5.862584
579,601,6.9761295
579,621,10.638073
580,592,7.263561
580,594,6.4180326
581,599,11.2900095
581,601,6.9090033
581,621,13.191713
582,594,12.541993
582,597,5.2257915
582,613,8.364212
582,625,11.161423
583,603,14.042216
583,604,8.009682
583,612,8.73287
584,600,14.334907
584,633,14.883251
585,598,8.27811
585,608,6.3915396
585,627,12.72398
586,589,7.1291575
586,607,6.081838
586,619,9.038946
587,603,8.970293
587,622,9.341158
587,631,14.162766
588,600,14.414505
588,610,8.0525465
589,607,11.020429
589,619,8.52751
589,624,13.385341
590,615,8.385785
590,630,13.020095
591,595,10.734102
591,602,4.85076
591,623,9.133818
591,634,11.980012
592,594,12.089897
592,611,9.362798
593,650,14.827017
594,597,9.070185
594,625,13.135265
595,599,6.197455
595,601,12.186062
595,602,6.234482
595,621,9.14096
595,634,9.46324
595,638,9.778038
595,648,14.205548
597,613,8.485468
597,625,7.015183
597,646,13.810025
598,608,9.391233
598,620,7.8217835
598,627,9.082306
598,647,13.668989
599,601,6.065882
599,602,12.387567
599,621,5.5735173
599,634,14.257573
599,638,11.013749
599,648,12.284762
600,610,7.4888163
600,662,14.392072
601,621,6.2986784
601,638,13.891766
601,648,11.946514
601,651,12.034134
602,621,14.967048
602,623,9.741836
602,634,8.303691
602,638,12.941597
603,604,6.639879
603,622,11.935031
603,631,8.511084
603,652,14.18947
604,612,11.032025
604,631,11.640829
604,637,14.029369
604,652,12.557332
605,611,10.5653
605,620,11.031841
605,640,9.304263
605,641,12.215494
606,628,11.173146
606,629,10.471531
607,619,6.979712
608,627,8.150716
608,661,14.62658
609,616,9.794969
609,642,10.479289
610,662,14.272996
611,640,14.823377
611,641,9.253701
612,637,7.2017365
612,652,13.877018
612,657,14.059658
613,625,7.88619
613,646,10.761852
613,660,12.705973
614,617,5.514271
614,639,7.5320144
614,655,10.972721
615,630,6.696669
615,636,14.305822
615,672,14.160014
616,635,9.128784
616,642,7.295503
616,666,13.421446
616,676,14.586655
616,680,14.701175
617,628,11.2530575
617,639,6.26007
617,655,13.106464
618,635,10.083442
618,654,8.262205
618,664,11.799254
618,666,14.783249
618,678,13.516799
619,624,13.339349
620,627,9.901356
620,640,10.188494
620,647,7.434061
621,634,13.530248
621,638,7.6159062
621,648,6.7882648
621,651,10.768466
622,631,10.283271
622,644,11.0798855
622,663,10.968902
623,634,9.249499
624,626,9.370525
624,659,8.3493185
624,671,12.257073
625,646,6.971741
625,660,12.048192
626,658,7.904005
626,659,10.514559
626,671,9.234945
626,677,14.330387
627,647,9.780222
627,661,14.844287
628,639,12.331858
629,630,14.576199
629,691,12.981734
630,636,13.874562
630,672,7.4858165
631,652,9.052763
631,663,12.674194
631,679,9.866661
632,701,12.5510435
633,669,11.253188
633,675,9.878139
633,699,13.06773
634,638,7.519398
634,648,14.186402
635,642,11.53894
635,654,8.562077
635,666,6.6589284
635,678,10.074243
635,680,10.905289
635,702,13.465135
636,644,11.732379
637,652,9.459634
637,657,9.910573
637,673,8.014356
637,700,14.908574
638,648,6.671894
638,651,14.343036
639,655,7.7933
639,681,13.8041315
640,641,9.315318
640,647,9.035334
642,666,11.88497
642,668,13.600244
642,676,7.5566034
642,680,10.342745
642,705,13.487236
642,709,14.983924
643,670,6.693537
643,695,10.369492
644,663,10.86762
644,689,9.406986
645,667,6.756411
645,687,10.59965
645,688,9.110574
645,694,12.0822
646,660,5.7244706
647,718,14.429268
648,651,7.8174715
648,684,11.65894
649,724,14.369907
650,661,8.36643
650,685,14.347674
651,656,14.701402
651,684,7.6880064
652,673,9.927994
652,679,11.723767
652,703,10.530977
653,674,5.5611763
653,692,11.935175
654,664,7.820384
654,666,8.959369
654,678,5.39748
654,680,14.147884
654,690,9.895487
654,702,11.215135
655,681,6.319848
655,712,12.777986
655,719,12.033484
656,684,14.215528
656,704,8.887561
656,722,14.591159
657,673,10.369453
657,700,8.49638
657,713,14.826316
657,730,14.535015
657,738,14.751254
658,659,11.571291
658,671,6.4310713
658,677,7.074838
658,697,12.20145
658,725,11.030561
659,671,5.769163
659,697,7.8952003
659,711,11.7314415
659,725,14.822691
660,721,13.95456
660,732,11.933963
661,685,6.883288
662,675,13.371828
662,682,7.3121467
662,693,8.176702
663,679,8.436331
663,689,8.397058
663,727,14.593122
663,733,12.046168
663,745,13.206286
664,678,10.427639
664,690,8.173921
664,715,11.673955
665,670,10.731048
665,696,7.458877
665,706,12.744689
665,736,12.9514885
666,676,12.08168
666,678,6.386465
666,680,5.3105497
666,690,13.806882
666,702,7.2319703
666,705,13.237789
666,709,10.211487
666,735,13.05927
667,668,10.370293
667,686,8.73153
667,687,8.077186
667,688,11.227932
667,694,6.3753495
667,723,14.132417
667,752,14.553031
668,676,10.95787
668,686,5.3899407
668,694,10.115392
668,705,14.377082
668,710,10.15514
668,723,10.348234
668,749,14.480117
669,675,13.668443
669,683,13.65127
669,699,8.9933405
669,708,14.531893
669,714,13.937521
669,740,13.489715
669,746,14.19977
669,754,13.557895
670,695,7.170891
670,696,8.694048
670,736,14.257326
670,743,12.611947
671,677,12.453423
671,697,6.628124
671,711,13.195506
671,725,10.092742
672,691,9.679216
672,729,10.692231
673,700,9.7721405
673,703,10.31407
673,713,7.387681
673,738,13.081434
673,750,13.639708
674,692,7.53053
674,739,10.614534
675,682,7.0600405
675,699,8.009266
675,708,7.34824
675,734,9.813092
675,746,13.663735
675,747,14.904385
676,680,7.521158
676,686,14.437283
676,705,6.2127724
676,709,9.277062
676,710,8.366882
676,751,12.88162
677,716,8.537345
677,725,10.872382
678,680,10.52058
678,690,7.567928
678,702,5.8528605
678,709,13.224986
678,735,11.306307
678,757,14.698766
679,703,10.393424
679,727,8.585293
679,733,10.846011
680,702,7.991458
680,705,7.9526944
680,709,5.826195
680,710,13.69559
680,735,12.112427
680,751,12.656429
681,712,6.5658875
681,719,9.378341
681,765,14.772766
682,693,10.69767
682,699,13.987277
682,708,10.516353
682,734,9.076426
682,747,11.394634
683,714,6.5868244
683,720,9.253082
683,740,12.653386
683,758,13.551694
684,704,11.8438225
685,737,9.097287
686,687,10.98146
686,694,5.4434886
686,710,10.066733
686,723,6.1874228
686,749,11.309893
686,752,12.300483
687,688,6.752675
687,694,5.537971
687,723,13.100091
687,741,9.274696
687,752,7.8939576
688,694,11.8724985
688,695,13.747467
688,741,8.489585
688,742,11.035632
688,752,13.316924
689,733,13.349552
689,745,8.536324
689,753,11.9455385
690,702,9.645404
690,715,9.590183
690,735,11.5604315
690,757,9.708689
691,729,6.943077
691,781,13.6626
692,701,12.594075
692,728,9.557118
692,739,9.498289
692,762,10.762478
693,722,7.7336636
693,747,12.358741
693,763,11.126994
694,710,14.91202
694,723,8.615427
694,741,14.292958
694,749,13.863181
694,752,8.777302
695,696,11.990569
695,736,14.904098
695,741,14.811413
695,742,9.030506
695,743,7.1963415
695,759,13.16012
695,778,13.698456
696,706,14.052923
696,736,6.453222
696,743,12.499962
696,756,14.305616
696,759,10.849279
697,711,7.067877
697,725,8.629895
697,760,9.262507
697,772,13.405452
698,701,9.319633
698,728,14.222436
698,730,9.847304
698,769,14.846253
699,708,5.59862
699,734,10.775271
699,740,14.536709
699,746,7.0881567
699,754,9.868917
699,776,13.556359
700,713,9.112605
700,730,8.82251
700,738,6.2634068
700,775,13.366192
701,728,5.971506
701,762,14.857095
701,769,11.251905
702,705,13.115519
702,709,8.200485
702,735,6.046505
702,751,14.171972
702,757,12.270679
702,777,12.179543
703,713,9.068253
703,727,8.120918
703,750,7.9446535
703,771,14.394143
703,793,14.768529
704,722,11.270735
705,709,5.1033874
705,710,6.351786
705,723,14.154974
705,735,13.862185
705,749,12.540497
705,751,6.6715317
705,780,13.028232
706,724,12.176049
706,736,13.606661
706,756,7.8826427
707,726,14.2864
707,773,14.909698
707,779,11.338898
707,798,14.565797
708,734,5.1808786
708,746,7.1221924
708,747,11.161721
708,754,12.076798
708,776,10.115399
709,710,11.37971
709,735,8.977596
709,751,7.084342
709,777,12.13988
710,723,7.83894
710,749,7.432575
710,751,9.539748
710,780,10.897688
711,717,13.090554
711,725,14.208099
711,760,9.450361
711,772,8.3409395
711,785,12.681709
712,719,9.1036625
712,765,9.882921
712,768,8.777284
713,738,8.224026
713,750,7.468425
713,775,10.411787
713,793,14.971785
714,720,9.745633
714,740,6.6431484
714,754,13.549206
714,758,8.199291
714,788,13.500894
715,748,13.144222
715,757,12.319444
716,724,13.475145
716,725,12.708463
716,764,9.517374
717,721,10.98418
717,761,7.244852
717,785,14.1959095
717,791,13.88153
717,807,13.95478
718,726,7.70006
718,744,9.498609
718,773,14.154551
718,786,11.321402
719,765,8.822248
720,758,9.962338
720,766,10.881107
721,732,10.122864
721,761,10.470786
721,782,11.941391
721,791,13.604626
722,763,9.542104
723,749,5.366122
723,752,10.248218
723,780,11.957525
723,792,10.827762
724,795,11.611442
725,760,8.987171
725,764,10.82628
725,796,12.438621
726,773,8.469757
726,779,12.460511
726,786,11.793449
727,733,7.2536426
727,750,10.918733
727,771,7.5613017
727,783,13.247562
727,793,13.335019
728,739,14.677309
728,762,8.889379
728,769,8.086922
729,781,10.516379
730,738,8.886054
730,775,14.713169
731,748,12.992892
731,755,5.4822664
731,789,12.340571
732,782,11.460425
732,797,11.048444
733,745,8.749418
733,771,7.845367
733,783,7.928713
734,746,10.524515
734,747,6.0008054
734,763,14.274586
734,776,9.387867
735,751,11.908555
735,757,8.678784
735,777,6.208137
735,801,12.342709
736,743,11.905151
736,756,10.282641
736,759,6.532079
736,790,9.836101
737,744,14.952141
737,767,8.044896
737,770,10.946305
738,750,13.089262
738,775,7.29387
739,762,8.525147
739,784,7.658796
739,811,13.910936
740,746,12.406243
740,754,7.240956
740,758,9.7515745
740,788,8.305748
740,800,14.436896
740,804,14.6108265
741,742,6.9126797
741,743,14.495889
741,752,9.792994
741,778,11.0715
741,802,12.212871
741,803,10.550524
741,805,12.550792
742,743,7.606694
742,759,14.677984
742,778,6.930977
742,799,13.230307
742,803,13.074504
742,805,11.683917
743,759,7.3967805
743,778,8.071118
743,799,10.174668
743,805,14.273301
744,767,7.907014
744,786,9.504914
744,827,14.547889
745,753,8.324551
745,771,14.92075
745,774,14.656798
745,783,9.170444
745,787,12.59229
746,754,5.358991
746,776,7.746333
746,788,14.32524
746,800,9.739383
747,763,8.361386
747,776,11.195292
747,815,14.0777445
747,820,13.883479
748,755,8.367434
749,751,11.736015
749,752,13.095061
749,780,6.6014824
749,792,9.415998
749,810,13.258692
749,812,12.294918
750,771,12.9173565
750,775,10.388417
750,793,7.9697533
750,825,14.442413
751,777,11.214
751,780,8.752725
751,810,12.544821
752,792,8.85756
752,802,9.309749
752,803,13.247928
753,774,6.4290347
753,783,14.860895
753,787,5.630401
754,776,11.621518
754,788,9.654474
754,800,9.25308
754,819,13.569228
755,789,13.402258
756,790,9.426173
756,809,10.908668
757,777,9.855075
757,801,8.138956
758,766,10.421281
758,788,10.749063
758,804,7.6422486
758,831,14.294661
759,778,12.17208
759,790,10.33206
759,799,9.23675
759,826,13.132963
760,764,14.647244
760,772,8.176386
760,785,13.582153
760,796,9.948744
760,806,8.233741
760,823,14.235442
761,782,10.917941
761,785,12.875673
761,791,6.640927
761,807,8.598174
762,769,10.621319
762,784,10.878146
762,811,11.844344
763,820,12.343845
764,796,8.567617
765,768,9.346132
765,816,9.9212885
766,804,11.2628565
766,831,11.282502
768,816,12.454804
769,808,8.6566305
771,783,8.065643
771,793,10.265678
772,785,5.600815
772,806,9.130309
772,807,13.533201
772,821,11.168904
772,823,10.731564
773,779,6.3240275
773,786,9.787321
773,798,11.999055
773,814,9.482402
773,833,13.455766
774,787,4.0827193
775,793,12.254349
775,818,9.643259
775,825,12.134317
776,800,8.29724
776,815,9.8765745
776,832,12.496675
777,801,8.567858
778,799,6.923974
778,803,10.444156
778,805,6.219253
778,830,11.110675
779,798,6.406472
779,814,8.4480715
779,843,14.067636
780,792,11.947954
780,810,6.9568415
780,812,9.367729
781,817,11.213127
782,791,6.692467
782,797,6.2696705
782,807,14.447757
782,824,9.168352
782,849,14.694462
783,829,11.130565
784,811,7.824578
784,857,14.38858
785,806,11.799016
785,807,8.136599
785,821,6.5785584
785,823,9.647565
785,835,13.668252
785,845,13.75385
785,848,11.801193
786,827,10.713828
786,833,12.477629
787,829,14.262602
788,800,10.154487
788,804,10.379855
788,819,7.50634
788,838,11.30288
789,794,13.650918
789,822,10.484543
789,839,11.327516
790,809,10.47032
790,826,11.154134
791,797,12.502414
791,807,7.7595525
791,824,10.70427
791,835,12.978335
791,849,11.463913
792,802,8.855994
792,812,8.900796
792,834,10.950394
793,825,8.179935
794,822,5.954645
794,853,12.1278305
795,809,11.511156
795,841,11.149454
795,858,12.736039
796,806,8.357042
796,823,14.770492
796,847,12.606981
796,851,11.433027
797,824,8.757646
797,842,10.633569
798,814,7.9060707
798,836,12.558864
798,843,9.575196
799,805,9.246881
799,826,9.4355135
799,830,8.349085
800,815,13.359196
800,819,7.60236
800,832,8.771064
800,862,14.279264
802,803,6.591916
802,805,12.50694
802,834,12.294315
802,840,10.934575
803,805,5.9188046
803,830,12.441027
803,840,9.268242
804,819,14.486779
804,831,7.9405885
804,838,9.987928
804,852,10.780763
805,830,7.5652003
805,840,11.150227
806,821,12.90769
806,823,6.9983764
806,845,11.092388
806,847,9.098984
806,851,12.628678
807,821,8.256592
807,835,8.730493
807,848,11.80184
807,849,11.716201
808,844,10.534059
808,861,14.8848715
808,875,14.4409895
809,858,11.649658
809,882,14.734855
810,812,8.028567
811,857,8.710821
812,834,7.81288
812,880,13.895428
813,836,8.5386505
813,850,9.427393
814,833,9.101586
814,843,7.622716
815,820,7.2433286
815,832,9.713805
815,863,9.724518
815,866,9.854806
816,846,9.673531
817,828,13.848291
817,837,9.377173
817,860,9.186663
818,825,10.937797
818,855,8.854196
818,856,9.236498
818,881,12.606844
819,832,10.161129
819,838,8.979633
819,862,9.851718
819,865,10.950624
819,878,14.162868
820,863,14.063609
820,866,10.160711
821,823,7.1426253
821,835,8.618152
821,845,9.018134
821,847,14.462282
821,848,5.2371926
821,872,11.329869
821,876,13.864857
822,853,9.65345
822,867,11.735595
823,835,14.957444
823,845,5.0177784
823,847,7.7537465
823,848,8.482169
823,851,14.003819
823,872,13.128808
823,876,11.044931
824,842,8.69408
824,849,8.816133
824,892,14.72811
825,855,8.073861
826,830,11.585639
827,833,11.285125
827,873,9.791815
828,837,8.196889
828,846,11.624424
828,854,7.5736637
830,840,12.1136675
830,870,8.919645
831,838,12.557411
831,852,7.192497
831,868,8.87338
832,862,8.792831
832,863,7.2659163
832,865,14.771436
832,866,13.0890875
832,878,8.64782
832,901,14.1494255
833,843,13.242123
833,873,13.4896345
833,887,10.290647
834,840,13.791948
834,869,8.252933
834,880,12.505734
835,845,14.39357
835,848,7.3457065
835,849,6.7708306
835,872,9.603778
835,903,12.871815
836,843,10.159409
836,850,10.71732
836,883,14.821315
836,894,13.136651
837,854,10.631249
837,860,11.344677
838,852,8.198296
838,862,12.167528
838,865,7.645014
838,907,13.083574
839,867,13.826155
839,879,8.52476
840,869,11.130005
840,870,13.378864
840,902,12.239317
841,858,8.333733
841,859,9.138878
841,871,7.5374684
841,882,14.296916
841,891,12.140244
841,908,13.686215
842,850,11.356661
842,877,9.258466
842,892,10.588502
843,883,9.688849
843,887,14.10581
844,856,9.490511
844,861,4.370927
844,875,7.4113655
844,888,14.766167
844,896,12.290844
845,847,6.650141
845,848,7.050167
845,851,13.161798
845,872,9.434998
845,876,6.0388694
845,893,12.303866
845,920,14.467651
846,854,7.4709563
847,848,13.644266
847,851,6.6109524
847,864,12.615081
847,876,9.190783
847,893,10.793839
848,849,14.046142
848,872,6.1019225
848,876,9.8765955
848,903,12.025144
849,872,14.835525
850,877,7.76649
850,894,11.172067
850,910,12.895415
851,859,12.649046
851,864,6.2592707
851,876,14.063601
851,893,11.605862
851,905,11.72672
852,865,12.708487
852,868,8.540024
852,907,10.780275
852,918,13.462855
852,923,13.413315
853,867,8.181401
853,898,9.642976
855,856,12.239989
855,881,8.469877
856,861,7.087251
856,875,14.087485
856,881,8.599034
856,896,10.382357
857,897,9.596944
858,871,7.083514
858,882,6.802624
858,890,12.437549
858,908,14.394887
858,914,13.494184
858,919,14.324056
859,864,7.424917
859,871,12.801186
859,891,7.6163383
859,905,13.694906
859,908,14.371491
861,875,7.0252595
861,881,13.490401
861,896,8.030913
861,917,13.427375
862,863,11.472635
862,865,6.618391
862,878,5.280255
862,901,12.545882
862,904,9.937892
863,866,6.7070904
863,878,7.5032916
863,901,8.609154
863,904,14.848469
864,891,10.338627
864,893,13.27464
864,905,8.400726
865,878,11.27855
865,904,11.616293
865,907,10.229381
865,934,12.846946
866,878,13.706751
866,901,11.37826
867,879,10.006091
867,898,11.588783
867,915,10.76873
868,907,14.518173
868,918,9.167558
868,923,12.713619
869,880,13.260416
869,902,11.429293
869,912,8.503235
869,929,13.566652
870,902,12.735754
870,913,13.267709
870,922,9.970281
870,941,13.039439
871,882,9.257469
871,890,14.954452
871,891,10.748711
871,908,7.5318513
871,914,9.065168
871,919,14.04994
871,937,14.89352
872,876,8.005245
872,903,6.162388
872,920,10.62848
872,924,10.00384
873,887,13.225171
873,895,8.345766
873,906,8.700702
874,885,7.734579
874,909,8.077983
874,916,9.331414
875,886,14.430343
875,888,8.146331
875,896,10.357927
875,917,8.9811
876,893,7.828628
876,903,11.981971
876,920,8.58978
876,924,12.403858
877,892,8.586627
877,894,11.842761
877,910,8.714259
877,925,11.0124855
877,943,13.847548
878,901,7.4060855
878,904,8.236136
879,915,11.531617
879,927,10.802241
880,911,12.285525
880,912,14.893259
880,929,11.708833
880,945,12.825816
881,896,10.686604
881,932,14.291064
882,890,5.9812775
882,900,13.906083
882,908,14.045077
882,914,9.964457
882,919,7.7230296
882,936,14.00686
882,937,12.863131
883,887,10.034998
883,926,13.269848
883,946,14.740564
885,909,12.3080435
885,916,5.858673
886,888,6.566018
886,897,9.965502
886,928,8.014021
886,931,12.16526
886,933,14.623623
886,953,14.217684
887,906,8.254426
887,926,8.201275
887,948,13.703039
888,917,9.621377
888,928,10.397533
888,931,10.261412
889,899,12.580108
889,930,11.544684
889,939,11.175412
890,900,8.040748
890,914,12.575331
890,919,5.583773
890,936,9.4662895
890,937,12.6403475
891,905,11.173212
891,908,8.176511
891,914,14.84261
891,938,10.52149
892,910,13.380085
892,925,6.2813177
892,943,13.865899
892,955,13.3241205
893,905,9.345114
893,920,9.754008
893,949,11.285014
893,951,13.120768
894,910,7.186882
894,943,14.164018
894,946,11.932072
895,906,13.770504
896,917,10.139048
896,932,7.423938
897,928,11.694884
897,933,8.562111
897,953,13.275669
898,915,13.234459
898,950,13.500192
899,911,11.953171
899,939,12.65144
900,913,8.117094
900,919,11.326564
900,936,9.635818
900,942,12.164931
900,954,13.590006
901,904,9.072999
901,957,10.683941
902,912,9.583152
902,922,9.348608
902,940,9.740881
903,920,9.483072
903,924,5.456045
903,952,11.459438
904,934,9.051263
904,957,10.694018
904,965,12.449144
905,938,10.867116
905,949,10.972779
906,926,7.165075
906,948,12.663526
907,918,11.347998
907,923,6.7974563
907,934,9.75658
907,956,12.991294
908,914,6.8011374
908,937,12.13229
908,938,11.834186
908,962,11.226438
908,973,14.517812
909,916,9.216625
909,959,13.407274
910,925,11.006245
910,943,7.5574594
910,946,14.573429
910,955,13.23861
911,945,11.513312
911,958,11.813849
912,929,7.7297854
913,922,14.601607
913,936,14.787414
913,941,9.063761
913,942,7.655754
914,919,8.434044
914,936,14.033723
914,937,5.993237
914,962,13.226358
914,967,12.730294
914,973,12.44115
915,927,12.595631
915,966,13.012753
915,981,14.017128
916,960,12.61256
917,928,14.427438
917,931,8.849432
917,932,10.508266
917,964,9.709555
918,923,5.647919
918,956,12.102004
918,963,11.13552
919,936,6.783513
919,937,7.0975823
919,954,13.309891
919,967,11.482439
920,924,6.0057077
920,949,13.806363
920,951,8.7733
920,952,8.130592
921,930,7.2574725
921,935,7.311981
921,947,14.889268
921,970,14.472284
922,940,5.8793006
922,941,7.7035856
923,934,13.569079
923,956,8.621399
923,963,12.125913
923,975,14.898152
924,951,11.823457
924,952,6.113334
925,943,8.411106
925,955,7.0848217
925,968,10.894961
926,948,6.0318947
927,935,10.178122
927,947,4.741242
927,966,8.661766
927,970,13.334872
928,931,6.9656887
928,933,10.698976
928,953,6.9249997
928,978,12.3488245
929,945,10.356302
930,935,12.164971
930,939,12.667541
931,953,11.198506
931,964,11.1763525
931,978,11.100323
932,964,10.069229
932,988,14.768057
933,953,7.269906
933,979,10.566318
934,956,13.558782
934,965,8.565987
934,975,10.624129
935,947,7.869055
935,966,14.988324
935,970,8.234324
936,937,9.805194
936,942,13.32751
936,954,6.6732087
936,967,9.575091
936,982,13.093748
936,992,14.888941
937,954,14.122212
937,962,14.020379
937,967,6.7975388
937,973,9.698087
937,992,14.966994
938,949,13.671257
938,962,8.709051
938,980,10.935964
940,941,11.016078
941,942,7.6952877
942,954,10.391131
942,982,11.228658
943,955,6.4366508
943,968,13.444864
944,950,8.3572445
944,972,9.306503
945,958,8.92147
946,977,14.056046
946,996,13.987877
947,966,7.2471123
947,970,8.710042
947,990,11.709997
948,977,9.529097
949,951,8.467315
949,980,12.819506
949,1001,14.727022
950,972,14.402794
951,952,7.992324
952,983,11.812623
953,978,8.8384285
953,979,9.291839
953,999,12.742326
954,967,10.223266
954,982,6.420644
954,992,11.258002
954,1010,14.59272
955,968,7.0102444
956,963,9.032506
956,975,8.320789
956,1003,13.692256
957,965,11.470254
957,985,8.865855
957,986,14.479429
957,989,13.664736
958,991,8.888695
959,1000,11.344205
960,984,13.576164
960,987,8.485076
961,984,11.826251
961,998,11.341833
962,973,7.8032575
962,980,12.389435
964,988,11.382905
964,1002,12.145885
965,975,8.911235
965,985,11.773622
965,989,7.4419475
965,1004,10.808548
965,1022,14.859459
966,970,12.755425
966,981,9.976939
966,990,9.3336315
967,973,9.364773
967,982,14.141488
967,992,8.183639
967,1014,13.862846
968,976,8.53774
968,1012,14.535954
969,997,8.67416
970,990,9.488903
971,995,11.627901
971,1005,12.237438
972,986,10.945273
972,1016,12.798691
973,992,13.775296
974,1019,12.535933
975,989,12.161252
975,1003,9.07357
975,1004,9.316376
975,1022,14.916885
976,983,9.529067
976,1012,10.359484
976,1027,13.086491
977,996,13.595047
977,1007,8.822349
977,1018,12.032574
978,979,11.839854
978,999,7.9619055
978,1002,11.865039
978,1021,11.630201
979,999,8.744698
979,1029,11.798219
979,1033,12.778076
980,1001,10.117414
980,1017,11.045773
981,990,14.403303
981,994,8.409463
982,992,10.88046
982,1010,9.635647
983,1027,14.384966
983,1030,12.068041
983,1036,13.659177
984,987,7.720346
984,998,7.3851876
984,1032,12.059882
985,986,12.64362
985,989,8.38538
985,1006,9.434236
985,1025,10.346813
985,1026,11.14362
986,1006,9.01274
986,1016,12.621349
987,998,13.936175
987,1032,12.731943
987,1047,14.821553
988,993,8.736992
988,1002,12.805112
988,1020,8.517577
988,1028,12.723685
989,1003,13.44743
989,1004,7.035221
989,1022,8.496917
989,1025,9.371357
989,1026,14.402555
989,1058,14.98198
990,1039,10.775656
991,1009,7.0846567
991,1044,12.588207
992,1010,9.254876
992,1014,6.3840017
992,1040,11.921122
993,1015,14.6724415
993,1020,14.684193
993,1028,9.019102
994,1011,7.571454
996,1007,8.9939785
996,1037,10.297434
996,1042,10.218735
997,1024,13.259491
997,1045,13.166601
998,1013,8.727588
998,1032,10.267343
998,1054,12.772247
999,1021,6.482687
999,1029,10.895126
999,1033,8.12991
999,1043,14.507936
999,1057,12.578922
1000,1046,12.894627
1001,1017,12.514428
1001,1034,8.914287
1001,1041,7.7700725
1001,1080,14.661347
1002,1020,10.511548
1002,1021,12.859124
1002,1043,9.830847
1003,1004,6.5765924
1003,1022,10.235901
1003,1056,12.245708
1004,1022,5.601325
1004,1025,12.336115
1004,1056,11.430549
1004,1058,13.049121
1005,1024,9.977248
1006,1016,13.834165
1006,1025,11.139075
1006,1026,6.1235223
1006,1059,10.938895
1007,1018,8.2007475
1007,1037,14.938261
1007,1042,8.98104
1007,1066,12.545345
1008,1009,14.295241
1008,1048,7.9119635
1008,1049,10.477122
1008,1051,13.457163
1008,1082,14.447496
1009,1044,6.7072306
1009,1049,10.303777
1009,1063,14.848302
1009,1083,13.502851
1010,1014,8.731546
1010,1040,13.323752
1010,1052,9.875137
1010,1075,12.080274
1011,1038,8.040024
1011,1078,12.801722
1012,1023,10.782938
1012,1027,5.25915
1012,1030,11.11726
1012,1072,11.826916
1013,1015,13.189253
1013,1032,14.8822975
1013,1035,6.413076
1013,1054,10.771574
1013,1071,11.319357
1013,1077,11.409921
1014,1040,5.8278894
1014,1064,12.441068
1014,1075,11.59673
1015,1028,12.063203
1015,1035,8.555171
1015,1055,8.074057
1015,1071,12.964735
1015,1095,14.195486
1016,1050,6.211478
1016,1062,12.472963
1017,1041,11.614089
1017,1076,12.172159
1017,1079,12.692643
1018,1042,13.301647
1018,1066,12.146738
1018,1069,13.477124
1019,1031,9.97354
1019,1045,9.119507
1019,1060,9.25666
1019,1097,14.28041
1020,1028,12.874203
1020,1043,13.782002
1020,1067,12.800222
1021,1029,12.692148
1021,1033,7.9405327
1021,1043,8.58037
1021,1057,7.4561615
1021,1061,14.34387
1021,1084,11.511254
1021,1085,13.373214
1022,1025,8.360582
1022,1026,14.853208
1022,1056,7.41826
1022,1058,7.537574
1022,1074,12.620811
1022,1091,13.466308
1023,1027,14.883961
1023,1096,14.847787
1024,1073,10.061936
1025,1026,6.5136185
1025,1056,13.310243
1025,1058,9.214697
1025,1059,10.148377
1025,1074,9.486177
1026,1058,13.9048395
1026,1059,6.0262766
1026,1074,10.939427
1027,1030,6.3986526
1027,1036,13.749149
1027,1072,8.129359
1028,1055,9.394776
1028,1067,7.9767756
1029,1033,4.9850125
1029,1057,12.287495
1029,1061,8.686327
1029,1085,13.7873955
1030,1036,7.3562207
1030,1065,13.483754
1030,1072,10.567412
1030,1092,13.561187
1031,1060,7.366726
1031,1070,9.435094
1031,1090,10.718947
1032,1047,10.916554
1032,1054,9.369188
1032,1077,14.645566
1033,1057,7.8343196
1033,1061,8.252421
1033,1084,14.680238
1033,1085,10.985058
1034,1041,5.852558
1034,1053,6.9334087
1034,1065,13.534966
1034,1076,12.35552
1034,1080,8.339889
1035,1054,12.731742
1035,1055,12.842419
1035,1071,6.630416
1035,1077,10.430809
1035,1095,11.6604595
1035,1105,14.694369
1036,1053,10.793698
1036,1065,8.041926
1036,1092,12.437486
1037,1042,8.0137205
1037,1066,13.922596
1037,1068,8.03086
1038,1062,8.548567
1038,1078,6.813316
1038,1098,11.5533085
1039,1081,8.605403
1039,1088,13.797375
1040,1064,6.6159897
1040,1075,10.0502
1040,1106,14.5255165
1041,1053,12.342289
1041,1076,7.8893137
1041,1080,7.1231556
1042,1066,7.060418
1042,1068,13.790049
1043,1057,10.627717
1043,1084,8.525929
1043,1108,13.427591
1044,1049,8.369406
1044,1063,9.53316
1044,1083,6.885987
1044,1101,12.3216505
1045,1060,12.579344
1045,1097,10.961672
1046,1129,14.622316
1048,1049,8.602044
1048,1051,9.56005
1048,1082,7.2175393
1048,1102,11.265503
1049,1082,14.673791
1049,1083,10.002202
1050,1062,10.1284685
1050,1100,11.124656
1051,1082,6.7885547
1051,1088,14.270757
1051,1102,11.7362175
1051,1110,10.843819
1052,1075,10.874941
1053,1065,6.603462
1053,1080,11.079518
1053,1092,14.611987
1054,1071,11.33863
1054,1077,5.278227
1054,1105,14.806358
1055,1067,10.929377
1055,1071,13.235088
1055,1095,10.3543415
1055,1099,8.351784
1056,1058,5.636778
1056,1074,11.775758
1056,1091,6.881343
1056,1113,11.561164
1057,1061,9.035003
1057,1084,6.9146943
1057,1085,6.0050845
1057,1108,10.253642
1058,1059,13.584507
1058,1074,6.2902155
1058,1091,7.398037
1058,1109,14.240895
1058,1113,13.671019
1058,1136,14.632788
1059,1074,8.2721615
1059,1109,9.431286
1060,1070,11.401884
1060,1090,7.998504
1060,1097,8.742488
1060,1128,12.874417
1061,1084,14.653325
1061,1085,6.530213
1061,1135,13.469372
1062,1078,8.498214
1062,1098,7.4427896
1062,1100,8.152258
1062,1125,11.680194
1062,1133,14.848553
1063,1083,8.732672
1063,1093,8.96171
1063,1101,7.066745
1063,1116,9.582707
1064,1075,11.818086
1064,1106,10.60312
1065,1092,8.132582
1066,1104,14.768566
1066,1107,9.135452
1067,1099,12.031511
1067,1127,12.180678
1068,1096,8.828097
1068,1118,14.769153
1069,1070,11.79024
1069,1104,10.302242
1069,1123,13.955768
1070,1090,6.392066
1070,1123,11.493478
1071,1077,6.7156305
1071,1095,6.6723843
1071,1099,14.556833
1071,1105,8.072942
1072,1092,12.54133
1073,1126,11.942253
1074,1091,10.487213
1074,1109,8.334083
1074,1136,12.828845
1074,1139,13.328276
1075,1106,10.374542
1075,1117,10.248701
1076,1079,8.593973
1076,1080,6.1615677
1076,1115,8.872375
1076,1120,10.310187
1077,1095,12.357177
1077,1105,9.680981
1078,1098,6.1953387
1078,1100,13.810195
1078,1125,12.642129
1078,1133,11.3922415
1078,1140,14.50707
1079,1080,14.551726
1079,1115,7.62694
1079,1120,14.453987
1080,1115,12.333766
1080,1120,9.126777
1081,1088,13.493473
1081,1114,7.86902
1081,1132,12.816111
1081,1146,14.052077
1082,1102,5.40709
1082,1110,8.864737
1082,1138,11.774831
1082,1141,13.923548
1083,1101,6.9253263
1083,1116,12.601193
1084,1085,8.901298
1084,1108,5.139416
1084,1148,13.67522
1085,1108,8.919738
1085,1135,10.638263
1085,1148,13.878454
1086,1089,14.963562
1086,1094,7.232634
1086,1103,7.0546265
1086,1122,12.3556385
1087,1111,6.1475196
1087,1119,8.098809
1087,1147,14.333778
1087,1162,14.668064
1088,1110,10.325393
1088,1141,13.510366
1088,1146,14.062954
1089,1093,9.229357
1089,1094,7.792183
1089,1121,7.298681
1089,1122,7.7913766
1089,1155,13.443348
1090,1097,12.246567
1090,1123,10.855853
1090,1128,9.245387
1090,1151,11.935984
1091,1112,12.686236
1091,1113,6.34619
1091,1136,9.988261
1091,1139,14.6417885
1091,1145,12.704655
1091,1154,13.936159
1093,1101,10.30771
1093,1116,6.80942
1093,1121,7.5196996
1093,1122,14.754316
1094,1103,13.872961
1094,1121,12.933999
1094,1122,6.653583
1094,1155,13.706684
1095,1099,8.341462
1095,1105,6.755664
1095,1144,12.969192
1096,1118,5.9707007
1097,1128,9.626933
1098,1100,8.6190195
1098,1125,6.4965487
1098,1133,7.454826
1098,1134,13.675337
1098,1140,13.818296
1098,1156,12.249564
1099,1105,13.942008
1099,1127,12.659343
1099,1144,9.575032
1099,1153,13.891702
1100,1125,7.0286508
1100,1133,13.201474
1100,1134,7.3624516
1100,1149,13.875247
1100,1156,11.903875
1101,1116,5.6930366
1102,1110,7.8890886
1102,1138,6.385795
1102,1141,10.495547
1102,1165,12.675054
1104,1107,9.518888
1104,1152,9.021991
1104,1160,11.655279
1105,1144,14.315933
1106,1117,7.935021
1107,1160,11.693587
1107,1163,10.394962
1107,1176,14.072825
1108,1135,13.005333
1108,1148,8.53716
1108,1159,11.966438
1109,1131,10.575543
1109,1136,11.259644
1109,1137,6.8287663
1109,1139,8.010642
1109,1164,11.933828
1109,1172,13.9728775
1110,1138,11.3659935
1110,1141,6.3865604
1111,1119,10.243306
1111,1143,13.185321
1111,1147,8.362473
1111,1162,10.9136095
1112,1113,7.3766103
1112,1145,8.62892
1112,1171,11.611168
1113,1136,10.669721
1113,1145,6.8026805
1113,1154,12.126861
1113,1171,12.450641
1114,1132,6.077814
1114,1146,9.759197
1115,1120,7.850204
1115,1158,10.024074
1116,1121,10.808374
1118,1150,9.687323
1119,1129,12.455992
1119,1162,11.146582
1119,1167,9.354804
1120,1158,13.845192
1121,1122,8.381872
1121,1155,9.482042
1122,1155,7.142328
1123,1128,13.043015
1123,1151,8.083026
1123,1152,10.756185
1123,1179,13.178246
1124,1127,10.298796
1124,1159,14.106539
1124,1168,8.967064
1124,1175,10.894474
1124,1196,14.674329
1125,1133,6.71278
1125,1134,8.23031
1125,1140,14.871907
1125,1156,6.137511
1125,1192,14.036995
1126,1142,12.192277
1126,1143,9.421664
1126,1161,8.73891
1126,1166,13.667299
1126,1177,9.971843
1126,1181,14.97986
1126,1189,13.626
1127,1144,13.00312
1127,1153,7.0682416
1127,1168,10.292341
1127,1174,13.827919
1128,1151,7.5561123
1129,1167,11.9655485
1129,1173,11.344566
1129,1190,13.671409
1129,1203,14.924483
1130,1178,11.103635
1131,1134,11.230334
1131,1137,6.45623
1131,1139,14.0199
1131,1149,6.594894
1131,1164,10.853827
1131,1185,13.497001
1132,1140,12.785445
1132,1146,13.94452
1133,1134,14.59794
1133,1140,8.160062
1133,1156,8.521711
1134,1149,7.371626
1134,1156,8.636692
1134,1185,9.879022
1134,1192,13.390033
1135,1148,10.118387
1135,1197,12.114115
1136,1137,13.15664
1136,1139,5.7541757
1136,1145,12.015529
1136,1154,5.3628545
1136,1164,13.089854
1136,1172,8.394413
1136,1187,13.622011
1136,1191,12.529609
1137,1139,7.5917883
1137,1149,11.382822
1137,1164,6.093334
1137,1172,11.265926
1137,1187,12.573882
1138,1141,10.001699
1138,1165,6.6442385
1138,1194,14.19671
1138,1204,14.748899
1139,1154,8.331548
1139,1164,7.710832
1139,1172,6.140621
1139,1187,10.371027
1139,1191,12.237256
1141,1165,10.697811
1142,1161,8.860576
1142,1181,8.479017
1142,1184,10.655416
1142,1189,13.194448
1143,1147,8.626629
1143,1161,14.501475
1143,1166,6.357322
1143,1177,9.591857
1144,1153,8.924365
1144,1170,6.0468807
1144,1174,6.1143794
1145,1154,10.237405
1145,1171,5.822369
1145,1186,14.518287
1145,1200,12.002321
1146,1201,14.145802
1147,1162,7.915389
1147,1166,7.971423
1147,1202,11.623716
1148,1159,7.264014
1148,1175,14.7563095
1149,1156,14.113917
1149,1164,12.918461
1149,1185,6.9994287
1149,1207,14.136924
1150,1169,8.397914
1150,1198,12.562525
1152,1160,10.121682
1152,1179,6.70519
1153,1168,10.787734
1153,1170,12.276468
1153,1174,7.209647
1153,1196,14.314332
1154,1164,13.372929
1154,1171,13.453689
1154,1172,6.431363
1154,1187,11.166076
1154,1191,7.892772
1154,1223,14.132107
1156,1185,11.750594
1156,1192,7.925404
1157,1158,9.858116
1157,1193,8.560194
1157,1208,14.038942
1157,1213,13.768034
1158,1188,10.607885
1158,1193,9.354556
1159,1175,7.492394
1160,1163,6.3079967
1160,1176,12.48622
1160,1179,11.92706
1160,1235,14.967443
1161,1177,7.503509
1161,1181,6.6905828
1161,1184,13.641079
1161,1189,5.6194897
1161,1205,11.446608
1161,1206,10.987453
1162,1166,14.352245
1162,1167,8.765582
1162,1190,13.828793
1162,1202,11.541198
1162,1243,14.068656
1163,1176,6.3249674
1164,1172,7.3476725
1164,1187,6.737326
1164,1191,12.433164
1164,1219,14.464404
1165,1194,10.2468605
1165,1204,8.163624
1166,1177,7.957621
1166,1202,10.26272
1166,1205,12.496123
1166,1211,10.599748
1167,1190,6.8063707
1167,1203,14.770302
1167,1221,13.304921
1167,1243,14.650658
1168,1175,8.879933
1168,1196,6.3525786
1169,1182,14.5762
1169,1183,7.130488
1169,1198,7.0435038
1169,1217,12.509454
1169,1230,14.46542
1170,1174,5.637597
1170,1214,9.934415
1170,1228,12.982633
1171,1186,9.216657
1171,1200,7.1693254
1172,1187,5.2429385
1172,1191,6.2921257
1172,1223,13.208069
1173,1190,13.520034
1173,1199,13.324085
1173,1203,7.4228406
1173,1227,13.660695
1173,1232,12.644707
1174,1214,12.122409
1174,1228,12.235878
1175,1196,9.068311
1176,1180,9.936178
1177,1181,13.004284
1177,1189,7.4104447
1177,1205,7.712945
1177,1206,12.475893
1177,1211,10.538193
1178,1195,8.418394
1178,1253,12.961747
1180,1210,13.048326
1180,1248,12.419556
1181,1184,7.278855
1181,1189,6.735682
1181,1205,13.334367
1181,1206,8.4383745
1181,1220,12.54906
1181,1236,11.655431
1182,1183,7.649439
1182,1216,10.551272
1182,1217,11.895481
1182,1226,9.763498
1183,1198,8.9920845
1183,1217,8.591456
1183,1226,11.377804
1183,1239,13.79348
1184,1189,13.69419
1184,1206,13.084577
1184,1220,8.284405
1184,1236,12.537838
1185,1192,9.334244
1185,1207,8.1441555
1185,1219,14.092795
1186,1200,10.252699
1186,1245,11.418392
1186,1258,13.852452
1187,1191,6.6075215
1187,1219,13.041177
1187,1223,11.639167
1187,1254,13.035527
1188,1193,14.399977
1188,1209,9.439972
1188,1262,12.507408
1189,1205,6.7884836
1189,1206,5.7742424
1189,1211,12.963032
1189,1236,11.987752
1189,1256,12.224515
1190,1203,8.848342
1190,1221,7.9936047
1190,1231,9.998341
1190,1243,12.241895
1191,1200,14.6685915
1191,1223,7.028795
1191,1241,13.255189
1191,1254,12.228661
1192,1207,11.91526
1192,1234,10.023732
1192,1261,13.501205
1193,1208,11.431467
1193,1213,6.4016147
1193,1269,14.408916
1194,1204,8.984646
1194,1238,8.817174
1194,1246,14.719775
1195,1233,8.585092
1195,1253,12.560773
1197,1222,8.286097
1197,1244,13.554296
1198,1217,8.107976
1198,1226,14.627061
1198,1230,8.171627
1198,1239,9.239345
1199,1212,7.57036
1199,1227,7.4995384
1199,1232,13.432114
1199,1237,7.328633
1199,1260,14.96345
1199,1282,14.587471
1200,1223,13.227127
1200,1241,11.302264
1200,1258,10.50048
1201,1229,7.427081
1202,1211,10.124501
1202,1243,11.856998
1202,1251,10.618046
1202,1257,10.72022
1203,1221,12.045979
1203,1227,12.802454
1203,1231,8.080313
1203,1232,8.121535
1203,1272,13.575446
1204,1224,13.141035
1204,1238,11.779102
1204,1249,10.301867
1204,1274,13.229342
1205,1206,7.8025107
1205,1211,6.442887
1205,1236,13.778823
1205,1256,9.999796
1205,1257,13.883756
1205,1265,9.808701
1206,1211,13.965722
1206,1220,12.972836
1206,1236,6.523091
1206,1256,7.168565
1206,1265,12.543717
1206,1280,12.4331255
1206,1285,13.173694
1206,1290,13.526116
1207,1219,8.767827
1207,1261,10.755162
1207,1273,11.670498
1207,1283,10.80582
1208,1213,8.301016
1208,1268,9.554381
1209,1216,10.809697
1209,1262,8.651747
1209,1263,10.996502
1209,1287,14.935833
1210,1230,12.113329
1210,1248,11.476966
1210,1297,14.8520355
1211,1256,13.75379
1211,1257,8.339029
1211,1265,9.404615
1211,1295,13.767786
1212,1227,12.792718
1212,1237,6.9913464
1212,1252,10.958223
1212,1260,10.268035
1213,1268,10.439701
1213,1269,9.885709
1213,1303,14.4526825
1214,1228,6.399691
1214,1233,10.30689
1215,1225,8.555065
1215,1267,7.983142
1215,1294,13.954413
1216,1217,14.701933
1216,1226,8.146698
1216,1263,8.845391
1216,1278,11.378348
1217,1226,6.7394524
1217,1230,12.925528
1217,1239,5.784748
1217,1278,13.850446
1217,1292,12.520145
1218,1220,11.352726
1218,1250,7.6923428
1218,1255,14.975232
1218,1271,13.48358
1218,1293,12.192359
1219,1254,14.291331
1219,1273,8.6975565
1219,1276,10.343701
1219,1283,13.510633
1220,1236,8.357082
1220,1250,8.05545
1220,1271,8.664992
1220,1280,14.944106
1220,1285,10.646875
1221,1231,6.555021
1221,1243,6.8490567
1221,1251,13.989747
1221,1272,14.79772
1221,1281,10.290504
1221,1296,14.473265
1222,1240,12.144947
1222,1244,5.9695907
1222,1289,10.184188
1223,1241,6.836832
1223,1254,7.6745048
1224,1249,7.9007335
1224,1307,13.479069
1225,1242,12.564529
1225,1267,11.747754
1225,1309,13.449153
1226,1239,10.765305
1226,1263,13.903025
1226,1278,9.381378
1226,1292,11.562565
1227,1232,6.876221
1227,1237,7.442339
1227,1272,12.380215
1227,1282,9.762636
1228,1286,9.79151
1229,1277,8.988611
1230,1239,9.6325865
1230,1279,9.453174
1231,1232,8.928593
1231,1243,13.254794
1231,1272,8.973334
1231,1281,9.819424
1232,1237,14.162439
1232,1272,7.3682327
1232,1282,13.490694
1233,1253,13.616913
1233,1305,14.70476
1233,1308,13.766522
1234,1259,9.386711
1234,1261,10.840194
1234,1284,9.469367
1234,1304,13.419258
1235,1264,10.697078
1235,1270,9.935389
1235,1300,10.411599
1236,1250,14.0838585
1236,1256,7.3168917
1236,1265,14.7950735
1236,1271,10.6319065
1236,1280,8.372391
1236,1285,7.0487037
1236,1290,12.023071
1236,1314,13.843075
1237,1252,13.826598
1237,1260,8.226936
1237,1282,8.330597
1238,1246,9.420551
1238,1274,9.380614
1238,1275,6.865255
1238,1312,14.6340475
1239,1278,14.190406
1239,1279,13.44172
1239,1292,10.079178
1240,1244,7.792452
1241,1254,11.262707
1241,1258,11.354133
1241,1291,9.043765
1241,1311,11.802738
1242,1266,11.9700575
1243,1251,7.775691
1243,1281,12.920241
1243,1288,14.830262
1243,1296,11.850051
1244,1289,10.511052
1244,1318,14.226903
1245,1258,9.11359
1246,1266,9.465523
1246,1275,8.447898
1246,1312,12.467461
1247,1299,12.23658
1248,1264,10.746848
1248,1297,10.718712
1249,1274,9.69518
1249,1307,9.228375
1249,1320,13.807351
1250,1271,5.8722925
1250,1285,11.794731
1250,1293,11.330401
1250,1314,14.943941
1251,1257,9.733348
1251,1288,7.471056
1251,1296,8.834495
1251,1302,13.453728
1252,1253,8.370607
1252,1260,8.2241125
1252,1310,11.588498
1253,1305,11.8332815
1253,1310,10.609278
1254,1276,8.250073
1254,1319,14.313685
1255,1293,11.553285
1255,1301,8.533293
1255,1328,14.216841
1256,1265,7.5270314
1256,1280,6.7601204
1256,1285,10.166581
1256,1290,6.3643513
1256,1295,11.850364
1256,1314,14.743059
1256,1315,11.878304
1256,1323,12.326608
1257,1265,9.662355
1257,1288,9.419905
1257,1295,9.97879
1257,1302,7.8943195
1258,1291,9.044485
1258,1339,14.956458
1259,1284,11.158015
1259,1304,6.635196
1259,1324,11.999864
1260,1282,10.023352
1260,1310,14.297328
1261,1273,13.68546
1261,1283,6.710566
1261,1284,7.2481365
1261,1306,7.6833005
1261,1336,13.739061
1262,1263,10.81951
1262,1287,6.318812
1262,1313,13.752804
1263,1278,9.650677
1263,1287,13.8184185
1264,1300,10.5695305
1265,1280,12.151297
1265,1290,7.673943
1265,1295,5.84381
1265,1302,10.600827
1265,1315,9.473001
1265,1323,14.412742
1266,1275,14.983941
1266,1312,13.641678
1267,1294,6.8864202
1267,1309,10.797667
1267,1316,14.896378
1268,1269,12.481037
1268,1303,7.5342717
1268,1317,14.362646
1269,1287,13.935504
1269,1303,10.332743
1269,1313,10.325038
1269,1317,8.575402
1269,1342,13.81846
1270,1300,10.169765
1270,1301,13.991003
1271,1280,11.568399
1271,1285,6.2424
1271,1293,14.840418
1271,1314,9.326766
1272,1281,10.712734
1272,1282,13.829082
1273,1276,8.735452
1273,1283,7.5149016
1273,1306,13.752701
1273,1319,11.444694
1273,1344,14.365901
1274,1275,9.173417
1274,1307,12.449947
1274,1312,14.290362
1274,1320,9.2106695
1274,1325,10.267736
1275,1312,7.7802773
1275,1325,10.538741
1276,1319,8.156272
1276,1340,14.973403
1277,1322,11.587864
1277,1337,11.2709675
1278,1292,6.7564936
1279,1297,13.722278
1279,1330,9.792956
1279,1335,10.43553
1280,1285,5.3674693
1280,1290,5.5556655
1280,1295,13.88695
1280,1314,8.020052
1280,1315,10.740714
1280,1323,6.982665
1281,1296,9.614741
1281,1329,8.377321
1283,1284,12.3210125
1283,1306,6.968685
1283,1336,13.482736
1283,1344,14.434212
1284,1304,9.5562315
1284,1306,8.189685
1284,1336,10.677101
1284,1345,13.677524
1285,1290,10.911614
1285,1314,6.9316096
1285,1323,10.676066
1286,1298,13.739555
1286,1331,9.728003
1287,1313,8.1730995
1288,1295,13.962173
1288,1296,8.52095
1288,1302,7.8562083
1289,1350,13.118373
1290,1295,8.342452
1290,1302,14.603714
1290,1314,12.190973
1290,1315,5.8866544
1290,1323,6.9510136
1291,1311,6.7250447
1291,1339,10.112191
1293,1301,13.196922
1293,1328,12.719728
1293,1332,10.474119
1293,1338,10.186513
1294,1309,13.841382
1294,1316,8.036412
1294,1352,12.755522
1295,1302,6.2729654
1295,1315,5.9035378
1295,1323,13.121016
1296,1329,10.101773
1297,1335,12.486311
1297,1343,13.232179
1297,1355,13.108687
1298,1331,14.952412
1299,1326,9.679675
1299,1341,8.751997
1300,1348,14.150404
1301,1328,7.1326637
1301,1338,12.2365675
1302,1315,11.058512
1303,1317,7.672613
1303,1342,8.952454
1303,1362,13.704668
1304,1324,6.8972926
1304,1336,14.623844
1304,1345,9.904652
1304,1346,12.620912
1305,1308,8.069465
1305,1310,9.338436
1305,1333,7.251659
1305,1349,11.515202
1306,1336,6.7108393
1306,1344,13.599632
1306,1359,12.732638
1307,1320,9.058476
1307,1322,9.743867
1307,1334,7.1532044
1308,1333,13.425905
1308,1349,10.272011
1309,1327,14.777904
1309,1366,13.548497
1309,1370,14.704324
1310,1333,7.4003353
1311,1339,11.536381
1311,1340,12.405369
1311,1351,9.0054655
1311,1369,14.718195
1312,1325,8.447264
1312,1354,10.597364
1313,1317,7.73451
1313,1342,11.319136
1313,1353,9.410948
1314,1323,7.6264706
1314,1356,11.871004
1315,1323,7.670065
1316,1326,7.28447
1316,1341,13.549699
1316,1352,11.192992
1316,1361,10.933769
1317,1342,5.3810754
1317,1353,9.182663
1318,1367,11.400178
1318,1372,10.245631
1319,1340,9.857567
1319,1344,11.983453
1319,1364,10.3204365
1320,1325,7.809751
1320,1334,11.365471
1320,1360,8.40427
1320,1387,13.905308
1321,1324,12.117118
1321,1346,11.025829
1321,1347,9.807852
1322,1334,6.8612504
1322,1337,7.0004945
1324,1345,8.876866
1324,1346,5.7825317
1324,1386,13.954688
1325,1354,14.149723
1325,1360,10.239861
1325,1387,14.824837
1326,1341,6.361737
1326,1361,8.397053
1327,1365,9.531192
1327,1370,14.612488
1327,1377,10.789392
1328,1332,14.938499
1328,1338,6.350649
1328,1371,9.848303
1328,1373,10.49889
1330,1335,8.440483
1330,1385,12.894465
1331,1358,11.313679
1331,1363,9.100506
1331,1398,14.727368
1332,1338,8.719989
1332,1356,9.567288
1332,1371,12.988099
1332,1395,13.232961
1333,1349,10.340032
1333,1391,13.522526
1334,1337,12.689769
1334,1360,13.308773
1335,1355,11.175344
1335,1381,11.907179
1336,1344,13.876315
1336,1345,9.909368
1336,1359,7.109689
1336,1375,10.091921
1337,1347,10.034739
1338,1371,7.556977
1338,1373,13.711391
1338,1395,13.793347
1339,1351,14.878658
1339,1368,9.709178
1339,1369,9.8070545
1340,1351,8.543728
1340,1364,7.019154
1340,1397,12.471047
1340,1408,14.402472
1341,1361,9.442852
1341,1401,13.220021
1342,1353,7.1698895
1342,1362,10.8875475
1342,1393,13.645072
1343,1348,7.625784
1343,1355,10.015911
1343,1379,8.931566
1343,1394,14.70923
1344,1359,12.09614
1344,1364,14.707203
1344,1389,10.520635
1345,1346,10.783042
1345,1359,12.448525
1345,1375,8.816639
1345,1386,9.458731
1346,1386,11.177952
1348,1376,8.039921
1348,1379,9.556415
1348,1402,10.585978
1348,1411,14.767584
1349,1358,14.25825
1349,1383,11.549253
1349,1391,14.749448
1350,1372,12.461278
1350,1374,6.1082773
1351,1364,13.088261
1351,1369,11.327732
1351,1384,7.7996283
1351,1397,8.700334
1351,1408,14.311113
1352,1361,12.328422
1352,1366,9.8207445
1353,1419,13.42492
1354,1390,8.495133
1354,1400,11.483223
1355,1379,10.6303005
1355,1381,8.405427
1355,1394,8.608126
1355,1404,14.968927
1356,1395,13.39119
1357,1388,6.905067
1357,1412,12.496186
1358,1363,14.364539
1358,1383,6.3281612
1358,1398,9.473851
1359,1375,6.5451093
1359,1389,9.616327
1359,1409,9.713781
1360,1387,5.5229797
1361,1401,12.913104
1362,1393,7.0496945
1362,1410,11.444463
1363,1378,8.959421
1363,1398,11.084203
1363,1406,9.789554
1363,1416,13.069948
1364,1397,12.032696
1364,1399,8.459879
1364,1408,10.320459
1365,1366,12.809019
1365,1370,6.432376
1365,1377,7.0631227
1365,1400,14.839654
1365,1414,10.492891
1366,1370,6.6479254
1367,1372,7.269152
1367,1380,7.0525947
1367,1407,14.811638
1367,1418,13.059147
1367,1420,12.034606
1368,1369,8.505985
1368,1392,6.3350086
1368,1413,8.624398
1368,1433,13.620028
1369,1384,6.8652472
1369,1392,12.908354
1369,1397,13.720563
1369,1413,9.095412
1370,1377,13.001695
1370,1414,13.560081
1371,1373,9.599905
1371,1395,9.105508
1371,1405,8.364179
1372,1374,10.308209
1372,1380,13.890036
1372,1420,13.135592
1372,1421,12.754006
1373,1382,8.221451
1373,1405,8.303347
1373,1417,10.760713
1373,1435,14.625833
1374,1421,10.204423
1374,1422,9.4652605
1375,1386,8.910091
1375,1389,14.055348
1375,1409,8.499517
1376,1379,12.854508
1376,1382,14.711653
1376,1402,7.1190414
1376,1411,6.905653
1376,1425,14.340953
1376,1430,11.474321
1376,1445,14.269425
1377,1400,7.8022704
1377,1414,7.426068
1378,1380,10.06049
1378,1406,9.8907795
1378,1407,7.2501283
1378,1416,8.41974
1378,1418,13.176378
1379,1394,8.760941
1379,1402,8.755869
1379,1430,13.654994
1380,1407,7.823915
1380,1416,14.247306
1380,1418,7.9091096
1380,1420,11.689442
1381,1394,7.5896096
1381,1404,6.5822854
1381,1432,10.211427
1382,1405,13.8342285
1382,1411,12.689228
1382,1417,8.179736
1382,1425,9.188147
1383,1398,10.852685
1384,1397,6.878446
1384,1408,13.526157
1384,1413,12.828625
1385,1404,11.060889
1385,1424,10.055748
1385,1440,10.576687
1386,1409,14.166823
1388,1412,8.458774
1388,1426,12.139951
1388,1436,10.309739
1388,1442,10.602434
1389,1399,14.430219
1389,1409,9.716786
1389,1428,10.747274
1389,1443,13.37826
1389,1458,13.156445
1390,1400,8.862185
1390,1444,11.8061
1390,1466,13.745741
1391,1403,12.715717
1391,1431,14.505707
1392,1413,7.3105187
1392,1433,8.815328
1393,1410,8.977812
1393,1419,11.769601
1393,1429,8.917587
1393,1434,10.351941
1394,1404,12.338271
1394,1432,9.787615
1394,1456,11.6363735
1395,1405,12.209191
1396,1412,8.184555
1396,1427,6.3070536
1396,1436,13.984641
1396,1441,13.137606
1396,1460,12.430968
1397,1399,14.222428
1397,1408,6.749979
1398,1406,9.458856
1398,1450,12.348503
1399,1408,8.395907
1399,1428,7.71935
1399,1437,8.138356
1399,1457,12.569624
1400,1414,9.841453
1400,1444,9.730455
1401,1415,10.635597
1401,1449,10.927304
1401,1459,13.144923
1402,1411,8.429934
1402,1430,6.123574
1402,1445,12.835724
1402,1452,10.182389
1403,1426,11.820073
1403,1431,6.7444906
1403,1461,13.78206
1403,1462,13.780091
1404,1432,8.525265
1404,1440,10.978326
1404,1469,13.800141
1405,1417,10.431214
1405,1435,7.295381
1405,1464,14.787042
1405,1465,13.102378
1406,1407,11.745982
1406,1416,5.7030354
1406,1450,9.57832
1406,1451,13.9185295
1407,1416,6.6929364
1407,1418,6.3752236
1407,1420,14.499022
1407,1451,9.475098
1408,1428,14.371985
1408,1437,8.631485
1408,1468,13.66808
1408,1471,13.676161
1409,1443,6.9879394
1409,1454,10.385213
1409,1458,12.940692
1410,1415,6.5923114
1410,1429,7.6993527
1410,1434,13.934407
1411,1417,14.721552
1411,1425,8.400871
1411,1430,8.361021
1411,1445,7.5653925
1411,1452,13.731192
1411,1470,13.723518
1412,1427,7.9749107
1412,1436,7.006084
1412,1442,13.260323
1412,1460,11.998637
1413,1433,6.8568377
1414,1444,11.588407
1414,1448,7.867652
1415,1429,13.270656
1415,1459,10.514616
1416,1418,12.090855
1416,1450,11.687241
1416,1451,8.893202
1417,1425,6.7789593
1417,1435,10.508936
1417,1445,14.444053
1417,1464,8.745737
1417,1481,14.739234
1418,1420,8.421125
1418,1451,9.578407
1418,1463,14.873957
1419,1429,13.708884
1419,1434,7.8143315
1419,1446,10.691282
1419,1447,13.70106
1419,1467,10.724193
1420,1421,9.558422
1420,1422,14.880401
1420,1463,8.99847
1421,1422,5.3651915
1421,1453,9.711437
1421,1463,10.148496
1422,1453,5.9830074
1422,1463,13.441022
1423,1438,7.061896
1423,1446,14.557844
1423,1447,7.8423686
1423,1455,6.8728065
1424,1439,7.9356537
1424,1440,9.209887
1424,1476,13.161958
1424,1477,11.148274
1425,1430,14.808733
1425,1445,8.051328
1425,1464,10.976838
1425,1470,12.595671
1425,1481,12.689184
1426,1431,11.860938
1426,1442,8.32
1426,1461,9.092013
1426,1480,12.387431
1427,1436,10.426239
1427,1441,9.344642
1427,1460,6.134342
1427,1479,11.900931
1427,1489,14.67287
1428,1437,8.321634
1428,1457,7.9192486
1428,1458,11.046471
1428,1471,14.999838
1428,1474,10.319469
1429,1434,6.882293
1429,1467,14.970246
1430,1445,8.447035
1430,1452,5.4472427
1430,1470,11.96497
1430,1478,9.63482
1431,1461,8.925529
1431,1462,7.043466
1431,1494,14.482783
1432,1440,14.889185
1432,1456,7.321189
1432,1469,7.652714
1432,1490,13.814612
1433,1473,9.301542
1433,1488,11.550124
1434,1446,13.452698
1434,1467,8.898519
1435,1464,9.713273
1435,1465,7.4854517
1435,1497,12.558735
1436,1442,8.004444
1436,1460,10.510248
1436,1472,8.263519
1436,1479,10.233203
1437,1457,6.3743887
1437,1468,13.535636
1437,1471,8.00208
1437,1474,11.702945
1437,1499,13.215218
1438,1439,12.701537
1438,1447,13.280802
1438,1455,6.6941504
1438,1476,14.5318165
1439,1476,7.0955067
1439,1477,11.507778
1440,1469,14.249799
1440,1477,9.90654
1440,1490,13.27542
1441,1460,8.497011
1441,1479,14.105047
1441,1489,9.040364
1441,1508,13.389912
1442,1461,12.328274
1442,1472,8.598046
1442,1480,9.222396
1443,1454,5.7614493
1443,1458,8.357235
1443,1495,13.243132
1443,1501,12.42848
1444,1448,11.249237
1444,1466,10.180335
1444,1484,11.213802
1444,1485,10.353615
1445,1452,11.773495
1445,1464,14.787896
1445,1470,6.1976523
1445,1478,11.460384
1445,1481,11.158001
1445,1503,12.808047
1445,1504,13.675747
1446,1447,6.717289
1446,1455,13.735509
1446,1467,6.8375854
1447,1455,8.324012
1447,1467,13.5296135
1448,1485,9.88571
1449,1459,9.773214
1449,1482,7.6288476
1450,1451,14.627354
1450,1487,7.2731857
1450,1491,10.391836
1450,1506,12.320102
1451,1491,12.196192
1451,1514,14.115316
1452,1456,13.530754
1452,1470,12.681064
1452,1478,6.1084747
1452,1502,12.247902
1452,1504,12.225189
1453,1463,13.238389
1453,1492,12.656458
1453,1511,11.945348
1453,1515,14.888907
1454,1458,13.153307
1454,1501,10.899316
1456,1469,9.03705
1457,1458,12.088493
1457,1471,8.34504
1457,1474,5.3695974
1457,1495,14.228782
1457,1499,9.814672
1457,1500,10.510458
1457,1525,14.069956
1458,1474,8.450038
1458,1495,8.033204
1458,1501,13.105458
1459,1482,9.753251
1460,1472,13.176757
1460,1479,6.461515
1460,1489,9.564927
1460,1509,13.577608
1461,1462,8.301883
1461,1480,8.277315
1461,1494,7.611766
1461,1516,13.88465
1462,1483,10.464602
1462,1494,9.589983
1462,1498,11.589496
1462,1516,10.342427
1463,1492,8.078286
1464,1465,14.557782
1464,1470,14.684975
1464,1481,8.368827
1464,1497,12.798957
1464,1505,10.055859
1465,1493,9.004666
1465,1497,9.150644
1465,1523,13.349084
1466,1484,7.751678
1466,1485,14.125298
1466,1517,14.82297
1466,1520,14.24166
1466,1536,13.91019
1467,1533,13.678722
1467,1534,13.221291
1468,1471,8.77793
1468,1499,13.989694
1468,1513,10.152064
1468,1519,12.058665
1469,1490,6.739529
1470,1478,9.197941
1470,1481,7.8373675
1470,1503,6.769252
1470,1504,8.609106
1470,1505,11.805938
1470,1527,12.263042
1470,1537,14.340403
1471,1474,12.262172
1471,1499,6.83588
1471,1500,11.262634
1471,1519,11.653119
1471,1539,14.597257
1472,1479,8.305306
1472,1480,9.76667
1472,1509,11.403496
1472,1512,7.7952466
1473,1488,6.225373
1473,1532,11.592618
1474,1495,8.8691025
1474,1499,10.519416
1474,1500,8.4534025
1474,1525,10.632174
1474,1539,14.543661
1474,1543,14.955439
1475,1496,11.940226
1476,1477,9.447064
1477,1490,14.137469
1478,1502,8.091028
1478,1503,12.652897
1478,1504,6.128234
1478,1527,12.9776
1479,1489,10.672827
1479,1509,7.8055406
1479,1512,11.410363
1479,1529,13.755027
1480,1494,8.524157
1480,1512,11.03959
1481,1503,7.0677323
1481,1504,14.32037
1481,1505,4.8828497
1481,1527,14.352234
1481,1537,10.875833
1482,1521,8.600866
1483,1498,7.749467
1483,1516,12.615501
1483,1530,9.964388
1483,1531,14.25438
1484,1485,8.254213
1484,1517,7.1797776
1484,1518,12.5716505
1484,1520,14.36841
1484,1536,11.60257
1484,1540,9.867516
1485,1517,8.892921
1485,1518,8.164038
1485,1540,14.966405
1486,1506,14.2215605
1486,1510,6.7381487
1486,1524,9.943472
1486,1531,12.926109
1486,1554,14.111121
1487,1491,6.3162203
1487,1506,6.340405
1487,1524,14.677307
1487,1535,11.51956
1488,1513,14.172504
1488,1532,9.148437
1489,1508,8.988752
1489,1509,12.290277
1489,1529,11.008865
1489,1541,10.863
1490,1564,14.756623
1491,1506,11.515392
1491,1535,7.8918
1492,1511,11.118839
1492,1515,7.9235215
1492,1542,13.562599
1492,1551,12.479686
1493,1497,10.153234
1493,1523,9.947959
1493,1528,10.391987
1493,1545,10.398169
1494,1498,13.675818
1494,1516,7.807588
1495,1500,12.034348
1495,1501,8.826457
1495,1525,10.581883
1495,1543,10.238248
1495,1561,14.158206
1497,1505,14.36344
1497,1523,5.6665077
1497,1538,8.73602
1497,1545,13.047969
1497,1556,11.672645
1498,1516,6.5041933
1498,1530,7.9902143
1498,1531,14.970951
1498,1557,9.533178
1498,1566,12.132067
1499,1500,5.139577
1499,1519,9.674632
1499,1525,9.253384
1499,1539,7.8297296
1499,1570,14.521135
1500,1519,13.664353
1500,1525,4.36089
1500,1539,6.1111417
1500,1543,10.944246
1500,1582,14.531178
1501,1543,14.148303
1501,1561,12.377773
1502,1504,7.960135
1502,1527,12.276427
1502,1547,9.380336
1502,1565,11.988734
1502,1576,14.929819
1503,1504,8.2638445
1503,1505,7.9575415
1503,1527,7.3359165
1503,1537,7.7194276
1503,1567,13.397534
1503,1577,14.195383
1504,1527,6.849468
1504,1537,14.330238
1504,1565,12.986334
1504,1567,14.141047
1505,1527,14.025919
1505,1537,7.514235
1505,1538,10.915407
1505,1577,14.346872
1506,1524,8.380422
1506,1535,13.174198
1506,1558,14.229209
1506,1559,10.733496
1507,1508,12.851689
1507,1546,12.0714035
1507,1548,9.337145
1508,1529,14.7322235
1508,1541,8.190666
1508,1546,9.542812
1509,1512,8.340683
1509,1529,8.019454
1510,1524,9.448395
1510,1530,13.7183275
1510,1531,6.9448614
1510,1554,8.221331
1510,1558,11.617461
1510,1568,11.468888
1511,1515,5.7789407
1513,1519,8.9971485
1513,1532,14.960839
1513,1560,11.106427
1513,1572,12.595879
1514,1535,14.042845
1514,1542,9.5920105
1514,1550,8.591388
1515,1551,10.117709
1516,1530,14.21081
1516,1557,8.77264
1517,1518,7.3198295
1517,1536,12.142085
1517,1540,6.4884515
1517,1552,12.507574
1517,1574,12.940433
1517,1596,14.782933
1518,1540,13.258147
1518,1552,7.2525315
1518,1562,14.804517
1519,1539,11.439612
1519,1570,10.099114
1519,1572,12.2738495
1520,1536,4.5763392
1520,1540,11.319409
1520,1573,10.661089
1520,1574,12.803462
1520,1580,11.294429
1521,1553,12.012292
1521,1563,8.9428
1521,1575,9.444288
1521,1589,14.757629
1521,1602,14.786527
1522,1526,5.8428373
1522,1534,12.261515
1522,1555,7.9756503
1523,1538,7.6233387
1523,1545,7.974944
1523,1556,6.4642706
1523,1586,12.076072
1524,1554,9.851094
1524,1558,7.2562575
1524,1559,8.396102
1525,1539,5.88643
1525,1543,6.6488824
1525,1561,14.958962
1525,1578,11.909496
1525,1582,11.733501
1526,1533,12.156593
1526,1534,6.596943
1526,1555,10.391408
1527,1537,9.244766
1527,1565,9.712117
1527,1567,7.511482
1527,1577,12.054388
1528,1545,9.629465
1528,1588,12.446613
1528,1591,14.430341
1529,1541,8.682547
1529,1587,9.175008
1530,1531,7.187194
1530,1557,12.872819
1530,1566,6.883363
1530,1568,10.983228
1530,1593,14.303926
1530,1613,14.295906
1531,1554,9.521892
1531,1566,9.940091
1531,1568,7.2032695
1532,1560,10.344185
1532,1569,8.701987
1532,1592,12.652064
1533,1534,5.56852
1533,1549,7.510705
1533,1590,14.257835
1534,1549,12.556794
1535,1550,11.275054
1535,1606,13.031398
1536,1540,6.747548
1536,1573,9.153149
1536,1574,9.230131
1536,1580,12.205582
1536,1601,14.097435
1537,1538,12.730433
1537,1567,10.283219
1537,1577,7.2250896
1538,1545,14.342976
1538,1556,7.8957577
1538,1586,11.919808
1539,1543,10.934028
1539,1570,9.513296
1539,1578,13.049514
1539,1582,9.209397
1540,1573,11.099134
1540,1574,7.1316333
1540,1596,11.249983
1540,1601,13.747263
1541,1546,8.7633095
1541,1587,11.79089
1541,1600,14.584619
1542,1550,11.751019
1542,1551,8.311539
1542,1584,10.523949
1543,1561,8.337624
1543,1578,7.384457
1543,1582,11.408158
1543,1618,13.40855
1544,1610,14.356126
1544,1620,13.243298
1545,1556,7.9760013
1545,1586,11.090038
1545,1588,9.946031
1546,1548,12.40338
1546,1600,9.332505
1547,1565,8.633747
1547,1571,11.941278
1547,1576,5.5581884
1547,1608,11.493587
1547,1614,14.754184
1548,1600,14.580732
1548,1630,13.975329
1549,1581,11.695909
1549,1590,7.5717497
1549,1626,13.009657
1551,1584,6.311912
1551,1628,13.971037
1552,1562,9.31194
1552,1597,8.937349
1553,1575,10.239344
1553,1579,13.162869
1553,1583,6.2673626
1553,1589,7.850172
1553,1607,12.93347
1553,1625,13.891783
1554,1558,5.9243426
1554,1559,12.7228775
1554,1568,7.489332
1555,1603,9.05651
1555,1622,14.9970045
1555,1634,13.695115
1556,1586,5.6279993
1556,1588,14.44398
1556,1612,12.343808
1557,1566,11.333188
1557,1593,8.077534
1557,1605,10.766922
1557,1613,13.056821
1558,1559,6.8553166
1558,1568,13.147913
1558,1594,11.516386
1559,1594,7.987238
1559,1606,10.785312
1560,1569,6.983663
1560,1572,7.5989976
1560,1592,14.773607
1560,1621,13.379119
1561,1578,9.158303
1561,1585,9.574441
1561,1618,13.282064
1561,1619,10.066648
1562,1597,8.845973
1562,1609,10.385919
1563,1575,6.6669006
1563,1581,13.333504
1563,1589,13.768634
1563,1598,7.924887
1563,1602,8.268648
1563,1637,13.842735
1564,1571,9.017403
1564,1604,10.681167
1564,1614,14.675473
1564,1617,10.497888
1565,1567,8.570685
1565,1576,10.479551
1565,1608,10.539409
1565,1611,10.020866
1566,1568,8.362857
1566,1593,8.783929
1566,1613,7.4499664
1566,1627,12.70875
1567,1577,7.7033033
1567,1611,8.228887
1568,1613,11.825703
1568,1627,12.24951
1569,1572,13.371031
1569,1592,7.791689
1569,1631,11.310401
1570,1572,11.364048
1570,1582,9.84296
1570,1615,8.625783
1570,1621,14.240727
1570,1632,12.951958
1571,1576,8.701094
1571,1608,14.101727
1571,1614,7.5880103
1571,1617,11.197122
1572,1615,12.188986
1572,1621,8.281533
1573,1574,5.839556
1573,1580,6.0178695
1573,1595,13.8057995
1573,1596,11.427153
1573,1601,5.671806
1573,1616,8.798745
1573,1624,11.442342
1573,1643,12.764364
1574,1580,11.854488
1574,1596,6.6193376
1574,1601,6.6599584
1574,1616,13.115516
1574,1624,10.394765
1574,1636,14.363383
1574,1643,14.358784
1575,1583,13.008892
1575,1589,7.1517196
1575,1598,11.553195
1575,1602,5.9690075
1575,1625,10.19506
1575,1637,12.846449
1576,1608,7.3447194
1576,1614,9.38156
1576,1651,14.121771
1577,1611,12.895669
1577,1612,14.903313
1578,1582,7.4602885
1578,1618,6.0240936
1578,1619,10.524894
1578,1640,13.082444
1579,1583,9.178739
1579,1607,8.113955
1579,1609,12.254199
1579,1633,10.533208
1579,1639,14.713276
1580,1595,8.4007225
1580,1601,9.685711
1580,1616,7.4268956
1580,1642,12.352595
1580,1643,14.019758
1581,1590,8.152744
1581,1598,8.43854
1581,1626,12.331566
1581,1648,11.057251
1582,1615,12.943061
1582,1618,8.6957035
1582,1632,10.20546
1582,1640,11.832721
1583,1589,6.890685
1583,1607,6.680057
1583,1625,11.424221
1583,1639,10.413071
1584,1628,9.432397
1584,1649,11.129779
1585,1619,9.2893
1585,1641,9.664274
1586,1588,13.27158
1586,1612,7.8684683
1586,1638,9.819412
1587,1647,11.603064
1588,1591,11.826114
1588,1635,10.12463
1588,1638,14.80514
1588,1655,13.214719
1588,1677,14.91214
1589,1602,9.210981
1589,1607,11.267242
1589,1625,6.0642495
1589,1637,14.28605
1589,1639,10.804382
1589,1658,13.197681
1590,1626,6.077875
1590,1648,12.896927
1590,1662,13.300439
1591,1599,11.31162
1591,1635,9.817095
1592,1631,7.8218617
1592,1652,11.107819
1592,1657,14.734959
1593,1605,11.287204
1593,1613,5.7244763
1593,1627,12.65472
1593,1644,9.287385
1594,1606,6.4697046
1594,1665,14.447439
1595,1616,8.540503
1595,1642,7.2069373
1595,1653,9.697031
1595,1672,13.950287
1596,1601,8.487509
1596,1624,7.7602944
1596,1629,14.385216
1596,1636,8.193643
1596,1643,13.6469755
1597,1609,10.540527
1597,1629,9.083386
1597,1676,13.9959755
1598,1602,7.95582
1598,1637,8.900206
1598,1648,11.519484
1598,1673,13.49123
1599,1630,14.908769
1600,1630,10.902861
1600,1646,8.383317
1600,1656,11.718828
1601,1616,7.272606
1601,1624,5.8301516
1601,1636,12.8773775
1601,1642,14.118922
1601,1643,7.851985
1601,1672,14.910596
1601,1686,14.571861
1602,1625,8.136316
1602,1637,6.8878236
1602,1673,14.358943
1602,1687,14.811648
1603,1623,10.0969305
1603,1634,9.631894
1603,1645,8.915648
1604,1610,9.085285
1604,1617,9.480356
1604,1650,11.167091
1604,1661,10.152526
1605,1674,13.175619
1605,1684,13.848293
1606,1666,13.751478
1607,1625,12.8256855
1607,1633,9.267551
1607,1639,6.5996013
1607,1658,12.562692
1607,1667,10.098202
1608,1611,11.547776
1608,1614,10.121274
1608,1651,9.501464
1608,1692,14.252817
1609,1633,8.200195
1609,1676,13.141827
1609,1682,12.40083
1610,1620,7.619825
1610,1623,14.533262
1610,1650,7.681719
1610,1654,10.555312
1610,1661,11.872007
1612,1638,8.993151
1612,1664,9.496276
1613,1627,7.186588
1613,1644,7.9876513
1613,1670,13.369437
1613,1685,14.179115
1614,1617,10.224265
1614,1651,8.416418
1614,1699,14.422379
1615,1621,9.168465
1615,1632,8.090371
1615,1640,14.914047
1615,1660,8.572049
1616,1624,10.56686
1616,1642,7.0531726
1616,1643,7.142004
1616,1653,13.699307
1616,1672,10.064936
1616,1698,14.449746
1617,1661,11.540289
1617,1681,10.647424
1618,1619,9.104402
1618,1632,11.472632
1618,1640,7.4749684
1619,1640,14.59838
1619,1641,9.133977
1620,1623,6.9647784
1620,1650,11.864251
1620,1654,8.910865
1620,1688,13.771315
1621,1659,10.476793
1621,1660,10.963374
1621,1694,13.177086
1622,1634,8.107587
1622,1663,8.490408
1622,1668,10.3554535
1622,1710,14.738662
1623,1645,8.949376
1623,1654,11.446125
1623,1688,9.001879
1624,1636,7.9003854
1624,1643,6.1453624
1624,1672,14.060902
1624,1680,14.881874
1624,1686,9.3407545
1624,1698,12.574335
1625,1637,10.109092
1625,1639,8.915803
1625,1658,8.434052
1625,1687,10.666768
1626,1648,11.293691
1626,1662,7.3681335
1626,1668,12.886336
1626,1703,13.597257
1626,1705,14.811867
1627,1644,9.09698
1627,1670,8.118843
1627,1671,12.119315
1627,1685,12.7049
1627,1712,13.640765
1628,1649,8.537712
1628,1693,11.819044
1629,1636,9.352711
1629,1676,10.506164
1629,1680,10.652707
1630,1646,11.142685
1630,1656,6.080236
1630,1689,10.732588
1630,1690,12.118399
1631,1652,6.0893397
1631,1657,6.9193993
1631,1659,11.753841
1631,1701,11.407446
1632,1640,6.838968
1632,1660,10.258322
1632,1702,12.6305895
1633,1639,12.808874
1633,1667,8.279619
1633,1682,9.8435755
1634,1645,7.8492317
1634,1663,8.798535
1634,1706,12.8668165
1634,1710,13.33687
1635,1655,11.789863
1635,1677,7.0839095
1635,1711,13.008731
1636,1643,13.179187
1636,1680,9.106762
1636,1686,10.479311
1637,1648,12.622685
1637,1658,14.990324
1637,1673,7.5383816
1637,1687,10.469729
1637,1716,12.76886
1638,1655,7.6491475
1638,1664,8.353656
1638,1696,9.445967
1638,1726,14.2504635
1639,1658,5.969943
1639,1667,8.430813
1639,1687,13.566186
1639,1725,13.953977
1640,1702,9.12219
1641,1675,7.57014
1641,1678,10.697907
1641,1709,12.182265
1641,1723,13.654563
1642,1643,10.423705
1642,1653,6.8396587
1642,1672,6.842272
1642,1695,11.09181
1642,1698,13.834649
1642,1715,13.26682
1643,1672,7.954166
1643,1686,8.732534
1643,1698,8.4174185
1643,1715,13.256403
1643,1728,13.680991
1644,1670,9.198462
1644,1674,9.775188
1644,1685,6.466755
1644,1712,13.585935
1644,1719,11.745649
1645,1663,14.0995455
1645,1688,8.6094265
1645,1706,10.71322
1646,1656,7.302544
1646,1690,7.78169
1646,1700,10.417912
1647,1669,9.614126
1647,1708,11.157153
1648,1662,11.452868
1648,1673,9.442663
1648,1703,13.498071
1648,1717,11.690137
1649,1693,10.126698
1650,1654,7.564371
1650,1661,6.1184797
1650,1707,12.213188
1650,1729,11.396772
1651,1692,8.604508
1651,1699,9.302912
1652,1657,8.217832
1652,1701,7.6249604
1652,1738,13.58409
1653,1672,10.951037
1653,1679,8.50352
1653,1695,6.6766176
1653,1715,14.84763
1653,1721,13.838259
1653,1732,12.519423
1654,1661,13.339275
1654,1688,11.546626
1654,1729,11.426313
1655,1664,13.881736
1655,1677,8.470937
1655,1696,9.621326
1655,1711,11.029046
1655,1726,10.154457
1655,1741,14.517858
1656,1689,8.403591
1656,1690,6.0424185
1656,1700,14.514023
1657,1659,7.3801074
1657,1694,14.784011
1657,1701,7.5308037
1657,1730,10.950437
1657,1738,13.44382
1657,1747,12.185908
1658,1667,11.169334
1658,1687,7.8994584
1658,1725,9.200357
1658,1733,12.659309
1659,1660,14.759054
1659,1694,8.644051
1659,1701,14.232171
1659,1730,11.060002
1659,1734,13.126596
1660,1694,9.662794
1660,1731,11.84675
1660,1734,13.357049
1661,1681,9.828618
1661,1707,8.552734
1661,1729,12.286694
1662,1668,10.385605
1662,1703,6.360436
1662,1705,8.209527
1662,1717,11.1716175
1662,1754,13.601402
1663,1668,8.450229
1663,1705,14.980524
1663,1706,11.308704
1663,1710,6.2482653
1663,1718,9.011074
1663,1748,11.720356
1663,1766,14.976747
1664,1696,7.9618216
1664,1726,14.7942
1664,1741,12.236558
1665,1671,9.495689
1665,1720,9.4119215
1665,1722,11.642059
1665,1743,10.428522
1666,1713,7.81603
1666,1722,11.348248
1666,1764,14.629304
1667,1682,11.120852
1667,1725,13.798701
1667,1736,10.535172
1668,1703,13.463479
1668,1705,8.439165
1668,1710,11.721248
1668,1718,8.543929
1668,1754,13.991111
1669,1683,6.099409
1669,1708,14.594187
1669,1737,12.974315
1669,1778,14.929377
1670,1671,11.132011
1670,1685,7.691109
1670,1712,5.6256266
1670,1719,10.578747
1670,1755,12.595757
1670,1763,13.346023
1671,1712,12.422178
1671,1720,8.198932
1671,1756,12.467618
1672,1686,12.400857
1672,1695,11.083629
1672,1698,7.2992105
1672,1715,7.019773
1672,1728,13.190366
1672,1732,12.942525
1673,1687,11.263186
1673,1716,7.6286135
1673,1717,12.879837
1673,1733,14.28639
1673,1746,12.095387
1673,1757,13.336542
1674,1684,9.98282
1674,1685,8.368614
1674,1719,9.956865
1674,1727,8.217076
1674,1752,14.251872
1674,1762,13.30586
1675,1678,4.346305
1675,1691,13.025533
1675,1709,5.5702147
1675,1723,11.933634
1675,1744,13.47741
1676,1680,14.953138
1676,1682,9.315168
1676,1735,8.874609
1676,1740,13.274598
1677,1711,6.046284
1677,1726,12.601144
1678,1691,8.938004
1678,1709,7.5844736
1678,1744,11.487335
1679,1695,7.8809795
1679,1721,6.983579
1679,1732,12.227322
1679,1739,11.674582
1680,1686,10.274175
1680,1728,13.593147
1680,1745,7.8668785
1680,1768,14.6572695
1681,1699,9.737884
1681,1707,8.592528
1681,1759,10.500894
1682,1735,12.301288
1682,1736,10.480055
1682,1740,8.674553
1683,1684,9.998161
1683,1737,8.440757
1684,1727,10.682176
1684,1737,10.891034
1684,1752,11.76649
1685,1712,9.321083
1685,1719,5.3077154
1685,1727,12.201643
1685,1755,11.475979
1685,1762,14.20089
1686,1698,6.2960725
1686,1715,13.145663
1686,1728,7.036216
1686,1745,13.84587
1687,1716,8.708588
1687,1725,10.0574875
1687,1733,7.303843
1688,1706,11.672031
1689,1690,9.706961
1689,1697,12.194978
1689,1742,9.907554
1690,1700,9.591369
1690,1751,13.546251
1691,1704,12.763432
1691,1709,13.502389
1691,1744,8.608627
1692,1699,11.394044
1692,1760,11.054055
1693,1750,8.78562
1693,1753,11.800328
1694,1730,10.761786
1694,1731,12.292778
1694,1734,5.607131
1694,1767,11.865668
1694,1779,12.349186
1695,1715,11.391173
1695,1721,9.425811
1695,1732,5.9457316
1695,1765,11.372777
1695,1780,13.641346
1696,1711,14.89125
1696,1726,6.8348203
1696,1741,6.0330415
1696,1769,12.162802
1696,1771,13.412537
1697,1742,8.224897
1698,1715,6.9061055
1698,1728,6.105068
1698,1775,13.661616
1698,1783,14.550928
1699,1759,11.731964
1699,1760,10.178545
1700,1708,11.061951
1700,1751,7.3833632
1700,1761,12.313167
1700,1790,14.084039
1701,1730,11.462056
1701,1738,6.507095
1701,1747,7.860278
1702,1731,13.169047
1702,1772,10.464154
1703,1705,6.6040606
1703,1717,6.6844406
1703,1746,13.174923
1703,1754,9.107149
1703,1781,12.810918
1704,1714,7.918766
1704,1724,13.87637
1705,1710,14.909354
1705,1717,13.153292
1705,1718,8.613735
1705,1754,6.277032
1705,1766,13.041017
1706,1710,8.236423
1706,1718,14.67653
1706,1748,9.250403
1706,1758,6.6721873
1706,1782,11.063828
1706,1787,12.885325
1707,1729,8.619174
1707,1759,9.724395
1707,1788,14.934279
1708,1751,12.446173
1708,1761,8.532308
1708,1778,12.392388
1709,1723,9.345506
1709,1744,10.307657
1710,1718,6.514346
1710,1748,5.4790325
1710,1758,10.201511
1710,1766,9.730321
1710,1787,12.850152
1711,1726,9.271557
1711,1769,11.770915
1712,1719,9.051895
1712,1720,14.487136
1712,1755,7.786268
1712,1756,11.676203
1712,1763,7.8998003
1713,1722,9.258333
1713,1749,9.418701
1713,1764,7.985185
1713,1791,13.827341
1714,1724,6.0198274
1714,1739,11.866097
1714,1774,14.468268
1714,1789,11.280703
1715,1728,9.999685
1715,1732,9.627776
1715,1765,10.954485
1715,1775,8.858825
1716,1717,14.862749
1716,1733,7.594174
1716,1746,10.309056
1716,1757,7.7598176
1716,1770,9.889911
1717,1746,6.7643642
1717,1754,13.734071
1717,1757,12.888181
1717,1781,10.338788
1718,1748,8.23289
1718,1754,10.052958
1718,1766,7.270937
1719,1727,9.546432
1719,1755,7.2347455
1719,1762,9.60189
1719,1763,13.893232
1720,1722,13.921123
1720,1743,8.436366
1720,1756,6.8552475
1720,1763,12.97434
1720,1793,12.49332
1721,1724,12.168951
1721,1732,9.967345
1721,1739,6.754427
1721,1765,13.084772
1721,1774,10.158935
1721,1780,10.647318
1721,1798,13.808103
1722,1743,6.201579
1722,1764,7.7435246
1724,1739,5.861804
1724,1774,9.027645
1724,1789,10.201792
1725,1733,8.061588
1725,1736,14.204744
1725,1773,7.3671618
1725,1776,12.386904
1725,1803,14.614604
1726,1741,6.5446033
1726,1769,6.544884
1726,1771,14.660515
1727,1737,14.658762
1727,1752,6.778592
1727,1755,14.666597
1727,1762,5.9067826
1728,1745,12.931361
1728,1775,12.48733
1728,1783,8.870374
1728,1785,13.950014
1730,1734,9.765867
1730,1738,12.127768
1730,1747,7.145326
1730,1767,6.256147
1730,1779,11.682857
1730,1797,11.9529915
1731,1734,10.23521
1731,1772,11.684946
1731,1779,12.305761
1732,1765,5.427089
1732,1775,11.432936
1732,1780,8.705231
1733,1757,11.784576
1733,1770,8.511423
1733,1773,10.116127
1733,1803,14.873685
1734,1767,7.7800856
1734,1779,6.7705326
1735,1740,9.3165455
1735,1745,14.08208
1735,1768,7.4705596
1735,1784,10.473257
1735,1794,13.941388
1736,1740,7.7305408
1736,1776,10.561185
1736,1784,12.92985
1736,1786,9.370201
1737,1752,9.764282
1737,1778,14.334518
1737,1801,12.88955
1738,1747,5.2759132
1738,1797,13.401948
1739,1774,5.7405477
1739,1780,13.85338
1739,1789,12.7762375
1739,1798,13.518265
1739,1807,14.488166
1740,1784,7.3654823
1740,1786,10.302554
1741,1769,8.1648445
1741,1771,8.386032
1741,1811,14.355693
1742,1795,11.120406
1743,1756,12.736683
1743,1764,11.51655
1743,1793,12.731719
1745,1768,9.308133
1745,1783,12.796747
1745,1785,9.240087
1745,1794,10.404839
1746,1757,6.1922555
1746,1770,13.067964
1746,1781,9.283088
1747,1767,10.8865385
1747,1797,10.036591
1748,1758,7.0940337
1748,1766,6.368262
1748,1782,12.833562
1748,1787,7.5325975
1749,1764,12.8039255
1749,1791,7.0885596
1749,1806,14.528666
1749,1813,14.045903
1750,1753,14.973182
1750,1792,12.405058
1750,1806,14.722244
1751,1761,8.1599245
1751,1790,6.8257
1751,1796,9.754943
1751,1808,13.964815
1752,1762,7.8543296
1752,1801,14.560927
1753,1792,10.473454
1754,1766,10.399389
1754,1781,12.42294
1754,1799,13.898222
1755,1756,14.573563
1755,1762,11.5396595
1755,1763,7.807404
1755,1802,13.409244
1756,1763,6.9242024
1756,1793,8.521901
1756,1802,11.351172
1757,1770,6.8758864
1757,1781,13.03793
1757,1815,12.8785515
1758,1766,12.731888
1758,1782,6.0518146
1758,1787,6.643448
1758,1804,10.2615385
1759,1760,14.451765
1759,1788,6.2369742
1759,1800,12.829779
1760,1788,14.337297
1760,1800,13.57577
1760,1805,12.068662
1760,1810,10.262946
1761,1778,11.867845
1761,1790,7.5931106
1761,1796,13.784947
1761,1808,10.501087
1763,1793,12.775223
1763,1802,8.929664
1764,1791,12.880883
1765,1775,8.068189
1765,1780,6.0978384
1765,1798,12.91129
1766,1787,9.700898
1767,1779,6.0081916
1767,1797,9.432898
1767,1817,11.583442
1768,1784,12.702975
1768,1785,13.08252
1768,1794,6.568327
1769,1771,13.269881
1769,1811,12.626285
1770,1773,12.666935
1770,1803,12.774495
1770,1815,8.743927
1770,1824,13.684739
1770,1836,13.206925
1771,1777,10.238524
1771,1811,10.37541
1771,1819,14.082976
1772,1809,8.16738
1773,1776,8.244514
1773,1803,7.325527
1773,1814,10.823953
1773,1824,12.915826
1774,1780,12.064389
1774,1789,10.17241
1774,1798,9.048446
1774,1807,9.226675
1774,1826,14.395308
1775,1780,13.616975
1775,1783,11.819378
1776,1786,7.651246
1776,1803,10.73279
1776,1814,8.693763
1777,1819,10.241534
1778,1801,14.248004
1779,1797,13.369176
1779,1817,10.511411
1780,1798,7.0119452
1780,1826,14.982033
1781,1799,6.1352234
1781,1821,10.116371
1782,1787,8.867363
1782,1804,6.364555
1782,1818,11.380888
1782,1822,13.714041
1783,1785,7.543484
1783,1839,13.282037
1784,1786,8.841301
1784,1825,11.204805
1785,1794,8.566938
1785,1835,11.0063715
1785,1839,11.886297
1786,1814,13.411067
1786,1825,11.914249
1787,1804,8.234323
1787,1822,9.465441
1788,1800,7.111067
1788,1810,12.565829
1789,1807,7.7564383
1789,1834,12.008244
1789,1850,14.9806185
1790,1796,6.318722
1790,1808,7.411845
1791,1806,11.332782
1791,1813,7.129517
1791,1832,13.725237
1792,1820,14.649922
1792,1844,12.717309
1793,1802,10.135138
1793,1816,9.83507
1793,1831,10.517883
1794,1835,12.060688
1795,1812,12.567563
1795,1823,9.086192
1795,1859,13.217565
1796,1808,11.037738
1796,1840,11.133938
1797,1817,9.682639
1797,1833,8.418194
1798,1807,11.635932
1798,1826,8.411145
1799,1821,5.193944
1799,1841,12.999196
1799,1861,12.803865
1800,1810,6.8318567
1800,1827,10.472918
1800,1872,13.461673
1801,1829,10.357598
1801,1847,10.199419
1801,1848,14.8125515
1802,1830,11.163811
1802,1831,12.005848
1802,1853,11.272089
1803,1814,6.372827
1803,1815,11.88568
1803,1824,5.8133283
1803,1836,11.215722
1804,1818,8.053843
1804,1822,8.013536
1804,1855,10.993464
1804,1856,13.850746
1805,1810,8.989993
1805,1827,10.558896
1805,1828,7.068428
1805,1838,14.9983225
1805,1871,13.953301
1806,1813,9.986114
1806,1820,8.73548
1806,1832,8.340476
1806,1862,13.203804
1807,1826,10.389473
1807,1834,9.764859
1807,1850,8.531209
1807,1869,14.877983
1807,1875,14.998233
1808,1860,9.954143
1809,1845,8.252395
1810,1827,7.046182
1810,1828,10.820161
1811,1819,14.324708
1812,1858,14.761432
1812,1859,14.022889
1813,1832,7.6980896
1813,1843,10.683234
1813,1865,10.183576
1814,1824,9.141525
1815,1824,8.786397
1815,1836,5.0616546
1815,1841,13.159596
1816,1831,8.711634
1816,1868,9.673907
1817,1833,10.703054
1818,1822,13.287124
1818,1842,7.3079033
1818,1846,12.804074
1818,1855,10.480304
1818,1856,8.197633
1819,1838,12.734663
1819,1882,12.764846
1820,1832,10.979754
1820,1854,8.810235
1820,1862,9.514271
1821,1841,8.163702
1821,1861,7.6572785
1822,1855,8.0496855
1822,1856,14.712481
1822,1870,11.1606045
1823,1840,9.050127
1823,1859,9.41391
1823,1876,10.902367
1824,1836,6.0751386
1825,1857,14.749212
1825,1867,8.932934
1825,1897,13.234518
1826,1850,9.460357
1826,1874,9.836094
1826,1875,9.816965
1827,1828,7.172385
1827,1871,11.4555645
1827,1872,13.098521
1827,1898,11.9372015
1828,1838,12.92935
1828,1871,7.145625
1829,1847,10.7470255
1829,1860,14.559839
1829,1873,8.526581
1829,1878,9.79732
1830,1849,13.151718
1830,1852,7.916434
1830,1853,9.781676
1830,1885,9.528482
1830,1888,13.681347
1831,1853,9.127335
1831,1868,10.516344
1832,1862,7.8235044
1832,1865,8.804042
1833,1863,7.850096
1833,1891,13.994719
1833,1894,13.394709
1834,1850,7.5278482
1834,1869,6.5442076
1834,1875,14.2500925
1835,1839,6.328875
1835,1857,11.969397
1835,1864,7.472724
1835,1889,9.330295
1836,1841,14.196126
1837,1842,14.09028
1837,1846,7.443902
1837,1851,6.4571457
1837,1881,8.387385
1837,1893,13.364364
1838,1871,11.907681
1838,1882,8.803004
1839,1864,4.209707
1839,1889,11.768545
1839,1919,14.867024
1840,1876,12.550323
1840,1877,13.324471
1840,1899,10.770563
1841,1861,5.08592
1841,1904,13.386916
1841,1920,13.912046
1842,1846,6.8139176
1842,1855,12.296845
1842,1856,5.3659616
1842,1893,10.604811
1842,1909,11.986796
1843,1865,9.471465
1843,1886,8.730128
1843,1890,9.000293
1844,1854,9.864823
1844,1900,10.85184
1844,1902,14.414721
1845,1880,9.553522
1845,1906,11.600429
1846,1851,13.393609
1846,1856,11.796293
1846,1881,11.04599
1846,1893,8.659759
1847,1848,7.8382854
1847,1849,14.718558
1847,1878,9.331411
1847,1879,6.956265
1847,1887,14.576566
1847,1914,13.619357
1848,1849,6.8811746
1848,1852,12.602344
1848,1879,8.685184
1848,1887,9.482186
1848,1888,13.124323
1848,1914,14.226058
1849,1852,5.7740664
1849,1879,14.228716
1849,1885,13.990344
1849,1887,9.287222
1849,1888,8.716481
1849,1915,14.353376
1850,1869,8.428715
1850,1875,7.409602
1850,1918,14.181234
1851,1872,14.63812
1851,1881,7.670632
1851,1883,10.607191
1852,1885,8.903332
1852,1887,11.714661
1852,1888,7.2232146
1852,1915,13.704548
1853,1885,11.65724
1854,1862,9.436392
1854,1900,12.333023
1854,1902,9.068903
1855,1856,7.5259657
1855,1870,13.369163
1855,1901,8.723977
1855,1909,12.703547
1855,1913,13.005732
1856,1893,12.410738
1856,1901,10.853378
1856,1909,8.790931
1857,1889,11.202318
1857,1892,6.496923
1857,1897,13.732076
1857,1903,9.609614
1857,1926,12.174879
1858,1884,5.7741766
1858,1905,9.95062
1859,1876,7.070266
1859,1911,11.645757
1860,1873,10.419555
1860,1877,10.622511
1860,1912,13.240242
1860,1930,14.3445635
1861,1904,9.120398
1861,1920,12.136251
1861,1938,14.912821
1862,1865,12.538414
1862,1902,12.772221
1863,1891,6.2874627
1863,1894,10.452725
1864,1889,8.710489
1864,1919,10.673754
1865,1886,13.889273
1865,1890,8.416238
1865,1923,9.392742
1866,1896,5.598859
1866,1907,9.365492
1866,1929,13.939124
1866,1931,12.595185
1867,1897,9.330945
1867,1903,14.988533
1867,1908,12.601622
1868,1886,11.080439
1868,1916,9.759902
1869,1875,11.889053
1869,1918,10.9844675
1869,1941,13.181149
1870,1901,14.426335
1870,1913,11.549237
1870,1921,9.956426
1871,1898,13.347279
1872,1883,9.413922
1872,1898,9.783641
1873,1878,8.316309
1873,1912,9.489868
1874,1875,9.981959
1874,1925,8.017196
1874,1937,13.790923
1874,1948,14.393071
1875,1918,10.540566
1875,1925,10.47444
1875,1937,10.230101
1876,1899,9.231491
1876,1911,6.268991
1876,1946,13.390912
1877,1899,11.994765
1877,1928,8.088561
1877,1930,9.30865
1877,1934,11.493538
1877,1961,13.826879
1878,1879,8.582127
1878,1912,14.2093315
1878,1914,11.295523
1878,1949,13.54879
1879,1887,9.759427
1879,1914,6.749581
1879,1942,12.376661
1880,1895,12.92816
1880,1906,10.146299
1880,1917,8.175721
1881,1883,9.992091
1881,1893,10.43598
1881,1927,8.908256
1882,1922,11.204396
1883,1927,10.025817
1884,1905,6.1815324
1884,1933,14.808339
1884,1960,13.743898
1885,1888,8.253785
1885,1915,11.957204
1886,1890,6.8260803
1886,1923,13.643196
1887,1888,6.773132
1887,1914,10.050147
1887,1915,7.48146
1887,1942,10.032718
1887,1950,11.135987
1888,1915,6.4840345
1888,1942,14.815274
1888,1950,12.8770685
1889,1892,9.5479555
1889,1919,9.585453
1889,1926,13.278543
1889,1943,10.925645
1890,1923,7.143406
1890,1969,14.0843725
1891,1894,13.390487
1892,1897,12.253228
1892,1903,6.160522
1892,1926,5.9196906
1892,1943,11.902136
1892,1956,12.145877
1893,1909,10.3604965
1893,1927,13.33888
1893,1939,8.512028
1894,1895,11.838572
1894,1935,9.4763975
1895,1917,9.839199
1895,1935,9.261006
1896,1907,7.191062
1896,1929,9.4483
1896,1931,7.226734
1896,1936,11.242722
1896,1967,13.173645
1897,1903,6.2823205
1897,1926,11.509033
1897,1944,8.686443
1899,1911,10.051072
1899,1928,10.94771
1899,1934,6.8111706
1899,1946,9.397036
1899,1966,13.490253
1900,1902,8.226414
1900,1951,10.1292515
1900,1976,13.322045
1901,1909,8.357186
1901,1913,6.4982543
1901,1945,8.17289
1901,1959,13.166374
1901,1965,14.799725
1902,1951,8.196492
1902,1958,11.198046
1903,1926,5.913061
1903,1944,9.807979
1903,1956,11.501976
1904,1920,7.744231
1904,1938,5.881203
1904,1963,11.145935
1904,1964,13.066923
1904,1980,13.461011
1905,1933,8.627415
1905,1960,10.091884
1905,1975,13.64604
1906,1917,11.958743
1906,1929,11.088703
1906,1954,8.8057165
1907,1910,9.524393
1907,1931,7.720578
1907,1936,6.57615
1907,1962,11.970171
1907,1967,12.741122
1908,1940,11.573647
1908,1947,9.166929
1908,1970,14.970447
1909,1913,14.264271
1909,1939,10.115208
1909,1945,10.927629
1909,1965,10.876542
1910,1924,12.139604
1910,1931,14.998573
1910,1936,9.429672
1910,1962,12.320621
1910,1972,11.514277
1910,1979,14.590635
1911,1934,13.478907
1911,1946,8.889286
1912,1930,10.008138
1912,1949,14.926204
1912,1968,10.363621
1913,1921,9.57517
1913,1945,7.9604053
1913,1959,8.644293
1913,1974,14.523141
1913,1977,14.391952
1914,1915,14.106657
1914,1942,6.470658
1914,1949,10.540002
1914,1950,12.425165
1915,1942,10.096364
1915,1950,6.5466437
1916,1983,12.671232
1917,1954,13.549969
1918,1925,14.3994875
1918,1937,8.209345
1918,1941,8.28527
1918,1985,14.839544
1919,1943,10.819697
1919,1955,11.147496
1920,1932,12.056897
1920,1938,10.587562
1920,1952,8.989419
1920,1963,7.7010727
1920,1980,13.340053
1920,1995,14.8599205
1921,1953,9.025531
1921,1959,11.98162
1921,1964,14.505326
1921,1974,9.695967
1922,1971,10.745552
1923,1969,10.296434
1923,1987,12.813462
1924,1941,9.4919
1924,1972,14.911092
1924,1979,9.650313
1924,1984,13.226278
1925,1937,7.0800543
1925,1948,8.524377
1925,1985,12.903332
1926,1943,9.921671
1926,1944,10.593334
1926,1956,6.420661
1927,1939,13.7985
1928,1930,6.9681287
1928,1934,5.8978763
1928,1946,12.914394
1928,1961,6.485313
1928,1966,9.086409
1928,2000,14.1628065
1929,1931,9.480519
1929,1954,11.2928095
1929,1967,12.071552
1929,1978,11.484892
1929,1988,9.554259
1930,1934,12.851308
1930,1961,7.4314284
1930,1966,14.174125
1931,1936,6.3038173
1931,1962,9.389083
1931,1967,6.0297184
1931,1988,10.841512
1931,1992,12.245397
1931,1993,14.488304
1931,2002,13.444406
1932,1940,9.402563
1932,1952,7.756454
1932,1982,14.795231
1933,1960,10.539148
1933,1975,8.709673
1933,1981,11.644284
1934,1946,7.265901
1934,1961,9.995812
1934,1966,7.0698733
1935,1990,12.463445
1936,1962,5.394029
1936,1967,7.9849796
1936,1972,10.669832
1936,1992,11.890385
1936,1993,11.5604725
1937,1948,12.589574
1937,1985,9.273636
1937,2007,14.6907015
1938,1953,12.665402
1938,1963,9.395042
1938,1964,7.410273
1938,1980,8.77326
1939,1965,9.274861
1940,1947,13.3006735
1940,1982,7.9285445
1941,1979,13.179562
1941,1984,8.732211
1942,1949,12.865151
1942,1950,6.280933
1943,1956,9.331241
1943,1994,9.474779
1944,1947,14.878444
1944,1956,10.517932
1944,1970,9.192412
1944,1997,10.463713
1944,2014,14.652695
1944,2016,12.749636
1945,1959,7.325799
1945,1965,9.5389385
1945,1977,7.0121765
1945,1999,14.615875
1945,2025,13.959552
1946,1961,14.961483
1946,1966,8.126761
1947,1970,7.3083797
1947,1982,11.817447
1947,2016,14.903486
1947,2017,11.606028
1947,2037,14.194013
1948,1973,10.912776
1948,1985,11.779108
1948,1996,8.558024
1948,2032,13.988701
1949,1968,7.795028
1949,2021,11.917989
1950,2029,12.282314
1951,1958,7.390695
1951,1976,8.042371
1951,1989,9.314019
1951,2001,13.574435
1952,1963,8.124348
1952,1980,14.161838
1952,1995,10.668203
1953,1959,14.81834
1953,1964,6.4133687
1953,1974,5.875571
1953,1998,8.997799
1953,1999,14.268232
1953,2020,14.34106
1954,1978,7.436151
1954,1988,13.499509
1954,2006,9.984997
1954,2012,13.9404745
1955,1973,10.111634
1955,2008,10.946409
1956,1994,10.999155
1956,1997,10.549872
1956,2014,8.775991
1957,1960,10.903017
1957,2004,9.2033415
1957,2019,10.467071
1958,1976,13.544629
1958,1989,8.377787
1958,2001,8.429955
1958,2005,11.151464
1959,1974,9.7554
1959,1977,9.141362
1959,1999,8.17435
1959,2025,11.737433
1959,2040,14.763038
1960,1975,6.988694
1960,2019,12.39612
1960,2028,11.884343
1961,1966,7.71769
1961,2000,8.239417
1962,1967,6.9018817
1962,1972,7.383645
1962,1988,14.520387
1962,1992,7.599608
1962,1993,6.1725473
1962,2002,12.759866
1962,2031,12.861911
1963,1964,13.856165
1963,1980,6.4967294
1963,1995,7.517182
1964,1974,11.642216
1964,1980,9.211424
1964,1998,10.990175
1964,2020,10.679534
1965,1977,7.5388246
1965,2025,14.491584
1966,2000,9.046424
1967,1972,14.203783
1967,1988,7.7577868
1967,1992,6.3569465
1967,1993,9.7513275
1967,2002,7.9269743
1967,2030,14.248965
1968,2021,10.324472
1969,1986,10.664454
1969,1987,7.8874817
1969,2023,9.687023
1969,2026,14.520478
1969,2027,9.855154
1970,1997,12.070152
1970,2016,8.553969
1970,2017,8.321252
1970,2046,13.995022
1971,1981,10.884744
1971,2018,7.632119
1972,1979,8.792404
1972,1992,12.707188
1972,1993,7.9740386
1972,2013,12.385532
1972,2031,9.052653
1972,2045,14.588544
1973,1996,11.572778
1973,2032,11.389254
1974,1998,7.228384
1974,1999,8.500679
1974,2040,11.516599
1975,1981,9.606591
1975,2028,10.464026
1975,2048,13.588314
1976,1989,9.234682
1977,1999,12.490079
1977,2025,7.9053354
1978,1988,7.7760997
1978,2002,12.100197
1978,2006,9.077737
1978,2030,9.50722
1978,2044,10.818844
1979,1984,9.4869375
1979,2013,7.341397
1979,2031,12.466994
1979,2034,13.138795
1979,2045,13.487079
1980,1995,7.589401
1980,2020,8.992354
1980,2047,12.329333
1981,2018,13.760372
1981,2048,13.797367
1982,2037,11.578192
1983,1986,9.684772
1983,2010,14.083155
1983,2011,6.2724586
1983,2022,6.389803
1983,2041,13.545628
1984,2007,12.002167
1984,2013,9.20364
1984,2024,7.818322
1984,2034,8.04294
1984,2057,13.680628
1985,1996,10.736533
1985,2007,9.343986
1985,2039,10.384234
1985,2058,13.254853
1986,2011,14.547702
1986,2022,9.004035
1986,2027,10.668132
1986,2041,8.708222
1987,2001,14.846616
1987,2005,8.638782
1987,2023,6.6562862
1987,2026,7.9487247
1987,2027,11.185643
1988,1992,10.396671
1988,2002,6.078433
1988,2030,8.709435
1988,2044,14.529146
1989,2001,6.55939
1989,2005,12.869737
1990,2059,12.392094
1990,2061,11.172619
1991,2003,6.0756254
1991,2015,10.2108345
1991,2033,4.4832077
1991,2054,12.67096
1991,2055,13.204032
1992,1993,5.3875146
1992,2002,6.0684824
1992,2030,12.61853
1992,2031,12.834396
1993,2002,11.401156
1993,2031,7.960205
1994,2008,11.267397
1994,2014,9.818899
1994,2076,14.119955
1995,2020,12.858576
1995,2043,11.732376
1995,2047,9.470144
1996,2032,6.5314817
1996,2039,9.041674
1996,2067,12.999794
1997,2014,6.644181
1997,2016,7.0108023
1997,2017,13.272369
1997,2051,10.814453
1997,2052,9.322509
1998,1999,10.118316
1998,2020,10.289292
1998,2040,8.168865
1998,2062,9.652286
1998,2065,14.123942
1998,2068,14.938214
1999,2025,8.99935
1999,2040,6.646517
1999,2062,14.038097
1999,2065,10.936473
2000,2064,13.9174385
2000,2066,11.231838
2001,2005,6.458105
2001,2026,11.818683
2001,2079,13.932858
2002,2030,6.7994804
2002,2044,14.157552
2003,2033,6.3372073
2003,2054,13.776465
2003,2055,9.3455
2004,2019,7.1003737
2004,2049,10.74869
2004,2056,8.815848
2005,2023,11.205454
2005,2026,6.1678476
2006,2012,6.1457415
2006,2030,14.419683
2006,2044,10.025242
2006,2075,12.809045
2007,2024,7.853939
2007,2034,13.0928135
2007,2039,13.776112
2007,2058,9.35341
2007,2083,14.98225
2008,2088,14.91581
2009,2010,12.452387
2009,2029,12.110444
2009,2036,7.505453
2009,2050,7.597088
2009,2087,14.851157
2010,2011,8.783836
2010,2036,7.9702487
2010,2069,12.413714
2011,2022,6.886459
2011,2041,14.967417
2011,2069,12.714883
2011,2082,13.891997
2012,2044,14.633496
2012,2075,13.852779
2012,2101,14.812854
2013,2024,11.997933
2013,2031,10.003524
2013,2034,7.4347267
2013,2045,7.1516004
2013,2057,8.145472
2013,2086,13.518183
2014,2016,13.261675
2014,2051,8.364816
2014,2052,12.946976
2014,2076,12.758376
2015,2033,10.075622
2015,2038,14.555337
2015,2042,6.914159
2015,2054,11.703075
2016,2017,6.344382
2016,2037,14.839504
2016,2046,9.745217
2016,2051,14.037355
2016,2052,6.635851
2016,2072,11.78526
2016,2084,13.772076
2017,2037,8.644817
2017,2046,5.675649
2017,2052,10.412206
2017,2072,12.119117
2017,2077,11.8560705
2018,2035,14.613696
2019,2028,8.748731
2019,2049,5.974208
2019,2056,9.297087
2019,2081,11.910265
2020,2047,9.693735
2020,2062,12.469088
2020,2068,10.691053
2020,2085,13.980451
2021,2060,7.308882
2021,2071,11.076719
2021,2097,14.6863365
2022,2041,8.174003
2022,2082,13.126948
2023,2026,6.2706065
2023,2027,5.760925
2023,2074,10.927921
2023,2078,14.21458
2024,2034,5.2630267
2024,2057,11.063101
2024,2058,12.546368
2024,2083,11.78889
2024,2091,12.242436
2025,2040,12.421568
2025,2065,12.031954
2026,2027,11.764475
2026,2074,10.60005
2026,2096,12.238823
2027,2041,9.271133
2027,2074,11.9532585
2027,2078,10.840628
2028,2048,9.413839
2028,2049,8.562246
2028,2081,13.023456
2028,2107,13.598043
2029,2050,11.4893875
2029,2053,8.850427
2029,2073,10.451371
2029,2095,14.977724
2030,2044,7.385303
2031,2045,7.2588735
2031,2057,13.604477
2031,2086,14.808384
2032,2039,10.923074
2032,2067,7.5456643
2033,2054,8.425817
2033,2055,9.728587
2033,2094,14.540836
2034,2045,10.960341
2034,2057,6.2853456
2034,2083,12.885918
2034,2086,12.688773
2034,2091,10.410823
2036,2050,7.920759
2036,2069,13.179327
2036,2087,11.235031
2036,2100,11.802554
2037,2046,7.155678
2037,2077,9.68738
2038,2042,9.00786
2038,2063,9.571133
2039,2058,9.162725
2039,2067,12.028742
2039,2103,13.462999
2039,2110,13.733614
2040,2062,7.5868635
2040,2065,6.213681
2041,2078,10.265309
2041,2082,14.936791
2041,2098,11.433023
2042,2054,12.843979
2042,2093,11.730885
2043,2047,14.106677
2043,2102,13.511069
2044,2075,8.519435
2044,2106,11.403952
2045,2057,6.5385036
2045,2086,8.144131
2045,2091,13.923375
2046,2052,10.06603
2046,2072,8.2755995
2046,2077,6.1853266
2046,2084,13.536683
2046,2111,12.816022
2047,2068,11.505385
2047,2085,6.965466
2047,2102,11.171235
2048,2107,14.975127
2048,2115,11.257231
2049,2056,6.79932
2049,2081,6.0609155
2049,2107,9.9529085
2049,2112,13.352129
2050,2073,13.50555
2050,2087,7.8182807
2050,2095,9.926638
2050,2100,13.384955
2051,2052,9.625147
2051,2072,14.244372
2051,2076,7.5980215
2051,2084,10.067331
2051,2120,13.807554
2051,2122,14.042949
2052,2072,6.80285
2052,2077,13.187424
2052,2084,7.189893
2052,2111,13.21935
2052,2122,14.497855
2053,2073,6.3488846
2053,2089,10.200993
2053,2095,14.794906
2053,2117,12.364556
2054,2055,10.475524
2054,2093,9.543587
2054,2094,10.901369
2054,2116,9.7581415
2055,2094,6.607518
2055,2116,13.569278
2056,2081,7.427899
2056,2107,13.089832
2056,2112,10.150166
2057,2083,13.3558035
2057,2086,6.508322
2057,2091,7.908494
2058,2083,10.169882
2058,2103,9.030923
2059,2061,6.59955
2059,2070,14.798306
2059,2090,11.245833
2059,2105,8.670114
2060,2071,5.7738137
2060,2089,11.878884
2060,2097,7.3779154
2060,2113,13.091565
2061,2070,8.471906
2061,2090,7.3328743
2061,2099,12.992651
2061,2105,11.57169
2062,2065,9.164216
2062,2068,8.414349
2062,2121,13.399443
2062,2123,14.304968
2063,2092,14.883682
2063,2114,10.963095
2064,2066,7.54239
2064,2071,11.109265
2064,2113,11.830034
2064,2119,12.567068
2065,2123,11.756238
2066,2119,10.74279
2067,2080,13.012274
2067,2110,11.436181
2068,2085,9.218523
2068,2121,9.370811
2068,2138,13.682452
2069,2082,6.382983
2069,2100,9.502695
2069,2104,5.872463
2069,2118,11.375878
2069,2125,11.674556
2070,2090,6.8143373
2070,2099,4.655408
2070,2109,10.198478
2070,2129,12.003935
2071,2097,7.0905876
2071,2113,8.076476
2072,2077,7.8508935
2072,2084,5.6288257
2072,2111,6.6445565
2072,2122,11.559956
2072,2137,13.62529
2073,2089,12.00445
2073,2095,8.661092
2073,2117,7.462236
2074,2078,9.42773
2074,2096,9.784607
2074,2126,10.600177
2074,2132,11.999056
2075,2101,8.420491
2075,2106,7.5878286
2075,2127,13.457203
2076,2088,12.163194
2076,2120,11.583483
2077,2084,13.316554
2077,2111,8.674481
2077,2137,13.696559
2078,2098,9.6957035
2078,2126,11.603992
2078,2139,11.794067
2079,2096,7.4202747
2079,2108,6.904991
2079,2134,11.831849
2079,2140,14.760958
2080,2088,13.168392
2081,2107,5.671707
2081,2112,8.078088
2081,2115,14.540347
2082,2098,9.95485
2082,2100,14.782858
2082,2104,6.5320067
2082,2118,7.0771904
2082,2125,13.6474495
2083,2091,6.675234
2083,2103,10.811716
2083,2150,14.962137
2084,2111,8.627213
2084,2120,12.778169
2084,2122,7.3451724
2084,2137,14.568982
2085,2102,7.7947507
2085,2121,13.480317
2085,2138,12.105993
2086,2091,8.515366
2087,2095,7.3273964
2087,2100,7.686547
2087,2124,8.526268
2087,2125,14.422327
2089,2097,10.737944
2089,2117,11.607969
2089,2131,9.016644
2090,2099,9.294734
2090,2105,10.085441
2090,2109,13.451399
2090,2129,8.205881
2090,2133,10.261596
2092,2114,8.12273
2093,2116,10.271617
2094,2116,8.502154
2094,2149,14.495117
2095,2100,14.757817
2095,2117,9.612059
2095,2124,9.119919
2095,2141,13.6332035
2096,2108,13.296403
2096,2126,14.882532
2096,2132,10.974697
2096,2134,10.009022
2097,2113,8.973252
2097,2131,13.274984
2098,2104,14.86707
2098,2118,9.626003
2098,2139,10.56091
2099,2101,12.325073
2099,2109,5.564678
2099,2129,10.936163
2100,2104,9.492438
2100,2124,11.382639
2100,2125,7.9557395
2100,2146,13.294146
2101,2106,13.3630495
2101,2109,8.932356
2101,2142,14.767601
2102,2138,14.819637
2103,2110,9.16842
2104,2118,6.9438376
2104,2125,7.154837
2104,2151,12.379661
2105,2129,13.981492
2105,2133,7.9509845
2106,2127,5.9482784
2106,2142,10.594417
2107,2112,10.850509
2107,2115,9.108397
2108,2128,10.173896
2108,2134,12.507492
2108,2140,9.393086
2108,2153,14.290761
2109,2129,11.461979
2110,2163,14.759881
2111,2122,9.789977
2111,2137,6.982063
2111,2147,13.9896755
2111,2160,13.3547945
2112,2136,11.043841
2113,2119,12.30265
2113,2145,11.386383
2113,2155,12.511195
2113,2159,14.523205
2114,2165,13.728355
2116,2149,10.6287155
2117,2131,11.030841
2117,2141,7.9791903
2117,2156,13.309737
2118,2125,11.40828
2118,2151,12.774238
2119,2130,10.374907
2119,2145,9.4367
2119,2148,8.779617
2119,2155,14.787704
2120,2122,7.752846
2120,2143,7.0906444
2120,2147,10.766702
2120,2167,11.94821
2121,2123,12.28124
2121,2138,7.716847
2122,2137,12.14326
2122,2143,13.632775
2122,2147,8.240418
2122,2160,14.164692
2122,2167,13.763996
2123,2161,10.75583
2124,2125,13.417286
2124,2141,13.807252
2124,2146,10.527384
2125,2146,8.322428
2125,2151,7.240658
2126,2132,6.7833095
2126,2134,14.516154
2126,2139,9.687335
2126,2152,7.1695747
2126,2157,12.420759
2126,2169,13.264269
2126,2175,13.3732
2127,2142,8.8853
2127,2176,12.507242
2128,2140,8.966296
2128,2182,14.212048
2129,2133,8.469917
2130,2135,10.82957
2130,2148,10.651691
2130,2158,8.53286
2131,2141,12.204378
2131,2156,8.216778
2131,2168,9.999977
2132,2134,7.756106
2132,2152,9.784282
2132,2153,13.821906
2132,2157,7.8182025
2132,2175,12.431402
2133,2162,9.939947
2134,2140,11.432682
2134,2153,7.696065
2134,2157,8.945602
2134,2178,12.18149
2135,2136,10.807193
2135,2158,10.472644
2135,2183,12.892808
2136,2166,10.396942
2137,2147,11.62063
2137,2160,7.0200496
2139,2152,9.905807
2139,2169,10.996154
2139,2177,11.455118
2140,2153,7.5132623
2140,2178,13.763809
2140,2182,12.939529
2140,2207,14.829165
2141,2156,8.843599
2142,2171,7.881044
2142,2176,10.571519
2143,2147,12.22614
2143,2167,8.863767
2144,2173,11.127799
2145,2148,7.2436123
2145,2155,5.566152
2145,2159,13.326412
2146,2151,7.1610403
2147,2160,9.01199
2147,2167,7.1480103
2147,2190,12.581678
2148,2155,11.983448
2148,2158,11.937807
2149,2154,9.85355
2149,2187,12.700424
2149,2191,12.038916
2150,2163,14.696897
2150,2180,14.626142
2150,2185,12.807073
2150,2192,12.054089
2152,2157,10.135062
2152,2169,6.64265
2152,2175,7.2258244
2152,2177,12.603664
2152,2205,12.901147
2153,2157,9.789293
2153,2178,6.794511
2153,2189,12.304378
2153,2197,11.41053
2153,2207,13.874286
2154,2170,9.334489
2154,2187,9.439293
2155,2159,8.151196
2156,2168,8.108797
2157,2169,14.795005
2157,2175,7.3553824
2157,2178,8.00435
2157,2189,9.326053
2157,2197,14.771106
2157,2215,13.467999
2158,2183,7.0587854
2159,2168,8.826893
2160,2167,14.22796
2160,2190,9.25842
2161,2179,7.2886243
2161,2212,13.251734
2161,2216,13.0921135
2161,2227,13.693166
2162,2206,11.645938
2163,2185,8.441797
2163,2200,9.203307
2163,2219,13.440134
2164,2226,13.04648
2165,2186,7.816669
2165,2194,14.387637
2165,2195,11.818419
2166,2188,8.551812
2166,2229,13.25328
2167,2190,12.841476
2169,2175,8.536773
2169,2177,6.8236737
2169,2205,8.958925
2169,2215,14.628422
2169,2217,10.75532
2170,2173,10.224066
2170,2187,11.568442
2171,2176,8.018543
2171,2218,11.0542145
2171,2224,13.178332
2172,2203,11.164268
2172,2204,9.513616
2173,2214,12.414968
2173,2234,13.662099
2175,2178,12.083378
2175,2189,9.358297
2175,2205,8.15866
2175,2215,9.0261
2176,2181,7.3256326
2176,2210,12.484349
2176,2218,9.9371
2177,2196,9.393986
2177,2205,13.028753
2177,2217,9.693477
2177,2238,13.820618
2178,2189,5.5880666
2178,2197,6.8981833
2178,2207,12.758442
2178,2215,12.381513
2178,2245,14.942479
2179,2193,8.086912
2179,2212,8.0559225
2179,2227,11.31424
2180,2192,14.238169
2180,2199,8.678356
2180,2211,8.153125
2180,2231,14.66039
2181,2210,6.845033
2181,2218,12.530676
2181,2221,12.735618
2181,2247,13.902416
2182,2197,14.491703
2182,2207,7.7063665
2183,2188,13.602847
2183,2228,11.964636
2184,2198,10.412524
2184,2206,9.254269
2184,2232,9.401201
2184,2236,10.559867
2185,2192,7.212032
2185,2200,8.592377
2185,2219,6.7034864
2185,2231,13.690253
2185,2240,14.526024
2185,2255,13.057664
2186,2194,8.81005
2186,2195,10.027362
2187,2191,11.144673
2187,2243,11.23206
2187,2251,14.562741
2188,2228,8.068763
2188,2229,8.685801
2189,2197,8.093808
2189,2205,12.576107
2189,2215,6.8340054
2189,2245,10.191971
2189,2253,12.785438
2190,2230,10.522569
2190,2244,13.298874
2190,2263,13.084359
2191,2213,9.447214
2191,2242,9.952893
2191,2243,12.444764
2192,2200,14.960404
2192,2211,10.884222
2192,2219,9.221939
2192,2231,7.5495124
2192,2255,10.833789
2193,2201,7.7337885
2193,2212,6.772481
2193,2227,12.308869
2193,2257,13.0865555
2193,2264,13.105559
2194,2216,9.03678
2194,2233,14.848045
2195,2209,9.768058
2195,2268,14.552999
2196,2217,10.7344
2196,2235,12.132818
2196,2238,7.3907685
2196,2265,12.181803
2197,2207,7.444398
2197,2215,13.658536
2197,2245,12.292227
2197,2253,9.572483
2197,2259,11.452145
2198,2224,9.668132
2198,2232,12.479609
2198,2236,7.6261463
2199,2202,11.068996
2199,2211,10.404661
2199,2222,6.855689
2199,2249,10.132723
2199,2262,11.720676
2200,2219,7.7434025
2200,2225,13.759083
2200,2240,7.9911427
2200,2272,14.834533
2200,2273,14.88703
2201,2204,9.450893
2201,2212,13.962171
2201,2264,11.327694
2202,2210,13.157591
2202,2221,5.9905825
2202,2222,5.644662
2202,2254,10.436455
2202,2262,12.463043
2203,2204,14.290733
2203,2223,11.7979555
2203,2241,7.8044086
2204,2241,14.538979
2205,2215,7.0221777
2205,2217,8.226357
2205,2245,13.798171
2205,2252,9.469186
2206,2232,9.037325
2206,2236,14.424152
2206,2246,12.072727
2206,2260,10.2865505
2207,2253,13.034229
2207,2259,11.493057
2208,2226,12.572244
2209,2220,9.720676
2209,2268,10.179382
2209,2269,12.355375
2210,2218,12.173362
2210,2221,7.8283353
2210,2247,7.98539
2210,2254,12.58557
2210,2277,14.576649
2211,2231,7.466158
2211,2249,10.931449
2211,2270,10.790421
2212,2216,13.259966
2212,2227,5.5413947
2212,2233,10.70308
2212,2257,8.825352
2212,2264,14.653495
2213,2220,7.7610445
2213,2242,7.0330515
2213,2269,13.466103
2214,2234,4.3582635
2214,2237,10.3599
2214,2248,9.001058
2215,2217,14.749323
2215,2245,7.6440716
2215,2252,10.755551
2215,2253,13.830878
2216,2227,8.468771
2216,2233,6.6399393
2217,2238,8.645345
2217,2252,10.274581
2218,2224,13.207962
2218,2247,11.027963
2218,2261,10.8530655
2219,2231,11.907236
2219,2240,9.488947
2219,2255,7.698446
2219,2272,11.4326105
2219,2273,14.871098
2220,2242,12.828533
2220,2268,13.390113
2220,2269,8.011974
2221,2222,10.349709
2221,2247,12.166299
2221,2254,7.285446
2221,2262,14.467732
2222,2249,10.881096
2222,2254,11.224429
2222,2262,7.9812393
2222,2289,14.994573
2223,2230,11.19022
2223,2241,13.773914
2223,2267,11.133484
2223,2271,10.219202
2224,2236,13.895783
2224,2261,9.358777
2225,2226,10.763793
2225,2240,12.172597
2225,2256,9.354976
2225,2266,8.425056
2225,2273,14.536255
2225,2282,13.948288
2226,2256,8.416528
2227,2233,5.2317257
2227,2257,8.656217
2228,2229,9.960888
2230,2263,8.978254
2230,2267,8.894693
2230,2283,12.5754595
2231,2255,7.7474036
2231,2270,10.407614
2231,2278,10.365617
2232,2236,6.144616
2232,2246,14.702565
2232,2260,8.627844
2232,2275,9.259872
2233,2257,10.401938
2234,2237,12.4532585
2234,2248,4.6491714
2235,2238,13.070835
2235,2239,12.647629
2235,2265,8.675813
2236,2260,14.141153
2236,2275,8.868143
2238,2265,7.848433
2238,2284,10.279662
2239,2258,12.752508
2239,2274,9.456491
2239,2299,14.682848
2240,2255,13.527605
2240,2266,10.187083
2240,2272,8.27774
2240,2273,6.896973
2240,2294,12.783311
2241,2271,13.247858
2241,2290,14.802552
2242,2243,11.757722
2242,2269,14.9990225
2242,2276,9.626931
2243,2251,10.773595
2243,2276,9.509977
2244,2263,12.891834
2244,2279,10.642587
2244,2285,9.374997
2245,2252,12.094298
2245,2253,7.3764973
2245,2259,12.725942
2245,2287,10.240225
2246,2260,6.844401
2247,2254,12.160524
2247,2277,7.770467
2247,2293,13.785492
2249,2262,6.859911
2249,2270,7.958762
2249,2289,14.347486
2249,2300,13.170884
2250,2258,10.056718
2250,2281,8.962206
2250,2311,14.435586
2252,2287,11.067473
2253,2259,5.3793626
2253,2287,14.173872
2253,2302,13.435257
2254,2262,10.578053
2254,2277,10.8389015
2254,2289,9.276921
2254,2293,10.385922
2255,2270,14.471677
2255,2272,9.818238
2255,2278,9.32442
2255,2296,11.210695
2256,2266,8.416873
2256,2282,6.924663
2257,2264,11.241536
2257,2291,10.106486
2258,2274,6.994066
2258,2299,14.496992
2259,2302,13.7577
2260,2275,11.399686
2260,2308,14.027607
2261,2288,6.7210317
2261,2297,10.914808
2261,2312,14.037779
2262,2270,14.264677
2262,2289,8.5820675
2262,2300,10.889213
2263,2267,10.123564
2263,2279,6.721125
2263,2283,7.6724153
2263,2285,14.436638
2264,2280,10.541293
2264,2291,8.719672
2264,2306,13.080156
2265,2284,9.279821
2266,2272,14.405472
2266,2273,8.073222
2266,2282,7.873159
2266,2294,10.27354
2267,2271,8.05307
2267,2283,6.8662424
2267,2290,11.9200325
2267,2314,12.388952
2268,2269,8.706649
2268,2295,9.513278
2268,2298,10.382396
2269,2295,8.428347
2269,2307,11.618302
2270,2278,7.92464
2270,2303,11.379997
2271,2283,13.309041
2271,2290,5.592783
2271,2314,14.36347
2271,2326,13.538385
2272,2273,6.519542
2272,2294,9.85294
2272,2296,9.179383
2272,2330,14.57511
2273,2282,13.726695
2273,2294,5.8870044
2273,2296,14.65764
2274,2299,8.140297
2275,2308,10.440204
2276,2309,11.379653
2276,2310,8.714468
2277,2289,14.38943
2277,2293,6.5662937
2277,2317,14.402486
2278,2296,9.358803
2278,2303,11.790304
2279,2283,10.376184
2279,2285,8.182468
2279,2305,11.493733
2280,2291,14.715716
2280,2306,9.174652
2281,2311,7.1149364
2282,2294,12.263606
2282,2325,9.388612
2283,2290,14.968644
2283,2314,8.332446
2283,2326,14.258222
2284,2313,7.7681937
2284,2338,14.468215
2285,2304,12.038474
2285,2305,7.8255672
2286,2301,13.506636
2286,2316,7.6567607
2286,2328,13.147243
2286,2329,11.288944
2287,2302,10.827885
2287,2324,8.779272
2287,2348,14.650069
2288,2297,8.41505
2288,2312,7.318859
2289,2293,9.138276
2289,2300,7.497287
2289,2317,8.021667
2289,2339,13.850719
2289,2356,14.874798
2290,2314,12.661486
2290,2326,9.272595
2290,2344,13.618481
2291,2306,10.79921
2291,2331,9.532519
2292,2327,8.731966
2292,2350,14.8237505
2293,2317,7.8690543
2293,2339,10.646661
2294,2296,14.81182
2294,2330,11.350281
2295,2298,9.865681
2295,2307,6.805585
2295,2332,13.748072
2295,2334,13.877127
2295,2335,9.877476
2296,2330,11.347137
2297,2312,10.8017645
2297,2351,13.456305
2298,2334,7.7949247
2298,2335,11.241311
2298,2374,14.694008
2299,2341,9.832675
2300,2303,12.591564
2300,2317,9.955712
2300,2356,11.425106
2301,2329,9.527499
2301,2347,9.972017
2302,2324,12.300065
2302,2336,12.509552
2302,2348,8.937205
2302,2370,13.106527
2303,2369,13.132669
2303,2378,14.2632675
2304,2305,11.802462
2304,2318,8.685661
2304,2349,10.973622
2305,2352,8.128418
2306,2331,9.773343
2306,2345,8.383329
2306,2362,14.360925
2306,2372,14.795437
2307,2309,9.883628
2307,2332,7.3055625
2307,2335,9.816559
2308,2322,10.239166
2308,2355,11.307426
2308,2361,12.240446
2309,2310,9.626725
2309,2332,7.74278
2310,2321,9.843918
2311,2353,9.902327
2312,2351,9.342128
2312,2364,13.091678
2313,2338,8.308772
2313,2354,9.317874
2314,2326,7.1174216
2314,2344,12.809365
2315,2319,6.0108557
2315,2323,14.748114
2315,2328,11.531013
2315,2337,11.727565
2315,2340,6.4658732
2315,2365,11.446996
2315,2366,14.777515
2316,2328,6.0649953
2316,2329,8.383245
2316,2340,14.527091
2316,2366,11.571692
2317,2339,5.873126
2317,2356,8.995613
2318,2342,8.734381
2318,2349,6.764163
2318,2381,14.954996
2318,2388,14.360043
2319,2323,8.817025
2319,2337,6.2216487
2319,2340,9.677493
2319,2346,14.465927
2319,2365,8.816997
2319,2384,13.865176
2320,2347,11.049852
2320,2395,14.299684
2321,2343,9.018584
2322,2361,8.870786
2323,2337,6.2515073
2323,2346,7.597296
2323,2365,12.769227
2323,2384,12.852152
2324,2338,13.971516
2324,2348,9.65579
2324,2383,14.911999
2325,2342,13.66163
2325,2377,13.505328
2325,2380,12.115246
2325,2381,14.581469
2326,2344,6.470545
2326,2371,11.88972
2327,2350,6.96748
2327,2358,7.1753306
2327,2359,12.007121
2327,2363,12.842356
2327,2382,10.8273325
2328,2329,12.812743
2328,2340,8.650842
2328,2366,6.8074174
2329,2347,12.771806
2330,2376,7.58917
2330,2377,13.781075
2330,2385,13.363331
2330,2401,13.978733
2331,2345,11.284295
2331,2357,10.265627
2331,2372,7.375474
2331,2386,14.787879
2332,2335,11.572139
2332,2389,11.167335
2333,2341,12.022437
2334,2335,8.305743
2334,2359,9.924474
2334,2374,6.993548
2335,2374,9.734892
2336,2348,13.542309
2336,2360,7.189127
2336,2370,9.985496
2336,2397,14.098044
2337,2340,12.873565
2337,2346,8.82832
2337,2365,6.5207634
2337,2384,8.263261
2338,2354,5.677733
2338,2383,8.293403
2338,2392,11.479421
2339,2356,8.655888
2340,2365,9.060879
2340,2366,9.071057
2340,2400,11.939221
2342,2349,7.9774003
2342,2380,10.931977
2342,2381,6.5115843
2342,2388,9.257563
2342,2402,12.109196
2343,2346,13.05914
2344,2371,5.661435
2344,2393,14.602511
2344,2413,14.464867
2345,2362,7.8207617
2345,2372,11.457832
2345,2379,13.860591
2345,2386,7.2795444
2345,2406,14.547789
2346,2365,13.656347
2346,2384,9.386126
2347,2395,12.874658
2348,2370,7.0546536
2348,2390,10.639059
2348,2397,12.945914
2348,2408,14.222748
2349,2381,11.8874
2349,2388,8.480087
2350,2358,7.190689
2350,2363,5.8751373
2350,2373,12.647683
2350,2382,6.0293384
2350,2399,11.312372
2350,2415,14.984543
2351,2364,13.838322
2351,2375,9.229917
2353,2368,7.172845
2354,2383,8.588489
2354,2392,6.519846
2355,2361,11.177094
2355,2375,13.502757
2355,2387,7.047034
2356,2378,10.540256
2357,2363,14.496638
2357,2372,8.678326
2357,2373,7.2659054
2357,2394,7.226892
2357,2403,12.744153
2357,2416,14.401516
2358,2359,8.568608
2358,2363,11.326357
2358,2382,5.863767
2358,2399,8.986318
2359,2374,10.269462
2359,2382,13.929633
2359,2399,14.803521
2360,2370,13.129206
2360,2397,13.821924
2361,2387,8.244703
2361,2398,10.641576
2361,2420,13.892501
2362,2379,6.048625
2362,2386,9.137863
2362,2393,11.973854
2362,2406,10.377876
2363,2373,7.411656
2363,2382,6.66683
2363,2399,10.545243
2363,2403,9.363086
2363,2415,11.249231
2364,2391,6.4130096
2365,2384,7.3792453
2365,2400,9.815722
2366,2400,12.189783
2366,2404,8.605725
2369,2385,7.778507
2369,2407,10.9879055
2370,2390,10.83101
2370,2397,6.649517
2370,2408,11.106397
2371,2379,11.16737
2371,2393,8.943711
2371,2413,12.1398325
2372,2386,10.748412
2372,2394,9.543082
2372,2414,11.706661
2372,2416,13.657551
2373,2382,13.840899
2373,2394,9.319405
2373,2403,7.4541497
2373,2415,14.229672
2373,2423,14.306159
2375,2410,9.700856
2376,2377,12.329066
2376,2385,8.712997
2376,2401,6.5948553
2376,2405,12.522011
2376,2407,14.076701
2376,2422,14.053055
2377,2380,13.539074
2377,2396,8.111604
2377,2401,12.547931
2377,2405,7.53487
2379,2386,14.031755
2379,2393,6.5037403
2379,2406,10.953571
2380,2381,5.9161057
2380,2388,12.827789
2380,2396,8.3775835
2380,2402,7.4747577
2380,2411,8.155807
2381,2388,7.2793603
2381,2396,14.086461
2381,2402,5.8274527
2381,2411,10.925019
2382,2399,5.28428
2382,2403,13.043038
2382,2415,9.988457
2382,2430,13.363897
2383,2390,14.5738735
2383,2392,9.120689
2383,2424,13.119325
2384,2400,13.135661
2385,2401,10.894756
2385,2407,6.991732
2385,2422,12.304183
2386,2406,9.104101
2386,2414,9.284329
2387,2398,13.673112
2387,2420,9.888994
2388,2402,7.9439077
2388,2411,14.661676
2388,2418,12.423962
2388,2428,11.155583
2390,2397,10.854211
2390,2408,5.93766
2390,2417,7.80971
2391,2421,10.743938
2391,2438,13.774087
2392,2409,12.8541765
2392,2424,14.853442
2393,2406,11.378963
2393,2413,13.11689
2393,2433,12.0465355
2393,2441,14.400294
2394,2403,9.757589
2394,2414,13.4779215
2394,2416,7.246715
2394,2423,13.165768
2394,2434,11.855817
2396,2402,13.012977
2396,2405,8.19712
2396,2411,8.207866
2397,2408,7.4848933
2397,2426,10.632035
2398,2420,10.282392
2398,2427,8.363158
2399,2403,13.222294
2399,2415,6.9358873
2399,2423,14.966083
2399,2425,12.940228
2399,2430,8.1198635
2399,2435,12.358479
2400,2404,11.714493
2400,2436,11.724981
2401,2405,8.7169285
2401,2407,12.921192
2401,2422,8.927457
2402,2411,6.7211456
2402,2428,10.31841
2403,2415,8.25059
2403,2416,12.684777
2403,2423,6.9497075
2403,2434,12.366537
2403,2435,12.21397
2403,2442,12.415115
2404,2419,8.397204
2404,2436,12.523837
2404,2437,9.276511
2406,2414,12.753041
2406,2433,9.962677
2406,2445,10.698572
2406,2446,14.924933
2407,2422,8.867973
2407,2450,14.503455
2407,2454,14.523427
2408,2417,7.7273602
2408,2426,13.815065
2409,2432,9.955904
2410,2451,11.68049
2411,2428,13.566442
2412,2431,12.155226
2413,2441,9.959349
2413,2444,12.300228
2414,2416,10.411501
2414,2445,13.338394
2414,2446,9.253905
2414,2448,12.460771
2415,2423,8.074127
2415,2430,7.822161
2415,2435,6.6980844
2415,2442,11.349523
2415,2464,14.766997
2416,2423,11.969272
2416,2434,6.2503095
2416,2442,14.156116
2416,2446,14.449294
2416,2448,11.571507
2416,2457,13.02
2416,2469,13.0484295
2417,2424,9.093246
2418,2428,10.312864
2418,2429,7.193166
2418,2440,9.51141
2419,2437,6.6487784
2419,2439,8.194085
2419,2461,11.71963
2420,2427,7.1798825
2420,2453,9.967281
2421,2438,7.9078813
2421,2447,7.5171237
2422,2454,8.4576025
2422,2463,12.396567
2423,2430,13.92712
2423,2434,8.245293
2423,2435,7.346325
2423,2442,5.4663224
2423,2457,9.395724
2423,2458,11.14486
2423,2477,14.996671
2424,2449,7.2061553
2425,2430,9.06844
2425,2455,9.631771
2426,2465,10.676382
2426,2468,13.691712
2427,2453,8.194417
2428,2440,6.4282126
2428,2475,13.369903
2429,2440,12.436096
2429,2466,12.886878
2430,2435,7.7091894
2430,2442,14.43311
2430,2455,8.399891
2430,2464,10.841644
2433,2441,10.026828
2433,2445,9.435348
2433,2476,11.346956
2434,2435,14.356405
2434,2442,8.434248
2434,2448,11.170641
2434,2457,6.7954893
2434,2458,12.972833
2434,2469,9.699623
2434,2470,10.575732
2434,2477,13.352716
2435,2442,6.7242646
2435,2455,11.699912
2435,2457,11.853302
2435,2458,8.72785
2435,2464,8.648641
2435,2477,14.468207
2435,2481,11.913726
2436,2437,9.3749485
2436,2459,12.959544
2436,2460,7.9235907
2436,2467,8.57362
2436,2471,13.354011
2436,2491,14.604279
2437,2439,10.945746
2437,2461,10.075968
2437,2467,11.187962
2437,2471,10.334243
2438,2447,11.158808
2438,2473,12.429627
2439,2461,6.9170117
2439,2471,13.853166
2439,2472,13.728606
2439,2486,12.753278
2440,2475,10.455688
2441,2444,14.9519
2441,2476,10.904428
2442,2457,5.242776
2442,2458,5.832275
2442,2464,11.531388
2442,2469,14.249474
2442,2470,10.872344
2442,2477,9.669438
2442,2481,11.413433
2442,2503,14.705681
2443,2459,9.087463
2443,2462,5.6752133
2444,2483,9.870584
2445,2446,7.9010315
2445,2448,14.785865
2445,2476,14.739166
2445,2480,8.990481
2446,2448,7.114278
2446,2469,12.681398
2446,2480,11.163468
2447,2451,14.354954
2447,2490,11.477858
2448,2457,13.588406
2448,2469,5.6205955
2448,2470,11.67367
2448,2480,14.883187
2448,2499,10.796928
2449,2456,9.883266
2450,2454,14.865662
2450,2474,7.573911
2450,2492,11.696586
2451,2479,8.146036
2451,2505,12.967876
2452,2473,12.038722
2453,2496,11.270267
2454,2463,7.149242
2454,2474,11.819827
2454,2492,13.008661
2454,2497,11.36152
2455,2458,14.780303
2455,2464,7.076781
2455,2481,12.549873
2455,2484,7.6521063
2455,2485,8.16041
2455,2507,14.532423
2456,2493,14.599474
2457,2458,6.85684
2457,2464,14.602424
2457,2469,9.19082
2457,2470,5.8250422
2457,2477,6.683479
2457,2481,12.281722
2457,2502,11.52168
2457,2503,12.942855
2458,2464,7.957156
2458,2470,9.923361
2458,2477,5.938052
2458,2481,5.7734437
2458,2484,13.647488
2458,2502,12.48012
2458,2503,9.236885
2458,2507,13.004675
2459,2460,7.0351496
2459,2462,8.977572
2459,2467,13.659596
2459,2491,14.037071
2459,2504,10.659291
2459,2506,11.764533
2460,2467,6.6902966
2460,2471,13.542266
2460,2491,9.032664
2460,2504,10.899571
2461,2467,13.680486
2461,2471,7.4908113
2461,2472,14.973443
2461,2486,6.3896384
2462,2506,9.856954
2462,2513,13.095887
2463,2487,9.376272
2463,2497,11.116304
2464,2477,12.947309
2464,2481,5.7825165
2464,2484,6.838539
2464,2485,11.211099
2464,2503,12.535845
2464,2507,10.352892
2465,2468,10.15141
2465,2489,7.332834
2465,2495,13.941626
2466,2488,9.650756
2467,2471,6.852145
2467,2486,14.250665
2467,2491,6.6859365
2467,2504,13.711857
2468,2489,7.694263
2468,2495,8.250085
2469,2470,6.0968137
2469,2477,11.488326
2469,2499,7.9720235
2469,2502,10.863658
2469,2520,14.631908
2470,2477,5.408497
2470,2481,13.621912
2470,2499,9.699198
2470,2502,6.458975
2470,2503,11.165713
2470,2520,12.223253
2470,2523,13.328702
2471,2486,7.5272164
2471,2491,9.939146
2472,2511,12.052835
2473,2519,12.907428
2474,2492,4.209022
2474,2497,11.969913
2474,2512,10.352803
2474,2521,13.500599
2475,2482,6.027477
2475,2498,11.949197
2476,2480,13.26065
2476,2515,12.973718
2477,2481,8.312348
2477,2499,13.869736
2477,2502,6.5614586
2477,2503,6.417168
2477,2507,13.738906
2477,2520,12.98144
2477,2523,11.322389
2478,2500,10.840767
2478,2501,9.993405
2478,2508,10.226685
2479,2505,6.2003746
2479,2529,14.145369
2480,2515,11.20852
2480,2516,12.052099
2481,2484,8.798983
2481,2485,14.1254425
2481,2502,13.479799
2481,2503,6.7547207
2481,2507,7.292211
2481,2517,14.676402
2481,2523,14.572831
2482,2498,6.4003325
2483,2488,12.899127
2483,2525,10.728063
2483,2533,14.964976
2484,2485,5.3407755
2484,2503,13.96871
2484,2507,7.324418
2484,2517,9.049548
2485,2507,11.620003
2485,2510,10.762167
2485,2517,9.21473
2486,2511,10.606369
2487,2494,6.9998236
2487,2497,14.6023445
2487,2522,8.271931
2487,2536,12.808429
2488,2532,13.313397
2488,2533,11.215575
2489,2495,7.0027423
2489,2527,10.786748
2490,2535,11.031833
2491,2504,8.920011
2492,2497,9.139789
2492,2512,6.1607914
2492,2521,10.124972
2492,2530,14.898244
2492,2542,12.509013
2494,2498,10.571581
2494,2522,10.087827
2494,2537,9.768896
2495,2527,9.73098
2496,2539,10.72778
2497,2512,8.448257
2497,2521,14.791178
2497,2530,8.155855
2497,2536,11.522212
2497,2542,11.03518
2497,2565,14.993303
2498,2537,10.150016
2499,2502,9.069662
2499,2516,11.445161
2499,2520,8.800279
2499,2523,14.195416
2499,2538,9.602516
2499,2547,14.730653
2500,2508,10.505384
2500,2526,9.749677
2501,2508,9.272656
2501,2509,12.771536
2501,2528,9.38077
2501,2541,13.160842
2502,2503,8.072847
2502,2520,6.478202
2502,2523,7.0407624
2502,2538,12.525255
2502,2547,11.6969595
2503,2507,8.481194
2503,2520,12.527189
2503,2523,7.823439
2503,2547,14.838926
2504,2506,9.51011
2504,2549,13.398296
2505,2529,7.9542246
2506,2513,8.145405
2506,2543,13.46942
2506,2549,10.4707775
2507,2517,8.055841
2507,2523,14.200164
2508,2526,13.009699
2508,2528,7.0089097
2509,2513,11.099678
2509,2541,7.3900795
2509,2543,10.58094
2509,2566,14.046224
2510,2517,11.137703
2510,2518,13.00686
2510,2546,13.820636
2512,2521,6.3504524
2512,2530,10.459008
2512,2540,13.858944
2512,2542,6.389109
2512,2564,14.925761
2512,2565,14.316847
2512,2571,13.9370775
2513,2543,6.39568
2513,2549,11.605991
2513,2566,14.172756
2514,2519,9.912935
2514,2540,11.610014
2514,2563,14.36252
2514,2570,13.958095
2514,2576,13.887334
2515,2516,11.700491
2515,2551,10.839417
2515,2558,9.978235
2515,2559,12.394622
2516,2538,10.184082
2516,2558,14.132626
2516,2559,9.505633
2516,2569,13.792487
2518,2526,11.961942
2518,2546,6.214001
2519,2556,10.17018
2519,2570,8.83528
2519,2576,14.991962
2520,2523,6.420427
2520,2538,6.597078
2520,2547,6.2590795
2520,2569,12.57718
2521,2540,7.9602456
2521,2542,8.29184
2521,2564,9.501529
2521,2571,11.436394
2522,2530,12.139258
2522,2536,6.6560583
2522,2537,11.797969
2522,2561,9.497511
2522,2577,13.252736
2523,2538,12.487739
2523,2547,7.0173903
2524,2552,7.2963834
2524,2580,13.9403715
2525,2533,9.436617
2525,2545,10.531398
2525,2568,9.98995
2526,2546,13.412184
2527,2544,8.450343
2528,2541,12.644611
2529,2554,9.142552
2529,2573,9.569017
2530,2536,5.8986945
2530,2542,7.5045495
2530,2565,7.062044
2530,2571,14.691867
2530,2577,12.616929
2530,2583,12.971756
2531,2532,10.173651
2531,2562,8.529617
2531,2584,12.796575
2532,2533,11.708208
2532,2555,8.103153
2533,2555,8.035345
2533,2568,10.591616
2534,2567,13.798093
2535,2554,10.658607
2535,2574,9.756827
2535,2581,11.739302
2536,2542,13.229965
2536,2561,11.543974
2536,2565,9.255495
2536,2577,9.812352
2537,2561,10.366014
2538,2547,8.26779
2538,2559,14.174004
2538,2569,7.5352206
2538,2587,13.51951
2539,2586,12.561315
2540,2563,10.21716
2540,2564,10.003743
2541,2543,11.289998
2541,2566,9.916098
2541,2575,8.903401
2542,2564,12.632932
2542,2565,8.438946
2542,2571,8.74842
2542,2583,11.260566
2543,2549,11.637646
2543,2566,7.7857533
2543,2575,13.0957
2544,2572,7.2444477
2545,2551,11.243065
2545,2568,14.057687
2545,2578,10.843387
2547,2569,9.8973465
2547,2587,9.705765
2548,2550,8.788403
2548,2567,5.5836415
2549,2579,12.898066
2549,2591,12.781001
2550,2553,9.281092
2550,2567,13.831224
2551,2558,10.886503
2551,2578,9.450699
2552,2580,6.9246354
2552,2592,12.37844
2553,2603,14.912388
2553,2606,14.425213
2554,2573,11.136166
2554,2574,14.979023
2554,2581,9.352684
2555,2568,12.536457
2556,2570,8.46735
2556,2574,11.524509
2556,2588,8.297809
2556,2595,13.129328
2556,2597,13.875946
2557,2562,10.875291
2557,2589,10.581399
2557,2602,13.247096
2558,2559,7.0398817
2558,2578,14.91646
2558,2585,9.227121
2559,2569,12.163338
2559,2585,6.817465
2561,2577,9.195745
2561,2590,8.084737
2561,2600,14.8811035
2562,2584,7.1710296
2562,2589,9.420919
2563,2564,8.379828
2563,2576,7.3771343
2563,2610,13.318962
2564,2571,7.493677
2564,2605,14.703818
2565,2571,10.704729
2565,2577,8.719319
2565,2583,6.1821637
2565,2605,14.755249
2566,2575,6.115854
2566,2611,13.269769
2567,2607,12.84836
2567,2612,14.622948
2569,2585,13.086684
2569,2587,8.16995
2570,2576,8.845592
2570,2588,12.105677
2570,2595,9.941749
2571,2583,7.886542
2571,2605,9.788346
2572,2582,8.9370985
2573,2609,10.909298
2573,2613,14.216868
2574,2581,8.464895
2574,2588,10.2084875
2574,2594,7.518166
2574,2597,9.131549
2574,2618,14.007638
2575,2611,10.99885
2576,2595,12.283795
2576,2610,14.216796
2577,2583,11.340378
2577,2590,9.566188
2579,2591,7.7729263
2579,2598,6.6283445
2580,2592,7.2791767
2581,2594,7.809099
2581,2597,13.309632
2581,2617,11.39642
2581,2618,13.063598
2582,2593,11.314505
2583,2605,8.617907
2583,2627,13.280098
2584,2589,8.987423
2584,2628,13.327994
2585,2616,12.099072
2586,2599,7.019212
2586,2608,9.99297
2586,2613,14.54829
2587,2596,10.717419
2588,2594,11.494212
2588,2595,9.081774
2588,2597,6.561426
2588,2618,14.494828
2588,2621,11.009011
2588,2624,12.685566
2589,2602,9.937439
2589,2620,9.720039
2589,2628,13.966809
2590,2600,10.121811
2590,2625,11.651514
2591,2598,9.948862
2591,2639,13.99752
2592,2640,11.693759
2594,2597,5.9042583
2594,2617,10.534244
2594,2618,6.6329193
2594,2621,11.075124
2594,2654,14.817404
2595,2597,13.874942
2595,2621,13.876546
2595,2624,10.795357
2596,2614,11.473882
2597,2618,7.9781647
2597,2621,7.0326295
2597,2624,11.85535
2599,2608,11.661446
2599,2609,14.759931
2599,2613,8.259191
2599,2637,13.794143
2599,2642,9.548226
2600,2602,10.647067
2600,2625,14.87418
2600,2633,10.716457
2600,2655,13.463325
2601,2607,14.048529
2601,2622,11.971124
2601,2626,9.564233
2601,2646,10.584289
2602,2620,8.279264
2602,2633,8.822217
2603,2606,8.759814
2603,2615,5.6394253
2603,2629,12.051289
2603,2634,11.580992
2603,2641,9.242846
2604,2636,8.936222
2605,2627,8.1813
2605,2661,14.32934
2606,2612,10.510251
2606,2615,14.086128
2606,2634,8.398664
2606,2641,13.39874
2606,2651,13.892411
2607,2612,12.047698
2607,2626,10.06593
2607,2635,10.6091385
2607,2652,10.865004
2608,2637,8.614533
2609,2613,6.884438
2609,2631,7.1216674
2609,2642,14.8892
2609,2647,13.639959
2610,2632,6.0752983
2610,2660,13.146885
2611,2638,10.352727
2611,2645,13.967141
2612,2634,12.760663
2612,2635,8.369496
2612,2651,10.674456
2613,2631,10.330568
2613,2642,8.995802
2614,2619,10.200965
2614,2649,10.027041
2615,2629,6.582411
2615,2634,14.454304
2615,2641,8.001858
2615,2656,13.645957
2615,2659,11.350276
2616,2669,13.641286
2617,2618,8.552684
2617,2631,14.207856
2617,2647,8.03085
2617,2654,9.838047
2618,2621,7.8680573
2618,2624,14.21394
2618,2647,14.885291
2618,2654,8.470693
2618,2663,12.369243
2619,2643,9.393608
2619,2649,7.7465987
2619,2671,13.165572
2619,2675,13.739629
2620,2628,10.981858
2620,2633,10.922667
2621,2624,6.3850136
2621,2654,12.816673
2621,2663,9.589249
2622,2646,7.9833126
2622,2664,8.986701
2623,2636,13.263627
2623,2666,11.382469
2624,2663,10.734534
2624,2683,11.291826
2625,2648,11.06771
2625,2655,12.216601
2625,2674,10.179253
2626,2646,9.975705
2626,2652,8.4177265
2626,2685,11.63831
2627,2648,7.7212324
2627,2661,9.611936
2629,2641,9.1852665
2629,2656,7.076139
2629,2659,7.17158
2629,2684,12.041209
2631,2642,14.339548
2631,2647,8.806339
2631,2677,10.079832
2632,2660,8.264152
2632,2667,9.8485365
2632,2673,9.395708
2633,2655,9.454941
2634,2641,9.037757
2634,2651,8.447311
2635,2651,8.400905
2635,2652,8.909911
2635,2668,8.418667
2636,2666,11.4937
2636,2681,10.221454
2637,2642,11.999397
2637,2682,8.998055
2637,2702,13.847476
2638,2639,9.472341
2638,2657,13.123932
2638,2676,9.788271
2638,2679,10.803927
2638,2690,10.443144
2639,2658,10.030501
2639,2679,9.623425
2639,2688,11.118649
2639,2690,13.99846
2640,2701,13.514692
2641,2656,13.897658
2641,2659,7.5081725
2641,2684,14.965693
2642,2682,10.504698
2642,2692,11.417114
2643,2649,12.091348
2643,2662,9.134825
2643,2671,13.285752
2643,2675,7.6163054
2643,2686,10.22474
2643,2711,14.208705
2644,2645,11.036567
2644,2653,9.240578
2644,2665,6.095031
2644,2678,9.182235
2644,2687,12.023996
2644,2704,12.470411
2645,2657,6.965536
2645,2665,9.140007
2645,2676,13.140643
2645,2687,9.408582
2645,2700,12.055819
2646,2664,8.902066
2646,2685,10.766188
2646,2699,12.664272
2647,2654,10.770891
2647,2677,8.813736
2648,2661,13.0089655
2648,2674,10.660833
2648,2695,11.854351
2649,2670,9.462665
2649,2671,6.390442
2649,2675,11.558001
2649,2710,13.929564
2650,2653,13.563725
2650,2662,8.005498
2650,2686,13.193477
2650,2693,14.805761
2651,2668,9.775083
2652,2668,9.326742
2652,2685,12.148437
2652,2694,9.296448
2653,2665,12.721031
2653,2678,6.908454
2653,2693,9.292152
2653,2704,13.270176
2654,2663,9.850598
2654,2697,9.875535
2654,2722,14.889975
2655,2674,13.833822
2655,2703,10.039226
2656,2659,7.5424743
2656,2684,6.7035713
2656,2728,14.616781
2657,2665,12.853748
2657,2676,6.477487
2657,2687,9.272563
2657,2690,13.00659
2657,2700,7.827484
2657,2708,8.80471
2657,2720,12.646291
2657,2731,12.732396
2658,2672,11.415742
2658,2679,12.684892
2658,2688,8.211869
2658,2698,8.360625
2658,2709,12.382404
2658,2733,14.831291
2659,2684,7.492356
2659,2718,11.995652
2660,2661,8.259688
2660,2667,12.334704
2660,2673,3.2989833
2660,2729,14.665565
2661,2673,9.728746
2661,2695,11.276278
2661,2737,14.69317
2662,2675,11.215176
2662,2686,5.6517997
2662,2711,13.846425
2663,2683,9.8872385
2663,2697,11.498882
2663,2722,10.571394
2663,2723,12.616564
2664,2685,14.387433
2664,2689,9.415927
2664,2699,9.416507
2664,2719,11.621531
2665,2678,8.751555
2665,2687,6.047585
2665,2700,11.983052
2665,2704,8.417025
2665,2720,12.475213
2665,2735,13.776838
2666,2681,7.9378896
2666,2706,10.732484
2667,2673,10.363038
2667,2729,10.136118
2668,2694,9.751813
2668,2727,10.633479
2669,2725,14.833689
2670,2671,7.4596767
2670,2696,6.522957
2670,2710,9.916138
2670,2714,14.360795
2670,2726,10.558374
2671,2675,8.760489
2671,2696,13.209976
2671,2710,7.6141458
2671,2711,12.391094
2671,2726,13.442812
2672,2698,12.401882
2672,2709,7.19751
2672,2712,12.304181
2672,2715,8.69631
2672,2751,14.536963
2673,2729,11.376164
2674,2695,13.139186
2674,2703,13.2312
2674,2713,8.550171
2674,2724,11.273551
2675,2686,7.926399
2675,2710,11.971568
2675,2711,7.107427
2676,2679,11.909317
2676,2687,14.601433
2676,2690,6.5321307
2676,2700,10.614171
2676,2708,7.3447137
2676,2731,12.350663
2676,2739,13.072693
2677,2717,11.742054
2677,2732,10.568999
2677,2736,13.985774
2678,2687,13.012347
2678,2693,7.226313
2678,2704,6.383181
2678,2735,14.678488
2679,2688,6.403339
2679,2690,6.039783
2679,2698,12.306018
2680,2691,6.8538666
2680,2705,10.217467
2680,2716,7.064406
2681,2749,14.94742
2682,2692,7.244577
2682,2702,9.134822
2683,2722,13.383981
2683,2723,10.81851
2684,2718,8.898075
2684,2728,8.9661665
2684,2747,14.322523
2685,2694,9.49961
2685,2699,9.241446
2685,2738,12.444656
2686,2711,8.362421
2686,2752,14.685293
2687,2700,5.987828
2687,2704,9.328689
2687,2708,11.659813
2687,2720,6.9805527
2687,2731,11.935278
2687,2735,10.343385
2687,2743,12.644671
2688,2690,12.006309
2688,2698,5.9517536
2688,2709,14.01181
2688,2733,10.369042
2689,2699,13.866259
2689,2705,9.704538
2689,2719,7.886435
2689,2721,6.775989
2690,2708,10.538982
2690,2731,14.866653
2690,2739,11.597276
2691,2706,8.66599
2691,2716,8.4509735
2691,2740,10.132368
2692,2702,13.235193
2693,2704,10.762212
2694,2727,8.53262
2695,2724,7.635719
2695,2737,10.791532
2695,2744,9.622905
2696,2710,12.067039
2696,2714,7.9972744
2696,2726,7.7165914
2696,2745,14.819736
2696,2746,9.9662075
2697,2717,9.785816
2697,2722,7.4392357
2697,2723,12.967244
2697,2741,9.329124
2697,2755,13.234868
2698,2709,8.185774
2698,2733,6.470956
2698,2751,14.644295
2698,2760,13.627346
2699,2719,9.496559
2699,2738,9.752375
2699,2748,10.415346
2700,2704,13.8753605
2700,2708,5.8166175
2700,2720,4.9738417
2700,2731,6.3757033
2700,2735,10.91811
2700,2739,13.378251
2700,2743,9.501661
2701,2761,13.719037
2703,2713,8.742365
2704,2720,11.080241
2704,2735,8.29753
2704,2743,14.729899
2704,2759,13.590949
2705,2716,8.103884
2705,2719,14.329931
2705,2721,7.627625
2706,2740,10.273799
2706,2773,14.871501
2707,2714,12.290704
2707,2725,11.878628
2707,2745,12.7653475
2707,2753,9.717558
2708,2720,9.32841
2708,2731,5.006752
2708,2739,8.364571
2708,2743,11.20143
2709,2712,13.538443
2709,2715,7.650161
2709,2733,9.739056
2709,2751,8.68421
2710,2711,10.770623
2710,2726,7.924442
2710,2746,13.995882
2710,2750,8.788867
2710,2781,14.587862
2711,2752,14.686375
2711,2758,11.048905
2712,2715,6.0204005
2712,2730,7.749677
2712,2751,13.020863
2712,2766,12.521195
2713,2724,10.030626
2713,2771,13.969685
2714,2726,12.190531
2714,2745,8.398271
2714,2746,9.61899
2715,2730,13.041316
2715,2751,8.295512
2715,2766,12.539535
2716,2721,14.746177
2716,2740,10.827234
2716,2770,14.013953
2717,2732,5.920382
2717,2736,13.704019
2717,2741,7.3018274
2718,2728,9.614466
2718,2747,13.370403
2718,2772,13.112967
2719,2721,7.0842075
2719,2738,14.901708
2719,2748,9.6958475
2719,2774,12.647082
2720,2731,6.706456
2720,2735,6.083709
2720,2739,14.756882
2720,2743,5.6699767
2720,2759,10.720146
2720,2777,12.01971
2721,2774,13.020515
2722,2723,5.538169
2722,2741,11.163083
2722,2755,9.756752
2722,2756,13.760262
2723,2755,10.775161
2723,2756,8.749641
2724,2737,14.1755
2724,2744,7.0817037
2724,2765,14.832972
2724,2771,11.990134
2725,2753,11.138247
2725,2763,9.032194
2726,2745,14.927509
2726,2746,6.14929
2726,2750,7.442954
2726,2776,11.069398
2726,2781,14.409392
2727,2762,8.453925
2727,2790,14.820933
2728,2747,5.356995
2728,2769,12.253338
2728,2772,12.14964
2729,2742,12.325052
2729,2764,11.938848
2730,2766,11.739605
2730,2767,11.446132
2730,2795,14.460599
2731,2735,11.781988
2731,2739,8.05049
2731,2743,6.4479523
2731,2759,14.006008
2731,2777,12.036633
2731,2793,14.624127
2731,2804,14.247783
2732,2736,7.7919307
2732,2741,12.004143
2732,2768,10.920897
2732,2788,12.696661
2733,2751,11.77762
2733,2760,7.157644
2733,2786,13.351948
2733,2794,14.792276
2735,2743,6.9173894
2735,2759,6.199964
2735,2777,10.429619
2735,2810,13.9367285
2736,2768,5.6187468
2736,2779,11.512956
2736,2788,12.515461
2736,2796,11.643553
2737,2744,9.077875
2737,2764,12.3968525
2737,2765,9.140378
2737,2817,14.894381
2738,2748,7.4806824
2738,2778,8.766727
2738,2791,14.902026
2739,2743,13.08478
2739,2793,10.9696865
2740,2770,7.462118
2740,2773,13.306923
2740,2801,12.879997
2741,2755,7.9089656
2742,2756,12.1199465
2742,2816,12.808537
2743,2759,7.5770535
2743,2777,6.5733604
2743,2804,11.006795
2743,2810,12.100438
2744,2765,7.7810693
2744,2771,11.368214
2745,2746,9.223477
2745,2753,12.641225
2745,2776,14.957072
2746,2750,10.3053
2746,2776,8.684902
2746,2818,12.068967
2747,2769,7.0950947
2747,2772,9.712651
2747,2800,10.60657
2747,2805,11.399612
2747,2819,14.476825
2748,2774,11.205252
2748,2778,11.4953165
2748,2820,12.057948
2749,2773,10.54659
2749,2814,13.770375
2749,2815,9.86054
2750,2776,8.063668
2750,2781,7.0421033
2750,2803,13.966314
2750,2818,11.908915
2751,2760,12.528279
2751,2766,10.226817
2751,2782,8.561489
2751,2786,9.349909
2751,2811,13.1612835
2752,2758,9.715931
2752,2785,12.755526
2752,2797,9.9476185
2752,2798,9.851614
2753,2763,11.285525
2755,2756,13.092217
2757,2763,10.868312
2757,2780,10.257245
2758,2781,12.401674
2758,2797,9.197039
2758,2798,14.567364
2758,2803,8.8238325
2759,2777,6.1410007
2759,2792,11.819665
2759,2804,12.172469
2759,2810,7.906973
2760,2782,14.944357
2760,2786,8.607387
2760,2794,9.029644
2761,2769,13.626928
2761,2787,7.040215
2761,2799,9.46601
2761,2819,12.010939
2762,2790,6.643833
2762,2791,11.287437
2764,2765,13.958841
2764,2817,8.490386
2765,2771,14.380122
2765,2817,10.540638
2766,2782,7.413234
2766,2786,13.87935
2766,2795,6.760886
2766,2811,6.287109
2766,2812,14.310109
2767,2795,12.710677
2767,2812,6.620886
2767,2813,8.886926
2768,2779,8.030812
2768,2788,8.517491
2768,2796,6.0284457
2769,2772,12.711221
2769,2787,10.14694
2769,2800,5.048737
2769,2805,11.103956
2769,2819,7.4389005
2770,2773,14.908124
2770,2783,11.376209
2770,2801,5.4528537
2771,2807,9.794522
2772,2800,12.09428
2772,2805,5.3080645
2773,2814,5.7904124
2773,2815,11.655101
2774,2783,14.080736
2774,2820,6.082365
2775,2784,9.045959
2775,2789,11.424222
2775,2809,5.8550816
2776,2781,9.46509
2776,2818,4.2464395
2777,2793,13.170194
2777,2804,6.1147223
2777,2810,5.7968984
2778,2791,8.146707
2779,2788,14.536298
2779,2796,7.57046
2779,2806,7.235255
2780,2784,10.064115
2781,2803,7.4753275
2781,2818,11.185917
2782,2786,6.8609138
2782,2795,10.812256
2782,2811,5.63958
2783,2801,8.278561
2784,2809,13.474123
2785,2792,10.792119
2785,2797,14.128101
2785,2798,7.4056993
2786,2794,14.693261
2786,2811,12.117704
2787,2799,10.749062
2787,2800,10.550134
2787,2819,5.4163666
2788,2796,7.543589
2789,2808,10.002489
2789,2809,7.2594867
2790,2791,13.343126
2792,2810,12.25642
2793,2804,8.231853
2795,2811,5.6924806
2795,2812,8.875433
2796,2806,13.407243
2797,2798,6.8479614
2797,2803,11.036453
2800,2805,8.494306
2800,2819,5.620585
2802,2806,10.512793
2804,2810,7.9532356
2805,2819,13.989034
2811,2812,14.49307
2812,2813,8.795892
2814,2815,10.003124
2,1,14.478322
47,1,14.526317
56,1,13.97696
32,2,6.755226
51,2,11.245359
60,2,13.617483
13,3,5.0676885
22,3,12.052582
25,4,8.843074
43,4,8.007376
25,5,9.218906
33,5,12.043337
49,5,9.205516
17,6,9.6642885
18,6,8.312892
40,6,7.355756
48,6,11.631941
23,7,13.861139
31,8,7.3404164
47,8,9.567711
64,8,14.26704
11,9,8.759096
35,9,5.555254
39,9,11.957781
53,9,13.203481
14,10,14.644672
35,11,11.607172
52,11,11.996785
53,11,11.296947
18,12,13.224862
34,12,7.655693
41,12,13.460346
46,12,6.5054874
50,12,9.847049
22,13,6.9858613
37,13,12.918841
22,14,12.206641
37,14,9.060618
42,14,5.9624505
65,14,12.934247
28,16,8.95946
45,16,6.3635406
40,17,9.167052
34,18,6.962808
40,18,10.994185
46,18,14.07591
48,18,7.055078
72,18,14.217965
41,19,5.980364
50,19,12.715818
58,19,12.178221
38,20,8.792552
61,20,11.978281
36,21,8.1693325
37,22,6.349023
42,22,12.617589
63,22,11.256088
31,23,14.042075
44,23,8.696486
81,23,14.879648
30,24,10.622251
38,24,14.575116
54,24,11.277276
57,24,10.247223
43,25,13.105638
49,25,11.213038
29,26,9.754671
55,26,9.010348
70,26,11.266974
28,27,9.3309765
66,27,14.340027
79,27,12.907423
45,28,10.475061
66,28,10.794907
55,29,10.295788
62,29,11.129528
88,29,14.573648
39,30,9.038885
57,30,12.491251
44,31,7.909708
47,31,11.399039
64,31,9.807498
73,31,12.55174
74,31,14.152293
51,32,6.9065166
60,32,12.1581335
49,33,11.097885
62,33,12.951989
67,33,9.716972
46,34,7.11448
48,34,7.7160573
50,34,13.070947
72,34,11.838614
39,35,8.4345455
53,35,10.386914
78,35,11.071843
68,36,8.737185
42,37,6.8975363
63,37,7.2191296
65,37,9.9675
54,38,8.746161
61,38,7.1195207
86,38,12.604261
78,39,12.781117
48,40,9.167465
71,40,9.185089
72,40,14.132371
46,41,12.645357
50,41,7.3959618
58,41,10.593112
77,41,9.737656
63,42,11.090131
65,42,6.972459
76,43,10.6163645
85,43,11.627508
64,44,10.779745
73,44,8.090998
81,44,14.532333
66,45,11.521414
48,46,12.925204
50,46,5.9865603
72,46,13.124947
56,47,9.97091
64,47,9.936681
74,47,7.597638
82,47,9.392928
92,47,14.270992
94,47,13.779202
71,48,9.763265
72,48,7.4027243
67,49,11.285605
77,50,10.162999
60,51,6.4509764
69,51,13.899432
91,51,10.280917
93,51,12.969437
53,52,7.4464564
90,52,13.280277
97,52,11.990478
78,53,10.003861
97,53,13.838947
57,54,9.022166
61,54,10.262086
86,54,6.8703494
87,54,11.72034
62,55,14.645502
70,55,5.7527523
88,55,8.319148
60,56,13.098673
69,56,6.547261
74,56,11.836351
82,56,7.4582796
92,56,9.034656
93,56,14.75123
94,56,14.930056
96,56,10.166838
86,57,12.34203
87,57,5.999504
59,58,10.428206
77,58,9.409887
69,60,7.452819
91,60,10.937264
93,60,8.542359
96,60,13.441239
86,61,9.516517
67,62,10.219557
88,62,11.739969
107,62,14.459786
110,62,14.152344
65,63,8.815682
95,63,11.615834
73,64,7.255475
74,64,6.383456
82,64,12.214652
94,64,10.177065
109,64,13.02351
95,65,8.810313
104,65,14.922722
79,66,10.455815
102,66,11.679506
107,67,11.645473
108,68,13.518955
82,69,12.062802
92,69,10.673232
93,69,8.499097
96,69,7.462895
114,69,13.610259
88,70,10.919297
72,71,8.662064
100,71,10.654606
100,72,8.503556
111,72,12.491047
74,73,13.048694
81,73,13.492129
94,73,14.334995
109,73,13.097359
82,74,5.833287
92,74,10.347423
94,74,6.325552
109,74,12.571403
85,76,9.018549
101,77,9.085173
112,77,10.99835
115,78,12.483079
98,80,14.713544
92,82,5.0401425
94,82,7.471953
96,82,10.544715
109,82,14.968359
114,82,12.221224
105,83,11.177472
116,83,14.293033
98,84,7.0620966
118,84,13.228508
103,85,8.905415
87,86,11.475123
117,86,13.735338
110,88,11.130166
105,89,13.555589
97,90,9.686483
104,90,10.813211
106,90,4.987033
119,90,11.349001
120,90,13.231834
93,91,8.848691
93,92,14.711061
94,92,8.938838
96,92,6.298898
114,92,7.229864
96,93,8.533642
114,93,13.039202
109,94,7.4964185
114,94,13.509294
132,94,12.148059
104,95,11.552522
131,95,13.84643
138,95,14.086037
114,96,6.1787515
106,97,9.164006
119,97,8.563271
128,97,13.614606
135,97,12.546197
118,98,8.523068
137,98,13.474753
108,99,8.885182
134,99,12.738439
111,100,7.382149
125,100,13.488851
111,101,13.655604
112,101,6.1971354
125,101,12.692286
126,101,8.682635
124,103,13.326771
129,103,8.953817
106,104,10.194528
120,104,8.448223
131,104,9.935461
139,104,13.835789
145,104,12.823656
123,105,6.90649
144,105,13.521981
119,106,6.964374
120,106,9.248387
135,106,13.738823
139,106,10.823361
145,106,14.075034
110,107,10.028586
134,108,10.463078
132,109,7.484447
141,109,11.909495
148,110,10.788692
125,111,6.772567
126,111,12.919489
126,112,9.338468
151,113,12.006361
142,114,12.535991
155,114,13.108759
121,115,10.463837
128,115,13.846284
118,116,12.513365
136,116,10.380118
157,116,14.983166
136,118,7.5419087
137,118,9.570625
120,119,10.831642
128,119,12.773642
135,119,6.774712
139,119,8.472611
145,119,13.689451
131,120,8.7326765
139,120,5.5831695
145,120,5.2297893
159,120,11.426447
141,122,14.027854
152,122,9.302181
144,123,7.0629253
149,123,8.457733
157,123,11.902646
172,123,14.520745
129,124,8.515148
150,124,6.7392635
154,124,14.750675
176,124,14.891222
126,125,7.7601123
133,127,11.358088
175,127,14.996344
135,128,7.966635
150,129,12.001662
154,129,8.449626
176,129,13.022698
160,130,10.153931
181,130,13.24608
138,131,9.456163
139,131,12.988893
145,131,8.278383
159,131,8.158823
141,132,7.0348825
142,132,8.647724
152,132,13.555079
177,132,13.466739
156,134,7.0153065
158,134,14.97838
139,135,10.923312
137,136,12.276907
164,136,9.264885
143,137,10.207637
169,137,9.609716
159,138,12.995725
170,138,10.587085
145,139,5.5384765
159,139,12.144337
147,140,14.351236
165,140,9.5734215
180,140,11.059645
142,141,13.108515
152,141,7.06582
167,141,8.651384
177,141,10.1990185
187,141,14.822664
155,142,10.174528
168,142,8.330668
177,142,12.561831
158,143,7.8054023
169,143,10.627408
149,144,7.0213585
153,144,14.743437
157,144,6.6243215
172,144,8.844324
179,144,13.096979
186,144,12.244985
159,145,6.866919
171,146,7.306614
173,146,9.681777
174,148,10.573661
153,149,7.788003
157,149,13.5350685
172,149,7.816059
151,150,12.30991
154,150,14.391699
176,150,10.927687
163,152,14.678967
167,152,7.2360907
177,152,14.3217325
187,152,12.218824
162,153,11.85622
172,153,11.615345
200,153,14.376116
176,154,7.942611
161,155,9.773573
168,155,8.523009
185,155,10.056967
189,155,13.499036
158,156,8.698781
172,157,12.561257
179,157,7.617215
186,157,10.48323
169,158,13.620913
190,159,10.668872
166,160,11.738896
181,160,7.568252
203,160,11.609117
162,161,14.36222
178,161,7.912879
185,161,10.80886
189,161,8.651204
192,161,14.91049
195,161,11.131746
178,162,7.0088573
192,162,9.132715
195,162,13.478294
199,162,9.594895
200,162,14.011285
179,164,11.997712
196,164,10.54086
180,165,6.0202746
182,165,10.043023
188,166,8.310998
203,166,14.760536
213,166,13.681895
177,167,9.112882
187,167,6.1762633
204,167,13.589786
208,167,10.859471
214,167,14.380042
177,168,10.864058
185,168,10.0725765
194,168,9.05654
207,168,10.850758
175,170,10.69439
190,170,13.241812
198,170,8.442386
202,170,9.912197
173,171,7.5148544
212,171,14.155838
179,172,14.860754
186,172,9.258616
200,172,12.9560585
182,173,9.42916
221,174,12.389348
222,174,13.99586
201,175,13.090377
202,175,10.160245
217,176,14.480884
187,177,12.411079
194,177,8.392956
204,177,9.073429
208,177,11.507147
189,178,10.865795
192,178,8.086844
195,178,8.221089
199,178,13.016833
186,179,7.4434557
196,179,8.689981
182,180,14.96659
191,181,8.088609
203,181,9.716106
201,183,8.121286
219,183,10.339121
193,184,9.662483
206,184,9.875761
233,184,12.875965
189,185,6.320927
194,185,13.720658
195,185,12.603974
207,185,8.419974
211,185,10.469523
215,185,8.986547
196,186,13.167818
235,186,14.354494
204,187,12.3701935
208,187,7.0192556
214,187,8.2682705
213,188,8.758784
192,189,13.02076
195,189,6.300349
207,189,13.379036
211,189,7.1081758
215,189,10.369282
198,190,9.07652
205,190,12.432082
220,190,10.932879
225,190,11.757304
240,190,12.549343
203,191,12.198326
218,191,14.413967
227,191,8.945412
195,192,6.9238634
199,192,6.9912553
200,192,13.2083435
211,192,13.969346
223,192,14.620065
229,192,9.359194
218,193,9.360582
233,193,14.254395
204,194,6.8310657
207,194,7.675401
208,194,13.045092
215,194,14.52768
228,194,8.900106
199,195,13.901416
211,195,7.8808455
215,195,14.198414
229,195,10.335721
249,195,14.358494
216,196,12.885274
234,196,9.897233
236,196,8.929585
221,197,12.849543
226,197,9.595244
202,198,7.359416
220,198,7.202472
240,198,14.827591
200,199,6.24598
223,199,9.689925
229,199,12.410959
223,200,7.512947
235,200,14.707622
219,201,8.614958
250,201,12.071936
220,202,11.234283
213,203,13.695947
232,203,7.424056
207,204,13.170829
208,204,6.5177217
214,204,13.823698
228,204,8.667025
247,204,10.572894
225,205,5.9708953
230,205,7.8141623
240,205,13.667737
233,206,10.404379
238,206,8.132178
211,207,13.233516
215,207,6.8874907
228,207,8.968629
214,208,7.542925
228,208,14.08092
247,208,11.694027
210,209,9.025956
231,209,6.691435
231,210,6.8359118
251,210,10.669709
215,211,7.0737534
229,211,11.768013
249,211,10.661661
261,211,11.41207
252,212,14.670216
232,213,13.078836
267,213,10.545862
274,213,14.056385
247,214,14.471997
255,214,9.526216
228,215,12.879506
261,215,10.682641
291,215,14.472925
234,216,6.873876
236,216,13.838188
245,216,8.184535
276,216,11.934637
285,217,10.214897
227,218,9.555603
257,218,9.5212345
259,218,12.072746
239,219,8.798688
250,219,9.907328
278,219,12.027445
225,220,14.899509
240,220,8.93667
287,220,14.684359
289,220,13.278177
222,221,5.76271
226,221,8.400161
244,221,8.735811
226,222,13.345997
244,222,7.5207
229,223,13.362028
235,223,12.692945
258,223,8.763284
269,223,10.668288
243,224,7.8322554
256,224,12.577773
277,224,11.218242
230,225,8.322307
240,225,7.9351363
287,225,13.901384
244,226,11.234071
279,226,10.302911
290,226,12.900627
257,227,9.855314
280,227,11.347933
247,228,8.733424
304,228,14.60847
249,229,7.883975
269,229,12.469292
251,231,8.428095
292,231,13.552661
270,232,8.869271
274,232,10.378207
238,233,11.270424
259,233,9.577407
298,233,12.409176
236,234,7.1913147
245,234,11.228353
273,234,10.62867
276,234,8.993529
305,234,14.579084
248,235,9.093094
258,235,10.10874
262,235,6.6852984
309,235,14.448945
248,236,10.642739
272,236,9.758906
273,236,9.009637
276,236,12.800164
242,237,9.8626
284,237,9.3450775
294,237,14.826859
254,238,8.030289
303,238,13.297891
250,239,14.634177
278,239,11.365929
297,239,14.073973
287,240,8.234015
289,240,13.253678
253,241,10.153585
268,241,11.752487
308,241,14.844977
263,242,6.142565
283,242,13.666185
284,242,11.534199
302,242,11.917867
245,243,13.66007
265,243,8.558998
277,243,11.280538
311,243,14.689087
322,243,14.494425
279,244,14.306385
290,244,7.7996364
265,245,7.5249095
276,245,8.811197
254,246,8.69099
264,246,10.248286
299,246,8.477452
306,246,14.1361685
320,246,13.3710985
255,247,14.251196
304,247,11.149904
262,248,8.116026
272,248,6.5661774
273,248,12.874353
261,249,9.426994
269,249,14.692071
291,249,14.667191
278,250,7.558824
288,250,8.957975
252,251,11.357877
282,251,7.502447
292,251,7.737846
316,251,12.344797
282,252,7.624056
271,253,11.366943
296,253,8.575172
299,254,8.90331
303,254,9.026572
271,255,9.139141
318,255,11.069946
277,256,6.3740563
297,256,8.82079
301,256,6.457993
311,256,11.36906
331,256,12.265012
259,257,11.036478
280,257,10.294823
262,258,9.218201
269,258,8.9454365
309,258,8.894397
298,259,10.035494
335,259,13.864727
264,260,14.388627
275,260,14.982396
281,260,9.132049
300,260,6.1699653
307,260,9.644625
310,260,10.761196
336,260,12.4385605
291,261,5.9511123
327,261,12.625835
329,261,12.366489
272,262,12.507742
309,262,8.874857
283,263,8.049356
284,263,12.805799
302,263,6.8499084
323,263,14.050244
338,263,12.990476
299,264,13.590848
306,264,6.5920343
307,264,9.704779
320,264,10.869073
342,264,12.788207
276,265,13.940498
315,265,9.408182
322,265,12.500294
279,266,10.365603
314,266,10.650959
325,266,13.995123
328,266,11.000646
274,267,7.944138
275,268,11.091747
308,268,7.5764136
309,269,13.953884
321,269,12.555539
274,270,7.7972975
280,270,9.092675
296,271,6.368575
318,271,9.560695
273,272,7.0898385
305,272,11.987669
330,272,10.912576
276,273,7.980697
305,273,6.2656684
330,273,9.497495
281,275,5.975248
300,275,14.353422
310,275,9.708096
326,275,9.677037
305,276,7.41121
330,276,14.169542
297,277,12.953968
301,277,7.1912045
311,277,6.4940677
322,277,12.803939
331,277,12.454771
359,277,14.799212
288,278,11.624576
290,279,9.417963
314,279,8.439175
319,279,9.574274
328,279,14.235795
300,281,8.721578
310,281,6.07169
326,281,10.645951
336,281,13.89384
292,282,7.957749
316,282,8.032039
347,282,14.124961
349,282,13.048253
293,283,8.569139
302,283,9.481421
323,283,8.978272
337,283,13.959129
338,283,14.180478
294,284,11.166499
302,284,12.15273
338,284,14.125208
351,284,12.647527
312,285,8.859929
313,285,11.039194
324,285,13.093346
288,286,8.392159
289,286,10.038624
289,287,9.732376
314,290,14.950256
319,290,9.006196
340,290,11.257217
357,290,13.437879
304,291,14.3194475
327,291,7.130065
329,291,9.431705
352,291,13.95249
316,292,6.1473866
334,292,11.327765
346,292,9.227505
349,292,13.470295
323,293,10.149687
337,293,8.026262
317,294,12.744027
339,294,10.195497
361,294,13.7086735
317,295,7.255493
318,296,11.298124
301,297,6.565
311,297,14.122891
331,297,7.8020854
368,297,13.135467
303,298,12.3207855
332,298,7.8206873
335,298,6.8740563
303,299,9.990377
306,299,13.347253
320,299,8.741322
341,299,8.023655
345,299,9.776471
306,300,14.928434
307,300,8.123424
310,300,6.4162083
326,300,13.825642
336,300,6.544154
342,300,14.597963
358,300,14.333962
366,300,12.937372
311,301,7.6411977
331,301,5.956586
359,301,11.883177
368,301,13.780466
323,302,10.063038
338,302,6.1541405
351,302,13.246892
373,302,13.428628
332,303,9.913205
341,303,13.355054
345,303,8.634076
374,303,14.475609
394,303,14.4851055
327,304,13.423731
333,304,10.290211
352,304,10.654048
379,304,14.748657
330,305,6.917895
354,305,13.702627
363,305,12.793378
380,305,14.308469
307,306,6.8066697
320,306,6.5230093
336,306,14.463314
341,306,13.154474
342,306,6.2832747
358,306,12.308087
365,306,12.477347
310,307,14.295343
320,307,13.020162
336,307,8.757118
342,307,7.875246
358,307,10.881333
343,308,7.771862
360,308,10.914712
321,309,13.064824
371,309,14.043839
326,310,7.480242
336,310,8.872896
366,310,11.782727
367,310,13.704808
375,310,12.626596
322,311,8.334773
331,311,9.740433
359,311,8.697731
385,311,14.705047
313,312,7.0739503
324,312,5.5064034
325,312,11.824675
362,312,12.269633
383,312,14.316947
324,313,11.945076
362,313,12.621605
383,313,10.709177
319,314,8.649371
325,314,14.072888
328,314,6.730859
356,314,10.507809
364,314,9.850907
322,315,7.0943007
363,315,14.482853
385,315,13.844407
334,316,12.871554
346,316,7.4710975
347,316,12.59819
349,316,7.3274803
382,316,12.995127
390,316,12.582644
391,316,13.522371
339,317,8.249929
333,318,14.890633
350,318,9.167302
328,319,14.948277
340,319,11.782477
357,319,8.9070015
364,319,9.531055
387,319,12.960561
341,320,6.6342807
342,320,8.3530035
345,320,13.076133
358,320,14.281647
365,320,9.547403
378,320,12.251505
344,321,13.715843
369,321,10.560886
371,321,9.22639
401,321,11.701123
359,322,11.781372
385,322,10.675979
337,323,8.994097
338,323,10.27974
373,323,11.258029
377,323,13.892383
325,324,6.3184204
328,324,13.641824
362,324,11.305885
328,325,7.449545
356,325,11.135377
362,325,13.22983
384,325,10.976854
336,326,14.249084
360,326,12.305666
366,326,13.185651
367,326,7.744007
375,326,9.256623
400,326,14.073197
404,326,14.80324
329,327,6.6617975
352,327,7.983365
376,327,12.740612
398,327,12.862644
356,328,7.3441424
364,328,12.022061
384,328,11.667824
399,328,14.228543
344,329,10.082388
352,329,13.728283
376,329,8.93298
398,329,14.259965
354,330,6.9519143
363,330,13.926227
380,330,10.044449
389,330,13.994212
359,331,8.6197195
368,331,7.8897014
397,331,14.916819
413,331,14.489417
335,332,6.0906925
345,332,13.1880045
374,332,7.943376
394,332,12.94377
350,333,8.538501
352,333,14.904981
379,333,10.899581
346,334,6.67386
348,334,13.93363
353,334,8.666594
381,334,9.931855
382,334,10.285896
374,335,11.362216
342,336,11.388863
358,336,8.7314415
366,336,7.236604
375,336,13.331695
392,336,11.997488
403,336,12.8591385
347,337,14.137749
377,337,8.074555
351,338,9.0074215
373,338,7.885988
409,338,13.746691
361,339,10.147547
410,339,11.009446
357,340,6.530978
342,341,13.579319
345,341,6.7641773
365,341,10.376435
378,341,8.319166
388,341,9.076925
394,341,13.053139
402,341,13.67477
358,342,6.3055005
365,342,7.9356217
378,342,14.801915
392,342,11.844496
395,342,10.533311
402,342,14.538747
360,343,9.709735
411,343,14.615477
369,344,7.810374
376,344,11.1774645
401,344,14.185279
406,344,11.953728
374,345,12.44492
378,345,11.22867
388,345,7.790551
394,345,8.187211
420,345,14.81438
349,346,10.671498
353,346,14.364915
381,346,11.790795
382,346,6.857082
390,346,9.985587
391,346,13.721138
415,346,12.9695835
349,347,7.5841656
377,347,13.902315
390,347,14.934245
391,347,11.010389
393,347,8.642831
407,347,12.931622
353,348,5.939158
355,348,8.8734665
381,348,13.208601
382,349,12.359197
390,349,8.384501
391,349,6.8387146
393,349,9.057167
405,350,10.1211815
361,351,10.384523
373,351,12.337775
408,351,9.948636
409,351,11.845375
379,352,10.079042
398,352,10.028738
428,352,14.589724
355,353,14.629303
381,353,7.993093
382,353,14.273876
380,354,7.520675
389,354,7.045554
412,354,10.3559065
421,354,14.06904
372,355,6.707219
364,356,8.134038
384,356,6.6655455
399,356,6.951246
416,356,12.670342
423,356,12.161663
364,357,12.065988
387,357,8.877551
432,357,13.162707
365,358,9.422044
366,358,10.457165
392,358,5.8556185
395,358,7.5507946
402,358,14.108473
403,358,11.35454
424,358,12.25942
435,358,14.195232
368,359,11.003201
385,359,10.085607
397,359,7.635045
413,359,11.500404
430,359,14.696672
367,360,9.213496
375,360,13.970089
400,360,10.146011
411,360,8.684252
408,361,10.840101
410,361,13.4702425
431,361,13.455336
439,361,12.480073
383,362,7.180007
384,362,12.454035
426,362,9.2317505
380,363,10.31808
414,363,11.467511
417,363,10.381291
384,364,14.14087
387,364,8.0987015
399,364,8.396305
416,364,8.891173
378,365,7.4887133
388,365,13.126097
392,365,11.705289
395,365,6.3349133
402,365,6.7917295
424,365,11.700672
441,365,14.362251
367,366,12.255593
375,366,7.694956
392,366,9.678449
403,366,6.6623487
404,366,9.70221
433,366,11.801945
435,366,13.741944
375,367,4.7683206
400,367,6.3668046
404,367,8.523965
411,367,12.673427
445,367,14.752098
397,368,13.134185
413,368,8.723357
418,368,9.073704
376,369,13.409243
401,369,6.375535
406,369,8.363017
456,369,14.989223
396,370,11.716182
436,370,12.194023
401,371,11.703892
429,371,12.7867565
450,372,14.374331
408,373,14.204276
409,373,8.601828
388,374,13.325432
394,374,7.3008623
427,374,10.682957
400,375,8.350008
403,375,10.87355
404,375,5.647164
433,375,12.787417
445,375,13.695612
398,376,10.048866
406,376,8.66262
393,377,14.409527
407,377,9.153383
388,378,5.849243
394,378,11.913454
395,378,11.876564
402,378,6.1904483
420,378,8.693826
441,378,11.41121
398,379,13.961825
428,379,8.668119
389,380,10.715237
412,380,6.861553
417,380,10.260831
449,380,13.145872
460,380,14.85862
382,381,8.070623
390,381,14.160838
415,381,8.737726
442,381,14.909351
444,381,10.426285
390,382,6.3553543
391,382,11.584487
415,382,6.113365
434,382,14.428403
442,382,12.061592
444,382,13.23176
426,383,12.600399
440,383,12.277272
399,384,8.608743
423,384,7.9490337
426,384,11.800338
397,385,8.55196
414,385,13.480518
430,385,9.627591
446,385,13.122678
422,386,6.790623
447,386,12.714975
399,387,11.893663
416,387,6.663018
432,387,10.731433
453,387,10.72771
394,388,6.064874
402,388,11.383835
420,388,7.1271973
427,388,12.511667
441,388,14.017527
412,389,8.334682
421,389,7.0498176
429,389,13.316435
460,389,12.978175
464,389,14.060084
391,390,5.2952113
393,390,10.827847
415,390,8.281132
434,390,9.421209
442,390,10.937489
393,391,5.5326357
407,391,13.04857
415,391,12.983092
434,391,8.268869
438,391,11.671527
442,391,13.563509
395,392,6.3916016
402,392,13.566599
403,392,6.9870777
424,392,8.054266
433,392,11.760267
435,392,8.339666
451,392,11.701271
407,393,7.7828584
434,393,10.346424
438,393,9.7907505
420,394,9.774473
427,394,9.1572695
402,395,7.265531
403,395,13.175074
424,395,5.941094
435,395,11.695801
441,395,13.141284
451,395,11.180071
436,396,11.536901
466,396,13.818967
413,397,7.763839
430,397,7.5864673
437,397,8.187266
471,397,14.572164
428,398,11.615786
416,399,6.8223643
423,399,8.30737
448,399,12.794647
404,400,7.404424
411,400,8.372305
433,400,14.94458
443,400,14.858783
445,400,9.6183405
455,400,10.3303385
406,401,10.141333
456,401,10.758098
420,402,10.445333
424,402,9.001508
441,402,7.572508
451,402,13.167501
487,402,14.918101
404,403,8.89371
424,403,12.565352
433,403,5.9382
435,403,7.2512007
445,403,14.453596
451,403,13.693778
463,403,12.369317
474,403,14.628518
433,404,8.17456
435,404,14.168188
445,404,8.428036
455,404,14.3077755
463,404,12.937689
425,405,10.559948
459,405,13.346222
467,405,12.198426
456,406,11.168192
469,406,13.789768
434,407,14.365235
438,407,9.150773
462,407,10.752562
409,408,7.106138
439,408,10.476334
419,410,8.991456
431,410,6.541737
439,410,13.897966
443,411,7.6785364
445,411,14.606717
455,411,9.446329
417,412,11.025254
421,412,10.802232
449,412,9.175781
460,412,8.099179
464,412,12.518833
484,412,14.895615
418,413,7.280914
430,413,12.841233
437,413,6.678605
461,413,10.980907
417,414,10.302774
446,414,10.020511
457,414,8.795079
434,415,11.892902
442,415,6.5770764
444,415,7.9453974
423,416,13.177509
432,416,14.632511
448,416,13.306333
453,416,8.820726
477,416,12.197077
449,417,7.7616677
457,417,11.902057
460,417,14.905762
485,417,12.493511
437,418,11.940908
461,418,9.356283
431,419,12.38112
482,419,12.376097
427,420,9.807409
441,420,8.749651
470,420,9.703512
476,420,11.702807
429,421,7.564723
458,421,8.301991
460,421,10.219161
464,421,8.402249
447,422,9.457616
450,422,11.2617445
426,423,10.5358
448,423,8.614649
433,424,14.329122
435,424,7.8881397
441,424,11.089573
451,424,5.2579474
474,424,10.438632
487,424,12.780644
467,425,11.669215
440,426,11.215245
470,427,10.516125
475,427,10.135457
468,428,8.318866
458,429,6.530796
464,429,12.05465
481,429,13.542032
483,429,11.304977
501,429,14.201507
437,430,8.389769
446,430,8.916628
471,430,7.3497443
439,431,8.176798
453,432,10.283168
465,432,12.630838
490,432,12.988234
435,433,6.606259
445,433,9.8357315
451,433,13.145395
463,433,6.5904703
474,433,11.762892
494,433,12.626187
438,434,7.3018184
442,434,8.283841
486,434,12.698786
489,434,10.845956
451,435,6.825164
463,435,9.435432
474,435,7.5440493
494,435,12.5769825
466,436,8.2699795
473,436,7.306108
461,437,9.595281
471,437,11.461235
462,438,10.831023
489,438,10.8902445
508,438,13.009783
451,441,12.306153
470,441,11.535028
476,441,7.782009
487,441,8.666908
444,442,9.015992
486,442,8.747256
489,442,12.739465
507,442,14.916683
455,443,9.314099
479,443,9.024042
488,443,10.499846
516,443,14.635882
486,444,13.514487
507,444,13.317939
455,445,8.263884
463,445,9.477757
488,445,13.978099
493,445,9.24868
457,446,8.220305
471,446,7.9088154
453,448,14.490858
477,448,8.752425
505,448,8.857106
529,448,13.51017
457,449,14.665644
460,449,8.335845
464,449,14.102379
484,449,7.824042
485,449,7.749214
502,449,13.71075
524,449,14.475319
480,450,7.8973346
512,450,14.383753
463,451,13.560554
474,451,5.425456
487,451,10.1022625
494,451,13.3480835
515,451,12.674684
462,452,10.426475
498,452,12.819022
503,452,10.773953
477,453,7.724605
505,453,14.185163
514,453,14.272352
492,454,11.898386
521,454,13.138955
488,455,7.5310926
493,455,11.614543
525,455,14.554629
469,456,14.084233
504,456,11.91101
471,457,14.903131
485,457,11.797513
460,458,12.552706
464,458,7.0036216
481,458,12.57446
483,458,8.011951
496,458,9.124136
501,458,8.552466
502,458,14.24687
523,458,14.138403
467,459,6.953707
491,459,7.7005005
506,459,13.5102215
510,459,9.649548
464,460,5.8747063
484,460,8.968798
485,460,13.724761
496,460,12.698102
502,460,9.47271
497,461,8.624216
498,462,9.139508
508,462,14.366024
474,463,9.623544
493,463,10.307221
494,463,6.6037426
533,463,13.683616
483,464,13.753481
484,464,12.428487
496,464,8.019918
501,464,11.414173
502,464,8.800674
472,465,14.617982
478,465,6.051462
490,465,7.2570753
509,465,8.556908
514,465,14.027065
520,465,13.495513
473,466,9.564861
491,467,14.0570755
506,467,8.858586
510,467,8.391624
526,467,14.995247
491,468,11.263146
500,468,7.4735074
527,468,13.053408
499,469,7.1947308
475,470,11.692624
476,470,6.7993236
487,470,14.707098
478,472,9.180641
511,472,9.1440115
520,472,10.960271
487,474,11.9654665
494,474,7.9808226
515,474,9.803111
492,475,11.448631
522,475,10.214724
487,476,7.950822
505,477,6.5393014
529,477,11.816691
530,477,11.050742
490,478,11.295707
509,478,7.3845716
520,478,8.442432
488,479,10.833389
495,479,11.057772
516,479,8.40873
531,479,13.710086
537,479,10.854411
512,480,14.265926
483,481,5.502614
501,481,10.58309
504,481,10.229767
517,481,7.1679907
523,481,9.488566
534,481,12.326482
548,481,14.689618
519,482,8.648687
539,482,12.183603
496,483,10.434045
501,483,5.511593
517,483,9.667953
523,483,7.500929
535,483,11.911707
548,483,13.796436
485,484,6.5515866
496,484,14.731276
502,484,7.3511095
524,484,8.506664
502,485,13.803108
524,485,7.7459173
489,486,8.076723
507,486,9.53287
508,486,14.077431
543,486,11.436736
515,487,9.7698145
493,488,11.756797
516,488,8.578289
525,488,9.815296
531,488,8.419853
508,489,6.6629677
543,489,12.734703
509,490,7.7670093
514,490,6.772719
540,490,10.275795
500,491,11.937306
510,491,12.250303
527,491,8.420769
546,491,11.5011835
521,492,13.978833
522,492,9.842681
532,492,11.142302
494,493,11.76643
525,493,8.151826
531,493,14.50481
533,493,11.897237
515,494,11.702868
533,494,8.424037
553,494,14.454201
506,495,14.926907
526,495,9.44022
537,495,8.844554
562,495,14.588693
501,496,5.4903064
502,496,7.6541204
523,496,11.028295
535,496,8.087346
557,496,12.856786
565,496,14.615354
542,497,9.528999
560,497,13.066392
503,498,11.258579
508,498,14.054708
541,498,11.565617
549,498,14.816601
556,498,11.387667
538,499,13.718144
551,499,11.140775
527,500,8.332396
544,500,10.084404
502,501,13.141913
517,501,11.983891
523,501,6.3008842
535,501,7.190204
548,501,11.99556
557,501,14.49373
565,501,13.87277
524,502,12.68279
535,502,13.446417
557,502,13.990898
528,503,7.2032647
541,503,10.204734
567,503,14.860139
517,504,8.00679
523,504,14.84771
534,504,6.29667
538,504,9.390119
554,504,12.818952
564,504,12.975414
529,505,5.566689
530,505,8.740609
550,505,13.887901
510,506,5.8568325
526,506,7.075801
562,506,14.751513
543,507,12.552431
558,507,10.905381
543,508,13.673292
549,508,9.55759
514,509,12.131314
520,509,7.7488317
540,509,7.721063
526,510,12.601403
546,510,13.186734
568,510,14.140878
520,511,10.370892
545,511,11.392447
547,511,7.326526
519,513,10.860968
536,513,9.239506
530,514,11.834122
540,514,9.587763
550,514,12.762742
559,514,11.0403805
573,514,14.152218
533,515,14.5700035
553,515,9.169388
525,516,12.732471
531,516,5.846285
537,516,9.516692
523,517,6.904927
534,517,6.1507263
535,517,13.599454
538,517,14.742186
548,517,9.087098
554,517,8.122335
564,517,12.103469
577,517,14.29319
582,517,14.504964
528,518,9.326939
536,518,9.769078
567,518,14.187255
572,518,9.880542
539,519,7.961393
540,520,12.879979
547,520,12.320699
532,521,11.22335
561,521,10.255045
532,522,10.198837
534,523,12.266371
535,523,6.8363934
548,523,6.340511
554,523,10.2287
557,523,14.395421
565,523,11.141069
577,523,12.729939
563,524,9.65218
531,525,7.400303
533,525,14.248378
537,526,14.259664
562,526,9.256365
544,527,12.689695
546,527,7.2614255
568,527,12.7275305
541,528,10.470602
567,528,9.297155
572,528,12.391366
530,529,7.9819164
550,529,11.388114
584,529,14.23858
550,530,5.553186
559,530,14.692283
573,530,11.8866205
584,530,11.265193
537,531,14.406469
553,533,11.395451
596,533,14.2023325
538,534,8.977591
548,534,11.470825
554,534,6.7657237
564,534,7.158461
577,534,14.230937
582,534,11.638467
548,535,8.211334
554,535,14.209957
557,535,7.8409386
565,535,6.849618
577,535,12.829378
580,535,10.640154
594,535,13.44137
572,536,13.088233
562,537,13.366922
551,538,14.573438
554,538,14.221344
564,538,10.0072
559,540,7.405651
573,540,13.745535
556,541,8.332383
567,541,9.9922285
583,541,8.483095
555,542,8.784431
560,542,8.613482
593,542,11.469384
549,543,14.777086
558,543,10.432972
587,543,13.8400955
551,544,10.0809145
586,544,14.08897
589,544,10.702067
547,545,8.471244
552,545,12.855267
579,545,10.163542
581,545,7.881528
601,545,13.788801
568,546,5.560646
581,547,10.899198
554,548,6.1276894
557,548,13.042169
564,548,12.270978
565,548,7.6436634
577,548,6.394999
580,548,12.572564
582,548,10.312805
594,548,10.970028
597,548,11.962935
556,549,10.802078
587,549,10.34119
603,549,12.443588
604,549,14.823879
559,550,10.9337015
573,550,6.605303
584,550,6.308305
586,551,8.031734
589,551,10.957713
607,551,13.780394
575,552,8.853185
579,552,8.0087185
581,552,14.780913
595,552,11.98045
599,552,11.400677
601,552,14.85985
602,552,14.504791
571,553,13.371105
596,553,14.774189
564,554,6.215118
565,554,13.124466
577,554,7.4654493
582,554,6.420862
594,554,14.10714
597,554,10.517892
613,554,14.517101
570,555,7.0094194
585,555,13.190009
593,555,10.197811
583,556,7.108492
603,556,13.446022
604,556,10.278368
565,557,6.09689
577,557,14.290802
580,557,4.9821095
592,557,8.885018
594,557,10.877037
566,558,10.685144
573,559,6.4834557
584,559,12.992631
600,559,9.845608
610,559,14.049786
576,561,6.175289
591,561,11.321658
569,563,11.377955
605,563,10.383893
611,563,14.33067
577,564,11.400146
582,564,6.043254
597,564,11.237698
613,564,10.997616
577,565,8.250783
580,565,5.0352516
582,565,14.686822
592,565,12.210894
594,565,6.6570144
597,565,13.394314
590,566,13.122584
615,566,12.884129
572,567,9.171507
583,567,12.621405
612,567,13.527339
585,569,14.844581
598,569,9.938491
605,569,12.890423
620,569,12.1855135
585,570,6.3026085
593,570,13.72428
598,570,14.51109
608,570,10.576748
609,571,12.222001
584,573,6.5530663
600,573,9.93873
578,574,10.437636
576,575,10.612566
579,575,12.581901
591,575,7.068925
595,575,7.214423
599,575,11.437496
602,575,6.1147847
634,575,13.979862
591,576,5.2582383
602,576,10.103801
623,576,11.411327
580,577,11.483722
582,577,6.5256367
594,577,6.769301
597,577,5.8459554
613,577,13.603296
625,577,12.60659
581,579,7.7593703
595,579,10.513975
599,579,5.862584
601,579,6.9761295
621,579,10.638073
592,580,7.263561
594,580,6.4180326
599,581,11.2900095
601,581,6.9090033
621,581,13.191713
594,582,12.541993
597,582,5.2257915
613,582,8.364212
625,582,11.161423
603,583,14.042216
604,583,8.009682
612,583,8.73287
600,584,14.334907
633,584,14.883251
598,585,8.27811
608,585,6.3915396
627,585,12.72398
589,586,7.1291575
607,586,6.081838
619,586,9.038946
603,587,8.970293
622,587,9.341158
631,587,14.162766
600,588,14.414505
610,588,8.0525465
607,589,11.020429
619,589,8.52751
624,589,13.385341
615,590,8.385785
630,590,13.020095
595,591,10.734102
602,591,4.85076
623,591,9.133818
634,591,11.980012
594,592,12.089897
611,592,9.362798
650,593,14.827017
597,594,9.070185
625,594,13.135265
599,595,6.197455
601,595,12.186062
602,595,6.234482
621,595,9.14096
634,595,9.46324
638,595,9.778038
648,595,14.205548
613,597,8.485468
625,597,7.015183
646,597,13.810025
608,598,9.391233
620,598,7.8217835
627,598,9.082306
647,598,13.668989
601,599,6.065882
602,599,12.387567
621,599,5.5735173
634,599,14.257573
638,599,11.013749
648,599,12.284762
610,600,7.4888163
662,600,14.392072
621,601,6.2986784
638,601,13.891766
648,601,11.946514
651,601,12.034134
621,602,14.967048
623,602,9.741836
634,602,8.303691
638,602,12.941597
604,603,6.639879
622,603,11.935031
631,603,8.511084
652,603,14.18947
612,604,11.032025
631,604,11.640829
637,604,14.029369
652,604,12.557332
611,605,10.5653
620,605,11.031841
640,605,9.304263
641,605,12.215494
628,606,11.173146
629,606,10.471531
619,607,6.979712
627,608,8.150716
661,608,14.62658
616,609,9.794969
642,609,10.479289
662,610,14.272996
640,611,14.823377
641,611,9.253701
637,612,7.2017365
652,612,13.877018
657,612,14.059658
625,613,7.88619
646,613,10.761852
660,613,12.705973
617,614,5.514271
639,614,7.5320144
655,614,10.972721
630,615,6.696669
636,615,14.305822
672,615,14.160014
635,616,9.128784
642,616,7.295503
666,616,13.421446
676,616,14.586655
680,616,14.701175
628,617,11.2530575
639,617,6.26007
655,617,13.106464
635,618,10.083442
654,618,8.262205
664,618,11.799254
666,618,14.783249
678,618,13.516799
624,619,13.339349
627,620,9.901356
640,620,10.188494
647,620,7.434061
634,621,13.530248
638,621,7.6159062
648,621,6.7882648
651,621,10.768466
631,622,10.283271
644,622,11.0798855
663,622,10.968902
634,623,9.249499
626,624,9.370525
659,624,8.3493185
671,624,12.257073
646,625,6.971741
660,625,12.048192
658,626,7.904005
659,626,10.514559
671,626,9.234945
677,626,14.330387
647,627,9.780222
661,627,14.844287
639,628,12.331858
630,629,14.576199
691,629,12.981734
636,630,13.874562
672,630,7.4858165
652,631,9.052763
663,631,12.674194
679,631,9.866661
701,632,12.5510435
669,633,11.253188
675,633,9.878139
699,633,13.06773
638,634,7.519398
648,634,14.186402
642,635,11.53894
654,635,8.562077
666,635,6.6589284
678,635,10.074243
680,635,10.905289
702,635,13.465135
644,636,11.732379
652,637,9.459634
657,637,9.910573
673,637,8.014356
700,637,14.908574
648,638,6.671894
651,638,14.343036
655,639,7.7933
681,639,13.8041315
641,640,9.315318
647,640,9.035334
666,642,11.88497
668,642,13.600244
676,642,7.5566034
680,642,10.342745
705,642,13.487236
709,642,14.983924
670,643,6.693537
695,643,10.369492
663,644,10.86762
689,644,9.406986
667,645,6.756411
687,645,10.59965
688,645,9.110574
694,645,12.0822
660,646,5.7244706
718,647,14.429268
651,648,7.8174715
684,648,11.65894
724,649,14.369907
661,650,8.36643
685,650,14.347674
656,651,14.701402
684,651,7.6880064
673,652,9.927994
679,652,11.723767
703,652,10.530977
674,653,5.5611763
692,653,11.935175
664,654,7.820384
666,654,8.959369
678,654,5.39748
680,654,14.147884
690,654,9.895487
702,654,11.215135
681,655,6.319848
712,655,12.777986
719,655,12.033484
684,656,14.215528
704,656,8.887561
722,656,14.591159
673,657,10.369453
700,657,8.49638
713,657,14.826316
730,657,14.535015
738,657,14.751254
659,658,11.571291
671,658,6.4310713
677,658,7.074838
697,658,12.20145
725,658,11.030561
671,659,5.769163
697,659,7.8952003
711,659,11.7314415
725,659,14.822691
721,660,13.95456
732,660,11.933963
685,661,6.883288
675,662,13.371828
682,662,7.3121467
693,662,8.176702
679,663,8.436331
689,663,8.397058
727,663,14.593122
733,663,12.046168
745,663,13.206286
678,664,10.427639
690,664,8.173921
715,664,11.673955
670,665,10.731048
696,665,7.458877
706,665,12.744689
736,665,12.9514885
676,666,12.08168
678,666,6.386465
680,666,5.3105497
690,666,13.806882
702,666,7.2319703
705,666,13.237789
709,666,10.211487
735,666,13.05927
668,667,10.370293
686,667,8.73153
687,667,8.077186
688,667,11.227932
694,667,6.3753495
723,667,14.132417
752,667,14.553031
676,668,10.95787
686,668,5.3899407
694,668,10.115392
705,668,14.377082
710,668,10.15514
723,668,10.348234
749,668,14.480117
675,669,13.668443
683,669,13.65127
699,669,8.9933405
708,669,14.531893
714,669,13.937521
740,669,13.489715
746,669,14.19977
754,669,13.557895
695,670,7.170891
696,670,8.694048
736,670,14.257326
743,670,12.611947
677,671,12.453423
697,671,6.628124
711,671,13.195506
725,671,10.092742
691,672,9.679216
729,672,10.692231
700,673,9.7721405
703,673,10.31407
713,673,7.387681
738,673,13.081434
750,673,13.639708
692,674,7.53053
739,674,10.614534
682,675,7.0600405
699,675,8.009266
708,675,7.34824
734,675,9.813092
746,675,13.663735
747,675,14.904385
680,676,7.521158
686,676,14.437283
705,676,6.2127724
709,676,9.277062
710,676,8.366882
751,676,12.88162
716,677,8.537345
725,677,10.872382
680,678,10.52058
690,678,7.567928
702,678,5.8528605
709,678,13.224986
735,678,11.306307
757,678,14.698766
703,679,10.393424
727,679,8.585293
733,679,10.846011
702,680,7.991458
705,680,7.9526944
709,680,5.826195
710,680,13.69559
735,680,12.112427
751,680,12.656429
712,681,6.5658875
719,681,9.378341
765,681,14.772766
693,682,10.69767
699,682,13.987277
708,682,10.516353
734,682,9.076426
747,682,11.394634
714,683,6.5868244
720,683,9.253082
740,683,12.653386
758,683,13.551694
704,684,11.8438225
737,685,9.097287
687,686,10.98146
694,686,5.4434886
710,686,10.066733
723,686,6.1874228
749,686,11.309893
752,686,12.300483
688,687,6.752675
694,687,5.537971
723,687,13.100091
741,687,9.274696
752,687,7.8939576
694,688,11.8724985
695,688,13.747467
741,688,8.489585
742,688,11.035632
752,688,13.316924
733,689,13.349552
745,689,8.536324
753,689,11.9455385
702,690,9.645404
715,690,9.590183
735,690,11.5604315
757,690,9.708689
729,691,6.943077
781,691,13.6626
701,692,12.594075
728,692,9.557118
739,692,9.498289
762,692,10.762478
722,693,7.7336636
747,693,12.358741
763,693,11.126994
710,694,14.91202
723,694,8.615427
741,694,14.292958
749,694,13.863181
752,694,8.777302
696,695,11.990569
736,695,14.904098
741,695,14.811413
742,695,9.030506
743,695,7.1963415
759,695,13.16012
778,695,13.698456
706,696,14.052923
736,696,6.453222
743,696,12.499962
756,696,14.305616
759,696,10.849279
711,697,7.067877
725,697,8.629895
760,697,9.262507
772,697,13.405452
701,698,9.319633
728,698,14.222436
730,698,9.847304
769,698,14.846253
708,699,5.59862
734,699,10.775271
740,699,14.536709
746,699,7.0881567
754,699,9.868917
776,699,13.556359
713,700,9.112605
730,700,8.82251
738,700,6.2634068
775,700,13.366192
728,701,5.971506
762,701,14.857095
769,701,11.251905
705,702,13.115519
709,702,8.200485
735,702,6.046505
751,702,14.171972
757,702,12.270679
777,702,12.179543
713,703,9.068253
727,703,8.120918
750,703,7.9446535
771,703,14.394143
793,703,14.768529
722,704,11.270735
709,705,5.1033874
710,705,6.351786
723,705,14.154974
735,705,13.862185
749,705,12.540497
751,705,6.6715317
780,705,13.028232
724,706,12.176049
736,706,13.606661
756,706,7.8826427
726,707,14.2864
773,707,14.909698
779,707,11.338898
798,707,14.565797
734,708,5.1808786
746,708,7.1221924
747,708,11.161721
754,708,12.076798
776,708,10.115399
710,709,11.37971
735,709,8.977596
751,709,7.084342
777,709,12.13988
723,710,7.83894
749,710,7.432575
751,710,9.539748
780,710,10.897688
717,711,13.090554
725,711,14.208099
760,711,9.450361
772,711,8.3409395
785,711,12.681709
719,712,9.1036625
765,712,9.882921
768,712,8.777284
738,713,8.224026
750,713,7.468425
775,713,10.411787
793,713,14.971785
720,714,9.745633
740,714,6.6431484
754,714,13.549206
758,714,8.199291
788,714,13.500894
748,715,13.144222
757,715,12.319444
724,716,13.475145
725,716,12.708463
764,716,9.517374
721,717,10.98418
761,717,7.244852
785,717,14.1959095
791,717,13.88153
807,717,13.95478
726,718,7.70006
744,718,9.498609
773,718,14.154551
786,718,11.321402
765,719,8.822248
758,720,9.962338
766,720,10.881107
732,721,10.122864
761,721,10.470786
782,721,11.941391
791,721,13.604626
763,722,9.542104
749,723,5.366122
752,723,10.248218
780,723,11.957525
792,723,10.827762
795,724,11.611442
760,725,8.987171
764,725,10.82628
796,725,12.438621
773,726,8.469757
779,726,12.460511
786,726,11.793449
733,727,7.2536426
750,727,10.918733
771,727,7.5613017
783,727,13.247562
793,727,13.335019
739,728,14.677309
762,728,8.889379
769,728,8.086922
781,729,10.516379
738,730,8.886054
775,730,14.713169
748,731,12.992892
755,731,5.4822664
789,731,12.340571
782,732,11.460425
797,732,11.048444
745,733,8.749418
771,733,7.845367
783,733,7.928713
746,734,10.524515
747,734,6.0008054
763,734,14.274586
776,734,9.387867
751,735,11.908555
757,735,8.678784
777,735,6.208137
801,735,12.342709
743,736,11.905151
756,736,10.282641
759,736,6.532079
790,736,9.836101
744,737,14.952141
767,737,8.044896
770,737,10.946305
750,738,13.089262
775,738,7.29387
762,739,8.525147
784,739,7.658796
811,739,13.910936
746,740,12.406243
754,740,7.240956
758,740,9.7515745
788,740,8.305748
800,740,14.436896
804,740,14.6108265
742,741,6.9126797
743,741,14.495889
752,741,9.792994
778,741,11.0715
802,741,12.212871
803,741,10.550524
805,741,12.550792
743,742,7.606694
759,742,14.677984
778,742,6.930977
799,742,13.230307
803,742,13.074504
805,742,11.683917
759,743,7.3967805
778,743,8.071118
799,743,10.174668
805,743,14.273301
767,744,7.907014
786,744,9.504914
827,744,14.547889
753,745,8.324551
771,745,14.92075
774,745,14.656798
783,745,9.170444
787,745,12.59229
754,746,5.358991
776,746,7.746333
788,746,14.32524
800,746,9.739383
763,747,8.361386
776,747,11.195292
815,747,14.0777445
820,747,13.883479
755,748,8.367434
751,749,11.736015
752,749,13.095061
780,749,6.6014824
792,749,9.415998
810,749,13.258692
812,749,12.294918
771,750,12.9173565
775,750,10.388417
793,750,7.9697533
825,750,14.442413
777,751,11.214
780,751,8.752725
810,751,12.544821
792,752,8.85756
802,752,9.309749
803,752,13.247928
774,753,6.4290347
783,753,14.860895
787,753,5.630401
776,754,11.621518
788,754,9.654474
800,754,9.25308
819,754,13.569228
789,755,13.402258
790,756,9.426173
809,756,10.908668
777,757,9.855075
801,757,8.138956
766,758,10.421281
788,758,10.749063
804,758,7.6422486
831,758,14.294661
778,759,12.17208
790,759,10.33206
799,759,9.23675
826,759,13.132963
764,760,14.647244
772,760,8.176386
785,760,13.582153
796,760,9.948744
806,760,8.233741
823,760,14.235442
782,761,10.917941
785,761,12.875673
791,761,6.640927
807,761,8.598174
769,762,10.621319
784,762,10.878146
811,762,11.844344
820,763,12.343845
796,764,8.567617
768,765,9.346132
816,765,9.9212885
804,766,11.2628565
831,766,11.282502
816,768,12.454804
808,769,8.6566305
783,771,8.065643
793,771,10.265678
785,772,5.600815
806,772,9.130309
807,772,13.533201
821,772,11.168904
823,772,10.731564
779,773,6.3240275
786,773,9.787321
798,773,11.999055
814,773,9.482402
833,773,13.455766
787,774,4.0827193
793,775,12.254349
818,775,9.643259
825,775,12.134317
800,776,8.29724
815,776,9.8765745
832,776,12.496675
801,777,8.567858
799,778,6.923974
803,778,10.444156
805,778,6.219253
830,778,11.110675
798,779,6.406472
814,779,8.4480715
843,779,14.067636
792,780,11.947954
810,780,6.9568415
812,780,9.367729
817,781,11.213127
791,782,6.692467
797,782,6.2696705
807,782,14.447757
824,782,9.168352
849,782,14.694462
829,783,11.130565
811,784,7.824578
857,784,14.38858
806,785,11.799016
807,785,8.136599
821,785,6.5785584
823,785,9.647565
835,785,13.668252
845,785,13.75385
848,785,11.801193
827,786,10.713828
833,786,12.477629
829,787,14.262602
800,788,10.154487
804,788,10.379855
819,788,7.50634
838,788,11.30288
794,789,13.650918
822,789,10.484543
839,789,11.327516
809,790,10.47032
826,790,11.154134
797,791,12.502414
807,791,7.7595525
824,791,10.70427
835,791,12.978335
849,791,11.463913
802,792,8.855994
812,792,8.900796
834,792,10.950394
825,793,8.179935
822,794,5.954645
853,794,12.1278305
809,795,11.511156
841,795,11.149454
858,795,12.736039
806,796,8.357042
823,796,14.770492
847,796,12.606981
851,796,11.433027
824,797,8.757646
842,797,10.633569
814,798,7.9060707
836,798,12.558864
843,798,9.575196
805,799,9.246881
826,799,9.4355135
830,799,8.349085
815,800,13.359196
819,800,7.60236
832,800,8.771064
862,800,14.279264
803,802,6.591916
805,802,12.50694
834,802,12.294315
840,802,10.934575
805,803,5.9188046
830,803,12.441027
840,803,9.268242
819,804,14.486779
831,804,7.9405885
838,804,9.987928
852,804,10.780763
830,805,7.5652003
840,805,11.150227
821,806,12.90769
823,806,6.9983764
845,806,11.092388
847,806,9.098984
851,806,12.628678
821,807,8.256592
835,807,8.730493
848,807,11.80184
849,807,11.716201
844,808,10.534059
861,808,14.8848715
875,808,14.4409895
858,809,11.649658
882,809,14.734855
812,810,8.028567
857,811,8.710821
834,812,7.81288
880,812,13.895428
836,813,8.5386505
850,813,9.427393
833,814,9.101586
843,814,7.622716
820,815,7.2433286
832,815,9.713805
863,815,9.724518
866,815,9.854806
846,816,9.673531
828,817,13.848291
837,817,9.377173
860,817,9.186663
825,818,10.937797
855,818,8.854196
856,818,9.236498
881,818,12.606844
832,819,10.161129
838,819,8.979633
862,819,9.851718
865,819,10.950624
878,819,14.162868
863,820,14.063609
866,820,10.160711
823,821,7.1426253
835,821,8.618152
845,821,9.018134
847,821,14.462282
848,821,5.2371926
872,821,11.329869
876,821,13.864857
853,822,9.65345
867,822,11.735595
835,823,14.957444
845,823,5.0177784
847,823,7.7537465
848,823,8.482169
851,823,14.003819
872,823,13.128808
876,823,11.044931
842,824,8.69408
849,824,8.816133
892,824,14.72811
855,825,8.073861
830,826,11.585639
833,827,11.285125
873,827,9.791815
837,828,8.196889
846,828,11.624424
854,828,7.5736637
840,830,12.1136675
870,830,8.919645
838,831,12.557411
852,831,7.192497
868,831,8.87338
862,832,8.792831
863,832,7.2659163
865,832,14.771436
866,832,13.0890875
878,832,8.64782
901,832,14.1494255
843,833,13.242123
873,833,13.4896345
887,833,10.290647
840,834,13.791948
869,834,8.252933
880,834,12.505734
845,835,14.39357
848,835,7.3457065
849,835,6.7708306
872,835,9.603778
903,835,12.871815
843,836,10.159409
850,836,10.71732
883,836,14.821315
894,836,13.136651
854,837,10.631249
860,837,11.344677
852,838,8.198296
862,838,12.167528
865,838,7.645014
907,838,13.083574
867,839,13.826155
879,839,8.52476
869,840,11.130005
870,840,13.378864
902,840,12.239317
858,841,8.333733
859,841,9.138878
871,841,7.5374684
882,841,14.296916
891,841,12.140244
908,841,13.686215
850,842,11.356661
877,842,9.258466
892,842,10.588502
883,843,9.688849
887,843,14.10581
856,844,9.490511
861,844,4.370927
875,844,7.4113655
888,844,14.766167
896,844,12.290844
847,845,6.650141
848,845,7.050167
851,845,13.161798
872,845,9.434998
876,845,6.0388694
893,845,12.303866
920,845,14.467651
854,846,7.4709563
848,847,13.644266
851,847,6.6109524
864,847,12.615081
876,847,9.190783
893,847,10.793839
849,848,14.046142
872,848,6.1019225
876,848,9.8765955
903,848,12.025144
872,849,14.835525
877,850,7.76649
894,850,11.172067
910,850,12.895415
859,851,12.649046
864,851,6.2592707
876,851,14.063601
893,851,11.605862
905,851,11.72672
865,852,12.708487
868,852,8.540024
907,852,10.780275
918,852,13.462855
923,852,13.413315
867,853,8.181401
898,853,9.642976
856,855,12.239989
881,855,8.469877
861,856,7.087251
875,856,14.087485
881,856,8.599034
896,856,10.382357
897,857,9.596944
871,858,7.083514
882,858,6.802624
890,858,12.437549
908,858,14.394887
914,858,13.494184
919,858,14.324056
864,859,7.424917
871,859,12.801186
891,859,7.6163383
905,859,13.694906
908,859,14.371491
875,861,7.0252595
881,861,13.490401
896,861,8.030913
917,861,13.427375
863,862,11.472635
865,862,6.618391
878,862,5.280255
901,862,12.545882
904,862,9.937892
866,863,6.7070904
878,863,7.5032916
901,863,8.609154
904,863,14.848469
891,864,10.338627
893,864,13.27464
905,864,8.400726
878,865,11.27855
904,865,11.616293
907,865,10.229381
934,865,12.846946
878,866,13.706751
901,866,11.37826
879,867,10.006091
898,867,11.588783
915,867,10.76873
907,868,14.518173
918,868,9.167558
923,868,12.713619
880,869,13.260416
902,869,11.429293
912,869,8.503235
929,869,13.566652
902,870,12.735754
913,870,13.267709
922,870,9.970281
941,870,13.039439
882,871,9.257469
890,871,14.954452
891,871,10.748711
908,871,7.5318513
914,871,9.065168
919,871,14.04994
937,871,14.89352
876,872,8.005245
903,872,6.162388
920,872,10.62848
924,872,10.00384
887,873,13.225171
895,873,8.345766
906,873,8.700702
885,874,7.734579
909,874,8.077983
916,874,9.331414
886,875,14.430343
888,875,8.146331
896,875,10.357927
917,875,8.9811
893,876,7.828628
903,876,11.981971
920,876,8.58978
924,876,12.403858
892,877,8.586627
894,877,11.842761
910,877,8.714259
925,877,11.0124855
943,877,13.847548
901,878,7.4060855
904,878,8.236136
915,879,11.531617
927,879,10.802241
911,880,12.285525
912,880,14.893259
929,880,11.708833
945,880,12.825816
896,881,10.686604
932,881,14.291064
890,882,5.9812775
900,882,13.906083
908,882,14.045077
914,882,9.964457
919,882,7.7230296
936,882,14.00686
937,882,12.863131
887,883,10.034998
926,883,13.269848
946,883,14.740564
909,885,12.3080435
916,885,5.858673
888,886,6.566018
897,886,9.965502
928,886,8.014021
931,886,12.16526
933,886,14.623623
953,886,14.217684
906,887,8.254426
926,887,8.201275
948,887,13.703039
917,888,9.621377
928,888,10.397533
931,888,10.261412
899,889,12.580108
930,889,11.544684
939,889,11.175412
900,890,8.040748
914,890,12.575331
919,890,5.583773
936,890,9.4662895
937,890,12.6403475
905,891,11.173212
908,891,8.176511
914,891,14.84261
938,891,10.52149
910,892,13.380085
925,892,6.2813177
943,892,13.865899
955,892,13.3241205
905,893,9.345114
920,893,9.754008
949,893,11.285014
951,893,13.120768
910,894,7.186882
943,894,14.164018
946,894,11.932072
906,895,13.770504
917,896,10.139048
932,896,7.423938
928,897,11.694884
933,897,8.562111
953,897,13.275669
915,898,13.234459
950,898,13.500192
911,899,11.953171
939,899,12.65144
913,900,8.117094
919,900,11.326564
936,900,9.635818
942,900,12.164931
954,900,13.590006
904,901,9.072999
957,901,10.683941
912,902,9.583152
922,902,9.348608
940,902,9.740881
920,903,9.483072
924,903,5.456045
952,903,11.459438
934,904,9.051263
957,904,10.694018
965,904,12.449144
938,905,10.867116
949,905,10.972779
926,906,7.165075
948,906,12.663526
918,907,11.347998
923,907,6.7974563
934,907,9.75658
956,907,12.991294
914,908,6.8011374
937,908,12.13229
938,908,11.834186
962,908,11.226438
973,908,14.517812
916,909,9.216625
959,909,13.407274
925,910,11.006245
943,910,7.5574594
946,910,14.573429
955,910,13.23861
945,911,11.513312
958,911,11.813849
929,912,7.7297854
922,913,14.601607
936,913,14.787414
941,913,9.063761
942,913,7.655754
919,914,8.434044
936,914,14.033723
937,914,5.993237
962,914,13.226358
967,914,12.730294
973,914,12.44115
927,915,12.595631
966,915,13.012753
981,915,14.017128
960,916,12.61256
928,917,14.427438
931,917,8.849432
932,917,10.508266
964,917,9.709555
923,918,5.647919
956,918,12.102004
963,918,11.13552
936,919,6.783513
937,919,7.0975823
954,919,13.309891
967,919,11.482439
924,920,6.0057077
949,920,13.806363
951,920,8.7733
952,920,8.130592
930,921,7.2574725
935,921,7.311981
947,921,14.889268
970,921,14.472284
940,922,5.8793006
941,922,7.7035856
934,923,13.569079
956,923,8.621399
963,923,12.125913
975,923,14.898152
951,924,11.823457
952,924,6.113334
943,925,8.411106
955,925,7.0848217
968,925,10.894961
948,926,6.0318947
935,927,10.178122
947,927,4.741242
966,927,8.661766
970,927,13.334872
931,928,6.9656887
933,928,10.698976
953,928,6.9249997
978,928,12.3488245
945,929,10.356302
935,930,12.164971
939,930,12.667541
953,931,11.198506
964,931,11.1763525
978,931,11.100323
964,932,10.069229
988,932,14.768057
953,933,7.269906
979,933,10.566318
956,934,13.558782
965,934,8.565987
975,934,10.624129
947,935,7.869055
966,935,14.988324
970,935,8.234324
937,936,9.805194
942,936,13.32751
954,936,6.6732087
967,936,9.575091
982,936,13.093748
992,936,14.888941
954,937,14.122212
962,937,14.020379
967,937,6.7975388
973,937,9.698087
992,937,14.966994
949,938,13.671257
962,938,8.709051
980,938,10.935964
941,940,11.016078
942,941,7.6952877
954,942,10.391131
982,942,11.228658
955,943,6.4366508
968,943,13.444864
950,944,8.3572445
972,944,9.306503
958,945,8.92147
977,946,14.056046
996,946,13.987877
966,947,7.2471123
970,947,8.710042
990,947,11.709997
977,948,9.529097
951,949,8.467315
980,949,12.819506
1001,949,14.727022
972,950,14.402794
952,951,7.992324
983,952,11.812623
978,953,8.8384285
979,953,9.291839
999,953,12.742326
967,954,10.223266
982,954,6.420644
992,954,11.258002
1010,954,14.59272
968,955,7.0102444
963,956,9.032506
975,956,8.320789
1003,956,13.692256
965,957,11.470254
985,957,8.865855
986,957,14.479429
989,957,13.664736
991,958,8.888695
1000,959,11.344205
984,960,13.576164
987,960,8.485076
984,961,11.826251
998,961,11.341833
973,962,7.8032575
980,962,12.389435
988,964,11.382905
1002,964,12.145885
975,965,8.911235
985,965,11.773622
989,965,7.4419475
1004,965,10.808548
1022,965,14.859459
970,966,12.755425
981,966,9.976939
990,966,9.3336315
973,967,9.364773
982,967,14.141488
992,967,8.183639
1014,967,13.862846
976,968,8.53774
1012,968,14.535954
997,969,8.67416
990,970,9.488903
995,971,11.627901
1005,971,12.237438
986,972,10.945273
1016,972,12.798691
992,973,13.775296
1019,974,12.535933
989,975,12.161252
1003,975,9.07357
1004,975,9.316376
1022,975,14.916885
983,976,9.529067
1012,976,10.359484
1027,976,13.086491
996,977,13.595047
1007,977,8.822349
1018,977,12.032574
979,978,11.839854
999,978,7.9619055
1002,978,11.865039
1021,978,11.630201
999,979,8.744698
1029,979,11.798219
1033,979,12.778076
1001,980,10.117414
1017,980,11.045773
990,981,14.403303
994,981,8.409463
992,982,10.88046
1010,982,9.635647
1027,983,14.384966
1030,983,12.068041
1036,983,13.659177
987,984,7.720346
998,984,7.3851876
1032,984,12.059882
986,985,12.64362
989,985,8.38538
1006,985,9.434236
1025,985,10.346813
1026,985,11.14362
1006,986,9.01274
1016,986,12.621349
998,987,13.936175
1032,987,12.731943
1047,987,14.821553
993,988,8.736992
1002,988,12.805112
1020,988,8.517577
1028,988,12.723685
1003,989,13.44743
1004,989,7.035221
1022,989,8.496917
1025,989,9.371357
1026,989,14.402555
1058,989,14.98198
1039,990,10.775656
1009,991,7.0846567
1044,991,12.588207
1010,992,9.254876
1014,992,6.3840017
1040,992,11.921122
1015,993,14.6724415
1020,993,14.684193
1028,993,9.019102
1011,994,7.571454
1007,996,8.9939785
1037,996,10.297434
1042,996,10.218735
1024,997,13.259491
1045,997,13.166601
1013,998,8.727588
1032,998,10.267343
1054,998,12.772247
1021,999,6.482687
1029,999,10.895126
1033,999,8.12991
1043,999,14.507936
1057,999,12.578922
1046,1000,12.894627
1017,1001,12.514428
1034,1001,8.914287
1041,1001,7.7700725
1080,1001,14.661347
1020,1002,10.511548
1021,1002,12.859124
1043,1002,9.830847
1004,1003,6.5765924
1022,1003,10.235901
1056,1003,12.245708
1022,1004,5.601325
1025,1004,12.336115
1056,1004,11.430549
1058,1004,13.049121
1024,1005,9.977248
1016,1006,13.834165
1025,1006,11.139075
1026,1006,6.1235223
1059,1006,10.938895
1018,1007,8.2007475
1037,1007,14.938261
1042,1007,8.98104
1066,1007,12.545345
1009,1008,14.295241
1048,1008,7.9119635
1049,1008,10.477122
1051,1008,13.457163
1082,1008,14.447496
1044,1009,6.7072306
1049,1009,10.303777
1063,1009,14.848302
1083,1009,13.502851
1014,1010,8.731546
1040,1010,13.323752
1052,1010,9.875137
1075,1010,12.080274
1038,1011,8.040024
1078,1011,12.801722
1023,1012,10.782938
1027,1012,5.25915
1030,1012,11.11726
1072,1012,11.826916
1015,1013,13.189253
1032,1013,14.8822975
1035,1013,6.413076
1054,1013,10.771574
1071,1013,11.319357
1077,1013,11.409921
1040,1014,5.8278894
1064,1014,12.441068
1075,1014,11.59673
1028,1015,12.063203
1035,1015,8.555171
1055,1015,8.074057
1071,1015,12.964735
1095,1015,14.195486
1050,1016,6.211478
1062,1016,12.472963
1041,1017,11.614089
1076,1017,12.172159
1079,1017,12.692643
1042,1018,13.301647
1066,1018,12.146738
1069,1018,13.477124
1031,1019,9.97354
1045,1019,9.119507
1060,1019,9.25666
1097,1019,14.28041
1028,1020,12.874203
1043,1020,13.782002
1067,1020,12.800222
1029,1021,12.692148
1033,1021,7.9405327
1043,1021,8.58037
1057,1021,7.4561615
1061,1021,14.34387
1084,1021,11.511254
1085,1021,13.373214
1025,1022,8.360582
1026,1022,14.853208
1056,1022,7.41826
1058,1022,7.537574
1074,1022,12.620811
1091,1022,13.466308
1027,1023,14.883961
1096,1023,14.847787
1073,1024,10.061936
1026,1025,6.5136185
1056,1025,13.310243
1058,1025,9.214697
1059,1025,10.148377
1074,1025,9.486177
1058,1026,13.9048395
1059,1026,6.0262766
1074,1026,10.939427
1030,1027,6.3986526
1036,1027,13.749149
1072,1027,8.129359
1055,1028,9.394776
1067,1028,7.9767756
1033,1029,4.9850125
1057,1029,12.287495
1061,1029,8.686327
1085,1029,13.7873955
1036,1030,7.3562207
1065,1030,13.483754
1072,1030,10.567412
1092,1030,13.561187
1060,1031,7.366726
1070,1031,9.435094
1090,1031,10.718947
1047,1032,10.916554
1054,1032,9.369188
1077,1032,14.645566
1057,1033,7.8343196
1061,1033,8.252421
1084,1033,14.680238
1085,1033,10.985058
1041,1034,5.852558
1053,1034,6.9334087
1065,1034,13.534966
1076,1034,12.35552
1080,1034,8.339889
1054,1035,12.731742
1055,1035,12.842419
1071,1035,6.630416
1077,1035,10.430809
1095,1035,11.6604595
1105,1035,14.694369
1053,1036,10.793698
1065,1036,8.041926
1092,1036,12.437486
1042,1037,8.0137205
1066,1037,13.922596
1068,1037,8.03086
1062,1038,8.548567
1078,1038,6.813316
1098,1038,11.5533085
1081,1039,8.605403
1088,1039,13.797375
1064,1040,6.6159897
1075,1040,10.0502
1106,1040,14.5255165
1053,1041,12.342289
1076,1041,7.8893137
1080,1041,7.1231556
1066,1042,7.060418
1068,1042,13.790049
1057,1043,10.627717
1084,1043,8.525929
1108,1043,13.427591
1049,1044,8.369406
1063,1044,9.53316
1083,1044,6.885987
1101,1044,12.3216505
1060,1045,12.579344
1097,1045,10.961672
1129,1046,14.622316
1049,1048,8.602044
1051,1048,9.56005
1082,1048,7.2175393
1102,1048,11.265503
1082,1049,14.673791
1083,1049,10.002202
1062,1050,10.1284685
1100,1050,11.124656
1082,1051,6.7885547
1088,1051,14.270757
1102,1051,11.7362175
1110,1051,10.843819
1075,1052,10.874941
1065,1053,6.603462
1080,1053,11.079518
1092,1053,14.611987
1071,1054,11.33863
1077,1054,5.278227
1105,1054,14.806358
1067,1055,10.929377
1071,1055,13.235088
1095,1055,10.3543415
1099,1055,8.351784
1058,1056,5.636778
1074,1056,11.775758
1091,1056,6.881343
1113,1056,11.561164
1061,1057,9.035003
1084,1057,6.9146943
1085,1057,6.0050845
1108,1057,10.253642
1059,1058,13.584507
1074,1058,6.2902155
1091,1058,7.398037
1109,1058,14.240895
1113,1058,13.671019
1136,1058,14.632788
1074,1059,8.2721615
1109,1059,9.431286
1070,1060,11.401884
1090,1060,7.998504
1097,1060,8.742488
1128,1060,12.874417
1084,1061,14.653325
1085,1061,6.530213
1135,1061,13.469372
1078,1062,8.498214
1098,1062,7.4427896
1100,1062,8.152258
1125,1062,11.680194
1133,1062,14.848553
1083,1063,8.732672
1093,1063,8.96171
1101,1063,7.066745
1116,1063,9.582707
1075,1064,11.818086
1106,1064,10.60312
1092,1065,8.132582
1104,1066,14.768566
1107,1066,9.135452
1099,1067,12.031511
1127,1067,12.180678
1096,1068,8.828097
1118,1068,14.769153
1070,1069,11.79024
1104,1069,10.302242
1123,1069,13.955768
1090,1070,6.392066
1123,1070,11.493478
1077,1071,6.7156305
1095,1071,6.6723843
1099,1071,14.556833
1105,1071,8.072942
1092,1072,12.54133
1126,1073,11.942253
1091,1074,10.487213
1109,1074,8.334083
1136,1074,12.828845
1139,1074,13.328276
1106,1075,10.374542
1117,1075,10.248701
1079,1076,8.593973
1080,1076,6.1615677
1115,1076,8.872375
1120,1076,10.310187
1095,1077,12.357177
1105,1077,9.680981
1098,1078,6.1953387
1100,1078,13.810195
1125,1078,12.642129
1133,1078,11.3922415
1140,1078,14.50707
1080,1079,14.551726
1115,1079,7.62694
1120,1079,14.453987
1115,1080,12.333766
1120,1080,9.126777
1088,1081,13.493473
1114,1081,7.86902
1132,1081,12.816111
1146,1081,14.052077
1102,1082,5.40709
1110,1082,8.864737
1138,1082,11.774831
1141,1082,13.923548
1101,1083,6.9253263
1116,1083,12.601193
1085,1084,8.901298
1108,1084,5.139416
1148,1084,13.67522
1108,1085,8.919738
1135,1085,10.638263
1148,1085,13.878454
1089,1086,14.963562
1094,1086,7.232634
1103,1086,7.0546265
1122,1086,12.3556385
1111,1087,6.1475196
1119,1087,8.098809
1147,1087,14.333778
1162,1087,14.668064
1110,1088,10.325393
1141,1088,13.510366
1146,1088,14.062954
1093,1089,9.229357
1094,1089,7.792183
1121,1089,7.298681
1122,1089,7.7913766
1155,1089,13.443348
1097,1090,12.246567
1123,1090,10.855853
1128,1090,9.245387
1151,1090,11.935984
1112,1091,12.686236
1113,1091,6.34619
1136,1091,9.988261
1139,1091,14.6417885
1145,1091,12.704655
1154,1091,13.936159
1101,1093,10.30771
1116,1093,6.80942
1121,1093,7.5196996
1122,1093,14.754316
1103,1094,13.872961
1121,1094,12.933999
1122,1094,6.653583
1155,1094,13.706684
1099,1095,8.341462
1105,1095,6.755664
1144,1095,12.969192
1118,1096,5.9707007
1128,1097,9.626933
1100,1098,8.6190195
1125,1098,6.4965487
1133,1098,7.454826
1134,1098,13.675337
1140,1098,13.818296
1156,1098,12.249564
1105,1099,13.942008
1127,1099,12.659343
1144,1099,9.575032
1153,1099,13.891702
1125,1100,7.0286508
1133,1100,13.201474
1134,1100,7.3624516
1149,1100,13.875247
1156,1100,11.903875
1116,1101,5.6930366
1110,1102,7.8890886
1138,1102,6.385795
1141,1102,10.495547
1165,1102,12.675054
1107,1104,9.518888
1152,1104,9.021991
1160,1104,11.655279
1144,1105,14.315933
1117,1106,7.935021
1160,1107,11.693587
1163,1107,10.394962
1176,1107,14.072825
1135,1108,13.005333
1148,1108,8.53716
1159,1108,11.966438
1131,1109,10.575543
1136,1109,11.259644
1137,1109,6.8287663
1139,1109,8.010642
1164,1109,11.933828
1172,1109,13.9728775
1138,1110,11.3659935
1141,1110,6.3865604
1119,1111,10.243306
1143,1111,13.185321
1147,1111,8.362473
1162,1111,10.9136095
1113,1112,7.3766103
1145,1112,8.62892
1171,1112,11.611168
1136,1113,10.669721
1145,1113,6.8026805
1154,1113,12.126861
1171,1113,12.450641
1132,1114,6.077814
1146,1114,9.759197
1120,1115,7.850204
1158,1115,10.024074
1121,1116,10.808374
1150,1118,9.687323
1129,1119,12.455992
1162,1119,11.146582
1167,1119,9.354804
1158,1120,13.845192
1122,1121,8.381872
1155,1121,9.482042
1155,1122,7.142328
1128,1123,13.043015
1151,1123,8.083026
1152,1123,10.756185
1179,1123,13.178246
1127,1124,10.298796
1159,1124,14.106539
1168,1124,8.967064
1175,1124,10.894474
1196,1124,14.674329
1133,1125,6.71278
1134,1125,8.23031
1140,1125,14.871907
1156,1125,6.137511
1192,1125,14.036995
1142,1126,12.192277
1143,1126,9.421664
1161,1126,8.73891
1166,1126,13.667299
1177,1126,9.971843
1181,1126,14.97986
1189,1126,13.626
1144,1127,13.00312
1153,1127,7.0682416
1168,1127,10.292341
1174,1127,13.827919
1151,1128,7.5561123
1167,1129,11.9655485
1173,1129,11.344566
1190,1129,13.671409
1203,1129,14.924483
1178,1130,11.103635
1134,1131,11.230334
1137,1131,6.45623
1139,1131,14.0199
1149,1131,6.594894
1164,1131,10.853827
1185,1131,13.497001
1140,1132,12.785445
1146,1132,13.94452
1134,1133,14.59794
1140,1133,8.160062
1156,1133,8.521711
1149,1134,7.371626
1156,1134,8.636692
1185,1134,9.879022
1192,1134,13.390033
1148,1135,10.118387
1197,1135,12.114115
1137,1136,13.15664
1139,1136,5.7541757
1145,1136,12.015529
1154,1136,5.3628545
1164,1136,13.089854
1172,1136,8.394413
1187,1136,13.622011
1191,1136,12.529609
1139,1137,7.5917883
1149,1137,11.382822
1164,1137,6.093334
1172,1137,11.265926
1187,1137,12.573882
1141,1138,10.001699
1165,1138,6.6442385
1194,1138,14.19671
1204,1138,14.748899
1154,1139,8.331548
1164,1139,7.710832
1172,1139,6.140621
1187,1139,10.371027
1191,1139,12.237256
1165,1141,10.697811
1161,1142,8.860576
1181,1142,8.479017
1184,1142,10.655416
1189,1142,13.194448
1147,1143,8.626629
1161,1143,14.501475
1166,1143,6.357322
1177,1143,9.591857
1153,1144,8.924365
1170,1144,6.0468807
1174,1144,6.1143794
1154,1145,10.237405
1171,1145,5.822369
1186,1145,14.518287
1200,1145,12.002321
1201,1146,14.145802
1162,1147,7.915389
1166,1147,7.971423
1202,1147,11.623716
1159,1148,7.264014
1175,1148,14.7563095
1156,1149,14.113917
1164,1149,12.918461
1185,1149,6.9994287
1207,1149,14.136924
1169,1150,8.397914
1198,1150,12.562525
1160,1152,10.121682
1179,1152,6.70519
1168,1153,10.787734
1170,1153,12.276468
1174,1153,7.209647
1196,1153,14.314332
1164,1154,13.372929
1171,1154,13.453689
1172,1154,6.431363
1187,1154,11.166076
1191,1154,7.892772
1223,1154,14.132107
1185,1156,11.750594
1192,1156,7.925404
1158,1157,9.858116
1193,1157,8.560194
1208,1157,14.038942
1213,1157,13.768034
1188,1158,10.607885
1193,1158,9.354556
1175,1159,7.492394
1163,1160,6.3079967
1176,1160,12.48622
1179,1160,11.92706
1235,1160,14.967443
1177,1161,7.503509
1181,1161,6.6905828
1184,1161,13.641079
1189,1161,5.6194897
1205,1161,11.446608
1206,1161,10.987453
1166,1162,14.352245
1167,1162,8.765582
1190,1162,13.828793
1202,1162,11.541198
1243,1162,14.068656
1176,1163,6.3249674
1172,1164,7.3476725
1187,1164,6.737326
1191,1164,12.433164
1219,1164,14.464404
1194,1165,10.2468605
1204,1165,8.163624
1177,1166,7.957621
1202,1166,10.26272
1205,1166,12.496123
1211,1166,10.599748
1190,1167,6.8063707
1203,1167,14.770302
1221,1167,13.304921
1243,1167,14.650658
1175,1168,8.879933
1196,1168,6.3525786
1182,1169,14.5762
1183,1169,7.130488
1198,1169,7.0435038
1217,1169,12.509454
1230,1169,14.46542
1174,1170,5.637597
1214,1170,9.934415
1228,1170,12.982633
1186,1171,9.216657
1200,1171,7.1693254
1187,1172,5.2429385
1191,1172,6.2921257
1223,1172,13.208069
1190,1173,13.520034
1199,1173,13.324085
1203,1173,7.4228406
1227,1173,13.660695
1232,1173,12.644707
1214,1174,12.122409
1228,1174,12.235878
1196,1175,9.068311
1180,1176,9.936178
1181,1177,13.004284
1189,1177,7.4104447
1205,1177,7.712945
1206,1177,12.475893
1211,1177,10.538193
1195,1178,8.418394
1253,1178,12.961747
1210,1180,13.048326
1248,1180,12.419556
1184,1181,7.278855
1189,1181,6.735682
1205,1181,13.334367
1206,1181,8.4383745
1220,1181,12.54906
1236,1181,11.655431
1183,1182,7.649439
1216,1182,10.551272
1217,1182,11.895481
1226,1182,9.763498
1198,1183,8.9920845
1217,1183,8.591456
1226,1183,11.377804
1239,1183,13.79348
1189,1184,13.69419
1206,1184,13.084577
1220,1184,8.284405
1236,1184,12.537838
1192,1185,9.334244
1207,1185,8.1441555
1219,1185,14.092795
1200,1186,10.252699
1245,1186,11.418392
1258,1186,13.852452
1191,1187,6.6075215
1219,1187,13.041177
1223,1187,11.639167
1254,1187,13.035527
1193,1188,14.399977
1209,1188,9.439972
1262,1188,12.507408
1205,1189,6.7884836
1206,1189,5.7742424
1211,1189,12.963032
1236,1189,11.987752
1256,1189,12.224515
1203,1190,8.848342
1221,1190,7.9936047
1231,1190,9.998341
1243,1190,12.241895
1200,1191,14.6685915
1223,1191,7.028795
1241,1191,13.255189
1254,1191,12.228661
1207,1192,11.91526
1234,1192,10.023732
1261,1192,13.501205
1208,1193,11.431467
1213,1193,6.4016147
1269,1193,14.408916
1204,1194,8.984646
1238,1194,8.817174
1246,1194,14.719775
1233,1195,8.585092
1253,1195,12.560773
1222,1197,8.286097
1244,1197,13.554296
1217,1198,8.107976
1226,1198,14.627061
1230,1198,8.171627
1239,1198,9.239345
1212,1199,7.57036
1227,1199,7.4995384
1232,1199,13.432114
1237,1199,7.328633
1260,1199,14.96345
1282,1199,14.587471
1223,1200,13.227127
1241,1200,11.302264
1258,1200,10.50048
1229,1201,7.427081
1211,1202,10.124501
1243,1202,11.856998
1251,1202,10.618046
1257,1202,10.72022
1221,1203,12.045979
1227,1203,12.802454
1231,1203,8.080313
1232,1203,8.121535
1272,1203,13.575446
1224,1204,13.141035
1238,1204,11.779102
1249,1204,10.301867
1274,1204,13.229342
1206,1205,7.8025107
1211,1205,6.442887
1236,1205,13.778823
1256,1205,9.999796
1257,1205,13.883756
1265,1205,9.808701
1211,1206,13.965722
1220,1206,12.972836
1236,1206,6.523091
1256,1206,7.168565
1265,1206,12.543717
1280,1206,12.4331255
1285,1206,13.173694
1290,1206,13.526116
1219,1207,8.767827
1261,1207,10.755162
1273,1207,11.670498
1283,1207,10.80582
1213,1208,8.301016
1268,1208,9.554381
1216,1209,10.809697
1262,1209,8.651747
1263,1209,10.996502
1287,1209,14.935833
1230,1210,12.113329
1248,1210,11.476966
1297,1210,14.8520355
1256,1211,13.75379
1257,1211,8.339029
1265,1211,9.404615
1295,1211,13.767786
1227,1212,12.792718
1237,1212,6.9913464
1252,1212,10.958223
1260,1212,10.268035
1268,1213,10.439701
1269,1213,9.885709
1303,1213,14.4526825
1228,1214,6.399691
1233,1214,10.30689
1225,1215,8.555065
1267,1215,7.983142
1294,1215,13.954413
1217,1216,14.701933
1226,1216,8.146698
1263,1216,8.845391
1278,1216,11.378348
1226,1217,6.7394524
1230,1217,12.925528
1239,1217,5.784748
1278,1217,13.850446
1292,1217,12.520145
1220,1218,11.352726
1250,1218,7.6923428
1255,1218,14.975232
1271,1218,13.48358
1293,1218,12.192359
1254,1219,14.291331
1273,1219,8.6975565
1276,1219,10.343701
1283,1219,13.510633
1236,1220,8.357082
1250,1220,8.05545
1271,1220,8.664992
1280,1220,14.944106
1285,1220,10.646875
1231,1221,6.555021
1243,1221,6.8490567
1251,1221,13.989747
1272,1221,14.79772
1281,1221,10.290504
1296,1221,14.473265
1240,1222,12.144947
1244,1222,5.9695907
1289,1222,10.184188
1241,1223,6.836832
1254,1223,7.6745048
1249,1224,7.9007335
1307,1224,13.479069
1242,1225,12.564529
1267,1225,11.747754
1309,1225,13.449153
1239,1226,10.765305
1263,1226,13.903025
1278,1226,9.381378
1292,1226,11.562565
1232,1227,6.876221
1237,1227,7.442339
1272,1227,12.380215
1282,1227,9.762636
1286,1228,9.79151
1277,1229,8.988611
1239,1230,9.6325865
1279,1230,9.453174
1232,1231,8.928593
1243,1231,13.254794
1272,1231,8.973334
1281,1231,9.819424
1237,1232,14.162439
1272,1232,7.3682327
1282,1232,13.490694
1253,1233,13.616913
1305,1233,14.70476
1308,1233,13.766522
1259,1234,9.386711
1261,1234,10.840194
1284,1234,9.469367
1304,1234,13.419258
1264,1235,10.697078
1270,1235,9.935389
1300,1235,10.411599
1250,1236,14.0838585
1256,1236,7.3168917
1265,1236,14.7950735
1271,1236,10.6319065
1280,1236,8.372391
1285,1236,7.0487037
1290,1236,12.023071
1314,1236,13.843075
1252,1237,13.826598
1260,1237,8.226936
1282,1237,8.330597
1246,1238,9.420551
1274,1238,9.380614
1275,1238,6.865255
1312,1238,14.6340475
1278,1239,14.190406
1279,1239,13.44172
1292,1239,10.079178
1244,1240,7.792452
1254,1241,11.262707
1258,1241,11.354133
1291,1241,9.043765
1311,1241,11.802738
1266,1242,11.9700575
1251,1243,7.775691
1281,1243,12.920241
1288,1243,14.830262
1296,1243,11.850051
1289,1244,10.511052
1318,1244,14.226903
1258,1245,9.11359
1266,1246,9.465523
1275,1246,8.447898
1312,1246,12.467461
1299,1247,12.23658
1264,1248,10.746848
1297,1248,10.718712
1274,1249,9.69518
1307,1249,9.228375
1320,1249,13.807351
1271,1250,5.8722925
1285,1250,11.794731
1293,1250,11.330401
1314,1250,14.943941
1257,1251,9.733348
1288,1251,7.471056
1296,1251,8.834495
1302,1251,13.453728
1253,1252,8.370607
1260,1252,8.2241125
1310,1252,11.588498
1305,1253,11.8332815
1310,1253,10.609278
1276,1254,8.250073
1319,1254,14.313685
1293,1255,11.553285
1301,1255,8.533293
1328,1255,14.216841
1265,1256,7.5270314
1280,1256,6.7601204
1285,1256,10.166581
1290,1256,6.3643513
1295,1256,11.850364
1314,1256,14.743059
1315,1256,11.878304
1323,1256,12.326608
1265,1257,9.662355
1288,1257,9.419905
1295,1257,9.97879
1302,1257,7.8943195
1291,1258,9.044485
1339,1258,14.956458
1284,1259,11.158015
1304,1259,6.635196
1324,1259,11.999864
1282,1260,10.023352
1310,1260,14.297328
1273,1261,13.68546
1283,1261,6.710566
1284,1261,7.2481365
1306,1261,7.6833005
1336,1261,13.739061
1263,1262,10.81951
1287,1262,6.318812
1313,1262,13.752804
1278,1263,9.650677
1287,1263,13.8184185
1300,1264,10.5695305
1280,1265,12.151297
1290,1265,7.673943
1295,1265,5.84381
1302,1265,10.600827
1315,1265,9.473001
1323,1265,14.412742
1275,1266,14.983941
1312,1266,13.641678
1294,1267,6.8864202
1309,1267,10.797667
1316,1267,14.896378
1269,1268,12.481037
1303,1268,7.5342717
1317,1268,14.362646
1287,1269,13.935504
1303,1269,10.332743
1313,1269,10.325038
1317,1269,8.575402
1342,1269,13.81846
1300,1270,10.169765
1301,1270,13.991003
1280,1271,11.568399
1285,1271,6.2424
1293,1271,14.840418
1314,1271,9.326766
1281,1272,10.712734
1282,1272,13.829082
1276,1273,8.735452
1283,1273,7.5149016
1306,1273,13.752701
1319,1273,11.444694
1344,1273,14.365901
1275,1274,9.173417
1307,1274,12.449947
1312,1274,14.290362
1320,1274,9.2106695
1325,1274,10.267736
1312,1275,7.7802773
1325,1275,10.538741
1319,1276,8.156272
1340,1276,14.973403
1322,1277,11.587864
1337,1277,11.2709675
1292,1278,6.7564936
1297,1279,13.722278
1330,1279,9.792956
1335,1279,10.43553
1285,1280,5.3674693
1290,1280,5.5556655
1295,1280,13.88695
1314,1280,8.020052
1315,1280,10.740714
1323,1280,6.982665
1296,1281,9.614741
1329,1281,8.377321
1284,1283,12.3210125
1306,1283,6.968685
1336,1283,13.482736
1344,1283,14.434212
1304,1284,9.5562315
1306,1284,8.189685
1336,1284,10.677101
1345,1284,13.677524
1290,1285,10.911614
1314,1285,6.9316096
1323,1285,10.676066
1298,1286,13.739555
1331,1286,9.728003
1313,1287,8.1730995
1295,1288,13.962173
1296,1288,8.52095
1302,1288,7.8562083
1350,1289,13.118373
1295,1290,8.342452
1302,1290,14.603714
1314,1290,12.190973
1315,1290,5.8866544
1323,1290,6.9510136
1311,1291,6.7250447
1339,1291,10.112191
1301,1293,13.196922
1328,1293,12.719728
1332,1293,10.474119
1338,1293,10.186513
1309,1294,13.841382
1316,1294,8.036412
1352,1294,12.755522
1302,1295,6.2729654
1315,1295,5.9035378
1323,1295,13.121016
1329,1296,10.101773
1335,1297,12.486311
1343,1297,13.232179
1355,1297,13.108687
1331,1298,14.952412
1326,1299,9.679675
1341,1299,8.751997
1348,1300,14.150404
1328,1301,7.1326637
1338,1301,12.2365675
1315,1302,11.058512
1317,1303,7.672613
1342,1303,8.952454
1362,1303,13.704668
1324,1304,6.8972926
1336,1304,14.623844
1345,1304,9.904652
1346,1304,12.620912
1308,1305,8.069465
1310,1305,9.338436
1333,1305,7.251659
1349,1305,11.515202
1336,1306,6.7108393
1344,1306,13.599632
1359,1306,12.732638
1320,1307,9.058476
1322,1307,9.743867
1334,1307,7.1532044
1333,1308,13.425905
1349,1308,10.272011
1327,1309,14.777904
1366,1309,13.548497
1370,1309,14.704324
1333,1310,7.4003353
1339,1311,11.536381
1340,1311,12.405369
1351,1311,9.0054655
1369,1311,14.718195
1325,1312,8.447264
1354,1312,10.597364
1317,1313,7.73451
1342,1313,11.319136
1353,1313,9.410948
1323,1314,7.6264706
1356,1314,11.871004
1323,1315,7.670065
1326,1316,7.28447
1341,1316,13.549699
1352,1316,11.192992
1361,1316,10.933769
1342,1317,5.3810754
1353,1317,9.182663
1367,1318,11.400178
1372,1318,10.245631
1340,1319,9.857567
1344,1319,11.983453
1364,1319,10.3204365
1325,1320,7.809751
1334,1320,11.365471
1360,1320,8.40427
1387,1320,13.905308
1324,1321,12.117118
1346,1321,11.025829
1347,1321,9.807852
1334,1322,6.8612504
1337,1322,7.0004945
1345,1324,8.876866
1346,1324,5.7825317
1386,1324,13.954688
1354,1325,14.149723
1360,1325,10.239861
1387,1325,14.824837
1341,1326,6.361737
1361,1326,8.397053
1365,1327,9.531192
1370,1327,14.612488
1377,1327,10.789392
1332,1328,14.938499
1338,1328,6.350649
1371,1328,9.848303
1373,1328,10.49889
1335,1330,8.440483
1385,1330,12.894465
1358,1331,11.313679
1363,1331,9.100506
1398,1331,14.727368
1338,1332,8.719989
1356,1332,9.567288
1371,1332,12.988099
1395,1332,13.232961
1349,1333,10.340032
1391,1333,13.522526
1337,1334,12.689769
1360,1334,13.308773
1355,1335,11.175344
1381,1335,11.907179
1344,1336,13.876315
1345,1336,9.909368
1359,1336,7.109689
1375,1336,10.091921
1347,1337,10.034739
1371,1338,7.556977
1373,1338,13.711391
1395,1338,13.793347
1351,1339,14.878658
1368,1339,9.709178
1369,1339,9.8070545
1351,1340,8.543728
1364,1340,7.019154
1397,1340,12.471047
1408,1340,14.402472
1361,1341,9.442852
1401,1341,13.220021
1353,1342,7.1698895
1362,1342,10.8875475
1393,1342,13.645072
1348,1343,7.625784
1355,1343,10.015911
1379,1343,8.931566
1394,1343,14.70923
1359,1344,12.09614
1364,1344,14.707203
1389,1344,10.520635
1346,1345,10.783042
1359,1345,12.448525
1375,1345,8.816639
1386,1345,9.458731
1386,1346,11.177952
1376,1348,8.039921
1379,1348,9.556415
1402,1348,10.585978
1411,1348,14.767584
1358,1349,14.25825
1383,1349,11.549253
1391,1349,14.749448
1372,1350,12.461278
1374,1350,6.1082773
1364,1351,13.088261
1369,1351,11.327732
1384,1351,7.7996283
1397,1351,8.700334
1408,1351,14.311113
1361,1352,12.328422
1366,1352,9.8207445
1419,1353,13.42492
1390,1354,8.495133
1400,1354,11.483223
1379,1355,10.6303005
1381,1355,8.405427
1394,1355,8.608126
1404,1355,14.968927
1395,1356,13.39119
1388,1357,6.905067
1412,1357,12.496186
1363,1358,14.364539
1383,1358,6.3281612
1398,1358,9.473851
1375,1359,6.5451093
1389,1359,9.616327
1409,1359,9.713781
1387,1360,5.5229797
1401,1361,12.913104
1393,1362,7.0496945
1410,1362,11.444463
1378,1363,8.959421
1398,1363,11.084203
1406,1363,9.789554
1416,1363,13.069948
1397,1364,12.032696
1399,1364,8.459879
1408,1364,10.320459
1366,1365,12.809019
1370,1365,6.432376
1377,1365,7.0631227
1400,1365,14.839654
1414,1365,10.492891
1370,1366,6.6479254
1372,1367,7.269152
1380,1367,7.0525947
1407,1367,14.811638
1418,1367,13.059147
1420,1367,12.034606
1369,1368,8.505985
1392,1368,6.3350086
1413,1368,8.624398
1433,1368,13.620028
1384,1369,6.8652472
1392,1369,12.908354
1397,1369,13.720563
1413,1369,9.095412
1377,1370,13.001695
1414,1370,13.560081
1373,1371,9.599905
1395,1371,9.105508
1405,1371,8.364179
1374,1372,10.308209
1380,1372,13.890036
1420,1372,13.135592
1421,1372,12.754006
1382,1373,8.221451
1405,1373,8.303347
1417,1373,10.760713
1435,1373,14.625833
1421,1374,10.204423
1422,1374,9.4652605
1386,1375,8.910091
1389,1375,14.055348
1409,1375,8.499517
1379,1376,12.854508
1382,1376,14.711653
1402,1376,7.1190414
1411,1376,6.905653
1425,1376,14.340953
1430,1376,11.474321
1445,1376,14.269425
1400,1377,7.8022704
1414,1377,7.426068
1380,1378,10.06049
1406,1378,9.8907795
1407,1378,7.2501283
1416,1378,8.41974
1418,1378,13.176378
1394,1379,8.760941
1402,1379,8.755869
1430,1379,13.654994
1407,1380,7.823915
1416,1380,14.247306
1418,1380,7.9091096
1420,1380,11.689442
1394,1381,7.5896096
1404,1381,6.5822854
1432,1381,10.211427
1405,1382,13.8342285
1411,1382,12.689228
1417,1382,8.179736
1425,1382,9.188147
1398,1383,10.852685
1397,1384,6.878446
1408,1384,13.526157
1413,1384,12.828625
1404,1385,11.060889
1424,1385,10.055748
1440,1385,10.576687
1409,1386,14.166823
1412,1388,8.458774
1426,1388,12.139951
1436,1388,10.309739
1442,1388,10.602434
1399,1389,14.430219
1409,1389,9.716786
1428,1389,10.747274
1443,1389,13.37826
1458,1389,13.156445
1400,1390,8.862185
1444,1390,11.8061
1466,1390,13.745741
1403,1391,12.715717
1431,1391,14.505707
1413,1392,7.3105187
1433,1392,8.815328
1410,1393,8.977812
1419,1393,11.769601
1429,1393,8.917587
1434,1393,10.351941
1404,1394,12.338271
1432,1394,9.787615
1456,1394,11.6363735
1405,1395,12.209191
1412,1396,8.184555
1427,1396,6.3070536
1436,1396,13.984641
1441,1396,13.137606
1460,1396,12.430968
1399,1397,14.222428
1408,1397,6.749979
1406,1398,9.458856
1450,1398,12.348503
1408,1399,8.395907
1428,1399,7.71935
1437,1399,8.138356
1457,1399,12.569624
1414,1400,9.841453
1444,1400,9.730455
1415,1401,10.635597
1449,1401,10.927304
1459,1401,13.144923
1411,1402,8.429934
1430,1402,6.123574
1445,1402,12.835724
1452,1402,10.182389
1426,1403,11.820073
1431,1403,6.7444906
1461,1403,13.78206
1462,1403,13.780091
1432,1404,8.525265
1440,1404,10.978326
1469,1404,13.800141
1417,1405,10.431214
1435,1405,7.295381
1464,1405,14.787042
1465,1405,13.102378
1407,1406,11.745982
1416,1406,5.7030354
1450,1406,9.57832
1451,1406,13.9185295
1416,1407,6.6929364
1418,1407,6.3752236
1420,1407,14.499022
1451,1407,9.475098
1428,1408,14.371985
1437,1408,8.631485
1468,1408,13.66808
1471,1408,13.676161
1443,1409,6.9879394
1454,1409,10.385213
1458,1409,12.940692
1415,1410,6.5923114
1429,1410,7.6993527
1434,1410,13.934407
1417,1411,14.721552
1425,1411,8.400871
1430,1411,8.361021
1445,1411,7.5653925
1452,1411,13.731192
1470,1411,13.723518
1427,1412,7.9749107
1436,1412,7.006084
1442,1412,13.260323
1460,1412,11.998637
1433,1413,6.8568377
1444,1414,11.588407
1448,1414,7.867652
1429,1415,13.270656
1459,1415,10.514616
1418,1416,12.090855
1450,1416,11.687241
1451,1416,8.893202
1425,1417,6.7789593
1435,1417,10.508936
1445,1417,14.444053
1464,1417,8.745737
1481,1417,14.739234
1420,1418,8.421125
1451,1418,9.578407
1463,1418,14.873957
1429,1419,13.708884
1434,1419,7.8143315
1446,1419,10.691282
1447,1419,13.70106
1467,1419,10.724193
1421,1420,9.558422
1422,1420,14.880401
1463,1420,8.99847
1422,1421,5.3651915
1453,1421,9.711437
1463,1421,10.148496
1453,1422,5.9830074
1463,1422,13.441022
1438,1423,7.061896
1446,1423,14.557844
1447,1423,7.8423686
1455,1423,6.8728065
1439,1424,7.9356537
1440,1424,9.209887
1476,1424,13.161958
1477,1424,11.148274
1430,1425,14.808733
1445,1425,8.051328
1464,1425,10.976838
1470,1425,12.595671
1481,1425,12.689184
1431,1426,11.860938
1442,1426,8.32
1461,1426,9.092013
1480,1426,12.387431
1436,1427,10.426239
1441,1427,9.344642
1460,1427,6.134342
1479,1427,11.900931
1489,1427,14.67287
1437,1428,8.321634
1457,1428,7.9192486
1458,1428,11.046471
1471,1428,14.999838
1474,1428,10.319469
1434,1429,6.882293
1467,1429,14.970246
1445,1430,8.447035
1452,1430,5.4472427
1470,1430,11.96497
1478,1430,9.63482
1461,1431,8.925529
1462,1431,7.043466
1494,1431,14.482783
1440,1432,14.889185
1456,1432,7.321189
1469,1432,7.652714
1490,1432,13.814612
1473,1433,9.301542
1488,1433,11.550124
1446,1434,13.452698
1467,1434,8.898519
1464,1435,9.713273
1465,1435,7.4854517
1497,1435,12.558735
1442,1436,8.004444
1460,1436,10.510248
1472,1436,8.263519
1479,1436,10.233203
1457,1437,6.3743887
1468,1437,13.535636
1471,1437,8.00208
1474,1437,11.702945
1499,1437,13.215218
1439,1438,12.701537
1447,1438,13.280802
1455,1438,6.6941504
1476,1438,14.5318165
1476,1439,7.0955067
1477,1439,11.507778
1469,1440,14.249799
1477,1440,9.90654
1490,1440,13.27542
1460,1441,8.497011
1479,1441,14.105047
1489,1441,9.040364
1508,1441,13.389912
1461,1442,12.328274
1472,1442,8.598046
1480,1442,9.222396
1454,1443,5.7614493
1458,1443,8.357235
1495,1443,13.243132
1501,1443,12.42848
1448,1444,11.249237
1466,1444,10.180335
1484,1444,11.213802
1485,1444,10.353615
1452,1445,11.773495
1464,1445,14.787896
1470,1445,6.1976523
1478,1445,11.460384
1481,1445,11.158001
1503,1445,12.808047
1504,1445,13.675747
1447,1446,6.717289
1455,1446,13.735509
1467,1446,6.8375854
1455,1447,8.324012
1467,1447,13.5296135
1485,1448,9.88571
1459,1449,9.773214
1482,1449,7.6288476
1451,1450,14.627354
1487,1450,7.2731857
1491,1450,10.391836
1506,1450,12.320102
1491,1451,12.196192
1514,1451,14.115316
1456,1452,13.530754
1470,1452,12.681064
1478,1452,6.1084747
1502,1452,12.247902
1504,1452,12.225189
1463,1453,13.238389
1492,1453,12.656458
1511,1453,11.945348
1515,1453,14.888907
1458,1454,13.153307
1501,1454,10.899316
1469,1456,9.03705
1458,1457,12.088493
1471,1457,8.34504
1474,1457,5.3695974
1495,1457,14.228782
1499,1457,9.814672
1500,1457,10.510458
1525,1457,14.069956
1474,1458,8.450038
1495,1458,8.033204
1501,1458,13.105458
1482,1459,9.753251
1472,1460,13.176757
1479,1460,6.461515
1489,1460,9.564927
1509,1460,13.577608
1462,1461,8.301883
1480,1461,8.277315
1494,1461,7.611766
1516,1461,13.88465
1483,1462,10.464602
1494,1462,9.589983
1498,1462,11.589496
1516,1462,10.342427
1492,1463,8.078286
1465,1464,14.557782
1470,1464,14.684975
1481,1464,8.368827
1497,1464,12.798957
1505,1464,10.055859
1493,1465,9.004666
1497,1465,9.150644
1523,1465,13.349084
1484,1466,7.751678
1485,1466,14.125298
1517,1466,14.82297
1520,1466,14.24166
1536,1466,13.91019
1533,1467,13.678722
1534,1467,13.221291
1471,1468,8.77793
1499,1468,13.989694
1513,1468,10.152064
1519,1468,12.058665
1490,1469,6.739529
1478,1470,9.197941
1481,1470,7.8373675
1503,1470,6.769252
1504,1470,8.609106
1505,1470,11.805938
1527,1470,12.263042
1537,1470,14.340403
1474,1471,12.262172
1499,1471,6.83588
1500,1471,11.262634
1519,1471,11.653119
1539,1471,14.597257
1479,1472,8.305306
1480,1472,9.76667
1509,1472,11.403496
1512,1472,7.7952466
1488,1473,6.225373
1532,1473,11.592618
1495,1474,8.8691025
1499,1474,10.519416
1500,1474,8.4534025
1525,1474,10.632174
1539,1474,14.543661
1543,1474,14.955439
1496,1475,11.940226
1477,1476,9.447064
1490,1477,14.137469
1502,1478,8.091028
1503,1478,12.652897
1504,1478,6.128234
1527,1478,12.9776
1489,1479,10.672827
1509,1479,7.8055406
1512,1479,11.410363
1529,1479,13.755027
1494,1480,8.524157
1512,1480,11.03959
1503,1481,7.0677323
1504,1481,14.32037
1505,1481,4.8828497
1527,1481,14.352234
1537,1481,10.875833
1521,1482,8.600866
1498,1483,7.749467
1516,1483,12.615501
1530,1483,9.964388
1531,1483,14.25438
1485,1484,8.254213
1517,1484,7.1797776
1518,1484,12.5716505
1520,1484,14.36841
1536,1484,11.60257
1540,1484,9.867516
1517,1485,8.892921
1518,1485,8.164038
1540,1485,14.966405
1506,1486,14.2215605
1510,1486,6.7381487
1524,1486,9.943472
1531,1486,12.926109
1554,1486,14.111121
1491,1487,6.3162203
1506,1487,6.340405
1524,1487,14.677307
1535,1487,11.51956
1513,1488,14.172504
1532,1488,9.148437
1508,1489,8.988752
1509,1489,12.290277
1529,1489,11.008865
1541,1489,10.863
1564,1490,14.756623
1506,1491,11.515392
1535,1491,7.8918
1511,1492,11.118839
1515,1492,7.9235215
1542,1492,13.562599
1551,1492,12.479686
1497,1493,10.153234
1523,1493,9.947959
1528,1493,10.391987
1545,1493,10.398169
1498,1494,13.675818
1516,1494,7.807588
1500,1495,12.034348
1501,1495,8.826457
1525,1495,10.581883
1543,1495,10.238248
1561,1495,14.158206
1505,1497,14.36344
1523,1497,5.6665077
1538,1497,8.73602
1545,1497,13.047969
1556,1497,11.672645
1516,1498,6.5041933
1530,1498,7.9902143
1531,1498,14.970951
1557,1498,9.533178
1566,1498,12.132067
1500,1499,5.139577
1519,1499,9.674632
1525,1499,9.253384
1539,1499,7.8297296
1570,1499,14.521135
1519,1500,13.664353
1525,1500,4.36089
1539,1500,6.1111417
1543,1500,10.944246
1582,1500,14.531178
1543,1501,14.148303
1561,1501,12.377773
1504,1502,7.960135
1527,1502,12.276427
1547,1502,9.380336
1565,1502,11.988734
1576,1502,14.929819
1504,1503,8.2638445
1505,1503,7.9575415
1527,1503,7.3359165
1537,1503,7.7194276
1567,1503,13.397534
1577,1503,14.195383
1527,1504,6.849468
1537,1504,14.330238
1565,1504,12.986334
1567,1504,14.141047
1527,1505,14.025919
1537,1505,7.514235
1538,1505,10.915407
1577,1505,14.346872
1524,1506,8.380422
1535,1506,13.174198
1558,1506,14.229209
1559,1506,10.733496
1508,1507,12.851689
1546,1507,12.0714035
1548,1507,9.337145
1529,1508,14.7322235
1541,1508,8.190666
1546,1508,9.542812
1512,1509,8.340683
1529,1509,8.019454
1524,1510,9.448395
1530,1510,13.7183275
1531,1510,6.9448614
1554,1510,8.221331
1558,1510,11.617461
1568,1510,11.468888
1515,1511,5.7789407
1519,1513,8.9971485
1532,1513,14.960839
1560,1513,11.106427
1572,1513,12.595879
1535,1514,14.042845
1542,1514,9.5920105
1550,1514,8.591388
1551,1515,10.117709
1530,1516,14.21081
1557,1516,8.77264
1518,1517,7.3198295
1536,1517,12.142085
1540,1517,6.4884515
1552,1517,12.507574
1574,1517,12.940433
1596,1517,14.782933
1540,1518,13.258147
1552,1518,7.2525315
1562,1518,14.804517
1539,1519,11.439612
1570,1519,10.099114
1572,1519,12.2738495
1536,1520,4.5763392
1540,1520,11.319409
1573,1520,10.661089
1574,1520,12.803462
1580,1520,11.294429
1553,1521,12.012292
1563,1521,8.9428
1575,1521,9.444288
1589,1521,14.757629
1602,1521,14.786527
1526,1522,5.8428373
1534,1522,12.261515
1555,1522,7.9756503
1538,1523,7.6233387
1545,1523,7.974944
1556,1523,6.4642706
1586,1523,12.076072
1554,1524,9.851094
1558,1524,7.2562575
1559,1524,8.396102
1539,1525,5.88643
1543,1525,6.6488824
1561,1525,14.958962
1578,1525,11.909496
1582,1525,11.733501
1533,1526,12.156593
1534,1526,6.596943
1555,1526,10.391408
1537,1527,9.244766
1565,1527,9.712117
1567,1527,7.511482
1577,1527,12.054388
1545,1528,9.629465
1588,1528,12.446613
1591,1528,14.430341
1541,1529,8.682547
1587,1529,9.175008
1531,1530,7.187194
1557,1530,12.872819
1566,1530,6.883363
1568,1530,10.983228
1593,1530,14.303926
1613,1530,14.295906
1554,1531,9.521892
1566,1531,9.940091
1568,1531,7.2032695
1560,1532,10.344185
1569,1532,8.701987
1592,1532,12.652064
1534,1533,5.56852
1549,1533,7.510705
1590,1533,14.257835
1549,1534,12.556794
1550,1535,11.275054
1606,1535,13.031398
1540,1536,6.747548
1573,1536,9.153149
1574,1536,9.230131
1580,1536,12.205582
1601,1536,14.097435
1538,1537,12.730433
1567,1537,10.283219
1577,1537,7.2250896
1545,1538,14.342976
1556,1538,7.8957577
1586,1538,11.919808
1543,1539,10.934028
1570,1539,9.513296
1578,1539,13.049514
1582,1539,9.209397
1573,1540,11.099134
1574,1540,7.1316333
1596,1540,11.249983
1601,1540,13.747263
1546,1541,8.7633095
1587,1541,11.79089
1600,1541,14.584619
1550,1542,11.751019
1551,1542,8.311539
1584,1542,10.523949
1561,1543,8.337624
1578,1543,7.384457
1582,1543,11.408158
1618,1543,13.40855
1610,1544,14.356126
1620,1544,13.243298
1556,1545,7.9760013
1586,1545,11.090038
1588,1545,9.946031
1548,1546,12.40338
1600,1546,9.332505
1565,1547,8.633747
1571,1547,11.941278
1576,1547,5.5581884
1608,1547,11.493587
1614,1547,14.754184
1600,1548,14.580732
1630,1548,13.975329
1581,1549,11.695909
1590,1549,7.5717497
1626,1549,13.009657
1584,1551,6.311912
1628,1551,13.971037
1562,1552,9.31194
1597,1552,8.937349
1575,1553,10.239344
1579,1553,13.162869
1583,1553,6.2673626
1589,1553,7.850172
1607,1553,12.93347
1625,1553,13.891783
1558,1554,5.9243426
1559,1554,12.7228775
1568,1554,7.489332
1603,1555,9.05651
1622,1555,14.9970045
1634,1555,13.695115
1586,1556,5.6279993
1588,1556,14.44398
1612,1556,12.343808
1566,1557,11.333188
1593,1557,8.077534
1605,1557,10.766922
1613,1557,13.056821
1559,1558,6.8553166
1568,1558,13.147913
1594,1558,11.516386
1594,1559,7.987238
1606,1559,10.785312
1569,1560,6.983663
1572,1560,7.5989976
1592,1560,14.773607
1621,1560,13.379119
1578,1561,9.158303
1585,1561,9.574441
1618,1561,13.282064
1619,1561,10.066648
1597,1562,8.845973
1609,1562,10.385919
1575,1563,6.6669006
1581,1563,13.333504
1589,1563,13.768634
1598,1563,7.924887
1602,1563,8.268648
1637,1563,13.842735
1571,1564,9.017403
1604,1564,10.681167
1614,1564,14.675473
1617,1564,10.497888
1567,1565,8.570685
1576,1565,10.479551
1608,1565,10.539409
1611,1565,10.020866
1568,1566,8.362857
1593,1566,8.783929
1613,1566,7.4499664
1627,1566,12.70875
1577,1567,7.7033033
1611,1567,8.228887
1613,1568,11.825703
1627,1568,12.24951
1572,1569,13.371031
1592,1569,7.791689
1631,1569,11.310401
1572,1570,11.364048
1582,1570,9.84296
1615,1570,8.625783
1621,1570,14.240727
1632,1570,12.951958
1576,1571,8.701094
1608,1571,14.101727
1614,1571,7.5880103
1617,1571,11.197122
1615,1572,12.188986
1621,1572,8.281533
1574,1573,5.839556
1580,1573,6.0178695
1595,1573,13.8057995
1596,1573,11.427153
1601,1573,5.671806
1616,1573,8.798745
1624,1573,11.442342
1643,1573,12.764364
1580,1574,11.854488
1596,1574,6.6193376
1601,1574,6.6599584
1616,1574,13.115516
1624,1574,10.394765
1636,1574,14.363383
1643,1574,14.358784
1583,1575,13.008892
1589,1575,7.1517196
1598,1575,11.553195
1602,1575,5.9690075
1625,1575,10.19506
1637,1575,12.846449
1608,1576,7.3447194
1614,1576,9.38156
1651,1576,14.121771
1611,1577,12.895669
1612,1577,14.903313
1582,1578,7.4602885
1618,1578,6.0240936
1619,1578,10.524894
1640,1578,13.082444
1583,1579,9.178739
1607,1579,8.113955
1609,1579,12.254199
1633,1579,10.533208
1639,1579,14.713276
1595,1580,8.4007225
1601,1580,9.685711
1616,1580,7.4268956
1642,1580,12.352595
1643,1580,14.019758
1590,1581,8.152744
1598,1581,8.43854
1626,1581,12.331566
1648,1581,11.057251
1615,1582,12.943061
1618,1582,8.6957035
1632,1582,10.20546
1640,1582,11.832721
1589,1583,6.890685
1607,1583,6.680057
1625,1583,11.424221
1639,1583,10.413071
1628,1584,9.432397
1649,1584,11.129779
1619,1585,9.2893
1641,1585,9.664274
1588,1586,13.27158
1612,1586,7.8684683
1638,1586,9.819412
1647,1587,11.603064
1591,1588,11.826114
1635,1588,10.12463
1638,1588,14.80514
1655,1588,13.214719
1677,1588,14.91214
1602,1589,9.210981
1607,1589,11.267242
1625,1589,6.0642495
1637,1589,14.28605
1639,1589,10.804382
1658,1589,13.197681
1626,1590,6.077875
1648,1590,12.896927
1662,1590,13.300439
1599,1591,11.31162
1635,1591,9.817095
1631,1592,7.8218617
1652,1592,11.107819
1657,1592,14.734959
1605,1593,11.287204
1613,1593,5.7244763
1627,1593,12.65472
1644,1593,9.287385
1606,1594,6.4697046
1665,1594,14.447439
1616,1595,8.540503
1642,1595,7.2069373
1653,1595,9.697031
1672,1595,13.950287
1601,1596,8.487509
1624,1596,7.7602944
1629,1596,14.385216
1636,1596,8.193643
1643,1596,13.6469755
1609,1597,10.540527
1629,1597,9.083386
1676,1597,13.9959755
1602,1598,7.95582
1637,1598,8.900206
1648,1598,11.519484
1673,1598,13.49123
1630,1599,14.908769
1630,1600,10.902861
1646,1600,8.383317
1656,1600,11.718828
1616,1601,7.272606
1624,1601,5.8301516
1636,1601,12.8773775
1642,1601,14.118922
1643,1601,7.851985
1672,1601,14.910596
1686,1601,14.571861
1625,1602,8.136316
1637,1602,6.8878236
1673,1602,14.358943
1687,1602,14.811648
1623,1603,10.0969305
1634,1603,9.631894
1645,1603,8.915648
1610,1604,9.085285
1617,1604,9.480356
1650,1604,11.167091
1661,1604,10.152526
1674,1605,13.175619
1684,1605,13.848293
1666,1606,13.751478
1625,1607,12.8256855
1633,1607,9.267551
1639,1607,6.5996013
1658,1607,12.562692
1667,1607,10.098202
1611,1608,11.547776
1614,1608,10.121274
1651,1608,9.501464
1692,1608,14.252817
1633,1609,8.200195
1676,1609,13.141827
1682,1609,12.40083
1620,1610,7.619825
1623,1610,14.533262
1650,1610,7.681719
1654,1610,10.555312
1661,1610,11.872007
1638,1612,8.993151
1664,1612,9.496276
1627,1613,7.186588
1644,1613,7.9876513
1670,1613,13.369437
1685,1613,14.179115
1617,1614,10.224265
1651,1614,8.416418
1699,1614,14.422379
1621,1615,9.168465
1632,1615,8.090371
1640,1615,14.914047
1660,1615,8.572049
1624,1616,10.56686
1642,1616,7.0531726
1643,1616,7.142004
1653,1616,13.699307
1672,1616,10.064936
1698,1616,14.449746
1661,1617,11.540289
1681,1617,10.647424
1619,1618,9.104402
1632,1618,11.472632
1640,1618,7.4749684
1640,1619,14.59838
1641,1619,9.133977
1623,1620,6.9647784
1650,1620,11.864251
1654,1620,8.910865
1688,1620,13.771315
1659,1621,10.476793
1660,1621,10.963374
1694,1621,13.177086
1634,1622,8.107587
1663,1622,8.490408
1668,1622,10.3554535
1710,1622,14.738662
1645,1623,8.949376
1654,1623,11.446125
1688,1623,9.001879
1636,1624,7.9003854
1643,1624,6.1453624
1672,1624,14.060902
1680,1624,14.881874
1686,1624,9.3407545
1698,1624,12.574335
1637,1625,10.109092
1639,1625,8.915803
1658,1625,8.434052
1687,1625,10.666768
1648,1626,11.293691
1662,1626,7.3681335
1668,1626,12.886336
1703,1626,13.597257
1705,1626,14.811867
1644,1627,9.09698
1670,1627,8.118843
1671,1627,12.119315
1685,1627,12.7049
1712,1627,13.640765
1649,1628,8.537712
1693,1628,11.819044
1636,1629,9.352711
1676,1629,10.506164
1680,1629,10.652707
1646,1630,11.142685
1656,1630,6.080236
1689,1630,10.732588
1690,1630,12.118399
1652,1631,6.0893397
1657,1631,6.9193993
1659,1631,11.753841
1701,1631,11.407446
1640,1632,6.838968
1660,1632,10.258322
1702,1632,12.6305895
1639,1633,12.808874
1667,1633,8.279619
1682,1633,9.8435755
1645,1634,7.8492317
1663,1634,8.798535
1706,1634,12.8668165
1710,1634,13.33687
1655,1635,11.789863
1677,1635,7.0839095
1711,1635,13.008731
1643,1636,13.179187
1680,1636,9.106762
1686,1636,10.479311
1648,1637,12.622685
1658,1637,14.990324
1673,1637,7.5383816
1687,1637,10.469729
1716,1637,12.76886
1655,1638,7.6491475
1664,1638,8.353656
1696,1638,9.445967
1726,1638,14.2504635
1658,1639,5.969943
1667,1639,8.430813
1687,1639,13.566186
1725,1639,13.953977
1702,1640,9.12219
1675,1641,7.57014
1678,1641,10.697907
1709,1641,12.182265
1723,1641,13.654563
1643,1642,10.423705
1653,1642,6.8396587
1672,1642,6.842272
1695,1642,11.09181
1698,1642,13.834649
1715,1642,13.26682
1672,1643,7.954166
1686,1643,8.732534
1698,1643,8.4174185
1715,1643,13.256403
1728,1643,13.680991
1670,1644,9.198462
1674,1644,9.775188
1685,1644,6.466755
1712,1644,13.585935
1719,1644,11.745649
1663,1645,14.0995455
1688,1645,8.6094265
1706,1645,10.71322
1656,1646,7.302544
1690,1646,7.78169
1700,1646,10.417912
1669,1647,9.614126
1708,1647,11.157153
1662,1648,11.452868
1673,1648,9.442663
1703,1648,13.498071
1717,1648,11.690137
1693,1649,10.126698
1654,1650,7.564371
1661,1650,6.1184797
1707,1650,12.213188
1729,1650,11.396772
1692,1651,8.604508
1699,1651,9.302912
1657,1652,8.217832
1701,1652,7.6249604
1738,1652,13.58409
1672,1653,10.951037
1679,1653,8.50352
1695,1653,6.6766176
1715,1653,14.84763
1721,1653,13.838259
1732,1653,12.519423
1661,1654,13.339275
1688,1654,11.546626
1729,1654,11.426313
1664,1655,13.881736
1677,1655,8.470937
1696,1655,9.621326
1711,1655,11.029046
1726,1655,10.154457
1741,1655,14.517858
1689,1656,8.403591
1690,1656,6.0424185
1700,1656,14.514023
1659,1657,7.3801074
1694,1657,14.784011
1701,1657,7.5308037
1730,1657,10.950437
1738,1657,13.44382
1747,1657,12.185908
1667,1658,11.169334
1687,1658,7.8994584
1725,1658,9.200357
1733,1658,12.659309
1660,1659,14.759054
1694,1659,8.644051
1701,1659,14.232171
1730,1659,11.060002
1734,1659,13.126596
1694,1660,9.662794
1731,1660,11.84675
1734,1660,13.357049
1681,1661,9.828618
1707,1661,8.552734
1729,1661,12.286694
1668,1662,10.385605
1703,1662,6.360436
1705,1662,8.209527
1717,1662,11.1716175
1754,1662,13.601402
1668,1663,8.450229
1705,1663,14.980524
1706,1663,11.308704
1710,1663,6.2482653
1718,1663,9.011074
1748,1663,11.720356
1766,1663,14.976747
1696,1664,7.9618216
1726,1664,14.7942
1741,1664,12.236558
1671,1665,9.495689
1720,1665,9.4119215
1722,1665,11.642059
1743,1665,10.428522
1713,1666,7.81603
1722,1666,11.348248
1764,1666,14.629304
1682,1667,11.120852
1725,1667,13.798701
1736,1667,10.535172
1703,1668,13.463479
1705,1668,8.439165
1710,1668,11.721248
1718,1668,8.543929
1754,1668,13.991111
1683,1669,6.099409
1708,1669,14.594187
1737,1669,12.974315
1778,1669,14.929377
1671,1670,11.132011
1685,1670,7.691109
1712,1670,5.6256266
1719,1670,10.578747
1755,1670,12.595757
1763,1670,13.346023
1712,1671,12.422178
1720,1671,8.198932
1756,1671,12.467618
1686,1672,12.400857
1695,1672,11.083629
1698,1672,7.2992105
1715,1672,7.019773
1728,1672,13.190366
1732,1672,12.942525
1687,1673,11.263186
1716,1673,7.6286135
1717,1673,12.879837
1733,1673,14.28639
1746,1673,12.095387
1757,1673,13.336542
1684,1674,9.98282
1685,1674,8.368614
1719,1674,9.956865
1727,1674,8.217076
1752,1674,14.251872
1762,1674,13.30586
1678,1675,4.346305
1691,1675,13.025533
1709,1675,5.5702147
1723,1675,11.933634
1744,1675,13.47741
1680,1676,14.953138
1682,1676,9.315168
1735,1676,8.874609
1740,1676,13.274598
1711,1677,6.046284
1726,1677,12.601144
1691,1678,8.938004
1709,1678,7.5844736
1744,1678,11.487335
1695,1679,7.8809795
1721,1679,6.983579
1732,1679,12.227322
1739,1679,11.674582
1686,1680,10.274175
1728,1680,13.593147
1745,1680,7.8668785
1768,1680,14.6572695
1699,1681,9.737884
1707,1681,8.592528
1759,1681,10.500894
1735,1682,12.301288
1736,1682,10.480055
1740,1682,8.674553
1684,1683,9.998161
1737,1683,8.440757
1727,1684,10.682176
1737,1684,10.891034
1752,1684,11.76649
1712,1685,9.321083
1719,1685,5.3077154
1727,1685,12.201643
1755,1685,11.475979
1762,1685,14.20089
1698,1686,6.2960725
1715,1686,13.145663
1728,1686,7.036216
1745,1686,13.84587
1716,1687,8.708588
1725,1687,10.0574875
1733,1687,7.303843
1706,1688,11.672031
1690,1689,9.706961
1697,1689,12.194978
1742,1689,9.907554
1700,1690,9.591369
1751,1690,13.546251
1704,1691,12.763432
1709,1691,13.502389
1744,1691,8.608627
1699,1692,11.394044
1760,1692,11.054055
1750,1693,8.78562
1753,1693,11.800328
1730,1694,10.761786
1731,1694,12.292778
1734,1694,5.607131
1767,1694,11.865668
1779,1694,12.349186
1715,1695,11.391173
1721,1695,9.425811
1732,1695,5.9457316
1765,1695,11.372777
1780,1695,13.641346
1711,1696,14.89125
1726,1696,6.8348203
1741,1696,6.0330415
1769,1696,12.162802
1771,1696,13.412537
1742,1697,8.224897
1715,1698,6.9061055
1728,1698,6.105068
1775,1698,13.661616
1783,1698,14.550928
1759,1699,11.731964
1760,1699,10.178545
1708,1700,11.061951
1751,1700,7.3833632
1761,1700,12.313167
1790,1700,14.084039
1730,1701,11.462056
1738,1701,6.507095
1747,1701,7.860278
1731,1702,13.169047
1772,1702,10.464154
1705,1703,6.6040606
1717,1703,6.6844406
1746,1703,13.174923
1754,1703,9.107149
1781,1703,12.810918
1714,1704,7.918766
1724,1704,13.87637
1710,1705,14.909354
1717,1705,13.153292
1718,1705,8.613735
1754,1705,6.277032
1766,1705,13.041017
1710,1706,8.236423
1718,1706,14.67653
1748,1706,9.250403
1758,1706,6.6721873
1782,1706,11.063828
1787,1706,12.885325
1729,1707,8.619174
1759,1707,9.724395
1788,1707,14.934279
1751,1708,12.446173
1761,1708,8.532308
1778,1708,12.392388
1723,1709,9.345506
1744,1709,10.307657
1718,1710,6.514346
1748,1710,5.4790325
1758,1710,10.201511
1766,1710,9.730321
1787,1710,12.850152
1726,1711,9.271557
1769,1711,11.770915
1719,1712,9.051895
1720,1712,14.487136
1755,1712,7.786268
1756,1712,11.676203
1763,1712,7.8998003
1722,1713,9.258333
1749,1713,9.418701
1764,1713,7.985185
1791,1713,13.827341
1724,1714,6.0198274
1739,1714,11.866097
1774,1714,14.468268
1789,1714,11.280703
1728,1715,9.999685
1732,1715,9.627776
1765,1715,10.954485
1775,1715,8.858825
1717,1716,14.862749
1733,1716,7.594174
1746,1716,10.309056
1757,1716,7.7598176
1770,1716,9.889911
1746,1717,6.7643642
1754,1717,13.734071
1757,1717,12.888181
1781,1717,10.338788
1748,1718,8.23289
1754,1718,10.052958
1766,1718,7.270937
1727,1719,9.546432
1755,1719,7.2347455
1762,1719,9.60189
1763,1719,13.893232
1722,1720,13.921123
1743,1720,8.436366
1756,1720,6.8552475
1763,1720,12.97434
1793,1720,12.49332
1724,1721,12.168951
1732,1721,9.967345
1739,1721,6.754427
1765,1721,13.084772
1774,1721,10.158935
1780,1721,10.647318
1798,1721,13.808103
1743,1722,6.201579
1764,1722,7.7435246
1739,1724,5.861804
1774,1724,9.027645
1789,1724,10.201792
1733,1725,8.061588
1736,1725,14.204744
1773,1725,7.3671618
1776,1725,12.386904
1803,1725,14.614604
1741,1726,6.5446033
1769,1726,6.544884
1771,1726,14.660515
1737,1727,14.658762
1752,1727,6.778592
1755,1727,14.666597
1762,1727,5.9067826
1745,1728,12.931361
1775,1728,12.48733
1783,1728,8.870374
1785,1728,13.950014
1734,1730,9.765867
1738,1730,12.127768
1747,1730,7.145326
1767,1730,6.256147
1779,1730,11.682857
1797,1730,11.9529915
1734,1731,10.23521
1772,1731,11.684946
1779,1731,12.305761
1765,1732,5.427089
1775,1732,11.432936
1780,1732,8.705231
1757,1733,11.784576
1770,1733,8.511423
1773,1733,10.116127
1803,1733,14.873685
1767,1734,7.7800856
1779,1734,6.7705326
1740,1735,9.3165455
1745,1735,14.08208
1768,1735,7.4705596
1784,1735,10.473257
1794,1735,13.941388
1740,1736,7.7305408
1776,1736,10.561185
1784,1736,12.92985
1786,1736,9.370201
1752,1737,9.764282
1778,1737,14.334518
1801,1737,12.88955
1747,1738,5.2759132
1797,1738,13.401948
1774,1739,5.7405477
1780,1739,13.85338
1789,1739,12.7762375
1798,1739,13.518265
1807,1739,14.488166
1784,1740,7.3654823
1786,1740,10.302554
1769,1741,8.1648445
1771,1741,8.386032
1811,1741,14.355693
1795,1742,11.120406
1756,1743,12.736683
1764,1743,11.51655
1793,1743,12.731719
1768,1745,9.308133
1783,1745,12.796747
1785,1745,9.240087
1794,1745,10.404839
1757,1746,6.1922555
1770,1746,13.067964
1781,1746,9.283088
1767,1747,10.8865385
1797,1747,10.036591
1758,1748,7.0940337
1766,1748,6.368262
1782,1748,12.833562
1787,1748,7.5325975
1764,1749,12.8039255
1791,1749,7.0885596
1806,1749,14.528666
1813,1749,14.045903
1753,1750,14.973182
1792,1750,12.405058
1806,1750,14.722244
1761,1751,8.1599245
1790,1751,6.8257
1796,1751,9.754943
1808,1751,13.964815
1762,1752,7.8543296
1801,1752,14.560927
1792,1753,10.473454
1766,1754,10.399389
1781,1754,12.42294
1799,1754,13.898222
1756,1755,14.573563
1762,1755,11.5396595
1763,1755,7.807404
1802,1755,13.409244
1763,1756,6.9242024
1793,1756,8.521901
1802,1756,11.351172
1770,1757,6.8758864
1781,1757,13.03793
1815,1757,12.8785515
1766,1758,12.731888
1782,1758,6.0518146
1787,1758,6.643448
1804,1758,10.2615385
1760,1759,14.451765
1788,1759,6.2369742
1800,1759,12.829779
1788,1760,14.337297
1800,1760,13.57577
1805,1760,12.068662
1810,1760,10.262946
1778,1761,11.867845
1790,1761,7.5931106
1796,1761,13.784947
1808,1761,10.501087
1793,1763,12.775223
1802,1763,8.929664
1791,1764,12.880883
1775,1765,8.068189
1780,1765,6.0978384
1798,1765,12.91129
1787,1766,9.700898
1779,1767,6.0081916
1797,1767,9.432898
1817,1767,11.583442
1784,1768,12.702975
1785,1768,13.08252
1794,1768,6.568327
1771,1769,13.269881
1811,1769,12.626285
1773,1770,12.666935
1803,1770,12.774495
1815,1770,8.743927
1824,1770,13.684739
1836,1770,13.206925
1777,1771,10.238524
1811,1771,10.37541
1819,1771,14.082976
1809,1772,8.16738
1776,1773,8.244514
1803,1773,7.325527
1814,1773,10.823953
1824,1773,12.915826
1780,1774,12.064389
1789,1774,10.17241
1798,1774,9.048446
1807,1774,9.226675
1826,1774,14.395308
1780,1775,13.616975
1783,1775,11.819378
1786,1776,7.651246
1803,1776,10.73279
1814,1776,8.693763
1819,1777,10.241534
1801,1778,14.248004
1797,1779,13.369176
1817,1779,10.511411
1798,1780,7.0119452
1826,1780,14.982033
1799,1781,6.1352234
1821,1781,10.116371
1787,1782,8.867363
1804,1782,6.364555
1818,1782,11.380888
1822,1782,13.714041
1785,1783,7.543484
1839,1783,13.282037
1786,1784,8.841301
1825,1784,11.204805
1794,1785,8.566938
1835,1785,11.0063715
1839,1785,11.886297
1814,1786,13.411067
1825,1786,11.914249
1804,1787,8.234323
1822,1787,9.465441
1800,1788,7.111067
1810,1788,12.565829
1807,1789,7.7564383
1834,1789,12.008244
1850,1789,14.9806185
1796,1790,6.318722
1808,1790,7.411845
1806,1791,11.332782
1813,1791,7.129517
1832,1791,13.725237
1820,1792,14.649922
1844,1792,12.717309
1802,1793,10.135138
1816,1793,9.83507
1831,1793,10.517883
1835,1794,12.060688
1812,1795,12.567563
1823,1795,9.086192
1859,1795,13.217565
1808,1796,11.037738
1840,1796,11.133938
1817,1797,9.682639
1833,1797,8.418194
1807,1798,11.635932
1826,1798,8.411145
1821,1799,5.193944
1841,1799,12.999196
1861,1799,12.803865
1810,1800,6.8318567
1827,1800,10.472918
1872,1800,13.461673
1829,1801,10.357598
1847,1801,10.199419
1848,1801,14.8125515
1830,1802,11.163811
1831,1802,12.005848
1853,1802,11.272089
1814,1803,6.372827
1815,1803,11.88568
1824,1803,5.8133283
1836,1803,11.215722
1818,1804,8.053843
1822,1804,8.013536
1855,1804,10.993464
1856,1804,13.850746
1810,1805,8.989993
1827,1805,10.558896
1828,1805,7.068428
1838,1805,14.9983225
1871,1805,13.953301
1813,1806,9.986114
1820,1806,8.73548
1832,1806,8.340476
1862,1806,13.203804
1826,1807,10.389473
1834,1807,9.764859
1850,1807,8.531209
1869,1807,14.877983
1875,1807,14.998233
1860,1808,9.954143
1845,1809,8.252395
1827,1810,7.046182
1828,1810,10.820161
1819,1811,14.324708
1858,1812,14.761432
1859,1812,14.022889
1832,1813,7.6980896
1843,1813,10.683234
1865,1813,10.183576
1824,1814,9.141525
1824,1815,8.786397
1836,1815,5.0616546
1841,1815,13.159596
1831,1816,8.711634
1868,1816,9.673907
1833,1817,10.703054
1822,1818,13.287124
1842,1818,7.3079033
1846,1818,12.804074
1855,1818,10.480304
1856,1818,8.197633
1838,1819,12.734663
1882,1819,12.764846
1832,1820,10.979754
1854,1820,8.810235
1862,1820,9.514271
1841,1821,8.163702
1861,1821,7.6572785
1855,1822,8.0496855
1856,1822,14.712481
1870,1822,11.1606045
1840,1823,9.050127
1859,1823,9.41391
1876,1823,10.902367
1836,1824,6.0751386
1857,1825,14.749212
1867,1825,8.932934
1897,1825,13.234518
1850,1826,9.460357
1874,1826,9.836094
1875,1826,9.816965
1828,1827,7.172385
1871,1827,11.4555645
1872,1827,13.098521
1898,1827,11.9372015
1838,1828,12.92935
1871,1828,7.145625
1847,1829,10.7470255
1860,1829,14.559839
1873,1829,8.526581
1878,1829,9.79732
1849,1830,13.151718
1852,1830,7.916434
1853,1830,9.781676
1885,1830,9.528482
1888,1830,13.681347
1853,1831,9.127335
1868,1831,10.516344
1862,1832,7.8235044
1865,1832,8.804042
1863,1833,7.850096
1891,1833,13.994719
1894,1833,13.394709
1850,1834,7.5278482
1869,1834,6.5442076
1875,1834,14.2500925
1839,1835,6.328875
1857,1835,11.969397
1864,1835,7.472724
1889,1835,9.330295
1841,1836,14.196126
1842,1837,14.09028
1846,1837,7.443902
1851,1837,6.4571457
1881,1837,8.387385
1893,1837,13.364364
1871,1838,11.907681
1882,1838,8.803004
1864,1839,4.209707
1889,1839,11.768545
1919,1839,14.867024
1876,1840,12.550323
1877,1840,13.324471
1899,1840,10.770563
1861,1841,5.08592
1904,1841,13.386916
1920,1841,13.912046
1846,1842,6.8139176
1855,1842,12.296845
1856,1842,5.3659616
1893,1842,10.604811
1909,1842,11.986796
1865,1843,9.471465
1886,1843,8.730128
1890,1843,9.000293
1854,1844,9.864823
1900,1844,10.85184
1902,1844,14.414721
1880,1845,9.553522
1906,1845,11.600429
1851,1846,13.393609
1856,1846,11.796293
1881,1846,11.04599
1893,1846,8.659759
1848,1847,7.8382854
1849,1847,14.718558
1878,1847,9.331411
1879,1847,6.956265
1887,1847,14.576566
1914,1847,13.619357
1849,1848,6.8811746
1852,1848,12.602344
1879,1848,8.685184
1887,1848,9.482186
1888,1848,13.124323
1914,1848,14.226058
1852,1849,5.7740664
1879,1849,14.228716
1885,1849,13.990344
1887,1849,9.287222
1888,1849,8.716481
1915,1849,14.353376
1869,1850,8.428715
1875,1850,7.409602
1918,1850,14.181234
1872,1851,14.63812
1881,1851,7.670632
1883,1851,10.607191
1885,1852,8.903332
1887,1852,11.714661
1888,1852,7.2232146
1915,1852,13.704548
1885,1853,11.65724
1862,1854,9.436392
1900,1854,12.333023
1902,1854,9.068903
1856,1855,7.5259657
1870,1855,13.369163
1901,1855,8.723977
1909,1855,12.703547
1913,1855,13.005732
1893,1856,12.410738
1901,1856,10.853378
1909,1856,8.790931
1889,1857,11.202318
1892,1857,6.496923
1897,1857,13.732076
1903,1857,9.609614
1926,1857,12.174879
1884,1858,5.7741766
1905,1858,9.95062
1876,1859,7.070266
1911,1859,11.645757
1873,1860,10.419555
1877,1860,10.622511
1912,1860,13.240242
1930,1860,14.3445635
1904,1861,9.120398
1920,1861,12.136251
1938,1861,14.912821
1865,1862,12.538414
1902,1862,12.772221
1891,1863,6.2874627
1894,1863,10.452725
1889,1864,8.710489
1919,1864,10.673754
1886,1865,13.889273
1890,1865,8.416238
1923,1865,9.392742
1896,1866,5.598859
1907,1866,9.365492
1929,1866,13.939124
1931,1866,12.595185
1897,1867,9.330945
1903,1867,14.988533
1908,1867,12.601622
1886,1868,11.080439
1916,1868,9.759902
1875,1869,11.889053
1918,1869,10.9844675
1941,1869,13.181149
1901,1870,14.426335
1913,1870,11.549237
1921,1870,9.956426
1898,1871,13.347279
1883,1872,9.413922
1898,1872,9.783641
1878,1873,8.316309
1912,1873,9.489868
1875,1874,9.981959
1925,1874,8.017196
1937,1874,13.790923
1948,1874,14.393071
1918,1875,10.540566
1925,1875,10.47444
1937,1875,10.230101
1899,1876,9.231491
1911,1876,6.268991
1946,1876,13.390912
1899,1877,11.994765
1928,1877,8.088561
1930,1877,9.30865
1934,1877,11.493538
1961,1877,13.826879
1879,1878,8.582127
1912,1878,14.2093315
1914,1878,11.295523
1949,1878,13.54879
1887,1879,9.759427
1914,1879,6.749581
1942,1879,12.376661
1895,1880,12.92816
1906,1880,10.146299
1917,1880,8.175721
1883,1881,9.992091
1893,1881,10.43598
1927,1881,8.908256
1922,1882,11.204396
1927,1883,10.025817
1905,1884,6.1815324
1933,1884,14.808339
1960,1884,13.743898
1888,1885,8.253785
1915,1885,11.957204
1890,1886,6.8260803
1923,1886,13.643196
1888,1887,6.773132
1914,1887,10.050147
1915,1887,7.48146
1942,1887,10.032718
1950,1887,11.135987
1915,1888,6.4840345
1942,1888,14.815274
1950,1888,12.8770685
1892,1889,9.5479555
1919,1889,9.585453
1926,1889,13.278543
1943,1889,10.925645
1923,1890,7.143406
1969,1890,14.0843725
1894,1891,13.390487
1897,1892,12.253228
1903,1892,6.160522
1926,1892,5.9196906
1943,1892,11.902136
1956,1892,12.145877
1909,1893,10.3604965
1927,1893,13.33888
1939,1893,8.512028
1895,1894,11.838572
1935,1894,9.4763975
1917,1895,9.839199
1935,1895,9.261006
1907,1896,7.191062
1929,1896,9.4483
1931,1896,7.226734
1936,1896,11.242722
1967,1896,13.173645
1903,1897,6.2823205
1926,1897,11.509033
1944,1897,8.686443
1911,1899,10.051072
1928,1899,10.94771
1934,1899,6.8111706
1946,1899,9.397036
1966,1899,13.490253
1902,1900,8.226414
1951,1900,10.1292515
1976,1900,13.322045
1909,1901,8.357186
1913,1901,6.4982543
1945,1901,8.17289
1959,1901,13.166374
1965,1901,14.799725
1951,1902,8.196492
1958,1902,11.198046
1926,1903,5.913061
1944,1903,9.807979
1956,1903,11.501976
1920,1904,7.744231
1938,1904,5.881203
1963,1904,11.145935
1964,1904,13.066923
1980,1904,13.461011
1933,1905,8.627415
1960,1905,10.091884
1975,1905,13.64604
1917,1906,11.958743
1929,1906,11.088703
1954,1906,8.8057165
1910,1907,9.524393
1931,1907,7.720578
1936,1907,6.57615
1962,1907,11.970171
1967,1907,12.741122
1940,1908,11.573647
1947,1908,9.166929
1970,1908,14.970447
1913,1909,14.264271
1939,1909,10.115208
1945,1909,10.927629
1965,1909,10.876542
1924,1910,12.139604
1931,1910,14.998573
1936,1910,9.429672
1962,1910,12.320621
1972,1910,11.514277
1979,1910,14.590635
1934,1911,13.478907
1946,1911,8.889286
1930,1912,10.008138
1949,1912,14.926204
1968,1912,10.363621
1921,1913,9.57517
1945,1913,7.9604053
1959,1913,8.644293
1974,1913,14.523141
1977,1913,14.391952
1915,1914,14.106657
1942,1914,6.470658
1949,1914,10.540002
1950,1914,12.425165
1942,1915,10.096364
1950,1915,6.5466437
1983,1916,12.671232
1954,1917,13.549969
1925,1918,14.3994875
1937,1918,8.209345
1941,1918,8.28527
1985,1918,14.839544
1943,1919,10.819697
1955,1919,11.147496
1932,1920,12.056897
1938,1920,10.587562
1952,1920,8.989419
1963,1920,7.7010727
1980,1920,13.340053
1995,1920,14.8599205
1953,1921,9.025531
1959,1921,11.98162
1964,1921,14.505326
1974,1921,9.695967
1971,1922,10.745552
1969,1923,10.296434
1987,1923,12.813462
1941,1924,9.4919
1972,1924,14.911092
1979,1924,9.650313
1984,1924,13.226278
1937,1925,7.0800543
1948,1925,8.524377
1985,1925,12.903332
1943,1926,9.921671
1944,1926,10.593334
1956,1926,6.420661
1939,1927,13.7985
1930,1928,6.9681287
1934,1928,5.8978763
1946,1928,12.914394
1961,1928,6.485313
1966,1928,9.086409
2000,1928,14.1628065
1931,1929,9.480519
1954,1929,11.2928095
1967,1929,12.071552
1978,1929,11.484892
1988,1929,9.554259
1934,1930,12.851308
1961,1930,7.4314284
1966,1930,14.174125
1936,1931,6.3038173
1962,1931,9.389083
1967,1931,6.0297184
1988,1931,10.841512
1992,1931,12.245397
1993,1931,14.488304
2002,1931,13.444406
1940,1932,9.402563
1952,1932,7.756454
1982,1932,14.795231
1960,1933,10.539148
1975,1933,8.709673
1981,1933,11.644284
1946,1934,7.265901
1961,1934,9.995812
1966,1934,7.0698733
1990,1935,12.463445
1962,1936,5.394029
1967,1936,7.9849796
1972,1936,10.669832
1992,1936,11.890385
1993,1936,11.5604725
1948,1937,12.589574
1985,1937,9.273636
2007,1937,14.6907015
1953,1938,12.665402
1963,1938,9.395042
1964,1938,7.410273
1980,1938,8.77326
1965,1939,9.274861
1947,1940,13.3006735
1982,1940,7.9285445
1979,1941,13.179562
1984,1941,8.732211
1949,1942,12.865151
1950,1942,6.280933
1956,1943,9.331241
1994,1943,9.474779
1947,1944,14.878444
1956,1944,10.517932
1970,1944,9.192412
1997,1944,10.463713
2014,1944,14.652695
2016,1944,12.749636
1959,1945,7.325799
1965,1945,9.5389385
1977,1945,7.0121765
1999,1945,14.615875
2025,1945,13.959552
1961,1946,14.961483
1966,1946,8.126761
1970,1947,7.3083797
1982,1947,11.817447
2016,1947,14.903486
2017,1947,11.606028
2037,1947,14.194013
1973,1948,10.912776
1985,1948,11.779108
1996,1948,8.558024
2032,1948,13.988701
1968,1949,7.795028
2021,1949,11.917989
2029,1950,12.282314
1958,1951,7.390695
1976,1951,8.042371
1989,1951,9.314019
2001,1951,13.574435
1963,1952,8.124348
1980,1952,14.161838
1995,1952,10.668203
1959,1953,14.81834
1964,1953,6.4133687
1974,1953,5.875571
1998,1953,8.997799
1999,1953,14.268232
2020,1953,14.34106
1978,1954,7.436151
1988,1954,13.499509
2006,1954,9.984997
2012,1954,13.9404745
1973,1955,10.111634
2008,1955,10.946409
1994,1956,10.999155
1997,1956,10.549872
2014,1956,8.775991
1960,1957,10.903017
2004,1957,9.2033415
2019,1957,10.467071
1976,1958,13.544629
1989,1958,8.377787
2001,1958,8.429955
2005,1958,11.151464
1974,1959,9.7554
1977,1959,9.141362
1999,1959,8.17435
2025,1959,11.737433
2040,1959,14.763038
1975,1960,6.988694
2019,1960,12.39612
2028,1960,11.884343
1966,1961,7.71769
2000,1961,8.239417
1967,1962,6.9018817
1972,1962,7.383645
1988,1962,14.520387
1992,1962,7.599608
1993,1962,6.1725473
2002,1962,12.759866
2031,1962,12.861911
1964,1963,13.856165
1980,1963,6.4967294
1995,1963,7.517182
1974,1964,11.642216
1980,1964,9.211424
1998,1964,10.990175
2020,1964,10.679534
1977,1965,7.5388246
2025,1965,14.491584
2000,1966,9.046424
1972,1967,14.203783
1988,1967,7.7577868
1992,1967,6.3569465
1993,1967,9.7513275
2002,1967,7.9269743
2030,1967,14.248965
2021,1968,10.324472
1986,1969,10.664454
1987,1969,7.8874817
2023,1969,9.687023
2026,1969,14.520478
2027,1969,9.855154
1997,1970,12.070152
2016,1970,8.553969
2017,1970,8.321252
2046,1970,13.995022
1981,1971,10.884744
2018,1971,7.632119
1979,1972,8.792404
1992,1972,12.707188
1993,1972,7.9740386
2013,1972,12.385532
2031,1972,9.052653
2045,1972,14.588544
1996,1973,11.572778
2032,1973,11.389254
1998,1974,7.228384
1999,1974,8.500679
2040,1974,11.516599
1981,1975,9.606591
2028,1975,10.464026
2048,1975,13.588314
1989,1976,9.234682
1999,1977,12.490079
2025,1977,7.9053354
1988,1978,7.7760997
2002,1978,12.100197
2006,1978,9.077737
2030,1978,9.50722
2044,1978,10.818844
1984,1979,9.4869375
2013,1979,7.341397
2031,1979,12.466994
2034,1979,13.138795
2045,1979,13.487079
1995,1980,7.589401
2020,1980,8.992354
2047,1980,12.329333
2018,1981,13.760372
2048,1981,13.797367
2037,1982,11.578192
1986,1983,9.684772
2010,1983,14.083155
2011,1983,6.2724586
2022,1983,6.389803
2041,1983,13.545628
2007,1984,12.002167
2013,1984,9.20364
2024,1984,7.818322
2034,1984,8.04294
2057,1984,13.680628
1996,1985,10.736533
2007,1985,9.343986
2039,1985,10.384234
2058,1985,13.254853
2011,1986,14.547702
2022,1986,9.004035
2027,1986,10.668132
2041,1986,8.708222
2001,1987,14.846616
2005,1987,8.638782
2023,1987,6.6562862
2026,1987,7.9487247
2027,1987,11.185643
1992,1988,10.396671
2002,1988,6.078433
2030,1988,8.709435
2044,1988,14.529146
2001,1989,6.55939
2005,1989,12.869737
2059,1990,12.392094
2061,1990,11.172619
2003,1991,6.0756254
2015,1991,10.2108345
2033,1991,4.4832077
2054,1991,12.67096
2055,1991,13.204032
1993,1992,5.3875146
2002,1992,6.0684824
2030,1992,12.61853
2031,1992,12.834396
2002,1993,11.401156
2031,1993,7.960205
2008,1994,11.267397
2014,1994,9.818899
2076,1994,14.119955
2020,1995,12.858576
2043,1995,11.732376
2047,1995,9.470144
2032,1996,6.5314817
2039,1996,9.041674
2067,1996,12.999794
2014,1997,6.644181
2016,1997,7.0108023
2017,1997,13.272369
2051,1997,10.814453
2052,1997,9.322509
1999,1998,10.118316
2020,1998,10.289292
2040,1998,8.168865
2062,1998,9.652286
2065,1998,14.123942
2068,1998,14.938214
2025,1999,8.99935
2040,1999,6.646517
2062,1999,14.038097
2065,1999,10.936473
2064,2000,13.9174385
2066,2000,11.231838
2005,2001,6.458105
2026,2001,11.818683
2079,2001,13.932858
2030,2002,6.7994804
2044,2002,14.157552
2033,2003,6.3372073
2054,2003,13.776465
2055,2003,9.3455
2019,2004,7.1003737
2049,2004,10.74869
2056,2004,8.815848
2023,2005,11.205454
2026,2005,6.1678476
2012,2006,6.1457415
2030,2006,14.419683
2044,2006,10.025242
2075,2006,12.809045
2024,2007,7.853939
2034,2007,13.0928135
2039,2007,13.776112
2058,2007,9.35341
2083,2007,14.98225
2088,2008,14.91581
2010,2009,12.452387
2029,2009,12.110444
2036,2009,7.505453
2050,2009,7.597088
2087,2009,14.851157
2011,2010,8.783836
2036,2010,7.9702487
2069,2010,12.413714
2022,2011,6.886459
2041,2011,14.967417
2069,2011,12.714883
2082,2011,13.891997
2044,2012,14.633496
2075,2012,13.852779
2101,2012,14.812854
2024,2013,11.997933
2031,2013,10.003524
2034,2013,7.4347267
2045,2013,7.1516004
2057,2013,8.145472
2086,2013,13.518183
2016,2014,13.261675
2051,2014,8.364816
2052,2014,12.946976
2076,2014,12.758376
2033,2015,10.075622
2038,2015,14.555337
2042,2015,6.914159
2054,2015,11.703075
2017,2016,6.344382
2037,2016,14.839504
2046,2016,9.745217
2051,2016,14.037355
2052,2016,6.635851
2072,2016,11.78526
2084,2016,13.772076
2037,2017,8.644817
2046,2017,5.675649
2052,2017,10.412206
2072,2017,12.119117
2077,2017,11.8560705
2035,2018,14.613696
2028,2019,8.748731
2049,2019,5.974208
2056,2019,9.297087
2081,2019,11.910265
2047,2020,9.693735
2062,2020,12.469088
2068,2020,10.691053
2085,2020,13.980451
2060,2021,7.308882
2071,2021,11.076719
2097,2021,14.6863365
2041,2022,8.174003
2082,2022,13.126948
2026,2023,6.2706065
2027,2023,5.760925
2074,2023,10.927921
2078,2023,14.21458
2034,2024,5.2630267
2057,2024,11.063101
2058,2024,12.546368
2083,2024,11.78889
2091,2024,12.242436
2040,2025,12.421568
2065,2025,12.031954
2027,2026,11.764475
2074,2026,10.60005
2096,2026,12.238823
2041,2027,9.271133
2074,2027,11.9532585
2078,2027,10.840628
2048,2028,9.413839
2049,2028,8.562246
2081,2028,13.023456
2107,2028,13.598043
2050,2029,11.4893875
2053,2029,8.850427
2073,2029,10.451371
2095,2029,14.977724
2044,2030,7.385303
2045,2031,7.2588735
2057,2031,13.604477
2086,2031,14.808384
2039,2032,10.923074
2067,2032,7.5456643
2054,2033,8.425817
2055,2033,9.728587
2094,2033,14.540836
2045,2034,10.960341
2057,2034,6.2853456
2083,2034,12.885918
2086,2034,12.688773
2091,2034,10.410823
2050,2036,7.920759
2069,2036,13.179327
2087,2036,11.235031
2100,2036,11.802554
2046,2037,7.155678
2077,2037,9.68738
2042,2038,9.00786
2063,2038,9.571133
2058,2039,9.162725
2067,2039,12.028742
2103,2039,13.462999
2110,2039,13.733614
2062,2040,7.5868635
2065,2040,6.213681
2078,2041,10.265309
2082,2041,14.936791
2098,2041,11.433023
2054,2042,12.843979
2093,2042,11.730885
2047,2043,14.106677
2102,2043,13.511069
2075,2044,8.519435
2106,2044,11.403952
2057,2045,6.5385036
2086,2045,8.144131
2091,2045,13.923375
2052,2046,10.06603
2072,2046,8.2755995
2077,2046,6.1853266
2084,2046,13.536683
2111,2046,12.816022
2068,2047,11.505385
2085,2047,6.965466
2102,2047,11.171235
2107,2048,14.975127
2115,2048,11.257231
2056,2049,6.79932
2081,2049,6.0609155
2107,2049,9.9529085
2112,2049,13.352129
2073,2050,13.50555
2087,2050,7.8182807
2095,2050,9.926638
2100,2050,13.384955
2052,2051,9.625147
2072,2051,14.244372
2076,2051,7.5980215
2084,2051,10.067331
2120,2051,13.807554
2122,2051,14.042949
2072,2052,6.80285
2077,2052,13.187424
2084,2052,7.189893
2111,2052,13.21935
2122,2052,14.497855
2073,2053,6.3488846
2089,2053,10.200993
2095,2053,14.794906
2117,2053,12.364556
2055,2054,10.475524
2093,2054,9.543587
2094,2054,10.901369
2116,2054,9.7581415
2094,2055,6.607518
2116,2055,13.569278
2081,2056,7.427899
2107,2056,13.089832
2112,2056,10.150166
2083,2057,13.3558035
2086,2057,6.508322
2091,2057,7.908494
2083,2058,10.169882
2103,2058,9.030923
2061,2059,6.59955
2070,2059,14.798306
2090,2059,11.245833
2105,2059,8.670114
2071,2060,5.7738137
2089,2060,11.878884
2097,2060,7.3779154
2113,2060,13.091565
2070,2061,8.471906
2090,2061,7.3328743
2099,2061,12.992651
2105,2061,11.57169
2065,2062,9.164216
2068,2062,8.414349
2121,2062,13.399443
2123,2062,14.304968
2092,2063,14.883682
2114,2063,10.963095
2066,2064,7.54239
2071,2064,11.109265
2113,2064,11.830034
2119,2064,12.567068
2123,2065,11.756238
2119,2066,10.74279
2080,2067,13.012274
2110,2067,11.436181
2085,2068,9.218523
2121,2068,9.370811
2138,2068,13.682452
2082,2069,6.382983
2100,2069,9.502695
2104,2069,5.872463
2118,2069,11.375878
2125,2069,11.674556
2090,2070,6.8143373
2099,2070,4.655408
2109,2070,10.198478
2129,2070,12.003935
2097,2071,7.0905876
2113,2071,8.076476
2077,2072,7.8508935
2084,2072,5.6288257
2111,2072,6.6445565
2122,2072,11.559956
2137,2072,13.62529
2089,2073,12.00445
2095,2073,8.661092
2117,2073,7.462236
2078,2074,9.42773
2096,2074,9.784607
2126,2074,10.600177
2132,2074,11.999056
2101,2075,8.420491
2106,2075,7.5878286
2127,2075,13.457203
2088,2076,12.163194
2120,2076,11.583483
2084,2077,13.316554
2111,2077,8.674481
2137,2077,13.696559
2098,2078,9.6957035
2126,2078,11.603992
2139,2078,11.794067
2096,2079,7.4202747
2108,2079,6.904991
2134,2079,11.831849
2140,2079,14.760958
2088,2080,13.168392
2107,2081,5.671707
2112,2081,8.078088
2115,2081,14.540347
2098,2082,9.95485
2100,2082,14.782858
2104,2082,6.5320067
2118,2082,7.0771904
2125,2082,13.6474495
2091,2083,6.675234
2103,2083,10.811716
2150,2083,14.962137
2111,2084,8.627213
2120,2084,12.778169
2122,2084,7.3451724
2137,2084,14.568982
2102,2085,7.7947507
2121,2085,13.480317
2138,2085,12.105993
2091,2086,8.515366
2095,2087,7.3273964
2100,2087,7.686547
2124,2087,8.526268
2125,2087,14.422327
2097,2089,10.737944
2117,2089,11.607969
2131,2089,9.016644
2099,2090,9.294734
2105,2090,10.085441
2109,2090,13.451399
2129,2090,8.205881
2133,2090,10.261596
2114,2092,8.12273
2116,2093,10.271617
2116,2094,8.502154
2149,2094,14.495117
2100,2095,14.757817
2117,2095,9.612059
2124,2095,9.119919
2141,2095,13.6332035
2108,2096,13.296403
2126,2096,14.882532
2132,2096,10.974697
2134,2096,10.009022
2113,2097,8.973252
2131,2097,13.274984
2104,2098,14.86707
2118,2098,9.626003
2139,2098,10.56091
2101,2099,12.325073
2109,2099,5.564678
2129,2099,10.936163
2104,2100,9.492438
2124,2100,11.382639
2125,2100,7.9557395
2146,2100,13.294146
2106,2101,13.3630495
2109,2101,8.932356
2142,2101,14.767601
2138,2102,14.819637
2110,2103,9.16842
2118,2104,6.9438376
2125,2104,7.154837
2151,2104,12.379661
2129,2105,13.981492
2133,2105,7.9509845
2127,2106,5.9482784
2142,2106,10.594417
2112,2107,10.850509
2115,2107,9.108397
2128,2108,10.173896
2134,2108,12.507492
2140,2108,9.393086
2153,2108,14.290761
2129,2109,11.461979
2163,2110,14.759881
2122,2111,9.789977
2137,2111,6.982063
2147,2111,13.9896755
2160,2111,13.3547945
2136,2112,11.043841
2119,2113,12.30265
2145,2113,11.386383
2155,2113,12.511195
2159,2113,14.523205
2165,2114,13.728355
2149,2116,10.6287155
2131,2117,11.030841
2141,2117,7.9791903
2156,2117,13.309737
2125,2118,11.40828
2151,2118,12.774238
2130,2119,10.374907
2145,2119,9.4367
2148,2119,8.779617
2155,2119,14.787704
2122,2120,7.752846
2143,2120,7.0906444
2147,2120,10.766702
2167,2120,11.94821
2123,2121,12.28124
2138,2121,7.716847
2137,2122,12.14326
2143,2122,13.632775
2147,2122,8.240418
2160,2122,14.164692
2167,2122,13.763996
2161,2123,10.75583
2125,2124,13.417286
2141,2124,13.807252
2146,2124,10.527384
2146,2125,8.322428
2151,2125,7.240658
2132,2126,6.7833095
2134,2126,14.516154
2139,2126,9.687335
2152,2126,7.1695747
2157,2126,12.420759
2169,2126,13.264269
2175,2126,13.3732
2142,2127,8.8853
2176,2127,12.507242
2140,2128,8.966296
2182,2128,14.212048
2133,2129,8.469917
2135,2130,10.82957
2148,2130,10.651691
2158,2130,8.53286
2141,2131,12.204378
2156,2131,8.216778
2168,2131,9.999977
2134,2132,7.756106
2152,2132,9.784282
2153,2132,13.821906
2157,2132,7.8182025
2175,2132,12.431402
2162,2133,9.939947
2140,2134,11.432682
2153,2134,7.696065
2157,2134,8.945602
2178,2134,12.18149
2136,2135,10.807193
2158,2135,10.472644
2183,2135,12.892808
2166,2136,10.396942
2147,2137,11.62063
2160,2137,7.0200496
2152,2139,9.905807
2169,2139,10.996154
2177,2139,11.455118
2153,2140,7.5132623
2178,2140,13.763809
2182,2140,12.939529
2207,2140,14.829165
2156,2141,8.843599
2171,2142,7.881044
2176,2142,10.571519
2147,2143,12.22614
2167,2143,8.863767
2173,2144,11.127799
2148,2145,7.2436123
2155,2145,5.566152
2159,2145,13.326412
2151,2146,7.1610403
2160,2147,9.01199
2167,2147,7.1480103
2190,2147,12.581678
2155,2148,11.983448
2158,2148,11.937807
2154,2149,9.85355
2187,2149,12.700424
2191,2149,12.038916
2163,2150,14.696897
2180,2150,14.626142
2185,2150,12.807073
2192,2150,12.054089
2157,2152,10.135062
2169,2152,6.64265
2175,2152,7.2258244
2177,2152,12.603664
2205,2152,12.901147
2157,2153,9.789293
2178,2153,6.794511
2189,2153,12.304378
2197,2153,11.41053
2207,2153,13.874286
2170,2154,9.334489
2187,2154,9.439293
2159,2155,8.151196
2168,2156,8.108797
2169,2157,14.795005
2175,2157,7.3553824
2178,2157,8.00435
2189,2157,9.326053
2197,2157,14.771106
2215,2157,13.467999
2183,2158,7.0587854
2168,2159,8.826893
2167,2160,14.22796
2190,2160,9.25842
2179,2161,7.2886243
2212,2161,13.251734
2216,2161,13.0921135
2227,2161,13.693166
2206,2162,11.645938
2185,2163,8.441797
2200,2163,9.203307
2219,2163,13.440134
2226,2164,13.04648
2186,2165,7.816669
2194,2165,14.387637
2195,2165,11.818419
2188,2166,8.551812
2229,2166,13.25328
2190,2167,12.841476
2175,2169,8.536773
2177,2169,6.8236737
2205,2169,8.958925
2215,2169,14.628422
2217,2169,10.75532
2173,2170,10.224066
2187,2170,11.568442
2176,2171,8.018543
2218,2171,11.0542145
2224,2171,13.178332
2203,2172,11.164268
2204,2172,9.513616
2214,2173,12.414968
2234,2173,13.662099
2178,2175,12.083378
2189,2175,9.358297
2205,2175,8.15866
2215,2175,9.0261
2181,2176,7.3256326
2210,2176,12.484349
2218,2176,9.9371
2196,2177,9.393986
2205,2177,13.028753
2217,2177,9.693477
2238,2177,13.820618
2189,2178,5.5880666
2197,2178,6.8981833
2207,2178,12.758442
2215,2178,12.381513
2245,2178,14.942479
2193,2179,8.086912
2212,2179,8.0559225
2227,2179,11.31424
2192,2180,14.238169
2199,2180,8.678356
2211,2180,8.153125
2231,2180,14.66039
2210,2181,6.845033
2218,2181,12.530676
2221,2181,12.735618
2247,2181,13.902416
2197,2182,14.491703
2207,2182,7.7063665
2188,2183,13.602847
2228,2183,11.964636
2198,2184,10.412524
2206,2184,9.254269
2232,2184,9.401201
2236,2184,10.559867
2192,2185,7.212032
2200,2185,8.592377
2219,2185,6.7034864
2231,2185,13.690253
2240,2185,14.526024
2255,2185,13.057664
2194,2186,8.81005
2195,2186,10.027362
2191,2187,11.144673
2243,2187,11.23206
2251,2187,14.562741
2228,2188,8.068763
2229,2188,8.685801
2197,2189,8.093808
2205,2189,12.576107
2215,2189,6.8340054
2245,2189,10.191971
2253,2189,12.785438
2230,2190,10.522569
2244,2190,13.298874
2263,2190,13.084359
2213,2191,9.447214
2242,2191,9.952893
2243,2191,12.444764
2200,2192,14.960404
2211,2192,10.884222
2219,2192,9.221939
2231,2192,7.5495124
2255,2192,10.833789
2201,2193,7.7337885
2212,2193,6.772481
2227,2193,12.308869
2257,2193,13.0865555
2264,2193,13.105559
2216,2194,9.03678
2233,2194,14.848045
2209,2195,9.768058
2268,2195,14.552999
2217,2196,10.7344
2235,2196,12.132818
2238,2196,7.3907685
2265,2196,12.181803
2207,2197,7.444398
2215,2197,13.658536
2245,2197,12.292227
2253,2197,9.572483
2259,2197,11.452145
2224,2198,9.668132
2232,2198,12.479609
2236,2198,7.6261463
2202,2199,11.068996
2211,2199,10.404661
2222,2199,6.855689
2249,2199,10.132723
2262,2199,11.720676
2219,2200,7.7434025
2225,2200,13.759083
2240,2200,7.9911427
2272,2200,14.834533
2273,2200,14.88703
2204,2201,9.450893
2212,2201,13.962171
2264,2201,11.327694
2210,2202,13.157591
2221,2202,5.9905825
2222,2202,5.644662
2254,2202,10.436455
2262,2202,12.463043
2204,2203,14.290733
2223,2203,11.7979555
2241,2203,7.8044086
2241,2204,14.538979
2215,2205,7.0221777
2217,2205,8.226357
2245,2205,13.798171
2252,2205,9.469186
2232,2206,9.037325
2236,2206,14.424152
2246,2206,12.072727
2260,2206,10.2865505
2253,2207,13.034229
2259,2207,11.493057
2226,2208,12.572244
2220,2209,9.720676
2268,2209,10.179382
2269,2209,12.355375
2218,2210,12.173362
2221,2210,7.8283353
2247,2210,7.98539
2254,2210,12.58557
2277,2210,14.576649
2231,2211,7.466158
2249,2211,10.931449
2270,2211,10.790421
2216,2212,13.259966
2227,2212,5.5413947
2233,2212,10.70308
2257,2212,8.825352
2264,2212,14.653495
2220,2213,7.7610445
2242,2213,7.0330515
2269,2213,13.466103
2234,2214,4.3582635
2237,2214,10.3599
2248,2214,9.001058
2217,2215,14.749323
2245,2215,7.6440716
2252,2215,10.755551
2253,2215,13.830878
2227,2216,8.468771
2233,2216,6.6399393
2238,2217,8.645345
2252,2217,10.274581
2224,2218,13.207962
2247,2218,11.027963
2261,2218,10.8530655
2231,2219,11.907236
2240,2219,9.488947
2255,2219,7.698446
2272,2219,11.4326105
2273,2219,14.871098
2242,2220,12.828533
2268,2220,13.390113
2269,2220,8.011974
2222,2221,10.349709
2247,2221,12.166299
2254,2221,7.285446
2262,2221,14.467732
2249,2222,10.881096
2254,2222,11.224429
2262,2222,7.9812393
2289,2222,14.994573
2230,2223,11.19022
2241,2223,13.773914
2267,2223,11.133484
2271,2223,10.219202
2236,2224,13.895783
2261,2224,9.358777
2226,2225,10.763793
2240,2225,12.172597
2256,2225,9.354976
2266,2225,8.425056
2273,2225,14.536255
2282,2225,13.948288
2256,2226,8.416528
2233,2227,5.2317257
2257,2227,8.656217
2229,2228,9.960888
2263,2230,8.978254
2267,2230,8.894693
2283,2230,12.5754595
2255,2231,7.7474036
2270,2231,10.407614
2278,2231,10.365617
2236,2232,6.144616
2246,2232,14.702565
2260,2232,8.627844
2275,2232,9.259872
2257,2233,10.401938
2237,2234,12.4532585
2248,2234,4.6491714
2238,2235,13.070835
2239,2235,12.647629
2265,2235,8.675813
2260,2236,14.141153
2275,2236,8.868143
2265,2238,7.848433
2284,2238,10.279662
2258,2239,12.752508
2274,2239,9.456491
2299,2239,14.682848
2255,2240,13.527605
2266,2240,10.187083
2272,2240,8.27774
2273,2240,6.896973
2294,2240,12.783311
2271,2241,13.247858
2290,2241,14.802552
2243,2242,11.757722
2269,2242,14.9990225
2276,2242,9.626931
2251,2243,10.773595
2276,2243,9.509977
2263,2244,12.891834
2279,2244,10.642587
2285,2244,9.374997
2252,2245,12.094298
2253,2245,7.3764973
2259,2245,12.725942
2287,2245,10.240225
2260,2246,6.844401
2254,2247,12.160524
2277,2247,7.770467
2293,2247,13.785492
2262,2249,6.859911
2270,2249,7.958762
2289,2249,14.347486
2300,2249,13.170884
2258,2250,10.056718
2281,2250,8.962206
2311,2250,14.435586
2287,2252,11.067473
2259,2253,5.3793626
2287,2253,14.173872
2302,2253,13.435257
2262,2254,10.578053
2277,2254,10.8389015
2289,2254,9.276921
2293,2254,10.385922
2270,2255,14.471677
2272,2255,9.818238
2278,2255,9.32442
2296,2255,11.210695
2266,2256,8.416873
2282,2256,6.924663
2264,2257,11.241536
2291,2257,10.106486
2274,2258,6.994066
2299,2258,14.496992
2302,2259,13.7577
2275,2260,11.399686
2308,2260,14.027607
2288,2261,6.7210317
2297,2261,10.914808
2312,2261,14.037779
2270,2262,14.264677
2289,2262,8.5820675
2300,2262,10.889213
2267,2263,10.123564
2279,2263,6.721125
2283,2263,7.6724153
2285,2263,14.436638
2280,2264,10.541293
2291,2264,8.719672
2306,2264,13.080156
2284,2265,9.279821
2272,2266,14.405472
2273,2266,8.073222
2282,2266,7.873159
2294,2266,10.27354
2271,2267,8.05307
2283,2267,6.8662424
2290,2267,11.9200325
2314,2267,12.388952
2269,2268,8.706649
2295,2268,9.513278
2298,2268,10.382396
2295,2269,8.428347
2307,2269,11.618302
2278,2270,7.92464
2303,2270,11.379997
2283,2271,13.309041
2290,2271,5.592783
2314,2271,14.36347
2326,2271,13.538385
2273,2272,6.519542
2294,2272,9.85294
2296,2272,9.179383
2330,2272,14.57511
2282,2273,13.726695
2294,2273,5.8870044
2296,2273,14.65764
2299,2274,8.140297
2308,2275,10.440204
2309,2276,11.379653
2310,2276,8.714468
2289,2277,14.38943
2293,2277,6.5662937
2317,2277,14.402486
2296,2278,9.358803
2303,2278,11.790304
2283,2279,10.376184
2285,2279,8.182468
2305,2279,11.493733
2291,2280,14.715716
2306,2280,9.174652
2311,2281,7.1149364
2294,2282,12.263606
2325,2282,9.388612
2290,2283,14.968644
2314,2283,8.332446
2326,2283,14.258222
2313,2284,7.7681937
2338,2284,14.468215
2304,2285,12.038474
2305,2285,7.8255672
2301,2286,13.506636
2316,2286,7.6567607
2328,2286,13.147243
2329,2286,11.288944
2302,2287,10.827885
2324,2287,8.779272
2348,2287,14.650069
2297,2288,8.41505
2312,2288,7.318859
2293,2289,9.138276
2300,2289,7.497287
2317,2289,8.021667
2339,2289,13.850719
2356,2289,14.874798
2314,2290,12.661486
2326,2290,9.272595
2344,2290,13.618481
2306,2291,10.79921
2331,2291,9.532519
2327,2292,8.731966
2350,2292,14.8237505
2317,2293,7.8690543
2339,2293,10.646661
2296,2294,14.81182
2330,2294,11.350281
2298,2295,9.865681
2307,2295,6.805585
2332,2295,13.748072
2334,2295,13.877127
2335,2295,9.877476
2330,2296,11.347137
2312,2297,10.8017645
2351,2297,13.456305
2334,2298,7.7949247
2335,2298,11.241311
2374,2298,14.694008
2341,2299,9.832675
2303,2300,12.591564
2317,2300,9.955712
2356,2300,11.425106
2329,2301,9.527499
2347,2301,9.972017
2324,2302,12.300065
2336,2302,12.509552
2348,2302,8.937205
2370,2302,13.106527
2369,2303,13.132669
2378,2303,14.2632675
2305,2304,11.802462
2318,2304,8.685661
2349,2304,10.973622
2352,2305,8.128418
2331,2306,9.773343
2345,2306,8.383329
2362,2306,14.360925
2372,2306,14.795437
2309,2307,9.883628
2332,2307,7.3055625
2335,2307,9.816559
2322,2308,10.239166
2355,2308,11.307426
2361,2308,12.240446
2310,2309,9.626725
2332,2309,7.74278
2321,2310,9.843918
2353,2311,9.902327
2351,2312,9.342128
2364,2312,13.091678
2338,2313,8.308772
2354,2313,9.317874
2326,2314,7.1174216
2344,2314,12.809365
2319,2315,6.0108557
2323,2315,14.748114
2328,2315,11.531013
2337,2315,11.727565
2340,2315,6.4658732
2365,2315,11.446996
2366,2315,14.777515
2328,2316,6.0649953
2329,2316,8.383245
2340,2316,14.527091
2366,2316,11.571692
2339,2317,5.873126
2356,2317,8.995613
2342,2318,8.734381
2349,2318,6.764163
2381,2318,14.954996
2388,2318,14.360043
2323,2319,8.817025
2337,2319,6.2216487
2340,2319,9.677493
2346,2319,14.465927
2365,2319,8.816997
2384,2319,13.865176
2347,2320,11.049852
2395,2320,14.299684
2343,2321,9.018584
2361,2322,8.870786
2337,2323,6.2515073
2346,2323,7.597296
2365,2323,12.769227
2384,2323,12.852152
2338,2324,13.971516
2348,2324,9.65579
2383,2324,14.911999
2342,2325,13.66163
2377,2325,13.505328
2380,2325,12.115246
2381,2325,14.581469
2344,2326,6.470545
2371,2326,11.88972
2350,2327,6.96748
2358,2327,7.1753306
2359,2327,12.007121
2363,2327,12.842356
2382,2327,10.8273325
2329,2328,12.812743
2340,2328,8.650842
2366,2328,6.8074174
2347,2329,12.771806
2376,2330,7.58917
2377,2330,13.781075
2385,2330,13.363331
2401,2330,13.978733
2345,2331,11.284295
2357,2331,10.265627
2372,2331,7.375474
2386,2331,14.787879
2335,2332,11.572139
2389,2332,11.167335
2341,2333,12.022437
2335,2334,8.305743
2359,2334,9.924474
2374,2334,6.993548
2374,2335,9.734892
2348,2336,13.542309
2360,2336,7.189127
2370,2336,9.985496
2397,2336,14.098044
2340,2337,12.873565
2346,2337,8.82832
2365,2337,6.5207634
2384,2337,8.263261
2354,2338,5.677733
2383,2338,8.293403
2392,2338,11.479421
2356,2339,8.655888
2365,2340,9.060879
2366,2340,9.071057
2400,2340,11.939221
2349,2342,7.9774003
2380,2342,10.931977
2381,2342,6.5115843
2388,2342,9.257563
2402,2342,12.109196
2346,2343,13.05914
2371,2344,5.661435
2393,2344,14.602511
2413,2344,14.464867
2362,2345,7.8207617
2372,2345,11.457832
2379,2345,13.860591
2386,2345,7.2795444
2406,2345,14.547789
2365,2346,13.656347
2384,2346,9.386126
2395,2347,12.874658
2370,2348,7.0546536
2390,2348,10.639059
2397,2348,12.945914
2408,2348,14.222748
2381,2349,11.8874
2388,2349,8.480087
2358,2350,7.190689
2363,2350,5.8751373
2373,2350,12.647683
2382,2350,6.0293384
2399,2350,11.312372
2415,2350,14.984543
2364,2351,13.838322
2375,2351,9.229917
2368,2353,7.172845
2383,2354,8.588489
2392,2354,6.519846
2361,2355,11.177094
2375,2355,13.502757
2387,2355,7.047034
2378,2356,10.540256
2363,2357,14.496638
2372,2357,8.678326
2373,2357,7.2659054
2394,2357,7.226892
2403,2357,12.744153
2416,2357,14.401516
2359,2358,8.568608
2363,2358,11.326357
2382,2358,5.863767
2399,2358,8.986318
2374,2359,10.269462
2382,2359,13.929633
2399,2359,14.803521
2370,2360,13.129206
2397,2360,13.821924
2387,2361,8.244703
2398,2361,10.641576
2420,2361,13.892501
2379,2362,6.048625
2386,2362,9.137863
2393,2362,11.973854
2406,2362,10.377876
2373,2363,7.411656
2382,2363,6.66683
2399,2363,10.545243
2403,2363,9.363086
2415,2363,11.249231
2391,2364,6.4130096
2384,2365,7.3792453
2400,2365,9.815722
2400,2366,12.189783
2404,2366,8.605725
2385,2369,7.778507
2407,2369,10.9879055
2390,2370,10.83101
2397,2370,6.649517
2408,2370,11.106397
2379,2371,11.16737
2393,2371,8.943711
2413,2371,12.1398325
2386,2372,10.748412
2394,2372,9.543082
2414,2372,11.706661
2416,2372,13.657551
2382,2373,13.840899
2394,2373,9.319405
2403,2373,7.4541497
2415,2373,14.229672
2423,2373,14.306159
2410,2375,9.700856
2377,2376,12.329066
2385,2376,8.712997
2401,2376,6.5948553
2405,2376,12.522011
2407,2376,14.076701
2422,2376,14.053055
2380,2377,13.539074
2396,2377,8.111604
2401,2377,12.547931
2405,2377,7.53487
2386,2379,14.031755
2393,2379,6.5037403
2406,2379,10.953571
2381,2380,5.9161057
2388,2380,12.827789
2396,2380,8.3775835
2402,2380,7.4747577
2411,2380,8.155807
2388,2381,7.2793603
2396,2381,14.086461
2402,2381,5.8274527
2411,2381,10.925019
2399,2382,5.28428
2403,2382,13.043038
2415,2382,9.988457
2430,2382,13.363897
2390,2383,14.5738735
2392,2383,9.120689
2424,2383,13.119325
2400,2384,13.135661
2401,2385,10.894756
2407,2385,6.991732
2422,2385,12.304183
2406,2386,9.104101
2414,2386,9.284329
2398,2387,13.673112
2420,2387,9.888994
2402,2388,7.9439077
2411,2388,14.661676
2418,2388,12.423962
2428,2388,11.155583
2397,2390,10.854211
2408,2390,5.93766
2417,2390,7.80971
2421,2391,10.743938
2438,2391,13.774087
2409,2392,12.8541765
2424,2392,14.853442
2406,2393,11.378963
2413,2393,13.11689
2433,2393,12.0465355
2441,2393,14.400294
2403,2394,9.757589
2414,2394,13.4779215
2416,2394,7.246715
2423,2394,13.165768
2434,2394,11.855817
2402,2396,13.012977
2405,2396,8.19712
2411,2396,8.207866
2408,2397,7.4848933
2426,2397,10.632035
2420,2398,10.282392
2427,2398,8.363158
2403,2399,13.222294
2415,2399,6.9358873
2423,2399,14.966083
2425,2399,12.940228
2430,2399,8.1198635
2435,2399,12.358479
2404,2400,11.714493
2436,2400,11.724981
2405,2401,8.7169285
2407,2401,12.921192
2422,2401,8.927457
2411,2402,6.7211456
2428,2402,10.31841
2415,2403,8.25059
2416,2403,12.684777
2423,2403,6.9497075
2434,2403,12.366537
2435,2403,12.21397
2442,2403,12.415115
2419,2404,8.397204
2436,2404,12.523837
2437,2404,9.276511
2414,2406,12.753041
2433,2406,9.962677
2445,2406,10.698572
2446,2406,14.924933
2422,2407,8.867973
2450,2407,14.503455
2454,2407,14.523427
2417,2408,7.7273602
2426,2408,13.815065
2432,2409,9.955904
2451,2410,11.68049
2428,2411,13.566442
2431,2412,12.155226
2441,2413,9.959349
2444,2413,12.300228
2416,2414,10.411501
2445,2414,13.338394
2446,2414,9.253905
2448,2414,12.460771
2423,2415,8.074127
2430,2415,7.822161
2435,2415,6.6980844
2442,2415,11.349523
2464,2415,14.766997
2423,2416,11.969272
2434,2416,6.2503095
2442,2416,14.156116
2446,2416,14.449294
2448,2416,11.571507
2457,2416,13.02
2469,2416,13.0484295
2424,2417,9.093246
2428,2418,10.312864
2429,2418,7.193166
2440,2418,9.51141
2437,2419,6.6487784
2439,2419,8.194085
2461,2419,11.71963
2427,2420,7.1798825
2453,2420,9.967281
2438,2421,7.9078813
2447,2421,7.5171237
2454,2422,8.4576025
2463,2422,12.396567
2430,2423,13.92712
2434,2423,8.245293
2435,2423,7.346325
2442,2423,5.4663224
2457,2423,9.395724
2458,2423,11.14486
2477,2423,14.996671
2449,2424,7.2061553
2430,2425,9.06844
2455,2425,9.631771
2465,2426,10.676382
2468,2426,13.691712
2453,2427,8.194417
2440,2428,6.4282126
2475,2428,13.369903
2440,2429,12.436096
2466,2429,12.886878
2435,2430,7.7091894
2442,2430,14.43311
2455,2430,8.399891
2464,2430,10.841644
2441,2433,10.026828
2445,2433,9.435348
2476,2433,11.346956
2435,2434,14.356405
2442,2434,8.434248
2448,2434,11.170641
2457,2434,6.7954893
2458,2434,12.972833
2469,2434,9.699623
2470,2434,10.575732
2477,2434,13.352716
2442,2435,6.7242646
2455,2435,11.699912
2457,2435,11.853302
2458,2435,8.72785
2464,2435,8.648641
2477,2435,14.468207
2481,2435,11.913726
2437,2436,9.3749485
2459,2436,12.959544
2460,2436,7.9235907
2467,2436,8.57362
2471,2436,13.354011
2491,2436,14.604279
2439,2437,10.945746
2461,2437,10.075968
2467,2437,11.187962
2471,2437,10.334243
2447,2438,11.158808
2473,2438,12.429627
2461,2439,6.9170117
2471,2439,13.853166
2472,2439,13.728606
2486,2439,12.753278
2475,2440,10.455688
2444,2441,14.9519
2476,2441,10.904428
2457,2442,5.242776
2458,2442,5.832275
2464,2442,11.531388
2469,2442,14.249474
2470,2442,10.872344
2477,2442,9.669438
2481,2442,11.413433
2503,2442,14.705681
2459,2443,9.087463
2462,2443,5.6752133
2483,2444,9.870584
2446,2445,7.9010315
2448,2445,14.785865
2476,2445,14.739166
2480,2445,8.990481
2448,2446,7.114278
2469,2446,12.681398
2480,2446,11.163468
2451,2447,14.354954
2490,2447,11.477858
2457,2448,13.588406
2469,2448,5.6205955
2470,2448,11.67367
2480,2448,14.883187
2499,2448,10.796928
2456,2449,9.883266
2454,2450,14.865662
2474,2450,7.573911
2492,2450,11.696586
2479,2451,8.146036
2505,2451,12.967876
2473,2452,12.038722
2496,2453,11.270267
2463,2454,7.149242
2474,2454,11.819827
2492,2454,13.008661
2497,2454,11.36152
2458,2455,14.780303
2464,2455,7.076781
2481,2455,12.549873
2484,2455,7.6521063
2485,2455,8.16041
2507,2455,14.532423
2493,2456,14.599474
2458,2457,6.85684
2464,2457,14.602424
2469,2457,9.19082
2470,2457,5.8250422
2477,2457,6.683479
2481,2457,12.281722
2502,2457,11.52168
2503,2457,12.942855
2464,2458,7.957156
2470,2458,9.923361
2477,2458,5.938052
2481,2458,5.7734437
2484,2458,13.647488
2502,2458,12.48012
2503,2458,9.236885
2507,2458,13.004675
2460,2459,7.0351496
2462,2459,8.977572
2467,2459,13.659596
2491,2459,14.037071
2504,2459,10.659291
2506,2459,11.764533
2467,2460,6.6902966
2471,2460,13.542266
2491,2460,9.032664
2504,2460,10.899571
2467,2461,13.680486
2471,2461,7.4908113
2472,2461,14.973443
2486,2461,6.3896384
2506,2462,9.856954
2513,2462,13.095887
2487,2463,9.376272
2497,2463,11.116304
2477,2464,12.947309
2481,2464,5.7825165
2484,2464,6.838539
2485,2464,11.211099
2503,2464,12.535845
2507,2464,10.352892
2468,2465,10.15141
2489,2465,7.332834
2495,2465,13.941626
2488,2466,9.650756
2471,2467,6.852145
2486,2467,14.250665
2491,2467,6.6859365
2504,2467,13.711857
2489,2468,7.694263
2495,2468,8.250085
2470,2469,6.0968137
2477,2469,11.488326
2499,2469,7.9720235
2502,2469,10.863658
2520,2469,14.631908
2477,2470,5.408497
2481,2470,13.621912
2499,2470,9.699198
2502,2470,6.458975
2503,2470,11.165713
2520,2470,12.223253
2523,2470,13.328702
2486,2471,7.5272164
2491,2471,9.939146
2511,2472,12.052835
2519,2473,12.907428
2492,2474,4.209022
2497,2474,11.969913
2512,2474,10.352803
2521,2474,13.500599
2482,2475,6.027477
2498,2475,11.949197
2480,2476,13.26065
2515,2476,12.973718
2481,2477,8.312348
2499,2477,13.869736
2502,2477,6.5614586
2503,2477,6.417168
2507,2477,13.738906
2520,2477,12.98144
2523,2477,11.322389
2500,2478,10.840767
2501,2478,9.993405
2508,2478,10.226685
2505,2479,6.2003746
2529,2479,14.145369
2515,2480,11.20852
2516,2480,12.052099
2484,2481,8.798983
2485,2481,14.1254425
2502,2481,13.479799
2503,2481,6.7547207
2507,2481,7.292211
2517,2481,14.676402
2523,2481,14.572831
2498,2482,6.4003325
2488,2483,12.899127
2525,2483,10.728063
2533,2483,14.964976
2485,2484,5.3407755
2503,2484,13.96871
2507,2484,7.324418
2517,2484,9.049548
2507,2485,11.620003
2510,2485,10.762167
2517,2485,9.21473
2511,2486,10.606369
2494,2487,6.9998236
2497,2487,14.6023445
2522,2487,8.271931
2536,2487,12.808429
2532,2488,13.313397
2533,2488,11.215575
2495,2489,7.0027423
2527,2489,10.786748
2535,2490,11.031833
2504,2491,8.920011
2497,2492,9.139789
2512,2492,6.1607914
2521,2492,10.124972
2530,2492,14.898244
2542,2492,12.509013
2498,2494,10.571581
2522,2494,10.087827
2537,2494,9.768896
2527,2495,9.73098
2539,2496,10.72778
2512,2497,8.448257
2521,2497,14.791178
2530,2497,8.155855
2536,2497,11.522212
2542,2497,11.03518
2565,2497,14.993303
2537,2498,10.150016
2502,2499,9.069662
2516,2499,11.445161
2520,2499,8.800279
2523,2499,14.195416
2538,2499,9.602516
2547,2499,14.730653
2508,2500,10.505384
2526,2500,9.749677
2508,2501,9.272656
2509,2501,12.771536
2528,2501,9.38077
2541,2501,13.160842
2503,2502,8.072847
2520,2502,6.478202
2523,2502,7.0407624
2538,2502,12.525255
2547,2502,11.6969595
2507,2503,8.481194
2520,2503,12.527189
2523,2503,7.823439
2547,2503,14.838926
2506,2504,9.51011
2549,2504,13.398296
2529,2505,7.9542246
2513,2506,8.145405
2543,2506,13.46942
2549,2506,10.4707775
2517,2507,8.055841
2523,2507,14.200164
2526,2508,13.009699
2528,2508,7.0089097
2513,2509,11.099678
2541,2509,7.3900795
2543,2509,10.58094
2566,2509,14.046224
2517,2510,11.137703
2518,2510,13.00686
2546,2510,13.820636
2521,2512,6.3504524
2530,2512,10.459008
2540,2512,13.858944
2542,2512,6.389109
2564,2512,14.925761
2565,2512,14.316847
2571,2512,13.9370775
2543,2513,6.39568
2549,2513,11.605991
2566,2513,14.172756
2519,2514,9.912935
2540,2514,11.610014
2563,2514,14.36252
2570,2514,13.958095
2576,2514,13.887334
2516,2515,11.700491
2551,2515,10.839417
2558,2515,9.978235
2559,2515,12.394622
2538,2516,10.184082
2558,2516,14.132626
2559,2516,9.505633
2569,2516,13.792487
2526,2518,11.961942
2546,2518,6.214001
2556,2519,10.17018
2570,2519,8.83528
2576,2519,14.991962
2523,2520,6.420427
2538,2520,6.597078
2547,2520,6.2590795
2569,2520,12.57718
2540,2521,7.9602456
2542,2521,8.29184
2564,2521,9.501529
2571,2521,11.436394
2530,2522,12.139258
2536,2522,6.6560583
2537,2522,11.797969
2561,2522,9.497511
2577,2522,13.252736
2538,2523,12.487739
2547,2523,7.0173903
2552,2524,7.2963834
2580,2524,13.9403715
2533,2525,9.436617
2545,2525,10.531398
2568,2525,9.98995
2546,2526,13.412184
2544,2527,8.450343
2541,2528,12.644611
2554,2529,9.142552
2573,2529,9.569017
2536,2530,5.8986945
2542,2530,7.5045495
2565,2530,7.062044
2571,2530,14.691867
2577,2530,12.616929
2583,2530,12.971756
2532,2531,10.173651
2562,2531,8.529617
2584,2531,12.796575
2533,2532,11.708208
2555,2532,8.103153
2555,2533,8.035345
2568,2533,10.591616
2567,2534,13.798093
2554,2535,10.658607
2574,2535,9.756827
2581,2535,11.739302
2542,2536,13.229965
2561,2536,11.543974
2565,2536,9.255495
2577,2536,9.812352
2561,2537,10.366014
2547,2538,8.26779
2559,2538,14.174004
2569,2538,7.5352206
2587,2538,13.51951
2586,2539,12.561315
2563,2540,10.21716
2564,2540,10.003743
2543,2541,11.289998
2566,2541,9.916098
2575,2541,8.903401
2564,2542,12.632932
2565,2542,8.438946
2571,2542,8.74842
2583,2542,11.260566
2549,2543,11.637646
2566,2543,7.7857533
2575,2543,13.0957
2572,2544,7.2444477
2551,2545,11.243065
2568,2545,14.057687
2578,2545,10.843387
2569,2547,9.8973465
2587,2547,9.705765
2550,2548,8.788403
2567,2548,5.5836415
2579,2549,12.898066
2591,2549,12.781001
2553,2550,9.281092
2567,2550,13.831224
2558,2551,10.886503
2578,2551,9.450699
2580,2552,6.9246354
2592,2552,12.37844
2603,2553,14.912388
2606,2553,14.425213
2573,2554,11.136166
2574,2554,14.979023
2581,2554,9.352684
2568,2555,12.536457
2570,2556,8.46735
2574,2556,11.524509
2588,2556,8.297809
2595,2556,13.129328
2597,2556,13.875946
2562,2557,10.875291
2589,2557,10.581399
2602,2557,13.247096
2559,2558,7.0398817
2578,2558,14.91646
2585,2558,9.227121
2569,2559,12.163338
2585,2559,6.817465
2577,2561,9.195745
2590,2561,8.084737
2600,2561,14.8811035
2584,2562,7.1710296
2589,2562,9.420919
2564,2563,8.379828
2576,2563,7.3771343
2610,2563,13.318962
2571,2564,7.493677
2605,2564,14.703818
2571,2565,10.704729
2577,2565,8.719319
2583,2565,6.1821637
2605,2565,14.755249
2575,2566,6.115854
2611,2566,13.269769
2607,2567,12.84836
2612,2567,14.622948
2585,2569,13.086684
2587,2569,8.16995
2576,2570,8.845592
2588,2570,12.105677
2595,2570,9.941749
2583,2571,7.886542
2605,2571,9.788346
2582,2572,8.9370985
2609,2573,10.909298
2613,2573,14.216868
2581,2574,8.464895
2588,2574,10.2084875
2594,2574,7.518166
2597,2574,9.131549
2618,2574,14.007638
2611,2575,10.99885
2595,2576,12.283795
2610,2576,14.216796
2583,2577,11.340378
2590,2577,9.566188
2591,2579,7.7729263
2598,2579,6.6283445
2592,2580,7.2791767
2594,2581,7.809099
2597,2581,13.309632
2617,2581,11.39642
2618,2581,13.063598
2593,2582,11.314505
2605,2583,8.617907
2627,2583,13.280098
2589,2584,8.987423
2628,2584,13.327994
2616,2585,12.099072
2599,2586,7.019212
2608,2586,9.99297
2613,2586,14.54829
2596,2587,10.717419
2594,2588,11.494212
2595,2588,9.081774
2597,2588,6.561426
2618,2588,14.494828
2621,2588,11.009011
2624,2588,12.685566
2602,2589,9.937439
2620,2589,9.720039
2628,2589,13.966809
2600,2590,10.121811
2625,2590,11.651514
2598,2591,9.948862
2639,2591,13.99752
2640,2592,11.693759
2597,2594,5.9042583
2617,2594,10.534244
2618,2594,6.6329193
2621,2594,11.075124
2654,2594,14.817404
2597,2595,13.874942
2621,2595,13.876546
2624,2595,10.795357
2614,2596,11.473882
2618,2597,7.9781647
2621,2597,7.0326295
2624,2597,11.85535
2608,2599,11.661446
2609,2599,14.759931
2613,2599,8.259191
2637,2599,13.794143
2642,2599,9.548226
2602,2600,10.647067
2625,2600,14.87418
2633,2600,10.716457
2655,2600,13.463325
2607,2601,14.048529
2622,2601,11.971124
2626,2601,9.564233
2646,2601,10.584289
2620,2602,8.279264
2633,2602,8.822217
2606,2603,8.759814
2615,2603,5.6394253
2629,2603,12.051289
2634,2603,11.580992
2641,2603,9.242846
2636,2604,8.936222
2627,2605,8.1813
2661,2605,14.32934
2612,2606,10.510251
2615,2606,14.086128
2634,2606,8.398664
2641,2606,13.39874
2651,2606,13.892411
2612,2607,12.047698
2626,2607,10.06593
2635,2607,10.6091385
2652,2607,10.865004
2637,2608,8.614533
2613,2609,6.884438
2631,2609,7.1216674
2642,2609,14.8892
2647,2609,13.639959
2632,2610,6.0752983
2660,2610,13.146885
2638,2611,10.352727
2645,2611,13.967141
2634,2612,12.760663
2635,2612,8.369496
2651,2612,10.674456
2631,2613,10.330568
2642,2613,8.995802
2619,2614,10.200965
2649,2614,10.027041
2629,2615,6.582411
2634,2615,14.454304
2641,2615,8.001858
2656,2615,13.645957
2659,2615,11.350276
2669,2616,13.641286
2618,2617,8.552684
2631,2617,14.207856
2647,2617,8.03085
2654,2617,9.838047
2621,2618,7.8680573
2624,2618,14.21394
2647,2618,14.885291
2654,2618,8.470693
2663,2618,12.369243
2643,2619,9.393608
2649,2619,7.7465987
2671,2619,13.165572
2675,2619,13.739629
2628,2620,10.981858
2633,2620,10.922667
2624,2621,6.3850136
2654,2621,12.816673
2663,2621,9.589249
2646,2622,7.9833126
2664,2622,8.986701
2636,2623,13.263627
2666,2623,11.382469
2663,2624,10.734534
2683,2624,11.291826
2648,2625,11.06771
2655,2625,12.216601
2674,2625,10.179253
2646,2626,9.975705
2652,2626,8.4177265
2685,2626,11.63831
2648,2627,7.7212324
2661,2627,9.611936
2641,2629,9.1852665
2656,2629,7.076139
2659,2629,7.17158
2684,2629,12.041209
2642,2631,14.339548
2647,2631,8.806339
2677,2631,10.079832
2660,2632,8.264152
2667,2632,9.8485365
2673,2632,9.395708
2655,2633,9.454941
2641,2634,9.037757
2651,2634,8.447311
2651,2635,8.400905
2652,2635,8.909911
2668,2635,8.418667
2666,2636,11.4937
2681,2636,10.221454
2642,2637,11.999397
2682,2637,8.998055
2702,2637,13.847476
2639,2638,9.472341
2657,2638,13.123932
2676,2638,9.788271
2679,2638,10.803927
2690,2638,10.443144
2658,2639,10.030501
2679,2639,9.623425
2688,2639,11.118649
2690,2639,13.99846
2701,2640,13.514692
2656,2641,13.897658
2659,2641,7.5081725
2684,2641,14.965693
2682,2642,10.504698
2692,2642,11.417114
2649,2643,12.091348
2662,2643,9.134825
2671,2643,13.285752
2675,2643,7.6163054
2686,2643,10.22474
2711,2643,14.208705
2645,2644,11.036567
2653,2644,9.240578
2665,2644,6.095031
2678,2644,9.182235
2687,2644,12.023996
2704,2644,12.470411
2657,2645,6.965536
2665,2645,9.140007
2676,2645,13.140643
2687,2645,9.408582
2700,2645,12.055819
2664,2646,8.902066
2685,2646,10.766188
2699,2646,12.664272
2654,2647,10.770891
2677,2647,8.813736
2661,2648,13.0089655
2674,2648,10.660833
2695,2648,11.854351
2670,2649,9.462665
2671,2649,6.390442
2675,2649,11.558001
2710,2649,13.929564
2653,2650,13.563725
2662,2650,8.005498
2686,2650,13.193477
2693,2650,14.805761
2668,2651,9.775083
2668,2652,9.326742
2685,2652,12.148437
2694,2652,9.296448
2665,2653,12.721031
2678,2653,6.908454
2693,2653,9.292152
2704,2653,13.270176
2663,2654,9.850598
2697,2654,9.875535
2722,2654,14.889975
2674,2655,13.833822
2703,2655,10.039226
2659,2656,7.5424743
2684,2656,6.7035713
2728,2656,14.616781
2665,2657,12.853748
2676,2657,6.477487
2687,2657,9.272563
2690,2657,13.00659
2700,2657,7.827484
2708,2657,8.80471
2720,2657,12.646291
2731,2657,12.732396
2672,2658,11.415742
2679,2658,12.684892
2688,2658,8.211869
2698,2658,8.360625
2709,2658,12.382404
2733,2658,14.831291
2684,2659,7.492356
2718,2659,11.995652
2661,2660,8.259688
2667,2660,12.334704
2673,2660,3.2989833
2729,2660,14.665565
2673,2661,9.728746
2695,2661,11.276278
2737,2661,14.69317
2675,2662,11.215176
2686,2662,5.6517997
2711,2662,13.846425
2683,2663,9.8872385
2697,2663,11.498882
2722,2663,10.571394
2723,2663,12.616564
2685,2664,14.387433
2689,2664,9.415927
2699,2664,9.416507
2719,2664,11.621531
2678,2665,8.751555
2687,2665,6.047585
2700,2665,11.983052
2704,2665,8.417025
2720,2665,12.475213
2735,2665,13.776838
2681,2666,7.9378896
2706,2666,10.732484
2673,2667,10.363038
2729,2667,10.136118
2694,2668,9.751813
2727,2668,10.633479
2725,2669,14.833689
2671,2670,7.4596767
2696,2670,6.522957
2710,2670,9.916138
2714,2670,14.360795
2726,2670,10.558374
2675,2671,8.760489
2696,2671,13.209976
2710,2671,7.6141458
2711,2671,12.391094
2726,2671,13.442812
2698,2672,12.401882
2709,2672,7.19751
2712,2672,12.304181
2715,2672,8.69631
2751,2672,14.536963
2729,2673,11.376164
2695,2674,13.139186
2703,2674,13.2312
2713,2674,8.550171
2724,2674,11.273551
2686,2675,7.926399
2710,2675,11.971568
2711,2675,7.107427
2679,2676,11.909317
2687,2676,14.601433
2690,2676,6.5321307
2700,2676,10.614171
2708,2676,7.3447137
2731,2676,12.350663
2739,2676,13.072693
2717,2677,11.742054
2732,2677,10.568999
2736,2677,13.985774
2687,2678,13.012347
2693,2678,7.226313
2704,2678,6.383181
2735,2678,14.678488
2688,2679,6.403339
2690,2679,6.039783
2698,2679,12.306018
2691,2680,6.8538666
2705,2680,10.217467
2716,2680,7.064406
2749,2681,14.94742
2692,2682,7.244577
2702,2682,9.134822
2722,2683,13.383981
2723,2683,10.81851
2718,2684,8.898075
2728,2684,8.9661665
2747,2684,14.322523
2694,2685,9.49961
2699,2685,9.241446
2738,2685,12.444656
2711,2686,8.362421
2752,2686,14.685293
2700,2687,5.987828
2704,2687,9.328689
2708,2687,11.659813
2720,2687,6.9805527
2731,2687,11.935278
2735,2687,10.343385
2743,2687,12.644671
2690,2688,12.006309
2698,2688,5.9517536
2709,2688,14.01181
2733,2688,10.369042
2699,2689,13.866259
2705,2689,9.704538
2719,2689,7.886435
2721,2689,6.775989
2708,2690,10.538982
2731,2690,14.866653
2739,2690,11.597276
2706,2691,8.66599
2716,2691,8.4509735
2740,2691,10.132368
2702,2692,13.235193
2704,2693,10.762212
2727,2694,8.53262
2724,2695,7.635719
2737,2695,10.791532
2744,2695,9.622905
2710,2696,12.067039
2714,2696,7.9972744
2726,2696,7.7165914
2745,2696,14.819736
2746,2696,9.9662075
2717,2697,9.785816
2722,2697,7.4392357
2723,2697,12.967244
2741,2697,9.329124
2755,2697,13.234868
2709,2698,8.185774
2733,2698,6.470956
2751,2698,14.644295
2760,2698,13.627346
2719,2699,9.496559
2738,2699,9.752375
2748,2699,10.415346
2704,2700,13.8753605
2708,2700,5.8166175
2720,2700,4.9738417
2731,2700,6.3757033
2735,2700,10.91811
2739,2700,13.378251
2743,2700,9.501661
2761,2701,13.719037
2713,2703,8.742365
2720,2704,11.080241
2735,2704,8.29753
2743,2704,14.729899
2759,2704,13.590949
2716,2705,8.103884
2719,2705,14.329931
2721,2705,7.627625
2740,2706,10.273799
2773,2706,14.871501
2714,2707,12.290704
2725,2707,11.878628
2745,2707,12.7653475
2753,2707,9.717558
2720,2708,9.32841
2731,2708,5.006752
2739,2708,8.364571
2743,2708,11.20143
2712,2709,13.538443
2715,2709,7.650161
2733,2709,9.739056
2751,2709,8.68421
2711,2710,10.770623
2726,2710,7.924442
2746,2710,13.995882
2750,2710,8.788867
2781,2710,14.587862
2752,2711,14.686375
2758,2711,11.048905
2715,2712,6.0204005
2730,2712,7.749677
2751,2712,13.020863
2766,2712,12.521195
2724,2713,10.030626
2771,2713,13.969685
2726,2714,12.190531
2745,2714,8.398271
2746,2714,9.61899
2730,2715,13.041316
2751,2715,8.295512
2766,2715,12.539535
2721,2716,14.746177
2740,2716,10.827234
2770,2716,14.013953
2732,2717,5.920382
2736,2717,13.704019
2741,2717,7.3018274
2728,2718,9.614466
2747,2718,13.370403
2772,2718,13.112967
2721,2719,7.0842075
2738,2719,14.901708
2748,2719,9.6958475
2774,2719,12.647082
2731,2720,6.706456
2735,2720,6.083709
2739,2720,14.756882
2743,2720,5.6699767
2759,2720,10.720146
2777,2720,12.01971
2774,2721,13.020515
2723,2722,5.538169
2741,2722,11.163083
2755,2722,9.756752
2756,2722,13.760262
2755,2723,10.775161
2756,2723,8.749641
2737,2724,14.1755
2744,2724,7.0817037
2765,2724,14.832972
2771,2724,11.990134
2753,2725,11.138247
2763,2725,9.032194
2745,2726,14.927509
2746,2726,6.14929
2750,2726,7.442954
2776,2726,11.069398
2781,2726,14.409392
2762,2727,8.453925
2790,2727,14.820933
2747,2728,5.356995
2769,2728,12.253338
2772,2728,12.14964
2742,2729,12.325052
2764,2729,11.938848
2766,2730,11.739605
2767,2730,11.446132
2795,2730,14.460599
2735,2731,11.781988
2739,2731,8.05049
2743,2731,6.4479523
2759,2731,14.006008
2777,2731,12.036633
2793,2731,14.624127
2804,2731,14.247783
2736,2732,7.7919307
2741,2732,12.004143
2768,2732,10.920897
2788,2732,12.696661
2751,2733,11.77762
2760,2733,7.157644
2786,2733,13.351948
2794,2733,14.792276
2743,2735,6.9173894
2759,2735,6.199964
2777,2735,10.429619
2810,2735,13.9367285
2768,2736,5.6187468
2779,2736,11.512956
2788,2736,12.515461
2796,2736,11.643553
2744,2737,9.077875
2764,2737,12.3968525
2765,2737,9.140378
2817,2737,14.894381
2748,2738,7.4806824
2778,2738,8.766727
2791,2738,14.902026
2743,2739,13.08478
2793,2739,10.9696865
2770,2740,7.462118
2773,2740,13.306923
2801,2740,12.879997
2755,2741,7.9089656
2756,2742,12.1199465
2816,2742,12.808537
2759,2743,7.5770535
2777,2743,6.5733604
2804,2743,11.006795
2810,2743,12.100438
2765,2744,7.7810693
2771,2744,11.368214
2746,2745,9.223477
2753,2745,12.641225
2776,2745,14.957072
2750,2746,10.3053
2776,2746,8.684902
2818,2746,12.068967
2769,2747,7.0950947
2772,2747,9.712651
2800,2747,10.60657
2805,2747,11.399612
2819,2747,14.476825
2774,2748,11.205252
2778,2748,11.4953165
2820,2748,12.057948
2773,2749,10.54659
2814,2749,13.770375
2815,2749,9.86054
2776,2750,8.063668
2781,2750,7.0421033
2803,2750,13.966314
2818,2750,11.908915
2760,2751,12.528279
2766,2751,10.226817
2782,2751,8.561489
2786,2751,9.349909
2811,2751,13.1612835
2758,2752,9.715931
2785,2752,12.755526
2797,2752,9.9476185
2798,2752,9.851614
2763,2753,11.285525
2756,2755,13.092217
2763,2757,10.868312
2780,2757,10.257245
2781,2758,12.401674
2797,2758,9.197039
2798,2758,14.567364
2803,2758,8.8238325
2777,2759,6.1410007
2792,2759,11.819665
2804,2759,12.172469
2810,2759,7.906973
2782,2760,14.944357
2786,2760,8.607387
2794,2760,9.029644
2769,2761,13.626928
2787,2761,7.040215
2799,2761,9.46601
2819,2761,12.010939
2790,2762,6.643833
2791,2762,11.287437
2765,2764,13.958841
2817,2764,8.490386
2771,2765,14.380122
2817,2765,10.540638
2782,2766,7.413234
2786,2766,13.87935
2795,2766,6.760886
2811,2766,6.287109
2812,2766,14.310109
2795,2767,12.710677
2812,2767,6.620886
2813,2767,8.886926
2779,2768,8.030812
2788,2768,8.517491
2796,2768,6.0284457
2772,2769,12.711221
2787,2769,10.14694
2800,2769,5.048737
2805,2769,11.103956
2819,2769,7.4389005
2773,2770,14.908124
2783,2770,11.376209
2801,2770,5.4528537
2807,2771,9.794522
2800,2772,12.09428
2805,2772,5.3080645
2814,2773,5.7904124
2815,2773,11.655101
2783,2774,14.080736
2820,2774,6.082365
2784,2775,9.045959
2789,2775,11.424222
2809,2775,5.8550816
2781,2776,9.46509
2818,2776,4.2464395
2793,2777,13.170194
2804,2777,6.1147223
2810,2777,5.7968984
2791,2778,8.146707
2788,2779,14.536298
2796,2779,7.57046
2806,2779,7.235255
2784,2780,10.064115
2803,2781,7.4753275
2818,2781,11.185917
2786,2782,6.8609138
2795,2782,10.812256
2811,2782,5.63958
2801,2783,8.278561
2809,2784,13.474123
2792,2785,10.792119
2797,2785,14.128101
2798,2785,7.4056993
2794,2786,14.693261
2811,2786,12.117704
2799,2787,10.749062
2800,2787,10.550134
2819,2787,5.4163666
2796,2788,7.543589
2808,2789,10.002489
2809,2789,7.2594867
2791,2790,13.343126
2810,2792,12.25642
2804,2793,8.231853
2811,2795,5.6924806
2812,2795,8.875433
2806,2796,13.407243
2798,2797,6.8479614
2803,2797,11.036453
2805,2800,8.494306
2819,2800,5.620585
2806,2802,10.512793
2810,2804,7.9532356
2819,2805,13.989034
2812,2811,14.49307
2813,2812,8.795892
2815,2814,10.003124
