Object,Neighbor,Distance
1,19,9.213441
2,13,9.837375
2,16,8.250627
3,8,11.4763
4,15,14.391765
5,7,13.575644
6,10,11.017609
6,17,10.657496
6,20,8.901226
7,32,14.785257
8,28,12.754592
9,26,14.255672
10,17,6.2996893
10,20,11.131108
10,21,8.508391
11,35,14.179422
12,23,9.974979
13,16,7.7611647
17,20,5.8409653
17,21,7.5172157
19,45,14.40959
20,21,12.958017
20,26,14.077316
21,34,12.091029
23,47,11.045841
24,29,9.478991
25,33,14.035664
27,30,13.433192
27,39,12.788839
27,42,9.769903
27,49,10.061478
27,52,11.928533
28,40,8.052293
28,50,11.069626
29,60,11.104976
30,37,9.134466
30,42,6.87202
30,49,12.690289
30,58,13.255255
30,65,11.032026
31,46,12.712433
31,66,13.58729
32,36,10.527499
32,57,11.291242
33,61,10.319532
35,46,10.871034
35,56,11.803974
36,41,10.725592
36,51,9.398788
36,57,9.475277
37,42,14.952872
37,48,12.136792
37,58,8.422248
37,65,11.823544
38,43,6.841104
38,54,7.787278
38,64,13.20313
38,72,13.741467
39,44,9.067168
39,52,11.862241
39,55,8.102166
40,50,5.798926
41,51,8.196626
41,64,13.315657
42,49,5.8202615
42,52,11.335999
42,65,10.434229
42,73,10.561054
43,54,11.286227
43,72,10.114499
43,77,12.401193
44,53,6.5745826
44,55,9.597425
44,78,14.237669
44,87,13.75588
46,56,5.1023974
46,66,9.448221
46,86,13.631525
47,68,12.474998
48,58,10.720189
48,69,10.236451
48,76,9.353607
49,52,5.6127305
49,55,14.637481
49,65,12.948599
49,73,8.976772
49,89,12.539737
49,90,14.166198
51,57,9.640875
51,81,10.660813
52,55,9.140343
52,73,11.864896
52,84,12.919813
52,89,10.970114
52,90,10.298098
53,55,14.726197
53,78,9.025301
53,87,13.243729
54,64,5.8166666
54,72,11.385642
54,82,11.840819
55,84,8.875417
55,87,11.994804
55,90,11.421196
56,66,9.356847
56,86,9.891441
58,65,7.04377
58,73,14.673034
58,76,8.747479
58,83,9.256604
59,62,11.111399
59,85,11.80442
61,70,14.670595
61,79,9.899834
62,85,9.88545
63,94,14.635558
63,102,13.231279
64,81,11.1997385
64,82,6.856561
65,73,7.8087606
65,76,14.131385
65,83,9.117914
65,95,13.195923
66,86,8.543083
68,74,7.6356535
68,91,8.324735
69,76,12.535843
69,93,7.933565
69,100,13.082941
70,79,8.552661
71,106,12.448019
72,77,6.4366446
72,92,13.403689
73,83,12.375301
73,89,8.964216
73,90,13.792205
73,95,9.427833
74,80,7.7270904
74,91,5.839094
74,105,13.516185
75,97,10.350652
76,83,9.0442095
76,100,11.145534
77,92,7.6795945
78,87,10.288556
78,94,9.74656
78,114,13.565019
80,91,9.860916
80,105,8.117011
80,111,13.268741
80,115,13.758245
81,82,7.4938583
82,107,10.079847
83,95,9.943401
83,116,13.080665
84,87,8.093594
84,89,11.868626
84,90,6.222419
84,101,7.5362678
86,104,11.55862
87,90,14.292869
87,101,7.120179
87,114,13.97824
89,90,5.646914
89,95,10.699378
89,110,10.083171
90,101,11.895805
90,110,12.056863
91,105,11.726706
91,115,11.516568
93,100,9.465001
93,108,8.372695
94,102,8.274728
94,114,13.64586
94,119,12.657771
95,110,11.512071
95,116,11.272782
97,117,10.412429
97,133,14.914944
98,106,7.175959
98,127,13.401687
99,118,13.664191
100,108,13.747341
101,114,13.744821
102,119,12.378828
102,121,11.567646
105,111,7.018329
105,115,7.30257
106,112,10.721709
106,122,11.449454
106,127,10.959718
108,126,9.328911
109,130,13.430986
110,128,9.877919
111,115,11.83462
112,122,5.7913947
112,127,14.016998
112,149,14.984249
113,135,13.790871
113,143,14.749575
114,119,10.936754
114,137,10.983133
116,128,13.852705
116,146,13.900313
116,148,12.1596155
117,132,6.8867803
117,133,7.9279194
117,145,12.912419
119,121,12.426678
119,137,8.796292
119,140,8.855586
120,142,12.229214
120,152,10.131866
121,140,11.000709
121,142,12.069859
121,173,13.825011
122,127,9.568086
122,149,11.948127
122,150,14.870113
123,124,10.657588
123,129,5.1855764
124,125,11.611136
124,129,6.1187186
124,153,10.811574
125,144,6.56671
125,153,8.3676195
125,158,13.844272
125,166,12.016004
126,151,7.702099
126,155,12.082608
126,161,11.049413
127,143,13.720561
127,150,8.001849
128,148,10.458833
129,153,14.780545
130,156,7.0088243
130,159,13.857864
132,133,6.6807227
132,145,6.8333716
133,145,12.991409
134,163,10.178858
134,164,8.300746
136,139,11.227924
136,160,6.6641507
136,176,11.601252
137,140,10.063141
137,157,9.909083
137,178,13.118977
138,141,11.916745
138,147,5.4298615
138,170,7.3825912
139,176,10.202031
140,173,10.312166
140,178,9.0865345
141,147,7.4588685
141,165,11.9709425
141,170,11.3567505
142,152,9.650389
142,173,12.042084
142,186,13.514093
143,150,10.269253
143,168,5.588768
143,188,12.816799
144,153,8.076404
144,158,7.5599837
144,166,5.822206
144,187,14.765519
146,148,10.66183
146,155,9.619031
146,183,10.82399
147,170,4.8426933
148,193,13.691821
149,184,9.42666
150,168,8.70901
150,181,8.597634
150,188,12.630933
151,155,12.873391
151,161,7.7374287
151,182,8.462646
152,162,9.78509
152,179,11.404454
152,192,12.434753
153,158,14.405171
153,166,9.358307
153,187,9.350413
154,171,10.839956
154,172,5.1310115
155,161,6.699231
155,182,14.258131
155,183,9.783327
156,159,9.336594
156,180,12.664001
156,199,13.410135
157,169,13.905412
157,197,14.674137
157,202,13.437112
158,166,5.995766
158,175,12.735496
158,205,13.726224
160,171,10.407303
160,176,10.614465
161,182,7.6474695
161,183,10.707394
161,204,13.620858
161,215,14.187784
162,174,8.891181
162,179,5.945547
162,192,12.546029
163,164,8.050528
163,196,12.496971
163,214,14.113971
164,191,14.311502
164,196,9.934658
165,177,6.571115
165,207,13.326315
166,187,11.711985
166,205,12.212862
167,175,12.327868
167,194,9.297126
168,181,13.125766
168,188,7.307167
168,203,13.736196
169,189,14.133072
169,202,13.411541
170,216,13.1952
171,172,6.08905
171,219,13.996806
172,211,13.059623
173,178,9.938856
173,186,7.693216
174,177,10.593001
174,179,10.385281
174,201,13.163397
174,225,13.418661
175,194,14.436788
176,217,11.154902
177,201,9.689101
177,207,11.162123
178,197,9.696305
179,192,7.455042
179,225,12.036449
180,199,8.809147
180,206,7.6644483
180,209,13.619757
181,184,10.673026
181,188,11.824913
181,213,10.081095
181,232,14.357641
182,183,14.552077
182,204,13.14986
182,215,8.064743
183,200,9.6948185
183,204,7.5640287
184,213,8.701972
184,236,13.943009
185,187,10.596573
185,198,12.263835
186,218,8.444541
186,238,13.982049
188,203,9.2674
188,229,9.569528
189,193,11.781271
191,196,12.1944475
191,222,8.015267
191,237,12.018436
192,218,12.14511
192,225,14.115534
192,233,10.725413
193,200,10.120597
194,223,8.1923
195,221,10.6652355
195,224,10.848694
196,214,14.865463
196,237,14.148114
196,241,14.083859
196,255,14.906143
197,202,14.285699
197,228,8.428556
198,226,11.839728
199,206,8.074519
199,210,8.3647995
199,239,10.604797
199,244,11.18757
200,204,10.603912
200,252,13.6089325
201,207,8.360943
201,225,11.728585
201,242,14.2690115
201,264,13.913291
202,228,12.824326
202,230,12.527784
203,227,8.926252
203,229,11.470767
203,231,6.5214367
203,245,10.141249
203,260,14.3345995
204,215,10.4002905
204,246,10.813639
204,252,13.167147
206,209,9.593733
206,239,9.147379
206,243,13.214404
206,244,12.326945
207,208,9.146373
207,242,8.746556
208,216,7.8968925
208,226,14.718106
208,234,8.842468
208,242,11.283421
208,257,13.646
209,223,12.338694
209,235,9.816117
209,243,8.666299
209,258,14.645631
210,239,13.498688
210,240,11.577958
210,244,11.305362
211,219,13.541196
211,254,13.331081
212,259,14.654202
213,229,14.805902
213,232,8.047435
213,236,6.8253536
213,261,13.958859
214,241,10.584317
215,246,11.0211
216,226,6.885768
216,234,5.9267025
216,257,12.536004
217,219,13.03323
217,248,9.49883
218,233,11.269455
218,238,11.370473
219,248,13.12072
219,254,13.534081
222,237,8.869166
223,235,7.1692815
223,243,14.386823
223,258,12.116028
224,249,9.96317
225,233,14.710035
225,264,14.9311075
226,234,9.175549
226,257,14.190972
226,272,13.458264
227,231,5.442103
227,245,12.057925
227,253,9.970562
227,260,11.674699
228,256,13.042298
229,231,13.768896
229,232,8.949125
229,245,10.063436
229,251,6.8824735
229,277,14.86005
230,262,10.147763
230,263,11.229054
231,245,6.7318883
231,253,11.226451
231,260,8.326039
232,236,7.472225
232,251,9.491901
232,261,9.112193
233,284,12.248647
234,242,11.815951
234,257,6.6176953
234,272,12.250362
235,243,7.740269
235,258,5.992143
236,261,8.005772
237,255,10.782203
237,275,13.296425
237,288,13.001025
238,256,10.235889
238,280,10.945026
239,243,13.500756
239,244,4.0144897
241,255,9.651335
241,271,13.421621
241,282,10.554661
242,257,10.136073
242,264,14.407677
242,278,9.515268
243,258,8.623889
245,251,9.271525
245,253,14.19243
245,260,6.494371
245,277,13.312958
246,252,9.276193
246,283,14.219579
247,250,11.736881
247,270,12.903447
247,285,9.580809
248,276,10.182402
248,279,9.687615
250,285,12.27191
250,286,12.286424
250,290,11.5234
251,260,14.449479
251,261,12.749719
251,277,7.985903
252,269,10.5287895
253,260,8.922902
253,271,9.996681
254,274,7.7971096
254,276,13.056066
254,291,10.940515
255,282,10.964398
255,287,9.53879
255,288,11.098549
256,280,10.5138645
256,292,10.104512
257,272,9.5663805
257,278,10.194245
257,303,14.394273
259,267,9.87308
260,299,12.478657
261,277,13.096648
261,289,7.955669
261,298,11.684913
262,263,9.074138
262,265,9.904091
262,293,9.461255
262,300,14.180475
263,293,9.676341
265,269,14.10698
265,300,10.861912
266,273,7.204987
266,281,8.547859
267,298,13.504675
267,301,11.602267
268,270,14.878805
269,321,14.476665
270,285,13.957414
270,297,8.907899
270,310,11.513578
271,282,11.491332
272,286,13.636713
272,315,14.32574
273,281,14.256295
274,291,12.516176
274,304,10.316154
275,283,9.759362
275,288,11.36804
275,305,12.839741
276,279,10.456899
276,291,6.7354317
276,308,10.248759
276,314,12.030024
277,289,10.88716
277,299,10.585201
277,311,10.911589
277,328,13.42257
278,303,9.763781
278,313,10.835516
278,315,14.355406
278,326,13.3979645
279,308,10.452587
279,316,11.703597
280,292,7.704244
280,309,9.244141
282,287,9.651743
283,296,7.4126916
283,305,9.98692
283,320,13.997398
284,325,13.470614
284,329,14.588189
285,290,11.259032
285,297,11.039019
285,306,9.356388
286,290,7.746199
287,288,7.165823
287,312,7.499152
288,312,9.335272
289,298,8.332113
289,311,7.3931503
289,317,13.186181
289,324,9.838346
289,328,14.253269
290,306,11.096111
290,330,10.989013
291,304,10.233847
291,308,12.297417
291,314,8.715422
291,335,13.733555
292,309,11.055876
292,336,14.417977
293,300,12.217254
293,322,10.411678
294,327,14.092649
294,332,12.383642
295,323,12.167908
296,302,9.415958
296,305,8.366126
296,320,6.857717
296,347,14.79975
297,306,11.874439
297,310,8.722779
298,301,6.978536
298,311,13.00176
298,317,7.584893
298,324,10.250173
298,337,13.875768
299,318,9.901262
299,328,12.348121
299,346,13.658187
300,321,14.436363
300,322,12.750644
300,334,9.080207
301,317,6.863464
301,324,13.803704
301,337,10.731693
302,320,9.159846
303,313,8.898493
303,315,5.0653787
303,326,5.395549
303,333,11.096008
304,314,11.668262
304,335,9.917436
305,320,9.778957
305,347,10.441873
306,330,7.4509273
306,359,12.433738
307,319,5.8367276
307,323,9.00469
307,349,11.5808325
307,358,14.725995
308,314,8.702648
308,316,8.801879
308,352,14.873176
308,353,12.800159
309,325,11.729984
309,336,8.994881
311,317,13.846859
311,324,6.7519875
311,328,6.989673
311,350,13.228859
312,338,10.499596
312,360,13.008106
313,315,13.181117
313,326,6.88955
314,335,7.4925547
314,353,10.70162
315,326,7.345813
315,333,6.334819
315,357,14.139881
316,352,9.698984
317,324,7.7635016
317,337,6.402853
317,350,9.754216
318,340,8.10821
318,346,14.082341
318,374,14.916797
319,323,12.993342
319,349,12.041229
319,358,10.287101
320,347,10.07915
320,361,12.415592
320,370,14.93066
321,334,13.984709
322,334,9.880749
322,343,6.7934146
322,380,14.606398
323,349,7.53693
324,328,11.074363
324,337,11.68435
324,350,7.5255985
325,329,7.4580655
325,331,13.2560625
325,376,14.92685
326,333,10.945702
327,341,10.897684
327,362,11.155544
328,346,8.194084
328,350,14.299927
328,379,14.094202
329,331,5.8531303
329,354,12.210957
329,376,13.491566
330,359,10.823553
331,354,7.2346025
331,376,14.106657
332,367,10.8002405
333,348,9.818576
333,357,7.8083477
333,381,12.308617
334,343,14.273945
334,364,9.813786
334,380,14.327719
335,353,11.08819
335,387,13.957941
337,350,8.746493
337,384,13.290596
337,396,12.508655
338,360,12.498546
338,363,10.3099
340,351,8.022778
340,374,13.19088
341,356,12.895925
341,362,7.902418
341,366,9.581317
341,392,14.685221
342,373,7.6696563
343,344,11.72092
343,380,11.257528
343,391,11.87358
344,391,12.374797
346,374,11.208144
346,379,8.527272
346,404,13.861476
347,361,13.496598
347,363,10.637744
347,370,5.992848
347,385,10.710294
347,393,11.896289
348,357,5.052027
348,368,9.275303
348,381,13.156623
348,407,14.373827
349,358,11.017903
349,383,9.862642
350,384,8.5894
350,396,13.560596
351,375,12.0161915
351,388,10.436944
352,353,12.320785
352,390,9.348015
353,390,14.53583
353,398,11.156476
354,376,12.928996
354,377,9.831117
355,356,9.577577
355,365,9.757969
355,386,9.680005
355,400,11.5383215
356,366,9.617355
356,400,12.159108
356,401,11.307086
357,368,12.332716
357,381,8.246882
357,407,13.089302
358,383,11.417671
358,395,9.802905
359,382,8.846508
359,389,10.557241
359,408,13.291219
360,375,11.912737
360,405,13.345521
360,411,13.424069
361,370,13.114252
361,393,12.083884
362,366,8.955621
362,378,12.549804
362,392,7.3451223
363,370,9.682634
363,385,8.67136
363,393,14.713734
363,405,13.439934
363,406,9.246274
364,380,11.578633
365,386,6.4687448
365,394,10.568302
365,400,14.954221
365,415,12.4312105
365,417,12.240299
366,392,10.530478
366,401,7.8101482
367,378,8.625226
367,397,6.819252
367,409,9.610673
368,382,14.199007
368,407,11.072658
369,389,11.487658
369,394,9.235786
369,422,11.914863
370,385,5.2391434
370,393,6.4115367
370,406,11.32793
370,431,14.131484
371,377,13.019762
371,412,12.791307
371,421,12.302471
372,420,13.5539465
372,433,14.033035
374,379,11.388956
374,404,12.416017
374,416,14.134765
375,388,9.695618
375,411,12.876231
375,429,14.042019
376,403,12.022035
377,412,9.867833
378,392,11.345076
378,397,7.0911074
378,409,13.756036
378,423,12.61044
378,435,14.689119
379,404,5.7085643
379,434,12.928508
380,391,13.988489
381,407,12.655293
381,425,10.6405525
382,389,11.581352
382,408,6.02609
382,446,14.791317
383,395,13.3833275
383,418,10.565059
383,426,10.122806
384,396,8.331384
384,414,9.993592
384,427,10.210635
385,393,6.593278
385,406,6.2827244
385,430,14.61765
385,431,10.670327
386,394,13.678133
386,400,9.111722
386,415,7.0302815
386,417,10.620988
386,440,12.16839
387,398,12.277481
388,416,12.197105
388,429,9.514189
389,408,10.569714
389,422,11.158059
389,446,13.271006
390,398,13.348739
390,447,11.879723
391,419,9.577209
392,401,14.330968
392,423,8.417025
392,437,14.34419
392,438,10.192762
392,441,14.213295
393,406,11.968487
393,424,10.629845
393,431,8.988631
394,415,14.888106
394,417,8.697467
394,422,13.220615
395,413,8.697543
395,426,12.191234
395,454,13.434933
396,414,14.456834
396,427,9.597394
396,450,13.327568
396,460,14.108582
397,409,6.7575374
397,423,14.227697
397,435,9.116369
397,441,13.865475
399,432,12.338719
399,459,11.871992
399,461,13.936101
400,401,8.956668
400,415,10.39453
400,440,10.709276
400,452,11.278527
401,437,10.236088
401,438,14.580967
401,452,13.568771
402,428,13.309096
402,436,10.45516
403,410,13.242681
403,443,11.048924
403,463,14.959015
404,414,13.166108
404,434,7.2718225
404,448,13.168734
405,406,11.442929
405,411,11.997514
405,430,7.509303
405,457,11.336721
406,430,8.353744
406,431,11.36912
406,458,12.333012
407,425,10.471933
407,456,10.720281
408,446,8.824244
409,435,8.611066
410,443,9.693252
411,429,11.194262
411,444,7.8207245
411,465,12.667987
412,421,12.621677
412,445,6.6219907
413,433,11.668615
413,454,10.085881
413,464,12.173973
414,427,7.3161683
414,434,12.492939
414,448,6.43391
414,460,13.618809
414,472,11.692047
415,417,7.6584764
415,440,6.1178637
415,452,12.5212145
415,453,9.67782
416,455,9.883086
416,467,11.845225
417,440,12.606394
417,453,8.003197
418,426,10.799293
418,442,8.252471
418,466,11.094922
419,439,10.116414
420,433,9.959854
420,476,11.331896
421,445,13.030701
421,451,14.46677
421,468,9.121109
422,446,13.650416
422,481,14.792109
423,435,13.608831
423,437,13.933592
423,438,6.7529387
423,441,5.901676
424,431,9.257383
424,461,11.953028
424,479,13.182579
425,451,6.315128
425,456,12.060114
425,475,12.190444
425,480,12.384948
426,454,11.830091
426,466,10.021751
426,487,13.936902
427,448,11.59989
427,450,12.581959
427,460,7.538662
427,472,11.193628
427,482,12.8027115
429,444,8.138704
429,467,12.664215
430,457,7.3450828
430,458,11.906871
430,465,14.945511
431,458,8.079544
431,479,13.296192
432,459,10.0221815
432,462,9.174227
433,464,8.395211
433,476,13.70937
434,448,8.948086
434,484,12.150389
435,441,9.517294
437,438,7.3161798
437,452,12.169159
437,478,13.231121
437,486,10.412775
438,441,10.407382
438,486,12.843183
438,493,13.646221
439,474,9.613051
440,452,6.9589295
440,453,10.382526
440,478,13.420437
440,485,10.631967
441,491,10.540319
441,493,14.854897
442,466,13.469339
442,470,10.458762
442,488,13.526488
442,500,14.007833
443,463,13.424255
443,494,14.657931
444,465,9.379247
444,489,10.007377
445,468,13.414024
445,483,10.746575
446,481,13.611541
446,498,14.456701
447,471,9.460689
447,473,13.862507
448,472,8.711177
448,482,14.908071
448,484,8.938305
449,463,11.176224
449,483,13.93505
450,460,8.077705
450,482,13.712156
451,456,13.706507
451,468,14.023703
451,475,6.0869584
451,480,8.7961035
451,503,13.163626
452,478,8.0563545
452,485,11.832962
452,507,14.044365
453,485,11.428068
453,492,11.221881
453,520,14.472624
454,464,12.63964
454,487,10.894072
454,495,10.31144
455,467,11.460105
455,506,10.879122
456,469,8.27045
456,480,10.095818
456,513,13.486923
457,458,14.600536
457,465,8.38316
457,496,10.717348
458,479,13.295443
458,490,8.032595
459,461,7.5432916
459,462,13.9520445
459,499,13.175554
459,502,12.234754
460,472,9.60434
460,482,7.046063
461,479,13.964883
461,502,10.708574
462,477,9.811477
462,499,11.377346
463,494,8.513063
463,509,11.954254
464,476,14.423823
464,495,12.147921
464,517,12.835284
465,489,10.312191
465,496,13.320887
466,487,9.846381
466,488,7.263571
466,500,14.322606
466,530,14.355434
467,515,12.800463
467,522,12.431505
468,475,12.328183
469,498,14.015467
469,510,11.287545
469,513,13.617999
470,500,13.412855
470,526,14.15248
472,482,6.4487534
472,484,9.736699
472,511,8.978194
475,480,6.732504
475,503,8.136424
475,532,13.356053
476,501,13.084542
476,516,9.520568
477,497,9.224938
477,534,11.537627
478,485,10.988625
478,486,9.767625
478,507,7.571356
478,514,8.173936
478,529,12.743486
479,490,13.054926
480,503,6.238757
480,513,10.437407
480,532,10.690624
481,492,14.489702
481,504,8.774081
481,525,9.622856
481,533,14.59152
481,537,10.75589
482,511,8.140365
483,523,8.351481
483,531,12.278708
484,511,12.340189
484,512,10.437333
484,547,14.427459
485,507,8.812374
485,520,10.783506
485,528,8.856272
486,493,7.949501
486,507,14.782337
486,514,10.00504
486,529,9.823889
487,488,12.9381
487,495,10.658273
487,530,12.305358
487,540,13.00822
488,500,7.506911
488,530,9.899341
489,515,11.042368
489,527,8.506121
489,554,14.735118
490,496,11.030839
490,541,9.947037
491,493,9.704241
491,535,9.891292
491,557,14.777712
492,504,6.918354
492,520,9.225967
492,525,13.178875
492,533,9.003967
492,539,10.087725
493,529,11.986221
493,535,10.269222
493,567,14.414168
494,509,5.325966
494,536,11.614783
494,538,12.656905
494,562,13.319974
495,517,12.631715
495,540,9.697761
496,541,13.516769
496,542,10.906755
496,577,14.784714
497,524,12.658171
497,534,10.1323
498,510,6.9494023
498,519,5.3627734
498,548,11.0389805
499,502,11.269745
499,553,12.808046
499,571,14.011101
500,526,10.955226
500,530,13.001401
501,516,11.146385
501,521,8.09122
501,545,9.894697
502,566,13.666785
502,571,14.114542
503,513,9.511689
503,532,5.270885
503,550,12.041746
504,520,14.173405
504,525,6.7245827
504,533,6.6303625
504,537,11.677157
504,539,11.549016
505,508,9.24686
505,559,13.473203
505,569,14.065811
506,512,11.442
506,522,9.660397
506,561,14.423568
507,514,6.5900507
507,528,9.202158
507,529,11.986648
508,559,10.689984
509,536,11.592482
509,538,7.3309574
509,562,10.150748
509,587,14.676612
510,513,14.451981
510,519,9.40739
510,544,8.417767
510,548,7.9671354
510,551,14.043293
511,546,14.486095
511,547,9.771764
511,560,13.840612
512,547,13.182412
512,561,9.941155
512,583,14.806072
513,532,7.910678
513,544,9.814663
513,550,7.58624
513,551,8.225257
514,529,5.5237846
514,567,14.169664
515,522,9.961921
515,527,10.617273
515,554,8.70563
515,589,14.125572
516,517,12.882133
516,545,7.914603
516,563,12.525995
516,586,13.683596
517,563,9.423357
518,546,8.345659
518,565,9.218635
519,537,12.941364
519,548,8.8978815
520,528,6.9550767
520,533,11.116646
520,539,6.469562
521,545,12.739538
521,549,9.846643
521,572,11.014881
522,575,12.512492
522,584,13.768997
523,531,10.57534
523,556,7.9777846
524,574,10.797905
524,576,11.708773
525,533,7.347663
525,537,5.398808
525,539,13.348889
525,570,10.535425
526,568,9.526806
526,581,11.937614
527,542,12.158597
527,554,8.288149
527,573,10.192485
528,539,11.917323
528,580,12.30961
529,567,8.914673
531,538,11.287354
531,556,14.424888
531,599,14.576385
532,550,7.179316
532,551,11.319296
533,537,12.4601345
533,539,6.038809
533,570,10.008437
533,593,13.382408
534,553,10.590326
534,585,9.855732
535,549,13.576862
535,557,9.584496
535,567,11.677779
535,588,10.474897
536,562,7.247969
536,579,9.811746
536,598,14.762996
537,570,11.848229
538,562,9.642491
538,587,8.140241
538,599,14.033943
539,570,12.42449
539,593,11.187359
540,597,14.549998
541,577,11.078471
541,578,11.677026
541,611,14.454001
542,573,10.383583
542,577,10.81261
542,606,13.049854
543,590,8.311251
543,592,13.426433
544,548,8.646064
544,550,10.162038
544,551,5.80572
544,603,14.49123
545,572,12.601393
545,586,9.822673
546,560,7.5984645
546,565,8.620471
547,560,14.748114
547,561,14.814708
547,583,9.362868
547,595,11.647376
548,551,13.731921
548,600,11.178946
548,603,13.120039
549,557,5.4830437
549,572,10.700548
549,601,11.141594
550,551,4.653012
550,610,12.530287
551,603,14.609366
551,610,12.741359
552,558,8.689518
552,564,5.8578506
552,594,9.26765
553,571,12.527181
553,585,11.950169
553,591,11.394524
553,621,13.198752
554,573,10.864391
554,584,14.183528
554,589,8.245569
554,608,12.287236
555,576,12.071083
555,579,10.4344225
555,622,13.004115
556,602,12.415983
557,572,14.487827
557,588,10.326361
557,601,9.251303
558,564,14.091807
558,594,9.797084
558,619,13.955046
559,569,14.052963
559,614,14.878599
559,615,12.622438
560,565,13.451935
560,595,9.791595
560,629,14.558201
561,575,12.0690775
561,583,9.579562
561,596,9.218977
561,625,14.064685
562,579,11.504402
562,587,10.40615
562,598,10.553781
563,586,10.899455
563,597,13.376536
564,594,10.490659
565,569,11.28181
565,605,9.771946
566,571,13.417312
566,578,13.410767
566,607,10.249485
566,617,13.267075
567,588,11.154317
568,581,9.192233
569,605,11.776076
569,615,14.288303
569,638,14.9650345
570,593,9.0321865
570,639,13.144197
571,591,7.927047
571,607,11.211408
572,601,12.21884
572,612,11.459111
572,618,9.124817
572,643,14.884807
573,606,11.619448
573,608,11.316925
573,630,12.486798
574,576,11.221579
574,585,11.789873
574,609,7.999745
575,584,7.0842614
575,589,14.012158
575,596,8.209383
575,637,13.261313
577,606,10.16299
577,611,12.949261
577,616,10.13121
578,611,9.93364
578,617,11.736762
579,598,9.841149
579,622,13.381679
580,623,9.777732
581,628,10.502539
582,592,11.487931
582,614,8.067001
583,595,12.427654
583,596,14.188014
583,620,9.433253
583,625,13.380393
583,636,10.565014
584,589,7.203464
584,596,13.437425
584,632,10.025255
584,637,12.5578165
585,609,11.445528
585,621,13.9495125
585,624,10.898312
586,612,11.039074
586,626,10.108677
587,598,12.975334
587,599,8.922567
587,646,14.267038
588,601,12.005824
588,633,10.793354
589,608,9.290893
589,632,11.375365
589,649,14.811384
590,592,9.766017
591,607,13.115964
591,621,7.652169
591,640,10.88894
593,639,14.339674
593,642,11.640072
594,619,11.2342615
594,631,8.749014
594,635,10.321441
595,620,8.691981
595,648,12.798478
596,625,7.9614525
596,636,13.51327
596,637,10.753444
596,652,12.310794
597,613,13.761441
597,634,10.961075
597,647,11.60914
598,646,11.784821
599,644,9.988013
600,603,8.50277
600,604,7.9357
600,655,13.376483
601,618,12.35655
601,643,13.607678
602,641,9.417467
603,610,12.388079
603,654,12.10161
603,664,13.695692
604,655,10.96132
604,662,13.860482
605,629,12.624181
605,638,10.798313
605,667,14.834507
606,616,9.056884
606,630,11.514791
607,617,11.55377
607,640,12.81163
607,661,14.398282
608,630,9.109336
608,632,13.050715
608,649,8.3234005
608,658,14.66395
609,624,12.854297
610,654,11.786575
611,616,9.77048
611,617,14.828764
611,645,8.5350485
611,657,14.03871
611,659,12.613987
612,618,6.5105667
612,626,10.098285
612,643,10.423465
612,670,14.829354
612,682,14.452585
613,627,11.023137
613,647,11.767324
613,678,13.516089
614,615,13.416005
614,663,10.75484
615,638,9.611133
615,663,14.768003
616,645,9.856217
616,659,9.486374
617,657,11.250594
617,661,9.916297
618,643,6.088137
618,670,12.595113
619,631,6.6900964
619,635,14.877498
619,685,14.406631
620,625,14.47326
620,636,7.8452306
620,648,14.276351
620,653,9.874096
620,665,12.280463
620,671,12.849006
621,624,9.333525
621,640,11.456741
621,674,12.739558
622,668,12.587196
623,651,8.623378
623,660,8.01823
624,674,11.299712
624,686,13.015791
625,636,6.9191027
625,637,11.629742
625,652,6.760944
625,665,11.066947
626,634,12.810393
626,682,13.997046
626,683,12.403424
626,690,11.780149
627,673,9.495854
627,678,14.569946
628,656,8.290206
629,648,8.329043
629,692,13.5539055
630,649,10.558002
631,635,8.283353
631,685,10.725479
632,637,8.444152
632,649,10.868234
632,658,7.5649295
633,669,13.786107
633,687,12.660022
634,647,11.613363
634,677,14.784597
634,683,12.394877
634,684,10.950217
635,685,12.802086
636,652,11.627368
636,653,10.803767
636,665,7.6888638
637,652,8.920864
637,658,12.768678
638,667,9.113172
639,662,10.188505
639,666,7.6899657
639,676,9.691379
640,674,14.2580595
641,650,9.616212
641,680,10.845262
642,651,8.8773985
642,666,14.191454
642,691,12.587215
642,698,13.357848
643,670,6.8967175
643,681,9.700378
643,682,12.601573
644,646,11.740429
644,672,11.2740755
645,657,10.175004
645,659,5.064322
645,699,13.343139
646,703,13.832376
647,677,6.8984127
647,678,11.134731
647,684,11.621172
648,653,13.061058
648,671,6.9952083
648,692,9.568154
648,696,13.618275
649,658,7.9434867
650,688,9.865923
651,660,10.639239
651,691,7.95314
652,665,11.153522
652,700,11.568231
653,665,7.361163
653,671,7.071145
653,696,8.031151
653,726,14.307654
654,664,10.478088
654,697,11.621374
655,662,7.777901
655,664,10.722489
655,676,12.91606
655,689,8.19561
655,693,10.353039
656,708,11.686516
657,659,13.910967
657,661,10.345017
657,694,13.66595
657,699,10.051191
659,699,13.450826
660,669,12.475528
660,691,12.538299
660,710,11.958156
661,694,7.9279766
662,666,10.830078
662,676,5.394962
662,689,12.707138
662,693,6.9730635
662,711,12.912732
663,709,12.87723
663,716,12.913344
664,689,7.914649
664,714,11.181381
665,671,14.4062
665,696,13.229914
666,676,6.462613
666,693,13.324398
666,698,10.110884
666,711,11.082368
667,734,13.922897
668,695,14.653177
668,720,13.937843
669,687,6.243159
669,710,13.767335
670,681,6.8237476
670,682,8.46319
670,690,14.549805
670,701,12.185523
670,725,13.4201565
671,692,9.549213
671,696,6.984252
672,680,10.640808
672,704,10.759653
673,678,10.106025
673,707,13.660852
673,723,13.832813
674,686,12.855129
674,717,12.227484
675,703,13.00174
675,730,12.435691
676,693,7.0363755
676,711,8.558051
677,678,9.284167
677,684,8.536436
677,707,11.44689
677,722,10.205602
678,707,8.040163
678,722,14.839126
679,709,11.638003
679,737,14.66711
680,704,11.054037
680,732,13.295885
681,701,7.1561027
682,683,14.308267
682,690,6.108258
682,706,9.314092
682,725,11.051222
683,684,9.977101
683,690,8.232866
683,706,9.60618
683,728,11.955889
683,741,14.379179
684,722,11.891962
684,728,10.280827
686,695,10.992677
686,717,12.439633
686,718,10.338937
687,715,12.477943
688,697,11.022449
688,705,6.3559947
689,693,9.870819
689,714,8.914488
689,724,10.245053
690,706,5.774839
690,725,13.567621
691,698,13.299068
691,710,14.216688
691,712,8.954542
691,721,9.535731
691,736,14.161196
692,696,11.350673
692,738,13.32452
693,711,8.753776
693,724,8.914344
694,713,10.412097
694,735,10.653097
694,754,14.126767
695,718,10.4410925
695,742,14.664868
696,726,9.126194
696,738,10.570604
696,746,13.137465
697,705,7.2499294
697,739,13.22722
698,711,13.448239
698,721,12.73715
698,740,10.774517
699,731,7.8535433
699,735,11.894824
701,715,11.41172
702,729,5.9181495
702,753,11.972921
703,730,10.489991
703,755,11.708552
704,719,13.393192
704,732,13.761036
704,745,8.170412
706,725,10.800462
706,728,14.333274
706,741,9.842163
707,722,10.048754
707,723,11.894863
707,743,8.966566
707,772,14.348348
709,716,11.742226
709,737,13.974048
709,759,12.588194
710,712,8.6263075
710,736,7.6273704
710,749,13.971643
710,770,14.215651
711,724,12.255233
711,740,12.180325
711,757,10.039089
712,721,6.7530274
712,736,5.268092
712,763,11.875952
712,770,13.320625
713,727,11.25726
713,754,11.930009
713,767,12.097239
714,724,11.277857
714,739,11.472151
714,748,9.360753
714,756,14.892946
714,769,14.054775
716,744,12.841774
716,760,9.915339
717,718,10.417371
717,727,13.736365
717,750,11.57282
717,768,12.493409
718,750,7.4127665
718,773,12.34077
720,730,12.717184
720,742,13.076737
720,761,9.67789
720,776,14.053569
721,736,10.320996
721,740,14.359629
721,763,9.006538
722,728,11.194542
722,743,7.9122524
722,747,10.002845
722,771,11.637065
723,743,14.787155
723,772,12.800563
723,778,12.474206
724,748,9.931677
724,756,7.1056113
724,757,14.829864
724,781,14.650863
725,777,11.814602
726,738,9.890636
726,746,7.0110555
726,779,11.850855
727,767,13.404441
727,768,12.728822
728,741,9.205426
728,747,7.608522
728,782,14.217234
729,753,6.0551224
730,755,10.55026
730,776,11.652948
731,735,6.8181877
731,754,14.758266
731,766,8.123465
731,780,13.570199
732,745,12.051932
732,764,11.452902
733,751,7.376854
733,783,11.7715435
734,744,10.217398
734,758,12.385565
734,775,10.176185
735,754,8.777262
735,766,9.882942
735,780,11.284065
736,749,14.55964
736,763,11.126261
736,770,8.40125
737,752,6.741077
737,759,9.281417
737,765,8.509418
737,785,14.221706
738,746,6.4906454
739,748,13.947139
739,769,9.189386
740,757,9.624228
740,796,13.469245
741,747,12.435081
741,777,13.751269
741,782,14.4829
741,789,11.5964575
742,761,11.217365
742,773,10.864983
742,794,12.998454
742,803,14.3480835
743,747,13.148123
743,771,9.163688
743,772,8.200189
744,760,13.048341
744,775,11.418733
744,791,12.984391
745,787,12.319163
746,779,8.967646
747,771,7.898037
747,782,7.7135124
747,811,14.110167
748,756,8.143125
748,769,9.589131
748,781,7.867045
748,792,14.719083
748,800,12.854663
749,770,11.871456
749,784,11.372318
750,768,14.62711
750,773,8.613478
750,809,13.525743
751,752,12.633703
751,783,8.656455
751,785,10.553535
751,812,13.158536
752,759,12.873074
752,765,6.615504
752,785,7.634468
752,815,13.572666
753,797,13.034019
753,798,11.648778
754,766,12.919438
754,767,10.607701
754,780,8.493094
754,807,13.754922
754,808,12.542606
755,776,14.1059265
755,786,13.004635
755,813,13.806176
756,757,12.362713
756,781,8.641324
756,792,9.499413
757,792,12.869797
758,775,11.080825
758,793,7.99456
759,760,14.890658
759,765,8.387119
759,790,9.416313
759,804,11.4624
760,790,13.291615
760,791,10.835459
760,805,12.236054
761,776,9.436242
761,794,9.108834
761,824,13.217608
762,797,14.553522
763,770,11.216087
763,796,12.056917
764,788,9.847067
764,795,13.552224
764,810,12.306499
764,814,12.0597315
765,785,9.569043
765,790,13.344985
765,804,11.150658
765,815,8.95604
766,780,7.2397084
766,799,9.984995
766,807,12.992795
767,802,9.09087
767,808,12.669554
767,817,13.572898
768,817,13.683388
769,781,11.58438
769,800,8.915472
769,830,12.484942
770,827,13.503981
770,828,13.213129
771,772,12.1157255
771,782,8.5047035
771,811,8.275884
773,803,9.778806
773,809,14.210241
774,821,14.602069
774,825,14.895649
775,793,12.137184
775,816,11.603532
775,826,14.172019
776,820,12.001204
776,824,14.31756
777,789,12.444801
777,821,14.520144
777,831,12.542266
779,806,9.891634
780,799,12.207301
780,807,7.222039
780,808,10.067271
780,835,13.488648
781,792,8.696287
781,800,8.31619
781,830,14.949984
781,849,14.037012
782,789,10.562502
782,811,9.080635
782,829,9.209848
783,785,13.554363
783,812,6.6463766
783,822,13.916115
784,825,11.987347
784,841,12.701382
785,812,12.536284
785,815,10.376924
785,822,8.935142
786,787,10.740879
786,813,8.616518
788,810,13.041139
788,814,8.342048
788,818,12.794136
788,838,10.97594
788,843,14.908443
789,829,11.732839
789,831,13.030333
790,804,5.8641067
790,805,6.273623
790,815,14.339341
790,846,13.347777
790,848,11.128107
791,805,11.903046
791,826,9.021356
791,851,12.230657
792,845,10.6561775
793,816,9.604575
793,823,14.481764
794,803,10.23956
794,824,7.484069
795,810,5.9826784
795,814,11.706465
795,836,7.9189167
795,843,12.968519
796,837,10.541368
797,798,6.465723
797,834,10.016986
797,839,12.871154
798,819,8.646018
798,834,14.836452
798,839,8.285769
799,807,12.237129
799,835,8.391376
800,830,6.688028
800,849,8.956864
801,806,9.152196
801,833,6.422155
801,842,11.268626
802,807,13.76074
802,808,7.6048894
802,817,9.854018
802,854,11.652412
802,855,11.688977
803,859,12.383756
804,805,10.46732
804,815,8.957509
804,846,8.118826
804,848,10.010173
804,853,14.586092
804,872,14.583428
805,848,9.173796
805,851,13.604305
806,833,11.557386
806,865,12.665517
807,808,6.15975
807,835,8.6697235
807,854,14.798545
808,835,14.232201
808,854,11.770747
809,840,9.22865
809,858,11.300254
810,814,5.8639812
810,836,6.684917
810,843,7.8671255
810,870,14.95561
811,829,9.421081
812,822,8.715693
812,857,12.207257
813,820,10.734095
813,863,14.100579
813,866,11.861824
814,836,10.901714
814,838,9.852369
814,843,6.997539
814,875,14.922813
815,822,10.313416
815,846,9.219
815,853,9.411171
816,826,12.63862
816,868,10.904153
817,855,10.997126
817,856,11.113621
818,830,12.902773
818,838,10.49121
818,844,6.0600524
819,832,8.555789
819,839,7.4022183
819,869,11.878931
820,847,11.655905
820,860,9.839947
821,831,11.428532
821,850,11.146553
822,853,11.046943
822,857,8.362944
822,880,14.959502
824,847,7.805052
824,862,12.310553
824,873,12.108266
825,841,8.497243
825,850,11.29267
826,851,10.095615
826,868,12.25166
827,828,10.727365
827,867,12.673471
828,837,10.922481
828,861,11.001251
830,844,12.764821
830,849,8.237867
832,839,13.747384
832,869,9.353228
832,888,14.142882
833,842,7.5907207
833,881,12.997029
834,842,8.717174
834,871,10.76052
834,878,11.688886
836,843,7.4915795
836,870,8.808595
836,875,12.1541195
836,883,14.81881
837,861,7.157918
838,843,10.939611
838,844,9.509166
838,875,14.556807
838,891,12.044509
839,869,11.326835
839,877,8.920695
839,878,12.34633
839,887,11.073473
840,856,9.355215
840,858,9.335855
840,882,8.765009
841,867,9.17364
842,871,11.35499
842,881,14.412903
843,870,10.77038
843,875,8.1428175
843,891,13.346667
844,884,9.623354
845,849,12.885442
845,864,10.054501
845,889,10.60226
845,893,14.646868
846,848,9.226145
846,853,8.179392
846,872,9.614439
846,876,8.195604
847,860,10.6530905
847,862,14.434877
847,873,9.205476
847,897,13.398039
848,851,14.2051525
848,872,6.4847794
848,874,9.529259
848,876,13.015431
849,889,13.120907
850,885,8.468172
851,874,10.007437
852,863,10.7002735
852,883,11.79271
852,898,12.050652
853,857,10.167525
853,876,8.958532
853,880,8.280707
853,907,13.677665
854,855,7.5322456
854,894,10.482894
855,856,11.455424
856,882,9.477156
856,917,13.946897
857,879,10.990792
857,880,8.576663
858,859,12.178129
858,882,10.674017
858,911,11.354891
859,862,8.568392
860,866,10.710035
860,897,9.575078
860,903,11.394257
861,895,13.480324
861,900,8.490478
862,873,8.211735
863,866,8.32644
863,898,9.716976
864,889,13.287507
864,893,8.028753
864,901,13.11617
865,886,10.723064
865,905,11.4912405
866,903,11.308445
866,918,14.410815
867,892,8.105884
867,914,11.515607
868,908,11.47567
869,877,13.242007
869,887,8.495476
869,888,10.130637
869,906,10.767087
870,875,8.0337515
870,883,9.370417
870,899,6.6857653
870,912,9.707559
871,878,10.249753
871,881,11.438043
871,909,8.404061
872,874,8.347437
872,876,8.494874
872,907,13.438167
872,915,10.252677
873,897,11.593208
873,919,11.198837
874,913,13.982956
874,915,11.610507
875,891,8.814494
875,899,9.521938
875,912,13.961788
876,880,11.089226
876,907,7.1931167
876,915,12.683802
876,920,14.672225
876,932,13.309328
877,878,6.5709076
877,887,6.537064
877,906,14.412625
877,910,8.692567
877,916,10.807045
878,887,12.998571
878,909,14.629412
878,910,12.544845
878,916,11.3653555
880,907,10.717735
880,920,11.157204
880,935,14.481931
881,905,10.666914
881,909,10.937819
881,936,14.241693
882,911,12.979386
882,917,10.90172
883,899,10.371982
883,912,8.838843
883,926,14.85918
883,928,11.080031
884,891,13.315957
884,921,11.234024
886,904,11.664944
886,931,12.63631
887,906,8.17731
887,910,7.3339853
887,916,12.40469
888,896,8.843256
888,906,11.94286
888,934,14.746032
889,893,11.012592
889,923,11.177153
889,929,10.946635
889,930,13.606025
892,895,10.560961
892,914,7.678039
892,927,9.055518
893,901,11.771117
893,929,12.359333
893,930,8.882555
894,902,13.5081625
894,922,6.711602
895,900,11.113084
895,927,11.031451
896,902,8.84149
896,934,10.46177
897,903,9.091139
897,919,10.262092
897,924,8.594017
897,938,12.793903
898,918,11.695796
898,926,8.750265
898,942,13.171961
899,912,4.4463534
899,928,11.616566
899,943,12.530679
900,901,14.078819
901,944,12.7090025
902,922,13.364947
902,934,12.460264
903,918,10.636939
903,924,7.888267
903,951,13.728124
904,908,11.5724125
904,939,13.426296
904,950,13.566523
905,931,14.042293
906,910,9.911886
907,915,11.522395
907,920,8.214428
907,932,7.667649
907,953,14.629221
908,933,7.2952304
909,916,14.521777
909,936,12.587053
909,941,10.904839
910,916,5.7904267
911,925,13.9937
911,960,14.921931
912,928,7.176817
912,943,9.307257
912,946,14.419506
913,959,13.501187
914,927,9.904762
915,932,8.206765
915,953,12.708333
915,955,11.86093
916,941,11.086894
917,940,11.415409
917,945,12.791813
918,924,14.982987
918,942,8.603763
918,951,12.756308
919,924,11.695002
919,937,9.238376
919,938,8.536085
919,966,13.525464
920,932,11.087653
920,935,8.133736
920,957,10.299913
920,963,11.589442
921,949,8.09711
922,956,11.848474
923,929,7.051618
923,930,13.4810915
923,948,8.086137
923,967,12.868004
924,938,7.492251
924,951,9.932392
924,966,14.011148
925,937,9.987369
925,973,14.077666
926,928,9.903402
926,942,11.0703945
926,946,8.206789
926,961,11.663431
926,974,14.906049
927,965,14.257063
928,943,7.020882
928,946,7.4047685
928,974,14.753475
929,930,6.455951
929,948,8.021592
929,962,10.353075
929,967,13.551817
930,944,13.383224
930,948,12.725527
930,962,8.910997
931,939,11.357871
931,954,12.024583
932,953,7.268514
932,955,11.195458
932,963,10.665343
933,950,11.911467
933,969,11.871146
933,975,11.160939
934,958,7.6779227
934,984,12.74642
935,957,6.707265
935,981,14.585683
936,941,14.608193
936,954,13.0611105
936,970,9.381517
936,982,14.523617
937,938,12.69561
937,966,12.565768
937,973,10.36037
938,951,12.220542
938,966,7.113111
938,995,14.982862
939,950,11.164114
939,991,13.3341465
940,956,13.2677
940,976,10.714561
941,982,11.895378
942,951,14.9832535
942,961,6.9973674
942,980,9.666232
943,946,9.371555
943,974,13.267894
943,977,9.616553
944,952,13.334136
944,962,14.679715
944,994,11.417433
945,960,9.790608
945,997,13.918287
946,961,11.312832
946,974,7.972892
946,977,12.162533
947,949,14.901003
947,964,8.917118
947,993,11.332739
948,962,9.933016
948,967,5.596345
948,985,10.310447
948,996,12.457201
949,978,7.633493
950,969,6.7847066
950,991,11.3065605
950,1012,14.960569
951,966,14.445101
951,980,14.287414
951,995,11.557226
952,965,14.119166
952,1000,13.545546
953,955,6.9057527
953,963,7.4939294
953,981,14.97375
953,986,8.141342
953,987,13.404124
953,988,9.433768
953,1010,14.258582
953,1011,14.485283
954,970,9.151435
954,989,12.562259
955,959,12.516946
955,963,14.245162
955,986,9.205655
955,987,8.6711235
955,988,14.305415
955,1011,13.991087
956,972,11.747009
956,976,10.739523
956,999,10.445853
956,1004,12.72277
957,963,10.748859
957,981,7.9942994
957,988,14.711189
957,998,13.473289
957,1001,11.466446
958,983,9.533343
958,984,10.032612
958,1003,11.492148
959,971,9.416489
959,987,10.614088
959,1019,12.199769
960,979,9.626163
960,997,10.042702
961,974,10.450837
961,980,8.19646
961,1013,11.670353
962,967,12.141851
962,985,8.526909
962,990,8.370071
962,996,14.564363
963,981,7.8464723
963,986,10.895489
963,988,6.297616
963,1006,11.788641
963,1010,13.210833
963,1018,14.845746
964,993,12.638556
964,1020,12.849424
966,973,14.726855
966,992,11.046453
966,995,11.020048
966,1015,12.267832
967,985,7.8922577
967,996,7.379497
968,998,9.753013
968,1001,14.451414
968,1021,12.610945
969,975,9.374808
969,991,11.374899
969,1012,9.619626
970,982,14.122021
971,975,8.054395
971,1002,10.884122
971,1019,13.716727
971,1025,14.691406
972,984,7.1946487
972,999,8.254029
973,979,11.106025
973,992,8.677568
974,977,9.100098
974,1009,12.779291
974,1013,10.555287
974,1014,8.921069
975,1002,14.652096
975,1012,13.824802
975,1025,13.964937
976,999,14.1984215
976,1004,7.7957845
977,1009,7.6142826
977,1014,10.499759
977,1016,12.523905
977,1039,14.508601
978,993,11.616552
978,1017,10.542213
978,1022,12.323893
978,1040,14.8285265
979,997,11.563838
979,1034,13.297058
980,1008,9.899291
980,1013,12.098325
981,988,8.115774
981,998,13.962496
981,1001,9.045372
981,1006,8.988102
981,1010,13.22557
981,1018,8.185107
983,1003,8.562604
983,1047,14.618652
984,1003,14.79576
985,990,7.816761
985,996,6.338994
985,1027,11.266284
986,987,8.904526
986,988,7.039113
986,1006,10.836553
986,1010,7.336666
986,1011,6.367969
986,1023,12.302186
986,1024,10.553888
986,1029,13.168756
987,1010,14.242452
987,1011,8.977383
987,1019,9.023263
987,1023,9.993931
987,1024,13.936887
988,1006,6.2096376
988,1010,6.9396586
988,1011,11.001597
988,1018,11.446106
988,1024,12.568107
988,1029,12.294003
988,1046,14.411546
989,1007,9.84266
990,994,13.159716
990,996,13.39111
990,1005,8.294008
990,1027,9.997479
991,1007,8.788613
991,1012,10.408141
992,1015,7.449019
992,1031,13.523121
992,1042,10.482357
993,1020,11.697983
993,1022,9.02044
994,1000,11.734883
994,1005,8.630721
995,1008,13.970132
995,1015,11.587635
995,1026,9.61174
995,1031,12.158424
996,1017,12.35292
996,1027,12.129292
998,1001,5.687649
998,1018,13.441648
998,1021,6.216873
998,1028,8.32657
998,1044,11.989503
999,1004,9.386446
999,1030,13.236313
999,1033,10.4788265
999,1037,13.612163
1000,1035,7.7656207
1001,1006,13.972103
1001,1018,7.934205
1001,1021,10.354082
1001,1028,8.932559
1001,1044,9.502305
1002,1019,9.567304
1002,1025,7.855042
1002,1061,11.120845
1002,1064,11.999659
1003,1032,9.323464
1003,1047,9.326746
1004,1033,12.516537
1004,1037,8.401909
1004,1041,14.08398
1005,1027,11.267207
1005,1049,9.082338
1006,1010,5.2115545
1006,1011,11.319992
1006,1018,6.888911
1006,1024,10.074941
1006,1029,7.4653974
1006,1046,8.232092
1007,1051,10.927809
1007,1058,14.58586
1008,1013,14.868013
1008,1026,11.226499
1008,1043,11.860046
1008,1077,14.453394
1009,1014,7.5303392
1009,1016,8.495272
1009,1038,14.379382
1009,1039,7.257808
1009,1067,13.565071
1010,1011,6.1235933
1010,1018,11.9851465
1010,1023,11.839567
1010,1024,5.718835
1010,1029,6.056087
1010,1046,10.356322
1010,1060,13.821339
1010,1074,14.642841
1011,1019,13.640483
1011,1023,6.4486485
1011,1024,5.1703215
1011,1029,9.553296
1011,1054,14.18832
1011,1060,11.868056
1012,1025,12.200259
1012,1050,10.175676
1012,1057,14.329804
1013,1014,9.2896805
1013,1038,9.43087
1013,1043,8.909109
1014,1038,8.707602
1014,1039,8.146289
1014,1067,14.57724
1015,1026,13.382882
1015,1031,6.232157
1015,1042,8.601819
1015,1076,14.063596
1016,1020,9.770678
1016,1039,12.393476
1016,1078,14.664744
1017,1022,11.671615
1017,1040,8.192747
1017,1053,13.737327
1018,1028,12.551739
1018,1029,11.7951145
1018,1044,8.800002
1018,1046,8.285238
1018,1066,13.1473255
1019,1023,9.4387045
1019,1054,11.633032
1019,1064,13.521521
1021,1028,5.805925
1021,1044,11.4403715
1021,1065,11.830162
1022,1040,7.082518
1022,1053,7.1391635
1022,1079,14.063927
1023,1024,7.5727634
1023,1029,12.637076
1023,1054,7.9668355
1023,1060,8.687341
1024,1029,5.1418347
1024,1046,11.152129
1024,1054,13.264073
1024,1060,8.178412
1024,1074,11.721934
1024,1095,14.456306
1025,1057,8.701615
1025,1061,8.6886425
1026,1031,9.049834
1026,1076,14.596779
1026,1077,11.715884
1027,1049,12.88259
1028,1044,5.74916
1028,1065,7.2799754
1028,1066,13.9927845
1028,1089,12.286212
1029,1046,6.0107055
1029,1060,10.408644
1029,1066,14.659732
1029,1074,8.597489
1029,1095,13.804827
1030,1032,9.827222
1030,1033,8.071425
1030,1086,14.784488
1031,1042,9.828481
1031,1076,9.114786
1032,1047,7.9227934
1032,1083,10.910338
1033,1037,8.827179
1033,1086,10.992175
1034,1042,14.68486
1034,1062,6.5557456
1034,1068,12.693298
1034,1069,8.915518
1035,1070,8.0248785
1036,1055,12.309062
1036,1059,4.602645
1036,1071,9.807578
1036,1091,11.690218
1037,1041,11.108979
1037,1086,12.857809
1037,1087,10.282118
1038,1039,9.61651
1038,1043,9.329602
1038,1067,12.296684
1038,1080,14.163626
1038,1088,9.460325
1038,1099,14.160947
1039,1067,6.8339577
1039,1078,14.991126
1039,1088,14.05839
1040,1053,5.636092
1040,1079,8.656238
1040,1081,12.870371
1041,1075,10.41245
1041,1087,12.621063
1041,1102,12.394702
1042,1068,8.328021
1042,1069,12.507985
1042,1076,11.149647
1043,1080,9.0971365
1043,1088,13.7862425
1043,1099,13.953862
1044,1046,11.570179
1044,1065,7.314678
1044,1066,8.852039
1044,1089,11.046419
1044,1106,14.966778
1045,1055,9.672383
1045,1056,13.296951
1045,1063,5.949817
1045,1071,14.891376
1045,1073,6.437904
1045,1085,11.664735
1045,1100,12.948474
1045,1105,14.975871
1046,1066,9.091067
1046,1074,8.267962
1046,1108,14.84943
1047,1072,9.618776
1047,1083,8.962584
1049,1098,10.885233
1050,1051,12.481698
1050,1057,10.916586
1050,1082,9.644372
1050,1090,10.481337
1051,1058,10.268236
1051,1082,10.962025
1051,1112,13.280252
1052,1109,14.359505
1053,1079,7.5304236
1053,1081,14.927888
1054,1060,8.003979
1054,1064,8.777263
1054,1092,8.711732
1054,1095,14.388414
1055,1059,12.980096
1055,1063,12.968775
1055,1071,5.2210217
1055,1073,8.094192
1055,1091,13.104071
1055,1100,9.440911
1055,1116,11.599919
1056,1063,9.065202
1056,1073,14.629059
1056,1085,8.223881
1056,1094,10.253703
1056,1111,12.12083
1057,1061,7.1503577
1057,1090,8.796318
1057,1093,11.641698
1057,1117,13.036789
1059,1071,8.803671
1059,1084,13.3174515
1059,1091,7.6083136
1060,1074,10.207403
1060,1092,11.4855995
1060,1095,8.172316
1060,1125,13.823413
1061,1064,9.110679
1061,1090,14.360271
1061,1093,7.424947
1061,1117,13.958521
1062,1068,13.13215
1062,1069,7.497107
1062,1104,10.074519
1063,1073,5.625689
1063,1085,5.7318263
1063,1100,11.571082
1063,1105,10.19377
1063,1111,14.466065
1064,1092,10.280606
1064,1093,9.762423
1064,1115,11.444573
1065,1066,10.40717
1065,1089,5.0330343
1065,1106,10.372653
1066,1074,11.119243
1066,1089,9.816212
1066,1106,10.031712
1066,1108,9.987321
1066,1128,13.471884
1067,1078,11.00664
1067,1088,11.362472
1067,1107,11.255875
1067,1110,10.996514
1068,1069,5.7575912
1068,1076,12.659022
1068,1104,12.604125
1068,1119,9.97141
1069,1104,8.734826
1069,1119,12.808451
1070,1122,12.870981
1070,1141,14.47283
1071,1073,12.576118
1071,1091,7.911519
1071,1100,11.308957
1071,1116,9.727766
1071,1123,12.450485
1072,1083,9.429711
1072,1129,13.9725895
1073,1085,9.089657
1073,1100,6.6831765
1073,1105,9.520931
1073,1116,13.477421
1074,1095,7.411527
1074,1108,9.818984
1074,1124,11.80573
1074,1139,13.990302
1075,1102,9.561713
1075,1103,8.801921
1076,1097,13.517144
1076,1119,13.137048
1076,1120,10.3276615
1077,1080,12.083519
1077,1097,6.859053
1077,1118,14.589225
1078,1110,8.782888
1078,1113,9.48928
1079,1081,8.496634
1079,1121,11.77563
1080,1088,11.7154875
1080,1099,7.391644
1080,1118,8.810424
1081,1114,9.465495
1081,1121,9.042944
1082,1090,9.518258
1082,1112,8.271219
1083,1129,11.852508
1084,1091,12.94336
1084,1148,13.129436
1085,1094,11.51855
1085,1100,12.411803
1085,1105,6.813935
1085,1111,8.791443
1085,1131,11.265357
1085,1137,12.631002
1086,1087,9.337904
1086,1134,10.483793
1087,1102,10.243733
1087,1134,13.570866
1087,1140,11.922449
1088,1099,6.865698
1088,1107,6.75602
1088,1118,14.913139
1088,1135,14.814032
1088,1150,12.934205
1089,1106,5.5298123
1089,1128,12.625778
1090,1093,14.633199
1090,1117,9.419517
1091,1116,10.84925
1091,1123,7.60861
1091,1154,13.085816
1092,1093,14.951012
1092,1095,12.431177
1092,1115,8.619059
1092,1125,9.308855
1092,1132,9.062995
1093,1115,9.104581
1093,1117,9.353538
1093,1157,13.00692
1094,1111,6.0219855
1094,1131,12.345279
1094,1138,10.037437
1094,1151,12.929415
1095,1108,12.224953
1095,1124,8.551969
1095,1125,8.464783
1095,1139,13.421541
1096,1098,12.979688
1096,1114,9.494273
1096,1126,10.15248
1096,1130,8.142527
1097,1120,11.567404
1097,1147,12.667067
1097,1152,11.435904
1098,1126,9.481456
1098,1127,7.068375
1098,1155,13.000376
1099,1107,10.205895
1099,1118,8.047446
1099,1150,11.221764
1099,1153,10.957315
1100,1105,8.449616
1100,1116,7.540949
1100,1136,12.319327
1100,1137,11.933644
1101,1142,9.205975
1101,1143,14.711022
1102,1103,12.710525
1102,1140,12.1079
1102,1145,12.855415
1102,1159,11.389303
1103,1145,9.020006
1103,1160,12.58875
1103,1170,13.796505
1104,1119,12.935283
1104,1146,10.071472
1104,1174,13.536367
1105,1111,10.349149
1105,1131,8.328004
1105,1136,10.498282
1105,1137,6.407705
1105,1164,11.6701145
1106,1108,11.895313
1106,1128,7.11343
1106,1139,14.957454
1107,1110,12.428374
1107,1135,8.064444
1107,1150,8.558101
1108,1124,8.151044
1108,1128,8.9875145
1108,1139,5.7078733
1108,1186,14.740295
1109,1143,8.314537
1109,1144,11.446563
1109,1169,11.321209
1110,1113,11.0964775
1110,1135,9.248595
1110,1162,9.799369
1111,1131,6.424633
1111,1137,12.012164
1111,1138,7.336171
1111,1151,13.354903
1111,1164,12.876982
1111,1167,11.714878
1112,1158,9.630978
1113,1162,13.486644
1113,1171,12.884589
1114,1121,8.071617
1114,1130,8.517046
1114,1163,10.125282
1115,1125,14.2350855
1115,1132,7.497164
1115,1157,10.189807
1115,1168,13.646126
1116,1123,7.8848934
1116,1136,13.664269
1116,1173,12.202965
1117,1157,11.585572
1117,1180,11.155101
1118,1147,9.47746
1118,1150,14.062763
1118,1153,7.49376
1118,1176,13.786618
1118,1190,13.665752
1119,1120,11.990906
1119,1161,8.530688
1120,1152,8.836532
1120,1161,13.442703
1120,1175,10.645698
1121,1163,11.223902
1121,1177,14.619509
1122,1141,5.673037
1122,1155,12.463487
1122,1166,9.435172
1123,1154,7.751069
1123,1173,12.357248
1124,1125,9.86191
1124,1128,14.83526
1124,1139,5.761254
1124,1178,9.604929
1124,1179,12.739834
1125,1132,8.480696
1125,1168,11.398096
1125,1178,14.519541
1125,1179,12.014602
1126,1127,8.595839
1126,1130,8.14695
1126,1155,13.235538
1126,1172,8.50772
1127,1155,6.1464114
1127,1166,14.643294
1127,1172,11.034266
1128,1139,9.302938
1128,1186,10.224044
1129,1149,10.866118
1130,1163,9.719048
1130,1172,12.743885
1130,1196,13.179304
1131,1136,11.681051
1131,1137,6.4637866
1131,1138,7.7739215
1131,1164,6.513184
1131,1167,7.4062724
1132,1157,12.900083
1132,1168,7.0250325
1132,1179,14.07472
1132,1193,12.265603
1132,1203,13.8284025
1133,1144,13.397395
1133,1184,10.972853
1134,1140,8.960472
1134,1165,7.1431427
1135,1150,9.381092
1135,1162,9.576852
1135,1195,13.120275
1136,1137,5.4851985
1136,1164,8.158557
1136,1167,14.441272
1136,1173,11.8238
1136,1185,6.691183
1136,1210,12.523035
1136,1215,14.986677
1136,1220,14.446989
1137,1138,14.047095
1137,1164,5.8528185
1137,1167,11.156858
1137,1185,11.616119
1137,1210,14.423796
1138,1151,7.3001356
1138,1164,11.548132
1138,1167,6.9279294
1139,1178,9.443053
1139,1186,10.33431
1140,1159,9.708399
1140,1165,8.529774
1140,1192,10.44721
1141,1166,10.483055
1142,1143,11.660971
1142,1181,12.551719
1142,1188,12.690274
1142,1201,13.505366
1143,1144,14.101511
1143,1169,7.8528295
1143,1188,9.102458
1144,1169,8.841971
1144,1184,12.908694
1145,1159,8.523174
1145,1160,11.328779
1145,1170,6.9937124
1146,1160,7.8216476
1146,1174,9.811196
1147,1152,11.312049
1147,1153,11.598317
1147,1190,12.437961
1147,1204,14.135756
1148,1154,8.753889
1148,1183,7.5461955
1149,1189,8.775475
1150,1153,9.217525
1150,1176,7.969808
1150,1190,13.900738
1151,1167,12.191796
1151,1191,13.180637
1151,1197,9.256711
1152,1175,8.109618
1152,1205,12.954713
1153,1176,6.322976
1153,1190,7.4158273
1153,1212,13.7388935
1154,1173,13.891116
1154,1183,8.086702
1155,1166,8.909418
1155,1172,11.406523
1155,1209,13.922687
1155,1214,14.077885
1156,1158,8.909753
1156,1181,10.511405
1156,1187,8.829994
1157,1168,14.456597
1157,1180,11.368754
1157,1193,9.65583
1157,1198,9.27724
1158,1187,12.907958
1159,1170,12.942412
1159,1192,8.847177
1160,1170,7.8272176
1161,1174,12.900782
1161,1175,12.094862
1161,1194,7.532934
1162,1171,10.397219
1162,1195,8.671978
1163,1196,7.462602
1164,1167,6.293101
1164,1185,11.342072
1164,1210,10.027005
1165,1192,10.733638
1165,1218,11.15087
1166,1209,10.262324
1166,1214,14.190825
1167,1210,12.556662
1167,1237,14.868248
1168,1179,9.343968
1168,1193,8.567148
1168,1203,7.036478
1168,1217,11.415803
1169,1188,8.319574
1169,1213,9.745575
1169,1242,14.869897
1170,1222,11.52262
1170,1231,13.430147
1171,1182,10.386157
1171,1195,13.914072
1171,1208,7.694555
1171,1235,13.64649
1172,1214,13.739155
1172,1219,8.978892
1172,1236,14.378604
1173,1185,9.35372
1173,1215,9.10605
1174,1194,12.343112
1174,1225,14.433677
1174,1226,13.23402
1175,1194,13.147964
1175,1205,9.476196
1176,1190,6.389793
1176,1212,8.885382
1176,1221,14.150528
1177,1182,9.911122
1177,1223,14.443463
1178,1179,7.146019
1178,1186,10.53086
1178,1216,9.238077
1178,1217,14.8492565
1178,1232,14.825037
1179,1203,10.989886
1179,1216,11.152357
1179,1217,9.41857
1179,1252,14.280196
1180,1198,10.204954
1180,1200,8.7359085
1181,1187,8.2810335
1181,1201,12.276239
1181,1238,13.191514
1182,1208,11.712777
1182,1235,14.8494835
1182,1246,14.627585
1184,1202,10.473803
1184,1207,7.5443115
1185,1210,9.238196
1185,1215,8.684118
1185,1220,8.298195
1186,1216,12.752313
1186,1232,10.734186
1187,1233,9.610312
1187,1238,11.480191
1188,1201,11.275161
1188,1213,9.213553
1188,1224,10.109548
1189,1211,8.659646
1189,1249,11.928853
1189,1250,14.967373
1190,1204,10.303361
1190,1212,7.6171904
1191,1197,5.6258097
1191,1243,11.333547
1191,1247,13.477708
1192,1234,11.784648
1192,1239,10.586003
1193,1198,8.858226
1193,1203,7.425896
1193,1217,13.7832775
1193,1244,14.199576
1193,1248,12.174928
1194,1226,9.401118
1194,1240,9.977923
1195,1208,14.672063
1195,1221,11.87885
1195,1227,7.3214555
1195,1229,7.79448
1195,1245,12.343464
1196,1219,14.186853
1196,1223,14.912793
1196,1241,13.072593
1196,1251,10.394589
1197,1243,12.384209
1197,1247,11.806933
1198,1200,14.115972
1198,1244,9.039879
1199,1206,9.967998
1199,1230,7.3427386
1200,1253,11.753875
1200,1256,10.6369505
1201,1224,9.061834
1201,1238,13.506404
1201,1257,10.7438135
1202,1207,13.27761
1202,1259,12.386284
1203,1217,6.398577
1203,1248,9.491211
1204,1205,13.746244
1204,1212,12.348548
1205,1260,14.219171
1206,1230,12.612092
1207,1242,14.930895
1207,1254,7.954176
1207,1259,14.687429
1207,1277,14.621141
1208,1229,11.988537
1208,1235,6.000685
1208,1245,9.440352
1208,1246,11.788669
1209,1214,6.0416846
1209,1236,11.746794
1210,1215,14.085193
1210,1220,6.964682
1210,1237,7.839441
1210,1262,10.228984
1211,1218,7.4895954
1211,1249,11.582147
1211,1250,7.4689035
1211,1258,12.769976
1212,1221,11.915511
1212,1268,11.3631
1213,1224,9.561316
1213,1242,6.1206737
1213,1267,12.8861
1214,1219,10.42348
1214,1236,6.0653496
1214,1264,11.297805
1215,1220,8.129473
1215,1262,14.643501
1216,1217,12.067471
1216,1232,8.786275
1216,1252,8.045491
1216,1265,11.188086
1216,1266,14.805449
1217,1248,10.475601
1217,1252,8.838364
1217,1266,10.611518
1217,1274,13.25222
1218,1234,11.300994
1218,1250,9.63052
1218,1258,8.932395
1219,1236,7.247788
1219,1241,7.8019414
1219,1264,11.491835
1219,1269,14.509884
1220,1237,11.988692
1220,1262,7.754701
1220,1278,14.198229
1220,1289,14.011512
1221,1227,7.6198587
1221,1229,13.621557
1221,1261,7.669957
1221,1268,14.6002245
1222,1231,7.831336
1222,1239,10.468966
1222,1279,14.732857
1222,1281,13.440492
1223,1251,10.8442335
1223,1263,13.677164
1224,1242,12.608242
1224,1257,13.871491
1224,1288,14.330861
1224,1293,14.847697
1225,1231,9.617301
1225,1255,10.2911625
1225,1273,12.329239
1226,1240,7.3764296
1226,1255,10.76662
1226,1260,14.913407
1226,1282,11.819331
1227,1229,6.009553
1227,1245,10.959417
1227,1261,9.03798
1228,1233,9.18249
1228,1253,7.434705
1229,1235,13.284677
1229,1245,5.2132907
1229,1261,13.692164
1229,1285,13.5813875
1231,1273,11.9241
1231,1281,12.501219
1232,1252,14.198689
1232,1265,9.170642
1233,1238,10.095519
1233,1270,9.553172
1234,1239,9.279894
1234,1258,9.464012
1234,1284,11.751758
1234,1294,13.0799885
1235,1245,8.688957
1235,1246,7.4767156
1235,1285,12.603322
1236,1241,10.838978
1236,1264,6.04155
1236,1269,14.771522
1236,1292,14.207026
1237,1262,9.105571
1237,1278,10.555997
1238,1257,7.3639193
1238,1270,10.430083
1238,1276,12.28774
1238,1283,10.018399
1238,1297,14.566969
1239,1279,10.509021
1240,1260,7.6754265
1240,1280,14.583598
1240,1282,12.390017
1241,1251,10.727719
1241,1264,10.799753
1241,1269,7.2177696
1241,1271,10.931337
1241,1292,11.35195
1242,1254,11.878844
1242,1267,7.237481
1242,1293,14.449323
1242,1298,13.756091
1243,1247,5.986353
1244,1248,12.199057
1244,1256,13.5486765
1244,1275,8.880047
1244,1287,12.511143
1245,1285,9.682643
1246,1263,8.397857
1246,1311,14.724465
1248,1266,11.912439
1248,1274,9.393232
1248,1275,12.208365
1248,1286,10.068269
1249,1250,10.8824835
1249,1272,8.597421
1249,1290,12.584363
1250,1258,8.1465645
1250,1284,14.111578
1250,1290,9.741729
1251,1269,11.611095
1251,1271,7.2449775
1251,1300,13.365145
1251,1303,14.949754
1252,1265,10.258841
1252,1266,6.770423
1252,1274,12.208407
1253,1256,11.035737
1254,1259,13.8604
1254,1267,11.899211
1254,1277,6.9977107
1254,1301,13.7990265
1255,1273,10.502374
1255,1282,8.647013
1255,1322,14.70276
1256,1287,9.122035
1256,1305,13.363993
1257,1270,14.375086
1257,1276,6.040487
1257,1283,8.117068
1257,1288,13.904823
1257,1297,14.678893
1257,1309,13.777789
1257,1310,14.869896
1258,1284,7.4936466
1258,1290,13.706071
1258,1294,13.4120455
1259,1277,13.953113
1259,1301,12.5299225
1260,1280,6.949038
1260,1295,14.715221
1260,1302,11.241801
1261,1268,12.479087
1261,1306,10.607418
1262,1278,6.464126
1262,1289,7.4015164
1263,1299,14.810504
1263,1311,13.724472
1263,1314,11.580199
1264,1269,11.409088
1264,1292,8.874881
1265,1266,14.0980425
1265,1315,13.411186
1266,1274,5.59773
1266,1286,12.824069
1266,1307,10.700124
1266,1315,13.77179
1267,1277,11.925046
1267,1293,9.595346
1267,1298,6.669136
1267,1326,13.189941
1268,1291,10.59498
1268,1321,13.740352
1268,1323,13.083864
1269,1271,6.980492
1269,1292,6.0812936
1269,1300,12.189772
1269,1303,8.836005
1269,1328,14.471171
1270,1283,9.204366
1270,1297,7.6460547
1270,1309,13.656678
1270,1313,10.927932
1271,1292,12.367247
1271,1299,12.818018
1271,1300,7.3038316
1271,1303,7.7104654
1271,1327,13.88864
1271,1328,14.030184
1272,1290,10.297594
1272,1316,8.614193
1273,1281,12.563834
1274,1286,7.236098
1274,1307,6.8834553
1274,1308,13.606416
1274,1333,14.081009
1275,1286,8.675363
1275,1287,10.175897
1275,1308,8.448467
1275,1312,9.337211
1276,1283,6.497146
1276,1288,9.170955
1276,1297,12.5769415
1276,1309,9.111082
1276,1310,8.860411
1277,1298,13.724276
1277,1301,7.7903914
1277,1326,13.395879
1277,1335,14.534347
1278,1289,6.032128
1279,1281,9.559458
1279,1294,11.089516
1279,1334,14.343167
1280,1295,7.939441
1280,1302,10.473581
1280,1318,10.81498
1280,1325,13.355133
1282,1302,12.238361
1282,1322,10.297357
1282,1331,13.294019
1283,1297,6.657884
1283,1309,6.908044
1283,1310,11.156563
1283,1313,13.5279
1283,1332,12.238459
1284,1290,14.96333
1284,1294,6.8420763
1284,1317,13.263883
1284,1336,13.289236
1285,1311,12.12352
1285,1319,9.72897
1286,1307,7.782713
1286,1308,6.8176064
1286,1312,13.325186
1286,1333,12.821824
1287,1305,12.476228
1287,1312,9.746241
1287,1324,9.266835
1288,1293,7.998605
1288,1298,14.765371
1288,1309,13.927119
1288,1310,8.537095
1288,1338,13.830844
1290,1316,11.990929
1290,1317,7.5806093
1290,1337,14.061283
1291,1320,9.770264
1291,1323,9.965987
1292,1303,10.322486
1292,1328,13.648895
1293,1298,6.8462524
1293,1326,13.687057
1293,1352,13.963503
1294,1334,10.583519
1294,1336,12.352578
1295,1318,12.703594
1295,1320,8.848561
1295,1325,8.947699
1295,1343,14.354952
1297,1309,6.8194423
1297,1310,13.323125
1297,1313,6.873853
1297,1332,7.8859124
1297,1345,14.837112
1297,1354,14.068488
1298,1326,7.79876
1298,1352,14.405875
1299,1300,7.668705
1299,1303,13.182201
1299,1314,10.5414715
1299,1327,9.741067
1299,1339,12.397066
1300,1303,5.562051
1300,1327,6.8414955
1300,1328,9.391813
1300,1351,13.680814
1301,1335,10.833414
1301,1340,8.906863
1301,1341,13.368321
1302,1318,6.639904
1302,1331,8.5016575
1302,1343,13.585283
1302,1360,13.668184
1303,1327,8.504562
1303,1328,6.4009438
1303,1351,12.908078
1305,1324,9.564246
1305,1349,14.388496
1305,1364,14.43093
1306,1319,10.812188
1306,1321,7.808698
1306,1347,12.414196
1307,1308,10.9190445
1307,1315,13.079305
1307,1333,7.2048
1308,1312,7.3431616
1308,1333,11.906737
1308,1363,13.850666
1309,1310,6.5554132
1309,1313,11.922385
1309,1332,6.593833
1309,1338,12.942825
1309,1345,10.031573
1309,1354,12.441981
1310,1332,11.276271
1310,1338,8.534567
1310,1345,9.69483
1311,1314,12.7819195
1311,1344,14.565109
1311,1348,12.267642
1312,1324,9.456918
1312,1349,13.8200245
1313,1332,8.338125
1313,1350,13.6652
1313,1353,9.504126
1313,1354,12.055056
1314,1339,9.904061
1314,1348,12.350682
1315,1333,14.497886
1316,1317,13.9522505
1316,1346,8.853542
1317,1336,12.914312
1317,1337,7.233619
1317,1359,14.434548
1318,1325,9.2261095
1318,1331,10.763329
1318,1343,7.074554
1318,1360,9.107217
1318,1366,13.147524
1318,1369,12.780344
1319,1344,10.687136
1319,1368,13.16158
1320,1323,14.232801
1320,1325,9.873946
1320,1357,12.528018
1321,1323,10.021128
1321,1347,9.46233
1322,1331,9.765075
1322,1356,10.16573
1323,1357,12.482469
1324,1349,7.985726
1324,1377,14.820777
1325,1343,6.3657475
1325,1360,12.753143
1325,1367,9.166235
1325,1369,11.099
1325,1380,14.0282955
1326,1335,9.628717
1326,1352,13.27065
1326,1358,9.451976
1327,1328,6.567197
1327,1339,12.134856
1327,1351,7.331676
1327,1361,10.582191
1327,1382,12.34546
1327,1386,14.073742
1328,1351,7.063149
1328,1361,14.665889
1328,1382,14.310429
1328,1386,12.518658
1329,1330,6.705742
1329,1355,7.574692
1329,1362,12.334296
1330,1355,10.466609
1330,1362,8.584846
1331,1343,14.937964
1331,1356,8.266351
1331,1360,11.118648
1331,1366,9.159208
1331,1394,14.424152
1332,1338,13.715824
1332,1345,7.7148175
1332,1353,11.743294
1332,1354,6.4229207
1332,1387,14.571007
1333,1363,10.843505
1333,1376,11.387391
1334,1336,10.502117
1334,1379,11.76376
1334,1390,12.961762
1335,1340,6.4537115
1335,1341,13.618029
1335,1358,9.538489
1335,1370,10.403099
1335,1388,11.19122
1336,1337,12.262178
1336,1359,9.744754
1336,1379,11.361139
1337,1359,8.650559
1337,1378,8.745744
1338,1345,6.931881
1338,1352,12.051215
1338,1354,13.727631
1338,1365,8.107398
1338,1399,12.169505
1339,1348,13.645505
1339,1351,14.258069
1339,1361,7.1665835
1339,1381,7.8776436
1339,1382,11.917478
1339,1396,10.8614
1340,1341,7.343511
1340,1370,8.79151
1340,1388,14.607405
1341,1346,11.189991
1341,1370,10.096224
1341,1401,14.176965
1342,1371,12.582191
1342,1383,14.517469
1343,1360,6.424771
1343,1366,12.4314
1343,1367,8.11203
1343,1369,6.1827126
1343,1380,14.071441
1343,1391,11.075382
1343,1400,12.482289
1344,1368,8.866515
1344,1372,6.794619
1344,1373,8.704205
1344,1395,14.803576
1344,1406,13.461747
1345,1354,6.856552
1345,1365,13.713016
1345,1387,13.158125
1345,1399,12.0146
1346,1378,11.823701
1346,1389,10.173604
1346,1402,12.8730545
1347,1368,13.43495
1347,1384,10.476447
1347,1385,8.297693
1347,1395,13.159769
1347,1412,14.923773
1348,1373,9.657412
1348,1381,13.925701
1348,1404,10.644359
1349,1364,10.621487
1349,1377,8.896962
1349,1393,8.795071
1350,1353,8.494604
1350,1364,10.717194
1350,1375,6.8490376
1350,1397,12.6308975
1350,1410,14.11906
1351,1361,8.73114
1351,1382,7.3112173
1351,1386,6.751514
1351,1396,13.131316
1351,1407,11.511893
1352,1358,12.81964
1352,1365,7.8867025
1352,1405,13.24909
1353,1354,9.685118
1353,1375,11.038721
1353,1387,11.156889
1353,1397,9.151584
1354,1387,8.228769
1354,1397,13.577028
1354,1399,14.309033
1355,1362,9.760852
1355,1374,8.931048
1355,1408,12.11327
1356,1360,13.912955
1356,1366,8.417418
1356,1383,10.736121
1356,1394,7.786483
1356,1398,12.0977
1357,1367,13.701391
1357,1380,10.394558
1357,1414,12.662064
1358,1370,14.4867325
1358,1388,7.5193367
1358,1405,12.872359
1358,1418,13.700475
1359,1378,11.075063
1359,1379,12.380178
1359,1413,11.088011
1359,1430,13.140896
1360,1366,6.05905
1360,1367,12.034904
1360,1369,6.720511
1360,1391,7.138992
1360,1394,14.057738
1360,1398,10.0792
1360,1400,12.380964
1361,1381,7.7558107
1361,1382,4.7581606
1361,1386,11.392917
1361,1396,6.119219
1361,1407,12.928484
1362,1392,7.420795
1362,1417,14.972597
1362,1420,14.00873
1363,1376,14.110852
1363,1377,12.127866
1363,1409,11.787119
1364,1375,10.278687
1364,1393,9.051606
1364,1410,13.483408
1365,1399,10.62502
1365,1405,12.73499
1366,1369,11.786019
1366,1391,8.622972
1366,1394,8.280986
1366,1398,6.5836782
1367,1369,5.9517307
1367,1380,5.9623127
1367,1391,11.759651
1367,1400,7.7495255
1367,1411,11.19647
1367,1421,13.26706
1368,1372,6.894856
1368,1373,13.96374
1368,1385,9.619519
1368,1395,6.2684016
1368,1406,11.686895
1368,1415,11.743393
1369,1380,10.929276
1369,1391,6.228823
1369,1398,12.63686
1369,1400,6.474546
1369,1411,13.718446
1369,1421,12.166968
1370,1388,9.407119
1370,1401,7.342298
1370,1418,14.035812
1371,1390,11.724271
1371,1403,8.492028
1371,1419,10.8405485
1371,1423,14.822929
1372,1373,7.368697
1372,1395,10.551692
1372,1404,13.361405
1372,1406,6.826277
1372,1415,13.987975
1372,1432,14.450202
1373,1404,7.7557607
1373,1406,9.756371
1373,1425,14.591851
1374,1408,9.248029
1375,1397,9.166009
1375,1410,7.294392
1376,1417,13.691976
1377,1393,10.822754
1377,1409,11.592217
1378,1389,6.965073
1378,1422,12.130212
1378,1430,12.514309
1379,1390,6.6533914
1379,1403,12.2611885
1379,1413,10.080449
1380,1400,8.791969
1380,1411,6.8353868
1380,1414,12.344083
1380,1421,12.211441
1381,1382,10.527854
1381,1396,5.60966
1381,1428,14.756509
1382,1386,7.138931
1382,1396,6.071083
1382,1407,8.186243
1383,1394,11.4915085
1383,1424,12.84586
1383,1427,12.553106
1384,1385,12.04844
1384,1412,7.279023
1385,1395,5.8655214
1385,1412,11.832122
1385,1415,9.062016
1385,1441,14.957815
1386,1396,12.657621
1386,1407,5.3437347
1387,1397,8.202963
1387,1399,13.0602
1387,1426,9.268013
1388,1401,12.940195
1388,1405,14.282046
1388,1418,7.52389
1388,1437,14.558262
1389,1402,8.248943
1389,1422,8.958594
1389,1430,14.018367
1390,1403,5.6343417
1390,1413,14.237493
1390,1419,11.55643
1390,1431,11.927236
1391,1394,13.143673
1391,1398,6.7744765
1391,1400,7.5358596
1391,1421,10.833993
1391,1436,11.302099
1392,1417,7.574443
1392,1420,7.812271
1392,1433,13.14698
1394,1398,6.612131
1394,1424,10.4907255
1394,1438,12.088787
1395,1406,11.750407
1395,1415,5.80207
1395,1432,13.54552
1396,1407,11.49692
1397,1410,11.055317
1397,1426,11.78692
1397,1443,13.331015
1398,1400,13.891286
1398,1424,14.20192
1398,1436,11.033132
1398,1438,12.560012
1399,1446,13.91289
1400,1411,8.23833
1400,1421,5.899587
1400,1436,12.678185
1401,1402,11.693654
1401,1418,13.498733
1401,1437,12.642372
1401,1447,12.456557
1402,1422,12.014698
1402,1439,11.752515
1402,1447,14.444346
1403,1419,6.1890926
1403,1423,14.345371
1403,1431,9.773285
1404,1406,11.336088
1404,1425,7.8914537
1404,1428,11.433767
1405,1418,13.343225
1405,1435,11.630341
1406,1415,12.101741
1406,1425,12.611329
1406,1432,8.278801
1406,1452,14.717595
1408,1420,13.271156
1408,1449,12.328786
1410,1434,8.198818
1410,1443,13.784384
1410,1455,14.209119
1411,1414,10.733039
1411,1421,7.722092
1411,1440,14.156816
1411,1461,13.761219
1412,1441,11.334871
1412,1444,9.075608
1413,1430,11.026515
1413,1448,11.013204
1414,1440,8.2579775
1414,1444,14.642122
1415,1432,10.012298
1415,1441,10.356411
1415,1454,12.17373
1416,1429,8.533587
1416,1445,10.962204
1416,1456,12.150978
1417,1420,6.8172803
1417,1433,5.9637146
1417,1451,12.609943
1417,1453,12.30832
1418,1435,8.491531
1418,1437,8.200634
1419,1423,8.655624
1419,1431,8.3224535
1419,1460,14.080803
1420,1433,8.793702
1420,1449,11.194197
1420,1451,9.294349
1420,1453,13.304164
1421,1436,9.462896
1421,1461,12.470182
1422,1430,8.485719
1422,1439,10.052986
1422,1459,10.689182
1423,1427,12.570829
1424,1427,10.487628
1424,1438,6.3724465
1424,1463,14.121116
1424,1470,14.359084
1425,1428,7.472934
1425,1432,14.438766
1425,1442,12.183242
1425,1452,10.581349
1425,1458,11.500814
1426,1443,9.813587
1426,1446,7.723872
1426,1462,10.746849
1428,1442,5.4071884
1428,1458,8.800393
1429,1445,12.531948
1429,1456,8.116625
1430,1448,12.455724
1430,1459,13.542938
1430,1467,14.457027
1431,1460,8.044678
1432,1452,9.924913
1432,1454,8.478525
1433,1451,8.958209
1433,1453,6.370741
1433,1457,10.376956
1433,1479,12.812404
1434,1450,9.276184
1434,1455,6.4950256
1434,1468,12.107052
1435,1437,11.139322
1435,1466,13.355412
1435,1485,14.541496
1436,1438,11.301775
1436,1463,12.327818
1436,1481,13.722688
1437,1447,11.729572
1438,1463,8.673693
1438,1470,14.260711
1439,1447,10.923454
1439,1459,9.91476
1439,1471,9.467412
1439,1480,10.8460245
1440,1444,11.664789
1440,1461,14.055019
1440,1482,11.901473
1441,1444,10.966677
1441,1454,11.59318
1441,1465,8.115996
1441,1472,13.497818
1441,1484,12.754742
1442,1458,6.940697
1443,1446,14.802173
1443,1462,9.696764
1444,1472,8.84554
1445,1456,7.442672
1445,1488,13.0798025
1445,1495,14.73695
1446,1462,9.409992
1446,1469,8.283459
1447,1471,10.361265
1448,1467,9.822545
1448,1474,7.4406896
1448,1494,14.798137
1449,1451,8.109526
1449,1477,10.277328
1450,1455,7.149742
1450,1468,5.8679504
1450,1486,11.14957
1451,1453,7.843469
1451,1457,14.713291
1451,1477,7.928598
1451,1479,10.5328045
1451,1493,14.057264
1452,1454,12.859595
1452,1458,13.232115
1453,1457,6.8699646
1453,1477,11.997717
1453,1479,6.476258
1453,1490,12.624909
1453,1493,13.070482
1454,1465,7.9272094
1454,1484,12.207905
1455,1468,6.5645347
1455,1486,13.850262
1456,1488,10.2645235
1456,1492,12.418294
1457,1473,8.950688
1457,1479,9.044563
1457,1490,11.617403
1459,1467,9.175402
1459,1471,13.626342
1459,1475,6.0227923
1459,1480,8.770693
1459,1491,12.372548
1459,1496,12.209376
1460,1476,10.577772
1460,1489,9.03656
1460,1497,14.526435
1461,1481,13.587229
1461,1482,10.760329
1461,1499,14.109896
1462,1469,9.378663
1463,1470,12.612507
1463,1481,10.935983
1463,1487,8.489584
1465,1472,13.597821
1465,1484,5.51625
1466,1478,11.426585
1466,1485,9.075373
1467,1474,10.175644
1467,1475,6.506073
1467,1491,8.631075
1467,1494,8.207802
1467,1496,13.781313
1468,1486,7.3001547
1469,1478,9.539159
1470,1483,10.135215
1470,1487,13.545094
1471,1480,6.998671
1471,1496,13.69165
1471,1508,14.902851
1472,1484,12.417699
1473,1479,14.681709
1473,1490,12.431332
1474,1491,14.929349
1474,1494,10.193716
1474,1503,9.197206
1475,1480,8.867937
1475,1491,6.3509398
1475,1494,10.066759
1475,1496,7.948628
1475,1511,14.20278
1476,1483,14.355533
1476,1489,11.863368
1476,1497,9.249239
1476,1502,11.115512
1477,1479,9.664998
1477,1490,14.678958
1477,1493,8.531502
1477,1500,8.360417
1477,1504,13.662053
1479,1490,6.8801684
1479,1493,6.9640336
1479,1500,13.903009
1480,1491,12.725237
1480,1496,7.423718
1480,1508,12.002255
1481,1487,10.873116
1481,1498,9.50744
1482,1499,10.538942
1483,1502,11.256352
1483,1514,14.443442
1486,1501,7.80788
1486,1513,13.930095
1487,1509,9.581377
1488,1492,8.987027
1488,1495,8.897347
1488,1510,10.449041
1489,1497,8.740254
1489,1503,13.555731
1489,1506,8.325376
1490,1493,7.4470396
1490,1507,8.795409
1491,1494,5.5575657
1491,1496,7.321698
1491,1503,14.804479
1491,1508,14.80694
1491,1511,8.266587
1491,1516,14.242775
1492,1510,9.54456
1492,1518,13.263121
1493,1500,7.961684
1493,1507,13.899112
1494,1496,12.862287
1494,1503,9.397532
1494,1511,10.148374
1494,1516,13.406417
1495,1504,12.401042
1496,1508,8.34654
1496,1511,10.2220545
1497,1502,10.108401
1497,1506,10.59614
1497,1520,12.265418
1498,1499,9.573259
1500,1504,8.323914
1500,1526,13.840961
1501,1505,8.31668
1501,1513,6.524408
1501,1525,12.7887745
1501,1528,13.835794
1502,1514,8.707475
1502,1530,14.347704
1503,1506,11.487647
1503,1516,14.411278
1503,1517,10.2294855
1504,1524,11.302333
1505,1512,12.4158125
1505,1513,8.161512
1505,1521,10.373633
1505,1528,12.502167
1506,1517,11.916926
1506,1520,10.5371685
1507,1512,9.924631
1507,1527,10.688569
1507,1532,9.944237
1508,1511,13.036599
1508,1523,10.691745
1508,1529,10.174584
1509,1515,14.2298355
1509,1531,8.382653
1510,1518,8.590688
1511,1516,7.302234
1511,1529,12.901514
1511,1533,9.19704
1511,1541,14.400892
1512,1521,9.944953
1512,1532,9.740937
1513,1521,10.13746
1513,1525,8.661465
1513,1528,7.322006
1513,1540,13.2493725
1514,1515,10.764423
1514,1530,7.9148703
1515,1530,13.749457
1515,1531,13.547495
1515,1546,13.173024
1516,1517,9.978277
1516,1533,5.9714804
1516,1539,9.908704
1516,1541,11.57042
1517,1539,10.060524
1518,1549,11.40762
1519,1534,11.105313
1519,1537,12.458254
1519,1542,10.102236
1520,1556,13.409991
1521,1528,6.4661913
1521,1543,9.131701
1522,1523,12.809925
1522,1536,10.4986105
1522,1553,12.879205
1523,1529,10.85043
1523,1545,11.852742
1523,1555,13.438932
1524,1538,11.825408
1525,1528,9.289319
1525,1540,7.018951
1525,1550,12.038776
1525,1562,14.819033
1526,1527,12.423356
1527,1532,8.68833
1527,1547,7.7508917
1527,1563,13.548024
1528,1540,9.191985
1528,1543,10.002844
1528,1560,12.313128
1529,1533,10.908246
1529,1541,10.25755
1529,1545,7.402001
1529,1552,10.1372795
1531,1546,10.100102
1532,1547,9.763504
1532,1557,13.386873
1533,1539,10.57168
1533,1541,5.7744594
1533,1545,14.9912815
1533,1552,11.835251
1533,1565,13.136109
1534,1542,13.739141
1534,1564,11.758251
1535,1544,5.486846
1535,1551,8.387567
1535,1554,8.206869
1535,1578,14.992293
1536,1553,8.587874
1537,1542,8.427843
1537,1559,8.843599
1537,1561,13.244597
1538,1549,12.279215
1538,1567,11.3385725
1539,1541,12.31825
1539,1558,7.109372
1539,1565,11.7410145
1539,1576,13.225836
1540,1543,14.305916
1540,1550,9.447613
1540,1560,8.442381
1540,1562,8.926888
1540,1568,14.60883
1540,1573,11.535488
1541,1545,11.209221
1541,1552,6.4475675
1541,1565,9.03001
1541,1570,14.365128
1541,1584,14.153234
1542,1559,12.203271
1542,1561,6.3689365
1542,1564,13.589716
1542,1580,13.768564
1543,1557,8.164781
1543,1560,10.171673
1543,1577,11.3449545
1544,1550,11.61927
1544,1551,9.08257
1544,1554,5.523488
1544,1568,12.247575
1544,1578,11.956964
1545,1552,6.5351815
1545,1555,12.3772
1545,1570,8.004483
1545,1586,13.586565
1546,1566,9.241731
1547,1557,14.900835
1547,1563,8.007948
1547,1588,13.531307
1548,1574,13.836313
1548,1583,11.705504
1549,1567,8.44768
1549,1572,7.9737215
1550,1560,14.696847
1550,1562,6.835367
1550,1568,6.8448386
1550,1573,13.102447
1550,1594,14.82685
1551,1554,5.236201
1551,1571,9.335068
1551,1578,8.995662
1552,1565,10.664218
1552,1570,7.9354515
1552,1584,10.603208
1552,1586,12.089836
1553,1555,13.648234
1553,1575,9.823305
1553,1582,10.717556
1554,1568,13.903959
1554,1571,12.587675
1554,1578,6.8585815
1555,1570,12.297262
1555,1582,13.104774
1555,1601,14.27372
1556,1558,14.814332
1556,1576,14.582492
1556,1587,9.631035
1556,1591,14.13747
1557,1577,8.144626
1557,1585,9.104739
1558,1565,11.052084
1558,1576,6.1563554
1558,1589,12.977746
1558,1591,11.94607
1559,1561,12.751176
1559,1579,7.7807746
1559,1580,11.048999
1559,1602,13.255102
1560,1562,9.567936
1560,1573,6.515926
1560,1577,12.965234
1560,1593,11.611139
1560,1597,14.220146
1561,1564,10.2142315
1561,1580,8.857157
1561,1606,13.559313
1562,1568,7.101682
1562,1573,6.326913
1562,1594,11.574404
1562,1597,9.5330105
1563,1588,9.814069
1563,1596,10.7650585
1564,1606,12.854013
1565,1576,13.011458
1565,1584,9.3622875
1565,1589,7.623837
1565,1610,14.955487
1565,1616,14.997554
1566,1592,7.2997346
1567,1572,6.5965614
1568,1573,12.27863
1568,1594,8.321021
1568,1597,10.694154
1568,1603,13.269913
1569,1579,12.9499655
1569,1581,12.509699
1569,1609,13.202788
1570,1584,10.140402
1570,1586,5.599619
1570,1601,14.711069
1570,1607,11.754467
1571,1578,10.157269
1571,1590,13.094195
1571,1599,9.893245
1571,1604,13.702257
1573,1593,10.846563
1573,1594,12.858789
1573,1597,7.7051206
1573,1613,11.767607
1574,1583,9.550201
1574,1590,10.797261
1574,1614,10.488021
1575,1582,10.067474
1575,1583,13.434393
1575,1600,8.810762
1576,1587,12.265699
1576,1589,11.031842
1576,1591,6.1115217
1576,1610,10.31857
1576,1611,10.698701
1577,1585,7.440457
1577,1593,7.6717978
1577,1608,9.205552
1577,1615,10.852226
1578,1603,11.208924
1578,1604,8.809988
1579,1580,11.371215
1579,1602,7.5628986
1580,1602,8.980902
1580,1606,11.89981
1580,1618,9.258413
1581,1598,9.982789
1581,1609,10.7001095
1582,1601,11.920351
1583,1600,8.260546
1583,1614,10.341674
1584,1586,8.314179
1584,1589,9.34642
1584,1607,10.101743
1584,1616,8.840361
1585,1588,11.895434
1585,1593,13.771077
1585,1608,8.580036
1585,1615,14.104196
1585,1617,12.729366
1586,1601,12.025669
1586,1607,6.1556497
1586,1616,13.74291
1586,1626,13.416252
1587,1591,7.8555293
1587,1611,10.154887
1587,1612,10.700608
1587,1631,12.490024
1588,1596,8.010847
1588,1617,8.860198
1589,1591,14.520081
1589,1610,7.8570848
1589,1616,9.489418
1589,1630,11.908095
1590,1599,8.088312
1590,1614,13.855234
1590,1621,9.649027
1590,1649,14.839498
1591,1610,9.98874
1591,1611,5.320647
1591,1631,12.108798
1591,1634,12.147357
1592,1605,12.867461
1593,1597,14.254729
1593,1608,9.807483
1593,1613,9.276118
1593,1615,5.971916
1593,1625,9.792664
1594,1597,6.3043947
1594,1603,8.833898
1594,1613,14.46879
1594,1620,8.065359
1594,1629,12.550943
1594,1637,12.330537
1594,1647,14.987012
1595,1598,10.482805
1595,1627,14.743992
1596,1617,12.164817
1596,1652,14.497219
1597,1613,9.121795
1597,1620,10.214879
1597,1625,14.587864
1597,1629,10.1925125
1598,1632,9.605544
1599,1604,11.746451
1599,1621,7.157648
1599,1633,9.87549
1599,1638,14.91905
1599,1646,13.588788
1600,1614,14.139278
1600,1640,13.54304
1601,1607,11.889719
1601,1626,9.665925
1602,1618,9.966078
1603,1604,9.016801
1603,1620,10.423276
1603,1637,7.9348135
1603,1638,13.110237
1603,1647,13.215109
1604,1633,10.053357
1604,1637,13.027767
1604,1638,8.584804
1605,1612,12.454924
1605,1635,8.480666
1605,1654,14.690287
1606,1618,9.68072
1606,1622,7.166737
1606,1662,14.157849
1607,1616,10.771493
1607,1626,8.620366
1607,1642,10.263594
1607,1650,12.289279
1608,1615,6.7494917
1608,1617,13.81304
1608,1625,12.378463
1608,1644,9.541884
1609,1632,14.913974
1610,1611,8.949995
1610,1616,12.096984
1610,1630,7.622651
1610,1634,9.372385
1610,1651,12.2996435
1611,1630,14.301347
1611,1631,7.6247816
1611,1634,7.11223
1611,1655,12.707257
1611,1665,14.779502
1612,1631,12.412558
1612,1635,12.492503
1612,1654,12.695244
1613,1615,9.051049
1613,1620,13.278622
1613,1625,5.4660864
1613,1629,7.0685062
1614,1645,8.577993
1614,1649,11.615322
1615,1625,6.055699
1615,1644,13.460306
1616,1630,9.127754
1616,1642,8.5467
1616,1648,8.8211
1616,1651,13.568771
1617,1644,10.904717
1617,1652,11.65894
1618,1622,13.694108
1618,1662,11.6106415
1619,1641,10.126315
1619,1657,8.329427
1620,1629,7.654948
1620,1637,7.5099244
1620,1647,7.487504
1620,1670,14.500925
1621,1633,8.369504
1621,1638,14.866334
1621,1646,6.513429
1621,1649,10.806734
1621,1653,10.914708
1621,1673,11.916904
1622,1662,11.432268
1623,1628,8.41855
1623,1639,11.235183
1623,1658,8.000444
1623,1663,11.4822855
1624,1639,9.645126
1624,1643,8.816427
1625,1629,9.856633
1625,1669,14.326747
1625,1676,13.129154
1626,1642,11.844309
1626,1650,8.283611
1626,1664,9.074239
1627,1636,10.218192
1627,1656,11.05038
1627,1666,11.643894
1627,1671,10.071694
1628,1658,12.837468
1628,1659,9.912065
1628,1663,8.358193
1629,1637,14.629119
1629,1647,12.0220785
1630,1634,10.261603
1630,1642,13.066474
1630,1648,7.764185
1630,1651,5.6304803
1630,1665,11.651979
1630,1679,12.6868105
1631,1634,8.144727
1631,1655,7.3856263
1631,1665,13.115716
1632,1661,10.325202
1632,1668,10.259697
1633,1638,6.509181
1633,1646,10.501
1633,1653,6.896687
1633,1673,13.7109785
1634,1651,10.312965
1634,1655,8.045552
1634,1665,7.711953
1635,1654,6.8874793
1636,1656,5.5251255
1636,1667,8.057175
1636,1671,13.882612
1637,1638,11.387523
1637,1647,5.6599483
1637,1670,8.924878
1638,1653,9.80425
1638,1670,11.559517
1638,1684,12.840381
1639,1658,8.892582
1639,1681,10.522753
1640,1674,10.110386
1640,1680,12.653074
1641,1643,11.88146
1641,1657,10.822271
1642,1648,6.519173
1642,1650,7.02473
1642,1651,14.371281
1642,1675,8.759299
1644,1669,10.239132
1644,1677,10.198751
1644,1688,12.306898
1645,1649,7.6531744
1645,1678,9.78747
1645,1685,13.938437
1646,1649,7.6791935
1646,1653,8.337465
1646,1673,5.4758496
1646,1685,12.834077
1646,1692,12.464732
1647,1670,7.4296565
1648,1650,12.378023
1648,1651,7.8692846
1648,1675,8.386659
1648,1679,10.190739
1648,1696,13.512766
1649,1673,9.722191
1649,1678,14.913187
1649,1685,11.422798
1650,1664,10.0899315
1650,1675,8.877461
1650,1682,11.49903
1650,1695,12.052257
1651,1655,14.628417
1651,1665,7.6635504
1651,1675,13.705907
1651,1679,7.4599094
1651,1697,10.965076
1652,1688,12.935898
1652,1693,12.016804
1653,1673,8.582147
1653,1684,11.848676
1653,1692,10.898746
1654,1683,10.350796
1655,1665,7.561483
1655,1697,14.560754
1656,1667,6.770675
1656,1671,10.044067
1656,1704,14.175477
1657,1667,14.096459
1657,1702,10.6704235
1658,1663,9.682877
1658,1681,8.9831505
1658,1690,10.024399
1659,1663,7.5912232
1659,1672,13.873281
1659,1686,10.666472
1659,1705,13.221071
1660,1687,11.82637
1660,1694,14.105152
1661,1666,7.911675
1661,1668,13.364564
1661,1691,14.18362
1661,1701,12.080215
1662,1694,14.469764
1662,1700,12.407056
1663,1690,9.112156
1664,1682,7.5581484
1664,1707,13.143456
1664,1712,14.693112
1665,1679,10.423413
1665,1697,8.638835
1666,1671,7.529011
1666,1691,8.530377
1666,1701,12.905067
1668,1689,8.555435
1669,1676,7.123011
1669,1677,7.040838
1669,1688,14.009126
1669,1709,11.672835
1669,1710,10.181328
1670,1684,9.588393
1671,1691,6.9842086
1671,1704,10.842987
1672,1686,8.278905
1672,1705,14.15565
1673,1685,8.69019
1673,1692,7.2832975
1674,1680,8.342314
1674,1703,14.2602005
1674,1706,9.686654
1675,1679,10.5311985
1675,1695,8.614411
1675,1696,7.174327
1676,1677,13.413377
1676,1709,14.225777
1676,1710,8.654119
1676,1711,10.401517
1677,1688,7.222751
1677,1709,8.61362
1677,1710,11.943793
1677,1723,13.763878
1678,1680,13.02864
1678,1685,12.729
1678,1698,8.553242
1678,1703,12.219425
1679,1696,8.865122
1679,1697,6.534332
1679,1729,14.133917
1680,1703,7.1994343
1680,1706,13.300774
1680,1734,14.676744
1681,1690,10.836085
1681,1719,10.828004
1682,1695,9.820519
1682,1707,5.5863266
1682,1712,9.942104
1682,1730,11.993982
1683,1715,7.852259
1683,1731,13.338942
1684,1692,14.687226
1684,1721,11.631683
1685,1692,9.945047
1685,1698,7.5421486
1686,1705,5.990079
1686,1736,14.398019
1687,1689,11.309558
1687,1716,12.022336
1687,1728,11.307984
1688,1693,11.728531
1688,1709,12.656229
1688,1723,13.104767
1689,1738,14.056325
1690,1719,12.78762
1691,1701,10.368415
1691,1704,8.870047
1692,1721,13.969903
1694,1700,12.933649
1694,1716,10.007967
1694,1727,11.13907
1694,1737,12.5777235
1695,1696,8.1090145
1695,1707,7.884651
1695,1726,8.252813
1695,1730,13.637571
1696,1697,13.179853
1696,1726,10.205655
1696,1729,10.615416
1696,1745,14.983444
1697,1717,13.963777
1697,1729,13.195719
1698,1733,10.412819
1699,1700,8.012822
1699,1708,10.789068
1699,1722,10.815061
1699,1735,11.627115
1699,1743,14.021854
1700,1727,10.658898
1700,1735,14.1439705
1700,1742,11.640119
1700,1743,13.457409
1701,1746,12.656397
1702,1713,9.093686
1702,1718,9.768739
1703,1706,14.729634
1703,1734,9.718444
1705,1736,9.837617
1706,1712,8.597207
1706,1732,10.462283
1706,1734,12.179001
1706,1755,13.66945
1707,1712,9.122321
1707,1726,11.179365
1707,1730,7.210879
1707,1732,12.682267
1707,1747,13.947482
1708,1722,8.613708
1708,1735,14.049681
1708,1741,14.54709
1709,1710,7.3494835
1709,1711,14.937914
1709,1723,8.523861
1709,1724,7.767458
1709,1749,12.051834
1710,1711,7.8943887
1710,1724,7.661085
1711,1724,11.442573
1711,1725,9.290269
1711,1767,14.462638
1712,1730,8.048316
1712,1732,6.0239434
1712,1747,11.03309
1713,1718,14.736679
1714,1725,8.822785
1714,1744,10.957566
1715,1731,11.437979
1715,1748,10.745986
1716,1727,14.646394
1716,1728,7.580161
1716,1737,7.750572
1716,1750,14.801642
1716,1751,11.154696
1716,1759,12.912262
1717,1731,14.331346
1717,1756,10.751775
1718,1739,14.262392
1718,1766,13.554447
1719,1753,14.102885
1719,1773,13.957416
1720,1754,9.676156
1720,1769,13.256294
1721,1763,13.609288
1721,1770,12.245942
1722,1735,5.960275
1722,1741,11.9664755
1722,1743,11.171961
1722,1757,8.80777
1723,1724,12.094745
1723,1749,10.35052
1723,1752,8.389683
1723,1781,14.5885725
1724,1749,7.6698513
1724,1767,9.798548
1725,1744,10.625601
1725,1762,10.771703
1726,1729,11.304168
1726,1730,12.39087
1726,1745,7.1691194
1727,1737,10.008289
1727,1742,6.813102
1727,1743,12.439949
1727,1750,7.400357
1727,1759,13.334161
1727,1765,10.0967865
1727,1783,14.521682
1728,1737,11.464944
1728,1751,8.629718
1728,1759,13.686161
1728,1760,8.658967
1728,1782,14.55936
1729,1745,9.811645
1729,1768,9.276309
1730,1732,7.5443397
1730,1747,6.8036175
1730,1778,12.930141
1731,1748,11.092065
1731,1756,13.00624
1731,1771,9.427502
1731,1774,14.55499
1731,1790,14.362834
1732,1747,6.1320744
1732,1755,10.078102
1733,1788,13.845787
1734,1755,10.482926
1735,1742,10.579886
1735,1743,5.229873
1735,1757,7.5782995
1735,1777,11.868144
1735,1793,14.690135
1736,1754,12.562153
1736,1758,12.771644
1737,1750,7.3284593
1737,1751,8.055695
1737,1759,6.0061903
1737,1760,14.899233
1737,1765,14.460538
1737,1782,12.216827
1737,1783,11.526781
1738,1761,10.352933
1738,1779,13.062621
1738,1780,10.217675
1739,1753,10.6777525
1739,1775,11.555931
1740,1741,10.749417
1740,1772,7.568064
1741,1757,11.474671
1741,1772,11.246704
1741,1794,13.383912
1742,1743,5.829121
1742,1750,9.821115
1742,1765,6.8174944
1742,1777,10.100611
1743,1757,10.348715
1743,1765,10.0512295
1743,1777,8.171505
1743,1793,14.1936455
1744,1762,9.685836
1744,1763,10.917045
1744,1787,12.672776
1744,1804,13.420513
1745,1768,9.784359
1745,1778,12.638731
1745,1786,9.218386
1746,1761,8.744987
1746,1789,10.897464
1747,1755,11.8854
1747,1778,10.565638
1748,1764,8.168652
1748,1771,7.4360924
1748,1774,5.7848926
1748,1797,11.776879
1749,1752,11.212834
1749,1767,10.359503
1749,1781,12.354166
1749,1795,11.305279
1750,1751,12.780664
1750,1759,7.0313644
1750,1765,7.1558795
1750,1782,13.709105
1750,1783,7.185568
1750,1800,12.936393
1750,1801,14.920177
1751,1759,6.1788907
1751,1760,7.299582
1751,1782,6.236499
1751,1783,12.270413
1751,1791,11.546544
1751,1801,13.9373255
1751,1805,14.590937
1752,1781,6.9471273
1752,1795,14.445998
1753,1773,13.726308
1753,1802,12.097388
1754,1769,9.48012
1756,1776,7.221682
1756,1790,10.974391
1756,1792,13.134476
1757,1777,11.838354
1757,1793,9.198016
1757,1794,12.870191
1758,1773,13.733688
1758,1807,12.741036
1759,1760,13.281815
1759,1765,13.2080145
1759,1782,7.0503044
1759,1783,6.64901
1759,1800,13.757107
1759,1801,11.251064
1760,1779,9.308146
1760,1782,9.694042
1760,1791,8.509376
1760,1799,12.619234
1760,1805,13.806813
1761,1780,9.634007
1761,1789,11.957044
1761,1798,10.809863
1761,1809,12.459935
1762,1767,11.088234
1762,1787,8.306978
1762,1803,14.21606
1762,1804,14.634148
1763,1770,10.414991
1763,1814,14.3975115
1764,1771,13.563195
1764,1774,7.497384
1764,1797,10.739824
1765,1777,7.8640213
1765,1783,9.353837
1765,1800,10.709882
1765,1808,11.832234
1766,1775,12.112269
1767,1803,11.632481
1768,1776,14.746772
1768,1786,9.533088
1768,1792,12.321547
1768,1817,13.754046
1769,1812,12.094545
1770,1785,8.901082
1770,1814,14.816927
1771,1774,6.607777
1771,1790,10.849225
1771,1797,10.131898
1772,1794,12.992271
1773,1802,13.773594
1773,1806,10.303477
1774,1797,5.992044
1775,1811,12.683752
1776,1790,13.120232
1776,1792,5.92466
1777,1793,9.266205
1777,1800,13.67399
1777,1808,9.431261
1777,1816,11.74778
1778,1786,12.215412
1779,1780,9.119431
1779,1791,9.983431
1779,1798,14.316845
1779,1799,8.831517
1779,1818,12.426105
1780,1798,6.565219
1780,1799,14.98536
1780,1809,12.97001
1780,1818,9.890091
1781,1795,9.287353
1782,1783,9.715039
1782,1791,8.259868
1782,1799,14.090961
1782,1800,14.926834
1782,1801,8.185613
1782,1805,9.10686
1782,1819,11.020672
1783,1800,7.158104
1783,1801,7.928175
1783,1808,14.025875
1783,1819,13.604872
1783,1829,13.953341
1784,1813,11.516526
1785,1810,8.5671625
1786,1817,11.205949
1787,1803,11.758222
1787,1804,8.042066
1788,1796,11.344613
1788,1823,10.457664
1789,1798,14.130954
1789,1809,8.93548
1789,1813,11.437614
1789,1831,12.000609
1790,1826,10.797467
1791,1799,5.903672
1791,1801,13.077112
1791,1805,5.789657
1791,1819,11.980775
1791,1830,14.059812
1791,1838,14.075809
1792,1817,12.758138
1793,1794,11.30974
1793,1808,12.960588
1793,1816,7.300241
1793,1828,11.615211
1794,1828,11.925475
1794,1844,13.777929
1795,1803,14.45664
1796,1810,11.471023
1796,1823,12.575198
1797,1825,11.172305
1798,1809,6.9231415
1798,1818,7.529178
1798,1841,13.022376
1799,1805,8.237908
1799,1818,11.26237
1799,1819,14.693723
1799,1830,8.445576
1799,1838,11.732316
1800,1801,8.629596
1800,1808,7.945653
1800,1819,13.07912
1800,1829,8.741799
1800,1835,14.180847
1801,1805,9.548172
1801,1819,5.678808
1801,1829,9.073101
1801,1833,10.66275
1802,1806,6.737126
1802,1811,11.343806
1802,1832,14.787226
1804,1814,10.733539
1804,1845,12.412678
1805,1819,6.601144
1805,1830,13.825079
1805,1833,11.493361
1805,1838,9.871532
1805,1853,14.132146
1806,1832,9.753975
1807,1842,11.040157
1808,1816,9.087327
1808,1829,12.90737
1808,1835,9.324729
1809,1818,12.7059555
1809,1831,8.748039
1809,1841,12.224052
1810,1839,9.246774
1812,1821,9.66482
1812,1837,9.593156
1813,1831,12.74372
1813,1836,8.043317
1814,1846,12.910565
1814,1847,10.711454
1815,1843,9.53159
1816,1828,9.03645
1816,1835,10.254602
1816,1858,11.462072
1818,1830,8.033688
1818,1841,10.695516
1819,1829,9.087303
1819,1833,6.1269364
1819,1838,11.251297
1819,1853,10.817317
1819,1859,12.883824
1820,1854,10.607498
1820,1866,14.90732
1821,1834,12.223485
1821,1837,14.686173
1822,1850,10.800801
1823,1824,13.17718
1823,1848,10.986409
1823,1863,12.6371155
1824,1848,11.145403
1826,1840,11.256689
1827,1843,14.19032
1827,1850,13.419983
1827,1855,7.541103
1827,1872,12.74347
1828,1844,9.402098
1828,1858,9.54276
1828,1865,10.766385
1829,1833,7.7622232
1829,1835,12.859049
1829,1852,8.873924
1829,1853,12.947777
1829,1859,11.170131
1830,1838,9.894214
1830,1841,13.436905
1830,1861,10.6225605
1831,1836,9.153986
1831,1841,12.139485
1831,1871,12.138934
1832,1842,10.000863
1833,1838,10.645956
1833,1852,11.365488
1833,1853,5.7175775
1833,1859,6.757537
1833,1873,11.668087
1833,1881,14.069341
1833,1885,13.734116
1834,1882,14.385279
1835,1852,11.163848
1835,1858,10.055043
1835,1874,11.443072
1836,1871,10.846496
1837,1860,7.238118
1837,1862,9.72844
1838,1853,8.492542
1838,1859,13.525469
1838,1861,11.6015
1838,1873,10.723031
1839,1857,9.978807
1839,1863,14.838984
1839,1890,12.916198
1840,1891,12.392741
1841,1861,14.521167
1841,1877,13.457634
1842,1868,7.8337345
1843,1855,14.81886
1843,1872,9.803986
1843,1880,12.379395
1844,1851,9.840657
1844,1865,9.649445
1844,1867,8.33674
1844,1884,12.077812
1845,1847,12.652658
1845,1875,10.167345
1846,1847,10.573791
1846,1857,9.023632
1846,1878,11.388391
1847,1878,10.441118
1847,1894,13.001064
1848,1863,11.637782
1848,1887,10.849904
1848,1895,12.536111
1849,1856,9.507915
1849,1869,10.598305
1850,1855,11.64597
1850,1876,7.9139776
1850,1892,13.112745
1851,1864,8.86595
1851,1867,6.5745034
1851,1884,14.373066
1851,1900,12.79046
1852,1853,13.259317
1852,1859,8.630093
1852,1874,12.405181
1852,1881,12.890882
1852,1885,9.501776
1852,1893,10.91161
1853,1859,5.0606523
1853,1873,5.986525
1853,1881,10.054838
1853,1885,11.2550535
1853,1898,13.002543
1853,1902,14.501714
1854,1866,7.809619
1854,1886,9.135546
1855,1872,8.151243
1855,1876,13.601285
1855,1892,11.3924265
1857,1878,13.560702
1857,1890,11.788223
1858,1865,8.862837
1858,1874,10.4919195
1858,1888,9.63655
1858,1905,14.76873
1858,1906,14.870257
1859,1873,8.079167
1859,1881,7.529617
1859,1885,7.0487943
1859,1893,14.502056
1859,1898,13.510351
1859,1902,11.758201
1860,1862,5.946545
1860,1889,10.8592825
1860,1908,11.830591
1861,1873,14.132658
1861,1877,6.6573343
1861,1899,9.952345
1861,1903,10.82372
1862,1882,10.783649
1862,1889,6.0131006
1862,1908,11.409769
1863,1890,14.4970875
1863,1895,11.016447
1864,1867,12.732465
1864,1900,12.810655
1864,1911,12.540838
1865,1867,11.543394
1865,1884,7.707271
1865,1888,6.963751
1865,1905,11.560538
1865,1914,13.118615
1866,1886,7.0298805
1867,1884,7.7997394
1867,1900,8.869036
1867,1914,14.293293
1868,1907,10.600137
1869,1870,12.644957
1870,1879,12.167251
1872,1880,13.552101
1872,1892,14.699793
1872,1913,14.953378
1872,1915,13.300296
1873,1881,7.4143085
1873,1885,10.570726
1873,1898,7.148779
1873,1899,13.184062
1873,1902,11.138428
1874,1888,11.634088
1874,1893,9.738279
1874,1905,13.687054
1874,1906,8.854704
1874,1918,14.898499
1875,1894,9.7821045
1876,1883,13.010277
1876,1892,7.5866857
1876,1916,12.24397
1877,1899,9.445723
1877,1903,6.0942235
1877,1904,8.461124
1877,1926,13.994672
1878,1894,10.119347
1879,1891,9.947087
1879,1919,11.950554
1880,1913,10.072151
1881,1885,4.019707
1881,1893,12.178889
1881,1898,8.038136
1881,1902,4.462372
1881,1924,11.443132
1882,1889,6.619259
1882,1908,14.919759
1883,1909,8.342105
1883,1910,14.320642
1883,1916,10.692179
1884,1888,10.1068945
1884,1900,9.661516
1884,1905,11.3916
1884,1914,7.3122387
1884,1923,14.60569
1885,1893,8.668633
1885,1898,12.032512
1885,1902,5.956043
1885,1924,12.534369
1886,1901,11.871133
1886,1917,12.841928
1887,1895,10.641345
1888,1905,5.3645988
1888,1906,8.833758
1888,1914,11.200735
1888,1918,10.730619
1889,1908,8.9773445
1890,1937,14.616684
1891,1896,7.5852113
1891,1919,10.921033
1892,1915,8.876402
1892,1916,14.502002
1892,1927,12.555951
1893,1902,11.050675
1893,1906,13.425984
1893,1924,13.912374
1893,1945,13.812768
1894,1929,11.6496935
1895,1941,12.085524
1896,1897,11.7011595
1896,1919,13.455336
1896,1932,12.133779
1897,1910,12.356517
1898,1899,9.949505
1898,1902,8.71043
1898,1924,12.274481
1898,1946,13.278479
1899,1903,6.389299
1899,1904,13.903792
1899,1926,9.602862
1899,1951,14.987667
1900,1911,8.184545
1900,1914,11.293319
1900,1923,9.017775
1900,1944,14.879808
1901,1912,7.774154
1901,1939,11.231061
1901,1948,12.538266
1902,1924,7.0381618
1902,1946,12.155293
1903,1904,7.531782
1903,1926,7.9025984
1903,1931,12.272087
1904,1926,11.998592
1904,1931,9.387175
1904,1938,14.643762
1905,1906,6.939213
1905,1914,8.743434
1905,1918,5.8299146
1905,1928,13.946783
1905,1934,10.275989
1906,1918,6.0758433
1906,1928,9.584895
1906,1934,13.681476
1907,1920,8.816871
1907,1940,13.787572
1907,1950,13.716419
1909,1910,8.652891
1909,1916,9.591271
1909,1933,12.452713
1911,1922,9.242308
1911,1923,9.771001
1911,1942,8.975825
1911,1955,14.191538
1912,1939,14.131167
1912,1948,9.957759
1913,1915,14.10889
1913,1947,8.673838
1914,1918,12.101177
1914,1923,10.776716
1914,1934,10.042484
1914,1944,11.1626
1914,1956,14.095876
1915,1927,12.903494
1916,1927,10.487903
1916,1933,7.209702
1917,1935,12.225021
1917,1939,13.476102
1918,1928,8.552727
1918,1934,7.661688
1918,1956,14.449978
1919,1932,13.194316
1920,1936,8.004704
1920,1950,13.319684
1921,1922,6.7256746
1921,1930,10.016121
1921,1942,13.331065
1921,1953,10.232801
1922,1942,7.185848
1922,1953,10.024568
1922,1955,14.203827
1923,1942,10.8198185
1923,1944,6.5774317
1923,1955,10.159614
1923,1956,14.647266
1923,1961,11.436295
1924,1945,12.978209
1924,1946,6.477552
1925,1940,13.146912
1925,1957,11.045279
1925,1966,11.85002
1926,1931,9.70086
1926,1951,9.847147
1927,1933,9.201362
1927,1965,10.456608
1928,1934,13.332842
1928,1945,7.898903
1928,1978,14.129938
1928,1982,12.813917
1929,1949,11.137405
1929,1984,14.193377
1931,1938,9.7755165
1931,1970,13.229419
1931,1979,12.207314
1932,1960,11.104173
1933,1975,11.554291
1933,1987,14.480239
1934,1944,11.155902
1934,1956,6.931223
1934,1961,14.461602
1934,1978,10.8511715
1935,1943,7.0669007
1935,1958,12.140679
1935,1972,12.590241
1937,1952,13.28413
1937,1963,12.643197
1937,1967,11.829823
1938,1943,10.044386
1938,1958,11.23308
1938,1970,10.541493
1938,1971,10.763003
1938,1979,14.873068
1939,1948,8.554969
1939,1962,9.30997
1940,1950,8.222759
1940,1957,9.712848
1940,1980,11.251349
1941,1952,9.295697
1941,1964,11.650844
1942,1944,14.652633
1942,1953,10.656303
1942,1955,7.099912
1942,1992,13.878989
1943,1958,7.7155023
1943,1971,11.980306
1943,1972,12.094568
1944,1955,10.369363
1944,1956,8.267505
1944,1961,6.1770787
1944,1994,13.565267
1945,1982,11.634865
1945,1988,12.096191
1946,1951,11.538278
1947,1954,10.473609
1947,1968,8.795979
1948,1962,13.177928
1949,1963,12.712636
1949,1985,10.793305
1950,1957,14.171021
1950,1973,8.021772
1950,1980,8.532882
1951,1989,11.013451
1951,1998,14.699745
1952,1967,8.788876
1952,1986,10.104
1953,1955,14.045019
1953,1969,8.837915
1953,1993,10.447271
1954,1965,13.049109
1954,1968,11.879636
1954,1991,8.1576605
1955,1961,8.801102
1955,1992,7.974805
1955,1993,13.857276
1956,1961,8.601314
1956,1978,9.07899
1956,1994,10.487889
1957,1966,8.424406
1957,1980,9.789219
1957,2002,13.115195
1958,1970,11.897604
1958,1971,5.3689723
1958,1972,7.032342
1958,1999,12.644156
1959,1983,8.311832
1959,2003,14.2196245
1959,2004,11.612909
1960,1996,9.545936
1961,1992,10.452825
1961,1994,8.095703
1962,1981,11.131245
1963,1967,14.429382
1963,1985,11.832689
1963,2005,11.666544
1964,1976,12.340222
1964,1986,13.334031
1964,2006,12.171423
1965,1987,9.718252
1965,1991,13.398647
1965,2001,10.217111
1967,1986,12.217784
1967,2005,13.848772
1967,2009,10.219808
1968,1991,13.071367
1968,1997,9.888277
1968,2011,9.6958885
1969,1993,11.6497
1969,1997,12.3263035
1969,2014,10.967489
1969,2022,14.280802
1970,1971,6.9392724
1970,1979,7.1727867
1970,1995,12.066148
1970,1999,7.120878
1971,1972,10.672267
1971,1979,14.095553
1971,1999,7.6559186
1973,1980,10.181361
1973,2019,14.535415
1973,2021,13.682756
1974,1990,12.896975
1974,2016,12.4084635
1975,1987,10.295937
1975,2028,14.963457
1976,2015,14.300372
1976,2020,13.809053
1977,2007,12.179144
1978,1982,11.880248
1978,1994,13.859121
1978,2012,10.388648
1979,1989,12.589279
1979,1995,6.043721
1979,1999,11.599564
1980,2002,7.8838434
1982,1988,7.9797807
1982,2012,14.294429
1982,2018,11.105184
1983,2000,10.183328
1983,2003,6.291406
1983,2004,10.2744465
1983,2038,14.960754
1984,1985,11.907959
1984,2013,10.384226
1984,2032,12.773494
1985,2030,10.822613
1986,2006,9.533764
1986,2009,11.305214
1986,2023,10.592394
1987,2001,10.054522
1987,2036,13.559886
1988,2008,8.096869
1988,2018,11.725997
1989,1995,9.160596
1989,1998,11.248309
1989,2026,11.667205
1990,2016,12.578099
1990,2024,11.0424385
1991,2001,11.5542145
1991,2011,10.800936
1991,2017,8.012813
1992,1993,9.59353
1992,1994,12.398695
1992,2025,11.325195
1993,2014,14.259387
1993,2022,8.960147
1993,2042,14.922353
1994,2012,14.3003845
1994,2025,13.01383
1995,1999,13.632066
1995,2026,9.33281
1995,2031,13.829071
1996,2010,13.634795
1997,2011,12.065966
1997,2014,13.1854515
1998,2008,13.20464
1998,2037,11.774619
1999,2031,9.548324
2000,2003,6.7796607
2000,2019,12.574947
2000,2038,11.762384
2001,2017,11.62678
2001,2036,11.804962
2001,2041,11.291041
2002,2021,12.194514
2003,2004,10.761884
2003,2038,8.86808
2004,2038,14.2685375
2004,2058,13.882742
2005,2009,12.741917
2005,2030,13.440054
2005,2034,9.040536
2005,2051,12.98799
2006,2020,11.068045
2006,2023,8.942845
2006,2054,13.636563
2007,2040,10.317779
2008,2018,13.132338
2008,2037,12.2665825
2008,2045,11.947406
2009,2023,11.779637
2009,2034,10.116471
2009,2059,13.865506
2011,2017,10.044702
2011,2029,6.9791737
2012,2018,13.015136
2012,2049,13.210763
2013,2032,10.095022
2013,2033,8.997284
2014,2022,9.049679
2014,2044,8.802768
2014,2046,8.025448
2015,2020,14.7435
2015,2035,8.788545
2015,2061,14.194056
2016,2024,14.3585415
2016,2048,14.142499
2016,2066,11.2205
2017,2029,10.230866
2017,2041,12.335222
2017,2062,11.457961
2018,2045,12.233431
2018,2049,10.363635
2019,2021,8.141613
2019,2053,10.859783
2019,2057,12.289979
2020,2054,13.099542
2020,2061,11.882735
2021,2057,8.976748
2021,2069,13.048628
2022,2042,10.368184
2022,2044,7.273453
2022,2046,13.909122
2022,2089,14.040723
2023,2054,10.584823
2023,2059,13.088324
2024,2048,7.2773786
2024,2055,10.432686
2024,2080,13.79036
2025,2042,8.7194395
2025,2067,11.20881
2026,2031,14.272823
2026,2060,12.788463
2027,2043,13.591276
2028,2036,11.997559
2028,2065,10.978315
2028,2074,12.425929
2029,2056,12.119628
2029,2062,13.647432
2029,2068,9.400589
2029,2075,13.250291
2030,2032,12.714254
2030,2039,8.264702
2030,2051,14.155579
2031,2071,11.334854
2032,2033,14.456107
2032,2039,7.267486
2032,2063,9.73156
2033,2063,14.882004
2033,2082,13.621028
2034,2051,8.109767
2034,2059,12.026272
2035,2040,14.596493
2035,2050,6.9276752
2035,2061,13.22395
2035,2090,11.267489
2036,2041,8.900245
2036,2074,13.851975
2036,2081,10.996758
2037,2045,11.426866
2037,2060,12.670609
2037,2085,14.776903
2038,2053,13.532976
2038,2058,9.65228
2038,2088,12.284531
2039,2063,9.957474
2039,2096,13.496993
2040,2050,9.0306425
2040,2070,9.509995
2040,2083,9.84676
2040,2094,14.857244
2041,2062,8.964508
2041,2081,12.5270605
2042,2044,12.694512
2042,2067,9.716168
2042,2089,8.512644
2043,2076,9.064371
2043,2091,14.815842
2044,2046,8.552578
2044,2084,9.609686
2044,2089,11.296446
2045,2085,9.278024
2046,2056,9.257062
2046,2084,10.564681
2047,2072,6.7725134
2047,2101,13.542059
2048,2055,9.597586
2048,2066,10.2499075
2048,2080,6.708009
2048,2092,12.296155
2048,2097,12.240488
2049,2095,10.6002245
2050,2083,9.731497
2050,2090,10.401258
2050,2104,13.977059
2052,2073,9.495679
2052,2087,9.8276825
2053,2057,13.292112
2053,2111,14.514293
2055,2064,11.906909
2055,2080,11.305319
2055,2092,8.273472
2055,2115,14.487455
2056,2068,9.97532
2056,2099,10.137417
2057,2069,7.2941213
2058,2078,7.539531
2058,2088,9.229597
2060,2106,12.033827
2061,2090,12.87859
2062,2068,11.99405
2062,2075,6.6119213
2062,2103,11.797002
2063,2096,12.596288
2063,2112,14.440974
2064,2077,12.970596
2064,2092,14.272233
2064,2122,13.109814
2065,2074,6.827553
2065,2077,7.9250007
2065,2093,5.2304134
2065,2108,14.131494
2065,2116,13.055752
2066,2070,13.157107
2066,2079,7.3848295
2066,2080,10.204391
2066,2094,13.665654
2066,2097,11.670513
2066,2102,10.5062065
2067,2089,11.426305
2067,2105,9.962562
2067,2109,14.493614
2068,2075,7.0915313
2068,2099,13.191281
2068,2123,12.276953
2069,2073,8.794712
2070,2079,7.2973185
2070,2083,8.066617
2070,2094,5.4737377
2070,2102,12.536786
2070,2118,11.27013
2071,2086,13.022707
2071,2113,14.277411
2072,2100,10.2701025
2072,2101,8.213679
2072,2121,11.82228
2074,2077,14.014735
2074,2081,8.78128
2074,2093,8.259136
2074,2116,11.779852
2075,2103,11.501365
2075,2123,13.319586
2076,2091,9.50776
2076,2098,10.205633
2076,2126,14.051893
2077,2093,6.81075
2077,2108,8.583411
2077,2116,13.990815
2077,2122,13.923511
2078,2088,9.311798
2079,2080,14.623897
2079,2083,14.969258
2079,2094,6.2989845
2079,2097,12.940532
2079,2102,6.355802
2079,2118,10.528852
2080,2092,8.766453
2080,2097,5.701373
2080,2102,12.588196
2080,2115,14.095169
2081,2103,14.351957
2081,2130,13.153935
2082,2112,13.46035
2083,2090,13.821984
2083,2094,10.282578
2083,2104,8.18498
2083,2118,13.732665
2084,2089,12.146699
2084,2099,13.653632
2084,2107,9.495315
2084,2124,10.813624
2085,2120,9.876494
2086,2100,11.921151
2086,2114,8.222572
2086,2135,13.550619
2087,2091,7.599455
2089,2107,10.812219
2089,2109,9.772619
2090,2104,11.111274
2090,2117,8.932423
2090,2128,13.789696
2091,2126,10.471865
2092,2097,10.829153
2092,2115,6.804833
2093,2108,9.681402
2093,2116,8.406963
2094,2102,8.666997
2094,2104,14.968479
2094,2118,5.900636
2094,2131,14.328122
2095,2120,13.631258
2095,2129,10.833982
2095,2139,13.045795
2096,2132,11.910412
2097,2102,8.661245
2097,2115,13.531397
2097,2131,13.11616
2097,2145,14.486836
2098,2101,13.09871
2098,2125,14.109458
2099,2123,9.741155
2099,2124,11.311846
2099,2133,10.187077
2099,2146,14.971714
2100,2101,14.132721
2100,2114,9.164109
2100,2121,8.579665
2100,2135,13.638905
2101,2121,9.663656
2101,2125,7.9257994
2102,2118,8.873006
2102,2131,9.572762
2103,2147,12.725112
2104,2117,12.708838
2104,2128,7.4862576
2104,2138,9.766065
2105,2109,10.691169
2105,2110,12.464953
2105,2134,11.358432
2105,2149,13.107517
2106,2113,12.151772
2107,2109,7.6170363
2107,2124,10.168272
2107,2134,12.045133
2107,2136,7.837383
2108,2116,10.8897
2108,2122,7.877313
2109,2134,6.912228
2109,2136,12.055512
2109,2164,14.407566
2110,2139,11.850399
2110,2149,13.30637
2110,2153,13.604601
2111,2127,10.526827
2111,2152,12.884028
2113,2143,9.528813
2114,2121,14.952762
2114,2135,5.938631
2114,2154,14.077124
2115,2142,8.780843
2115,2145,10.125642
2116,2130,11.771127
2116,2157,13.741342
2117,2128,9.7942
2117,2148,10.961665
2118,2131,9.811246
2118,2138,13.178523
2119,2132,10.993989
2120,2129,9.203626
2120,2140,10.273779
2120,2155,14.140264
2121,2125,9.578018
2122,2142,13.901172
2123,2133,12.95533
2123,2146,8.15893
2124,2133,7.308683
2124,2136,8.770392
2124,2163,12.068388
2125,2167,12.320173
2126,2151,12.515063
2127,2152,13.260093
2127,2160,12.00653
2127,2169,12.222918
2128,2138,8.123963
2128,2171,12.445111
2129,2139,10.6115265
2129,2140,14.990623
2129,2155,10.4087305
2129,2166,13.27257
2131,2172,12.209163
2131,2173,10.888962
2132,2150,9.241573
2133,2136,13.937916
2133,2146,11.662664
2133,2163,9.898844
2133,2165,10.804488
2134,2136,11.959737
2134,2149,14.289515
2134,2164,8.308843
2135,2143,13.830856
2135,2154,9.731391
2136,2163,11.517972
2136,2164,11.754074
2137,2160,9.847623
2137,2170,8.773569
2138,2180,12.182856
2139,2153,7.432882
2139,2166,10.269586
2140,2155,11.454511
2140,2175,11.868074
2141,2156,9.275899
2141,2168,11.701952
2142,2145,9.548785
2142,2176,11.902969
2143,2181,11.292805
2144,2161,14.7291565
2144,2162,9.121991
2144,2183,12.588494
2145,2182,14.060902
2146,2158,8.454802
2146,2165,8.583709
2146,2186,12.460499
2146,2187,14.635563
2147,2158,14.299682
2147,2192,13.59526
2148,2171,10.5753975
2148,2174,13.478821
2148,2194,14.040216
2149,2153,11.768645
2149,2177,10.670215
2149,2190,13.991041
2151,2188,13.396271
2152,2156,13.79085
2152,2168,7.797619
2152,2169,10.639219
2152,2202,13.415161
2153,2166,9.558813
2153,2177,8.465293
2154,2197,13.787777
2154,2201,13.278798
2155,2166,11.800478
2155,2196,13.890401
2156,2168,6.3496704
2156,2202,12.051271
2157,2178,12.520363
2157,2184,13.822941
2157,2191,8.95962
2157,2204,13.206314
2158,2165,11.600121
2158,2186,8.717857
2158,2187,14.876272
2158,2210,11.471182
2159,2175,10.702284
2159,2207,11.675032
2160,2169,8.129956
2160,2170,13.270929
2160,2193,10.177109
2161,2162,7.7406487
2161,2179,14.764937
2162,2183,9.235895
2163,2165,10.792541
2163,2187,11.353639
2163,2200,10.264911
2163,2212,14.851162
2164,2190,13.277897
2164,2195,10.333991
2165,2186,8.289205
2165,2187,6.414797
2165,2200,14.544452
2165,2219,14.615796
2166,2177,14.080518
2166,2216,11.754656
2167,2201,14.612532
2167,2208,14.418994
2167,2225,13.742652
2168,2202,9.097661
2169,2193,11.212446
2169,2218,11.6462345
2170,2198,8.917296
2171,2194,13.468687
2171,2209,10.978942
2171,2213,12.065492
2172,2173,6.711316
2172,2180,12.251586
2172,2182,13.482297
2172,2185,5.373943
2172,2211,11.609553
2172,2214,11.591598
2173,2182,7.3544016
2173,2185,11.408752
2173,2214,10.557631
2174,2183,12.805813
2174,2194,11.703956
2175,2196,10.814789
2175,2207,12.299808
2175,2217,11.495558
2176,2178,9.689454
2176,2203,11.299132
2176,2206,14.610931
2177,2190,13.586015
2177,2220,9.17085
2177,2221,9.807068
2178,2203,9.8969555
2178,2204,10.295639
2180,2185,7.917352
2180,2209,13.622087
2180,2211,12.078363
2180,2228,11.438809
2181,2197,13.752129
2181,2215,9.368988
2182,2206,11.82407
2182,2214,10.098255
2182,2222,8.687643
2183,2237,13.344749
2184,2191,10.118714
2184,2192,12.934692
2184,2229,11.637153
2185,2211,7.664984
2185,2214,11.63944
2185,2228,11.9503
2186,2187,7.451727
2186,2210,8.277121
2186,2219,12.620061
2186,2227,9.444525
2187,2200,9.825863
2187,2210,14.848825
2187,2219,8.201069
2187,2227,11.208168
2188,2189,11.415538
2188,2231,12.673245
2189,2208,7.3647475
2189,2231,9.935747
2189,2240,13.172404
2190,2195,14.223145
2190,2220,9.296682
2190,2230,9.004592
2191,2204,10.589772
2191,2229,7.4180975
2191,2233,14.950581
2192,2210,13.759538
2192,2226,10.282823
2193,2198,10.669344
2193,2218,11.166537
2193,2224,8.2003145
2194,2209,14.93646
2194,2213,7.7074027
2195,2200,13.182984
2195,2212,6.426594
2195,2230,12.82967
2195,2234,11.518398
2196,2217,10.715754
2197,2201,13.234144
2197,2215,10.718426
2197,2238,7.8586016
2197,2239,13.296359
2198,2224,6.9738154
2199,2205,13.811125
2199,2232,10.590838
2200,2212,8.004129
2200,2219,8.281833
2200,2234,8.990135
2201,2225,13.038745
2201,2239,8.735831
2202,2218,11.768003
2203,2204,7.2008142
2203,2233,7.2560844
2204,2229,14.061311
2204,2233,6.224414
2205,2232,9.600403
2206,2222,10.022916
2207,2217,7.8261046
2207,2223,7.058457
2207,2235,5.8712482
2207,2236,13.426684
2208,2225,10.965057
2208,2231,9.744653
2208,2240,6.6830673
2209,2213,7.9387097
2209,2228,14.349078
2210,2226,7.630509
2210,2227,8.816369
2211,2214,8.755581
2211,2228,7.157527
2212,2219,14.764346
2212,2234,5.5682387
2214,2222,11.054667
2215,2236,13.838082
2215,2238,8.76011
2216,2221,14.322177
2217,2223,13.42647
2217,2235,8.152975
2219,2227,8.75237
2219,2234,12.472912
2220,2221,6.469262
2220,2230,13.00975
2223,2235,6.290094
2223,2236,6.377933
2225,2239,14.397198
2225,2240,9.5418215
2226,2227,13.874662
2231,2240,9.736626
2235,2236,11.177013
2238,2239,13.537838
19,1,9.213441
13,2,9.837375
16,2,8.250627
8,3,11.4763
15,4,14.391765
7,5,13.575644
10,6,11.017609
17,6,10.657496
20,6,8.901226
32,7,14.785257
28,8,12.754592
26,9,14.255672
17,10,6.2996893
20,10,11.131108
21,10,8.508391
35,11,14.179422
23,12,9.974979
16,13,7.7611647
20,17,5.8409653
21,17,7.5172157
45,19,14.40959
21,20,12.958017
26,20,14.077316
34,21,12.091029
47,23,11.045841
29,24,9.478991
33,25,14.035664
30,27,13.433192
39,27,12.788839
42,27,9.769903
49,27,10.061478
52,27,11.928533
40,28,8.052293
50,28,11.069626
60,29,11.104976
37,30,9.134466
42,30,6.87202
49,30,12.690289
58,30,13.255255
65,30,11.032026
46,31,12.712433
66,31,13.58729
36,32,10.527499
57,32,11.291242
61,33,10.319532
46,35,10.871034
56,35,11.803974
41,36,10.725592
51,36,9.398788
57,36,9.475277
42,37,14.952872
48,37,12.136792
58,37,8.422248
65,37,11.823544
43,38,6.841104
54,38,7.787278
64,38,13.20313
72,38,13.741467
44,39,9.067168
52,39,11.862241
55,39,8.102166
50,40,5.798926
51,41,8.196626
64,41,13.315657
49,42,5.8202615
52,42,11.335999
65,42,10.434229
73,42,10.561054
54,43,11.286227
72,43,10.114499
77,43,12.401193
53,44,6.5745826
55,44,9.597425
78,44,14.237669
87,44,13.75588
56,46,5.1023974
66,46,9.448221
86,46,13.631525
68,47,12.474998
58,48,10.720189
69,48,10.236451
76,48,9.353607
52,49,5.6127305
55,49,14.637481
65,49,12.948599
73,49,8.976772
89,49,12.539737
90,49,14.166198
57,51,9.640875
81,51,10.660813
55,52,9.140343
73,52,11.864896
84,52,12.919813
89,52,10.970114
90,52,10.298098
55,53,14.726197
78,53,9.025301
87,53,13.243729
64,54,5.8166666
72,54,11.385642
82,54,11.840819
84,55,8.875417
87,55,11.994804
90,55,11.421196
66,56,9.356847
86,56,9.891441
65,58,7.04377
73,58,14.673034
76,58,8.747479
83,58,9.256604
62,59,11.111399
85,59,11.80442
70,61,14.670595
79,61,9.899834
85,62,9.88545
94,63,14.635558
102,63,13.231279
81,64,11.1997385
82,64,6.856561
73,65,7.8087606
76,65,14.131385
83,65,9.117914
95,65,13.195923
86,66,8.543083
74,68,7.6356535
91,68,8.324735
76,69,12.535843
93,69,7.933565
100,69,13.082941
79,70,8.552661
106,71,12.448019
77,72,6.4366446
92,72,13.403689
83,73,12.375301
89,73,8.964216
90,73,13.792205
95,73,9.427833
80,74,7.7270904
91,74,5.839094
105,74,13.516185
97,75,10.350652
83,76,9.0442095
100,76,11.145534
92,77,7.6795945
87,78,10.288556
94,78,9.74656
114,78,13.565019
91,80,9.860916
105,80,8.117011
111,80,13.268741
115,80,13.758245
82,81,7.4938583
107,82,10.079847
95,83,9.943401
116,83,13.080665
87,84,8.093594
89,84,11.868626
90,84,6.222419
101,84,7.5362678
104,86,11.55862
90,87,14.292869
101,87,7.120179
114,87,13.97824
90,89,5.646914
95,89,10.699378
110,89,10.083171
101,90,11.895805
110,90,12.056863
105,91,11.726706
115,91,11.516568
100,93,9.465001
108,93,8.372695
102,94,8.274728
114,94,13.64586
119,94,12.657771
110,95,11.512071
116,95,11.272782
117,97,10.412429
133,97,14.914944
106,98,7.175959
127,98,13.401687
118,99,13.664191
108,100,13.747341
114,101,13.744821
119,102,12.378828
121,102,11.567646
111,105,7.018329
115,105,7.30257
112,106,10.721709
122,106,11.449454
127,106,10.959718
126,108,9.328911
130,109,13.430986
128,110,9.877919
115,111,11.83462
122,112,5.7913947
127,112,14.016998
149,112,14.984249
135,113,13.790871
143,113,14.749575
119,114,10.936754
137,114,10.983133
128,116,13.852705
146,116,13.900313
148,116,12.1596155
132,117,6.8867803
133,117,7.9279194
145,117,12.912419
121,119,12.426678
137,119,8.796292
140,119,8.855586
142,120,12.229214
152,120,10.131866
140,121,11.000709
142,121,12.069859
173,121,13.825011
127,122,9.568086
149,122,11.948127
150,122,14.870113
124,123,10.657588
129,123,5.1855764
125,124,11.611136
129,124,6.1187186
153,124,10.811574
144,125,6.56671
153,125,8.3676195
158,125,13.844272
166,125,12.016004
151,126,7.702099
155,126,12.082608
161,126,11.049413
143,127,13.720561
150,127,8.001849
148,128,10.458833
153,129,14.780545
156,130,7.0088243
159,130,13.857864
133,132,6.6807227
145,132,6.8333716
145,133,12.991409
163,134,10.178858
164,134,8.300746
139,136,11.227924
160,136,6.6641507
176,136,11.601252
140,137,10.063141
157,137,9.909083
178,137,13.118977
141,138,11.916745
147,138,5.4298615
170,138,7.3825912
176,139,10.202031
173,140,10.312166
178,140,9.0865345
147,141,7.4588685
165,141,11.9709425
170,141,11.3567505
152,142,9.650389
173,142,12.042084
186,142,13.514093
150,143,10.269253
168,143,5.588768
188,143,12.816799
153,144,8.076404
158,144,7.5599837
166,144,5.822206
187,144,14.765519
148,146,10.66183
155,146,9.619031
183,146,10.82399
170,147,4.8426933
193,148,13.691821
184,149,9.42666
168,150,8.70901
181,150,8.597634
188,150,12.630933
155,151,12.873391
161,151,7.7374287
182,151,8.462646
162,152,9.78509
179,152,11.404454
192,152,12.434753
158,153,14.405171
166,153,9.358307
187,153,9.350413
171,154,10.839956
172,154,5.1310115
161,155,6.699231
182,155,14.258131
183,155,9.783327
159,156,9.336594
180,156,12.664001
199,156,13.410135
169,157,13.905412
197,157,14.674137
202,157,13.437112
166,158,5.995766
175,158,12.735496
205,158,13.726224
171,160,10.407303
176,160,10.614465
182,161,7.6474695
183,161,10.707394
204,161,13.620858
215,161,14.187784
174,162,8.891181
179,162,5.945547
192,162,12.546029
164,163,8.050528
196,163,12.496971
214,163,14.113971
191,164,14.311502
196,164,9.934658
177,165,6.571115
207,165,13.326315
187,166,11.711985
205,166,12.212862
175,167,12.327868
194,167,9.297126
181,168,13.125766
188,168,7.307167
203,168,13.736196
189,169,14.133072
202,169,13.411541
216,170,13.1952
172,171,6.08905
219,171,13.996806
211,172,13.059623
178,173,9.938856
186,173,7.693216
177,174,10.593001
179,174,10.385281
201,174,13.163397
225,174,13.418661
194,175,14.436788
217,176,11.154902
201,177,9.689101
207,177,11.162123
197,178,9.696305
192,179,7.455042
225,179,12.036449
199,180,8.809147
206,180,7.6644483
209,180,13.619757
184,181,10.673026
188,181,11.824913
213,181,10.081095
232,181,14.357641
183,182,14.552077
204,182,13.14986
215,182,8.064743
200,183,9.6948185
204,183,7.5640287
213,184,8.701972
236,184,13.943009
187,185,10.596573
198,185,12.263835
218,186,8.444541
238,186,13.982049
203,188,9.2674
229,188,9.569528
193,189,11.781271
196,191,12.1944475
222,191,8.015267
237,191,12.018436
218,192,12.14511
225,192,14.115534
233,192,10.725413
200,193,10.120597
223,194,8.1923
221,195,10.6652355
224,195,10.848694
214,196,14.865463
237,196,14.148114
241,196,14.083859
255,196,14.906143
202,197,14.285699
228,197,8.428556
226,198,11.839728
206,199,8.074519
210,199,8.3647995
239,199,10.604797
244,199,11.18757
204,200,10.603912
252,200,13.6089325
207,201,8.360943
225,201,11.728585
242,201,14.2690115
264,201,13.913291
228,202,12.824326
230,202,12.527784
227,203,8.926252
229,203,11.470767
231,203,6.5214367
245,203,10.141249
260,203,14.3345995
215,204,10.4002905
246,204,10.813639
252,204,13.167147
209,206,9.593733
239,206,9.147379
243,206,13.214404
244,206,12.326945
208,207,9.146373
242,207,8.746556
216,208,7.8968925
226,208,14.718106
234,208,8.842468
242,208,11.283421
257,208,13.646
223,209,12.338694
235,209,9.816117
243,209,8.666299
258,209,14.645631
239,210,13.498688
240,210,11.577958
244,210,11.305362
219,211,13.541196
254,211,13.331081
259,212,14.654202
229,213,14.805902
232,213,8.047435
236,213,6.8253536
261,213,13.958859
241,214,10.584317
246,215,11.0211
226,216,6.885768
234,216,5.9267025
257,216,12.536004
219,217,13.03323
248,217,9.49883
233,218,11.269455
238,218,11.370473
248,219,13.12072
254,219,13.534081
237,222,8.869166
235,223,7.1692815
243,223,14.386823
258,223,12.116028
249,224,9.96317
233,225,14.710035
264,225,14.9311075
234,226,9.175549
257,226,14.190972
272,226,13.458264
231,227,5.442103
245,227,12.057925
253,227,9.970562
260,227,11.674699
256,228,13.042298
231,229,13.768896
232,229,8.949125
245,229,10.063436
251,229,6.8824735
277,229,14.86005
262,230,10.147763
263,230,11.229054
245,231,6.7318883
253,231,11.226451
260,231,8.326039
236,232,7.472225
251,232,9.491901
261,232,9.112193
284,233,12.248647
242,234,11.815951
257,234,6.6176953
272,234,12.250362
243,235,7.740269
258,235,5.992143
261,236,8.005772
255,237,10.782203
275,237,13.296425
288,237,13.001025
256,238,10.235889
280,238,10.945026
243,239,13.500756
244,239,4.0144897
255,241,9.651335
271,241,13.421621
282,241,10.554661
257,242,10.136073
264,242,14.407677
278,242,9.515268
258,243,8.623889
251,245,9.271525
253,245,14.19243
260,245,6.494371
277,245,13.312958
252,246,9.276193
283,246,14.219579
250,247,11.736881
270,247,12.903447
285,247,9.580809
276,248,10.182402
279,248,9.687615
285,250,12.27191
286,250,12.286424
290,250,11.5234
260,251,14.449479
261,251,12.749719
277,251,7.985903
269,252,10.5287895
260,253,8.922902
271,253,9.996681
274,254,7.7971096
276,254,13.056066
291,254,10.940515
282,255,10.964398
287,255,9.53879
288,255,11.098549
280,256,10.5138645
292,256,10.104512
272,257,9.5663805
278,257,10.194245
303,257,14.394273
267,259,9.87308
299,260,12.478657
277,261,13.096648
289,261,7.955669
298,261,11.684913
263,262,9.074138
265,262,9.904091
293,262,9.461255
300,262,14.180475
293,263,9.676341
269,265,14.10698
300,265,10.861912
273,266,7.204987
281,266,8.547859
298,267,13.504675
301,267,11.602267
270,268,14.878805
321,269,14.476665
285,270,13.957414
297,270,8.907899
310,270,11.513578
282,271,11.491332
286,272,13.636713
315,272,14.32574
281,273,14.256295
291,274,12.516176
304,274,10.316154
283,275,9.759362
288,275,11.36804
305,275,12.839741
279,276,10.456899
291,276,6.7354317
308,276,10.248759
314,276,12.030024
289,277,10.88716
299,277,10.585201
311,277,10.911589
328,277,13.42257
303,278,9.763781
313,278,10.835516
315,278,14.355406
326,278,13.3979645
308,279,10.452587
316,279,11.703597
292,280,7.704244
309,280,9.244141
287,282,9.651743
296,283,7.4126916
305,283,9.98692
320,283,13.997398
325,284,13.470614
329,284,14.588189
290,285,11.259032
297,285,11.039019
306,285,9.356388
290,286,7.746199
288,287,7.165823
312,287,7.499152
312,288,9.335272
298,289,8.332113
311,289,7.3931503
317,289,13.186181
324,289,9.838346
328,289,14.253269
306,290,11.096111
330,290,10.989013
304,291,10.233847
308,291,12.297417
314,291,8.715422
335,291,13.733555
309,292,11.055876
336,292,14.417977
300,293,12.217254
322,293,10.411678
327,294,14.092649
332,294,12.383642
323,295,12.167908
302,296,9.415958
305,296,8.366126
320,296,6.857717
347,296,14.79975
306,297,11.874439
310,297,8.722779
301,298,6.978536
311,298,13.00176
317,298,7.584893
324,298,10.250173
337,298,13.875768
318,299,9.901262
328,299,12.348121
346,299,13.658187
321,300,14.436363
322,300,12.750644
334,300,9.080207
317,301,6.863464
324,301,13.803704
337,301,10.731693
320,302,9.159846
313,303,8.898493
315,303,5.0653787
326,303,5.395549
333,303,11.096008
314,304,11.668262
335,304,9.917436
320,305,9.778957
347,305,10.441873
330,306,7.4509273
359,306,12.433738
319,307,5.8367276
323,307,9.00469
349,307,11.5808325
358,307,14.725995
314,308,8.702648
316,308,8.801879
352,308,14.873176
353,308,12.800159
325,309,11.729984
336,309,8.994881
317,311,13.846859
324,311,6.7519875
328,311,6.989673
350,311,13.228859
338,312,10.499596
360,312,13.008106
315,313,13.181117
326,313,6.88955
335,314,7.4925547
353,314,10.70162
326,315,7.345813
333,315,6.334819
357,315,14.139881
352,316,9.698984
324,317,7.7635016
337,317,6.402853
350,317,9.754216
340,318,8.10821
346,318,14.082341
374,318,14.916797
323,319,12.993342
349,319,12.041229
358,319,10.287101
347,320,10.07915
361,320,12.415592
370,320,14.93066
334,321,13.984709
334,322,9.880749
343,322,6.7934146
380,322,14.606398
349,323,7.53693
328,324,11.074363
337,324,11.68435
350,324,7.5255985
329,325,7.4580655
331,325,13.2560625
376,325,14.92685
333,326,10.945702
341,327,10.897684
362,327,11.155544
346,328,8.194084
350,328,14.299927
379,328,14.094202
331,329,5.8531303
354,329,12.210957
376,329,13.491566
359,330,10.823553
354,331,7.2346025
376,331,14.106657
367,332,10.8002405
348,333,9.818576
357,333,7.8083477
381,333,12.308617
343,334,14.273945
364,334,9.813786
380,334,14.327719
353,335,11.08819
387,335,13.957941
350,337,8.746493
384,337,13.290596
396,337,12.508655
360,338,12.498546
363,338,10.3099
351,340,8.022778
374,340,13.19088
356,341,12.895925
362,341,7.902418
366,341,9.581317
392,341,14.685221
373,342,7.6696563
344,343,11.72092
380,343,11.257528
391,343,11.87358
391,344,12.374797
374,346,11.208144
379,346,8.527272
404,346,13.861476
361,347,13.496598
363,347,10.637744
370,347,5.992848
385,347,10.710294
393,347,11.896289
357,348,5.052027
368,348,9.275303
381,348,13.156623
407,348,14.373827
358,349,11.017903
383,349,9.862642
384,350,8.5894
396,350,13.560596
375,351,12.0161915
388,351,10.436944
353,352,12.320785
390,352,9.348015
390,353,14.53583
398,353,11.156476
376,354,12.928996
377,354,9.831117
356,355,9.577577
365,355,9.757969
386,355,9.680005
400,355,11.5383215
366,356,9.617355
400,356,12.159108
401,356,11.307086
368,357,12.332716
381,357,8.246882
407,357,13.089302
383,358,11.417671
395,358,9.802905
382,359,8.846508
389,359,10.557241
408,359,13.291219
375,360,11.912737
405,360,13.345521
411,360,13.424069
370,361,13.114252
393,361,12.083884
366,362,8.955621
378,362,12.549804
392,362,7.3451223
370,363,9.682634
385,363,8.67136
393,363,14.713734
405,363,13.439934
406,363,9.246274
380,364,11.578633
386,365,6.4687448
394,365,10.568302
400,365,14.954221
415,365,12.4312105
417,365,12.240299
392,366,10.530478
401,366,7.8101482
378,367,8.625226
397,367,6.819252
409,367,9.610673
382,368,14.199007
407,368,11.072658
389,369,11.487658
394,369,9.235786
422,369,11.914863
385,370,5.2391434
393,370,6.4115367
406,370,11.32793
431,370,14.131484
377,371,13.019762
412,371,12.791307
421,371,12.302471
420,372,13.5539465
433,372,14.033035
379,374,11.388956
404,374,12.416017
416,374,14.134765
388,375,9.695618
411,375,12.876231
429,375,14.042019
403,376,12.022035
412,377,9.867833
392,378,11.345076
397,378,7.0911074
409,378,13.756036
423,378,12.61044
435,378,14.689119
404,379,5.7085643
434,379,12.928508
391,380,13.988489
407,381,12.655293
425,381,10.6405525
389,382,11.581352
408,382,6.02609
446,382,14.791317
395,383,13.3833275
418,383,10.565059
426,383,10.122806
396,384,8.331384
414,384,9.993592
427,384,10.210635
393,385,6.593278
406,385,6.2827244
430,385,14.61765
431,385,10.670327
394,386,13.678133
400,386,9.111722
415,386,7.0302815
417,386,10.620988
440,386,12.16839
398,387,12.277481
416,388,12.197105
429,388,9.514189
408,389,10.569714
422,389,11.158059
446,389,13.271006
398,390,13.348739
447,390,11.879723
419,391,9.577209
401,392,14.330968
423,392,8.417025
437,392,14.34419
438,392,10.192762
441,392,14.213295
406,393,11.968487
424,393,10.629845
431,393,8.988631
415,394,14.888106
417,394,8.697467
422,394,13.220615
413,395,8.697543
426,395,12.191234
454,395,13.434933
414,396,14.456834
427,396,9.597394
450,396,13.327568
460,396,14.108582
409,397,6.7575374
423,397,14.227697
435,397,9.116369
441,397,13.865475
432,399,12.338719
459,399,11.871992
461,399,13.936101
401,400,8.956668
415,400,10.39453
440,400,10.709276
452,400,11.278527
437,401,10.236088
438,401,14.580967
452,401,13.568771
428,402,13.309096
436,402,10.45516
410,403,13.242681
443,403,11.048924
463,403,14.959015
414,404,13.166108
434,404,7.2718225
448,404,13.168734
406,405,11.442929
411,405,11.997514
430,405,7.509303
457,405,11.336721
430,406,8.353744
431,406,11.36912
458,406,12.333012
425,407,10.471933
456,407,10.720281
446,408,8.824244
435,409,8.611066
443,410,9.693252
429,411,11.194262
444,411,7.8207245
465,411,12.667987
421,412,12.621677
445,412,6.6219907
433,413,11.668615
454,413,10.085881
464,413,12.173973
427,414,7.3161683
434,414,12.492939
448,414,6.43391
460,414,13.618809
472,414,11.692047
417,415,7.6584764
440,415,6.1178637
452,415,12.5212145
453,415,9.67782
455,416,9.883086
467,416,11.845225
440,417,12.606394
453,417,8.003197
426,418,10.799293
442,418,8.252471
466,418,11.094922
439,419,10.116414
433,420,9.959854
476,420,11.331896
445,421,13.030701
451,421,14.46677
468,421,9.121109
446,422,13.650416
481,422,14.792109
435,423,13.608831
437,423,13.933592
438,423,6.7529387
441,423,5.901676
431,424,9.257383
461,424,11.953028
479,424,13.182579
451,425,6.315128
456,425,12.060114
475,425,12.190444
480,425,12.384948
454,426,11.830091
466,426,10.021751
487,426,13.936902
448,427,11.59989
450,427,12.581959
460,427,7.538662
472,427,11.193628
482,427,12.8027115
444,429,8.138704
467,429,12.664215
457,430,7.3450828
458,430,11.906871
465,430,14.945511
458,431,8.079544
479,431,13.296192
459,432,10.0221815
462,432,9.174227
464,433,8.395211
476,433,13.70937
448,434,8.948086
484,434,12.150389
441,435,9.517294
438,437,7.3161798
452,437,12.169159
478,437,13.231121
486,437,10.412775
441,438,10.407382
486,438,12.843183
493,438,13.646221
474,439,9.613051
452,440,6.9589295
453,440,10.382526
478,440,13.420437
485,440,10.631967
491,441,10.540319
493,441,14.854897
466,442,13.469339
470,442,10.458762
488,442,13.526488
500,442,14.007833
463,443,13.424255
494,443,14.657931
465,444,9.379247
489,444,10.007377
468,445,13.414024
483,445,10.746575
481,446,13.611541
498,446,14.456701
471,447,9.460689
473,447,13.862507
472,448,8.711177
482,448,14.908071
484,448,8.938305
463,449,11.176224
483,449,13.93505
460,450,8.077705
482,450,13.712156
456,451,13.706507
468,451,14.023703
475,451,6.0869584
480,451,8.7961035
503,451,13.163626
478,452,8.0563545
485,452,11.832962
507,452,14.044365
485,453,11.428068
492,453,11.221881
520,453,14.472624
464,454,12.63964
487,454,10.894072
495,454,10.31144
467,455,11.460105
506,455,10.879122
469,456,8.27045
480,456,10.095818
513,456,13.486923
458,457,14.600536
465,457,8.38316
496,457,10.717348
479,458,13.295443
490,458,8.032595
461,459,7.5432916
462,459,13.9520445
499,459,13.175554
502,459,12.234754
472,460,9.60434
482,460,7.046063
479,461,13.964883
502,461,10.708574
477,462,9.811477
499,462,11.377346
494,463,8.513063
509,463,11.954254
476,464,14.423823
495,464,12.147921
517,464,12.835284
489,465,10.312191
496,465,13.320887
487,466,9.846381
488,466,7.263571
500,466,14.322606
530,466,14.355434
515,467,12.800463
522,467,12.431505
475,468,12.328183
498,469,14.015467
510,469,11.287545
513,469,13.617999
500,470,13.412855
526,470,14.15248
482,472,6.4487534
484,472,9.736699
511,472,8.978194
480,475,6.732504
503,475,8.136424
532,475,13.356053
501,476,13.084542
516,476,9.520568
497,477,9.224938
534,477,11.537627
485,478,10.988625
486,478,9.767625
507,478,7.571356
514,478,8.173936
529,478,12.743486
490,479,13.054926
503,480,6.238757
513,480,10.437407
532,480,10.690624
492,481,14.489702
504,481,8.774081
525,481,9.622856
533,481,14.59152
537,481,10.75589
511,482,8.140365
523,483,8.351481
531,483,12.278708
511,484,12.340189
512,484,10.437333
547,484,14.427459
507,485,8.812374
520,485,10.783506
528,485,8.856272
493,486,7.949501
507,486,14.782337
514,486,10.00504
529,486,9.823889
488,487,12.9381
495,487,10.658273
530,487,12.305358
540,487,13.00822
500,488,7.506911
530,488,9.899341
515,489,11.042368
527,489,8.506121
554,489,14.735118
496,490,11.030839
541,490,9.947037
493,491,9.704241
535,491,9.891292
557,491,14.777712
504,492,6.918354
520,492,9.225967
525,492,13.178875
533,492,9.003967
539,492,10.087725
529,493,11.986221
535,493,10.269222
567,493,14.414168
509,494,5.325966
536,494,11.614783
538,494,12.656905
562,494,13.319974
517,495,12.631715
540,495,9.697761
541,496,13.516769
542,496,10.906755
577,496,14.784714
524,497,12.658171
534,497,10.1323
510,498,6.9494023
519,498,5.3627734
548,498,11.0389805
502,499,11.269745
553,499,12.808046
571,499,14.011101
526,500,10.955226
530,500,13.001401
516,501,11.146385
521,501,8.09122
545,501,9.894697
566,502,13.666785
571,502,14.114542
513,503,9.511689
532,503,5.270885
550,503,12.041746
520,504,14.173405
525,504,6.7245827
533,504,6.6303625
537,504,11.677157
539,504,11.549016
508,505,9.24686
559,505,13.473203
569,505,14.065811
512,506,11.442
522,506,9.660397
561,506,14.423568
514,507,6.5900507
528,507,9.202158
529,507,11.986648
559,508,10.689984
536,509,11.592482
538,509,7.3309574
562,509,10.150748
587,509,14.676612
513,510,14.451981
519,510,9.40739
544,510,8.417767
548,510,7.9671354
551,510,14.043293
546,511,14.486095
547,511,9.771764
560,511,13.840612
547,512,13.182412
561,512,9.941155
583,512,14.806072
532,513,7.910678
544,513,9.814663
550,513,7.58624
551,513,8.225257
529,514,5.5237846
567,514,14.169664
522,515,9.961921
527,515,10.617273
554,515,8.70563
589,515,14.125572
517,516,12.882133
545,516,7.914603
563,516,12.525995
586,516,13.683596
563,517,9.423357
546,518,8.345659
565,518,9.218635
537,519,12.941364
548,519,8.8978815
528,520,6.9550767
533,520,11.116646
539,520,6.469562
545,521,12.739538
549,521,9.846643
572,521,11.014881
575,522,12.512492
584,522,13.768997
531,523,10.57534
556,523,7.9777846
574,524,10.797905
576,524,11.708773
533,525,7.347663
537,525,5.398808
539,525,13.348889
570,525,10.535425
568,526,9.526806
581,526,11.937614
542,527,12.158597
554,527,8.288149
573,527,10.192485
539,528,11.917323
580,528,12.30961
567,529,8.914673
538,531,11.287354
556,531,14.424888
599,531,14.576385
550,532,7.179316
551,532,11.319296
537,533,12.4601345
539,533,6.038809
570,533,10.008437
593,533,13.382408
553,534,10.590326
585,534,9.855732
549,535,13.576862
557,535,9.584496
567,535,11.677779
588,535,10.474897
562,536,7.247969
579,536,9.811746
598,536,14.762996
570,537,11.848229
562,538,9.642491
587,538,8.140241
599,538,14.033943
570,539,12.42449
593,539,11.187359
597,540,14.549998
577,541,11.078471
578,541,11.677026
611,541,14.454001
573,542,10.383583
577,542,10.81261
606,542,13.049854
590,543,8.311251
592,543,13.426433
548,544,8.646064
550,544,10.162038
551,544,5.80572
603,544,14.49123
572,545,12.601393
586,545,9.822673
560,546,7.5984645
565,546,8.620471
560,547,14.748114
561,547,14.814708
583,547,9.362868
595,547,11.647376
551,548,13.731921
600,548,11.178946
603,548,13.120039
557,549,5.4830437
572,549,10.700548
601,549,11.141594
551,550,4.653012
610,550,12.530287
603,551,14.609366
610,551,12.741359
558,552,8.689518
564,552,5.8578506
594,552,9.26765
571,553,12.527181
585,553,11.950169
591,553,11.394524
621,553,13.198752
573,554,10.864391
584,554,14.183528
589,554,8.245569
608,554,12.287236
576,555,12.071083
579,555,10.4344225
622,555,13.004115
602,556,12.415983
572,557,14.487827
588,557,10.326361
601,557,9.251303
564,558,14.091807
594,558,9.797084
619,558,13.955046
569,559,14.052963
614,559,14.878599
615,559,12.622438
565,560,13.451935
595,560,9.791595
629,560,14.558201
575,561,12.0690775
583,561,9.579562
596,561,9.218977
625,561,14.064685
579,562,11.504402
587,562,10.40615
598,562,10.553781
586,563,10.899455
597,563,13.376536
594,564,10.490659
569,565,11.28181
605,565,9.771946
571,566,13.417312
578,566,13.410767
607,566,10.249485
617,566,13.267075
588,567,11.154317
581,568,9.192233
605,569,11.776076
615,569,14.288303
638,569,14.9650345
593,570,9.0321865
639,570,13.144197
591,571,7.927047
607,571,11.211408
601,572,12.21884
612,572,11.459111
618,572,9.124817
643,572,14.884807
606,573,11.619448
608,573,11.316925
630,573,12.486798
576,574,11.221579
585,574,11.789873
609,574,7.999745
584,575,7.0842614
589,575,14.012158
596,575,8.209383
637,575,13.261313
606,577,10.16299
611,577,12.949261
616,577,10.13121
611,578,9.93364
617,578,11.736762
598,579,9.841149
622,579,13.381679
623,580,9.777732
628,581,10.502539
592,582,11.487931
614,582,8.067001
595,583,12.427654
596,583,14.188014
620,583,9.433253
625,583,13.380393
636,583,10.565014
589,584,7.203464
596,584,13.437425
632,584,10.025255
637,584,12.5578165
609,585,11.445528
621,585,13.9495125
624,585,10.898312
612,586,11.039074
626,586,10.108677
598,587,12.975334
599,587,8.922567
646,587,14.267038
601,588,12.005824
633,588,10.793354
608,589,9.290893
632,589,11.375365
649,589,14.811384
592,590,9.766017
607,591,13.115964
621,591,7.652169
640,591,10.88894
639,593,14.339674
642,593,11.640072
619,594,11.2342615
631,594,8.749014
635,594,10.321441
620,595,8.691981
648,595,12.798478
625,596,7.9614525
636,596,13.51327
637,596,10.753444
652,596,12.310794
613,597,13.761441
634,597,10.961075
647,597,11.60914
646,598,11.784821
644,599,9.988013
603,600,8.50277
604,600,7.9357
655,600,13.376483
618,601,12.35655
643,601,13.607678
641,602,9.417467
610,603,12.388079
654,603,12.10161
664,603,13.695692
655,604,10.96132
662,604,13.860482
629,605,12.624181
638,605,10.798313
667,605,14.834507
616,606,9.056884
630,606,11.514791
617,607,11.55377
640,607,12.81163
661,607,14.398282
630,608,9.109336
632,608,13.050715
649,608,8.3234005
658,608,14.66395
624,609,12.854297
654,610,11.786575
616,611,9.77048
617,611,14.828764
645,611,8.5350485
657,611,14.03871
659,611,12.613987
618,612,6.5105667
626,612,10.098285
643,612,10.423465
670,612,14.829354
682,612,14.452585
627,613,11.023137
647,613,11.767324
678,613,13.516089
615,614,13.416005
663,614,10.75484
638,615,9.611133
663,615,14.768003
645,616,9.856217
659,616,9.486374
657,617,11.250594
661,617,9.916297
643,618,6.088137
670,618,12.595113
631,619,6.6900964
635,619,14.877498
685,619,14.406631
625,620,14.47326
636,620,7.8452306
648,620,14.276351
653,620,9.874096
665,620,12.280463
671,620,12.849006
624,621,9.333525
640,621,11.456741
674,621,12.739558
668,622,12.587196
651,623,8.623378
660,623,8.01823
674,624,11.299712
686,624,13.015791
636,625,6.9191027
637,625,11.629742
652,625,6.760944
665,625,11.066947
634,626,12.810393
682,626,13.997046
683,626,12.403424
690,626,11.780149
673,627,9.495854
678,627,14.569946
656,628,8.290206
648,629,8.329043
692,629,13.5539055
649,630,10.558002
635,631,8.283353
685,631,10.725479
637,632,8.444152
649,632,10.868234
658,632,7.5649295
669,633,13.786107
687,633,12.660022
647,634,11.613363
677,634,14.784597
683,634,12.394877
684,634,10.950217
685,635,12.802086
652,636,11.627368
653,636,10.803767
665,636,7.6888638
652,637,8.920864
658,637,12.768678
667,638,9.113172
662,639,10.188505
666,639,7.6899657
676,639,9.691379
674,640,14.2580595
650,641,9.616212
680,641,10.845262
651,642,8.8773985
666,642,14.191454
691,642,12.587215
698,642,13.357848
670,643,6.8967175
681,643,9.700378
682,643,12.601573
646,644,11.740429
672,644,11.2740755
657,645,10.175004
659,645,5.064322
699,645,13.343139
703,646,13.832376
677,647,6.8984127
678,647,11.134731
684,647,11.621172
653,648,13.061058
671,648,6.9952083
692,648,9.568154
696,648,13.618275
658,649,7.9434867
688,650,9.865923
660,651,10.639239
691,651,7.95314
665,652,11.153522
700,652,11.568231
665,653,7.361163
671,653,7.071145
696,653,8.031151
726,653,14.307654
664,654,10.478088
697,654,11.621374
662,655,7.777901
664,655,10.722489
676,655,12.91606
689,655,8.19561
693,655,10.353039
708,656,11.686516
659,657,13.910967
661,657,10.345017
694,657,13.66595
699,657,10.051191
699,659,13.450826
669,660,12.475528
691,660,12.538299
710,660,11.958156
694,661,7.9279766
666,662,10.830078
676,662,5.394962
689,662,12.707138
693,662,6.9730635
711,662,12.912732
709,663,12.87723
716,663,12.913344
689,664,7.914649
714,664,11.181381
671,665,14.4062
696,665,13.229914
676,666,6.462613
693,666,13.324398
698,666,10.110884
711,666,11.082368
734,667,13.922897
695,668,14.653177
720,668,13.937843
687,669,6.243159
710,669,13.767335
681,670,6.8237476
682,670,8.46319
690,670,14.549805
701,670,12.185523
725,670,13.4201565
692,671,9.549213
696,671,6.984252
680,672,10.640808
704,672,10.759653
678,673,10.106025
707,673,13.660852
723,673,13.832813
686,674,12.855129
717,674,12.227484
703,675,13.00174
730,675,12.435691
693,676,7.0363755
711,676,8.558051
678,677,9.284167
684,677,8.536436
707,677,11.44689
722,677,10.205602
707,678,8.040163
722,678,14.839126
709,679,11.638003
737,679,14.66711
704,680,11.054037
732,680,13.295885
701,681,7.1561027
683,682,14.308267
690,682,6.108258
706,682,9.314092
725,682,11.051222
684,683,9.977101
690,683,8.232866
706,683,9.60618
728,683,11.955889
741,683,14.379179
722,684,11.891962
728,684,10.280827
695,686,10.992677
717,686,12.439633
718,686,10.338937
715,687,12.477943
697,688,11.022449
705,688,6.3559947
693,689,9.870819
714,689,8.914488
724,689,10.245053
706,690,5.774839
725,690,13.567621
698,691,13.299068
710,691,14.216688
712,691,8.954542
721,691,9.535731
736,691,14.161196
696,692,11.350673
738,692,13.32452
711,693,8.753776
724,693,8.914344
713,694,10.412097
735,694,10.653097
754,694,14.126767
718,695,10.4410925
742,695,14.664868
726,696,9.126194
738,696,10.570604
746,696,13.137465
705,697,7.2499294
739,697,13.22722
711,698,13.448239
721,698,12.73715
740,698,10.774517
731,699,7.8535433
735,699,11.894824
715,701,11.41172
729,702,5.9181495
753,702,11.972921
730,703,10.489991
755,703,11.708552
719,704,13.393192
732,704,13.761036
745,704,8.170412
725,706,10.800462
728,706,14.333274
741,706,9.842163
722,707,10.048754
723,707,11.894863
743,707,8.966566
772,707,14.348348
716,709,11.742226
737,709,13.974048
759,709,12.588194
712,710,8.6263075
736,710,7.6273704
749,710,13.971643
770,710,14.215651
724,711,12.255233
740,711,12.180325
757,711,10.039089
721,712,6.7530274
736,712,5.268092
763,712,11.875952
770,712,13.320625
727,713,11.25726
754,713,11.930009
767,713,12.097239
724,714,11.277857
739,714,11.472151
748,714,9.360753
756,714,14.892946
769,714,14.054775
744,716,12.841774
760,716,9.915339
718,717,10.417371
727,717,13.736365
750,717,11.57282
768,717,12.493409
750,718,7.4127665
773,718,12.34077
730,720,12.717184
742,720,13.076737
761,720,9.67789
776,720,14.053569
736,721,10.320996
740,721,14.359629
763,721,9.006538
728,722,11.194542
743,722,7.9122524
747,722,10.002845
771,722,11.637065
743,723,14.787155
772,723,12.800563
778,723,12.474206
748,724,9.931677
756,724,7.1056113
757,724,14.829864
781,724,14.650863
777,725,11.814602
738,726,9.890636
746,726,7.0110555
779,726,11.850855
767,727,13.404441
768,727,12.728822
741,728,9.205426
747,728,7.608522
782,728,14.217234
753,729,6.0551224
755,730,10.55026
776,730,11.652948
735,731,6.8181877
754,731,14.758266
766,731,8.123465
780,731,13.570199
745,732,12.051932
764,732,11.452902
751,733,7.376854
783,733,11.7715435
744,734,10.217398
758,734,12.385565
775,734,10.176185
754,735,8.777262
766,735,9.882942
780,735,11.284065
749,736,14.55964
763,736,11.126261
770,736,8.40125
752,737,6.741077
759,737,9.281417
765,737,8.509418
785,737,14.221706
746,738,6.4906454
748,739,13.947139
769,739,9.189386
757,740,9.624228
796,740,13.469245
747,741,12.435081
777,741,13.751269
782,741,14.4829
789,741,11.5964575
761,742,11.217365
773,742,10.864983
794,742,12.998454
803,742,14.3480835
747,743,13.148123
771,743,9.163688
772,743,8.200189
760,744,13.048341
775,744,11.418733
791,744,12.984391
787,745,12.319163
779,746,8.967646
771,747,7.898037
782,747,7.7135124
811,747,14.110167
756,748,8.143125
769,748,9.589131
781,748,7.867045
792,748,14.719083
800,748,12.854663
770,749,11.871456
784,749,11.372318
768,750,14.62711
773,750,8.613478
809,750,13.525743
752,751,12.633703
783,751,8.656455
785,751,10.553535
812,751,13.158536
759,752,12.873074
765,752,6.615504
785,752,7.634468
815,752,13.572666
797,753,13.034019
798,753,11.648778
766,754,12.919438
767,754,10.607701
780,754,8.493094
807,754,13.754922
808,754,12.542606
776,755,14.1059265
786,755,13.004635
813,755,13.806176
757,756,12.362713
781,756,8.641324
792,756,9.499413
792,757,12.869797
775,758,11.080825
793,758,7.99456
760,759,14.890658
765,759,8.387119
790,759,9.416313
804,759,11.4624
790,760,13.291615
791,760,10.835459
805,760,12.236054
776,761,9.436242
794,761,9.108834
824,761,13.217608
797,762,14.553522
770,763,11.216087
796,763,12.056917
788,764,9.847067
795,764,13.552224
810,764,12.306499
814,764,12.0597315
785,765,9.569043
790,765,13.344985
804,765,11.150658
815,765,8.95604
780,766,7.2397084
799,766,9.984995
807,766,12.992795
802,767,9.09087
808,767,12.669554
817,767,13.572898
817,768,13.683388
781,769,11.58438
800,769,8.915472
830,769,12.484942
827,770,13.503981
828,770,13.213129
772,771,12.1157255
782,771,8.5047035
811,771,8.275884
803,773,9.778806
809,773,14.210241
821,774,14.602069
825,774,14.895649
793,775,12.137184
816,775,11.603532
826,775,14.172019
820,776,12.001204
824,776,14.31756
789,777,12.444801
821,777,14.520144
831,777,12.542266
806,779,9.891634
799,780,12.207301
807,780,7.222039
808,780,10.067271
835,780,13.488648
792,781,8.696287
800,781,8.31619
830,781,14.949984
849,781,14.037012
789,782,10.562502
811,782,9.080635
829,782,9.209848
785,783,13.554363
812,783,6.6463766
822,783,13.916115
825,784,11.987347
841,784,12.701382
812,785,12.536284
815,785,10.376924
822,785,8.935142
787,786,10.740879
813,786,8.616518
810,788,13.041139
814,788,8.342048
818,788,12.794136
838,788,10.97594
843,788,14.908443
829,789,11.732839
831,789,13.030333
804,790,5.8641067
805,790,6.273623
815,790,14.339341
846,790,13.347777
848,790,11.128107
805,791,11.903046
826,791,9.021356
851,791,12.230657
845,792,10.6561775
816,793,9.604575
823,793,14.481764
803,794,10.23956
824,794,7.484069
810,795,5.9826784
814,795,11.706465
836,795,7.9189167
843,795,12.968519
837,796,10.541368
798,797,6.465723
834,797,10.016986
839,797,12.871154
819,798,8.646018
834,798,14.836452
839,798,8.285769
807,799,12.237129
835,799,8.391376
830,800,6.688028
849,800,8.956864
806,801,9.152196
833,801,6.422155
842,801,11.268626
807,802,13.76074
808,802,7.6048894
817,802,9.854018
854,802,11.652412
855,802,11.688977
859,803,12.383756
805,804,10.46732
815,804,8.957509
846,804,8.118826
848,804,10.010173
853,804,14.586092
872,804,14.583428
848,805,9.173796
851,805,13.604305
833,806,11.557386
865,806,12.665517
808,807,6.15975
835,807,8.6697235
854,807,14.798545
835,808,14.232201
854,808,11.770747
840,809,9.22865
858,809,11.300254
814,810,5.8639812
836,810,6.684917
843,810,7.8671255
870,810,14.95561
829,811,9.421081
822,812,8.715693
857,812,12.207257
820,813,10.734095
863,813,14.100579
866,813,11.861824
836,814,10.901714
838,814,9.852369
843,814,6.997539
875,814,14.922813
822,815,10.313416
846,815,9.219
853,815,9.411171
826,816,12.63862
868,816,10.904153
855,817,10.997126
856,817,11.113621
830,818,12.902773
838,818,10.49121
844,818,6.0600524
832,819,8.555789
839,819,7.4022183
869,819,11.878931
847,820,11.655905
860,820,9.839947
831,821,11.428532
850,821,11.146553
853,822,11.046943
857,822,8.362944
880,822,14.959502
847,824,7.805052
862,824,12.310553
873,824,12.108266
841,825,8.497243
850,825,11.29267
851,826,10.095615
868,826,12.25166
828,827,10.727365
867,827,12.673471
837,828,10.922481
861,828,11.001251
844,830,12.764821
849,830,8.237867
839,832,13.747384
869,832,9.353228
888,832,14.142882
842,833,7.5907207
881,833,12.997029
842,834,8.717174
871,834,10.76052
878,834,11.688886
843,836,7.4915795
870,836,8.808595
875,836,12.1541195
883,836,14.81881
861,837,7.157918
843,838,10.939611
844,838,9.509166
875,838,14.556807
891,838,12.044509
869,839,11.326835
877,839,8.920695
878,839,12.34633
887,839,11.073473
856,840,9.355215
858,840,9.335855
882,840,8.765009
867,841,9.17364
871,842,11.35499
881,842,14.412903
870,843,10.77038
875,843,8.1428175
891,843,13.346667
884,844,9.623354
849,845,12.885442
864,845,10.054501
889,845,10.60226
893,845,14.646868
848,846,9.226145
853,846,8.179392
872,846,9.614439
876,846,8.195604
860,847,10.6530905
862,847,14.434877
873,847,9.205476
897,847,13.398039
851,848,14.2051525
872,848,6.4847794
874,848,9.529259
876,848,13.015431
889,849,13.120907
885,850,8.468172
874,851,10.007437
863,852,10.7002735
883,852,11.79271
898,852,12.050652
857,853,10.167525
876,853,8.958532
880,853,8.280707
907,853,13.677665
855,854,7.5322456
894,854,10.482894
856,855,11.455424
882,856,9.477156
917,856,13.946897
879,857,10.990792
880,857,8.576663
859,858,12.178129
882,858,10.674017
911,858,11.354891
862,859,8.568392
866,860,10.710035
897,860,9.575078
903,860,11.394257
895,861,13.480324
900,861,8.490478
873,862,8.211735
866,863,8.32644
898,863,9.716976
889,864,13.287507
893,864,8.028753
901,864,13.11617
886,865,10.723064
905,865,11.4912405
903,866,11.308445
918,866,14.410815
892,867,8.105884
914,867,11.515607
908,868,11.47567
877,869,13.242007
887,869,8.495476
888,869,10.130637
906,869,10.767087
875,870,8.0337515
883,870,9.370417
899,870,6.6857653
912,870,9.707559
878,871,10.249753
881,871,11.438043
909,871,8.404061
874,872,8.347437
876,872,8.494874
907,872,13.438167
915,872,10.252677
897,873,11.593208
919,873,11.198837
913,874,13.982956
915,874,11.610507
891,875,8.814494
899,875,9.521938
912,875,13.961788
880,876,11.089226
907,876,7.1931167
915,876,12.683802
920,876,14.672225
932,876,13.309328
878,877,6.5709076
887,877,6.537064
906,877,14.412625
910,877,8.692567
916,877,10.807045
887,878,12.998571
909,878,14.629412
910,878,12.544845
916,878,11.3653555
907,880,10.717735
920,880,11.157204
935,880,14.481931
905,881,10.666914
909,881,10.937819
936,881,14.241693
911,882,12.979386
917,882,10.90172
899,883,10.371982
912,883,8.838843
926,883,14.85918
928,883,11.080031
891,884,13.315957
921,884,11.234024
904,886,11.664944
931,886,12.63631
906,887,8.17731
910,887,7.3339853
916,887,12.40469
896,888,8.843256
906,888,11.94286
934,888,14.746032
893,889,11.012592
923,889,11.177153
929,889,10.946635
930,889,13.606025
895,892,10.560961
914,892,7.678039
927,892,9.055518
901,893,11.771117
929,893,12.359333
930,893,8.882555
902,894,13.5081625
922,894,6.711602
900,895,11.113084
927,895,11.031451
902,896,8.84149
934,896,10.46177
903,897,9.091139
919,897,10.262092
924,897,8.594017
938,897,12.793903
918,898,11.695796
926,898,8.750265
942,898,13.171961
912,899,4.4463534
928,899,11.616566
943,899,12.530679
901,900,14.078819
944,901,12.7090025
922,902,13.364947
934,902,12.460264
918,903,10.636939
924,903,7.888267
951,903,13.728124
908,904,11.5724125
939,904,13.426296
950,904,13.566523
931,905,14.042293
910,906,9.911886
915,907,11.522395
920,907,8.214428
932,907,7.667649
953,907,14.629221
933,908,7.2952304
916,909,14.521777
936,909,12.587053
941,909,10.904839
916,910,5.7904267
925,911,13.9937
960,911,14.921931
928,912,7.176817
943,912,9.307257
946,912,14.419506
959,913,13.501187
927,914,9.904762
932,915,8.206765
953,915,12.708333
955,915,11.86093
941,916,11.086894
940,917,11.415409
945,917,12.791813
924,918,14.982987
942,918,8.603763
951,918,12.756308
924,919,11.695002
937,919,9.238376
938,919,8.536085
966,919,13.525464
932,920,11.087653
935,920,8.133736
957,920,10.299913
963,920,11.589442
949,921,8.09711
956,922,11.848474
929,923,7.051618
930,923,13.4810915
948,923,8.086137
967,923,12.868004
938,924,7.492251
951,924,9.932392
966,924,14.011148
937,925,9.987369
973,925,14.077666
928,926,9.903402
942,926,11.0703945
946,926,8.206789
961,926,11.663431
974,926,14.906049
965,927,14.257063
943,928,7.020882
946,928,7.4047685
974,928,14.753475
930,929,6.455951
948,929,8.021592
962,929,10.353075
967,929,13.551817
944,930,13.383224
948,930,12.725527
962,930,8.910997
939,931,11.357871
954,931,12.024583
953,932,7.268514
955,932,11.195458
963,932,10.665343
950,933,11.911467
969,933,11.871146
975,933,11.160939
958,934,7.6779227
984,934,12.74642
957,935,6.707265
981,935,14.585683
941,936,14.608193
954,936,13.0611105
970,936,9.381517
982,936,14.523617
938,937,12.69561
966,937,12.565768
973,937,10.36037
951,938,12.220542
966,938,7.113111
995,938,14.982862
950,939,11.164114
991,939,13.3341465
956,940,13.2677
976,940,10.714561
982,941,11.895378
951,942,14.9832535
961,942,6.9973674
980,942,9.666232
946,943,9.371555
974,943,13.267894
977,943,9.616553
952,944,13.334136
962,944,14.679715
994,944,11.417433
960,945,9.790608
997,945,13.918287
961,946,11.312832
974,946,7.972892
977,946,12.162533
949,947,14.901003
964,947,8.917118
993,947,11.332739
962,948,9.933016
967,948,5.596345
985,948,10.310447
996,948,12.457201
978,949,7.633493
969,950,6.7847066
991,950,11.3065605
1012,950,14.960569
966,951,14.445101
980,951,14.287414
995,951,11.557226
965,952,14.119166
1000,952,13.545546
955,953,6.9057527
963,953,7.4939294
981,953,14.97375
986,953,8.141342
987,953,13.404124
988,953,9.433768
1010,953,14.258582
1011,953,14.485283
970,954,9.151435
989,954,12.562259
959,955,12.516946
963,955,14.245162
986,955,9.205655
987,955,8.6711235
988,955,14.305415
1011,955,13.991087
972,956,11.747009
976,956,10.739523
999,956,10.445853
1004,956,12.72277
963,957,10.748859
981,957,7.9942994
988,957,14.711189
998,957,13.473289
1001,957,11.466446
983,958,9.533343
984,958,10.032612
1003,958,11.492148
971,959,9.416489
987,959,10.614088
1019,959,12.199769
979,960,9.626163
997,960,10.042702
974,961,10.450837
980,961,8.19646
1013,961,11.670353
967,962,12.141851
985,962,8.526909
990,962,8.370071
996,962,14.564363
981,963,7.8464723
986,963,10.895489
988,963,6.297616
1006,963,11.788641
1010,963,13.210833
1018,963,14.845746
993,964,12.638556
1020,964,12.849424
973,966,14.726855
992,966,11.046453
995,966,11.020048
1015,966,12.267832
985,967,7.8922577
996,967,7.379497
998,968,9.753013
1001,968,14.451414
1021,968,12.610945
975,969,9.374808
991,969,11.374899
1012,969,9.619626
982,970,14.122021
975,971,8.054395
1002,971,10.884122
1019,971,13.716727
1025,971,14.691406
984,972,7.1946487
999,972,8.254029
979,973,11.106025
992,973,8.677568
977,974,9.100098
1009,974,12.779291
1013,974,10.555287
1014,974,8.921069
1002,975,14.652096
1012,975,13.824802
1025,975,13.964937
999,976,14.1984215
1004,976,7.7957845
1009,977,7.6142826
1014,977,10.499759
1016,977,12.523905
1039,977,14.508601
993,978,11.616552
1017,978,10.542213
1022,978,12.323893
1040,978,14.8285265
997,979,11.563838
1034,979,13.297058
1008,980,9.899291
1013,980,12.098325
988,981,8.115774
998,981,13.962496
1001,981,9.045372
1006,981,8.988102
1010,981,13.22557
1018,981,8.185107
1003,983,8.562604
1047,983,14.618652
1003,984,14.79576
990,985,7.816761
996,985,6.338994
1027,985,11.266284
987,986,8.904526
988,986,7.039113
1006,986,10.836553
1010,986,7.336666
1011,986,6.367969
1023,986,12.302186
1024,986,10.553888
1029,986,13.168756
1010,987,14.242452
1011,987,8.977383
1019,987,9.023263
1023,987,9.993931
1024,987,13.936887
1006,988,6.2096376
1010,988,6.9396586
1011,988,11.001597
1018,988,11.446106
1024,988,12.568107
1029,988,12.294003
1046,988,14.411546
1007,989,9.84266
994,990,13.159716
996,990,13.39111
1005,990,8.294008
1027,990,9.997479
1007,991,8.788613
1012,991,10.408141
1015,992,7.449019
1031,992,13.523121
1042,992,10.482357
1020,993,11.697983
1022,993,9.02044
1000,994,11.734883
1005,994,8.630721
1008,995,13.970132
1015,995,11.587635
1026,995,9.61174
1031,995,12.158424
1017,996,12.35292
1027,996,12.129292
1001,998,5.687649
1018,998,13.441648
1021,998,6.216873
1028,998,8.32657
1044,998,11.989503
1004,999,9.386446
1030,999,13.236313
1033,999,10.4788265
1037,999,13.612163
1035,1000,7.7656207
1006,1001,13.972103
1018,1001,7.934205
1021,1001,10.354082
1028,1001,8.932559
1044,1001,9.502305
1019,1002,9.567304
1025,1002,7.855042
1061,1002,11.120845
1064,1002,11.999659
1032,1003,9.323464
1047,1003,9.326746
1033,1004,12.516537
1037,1004,8.401909
1041,1004,14.08398
1027,1005,11.267207
1049,1005,9.082338
1010,1006,5.2115545
1011,1006,11.319992
1018,1006,6.888911
1024,1006,10.074941
1029,1006,7.4653974
1046,1006,8.232092
1051,1007,10.927809
1058,1007,14.58586
1013,1008,14.868013
1026,1008,11.226499
1043,1008,11.860046
1077,1008,14.453394
1014,1009,7.5303392
1016,1009,8.495272
1038,1009,14.379382
1039,1009,7.257808
1067,1009,13.565071
1011,1010,6.1235933
1018,1010,11.9851465
1023,1010,11.839567
1024,1010,5.718835
1029,1010,6.056087
1046,1010,10.356322
1060,1010,13.821339
1074,1010,14.642841
1019,1011,13.640483
1023,1011,6.4486485
1024,1011,5.1703215
1029,1011,9.553296
1054,1011,14.18832
1060,1011,11.868056
1025,1012,12.200259
1050,1012,10.175676
1057,1012,14.329804
1014,1013,9.2896805
1038,1013,9.43087
1043,1013,8.909109
1038,1014,8.707602
1039,1014,8.146289
1067,1014,14.57724
1026,1015,13.382882
1031,1015,6.232157
1042,1015,8.601819
1076,1015,14.063596
1020,1016,9.770678
1039,1016,12.393476
1078,1016,14.664744
1022,1017,11.671615
1040,1017,8.192747
1053,1017,13.737327
1028,1018,12.551739
1029,1018,11.7951145
1044,1018,8.800002
1046,1018,8.285238
1066,1018,13.1473255
1023,1019,9.4387045
1054,1019,11.633032
1064,1019,13.521521
1028,1021,5.805925
1044,1021,11.4403715
1065,1021,11.830162
1040,1022,7.082518
1053,1022,7.1391635
1079,1022,14.063927
1024,1023,7.5727634
1029,1023,12.637076
1054,1023,7.9668355
1060,1023,8.687341
1029,1024,5.1418347
1046,1024,11.152129
1054,1024,13.264073
1060,1024,8.178412
1074,1024,11.721934
1095,1024,14.456306
1057,1025,8.701615
1061,1025,8.6886425
1031,1026,9.049834
1076,1026,14.596779
1077,1026,11.715884
1049,1027,12.88259
1044,1028,5.74916
1065,1028,7.2799754
1066,1028,13.9927845
1089,1028,12.286212
1046,1029,6.0107055
1060,1029,10.408644
1066,1029,14.659732
1074,1029,8.597489
1095,1029,13.804827
1032,1030,9.827222
1033,1030,8.071425
1086,1030,14.784488
1042,1031,9.828481
1076,1031,9.114786
1047,1032,7.9227934
1083,1032,10.910338
1037,1033,8.827179
1086,1033,10.992175
1042,1034,14.68486
1062,1034,6.5557456
1068,1034,12.693298
1069,1034,8.915518
1070,1035,8.0248785
1055,1036,12.309062
1059,1036,4.602645
1071,1036,9.807578
1091,1036,11.690218
1041,1037,11.108979
1086,1037,12.857809
1087,1037,10.282118
1039,1038,9.61651
1043,1038,9.329602
1067,1038,12.296684
1080,1038,14.163626
1088,1038,9.460325
1099,1038,14.160947
1067,1039,6.8339577
1078,1039,14.991126
1088,1039,14.05839
1053,1040,5.636092
1079,1040,8.656238
1081,1040,12.870371
1075,1041,10.41245
1087,1041,12.621063
1102,1041,12.394702
1068,1042,8.328021
1069,1042,12.507985
1076,1042,11.149647
1080,1043,9.0971365
1088,1043,13.7862425
1099,1043,13.953862
1046,1044,11.570179
1065,1044,7.314678
1066,1044,8.852039
1089,1044,11.046419
1106,1044,14.966778
1055,1045,9.672383
1056,1045,13.296951
1063,1045,5.949817
1071,1045,14.891376
1073,1045,6.437904
1085,1045,11.664735
1100,1045,12.948474
1105,1045,14.975871
1066,1046,9.091067
1074,1046,8.267962
1108,1046,14.84943
1072,1047,9.618776
1083,1047,8.962584
1098,1049,10.885233
1051,1050,12.481698
1057,1050,10.916586
1082,1050,9.644372
1090,1050,10.481337
1058,1051,10.268236
1082,1051,10.962025
1112,1051,13.280252
1109,1052,14.359505
1079,1053,7.5304236
1081,1053,14.927888
1060,1054,8.003979
1064,1054,8.777263
1092,1054,8.711732
1095,1054,14.388414
1059,1055,12.980096
1063,1055,12.968775
1071,1055,5.2210217
1073,1055,8.094192
1091,1055,13.104071
1100,1055,9.440911
1116,1055,11.599919
1063,1056,9.065202
1073,1056,14.629059
1085,1056,8.223881
1094,1056,10.253703
1111,1056,12.12083
1061,1057,7.1503577
1090,1057,8.796318
1093,1057,11.641698
1117,1057,13.036789
1071,1059,8.803671
1084,1059,13.3174515
1091,1059,7.6083136
1074,1060,10.207403
1092,1060,11.4855995
1095,1060,8.172316
1125,1060,13.823413
1064,1061,9.110679
1090,1061,14.360271
1093,1061,7.424947
1117,1061,13.958521
1068,1062,13.13215
1069,1062,7.497107
1104,1062,10.074519
1073,1063,5.625689
1085,1063,5.7318263
1100,1063,11.571082
1105,1063,10.19377
1111,1063,14.466065
1092,1064,10.280606
1093,1064,9.762423
1115,1064,11.444573
1066,1065,10.40717
1089,1065,5.0330343
1106,1065,10.372653
1074,1066,11.119243
1089,1066,9.816212
1106,1066,10.031712
1108,1066,9.987321
1128,1066,13.471884
1078,1067,11.00664
1088,1067,11.362472
1107,1067,11.255875
1110,1067,10.996514
1069,1068,5.7575912
1076,1068,12.659022
1104,1068,12.604125
1119,1068,9.97141
1104,1069,8.734826
1119,1069,12.808451
1122,1070,12.870981
1141,1070,14.47283
1073,1071,12.576118
1091,1071,7.911519
1100,1071,11.308957
1116,1071,9.727766
1123,1071,12.450485
1083,1072,9.429711
1129,1072,13.9725895
1085,1073,9.089657
1100,1073,6.6831765
1105,1073,9.520931
1116,1073,13.477421
1095,1074,7.411527
1108,1074,9.818984
1124,1074,11.80573
1139,1074,13.990302
1102,1075,9.561713
1103,1075,8.801921
1097,1076,13.517144
1119,1076,13.137048
1120,1076,10.3276615
1080,1077,12.083519
1097,1077,6.859053
1118,1077,14.589225
1110,1078,8.782888
1113,1078,9.48928
1081,1079,8.496634
1121,1079,11.77563
1088,1080,11.7154875
1099,1080,7.391644
1118,1080,8.810424
1114,1081,9.465495
1121,1081,9.042944
1090,1082,9.518258
1112,1082,8.271219
1129,1083,11.852508
1091,1084,12.94336
1148,1084,13.129436
1094,1085,11.51855
1100,1085,12.411803
1105,1085,6.813935
1111,1085,8.791443
1131,1085,11.265357
1137,1085,12.631002
1087,1086,9.337904
1134,1086,10.483793
1102,1087,10.243733
1134,1087,13.570866
1140,1087,11.922449
1099,1088,6.865698
1107,1088,6.75602
1118,1088,14.913139
1135,1088,14.814032
1150,1088,12.934205
1106,1089,5.5298123
1128,1089,12.625778
1093,1090,14.633199
1117,1090,9.419517
1116,1091,10.84925
1123,1091,7.60861
1154,1091,13.085816
1093,1092,14.951012
1095,1092,12.431177
1115,1092,8.619059
1125,1092,9.308855
1132,1092,9.062995
1115,1093,9.104581
1117,1093,9.353538
1157,1093,13.00692
1111,1094,6.0219855
1131,1094,12.345279
1138,1094,10.037437
1151,1094,12.929415
1108,1095,12.224953
1124,1095,8.551969
1125,1095,8.464783
1139,1095,13.421541
1098,1096,12.979688
1114,1096,9.494273
1126,1096,10.15248
1130,1096,8.142527
1120,1097,11.567404
1147,1097,12.667067
1152,1097,11.435904
1126,1098,9.481456
1127,1098,7.068375
1155,1098,13.000376
1107,1099,10.205895
1118,1099,8.047446
1150,1099,11.221764
1153,1099,10.957315
1105,1100,8.449616
1116,1100,7.540949
1136,1100,12.319327
1137,1100,11.933644
1142,1101,9.205975
1143,1101,14.711022
1103,1102,12.710525
1140,1102,12.1079
1145,1102,12.855415
1159,1102,11.389303
1145,1103,9.020006
1160,1103,12.58875
1170,1103,13.796505
1119,1104,12.935283
1146,1104,10.071472
1174,1104,13.536367
1111,1105,10.349149
1131,1105,8.328004
1136,1105,10.498282
1137,1105,6.407705
1164,1105,11.6701145
1108,1106,11.895313
1128,1106,7.11343
1139,1106,14.957454
1110,1107,12.428374
1135,1107,8.064444
1150,1107,8.558101
1124,1108,8.151044
1128,1108,8.9875145
1139,1108,5.7078733
1186,1108,14.740295
1143,1109,8.314537
1144,1109,11.446563
1169,1109,11.321209
1113,1110,11.0964775
1135,1110,9.248595
1162,1110,9.799369
1131,1111,6.424633
1137,1111,12.012164
1138,1111,7.336171
1151,1111,13.354903
1164,1111,12.876982
1167,1111,11.714878
1158,1112,9.630978
1162,1113,13.486644
1171,1113,12.884589
1121,1114,8.071617
1130,1114,8.517046
1163,1114,10.125282
1125,1115,14.2350855
1132,1115,7.497164
1157,1115,10.189807
1168,1115,13.646126
1123,1116,7.8848934
1136,1116,13.664269
1173,1116,12.202965
1157,1117,11.585572
1180,1117,11.155101
1147,1118,9.47746
1150,1118,14.062763
1153,1118,7.49376
1176,1118,13.786618
1190,1118,13.665752
1120,1119,11.990906
1161,1119,8.530688
1152,1120,8.836532
1161,1120,13.442703
1175,1120,10.645698
1163,1121,11.223902
1177,1121,14.619509
1141,1122,5.673037
1155,1122,12.463487
1166,1122,9.435172
1154,1123,7.751069
1173,1123,12.357248
1125,1124,9.86191
1128,1124,14.83526
1139,1124,5.761254
1178,1124,9.604929
1179,1124,12.739834
1132,1125,8.480696
1168,1125,11.398096
1178,1125,14.519541
1179,1125,12.014602
1127,1126,8.595839
1130,1126,8.14695
1155,1126,13.235538
1172,1126,8.50772
1155,1127,6.1464114
1166,1127,14.643294
1172,1127,11.034266
1139,1128,9.302938
1186,1128,10.224044
1149,1129,10.866118
1163,1130,9.719048
1172,1130,12.743885
1196,1130,13.179304
1136,1131,11.681051
1137,1131,6.4637866
1138,1131,7.7739215
1164,1131,6.513184
1167,1131,7.4062724
1157,1132,12.900083
1168,1132,7.0250325
1179,1132,14.07472
1193,1132,12.265603
1203,1132,13.8284025
1144,1133,13.397395
1184,1133,10.972853
1140,1134,8.960472
1165,1134,7.1431427
1150,1135,9.381092
1162,1135,9.576852
1195,1135,13.120275
1137,1136,5.4851985
1164,1136,8.158557
1167,1136,14.441272
1173,1136,11.8238
1185,1136,6.691183
1210,1136,12.523035
1215,1136,14.986677
1220,1136,14.446989
1138,1137,14.047095
1164,1137,5.8528185
1167,1137,11.156858
1185,1137,11.616119
1210,1137,14.423796
1151,1138,7.3001356
1164,1138,11.548132
1167,1138,6.9279294
1178,1139,9.443053
1186,1139,10.33431
1159,1140,9.708399
1165,1140,8.529774
1192,1140,10.44721
1166,1141,10.483055
1143,1142,11.660971
1181,1142,12.551719
1188,1142,12.690274
1201,1142,13.505366
1144,1143,14.101511
1169,1143,7.8528295
1188,1143,9.102458
1169,1144,8.841971
1184,1144,12.908694
1159,1145,8.523174
1160,1145,11.328779
1170,1145,6.9937124
1160,1146,7.8216476
1174,1146,9.811196
1152,1147,11.312049
1153,1147,11.598317
1190,1147,12.437961
1204,1147,14.135756
1154,1148,8.753889
1183,1148,7.5461955
1189,1149,8.775475
1153,1150,9.217525
1176,1150,7.969808
1190,1150,13.900738
1167,1151,12.191796
1191,1151,13.180637
1197,1151,9.256711
1175,1152,8.109618
1205,1152,12.954713
1176,1153,6.322976
1190,1153,7.4158273
1212,1153,13.7388935
1173,1154,13.891116
1183,1154,8.086702
1166,1155,8.909418
1172,1155,11.406523
1209,1155,13.922687
1214,1155,14.077885
1158,1156,8.909753
1181,1156,10.511405
1187,1156,8.829994
1168,1157,14.456597
1180,1157,11.368754
1193,1157,9.65583
1198,1157,9.27724
1187,1158,12.907958
1170,1159,12.942412
1192,1159,8.847177
1170,1160,7.8272176
1174,1161,12.900782
1175,1161,12.094862
1194,1161,7.532934
1171,1162,10.397219
1195,1162,8.671978
1196,1163,7.462602
1167,1164,6.293101
1185,1164,11.342072
1210,1164,10.027005
1192,1165,10.733638
1218,1165,11.15087
1209,1166,10.262324
1214,1166,14.190825
1210,1167,12.556662
1237,1167,14.868248
1179,1168,9.343968
1193,1168,8.567148
1203,1168,7.036478
1217,1168,11.415803
1188,1169,8.319574
1213,1169,9.745575
1242,1169,14.869897
1222,1170,11.52262
1231,1170,13.430147
1182,1171,10.386157
1195,1171,13.914072
1208,1171,7.694555
1235,1171,13.64649
1214,1172,13.739155
1219,1172,8.978892
1236,1172,14.378604
1185,1173,9.35372
1215,1173,9.10605
1194,1174,12.343112
1225,1174,14.433677
1226,1174,13.23402
1194,1175,13.147964
1205,1175,9.476196
1190,1176,6.389793
1212,1176,8.885382
1221,1176,14.150528
1182,1177,9.911122
1223,1177,14.443463
1179,1178,7.146019
1186,1178,10.53086
1216,1178,9.238077
1217,1178,14.8492565
1232,1178,14.825037
1203,1179,10.989886
1216,1179,11.152357
1217,1179,9.41857
1252,1179,14.280196
1198,1180,10.204954
1200,1180,8.7359085
1187,1181,8.2810335
1201,1181,12.276239
1238,1181,13.191514
1208,1182,11.712777
1235,1182,14.8494835
1246,1182,14.627585
1202,1184,10.473803
1207,1184,7.5443115
1210,1185,9.238196
1215,1185,8.684118
1220,1185,8.298195
1216,1186,12.752313
1232,1186,10.734186
1233,1187,9.610312
1238,1187,11.480191
1201,1188,11.275161
1213,1188,9.213553
1224,1188,10.109548
1211,1189,8.659646
1249,1189,11.928853
1250,1189,14.967373
1204,1190,10.303361
1212,1190,7.6171904
1197,1191,5.6258097
1243,1191,11.333547
1247,1191,13.477708
1234,1192,11.784648
1239,1192,10.586003
1198,1193,8.858226
1203,1193,7.425896
1217,1193,13.7832775
1244,1193,14.199576
1248,1193,12.174928
1226,1194,9.401118
1240,1194,9.977923
1208,1195,14.672063
1221,1195,11.87885
1227,1195,7.3214555
1229,1195,7.79448
1245,1195,12.343464
1219,1196,14.186853
1223,1196,14.912793
1241,1196,13.072593
1251,1196,10.394589
1243,1197,12.384209
1247,1197,11.806933
1200,1198,14.115972
1244,1198,9.039879
1206,1199,9.967998
1230,1199,7.3427386
1253,1200,11.753875
1256,1200,10.6369505
1224,1201,9.061834
1238,1201,13.506404
1257,1201,10.7438135
1207,1202,13.27761
1259,1202,12.386284
1217,1203,6.398577
1248,1203,9.491211
1205,1204,13.746244
1212,1204,12.348548
1260,1205,14.219171
1230,1206,12.612092
1242,1207,14.930895
1254,1207,7.954176
1259,1207,14.687429
1277,1207,14.621141
1229,1208,11.988537
1235,1208,6.000685
1245,1208,9.440352
1246,1208,11.788669
1214,1209,6.0416846
1236,1209,11.746794
1215,1210,14.085193
1220,1210,6.964682
1237,1210,7.839441
1262,1210,10.228984
1218,1211,7.4895954
1249,1211,11.582147
1250,1211,7.4689035
1258,1211,12.769976
1221,1212,11.915511
1268,1212,11.3631
1224,1213,9.561316
1242,1213,6.1206737
1267,1213,12.8861
1219,1214,10.42348
1236,1214,6.0653496
1264,1214,11.297805
1220,1215,8.129473
1262,1215,14.643501
1217,1216,12.067471
1232,1216,8.786275
1252,1216,8.045491
1265,1216,11.188086
1266,1216,14.805449
1248,1217,10.475601
1252,1217,8.838364
1266,1217,10.611518
1274,1217,13.25222
1234,1218,11.300994
1250,1218,9.63052
1258,1218,8.932395
1236,1219,7.247788
1241,1219,7.8019414
1264,1219,11.491835
1269,1219,14.509884
1237,1220,11.988692
1262,1220,7.754701
1278,1220,14.198229
1289,1220,14.011512
1227,1221,7.6198587
1229,1221,13.621557
1261,1221,7.669957
1268,1221,14.6002245
1231,1222,7.831336
1239,1222,10.468966
1279,1222,14.732857
1281,1222,13.440492
1251,1223,10.8442335
1263,1223,13.677164
1242,1224,12.608242
1257,1224,13.871491
1288,1224,14.330861
1293,1224,14.847697
1231,1225,9.617301
1255,1225,10.2911625
1273,1225,12.329239
1240,1226,7.3764296
1255,1226,10.76662
1260,1226,14.913407
1282,1226,11.819331
1229,1227,6.009553
1245,1227,10.959417
1261,1227,9.03798
1233,1228,9.18249
1253,1228,7.434705
1235,1229,13.284677
1245,1229,5.2132907
1261,1229,13.692164
1285,1229,13.5813875
1273,1231,11.9241
1281,1231,12.501219
1252,1232,14.198689
1265,1232,9.170642
1238,1233,10.095519
1270,1233,9.553172
1239,1234,9.279894
1258,1234,9.464012
1284,1234,11.751758
1294,1234,13.0799885
1245,1235,8.688957
1246,1235,7.4767156
1285,1235,12.603322
1241,1236,10.838978
1264,1236,6.04155
1269,1236,14.771522
1292,1236,14.207026
1262,1237,9.105571
1278,1237,10.555997
1257,1238,7.3639193
1270,1238,10.430083
1276,1238,12.28774
1283,1238,10.018399
1297,1238,14.566969
1279,1239,10.509021
1260,1240,7.6754265
1280,1240,14.583598
1282,1240,12.390017
1251,1241,10.727719
1264,1241,10.799753
1269,1241,7.2177696
1271,1241,10.931337
1292,1241,11.35195
1254,1242,11.878844
1267,1242,7.237481
1293,1242,14.449323
1298,1242,13.756091
1247,1243,5.986353
1248,1244,12.199057
1256,1244,13.5486765
1275,1244,8.880047
1287,1244,12.511143
1285,1245,9.682643
1263,1246,8.397857
1311,1246,14.724465
1266,1248,11.912439
1274,1248,9.393232
1275,1248,12.208365
1286,1248,10.068269
1250,1249,10.8824835
1272,1249,8.597421
1290,1249,12.584363
1258,1250,8.1465645
1284,1250,14.111578
1290,1250,9.741729
1269,1251,11.611095
1271,1251,7.2449775
1300,1251,13.365145
1303,1251,14.949754
1265,1252,10.258841
1266,1252,6.770423
1274,1252,12.208407
1256,1253,11.035737
1259,1254,13.8604
1267,1254,11.899211
1277,1254,6.9977107
1301,1254,13.7990265
1273,1255,10.502374
1282,1255,8.647013
1322,1255,14.70276
1287,1256,9.122035
1305,1256,13.363993
1270,1257,14.375086
1276,1257,6.040487
1283,1257,8.117068
1288,1257,13.904823
1297,1257,14.678893
1309,1257,13.777789
1310,1257,14.869896
1284,1258,7.4936466
1290,1258,13.706071
1294,1258,13.4120455
1277,1259,13.953113
1301,1259,12.5299225
1280,1260,6.949038
1295,1260,14.715221
1302,1260,11.241801
1268,1261,12.479087
1306,1261,10.607418
1278,1262,6.464126
1289,1262,7.4015164
1299,1263,14.810504
1311,1263,13.724472
1314,1263,11.580199
1269,1264,11.409088
1292,1264,8.874881
1266,1265,14.0980425
1315,1265,13.411186
1274,1266,5.59773
1286,1266,12.824069
1307,1266,10.700124
1315,1266,13.77179
1277,1267,11.925046
1293,1267,9.595346
1298,1267,6.669136
1326,1267,13.189941
1291,1268,10.59498
1321,1268,13.740352
1323,1268,13.083864
1271,1269,6.980492
1292,1269,6.0812936
1300,1269,12.189772
1303,1269,8.836005
1328,1269,14.471171
1283,1270,9.204366
1297,1270,7.6460547
1309,1270,13.656678
1313,1270,10.927932
1292,1271,12.367247
1299,1271,12.818018
1300,1271,7.3038316
1303,1271,7.7104654
1327,1271,13.88864
1328,1271,14.030184
1290,1272,10.297594
1316,1272,8.614193
1281,1273,12.563834
1286,1274,7.236098
1307,1274,6.8834553
1308,1274,13.606416
1333,1274,14.081009
1286,1275,8.675363
1287,1275,10.175897
1308,1275,8.448467
1312,1275,9.337211
1283,1276,6.497146
1288,1276,9.170955
1297,1276,12.5769415
1309,1276,9.111082
1310,1276,8.860411
1298,1277,13.724276
1301,1277,7.7903914
1326,1277,13.395879
1335,1277,14.534347
1289,1278,6.032128
1281,1279,9.559458
1294,1279,11.089516
1334,1279,14.343167
1295,1280,7.939441
1302,1280,10.473581
1318,1280,10.81498
1325,1280,13.355133
1302,1282,12.238361
1322,1282,10.297357
1331,1282,13.294019
1297,1283,6.657884
1309,1283,6.908044
1310,1283,11.156563
1313,1283,13.5279
1332,1283,12.238459
1290,1284,14.96333
1294,1284,6.8420763
1317,1284,13.263883
1336,1284,13.289236
1311,1285,12.12352
1319,1285,9.72897
1307,1286,7.782713
1308,1286,6.8176064
1312,1286,13.325186
1333,1286,12.821824
1305,1287,12.476228
1312,1287,9.746241
1324,1287,9.266835
1293,1288,7.998605
1298,1288,14.765371
1309,1288,13.927119
1310,1288,8.537095
1338,1288,13.830844
1316,1290,11.990929
1317,1290,7.5806093
1337,1290,14.061283
1320,1291,9.770264
1323,1291,9.965987
1303,1292,10.322486
1328,1292,13.648895
1298,1293,6.8462524
1326,1293,13.687057
1352,1293,13.963503
1334,1294,10.583519
1336,1294,12.352578
1318,1295,12.703594
1320,1295,8.848561
1325,1295,8.947699
1343,1295,14.354952
1309,1297,6.8194423
1310,1297,13.323125
1313,1297,6.873853
1332,1297,7.8859124
1345,1297,14.837112
1354,1297,14.068488
1326,1298,7.79876
1352,1298,14.405875
1300,1299,7.668705
1303,1299,13.182201
1314,1299,10.5414715
1327,1299,9.741067
1339,1299,12.397066
1303,1300,5.562051
1327,1300,6.8414955
1328,1300,9.391813
1351,1300,13.680814
1335,1301,10.833414
1340,1301,8.906863
1341,1301,13.368321
1318,1302,6.639904
1331,1302,8.5016575
1343,1302,13.585283
1360,1302,13.668184
1327,1303,8.504562
1328,1303,6.4009438
1351,1303,12.908078
1324,1305,9.564246
1349,1305,14.388496
1364,1305,14.43093
1319,1306,10.812188
1321,1306,7.808698
1347,1306,12.414196
1308,1307,10.9190445
1315,1307,13.079305
1333,1307,7.2048
1312,1308,7.3431616
1333,1308,11.906737
1363,1308,13.850666
1310,1309,6.5554132
1313,1309,11.922385
1332,1309,6.593833
1338,1309,12.942825
1345,1309,10.031573
1354,1309,12.441981
1332,1310,11.276271
1338,1310,8.534567
1345,1310,9.69483
1314,1311,12.7819195
1344,1311,14.565109
1348,1311,12.267642
1324,1312,9.456918
1349,1312,13.8200245
1332,1313,8.338125
1350,1313,13.6652
1353,1313,9.504126
1354,1313,12.055056
1339,1314,9.904061
1348,1314,12.350682
1333,1315,14.497886
1317,1316,13.9522505
1346,1316,8.853542
1336,1317,12.914312
1337,1317,7.233619
1359,1317,14.434548
1325,1318,9.2261095
1331,1318,10.763329
1343,1318,7.074554
1360,1318,9.107217
1366,1318,13.147524
1369,1318,12.780344
1344,1319,10.687136
1368,1319,13.16158
1323,1320,14.232801
1325,1320,9.873946
1357,1320,12.528018
1323,1321,10.021128
1347,1321,9.46233
1331,1322,9.765075
1356,1322,10.16573
1357,1323,12.482469
1349,1324,7.985726
1377,1324,14.820777
1343,1325,6.3657475
1360,1325,12.753143
1367,1325,9.166235
1369,1325,11.099
1380,1325,14.0282955
1335,1326,9.628717
1352,1326,13.27065
1358,1326,9.451976
1328,1327,6.567197
1339,1327,12.134856
1351,1327,7.331676
1361,1327,10.582191
1382,1327,12.34546
1386,1327,14.073742
1351,1328,7.063149
1361,1328,14.665889
1382,1328,14.310429
1386,1328,12.518658
1330,1329,6.705742
1355,1329,7.574692
1362,1329,12.334296
1355,1330,10.466609
1362,1330,8.584846
1343,1331,14.937964
1356,1331,8.266351
1360,1331,11.118648
1366,1331,9.159208
1394,1331,14.424152
1338,1332,13.715824
1345,1332,7.7148175
1353,1332,11.743294
1354,1332,6.4229207
1387,1332,14.571007
1363,1333,10.843505
1376,1333,11.387391
1336,1334,10.502117
1379,1334,11.76376
1390,1334,12.961762
1340,1335,6.4537115
1341,1335,13.618029
1358,1335,9.538489
1370,1335,10.403099
1388,1335,11.19122
1337,1336,12.262178
1359,1336,9.744754
1379,1336,11.361139
1359,1337,8.650559
1378,1337,8.745744
1345,1338,6.931881
1352,1338,12.051215
1354,1338,13.727631
1365,1338,8.107398
1399,1338,12.169505
1348,1339,13.645505
1351,1339,14.258069
1361,1339,7.1665835
1381,1339,7.8776436
1382,1339,11.917478
1396,1339,10.8614
1341,1340,7.343511
1370,1340,8.79151
1388,1340,14.607405
1346,1341,11.189991
1370,1341,10.096224
1401,1341,14.176965
1371,1342,12.582191
1383,1342,14.517469
1360,1343,6.424771
1366,1343,12.4314
1367,1343,8.11203
1369,1343,6.1827126
1380,1343,14.071441
1391,1343,11.075382
1400,1343,12.482289
1368,1344,8.866515
1372,1344,6.794619
1373,1344,8.704205
1395,1344,14.803576
1406,1344,13.461747
1354,1345,6.856552
1365,1345,13.713016
1387,1345,13.158125
1399,1345,12.0146
1378,1346,11.823701
1389,1346,10.173604
1402,1346,12.8730545
1368,1347,13.43495
1384,1347,10.476447
1385,1347,8.297693
1395,1347,13.159769
1412,1347,14.923773
1373,1348,9.657412
1381,1348,13.925701
1404,1348,10.644359
1364,1349,10.621487
1377,1349,8.896962
1393,1349,8.795071
1353,1350,8.494604
1364,1350,10.717194
1375,1350,6.8490376
1397,1350,12.6308975
1410,1350,14.11906
1361,1351,8.73114
1382,1351,7.3112173
1386,1351,6.751514
1396,1351,13.131316
1407,1351,11.511893
1358,1352,12.81964
1365,1352,7.8867025
1405,1352,13.24909
1354,1353,9.685118
1375,1353,11.038721
1387,1353,11.156889
1397,1353,9.151584
1387,1354,8.228769
1397,1354,13.577028
1399,1354,14.309033
1362,1355,9.760852
1374,1355,8.931048
1408,1355,12.11327
1360,1356,13.912955
1366,1356,8.417418
1383,1356,10.736121
1394,1356,7.786483
1398,1356,12.0977
1367,1357,13.701391
1380,1357,10.394558
1414,1357,12.662064
1370,1358,14.4867325
1388,1358,7.5193367
1405,1358,12.872359
1418,1358,13.700475
1378,1359,11.075063
1379,1359,12.380178
1413,1359,11.088011
1430,1359,13.140896
1366,1360,6.05905
1367,1360,12.034904
1369,1360,6.720511
1391,1360,7.138992
1394,1360,14.057738
1398,1360,10.0792
1400,1360,12.380964
1381,1361,7.7558107
1382,1361,4.7581606
1386,1361,11.392917
1396,1361,6.119219
1407,1361,12.928484
1392,1362,7.420795
1417,1362,14.972597
1420,1362,14.00873
1376,1363,14.110852
1377,1363,12.127866
1409,1363,11.787119
1375,1364,10.278687
1393,1364,9.051606
1410,1364,13.483408
1399,1365,10.62502
1405,1365,12.73499
1369,1366,11.786019
1391,1366,8.622972
1394,1366,8.280986
1398,1366,6.5836782
1369,1367,5.9517307
1380,1367,5.9623127
1391,1367,11.759651
1400,1367,7.7495255
1411,1367,11.19647
1421,1367,13.26706
1372,1368,6.894856
1373,1368,13.96374
1385,1368,9.619519
1395,1368,6.2684016
1406,1368,11.686895
1415,1368,11.743393
1380,1369,10.929276
1391,1369,6.228823
1398,1369,12.63686
1400,1369,6.474546
1411,1369,13.718446
1421,1369,12.166968
1388,1370,9.407119
1401,1370,7.342298
1418,1370,14.035812
1390,1371,11.724271
1403,1371,8.492028
1419,1371,10.8405485
1423,1371,14.822929
1373,1372,7.368697
1395,1372,10.551692
1404,1372,13.361405
1406,1372,6.826277
1415,1372,13.987975
1432,1372,14.450202
1404,1373,7.7557607
1406,1373,9.756371
1425,1373,14.591851
1408,1374,9.248029
1397,1375,9.166009
1410,1375,7.294392
1417,1376,13.691976
1393,1377,10.822754
1409,1377,11.592217
1389,1378,6.965073
1422,1378,12.130212
1430,1378,12.514309
1390,1379,6.6533914
1403,1379,12.2611885
1413,1379,10.080449
1400,1380,8.791969
1411,1380,6.8353868
1414,1380,12.344083
1421,1380,12.211441
1382,1381,10.527854
1396,1381,5.60966
1428,1381,14.756509
1386,1382,7.138931
1396,1382,6.071083
1407,1382,8.186243
1394,1383,11.4915085
1424,1383,12.84586
1427,1383,12.553106
1385,1384,12.04844
1412,1384,7.279023
1395,1385,5.8655214
1412,1385,11.832122
1415,1385,9.062016
1441,1385,14.957815
1396,1386,12.657621
1407,1386,5.3437347
1397,1387,8.202963
1399,1387,13.0602
1426,1387,9.268013
1401,1388,12.940195
1405,1388,14.282046
1418,1388,7.52389
1437,1388,14.558262
1402,1389,8.248943
1422,1389,8.958594
1430,1389,14.018367
1403,1390,5.6343417
1413,1390,14.237493
1419,1390,11.55643
1431,1390,11.927236
1394,1391,13.143673
1398,1391,6.7744765
1400,1391,7.5358596
1421,1391,10.833993
1436,1391,11.302099
1417,1392,7.574443
1420,1392,7.812271
1433,1392,13.14698
1398,1394,6.612131
1424,1394,10.4907255
1438,1394,12.088787
1406,1395,11.750407
1415,1395,5.80207
1432,1395,13.54552
1407,1396,11.49692
1410,1397,11.055317
1426,1397,11.78692
1443,1397,13.331015
1400,1398,13.891286
1424,1398,14.20192
1436,1398,11.033132
1438,1398,12.560012
1446,1399,13.91289
1411,1400,8.23833
1421,1400,5.899587
1436,1400,12.678185
1402,1401,11.693654
1418,1401,13.498733
1437,1401,12.642372
1447,1401,12.456557
1422,1402,12.014698
1439,1402,11.752515
1447,1402,14.444346
1419,1403,6.1890926
1423,1403,14.345371
1431,1403,9.773285
1406,1404,11.336088
1425,1404,7.8914537
1428,1404,11.433767
1418,1405,13.343225
1435,1405,11.630341
1415,1406,12.101741
1425,1406,12.611329
1432,1406,8.278801
1452,1406,14.717595
1420,1408,13.271156
1449,1408,12.328786
1434,1410,8.198818
1443,1410,13.784384
1455,1410,14.209119
1414,1411,10.733039
1421,1411,7.722092
1440,1411,14.156816
1461,1411,13.761219
1441,1412,11.334871
1444,1412,9.075608
1430,1413,11.026515
1448,1413,11.013204
1440,1414,8.2579775
1444,1414,14.642122
1432,1415,10.012298
1441,1415,10.356411
1454,1415,12.17373
1429,1416,8.533587
1445,1416,10.962204
1456,1416,12.150978
1420,1417,6.8172803
1433,1417,5.9637146
1451,1417,12.609943
1453,1417,12.30832
1435,1418,8.491531
1437,1418,8.200634
1423,1419,8.655624
1431,1419,8.3224535
1460,1419,14.080803
1433,1420,8.793702
1449,1420,11.194197
1451,1420,9.294349
1453,1420,13.304164
1436,1421,9.462896
1461,1421,12.470182
1430,1422,8.485719
1439,1422,10.052986
1459,1422,10.689182
1427,1423,12.570829
1427,1424,10.487628
1438,1424,6.3724465
1463,1424,14.121116
1470,1424,14.359084
1428,1425,7.472934
1432,1425,14.438766
1442,1425,12.183242
1452,1425,10.581349
1458,1425,11.500814
1443,1426,9.813587
1446,1426,7.723872
1462,1426,10.746849
1442,1428,5.4071884
1458,1428,8.800393
1445,1429,12.531948
1456,1429,8.116625
1448,1430,12.455724
1459,1430,13.542938
1467,1430,14.457027
1460,1431,8.044678
1452,1432,9.924913
1454,1432,8.478525
1451,1433,8.958209
1453,1433,6.370741
1457,1433,10.376956
1479,1433,12.812404
1450,1434,9.276184
1455,1434,6.4950256
1468,1434,12.107052
1437,1435,11.139322
1466,1435,13.355412
1485,1435,14.541496
1438,1436,11.301775
1463,1436,12.327818
1481,1436,13.722688
1447,1437,11.729572
1463,1438,8.673693
1470,1438,14.260711
1447,1439,10.923454
1459,1439,9.91476
1471,1439,9.467412
1480,1439,10.8460245
1444,1440,11.664789
1461,1440,14.055019
1482,1440,11.901473
1444,1441,10.966677
1454,1441,11.59318
1465,1441,8.115996
1472,1441,13.497818
1484,1441,12.754742
1458,1442,6.940697
1446,1443,14.802173
1462,1443,9.696764
1472,1444,8.84554
1456,1445,7.442672
1488,1445,13.0798025
1495,1445,14.73695
1462,1446,9.409992
1469,1446,8.283459
1471,1447,10.361265
1467,1448,9.822545
1474,1448,7.4406896
1494,1448,14.798137
1451,1449,8.109526
1477,1449,10.277328
1455,1450,7.149742
1468,1450,5.8679504
1486,1450,11.14957
1453,1451,7.843469
1457,1451,14.713291
1477,1451,7.928598
1479,1451,10.5328045
1493,1451,14.057264
1454,1452,12.859595
1458,1452,13.232115
1457,1453,6.8699646
1477,1453,11.997717
1479,1453,6.476258
1490,1453,12.624909
1493,1453,13.070482
1465,1454,7.9272094
1484,1454,12.207905
1468,1455,6.5645347
1486,1455,13.850262
1488,1456,10.2645235
1492,1456,12.418294
1473,1457,8.950688
1479,1457,9.044563
1490,1457,11.617403
1467,1459,9.175402
1471,1459,13.626342
1475,1459,6.0227923
1480,1459,8.770693
1491,1459,12.372548
1496,1459,12.209376
1476,1460,10.577772
1489,1460,9.03656
1497,1460,14.526435
1481,1461,13.587229
1482,1461,10.760329
1499,1461,14.109896
1469,1462,9.378663
1470,1463,12.612507
1481,1463,10.935983
1487,1463,8.489584
1472,1465,13.597821
1484,1465,5.51625
1478,1466,11.426585
1485,1466,9.075373
1474,1467,10.175644
1475,1467,6.506073
1491,1467,8.631075
1494,1467,8.207802
1496,1467,13.781313
1486,1468,7.3001547
1478,1469,9.539159
1483,1470,10.135215
1487,1470,13.545094
1480,1471,6.998671
1496,1471,13.69165
1508,1471,14.902851
1484,1472,12.417699
1479,1473,14.681709
1490,1473,12.431332
1491,1474,14.929349
1494,1474,10.193716
1503,1474,9.197206
1480,1475,8.867937
1491,1475,6.3509398
1494,1475,10.066759
1496,1475,7.948628
1511,1475,14.20278
1483,1476,14.355533
1489,1476,11.863368
1497,1476,9.249239
1502,1476,11.115512
1479,1477,9.664998
1490,1477,14.678958
1493,1477,8.531502
1500,1477,8.360417
1504,1477,13.662053
1490,1479,6.8801684
1493,1479,6.9640336
1500,1479,13.903009
1491,1480,12.725237
1496,1480,7.423718
1508,1480,12.002255
1487,1481,10.873116
1498,1481,9.50744
1499,1482,10.538942
1502,1483,11.256352
1514,1483,14.443442
1501,1486,7.80788
1513,1486,13.930095
1509,1487,9.581377
1492,1488,8.987027
1495,1488,8.897347
1510,1488,10.449041
1497,1489,8.740254
1503,1489,13.555731
1506,1489,8.325376
1493,1490,7.4470396
1507,1490,8.795409
1494,1491,5.5575657
1496,1491,7.321698
1503,1491,14.804479
1508,1491,14.80694
1511,1491,8.266587
1516,1491,14.242775
1510,1492,9.54456
1518,1492,13.263121
1500,1493,7.961684
1507,1493,13.899112
1496,1494,12.862287
1503,1494,9.397532
1511,1494,10.148374
1516,1494,13.406417
1504,1495,12.401042
1508,1496,8.34654
1511,1496,10.2220545
1502,1497,10.108401
1506,1497,10.59614
1520,1497,12.265418
1499,1498,9.573259
1504,1500,8.323914
1526,1500,13.840961
1505,1501,8.31668
1513,1501,6.524408
1525,1501,12.7887745
1528,1501,13.835794
1514,1502,8.707475
1530,1502,14.347704
1506,1503,11.487647
1516,1503,14.411278
1517,1503,10.2294855
1524,1504,11.302333
1512,1505,12.4158125
1513,1505,8.161512
1521,1505,10.373633
1528,1505,12.502167
1517,1506,11.916926
1520,1506,10.5371685
1512,1507,9.924631
1527,1507,10.688569
1532,1507,9.944237
1511,1508,13.036599
1523,1508,10.691745
1529,1508,10.174584
1515,1509,14.2298355
1531,1509,8.382653
1518,1510,8.590688
1516,1511,7.302234
1529,1511,12.901514
1533,1511,9.19704
1541,1511,14.400892
1521,1512,9.944953
1532,1512,9.740937
1521,1513,10.13746
1525,1513,8.661465
1528,1513,7.322006
1540,1513,13.2493725
1515,1514,10.764423
1530,1514,7.9148703
1530,1515,13.749457
1531,1515,13.547495
1546,1515,13.173024
1517,1516,9.978277
1533,1516,5.9714804
1539,1516,9.908704
1541,1516,11.57042
1539,1517,10.060524
1549,1518,11.40762
1534,1519,11.105313
1537,1519,12.458254
1542,1519,10.102236
1556,1520,13.409991
1528,1521,6.4661913
1543,1521,9.131701
1523,1522,12.809925
1536,1522,10.4986105
1553,1522,12.879205
1529,1523,10.85043
1545,1523,11.852742
1555,1523,13.438932
1538,1524,11.825408
1528,1525,9.289319
1540,1525,7.018951
1550,1525,12.038776
1562,1525,14.819033
1527,1526,12.423356
1532,1527,8.68833
1547,1527,7.7508917
1563,1527,13.548024
1540,1528,9.191985
1543,1528,10.002844
1560,1528,12.313128
1533,1529,10.908246
1541,1529,10.25755
1545,1529,7.402001
1552,1529,10.1372795
1546,1531,10.100102
1547,1532,9.763504
1557,1532,13.386873
1539,1533,10.57168
1541,1533,5.7744594
1545,1533,14.9912815
1552,1533,11.835251
1565,1533,13.136109
1542,1534,13.739141
1564,1534,11.758251
1544,1535,5.486846
1551,1535,8.387567
1554,1535,8.206869
1578,1535,14.992293
1553,1536,8.587874
1542,1537,8.427843
1559,1537,8.843599
1561,1537,13.244597
1549,1538,12.279215
1567,1538,11.3385725
1541,1539,12.31825
1558,1539,7.109372
1565,1539,11.7410145
1576,1539,13.225836
1543,1540,14.305916
1550,1540,9.447613
1560,1540,8.442381
1562,1540,8.926888
1568,1540,14.60883
1573,1540,11.535488
1545,1541,11.209221
1552,1541,6.4475675
1565,1541,9.03001
1570,1541,14.365128
1584,1541,14.153234
1559,1542,12.203271
1561,1542,6.3689365
1564,1542,13.589716
1580,1542,13.768564
1557,1543,8.164781
1560,1543,10.171673
1577,1543,11.3449545
1550,1544,11.61927
1551,1544,9.08257
1554,1544,5.523488
1568,1544,12.247575
1578,1544,11.956964
1552,1545,6.5351815
1555,1545,12.3772
1570,1545,8.004483
1586,1545,13.586565
1566,1546,9.241731
1557,1547,14.900835
1563,1547,8.007948
1588,1547,13.531307
1574,1548,13.836313
1583,1548,11.705504
1567,1549,8.44768
1572,1549,7.9737215
1560,1550,14.696847
1562,1550,6.835367
1568,1550,6.8448386
1573,1550,13.102447
1594,1550,14.82685
1554,1551,5.236201
1571,1551,9.335068
1578,1551,8.995662
1565,1552,10.664218
1570,1552,7.9354515
1584,1552,10.603208
1586,1552,12.089836
1555,1553,13.648234
1575,1553,9.823305
1582,1553,10.717556
1568,1554,13.903959
1571,1554,12.587675
1578,1554,6.8585815
1570,1555,12.297262
1582,1555,13.104774
1601,1555,14.27372
1558,1556,14.814332
1576,1556,14.582492
1587,1556,9.631035
1591,1556,14.13747
1577,1557,8.144626
1585,1557,9.104739
1565,1558,11.052084
1576,1558,6.1563554
1589,1558,12.977746
1591,1558,11.94607
1561,1559,12.751176
1579,1559,7.7807746
1580,1559,11.048999
1602,1559,13.255102
1562,1560,9.567936
1573,1560,6.515926
1577,1560,12.965234
1593,1560,11.611139
1597,1560,14.220146
1564,1561,10.2142315
1580,1561,8.857157
1606,1561,13.559313
1568,1562,7.101682
1573,1562,6.326913
1594,1562,11.574404
1597,1562,9.5330105
1588,1563,9.814069
1596,1563,10.7650585
1606,1564,12.854013
1576,1565,13.011458
1584,1565,9.3622875
1589,1565,7.623837
1610,1565,14.955487
1616,1565,14.997554
1592,1566,7.2997346
1572,1567,6.5965614
1573,1568,12.27863
1594,1568,8.321021
1597,1568,10.694154
1603,1568,13.269913
1579,1569,12.9499655
1581,1569,12.509699
1609,1569,13.202788
1584,1570,10.140402
1586,1570,5.599619
1601,1570,14.711069
1607,1570,11.754467
1578,1571,10.157269
1590,1571,13.094195
1599,1571,9.893245
1604,1571,13.702257
1593,1573,10.846563
1594,1573,12.858789
1597,1573,7.7051206
1613,1573,11.767607
1583,1574,9.550201
1590,1574,10.797261
1614,1574,10.488021
1582,1575,10.067474
1583,1575,13.434393
1600,1575,8.810762
1587,1576,12.265699
1589,1576,11.031842
1591,1576,6.1115217
1610,1576,10.31857
1611,1576,10.698701
1585,1577,7.440457
1593,1577,7.6717978
1608,1577,9.205552
1615,1577,10.852226
1603,1578,11.208924
1604,1578,8.809988
1580,1579,11.371215
1602,1579,7.5628986
1602,1580,8.980902
1606,1580,11.89981
1618,1580,9.258413
1598,1581,9.982789
1609,1581,10.7001095
1601,1582,11.920351
1600,1583,8.260546
1614,1583,10.341674
1586,1584,8.314179
1589,1584,9.34642
1607,1584,10.101743
1616,1584,8.840361
1588,1585,11.895434
1593,1585,13.771077
1608,1585,8.580036
1615,1585,14.104196
1617,1585,12.729366
1601,1586,12.025669
1607,1586,6.1556497
1616,1586,13.74291
1626,1586,13.416252
1591,1587,7.8555293
1611,1587,10.154887
1612,1587,10.700608
1631,1587,12.490024
1596,1588,8.010847
1617,1588,8.860198
1591,1589,14.520081
1610,1589,7.8570848
1616,1589,9.489418
1630,1589,11.908095
1599,1590,8.088312
1614,1590,13.855234
1621,1590,9.649027
1649,1590,14.839498
1610,1591,9.98874
1611,1591,5.320647
1631,1591,12.108798
1634,1591,12.147357
1605,1592,12.867461
1597,1593,14.254729
1608,1593,9.807483
1613,1593,9.276118
1615,1593,5.971916
1625,1593,9.792664
1597,1594,6.3043947
1603,1594,8.833898
1613,1594,14.46879
1620,1594,8.065359
1629,1594,12.550943
1637,1594,12.330537
1647,1594,14.987012
1598,1595,10.482805
1627,1595,14.743992
1617,1596,12.164817
1652,1596,14.497219
1613,1597,9.121795
1620,1597,10.214879
1625,1597,14.587864
1629,1597,10.1925125
1632,1598,9.605544
1604,1599,11.746451
1621,1599,7.157648
1633,1599,9.87549
1638,1599,14.91905
1646,1599,13.588788
1614,1600,14.139278
1640,1600,13.54304
1607,1601,11.889719
1626,1601,9.665925
1618,1602,9.966078
1604,1603,9.016801
1620,1603,10.423276
1637,1603,7.9348135
1638,1603,13.110237
1647,1603,13.215109
1633,1604,10.053357
1637,1604,13.027767
1638,1604,8.584804
1612,1605,12.454924
1635,1605,8.480666
1654,1605,14.690287
1618,1606,9.68072
1622,1606,7.166737
1662,1606,14.157849
1616,1607,10.771493
1626,1607,8.620366
1642,1607,10.263594
1650,1607,12.289279
1615,1608,6.7494917
1617,1608,13.81304
1625,1608,12.378463
1644,1608,9.541884
1632,1609,14.913974
1611,1610,8.949995
1616,1610,12.096984
1630,1610,7.622651
1634,1610,9.372385
1651,1610,12.2996435
1630,1611,14.301347
1631,1611,7.6247816
1634,1611,7.11223
1655,1611,12.707257
1665,1611,14.779502
1631,1612,12.412558
1635,1612,12.492503
1654,1612,12.695244
1615,1613,9.051049
1620,1613,13.278622
1625,1613,5.4660864
1629,1613,7.0685062
1645,1614,8.577993
1649,1614,11.615322
1625,1615,6.055699
1644,1615,13.460306
1630,1616,9.127754
1642,1616,8.5467
1648,1616,8.8211
1651,1616,13.568771
1644,1617,10.904717
1652,1617,11.65894
1622,1618,13.694108
1662,1618,11.6106415
1641,1619,10.126315
1657,1619,8.329427
1629,1620,7.654948
1637,1620,7.5099244
1647,1620,7.487504
1670,1620,14.500925
1633,1621,8.369504
1638,1621,14.866334
1646,1621,6.513429
1649,1621,10.806734
1653,1621,10.914708
1673,1621,11.916904
1662,1622,11.432268
1628,1623,8.41855
1639,1623,11.235183
1658,1623,8.000444
1663,1623,11.4822855
1639,1624,9.645126
1643,1624,8.816427
1629,1625,9.856633
1669,1625,14.326747
1676,1625,13.129154
1642,1626,11.844309
1650,1626,8.283611
1664,1626,9.074239
1636,1627,10.218192
1656,1627,11.05038
1666,1627,11.643894
1671,1627,10.071694
1658,1628,12.837468
1659,1628,9.912065
1663,1628,8.358193
1637,1629,14.629119
1647,1629,12.0220785
1634,1630,10.261603
1642,1630,13.066474
1648,1630,7.764185
1651,1630,5.6304803
1665,1630,11.651979
1679,1630,12.6868105
1634,1631,8.144727
1655,1631,7.3856263
1665,1631,13.115716
1661,1632,10.325202
1668,1632,10.259697
1638,1633,6.509181
1646,1633,10.501
1653,1633,6.896687
1673,1633,13.7109785
1651,1634,10.312965
1655,1634,8.045552
1665,1634,7.711953
1654,1635,6.8874793
1656,1636,5.5251255
1667,1636,8.057175
1671,1636,13.882612
1638,1637,11.387523
1647,1637,5.6599483
1670,1637,8.924878
1653,1638,9.80425
1670,1638,11.559517
1684,1638,12.840381
1658,1639,8.892582
1681,1639,10.522753
1674,1640,10.110386
1680,1640,12.653074
1643,1641,11.88146
1657,1641,10.822271
1648,1642,6.519173
1650,1642,7.02473
1651,1642,14.371281
1675,1642,8.759299
1669,1644,10.239132
1677,1644,10.198751
1688,1644,12.306898
1649,1645,7.6531744
1678,1645,9.78747
1685,1645,13.938437
1649,1646,7.6791935
1653,1646,8.337465
1673,1646,5.4758496
1685,1646,12.834077
1692,1646,12.464732
1670,1647,7.4296565
1650,1648,12.378023
1651,1648,7.8692846
1675,1648,8.386659
1679,1648,10.190739
1696,1648,13.512766
1673,1649,9.722191
1678,1649,14.913187
1685,1649,11.422798
1664,1650,10.0899315
1675,1650,8.877461
1682,1650,11.49903
1695,1650,12.052257
1655,1651,14.628417
1665,1651,7.6635504
1675,1651,13.705907
1679,1651,7.4599094
1697,1651,10.965076
1688,1652,12.935898
1693,1652,12.016804
1673,1653,8.582147
1684,1653,11.848676
1692,1653,10.898746
1683,1654,10.350796
1665,1655,7.561483
1697,1655,14.560754
1667,1656,6.770675
1671,1656,10.044067
1704,1656,14.175477
1667,1657,14.096459
1702,1657,10.6704235
1663,1658,9.682877
1681,1658,8.9831505
1690,1658,10.024399
1663,1659,7.5912232
1672,1659,13.873281
1686,1659,10.666472
1705,1659,13.221071
1687,1660,11.82637
1694,1660,14.105152
1666,1661,7.911675
1668,1661,13.364564
1691,1661,14.18362
1701,1661,12.080215
1694,1662,14.469764
1700,1662,12.407056
1690,1663,9.112156
1682,1664,7.5581484
1707,1664,13.143456
1712,1664,14.693112
1679,1665,10.423413
1697,1665,8.638835
1671,1666,7.529011
1691,1666,8.530377
1701,1666,12.905067
1689,1668,8.555435
1676,1669,7.123011
1677,1669,7.040838
1688,1669,14.009126
1709,1669,11.672835
1710,1669,10.181328
1684,1670,9.588393
1691,1671,6.9842086
1704,1671,10.842987
1686,1672,8.278905
1705,1672,14.15565
1685,1673,8.69019
1692,1673,7.2832975
1680,1674,8.342314
1703,1674,14.2602005
1706,1674,9.686654
1679,1675,10.5311985
1695,1675,8.614411
1696,1675,7.174327
1677,1676,13.413377
1709,1676,14.225777
1710,1676,8.654119
1711,1676,10.401517
1688,1677,7.222751
1709,1677,8.61362
1710,1677,11.943793
1723,1677,13.763878
1680,1678,13.02864
1685,1678,12.729
1698,1678,8.553242
1703,1678,12.219425
1696,1679,8.865122
1697,1679,6.534332
1729,1679,14.133917
1703,1680,7.1994343
1706,1680,13.300774
1734,1680,14.676744
1690,1681,10.836085
1719,1681,10.828004
1695,1682,9.820519
1707,1682,5.5863266
1712,1682,9.942104
1730,1682,11.993982
1715,1683,7.852259
1731,1683,13.338942
1692,1684,14.687226
1721,1684,11.631683
1692,1685,9.945047
1698,1685,7.5421486
1705,1686,5.990079
1736,1686,14.398019
1689,1687,11.309558
1716,1687,12.022336
1728,1687,11.307984
1693,1688,11.728531
1709,1688,12.656229
1723,1688,13.104767
1738,1689,14.056325
1719,1690,12.78762
1701,1691,10.368415
1704,1691,8.870047
1721,1692,13.969903
1700,1694,12.933649
1716,1694,10.007967
1727,1694,11.13907
1737,1694,12.5777235
1696,1695,8.1090145
1707,1695,7.884651
1726,1695,8.252813
1730,1695,13.637571
1697,1696,13.179853
1726,1696,10.205655
1729,1696,10.615416
1745,1696,14.983444
1717,1697,13.963777
1729,1697,13.195719
1733,1698,10.412819
1700,1699,8.012822
1708,1699,10.789068
1722,1699,10.815061
1735,1699,11.627115
1743,1699,14.021854
1727,1700,10.658898
1735,1700,14.1439705
1742,1700,11.640119
1743,1700,13.457409
1746,1701,12.656397
1713,1702,9.093686
1718,1702,9.768739
1706,1703,14.729634
1734,1703,9.718444
1736,1705,9.837617
1712,1706,8.597207
1732,1706,10.462283
1734,1706,12.179001
1755,1706,13.66945
1712,1707,9.122321
1726,1707,11.179365
1730,1707,7.210879
1732,1707,12.682267
1747,1707,13.947482
1722,1708,8.613708
1735,1708,14.049681
1741,1708,14.54709
1710,1709,7.3494835
1711,1709,14.937914
1723,1709,8.523861
1724,1709,7.767458
1749,1709,12.051834
1711,1710,7.8943887
1724,1710,7.661085
1724,1711,11.442573
1725,1711,9.290269
1767,1711,14.462638
1730,1712,8.048316
1732,1712,6.0239434
1747,1712,11.03309
1718,1713,14.736679
1725,1714,8.822785
1744,1714,10.957566
1731,1715,11.437979
1748,1715,10.745986
1727,1716,14.646394
1728,1716,7.580161
1737,1716,7.750572
1750,1716,14.801642
1751,1716,11.154696
1759,1716,12.912262
1731,1717,14.331346
1756,1717,10.751775
1739,1718,14.262392
1766,1718,13.554447
1753,1719,14.102885
1773,1719,13.957416
1754,1720,9.676156
1769,1720,13.256294
1763,1721,13.609288
1770,1721,12.245942
1735,1722,5.960275
1741,1722,11.9664755
1743,1722,11.171961
1757,1722,8.80777
1724,1723,12.094745
1749,1723,10.35052
1752,1723,8.389683
1781,1723,14.5885725
1749,1724,7.6698513
1767,1724,9.798548
1744,1725,10.625601
1762,1725,10.771703
1729,1726,11.304168
1730,1726,12.39087
1745,1726,7.1691194
1737,1727,10.008289
1742,1727,6.813102
1743,1727,12.439949
1750,1727,7.400357
1759,1727,13.334161
1765,1727,10.0967865
1783,1727,14.521682
1737,1728,11.464944
1751,1728,8.629718
1759,1728,13.686161
1760,1728,8.658967
1782,1728,14.55936
1745,1729,9.811645
1768,1729,9.276309
1732,1730,7.5443397
1747,1730,6.8036175
1778,1730,12.930141
1748,1731,11.092065
1756,1731,13.00624
1771,1731,9.427502
1774,1731,14.55499
1790,1731,14.362834
1747,1732,6.1320744
1755,1732,10.078102
1788,1733,13.845787
1755,1734,10.482926
1742,1735,10.579886
1743,1735,5.229873
1757,1735,7.5782995
1777,1735,11.868144
1793,1735,14.690135
1754,1736,12.562153
1758,1736,12.771644
1750,1737,7.3284593
1751,1737,8.055695
1759,1737,6.0061903
1760,1737,14.899233
1765,1737,14.460538
1782,1737,12.216827
1783,1737,11.526781
1761,1738,10.352933
1779,1738,13.062621
1780,1738,10.217675
1753,1739,10.6777525
1775,1739,11.555931
1741,1740,10.749417
1772,1740,7.568064
1757,1741,11.474671
1772,1741,11.246704
1794,1741,13.383912
1743,1742,5.829121
1750,1742,9.821115
1765,1742,6.8174944
1777,1742,10.100611
1757,1743,10.348715
1765,1743,10.0512295
1777,1743,8.171505
1793,1743,14.1936455
1762,1744,9.685836
1763,1744,10.917045
1787,1744,12.672776
1804,1744,13.420513
1768,1745,9.784359
1778,1745,12.638731
1786,1745,9.218386
1761,1746,8.744987
1789,1746,10.897464
1755,1747,11.8854
1778,1747,10.565638
1764,1748,8.168652
1771,1748,7.4360924
1774,1748,5.7848926
1797,1748,11.776879
1752,1749,11.212834
1767,1749,10.359503
1781,1749,12.354166
1795,1749,11.305279
1751,1750,12.780664
1759,1750,7.0313644
1765,1750,7.1558795
1782,1750,13.709105
1783,1750,7.185568
1800,1750,12.936393
1801,1750,14.920177
1759,1751,6.1788907
1760,1751,7.299582
1782,1751,6.236499
1783,1751,12.270413
1791,1751,11.546544
1801,1751,13.9373255
1805,1751,14.590937
1781,1752,6.9471273
1795,1752,14.445998
1773,1753,13.726308
1802,1753,12.097388
1769,1754,9.48012
1776,1756,7.221682
1790,1756,10.974391
1792,1756,13.134476
1777,1757,11.838354
1793,1757,9.198016
1794,1757,12.870191
1773,1758,13.733688
1807,1758,12.741036
1760,1759,13.281815
1765,1759,13.2080145
1782,1759,7.0503044
1783,1759,6.64901
1800,1759,13.757107
1801,1759,11.251064
1779,1760,9.308146
1782,1760,9.694042
1791,1760,8.509376
1799,1760,12.619234
1805,1760,13.806813
1780,1761,9.634007
1789,1761,11.957044
1798,1761,10.809863
1809,1761,12.459935
1767,1762,11.088234
1787,1762,8.306978
1803,1762,14.21606
1804,1762,14.634148
1770,1763,10.414991
1814,1763,14.3975115
1771,1764,13.563195
1774,1764,7.497384
1797,1764,10.739824
1777,1765,7.8640213
1783,1765,9.353837
1800,1765,10.709882
1808,1765,11.832234
1775,1766,12.112269
1803,1767,11.632481
1776,1768,14.746772
1786,1768,9.533088
1792,1768,12.321547
1817,1768,13.754046
1812,1769,12.094545
1785,1770,8.901082
1814,1770,14.816927
1774,1771,6.607777
1790,1771,10.849225
1797,1771,10.131898
1794,1772,12.992271
1802,1773,13.773594
1806,1773,10.303477
1797,1774,5.992044
1811,1775,12.683752
1790,1776,13.120232
1792,1776,5.92466
1793,1777,9.266205
1800,1777,13.67399
1808,1777,9.431261
1816,1777,11.74778
1786,1778,12.215412
1780,1779,9.119431
1791,1779,9.983431
1798,1779,14.316845
1799,1779,8.831517
1818,1779,12.426105
1798,1780,6.565219
1799,1780,14.98536
1809,1780,12.97001
1818,1780,9.890091
1795,1781,9.287353
1783,1782,9.715039
1791,1782,8.259868
1799,1782,14.090961
1800,1782,14.926834
1801,1782,8.185613
1805,1782,9.10686
1819,1782,11.020672
1800,1783,7.158104
1801,1783,7.928175
1808,1783,14.025875
1819,1783,13.604872
1829,1783,13.953341
1813,1784,11.516526
1810,1785,8.5671625
1817,1786,11.205949
1803,1787,11.758222
1804,1787,8.042066
1796,1788,11.344613
1823,1788,10.457664
1798,1789,14.130954
1809,1789,8.93548
1813,1789,11.437614
1831,1789,12.000609
1826,1790,10.797467
1799,1791,5.903672
1801,1791,13.077112
1805,1791,5.789657
1819,1791,11.980775
1830,1791,14.059812
1838,1791,14.075809
1817,1792,12.758138
1794,1793,11.30974
1808,1793,12.960588
1816,1793,7.300241
1828,1793,11.615211
1828,1794,11.925475
1844,1794,13.777929
1803,1795,14.45664
1810,1796,11.471023
1823,1796,12.575198
1825,1797,11.172305
1809,1798,6.9231415
1818,1798,7.529178
1841,1798,13.022376
1805,1799,8.237908
1818,1799,11.26237
1819,1799,14.693723
1830,1799,8.445576
1838,1799,11.732316
1801,1800,8.629596
1808,1800,7.945653
1819,1800,13.07912
1829,1800,8.741799
1835,1800,14.180847
1805,1801,9.548172
1819,1801,5.678808
1829,1801,9.073101
1833,1801,10.66275
1806,1802,6.737126
1811,1802,11.343806
1832,1802,14.787226
1814,1804,10.733539
1845,1804,12.412678
1819,1805,6.601144
1830,1805,13.825079
1833,1805,11.493361
1838,1805,9.871532
1853,1805,14.132146
1832,1806,9.753975
1842,1807,11.040157
1816,1808,9.087327
1829,1808,12.90737
1835,1808,9.324729
1818,1809,12.7059555
1831,1809,8.748039
1841,1809,12.224052
1839,1810,9.246774
1821,1812,9.66482
1837,1812,9.593156
1831,1813,12.74372
1836,1813,8.043317
1846,1814,12.910565
1847,1814,10.711454
1843,1815,9.53159
1828,1816,9.03645
1835,1816,10.254602
1858,1816,11.462072
1830,1818,8.033688
1841,1818,10.695516
1829,1819,9.087303
1833,1819,6.1269364
1838,1819,11.251297
1853,1819,10.817317
1859,1819,12.883824
1854,1820,10.607498
1866,1820,14.90732
1834,1821,12.223485
1837,1821,14.686173
1850,1822,10.800801
1824,1823,13.17718
1848,1823,10.986409
1863,1823,12.6371155
1848,1824,11.145403
1840,1826,11.256689
1843,1827,14.19032
1850,1827,13.419983
1855,1827,7.541103
1872,1827,12.74347
1844,1828,9.402098
1858,1828,9.54276
1865,1828,10.766385
1833,1829,7.7622232
1835,1829,12.859049
1852,1829,8.873924
1853,1829,12.947777
1859,1829,11.170131
1838,1830,9.894214
1841,1830,13.436905
1861,1830,10.6225605
1836,1831,9.153986
1841,1831,12.139485
1871,1831,12.138934
1842,1832,10.000863
1838,1833,10.645956
1852,1833,11.365488
1853,1833,5.7175775
1859,1833,6.757537
1873,1833,11.668087
1881,1833,14.069341
1885,1833,13.734116
1882,1834,14.385279
1852,1835,11.163848
1858,1835,10.055043
1874,1835,11.443072
1871,1836,10.846496
1860,1837,7.238118
1862,1837,9.72844
1853,1838,8.492542
1859,1838,13.525469
1861,1838,11.6015
1873,1838,10.723031
1857,1839,9.978807
1863,1839,14.838984
1890,1839,12.916198
1891,1840,12.392741
1861,1841,14.521167
1877,1841,13.457634
1868,1842,7.8337345
1855,1843,14.81886
1872,1843,9.803986
1880,1843,12.379395
1851,1844,9.840657
1865,1844,9.649445
1867,1844,8.33674
1884,1844,12.077812
1847,1845,12.652658
1875,1845,10.167345
1847,1846,10.573791
1857,1846,9.023632
1878,1846,11.388391
1878,1847,10.441118
1894,1847,13.001064
1863,1848,11.637782
1887,1848,10.849904
1895,1848,12.536111
1856,1849,9.507915
1869,1849,10.598305
1855,1850,11.64597
1876,1850,7.9139776
1892,1850,13.112745
1864,1851,8.86595
1867,1851,6.5745034
1884,1851,14.373066
1900,1851,12.79046
1853,1852,13.259317
1859,1852,8.630093
1874,1852,12.405181
1881,1852,12.890882
1885,1852,9.501776
1893,1852,10.91161
1859,1853,5.0606523
1873,1853,5.986525
1881,1853,10.054838
1885,1853,11.2550535
1898,1853,13.002543
1902,1853,14.501714
1866,1854,7.809619
1886,1854,9.135546
1872,1855,8.151243
1876,1855,13.601285
1892,1855,11.3924265
1878,1857,13.560702
1890,1857,11.788223
1865,1858,8.862837
1874,1858,10.4919195
1888,1858,9.63655
1905,1858,14.76873
1906,1858,14.870257
1873,1859,8.079167
1881,1859,7.529617
1885,1859,7.0487943
1893,1859,14.502056
1898,1859,13.510351
1902,1859,11.758201
1862,1860,5.946545
1889,1860,10.8592825
1908,1860,11.830591
1873,1861,14.132658
1877,1861,6.6573343
1899,1861,9.952345
1903,1861,10.82372
1882,1862,10.783649
1889,1862,6.0131006
1908,1862,11.409769
1890,1863,14.4970875
1895,1863,11.016447
1867,1864,12.732465
1900,1864,12.810655
1911,1864,12.540838
1867,1865,11.543394
1884,1865,7.707271
1888,1865,6.963751
1905,1865,11.560538
1914,1865,13.118615
1886,1866,7.0298805
1884,1867,7.7997394
1900,1867,8.869036
1914,1867,14.293293
1907,1868,10.600137
1870,1869,12.644957
1879,1870,12.167251
1880,1872,13.552101
1892,1872,14.699793
1913,1872,14.953378
1915,1872,13.300296
1881,1873,7.4143085
1885,1873,10.570726
1898,1873,7.148779
1899,1873,13.184062
1902,1873,11.138428
1888,1874,11.634088
1893,1874,9.738279
1905,1874,13.687054
1906,1874,8.854704
1918,1874,14.898499
1894,1875,9.7821045
1883,1876,13.010277
1892,1876,7.5866857
1916,1876,12.24397
1899,1877,9.445723
1903,1877,6.0942235
1904,1877,8.461124
1926,1877,13.994672
1894,1878,10.119347
1891,1879,9.947087
1919,1879,11.950554
1913,1880,10.072151
1885,1881,4.019707
1893,1881,12.178889
1898,1881,8.038136
1902,1881,4.462372
1924,1881,11.443132
1889,1882,6.619259
1908,1882,14.919759
1909,1883,8.342105
1910,1883,14.320642
1916,1883,10.692179
1888,1884,10.1068945
1900,1884,9.661516
1905,1884,11.3916
1914,1884,7.3122387
1923,1884,14.60569
1893,1885,8.668633
1898,1885,12.032512
1902,1885,5.956043
1924,1885,12.534369
1901,1886,11.871133
1917,1886,12.841928
1895,1887,10.641345
1905,1888,5.3645988
1906,1888,8.833758
1914,1888,11.200735
1918,1888,10.730619
1908,1889,8.9773445
1937,1890,14.616684
1896,1891,7.5852113
1919,1891,10.921033
1915,1892,8.876402
1916,1892,14.502002
1927,1892,12.555951
1902,1893,11.050675
1906,1893,13.425984
1924,1893,13.912374
1945,1893,13.812768
1929,1894,11.6496935
1941,1895,12.085524
1897,1896,11.7011595
1919,1896,13.455336
1932,1896,12.133779
1910,1897,12.356517
1899,1898,9.949505
1902,1898,8.71043
1924,1898,12.274481
1946,1898,13.278479
1903,1899,6.389299
1904,1899,13.903792
1926,1899,9.602862
1951,1899,14.987667
1911,1900,8.184545
1914,1900,11.293319
1923,1900,9.017775
1944,1900,14.879808
1912,1901,7.774154
1939,1901,11.231061
1948,1901,12.538266
1924,1902,7.0381618
1946,1902,12.155293
1904,1903,7.531782
1926,1903,7.9025984
1931,1903,12.272087
1926,1904,11.998592
1931,1904,9.387175
1938,1904,14.643762
1906,1905,6.939213
1914,1905,8.743434
1918,1905,5.8299146
1928,1905,13.946783
1934,1905,10.275989
1918,1906,6.0758433
1928,1906,9.584895
1934,1906,13.681476
1920,1907,8.816871
1940,1907,13.787572
1950,1907,13.716419
1910,1909,8.652891
1916,1909,9.591271
1933,1909,12.452713
1922,1911,9.242308
1923,1911,9.771001
1942,1911,8.975825
1955,1911,14.191538
1939,1912,14.131167
1948,1912,9.957759
1915,1913,14.10889
1947,1913,8.673838
1918,1914,12.101177
1923,1914,10.776716
1934,1914,10.042484
1944,1914,11.1626
1956,1914,14.095876
1927,1915,12.903494
1927,1916,10.487903
1933,1916,7.209702
1935,1917,12.225021
1939,1917,13.476102
1928,1918,8.552727
1934,1918,7.661688
1956,1918,14.449978
1932,1919,13.194316
1936,1920,8.004704
1950,1920,13.319684
1922,1921,6.7256746
1930,1921,10.016121
1942,1921,13.331065
1953,1921,10.232801
1942,1922,7.185848
1953,1922,10.024568
1955,1922,14.203827
1942,1923,10.8198185
1944,1923,6.5774317
1955,1923,10.159614
1956,1923,14.647266
1961,1923,11.436295
1945,1924,12.978209
1946,1924,6.477552
1940,1925,13.146912
1957,1925,11.045279
1966,1925,11.85002
1931,1926,9.70086
1951,1926,9.847147
1933,1927,9.201362
1965,1927,10.456608
1934,1928,13.332842
1945,1928,7.898903
1978,1928,14.129938
1982,1928,12.813917
1949,1929,11.137405
1984,1929,14.193377
1938,1931,9.7755165
1970,1931,13.229419
1979,1931,12.207314
1960,1932,11.104173
1975,1933,11.554291
1987,1933,14.480239
1944,1934,11.155902
1956,1934,6.931223
1961,1934,14.461602
1978,1934,10.8511715
1943,1935,7.0669007
1958,1935,12.140679
1972,1935,12.590241
1952,1937,13.28413
1963,1937,12.643197
1967,1937,11.829823
1943,1938,10.044386
1958,1938,11.23308
1970,1938,10.541493
1971,1938,10.763003
1979,1938,14.873068
1948,1939,8.554969
1962,1939,9.30997
1950,1940,8.222759
1957,1940,9.712848
1980,1940,11.251349
1952,1941,9.295697
1964,1941,11.650844
1944,1942,14.652633
1953,1942,10.656303
1955,1942,7.099912
1992,1942,13.878989
1958,1943,7.7155023
1971,1943,11.980306
1972,1943,12.094568
1955,1944,10.369363
1956,1944,8.267505
1961,1944,6.1770787
1994,1944,13.565267
1982,1945,11.634865
1988,1945,12.096191
1951,1946,11.538278
1954,1947,10.473609
1968,1947,8.795979
1962,1948,13.177928
1963,1949,12.712636
1985,1949,10.793305
1957,1950,14.171021
1973,1950,8.021772
1980,1950,8.532882
1989,1951,11.013451
1998,1951,14.699745
1967,1952,8.788876
1986,1952,10.104
1955,1953,14.045019
1969,1953,8.837915
1993,1953,10.447271
1965,1954,13.049109
1968,1954,11.879636
1991,1954,8.1576605
1961,1955,8.801102
1992,1955,7.974805
1993,1955,13.857276
1961,1956,8.601314
1978,1956,9.07899
1994,1956,10.487889
1966,1957,8.424406
1980,1957,9.789219
2002,1957,13.115195
1970,1958,11.897604
1971,1958,5.3689723
1972,1958,7.032342
1999,1958,12.644156
1983,1959,8.311832
2003,1959,14.2196245
2004,1959,11.612909
1996,1960,9.545936
1992,1961,10.452825
1994,1961,8.095703
1981,1962,11.131245
1967,1963,14.429382
1985,1963,11.832689
2005,1963,11.666544
1976,1964,12.340222
1986,1964,13.334031
2006,1964,12.171423
1987,1965,9.718252
1991,1965,13.398647
2001,1965,10.217111
1986,1967,12.217784
2005,1967,13.848772
2009,1967,10.219808
1991,1968,13.071367
1997,1968,9.888277
2011,1968,9.6958885
1993,1969,11.6497
1997,1969,12.3263035
2014,1969,10.967489
2022,1969,14.280802
1971,1970,6.9392724
1979,1970,7.1727867
1995,1970,12.066148
1999,1970,7.120878
1972,1971,10.672267
1979,1971,14.095553
1999,1971,7.6559186
1980,1973,10.181361
2019,1973,14.535415
2021,1973,13.682756
1990,1974,12.896975
2016,1974,12.4084635
1987,1975,10.295937
2028,1975,14.963457
2015,1976,14.300372
2020,1976,13.809053
2007,1977,12.179144
1982,1978,11.880248
1994,1978,13.859121
2012,1978,10.388648
1989,1979,12.589279
1995,1979,6.043721
1999,1979,11.599564
2002,1980,7.8838434
1988,1982,7.9797807
2012,1982,14.294429
2018,1982,11.105184
2000,1983,10.183328
2003,1983,6.291406
2004,1983,10.2744465
2038,1983,14.960754
1985,1984,11.907959
2013,1984,10.384226
2032,1984,12.773494
2030,1985,10.822613
2006,1986,9.533764
2009,1986,11.305214
2023,1986,10.592394
2001,1987,10.054522
2036,1987,13.559886
2008,1988,8.096869
2018,1988,11.725997
1995,1989,9.160596
1998,1989,11.248309
2026,1989,11.667205
2016,1990,12.578099
2024,1990,11.0424385
2001,1991,11.5542145
2011,1991,10.800936
2017,1991,8.012813
1993,1992,9.59353
1994,1992,12.398695
2025,1992,11.325195
2014,1993,14.259387
2022,1993,8.960147
2042,1993,14.922353
2012,1994,14.3003845
2025,1994,13.01383
1999,1995,13.632066
2026,1995,9.33281
2031,1995,13.829071
2010,1996,13.634795
2011,1997,12.065966
2014,1997,13.1854515
2008,1998,13.20464
2037,1998,11.774619
2031,1999,9.548324
2003,2000,6.7796607
2019,2000,12.574947
2038,2000,11.762384
2017,2001,11.62678
2036,2001,11.804962
2041,2001,11.291041
2021,2002,12.194514
2004,2003,10.761884
2038,2003,8.86808
2038,2004,14.2685375
2058,2004,13.882742
2009,2005,12.741917
2030,2005,13.440054
2034,2005,9.040536
2051,2005,12.98799
2020,2006,11.068045
2023,2006,8.942845
2054,2006,13.636563
2040,2007,10.317779
2018,2008,13.132338
2037,2008,12.2665825
2045,2008,11.947406
2023,2009,11.779637
2034,2009,10.116471
2059,2009,13.865506
2017,2011,10.044702
2029,2011,6.9791737
2018,2012,13.015136
2049,2012,13.210763
2032,2013,10.095022
2033,2013,8.997284
2022,2014,9.049679
2044,2014,8.802768
2046,2014,8.025448
2020,2015,14.7435
2035,2015,8.788545
2061,2015,14.194056
2024,2016,14.3585415
2048,2016,14.142499
2066,2016,11.2205
2029,2017,10.230866
2041,2017,12.335222
2062,2017,11.457961
2045,2018,12.233431
2049,2018,10.363635
2021,2019,8.141613
2053,2019,10.859783
2057,2019,12.289979
2054,2020,13.099542
2061,2020,11.882735
2057,2021,8.976748
2069,2021,13.048628
2042,2022,10.368184
2044,2022,7.273453
2046,2022,13.909122
2089,2022,14.040723
2054,2023,10.584823
2059,2023,13.088324
2048,2024,7.2773786
2055,2024,10.432686
2080,2024,13.79036
2042,2025,8.7194395
2067,2025,11.20881
2031,2026,14.272823
2060,2026,12.788463
2043,2027,13.591276
2036,2028,11.997559
2065,2028,10.978315
2074,2028,12.425929
2056,2029,12.119628
2062,2029,13.647432
2068,2029,9.400589
2075,2029,13.250291
2032,2030,12.714254
2039,2030,8.264702
2051,2030,14.155579
2071,2031,11.334854
2033,2032,14.456107
2039,2032,7.267486
2063,2032,9.73156
2063,2033,14.882004
2082,2033,13.621028
2051,2034,8.109767
2059,2034,12.026272
2040,2035,14.596493
2050,2035,6.9276752
2061,2035,13.22395
2090,2035,11.267489
2041,2036,8.900245
2074,2036,13.851975
2081,2036,10.996758
2045,2037,11.426866
2060,2037,12.670609
2085,2037,14.776903
2053,2038,13.532976
2058,2038,9.65228
2088,2038,12.284531
2063,2039,9.957474
2096,2039,13.496993
2050,2040,9.0306425
2070,2040,9.509995
2083,2040,9.84676
2094,2040,14.857244
2062,2041,8.964508
2081,2041,12.5270605
2044,2042,12.694512
2067,2042,9.716168
2089,2042,8.512644
2076,2043,9.064371
2091,2043,14.815842
2046,2044,8.552578
2084,2044,9.609686
2089,2044,11.296446
2085,2045,9.278024
2056,2046,9.257062
2084,2046,10.564681
2072,2047,6.7725134
2101,2047,13.542059
2055,2048,9.597586
2066,2048,10.2499075
2080,2048,6.708009
2092,2048,12.296155
2097,2048,12.240488
2095,2049,10.6002245
2083,2050,9.731497
2090,2050,10.401258
2104,2050,13.977059
2073,2052,9.495679
2087,2052,9.8276825
2057,2053,13.292112
2111,2053,14.514293
2064,2055,11.906909
2080,2055,11.305319
2092,2055,8.273472
2115,2055,14.487455
2068,2056,9.97532
2099,2056,10.137417
2069,2057,7.2941213
2078,2058,7.539531
2088,2058,9.229597
2106,2060,12.033827
2090,2061,12.87859
2068,2062,11.99405
2075,2062,6.6119213
2103,2062,11.797002
2096,2063,12.596288
2112,2063,14.440974
2077,2064,12.970596
2092,2064,14.272233
2122,2064,13.109814
2074,2065,6.827553
2077,2065,7.9250007
2093,2065,5.2304134
2108,2065,14.131494
2116,2065,13.055752
2070,2066,13.157107
2079,2066,7.3848295
2080,2066,10.204391
2094,2066,13.665654
2097,2066,11.670513
2102,2066,10.5062065
2089,2067,11.426305
2105,2067,9.962562
2109,2067,14.493614
2075,2068,7.0915313
2099,2068,13.191281
2123,2068,12.276953
2073,2069,8.794712
2079,2070,7.2973185
2083,2070,8.066617
2094,2070,5.4737377
2102,2070,12.536786
2118,2070,11.27013
2086,2071,13.022707
2113,2071,14.277411
2100,2072,10.2701025
2101,2072,8.213679
2121,2072,11.82228
2077,2074,14.014735
2081,2074,8.78128
2093,2074,8.259136
2116,2074,11.779852
2103,2075,11.501365
2123,2075,13.319586
2091,2076,9.50776
2098,2076,10.205633
2126,2076,14.051893
2093,2077,6.81075
2108,2077,8.583411
2116,2077,13.990815
2122,2077,13.923511
2088,2078,9.311798
2080,2079,14.623897
2083,2079,14.969258
2094,2079,6.2989845
2097,2079,12.940532
2102,2079,6.355802
2118,2079,10.528852
2092,2080,8.766453
2097,2080,5.701373
2102,2080,12.588196
2115,2080,14.095169
2103,2081,14.351957
2130,2081,13.153935
2112,2082,13.46035
2090,2083,13.821984
2094,2083,10.282578
2104,2083,8.18498
2118,2083,13.732665
2089,2084,12.146699
2099,2084,13.653632
2107,2084,9.495315
2124,2084,10.813624
2120,2085,9.876494
2100,2086,11.921151
2114,2086,8.222572
2135,2086,13.550619
2091,2087,7.599455
2107,2089,10.812219
2109,2089,9.772619
2104,2090,11.111274
2117,2090,8.932423
2128,2090,13.789696
2126,2091,10.471865
2097,2092,10.829153
2115,2092,6.804833
2108,2093,9.681402
2116,2093,8.406963
2102,2094,8.666997
2104,2094,14.968479
2118,2094,5.900636
2131,2094,14.328122
2120,2095,13.631258
2129,2095,10.833982
2139,2095,13.045795
2132,2096,11.910412
2102,2097,8.661245
2115,2097,13.531397
2131,2097,13.11616
2145,2097,14.486836
2101,2098,13.09871
2125,2098,14.109458
2123,2099,9.741155
2124,2099,11.311846
2133,2099,10.187077
2146,2099,14.971714
2101,2100,14.132721
2114,2100,9.164109
2121,2100,8.579665
2135,2100,13.638905
2121,2101,9.663656
2125,2101,7.9257994
2118,2102,8.873006
2131,2102,9.572762
2147,2103,12.725112
2117,2104,12.708838
2128,2104,7.4862576
2138,2104,9.766065
2109,2105,10.691169
2110,2105,12.464953
2134,2105,11.358432
2149,2105,13.107517
2113,2106,12.151772
2109,2107,7.6170363
2124,2107,10.168272
2134,2107,12.045133
2136,2107,7.837383
2116,2108,10.8897
2122,2108,7.877313
2134,2109,6.912228
2136,2109,12.055512
2164,2109,14.407566
2139,2110,11.850399
2149,2110,13.30637
2153,2110,13.604601
2127,2111,10.526827
2152,2111,12.884028
2143,2113,9.528813
2121,2114,14.952762
2135,2114,5.938631
2154,2114,14.077124
2142,2115,8.780843
2145,2115,10.125642
2130,2116,11.771127
2157,2116,13.741342
2128,2117,9.7942
2148,2117,10.961665
2131,2118,9.811246
2138,2118,13.178523
2132,2119,10.993989
2129,2120,9.203626
2140,2120,10.273779
2155,2120,14.140264
2125,2121,9.578018
2142,2122,13.901172
2133,2123,12.95533
2146,2123,8.15893
2133,2124,7.308683
2136,2124,8.770392
2163,2124,12.068388
2167,2125,12.320173
2151,2126,12.515063
2152,2127,13.260093
2160,2127,12.00653
2169,2127,12.222918
2138,2128,8.123963
2171,2128,12.445111
2139,2129,10.6115265
2140,2129,14.990623
2155,2129,10.4087305
2166,2129,13.27257
2172,2131,12.209163
2173,2131,10.888962
2150,2132,9.241573
2136,2133,13.937916
2146,2133,11.662664
2163,2133,9.898844
2165,2133,10.804488
2136,2134,11.959737
2149,2134,14.289515
2164,2134,8.308843
2143,2135,13.830856
2154,2135,9.731391
2163,2136,11.517972
2164,2136,11.754074
2160,2137,9.847623
2170,2137,8.773569
2180,2138,12.182856
2153,2139,7.432882
2166,2139,10.269586
2155,2140,11.454511
2175,2140,11.868074
2156,2141,9.275899
2168,2141,11.701952
2145,2142,9.548785
2176,2142,11.902969
2181,2143,11.292805
2161,2144,14.7291565
2162,2144,9.121991
2183,2144,12.588494
2182,2145,14.060902
2158,2146,8.454802
2165,2146,8.583709
2186,2146,12.460499
2187,2146,14.635563
2158,2147,14.299682
2192,2147,13.59526
2171,2148,10.5753975
2174,2148,13.478821
2194,2148,14.040216
2153,2149,11.768645
2177,2149,10.670215
2190,2149,13.991041
2188,2151,13.396271
2156,2152,13.79085
2168,2152,7.797619
2169,2152,10.639219
2202,2152,13.415161
2166,2153,9.558813
2177,2153,8.465293
2197,2154,13.787777
2201,2154,13.278798
2166,2155,11.800478
2196,2155,13.890401
2168,2156,6.3496704
2202,2156,12.051271
2178,2157,12.520363
2184,2157,13.822941
2191,2157,8.95962
2204,2157,13.206314
2165,2158,11.600121
2186,2158,8.717857
2187,2158,14.876272
2210,2158,11.471182
2175,2159,10.702284
2207,2159,11.675032
2169,2160,8.129956
2170,2160,13.270929
2193,2160,10.177109
2162,2161,7.7406487
2179,2161,14.764937
2183,2162,9.235895
2165,2163,10.792541
2187,2163,11.353639
2200,2163,10.264911
2212,2163,14.851162
2190,2164,13.277897
2195,2164,10.333991
2186,2165,8.289205
2187,2165,6.414797
2200,2165,14.544452
2219,2165,14.615796
2177,2166,14.080518
2216,2166,11.754656
2201,2167,14.612532
2208,2167,14.418994
2225,2167,13.742652
2202,2168,9.097661
2193,2169,11.212446
2218,2169,11.6462345
2198,2170,8.917296
2194,2171,13.468687
2209,2171,10.978942
2213,2171,12.065492
2173,2172,6.711316
2180,2172,12.251586
2182,2172,13.482297
2185,2172,5.373943
2211,2172,11.609553
2214,2172,11.591598
2182,2173,7.3544016
2185,2173,11.408752
2214,2173,10.557631
2183,2174,12.805813
2194,2174,11.703956
2196,2175,10.814789
2207,2175,12.299808
2217,2175,11.495558
2178,2176,9.689454
2203,2176,11.299132
2206,2176,14.610931
2190,2177,13.586015
2220,2177,9.17085
2221,2177,9.807068
2203,2178,9.8969555
2204,2178,10.295639
2185,2180,7.917352
2209,2180,13.622087
2211,2180,12.078363
2228,2180,11.438809
2197,2181,13.752129
2215,2181,9.368988
2206,2182,11.82407
2214,2182,10.098255
2222,2182,8.687643
2237,2183,13.344749
2191,2184,10.118714
2192,2184,12.934692
2229,2184,11.637153
2211,2185,7.664984
2214,2185,11.63944
2228,2185,11.9503
2187,2186,7.451727
2210,2186,8.277121
2219,2186,12.620061
2227,2186,9.444525
2200,2187,9.825863
2210,2187,14.848825
2219,2187,8.201069
2227,2187,11.208168
2189,2188,11.415538
2231,2188,12.673245
2208,2189,7.3647475
2231,2189,9.935747
2240,2189,13.172404
2195,2190,14.223145
2220,2190,9.296682
2230,2190,9.004592
2204,2191,10.589772
2229,2191,7.4180975
2233,2191,14.950581
2210,2192,13.759538
2226,2192,10.282823
2198,2193,10.669344
2218,2193,11.166537
2224,2193,8.2003145
2209,2194,14.93646
2213,2194,7.7074027
2200,2195,13.182984
2212,2195,6.426594
2230,2195,12.82967
2234,2195,11.518398
2217,2196,10.715754
2201,2197,13.234144
2215,2197,10.718426
2238,2197,7.8586016
2239,2197,13.296359
2224,2198,6.9738154
2205,2199,13.811125
2232,2199,10.590838
2212,2200,8.004129
2219,2200,8.281833
2234,2200,8.990135
2225,2201,13.038745
2239,2201,8.735831
2218,2202,11.768003
2204,2203,7.2008142
2233,2203,7.2560844
2229,2204,14.061311
2233,2204,6.224414
2232,2205,9.600403
2222,2206,10.022916
2217,2207,7.8261046
2223,2207,7.058457
2235,2207,5.8712482
2236,2207,13.426684
2225,2208,10.965057
2231,2208,9.744653
2240,2208,6.6830673
2213,2209,7.9387097
2228,2209,14.349078
2226,2210,7.630509
2227,2210,8.816369
2214,2211,8.755581
2228,2211,7.157527
2219,2212,14.764346
2234,2212,5.5682387
2222,2214,11.054667
2236,2215,13.838082
2238,2215,8.76011
2221,2216,14.322177
2223,2217,13.42647
2235,2217,8.152975
2227,2219,8.75237
2234,2219,12.472912
2221,2220,6.469262
2230,2220,13.00975
2235,2223,6.290094
2236,2223,6.377933
2239,2225,14.397198
2240,2225,9.5418215
2227,2226,13.874662
2240,2231,9.736626
2236,2235,11.177013
2239,2238,13.537838
