Object,Neighbor,Distance
1,34,8.567449
2,42,8.643941
4,32,9.805638
4,63,13.145594
5,12,11.355863
5,43,8.090567
6,27,12.361114
7,36,7.181528
8,15,12.474976
8,19,8.129461
8,47,11.091742
8,54,13.462568
9,24,10.702778
9,28,5.755532
9,38,7.3202457
9,48,9.7973585
10,13,7.1763105
10,21,8.792077
11,14,7.316966
11,22,13.602435
11,30,6.2898607
11,46,9.121631
11,56,14.450991
12,43,10.669853
13,18,10.639311
13,49,10.585099
14,30,12.598598
14,46,8.501626
14,50,10.891318
15,37,8.909736
15,47,10.295883
15,60,14.269144
16,33,7.3692446
16,55,12.456722
17,18,12.398854
17,51,12.477784
17,59,12.200885
18,49,8.401967
18,51,10.060773
19,54,9.061909
19,58,13.667338
20,39,7.4050565
20,45,7.0734944
21,22,11.524941
21,52,8.99979
22,30,8.546255
22,52,12.374005
22,56,9.626573
23,26,9.9644985
23,39,10.169584
23,61,11.863047
23,62,14.427361
23,64,10.518831
24,28,5.4272957
24,40,7.4379487
24,48,10.11805
24,78,14.581974
25,31,12.312534
25,32,9.719869
26,62,11.680364
26,64,14.287556
27,44,13.31716
28,38,9.845229
28,40,12.564377
28,48,6.7901344
29,31,11.246804
30,46,9.582177
30,56,8.414002
30,71,13.537985
32,63,12.184276
33,55,7.174691
34,65,10.958908
36,53,11.263856
36,68,11.0625925
37,47,14.490941
37,60,7.584307
38,48,8.123492
39,45,7.9722795
39,61,8.647757
39,64,13.3946085
39,85,14.290787
40,48,14.968921
40,72,11.990633
40,78,13.839004
42,77,11.129463
43,70,11.445942
43,74,10.787392
44,87,13.192298
45,61,13.087556
45,69,9.723488
45,85,14.209174
46,50,10.208229
46,56,12.9758005
46,71,9.785449
47,54,13.205145
47,60,14.489539
48,78,10.630335
49,51,8.960544
49,67,7.5359273
50,57,8.323503
50,96,12.912933
51,59,11.638305
51,67,13.55289
52,56,12.961963
52,79,7.78601
53,68,9.606952
53,75,8.713898
53,93,11.019298
53,103,14.5875025
54,58,7.2534904
54,76,13.940991
54,88,9.651267
55,82,13.4094515
55,84,7.8990707
55,99,14.518355
56,71,9.755728
56,79,12.074294
56,97,13.147259
56,105,14.011697
57,96,14.05091
58,76,6.7731
58,88,10.011525
58,115,12.824669
59,107,13.734638
60,92,11.245565
60,109,12.854493
61,64,6.899232
61,85,8.144177
61,114,12.961496
62,64,8.36023
62,94,12.30142
62,116,14.239509
63,82,10.690393
64,85,13.345658
65,87,12.831348
65,98,9.710753
66,81,12.676562
66,89,13.287693
66,90,5.3394275
66,106,11.220117
67,101,9.431566
68,75,14.598779
68,89,12.838658
68,93,9.656493
68,118,11.774853
69,77,12.426971
69,85,13.779658
69,123,12.769453
70,74,9.149585
70,86,11.989296
70,95,8.808067
70,113,10.907891
70,127,14.810129
71,97,7.3694596
71,105,14.206298
72,78,12.267301
72,104,9.785076
72,112,13.3500395
72,129,13.673636
73,100,7.773839
74,113,9.511088
75,93,8.632553
75,103,7.8945284
75,122,12.521531
76,81,12.270422
76,88,13.166845
76,115,10.577689
78,104,10.054367
79,105,8.383637
79,128,14.548625
80,92,14.736185
80,110,9.225279
80,111,12.926646
80,125,12.605006
81,90,12.464028
82,84,11.190466
82,120,8.920393
83,102,9.372319
83,139,14.391354
84,86,14.957633
84,99,8.707031
84,120,11.443209
85,114,6.8073864
85,123,14.569183
86,95,6.973244
86,99,8.316832
86,121,8.370423
86,127,14.390065
86,133,13.41685
87,91,8.826762
87,98,14.348154
88,115,9.311793
89,90,10.634576
89,106,7.5150332
89,118,10.252712
89,131,11.063549
90,106,6.2258215
90,131,14.214266
91,102,9.06806
92,109,10.111116
92,110,9.790031
92,124,9.264001
93,103,6.2194753
93,118,12.063006
93,122,12.998469
93,142,12.174746
94,112,9.941504
94,116,11.169949
94,143,11.619469
95,99,13.736224
95,113,10.270126
95,121,8.452712
95,127,8.263349
95,133,9.694682
96,108,14.493191
96,141,12.094391
97,105,8.717207
97,130,11.004712
97,134,11.320314
98,140,10.068955
99,121,8.537725
99,133,14.989067
100,119,12.064606
100,126,8.997442
101,145,10.456674
102,139,13.669173
103,122,6.834844
103,142,10.470544
104,129,8.102311
105,128,14.227172
105,134,11.159739
105,148,11.395445
106,131,8.058724
106,158,13.780698
107,132,11.213028
107,137,11.004526
108,135,9.672447
108,138,7.576306
108,141,12.69833
109,124,10.544436
109,144,8.645811
109,156,13.422607
110,124,9.90055
110,125,9.7854805
110,159,12.769088
111,125,9.548589
111,136,9.049604
112,129,10.929927
112,143,8.713916
112,153,12.251779
113,127,8.189855
113,133,13.683158
114,116,13.938212
115,146,10.463832
116,161,14.531087
117,154,10.893476
118,131,12.130899
118,142,13.663929
120,149,9.100902
121,127,10.359117
121,133,6.4841104
121,174,14.598312
122,142,11.405149
122,147,9.516542
124,144,11.7043295
124,156,8.707965
124,159,11.817232
124,181,14.191008
125,136,13.080407
125,159,11.242081
126,166,14.107198
127,133,5.6305737
127,162,14.973846
127,186,14.041091
128,148,12.987758
128,167,14.449911
128,177,13.1583185
129,143,14.761511
129,153,9.532066
130,134,8.512125
130,148,14.6921425
130,155,11.566172
130,178,11.239468
130,185,12.679428
131,158,8.352744
132,145,13.400579
132,163,10.559325
132,176,12.189369
133,174,12.877937
133,186,13.990668
134,148,6.209815
134,167,12.339886
134,178,11.854746
134,196,14.610471
135,138,7.4522877
135,151,6.1712418
135,169,10.600465
136,184,13.867998
137,162,9.807065
137,163,11.815353
137,175,10.611683
138,141,9.312298
138,151,11.159529
138,169,9.516381
138,190,12.610218
140,170,9.995292
140,173,12.187613
140,188,14.673677
141,155,8.695986
141,187,11.998044
141,190,12.462326
143,153,9.216922
143,168,13.979721
144,156,7.907728
144,164,7.6723995
144,181,12.351438
145,176,13.678856
146,182,10.843394
146,183,13.591377
147,157,11.336758
148,167,7.334534
148,177,13.983109
148,178,14.99037
148,196,12.796292
149,165,10.051749
149,180,9.443808
149,189,10.969626
150,164,13.039588
150,183,11.499461
151,169,8.033129
151,192,9.858643
152,160,14.648483
154,179,10.784655
154,202,11.4391365
155,178,13.896119
155,185,7.466943
155,187,7.8425117
155,190,14.606629
156,159,13.196847
156,164,11.061382
156,181,6.0729117
156,197,12.472433
156,210,13.851599
157,188,14.850471
157,201,12.206281
159,181,14.103845
159,197,11.677602
159,205,13.225161
160,203,10.728626
161,168,10.412644
161,194,10.802044
162,175,12.424751
162,186,10.616422
162,198,11.167589
162,199,12.018335
163,175,6.006608
163,176,10.096424
163,199,12.453376
163,200,8.486854
164,181,11.626153
164,210,13.432541
165,174,8.147605
165,180,6.980782
165,189,14.6190405
166,172,12.273894
166,207,12.722893
166,208,12.58546
167,177,8.220776
167,196,8.235898
169,190,7.9927573
169,192,8.343602
169,221,13.208661
170,173,8.692061
170,188,7.120856
170,201,14.279169
170,211,11.321751
171,193,7.8559136
171,194,10.592505
171,231,13.038338
172,179,9.61533
172,208,8.835928
172,217,14.277618
173,211,10.042572
174,180,13.813822
175,176,14.754419
175,199,6.777458
175,200,9.51995
175,226,14.304933
175,227,14.162611
176,200,8.121712
176,216,9.322509
177,196,14.369028
178,185,8.208602
178,196,10.883994
178,214,13.451704
178,218,10.316398
178,228,14.025982
179,202,8.014097
179,208,14.737074
179,217,11.028464
180,189,8.1298895
181,197,7.966269
181,210,8.165759
182,213,9.368591
182,222,11.531638
183,212,8.897586
184,203,14.302729
184,206,13.462876
184,209,9.800599
184,220,11.738667
185,187,8.028493
185,214,9.26383
185,215,14.678207
185,218,12.59156
186,198,5.4890275
186,223,12.004761
187,190,9.290273
187,214,10.45372
187,215,9.007538
188,201,7.2325506
188,211,14.704867
188,234,12.271231
189,233,11.456363
190,192,13.840812
190,215,10.270947
190,221,12.239494
191,195,12.930042
191,207,10.539215
191,243,13.061787
192,221,10.207337
193,231,11.764207
194,231,10.948462
195,238,10.296086
196,218,12.538634
196,228,8.960802
197,205,12.770969
197,210,10.614392
198,199,14.563542
198,223,6.870895
198,226,13.905953
198,250,13.810088
199,200,11.914483
199,226,7.6582885
199,227,11.502953
200,216,7.8244977
200,227,9.018995
200,242,14.438002
201,234,11.039345
201,240,10.21119
202,217,9.433547
202,239,9.817653
202,244,11.288404
203,209,6.773489
203,225,8.649621
204,219,5.315073
204,230,11.545371
204,235,12.820273
205,206,10.396955
205,224,8.582385
206,220,8.732635
206,224,9.207232
207,236,7.9267015
207,243,11.602326
207,248,13.444528
208,217,11.7817745
208,248,11.540545
208,257,14.428226
209,220,12.628002
209,225,6.519004
210,247,13.008859
211,234,13.047523
211,245,10.542281
211,255,13.346216
212,241,8.095929
212,256,12.343216
213,222,7.8536406
213,246,8.665289
214,215,9.878566
214,218,9.044681
214,252,10.86954
214,261,10.849704
215,221,12.914471
215,252,9.635137
215,259,11.137969
216,227,10.367834
216,242,6.9355044
216,251,14.803249
217,239,11.712917
217,244,5.944835
217,257,14.518114
217,262,10.886382
218,228,7.7318363
218,261,11.73583
219,230,8.93107
219,235,11.064381
220,224,13.325316
220,267,11.530566
221,259,10.987217
221,263,10.425046
222,246,8.697306
222,249,7.4991593
222,279,13.548111
223,226,11.203153
223,250,8.172584
223,277,13.104302
224,273,10.814808
226,227,10.961233
226,260,8.746935
227,242,13.303978
227,260,12.71318
227,265,10.311727
229,230,7.1361613
229,240,13.654728
231,253,10.614135
231,268,10.429571
232,254,13.026533
232,278,14.407499
233,239,11.235724
233,264,9.90268
233,275,12.6149
234,240,9.775424
234,255,7.2365932
234,266,9.970823
235,270,12.874299
236,243,8.266609
236,248,9.0582695
237,278,13.796427
239,244,7.8818665
239,262,10.991052
239,275,12.567857
240,255,14.689045
240,266,10.051603
241,247,10.99025
241,256,9.503397
241,284,14.711524
242,251,8.3856325
242,265,12.520193
242,285,13.807636
243,274,9.493854
244,257,14.410707
244,262,5.7118993
245,255,14.877068
245,281,14.571711
245,283,11.5655
246,249,12.517564
246,271,9.437561
246,279,8.964602
247,284,11.838221
248,257,10.941519
249,256,10.031749
249,279,11.797886
249,280,9.065723
250,277,8.367982
251,282,9.724316
251,296,11.860865
252,259,9.183204
252,261,8.535607
252,286,10.1511545
252,295,11.45832
253,268,9.383977
253,272,8.987054
253,294,10.248893
254,289,10.469957
254,290,11.888007
255,266,8.612151
255,281,8.325921
255,283,14.042317
256,280,8.473251
257,262,12.464438
258,269,7.2577567
259,263,9.72779
259,286,10.40107
259,292,10.265775
260,265,12.921945
260,277,13.434885
260,298,10.741827
260,299,12.559522
261,286,14.21073
261,291,9.505782
261,295,9.70593
263,292,8.227144
263,304,10.614661
263,324,14.218796
264,269,13.22802
264,275,8.777181
264,305,12.040406
264,315,10.920664
265,285,7.170725
265,296,14.577313
265,299,9.5199175
265,320,13.724722
266,281,12.561675
267,273,14.877622
268,294,11.2834
268,307,10.21816
269,305,9.160777
269,328,13.326423
270,300,11.032818
270,313,9.968315
271,279,9.327156
271,308,8.530731
272,294,9.225944
272,297,7.544477
272,311,13.004141
272,326,13.808281
273,310,14.354616
274,303,13.495379
274,322,10.694149
275,315,10.808741
276,316,11.643265
276,321,10.557382
277,298,9.770973
278,312,11.928261
279,280,12.268075
279,308,12.876692
279,314,11.427167
279,335,13.683316
280,314,8.868696
281,283,7.3341093
281,343,13.015281
282,296,10.728994
282,316,11.384847
282,331,11.358878
282,338,11.341475
283,293,11.626724
283,325,9.642677
283,343,14.829984
284,309,12.586723
284,329,9.086689
284,341,13.3630905
285,296,7.944803
285,299,10.196068
285,320,7.1933994
285,342,12.754417
285,346,13.286659
286,291,14.375138
286,292,10.695702
286,295,7.9854364
286,317,7.642222
286,324,13.5230665
286,336,10.716702
286,339,13.797625
287,306,9.003436
287,318,6.4410033
287,352,13.575736
288,319,11.810323
288,334,9.538364
289,290,7.416441
289,312,9.823492
289,344,10.298363
290,344,14.062661
291,295,6.401476
291,339,9.734262
292,304,9.204187
292,317,8.849415
292,324,6.894066
292,351,13.395866
292,354,14.140072
293,306,10.234545
293,325,10.096161
294,297,9.569225
294,307,9.474938
294,326,13.55316
294,356,13.266473
295,317,13.30365
295,336,10.979758
295,339,9.009745
296,320,8.161939
296,331,9.228349
296,338,14.809754
296,342,9.468405
297,302,13.504137
297,311,7.089394
297,326,6.263814
297,361,13.967823
298,299,12.361782
298,323,7.935151
299,320,11.627459
299,323,8.464234
299,346,9.940919
300,313,7.8802767
300,364,14.438871
301,302,9.605807
301,337,11.124539
302,311,6.778367
302,326,12.506206
303,322,14.141761
303,327,9.21328
303,349,12.293348
304,324,8.8955345
304,345,8.133783
304,351,10.3849325
305,315,8.979155
305,328,11.742113
305,365,13.720092
306,318,10.334812
306,352,8.817911
307,356,12.774678
307,360,11.464923
308,335,9.186269
308,340,6.548981
308,374,14.450183
309,329,11.767661
309,359,13.225969
310,347,8.42249
310,355,12.062126
310,359,13.761678
311,326,6.156102
311,361,14.3212185
312,344,8.931504
312,348,8.503613
312,368,13.021998
313,353,8.82647
313,382,14.1215515
314,335,11.849589
314,370,13.798051
316,321,10.561344
316,331,14.224787
316,338,8.232502
316,350,8.833423
317,324,7.2815294
317,336,7.780384
317,339,14.365802
317,351,12.991475
317,354,7.606168
317,367,14.173637
317,381,13.471003
318,352,9.822951
319,332,10.636255
319,334,10.83407
319,363,9.25478
320,331,12.354676
320,342,6.258245
320,346,8.363039
320,366,14.284415
320,379,13.129143
321,350,7.8644342
321,372,11.245169
322,349,8.805927
322,376,12.677277
323,346,11.177696
324,336,14.243575
324,345,10.479901
324,351,6.945185
324,354,8.419656
324,386,14.5723915
325,343,13.603487
325,373,11.344264
326,356,13.0115
326,361,8.615004
326,385,13.263351
327,357,12.845858
327,369,9.873305
328,333,11.632612
328,365,11.228533
329,341,7.837398
329,375,10.160354
330,337,14.596398
330,355,12.473899
331,338,6.817233
331,342,7.842965
331,366,7.894168
331,380,12.147106
331,394,14.837593
332,358,10.147784
332,363,14.577871
332,389,12.195447
334,363,9.902783
334,364,13.4431925
334,384,11.936275
335,340,8.850743
335,370,12.963415
335,374,11.748698
335,396,13.562386
336,339,7.3561206
336,354,9.173903
336,367,7.4239907
336,381,10.234397
337,402,12.803376
338,342,14.416325
338,350,12.747125
338,366,11.098247
338,380,9.582514
338,400,14.508301
339,367,9.420216
340,374,8.148854
341,375,11.914975
342,346,11.2842
342,366,8.027547
342,379,11.582887
342,394,11.547268
343,358,9.900458
343,391,12.994779
344,348,7.6033044
344,368,12.92306
344,383,10.275499
344,393,13.4914055
345,351,5.8955073
345,386,13.177753
346,379,8.339509
347,355,7.0565248
347,359,9.267552
348,368,5.55149
348,378,14.390903
348,383,7.2356105
348,397,10.563862
349,376,12.859021
349,392,8.6350155
349,405,13.956421
350,372,6.687653
350,380,14.661355
350,400,11.530434
350,408,14.292751
351,354,9.371797
351,386,9.121747
352,410,13.860785
353,382,8.046481
353,390,8.04036
354,367,11.289446
354,381,7.228561
354,386,10.57388
354,409,13.568275
356,360,5.500862
356,361,8.466078
356,388,6.8255033
357,369,10.736676
357,398,9.397654
358,389,11.430615
360,361,13.532589
360,371,12.886249
360,388,7.484982
361,385,10.239451
361,388,9.581072
361,419,14.506479
362,376,10.730084
362,393,10.092763
362,406,13.274095
362,411,12.616103
363,384,13.476907
363,389,13.516481
363,395,8.382835
364,382,10.837599
364,384,8.644354
365,399,11.378624
366,379,13.950871
366,380,8.7247095
366,394,7.2430477
366,415,11.4200735
367,381,6.813771
367,409,11.595565
368,378,9.288147
368,383,7.5135813
368,397,6.619053
368,414,12.375036
369,398,10.204393
369,421,14.141539
370,396,9.171535
370,443,14.808424
371,377,10.342982
371,403,8.044856
371,417,10.964886
372,400,10.922914
372,401,8.578475
372,408,9.243805
373,391,7.8281245
373,418,10.313902
374,396,10.458184
376,392,13.015051
376,405,8.706071
376,406,8.021984
377,378,12.388186
377,403,7.7845607
377,404,9.725511
377,417,13.685969
378,397,11.312403
378,404,6.9442744
378,414,10.887908
378,435,14.061564
379,394,9.8462715
379,426,14.636458
380,394,13.033279
380,400,8.028449
380,415,11.201311
380,420,9.603861
381,386,11.294837
381,409,7.166796
381,423,13.854662
381,433,11.786794
382,390,6.565079
382,428,12.703368
383,393,11.825893
383,397,6.5674834
383,414,13.985017
383,431,12.364506
385,387,9.797816
385,419,10.891585
385,424,13.985191
386,409,11.774092
386,423,10.245935
386,433,14.677639
386,442,12.421474
387,402,14.989603
387,424,10.724935
389,395,8.131835
389,416,7.7318325
389,427,11.4515915
390,428,10.380953
390,444,14.994912
391,418,10.92216
391,453,14.293159
392,405,8.320298
392,421,12.069848
392,440,11.198565
393,411,7.5147147
393,439,10.925989
394,415,7.875918
395,416,8.582264
396,443,11.235454
397,404,14.445818
397,414,7.492892
397,431,9.363561
397,455,14.246286
398,422,10.06285
398,436,9.798146
399,407,7.9857526
399,425,14.339623
399,460,14.870084
400,408,8.518915
400,420,9.11574
401,408,9.558222
401,441,10.082396
401,447,13.054943
402,434,9.178142
403,404,14.142455
403,417,5.909925
403,449,13.9312315
403,454,11.978986
404,414,9.851009
404,435,7.8743362
404,449,12.279848
405,406,8.207116
405,440,8.563864
405,445,13.049408
405,466,12.209941
406,411,10.013776
406,440,14.575894
406,445,8.083741
407,437,8.277917
407,460,12.218516
408,420,14.191936
408,441,8.601866
409,423,8.330092
409,433,4.6512976
410,413,9.055386
411,439,7.2641187
411,445,10.618297
412,426,14.460783
412,446,6.709793
414,431,9.5248995
414,435,9.592321
414,455,8.127163
414,472,14.79944
415,420,8.058293
416,427,7.652881
416,463,13.345458
416,464,9.617354
417,449,14.453529
417,454,9.571459
418,453,8.202728
418,482,14.9640045
419,424,12.325708
419,457,12.229482
419,470,14.183626
421,436,12.371894
421,440,10.690966
421,459,8.969652
421,473,11.032948
421,479,14.569992
422,436,10.479795
422,468,13.92119
423,433,7.386771
423,442,9.264129
423,461,9.876549
423,475,14.8668585
424,434,13.24844
424,452,6.4129972
424,470,9.266203
425,471,9.127281
425,500,14.977042
426,446,12.52034
426,489,12.765192
427,463,7.663157
427,464,9.83791
428,444,11.263659
428,456,9.105988
429,478,12.484338
429,487,12.985206
430,451,7.801356
430,502,14.484227
431,439,13.773468
431,455,9.689973
431,458,7.75524
432,447,8.308047
432,474,13.302558
432,483,10.611872
433,461,12.904154
433,504,14.674858
434,452,9.399516
434,469,8.22952
435,449,6.415877
435,454,13.316955
435,455,10.061304
435,472,8.43221
435,492,14.369946
436,468,7.7074857
436,473,11.632329
436,505,14.94299
437,460,12.006332
438,451,9.4550085
438,467,13.751453
438,498,14.146851
439,445,13.35357
439,458,10.667168
439,486,11.720785
440,445,14.873711
440,459,9.483121
440,466,6.1203046
440,479,10.956611
440,488,12.6006155
441,447,9.045229
441,495,11.950921
442,461,11.496746
442,475,8.903105
443,465,11.882895
443,477,9.952059
443,493,12.67495
444,450,7.335567
444,465,14.487375
444,480,10.444026
444,507,14.362452
445,466,11.96552
445,481,8.9165325
446,484,12.289414
446,489,13.639807
447,483,8.4914875
447,495,12.293113
448,457,7.3400064
448,491,9.074783
449,454,7.1340013
449,455,14.728025
449,472,8.032615
449,492,9.206586
450,465,7.5730925
450,480,7.5347095
450,507,14.481597
452,469,11.449545
452,470,8.68044
452,503,11.072997
453,462,11.332255
453,482,7.31081
454,472,13.801316
454,492,9.332784
454,517,13.041131
454,519,14.172988
455,458,13.183557
455,472,9.550328
455,497,10.15828
456,490,9.538229
457,491,11.722795
458,486,11.152865
459,466,10.527061
459,473,7.538736
459,479,5.8450465
459,488,11.116979
459,499,8.825821
460,500,14.245014
461,475,9.58399
461,504,9.048326
461,513,9.152473
462,463,11.520465
462,482,10.7817545
462,523,14.294205
462,534,14.65117
463,464,8.425054
463,511,13.558981
463,523,11.260871
464,511,10.35498
465,480,7.946643
465,493,9.79139
465,507,14.922109
465,528,13.988401
466,479,8.3989525
466,481,9.666111
466,488,7.3919497
466,514,14.514726
466,526,13.363025
467,485,8.18898
467,498,8.153657
467,532,13.899514
468,473,8.676841
468,499,13.913288
468,505,7.3151994
468,506,14.14598
468,527,12.459153
468,533,14.5000725
469,496,9.227047
469,503,10.989117
469,516,9.421774
470,503,11.491293
470,535,13.709587
471,494,8.699709
471,500,7.174132
472,492,9.012859
472,497,8.221332
473,479,11.5022745
473,499,7.0464053
473,505,10.111291
473,527,10.736008
474,483,11.277832
474,510,8.575409
474,529,10.253274
475,513,8.062659
477,478,9.509817
477,493,9.921084
477,501,13.878275
477,508,7.8303027
478,487,9.403026
478,501,5.8563285
478,508,7.1716685
478,538,12.663749
479,481,14.812041
479,488,5.57688
479,499,8.537831
479,526,10.420131
479,530,10.290942
480,493,14.697641
480,507,7.453153
480,528,10.941676
481,488,9.867702
481,514,7.4017973
481,520,10.718881
481,526,11.741472
482,534,12.563851
483,495,12.918392
483,510,8.039893
484,548,13.777785
485,487,8.627747
485,498,12.961409
485,532,13.975076
485,544,13.180639
486,520,11.605133
486,546,12.418507
487,501,6.7298455
487,508,14.331381
487,538,11.573809
487,544,12.975587
488,499,13.022705
488,514,10.277183
488,526,6.241963
488,530,9.906826
488,547,11.978296
490,518,6.2527394
490,541,11.954412
491,519,14.417046
491,525,7.474653
492,497,14.307305
492,517,6.95429
492,519,11.408337
493,508,14.011876
493,528,12.469575
493,558,13.133927
494,500,11.515294
494,531,8.864102
494,549,14.97387
495,522,9.027472
496,502,9.14727
496,516,8.994174
496,542,12.701944
496,556,12.909192
497,539,8.642723
498,515,7.3138475
498,532,8.153553
498,545,14.877084
499,505,11.1800165
499,526,14.943768
499,527,7.620335
499,530,9.995463
499,543,10.68893
500,549,11.000875
501,508,7.8873925
501,538,7.2091875
501,544,14.349826
502,524,11.563092
502,542,9.196731
502,552,11.728345
503,516,8.842207
503,535,13.279512
503,553,11.153387
503,560,13.545418
504,513,13.189503
504,555,14.9112
505,506,12.898904
505,527,6.1319847
505,533,8.882123
506,512,10.1354
506,533,8.7866
506,540,14.032912
507,528,9.315978
507,551,9.104424
508,538,10.737096
509,521,13.317954
509,536,6.289187
509,573,13.6508465
510,529,8.80523
511,523,11.827216
511,554,10.676358
511,578,13.690709
512,540,6.950169
512,559,11.754249
513,550,8.881289
513,561,13.030365
514,520,7.3198085
514,526,7.626517
514,530,14.69644
514,546,14.503093
514,547,9.759088
514,577,14.2354
515,524,11.257364
515,532,10.949891
515,545,8.929963
516,553,8.590127
516,556,8.637261
516,564,14.789163
517,519,5.4118967
517,525,14.611752
518,541,6.0843725
519,525,9.206988
520,526,14.797254
520,546,7.9034014
520,577,11.493224
521,536,12.527238
522,557,7.908783
523,534,12.79929
523,554,9.355048
524,542,13.267577
524,545,9.122354
524,552,7.980109
525,570,10.952091
526,530,7.1315703
526,543,14.117489
526,547,5.762952
526,565,11.052512
527,530,13.995107
527,533,11.439457
527,543,10.083702
528,551,13.479479
528,558,12.560803
528,576,12.2425995
529,555,7.788433
529,586,13.276321
530,543,7.1209817
530,547,8.097903
530,565,8.007947
531,549,13.983316
531,567,10.183872
531,582,9.890234
532,544,13.803427
532,545,13.4220295
532,563,7.7552414
532,569,9.510056
532,585,13.394389
533,572,9.426787
534,562,12.200342
534,593,13.213117
535,560,9.950397
535,580,11.541944
536,573,7.4684453
537,574,7.6226416
537,605,14.653727
538,544,10.881999
539,571,9.066416
540,559,6.548871
540,591,9.368996
541,583,10.838514
542,552,7.2970724
542,556,11.915174
542,564,7.44063
542,590,10.283312
542,603,14.799216
543,547,13.209495
543,565,8.773561
544,569,8.69064
545,552,12.70569
545,563,12.316104
545,585,8.081591
545,594,10.305
545,602,14.614657
546,577,8.653615
546,598,10.739895
547,565,6.768765
547,577,14.908041
548,567,11.239764
548,596,9.5752325
549,566,8.195801
549,588,6.913663
550,561,9.927777
550,587,7.9197183
551,576,13.89178
551,579,8.524829
551,584,14.476744
552,564,13.214171
552,590,9.7046795
552,594,14.24918
552,602,12.703302
553,556,7.6001506
553,560,8.214241
553,564,14.2982235
553,595,9.306987
554,575,14.5078
554,578,6.1528115
554,610,13.835142
555,586,6.3325005
556,564,7.0347342
556,595,8.826319
556,603,11.950054
557,589,11.231189
557,600,12.787371
557,604,9.251378
558,576,14.136185
558,606,12.53701
559,566,14.813163
559,591,8.016141
559,592,10.5497
559,614,12.876218
560,580,14.417241
560,595,12.968669
561,587,9.507968
562,601,7.9225626
562,619,14.987488
563,569,7.5964947
563,585,7.6906853
563,594,14.539404
563,611,9.145243
564,590,9.575016
564,595,10.975147
564,603,8.078125
564,633,14.325738
566,588,5.6430163
566,592,9.026221
567,582,6.2243896
567,596,10.71516
567,607,8.086679
567,628,14.909345
568,622,12.588017
569,611,13.314467
570,581,12.481577
570,597,12.2789345
570,599,10.5391445
570,612,10.133045
570,636,14.236685
571,613,12.855064
572,609,9.232044
572,637,13.230148
574,605,7.217592
575,578,10.033511
575,583,10.079159
575,610,10.738958
575,620,14.869641
575,629,11.29184
576,579,8.27703
576,606,7.685099
576,632,12.605545
576,648,12.031302
576,649,14.183508
577,598,9.202677
578,610,7.85733
578,635,12.875996
579,584,14.848508
579,632,10.199672
579,648,14.471417
580,581,8.300772
580,599,13.201502
580,630,13.790417
581,599,6.5414343
581,630,10.936285
582,607,7.0828667
582,628,10.855372
583,620,9.06026
583,629,12.574953
584,639,12.271961
585,594,6.8957806
585,602,13.066935
585,611,8.285895
585,643,13.5438175
586,623,11.494891
586,638,12.805189
588,592,12.66789
589,604,8.874631
589,617,8.984145
590,602,9.986667
590,603,10.420334
590,633,13.381101
590,641,10.922479
591,592,11.598499
591,614,7.4704614
591,616,8.431852
591,650,14.140097
592,614,8.951841
592,652,13.374347
593,601,10.45057
593,615,6.5532355
593,619,10.221214
593,640,12.018371
594,602,6.187052
594,611,11.752474
594,643,11.40615
595,603,8.592629
595,627,7.8779206
595,633,12.631223
596,607,12.161365
596,622,12.69834
596,655,14.846567
597,612,7.4035816
597,621,6.322424
597,636,14.187949
598,613,13.225769
598,631,7.6425085
598,651,12.606914
599,612,12.843906
599,630,6.686671
599,636,10.926851
600,604,9.063218
600,618,13.543019
600,634,7.733282
600,642,10.392198
600,646,11.934595
601,615,12.079074
601,619,7.065158
601,653,12.493577
602,641,9.793804
602,643,13.308736
602,668,14.993797
603,627,10.371381
603,633,6.3930936
604,617,13.867491
604,642,13.965842
604,646,9.765235
605,624,12.240579
605,647,9.086827
605,665,14.134573
606,625,9.027638
606,632,14.91298
606,648,10.043151
606,649,8.821705
607,628,7.6446443
608,625,12.933511
608,626,11.699023
608,667,14.141923
609,637,10.727577
610,629,9.026265
610,635,5.4638386
610,654,13.669056
611,643,9.484146
612,621,7.0870976
612,636,6.975816
613,631,11.071676
613,663,14.775083
614,616,9.203921
614,650,12.066001
614,652,9.1449995
614,673,14.410652
615,619,7.5362544
615,640,7.374941
615,660,9.206583
615,679,14.881353
616,637,9.059004
616,650,6.1380596
616,670,12.909078
616,673,11.810559
617,645,7.087934
617,671,13.884321
618,634,8.381895
618,638,11.646417
618,642,14.041713
618,664,11.222999
618,674,12.89191
619,640,14.336748
619,653,8.877871
619,660,10.797906
619,678,14.951506
619,679,11.931881
620,629,8.618801
620,654,12.3186865
621,636,11.49096
621,682,12.528107
622,655,13.513598
623,638,11.984055
624,647,8.398474
624,653,12.37852
624,678,14.114374
624,687,14.30027
625,648,14.932513
625,649,10.111338
625,666,9.805436
626,667,12.961847
627,633,9.734294
627,659,8.965275
628,677,13.1999445
628,685,11.824548
629,635,9.535984
629,654,8.036943
630,636,11.194048
630,658,9.325285
630,672,12.660303
631,651,7.020353
631,663,9.236044
631,683,12.652579
632,639,11.541981
632,648,7.4573474
632,649,13.082712
632,662,13.017009
632,688,13.437862
633,641,12.747026
633,659,10.465496
633,681,13.237609
634,642,6.1591735
634,646,12.336962
634,664,14.58151
634,674,10.664955
634,686,13.9462595
635,640,13.279742
635,654,10.427721
635,680,13.553516
636,672,10.4057455
636,682,13.331264
637,650,8.463865
637,670,8.85367
637,673,13.657804
638,664,11.88953
639,676,10.723942
639,688,12.996385
640,660,9.44834
640,680,9.924791
641,668,11.770216
641,681,10.155553
642,646,7.444201
642,674,9.830027
642,686,8.342966
643,668,10.358947
645,657,9.61824
645,671,6.9340076
645,706,13.776976
646,686,10.408886
647,665,8.836168
647,687,12.584832
647,698,12.869666
648,649,5.6293063
648,662,7.261375
648,689,12.951024
649,662,6.4570737
649,666,10.709833
649,689,9.867824
650,652,14.593245
650,670,7.515298
650,673,6.1596947
651,663,8.423363
651,683,6.3259296
651,697,10.434862
652,673,12.760489
652,696,10.679723
653,660,13.835127
653,678,6.4449983
653,679,9.018355
653,687,14.549109
654,707,12.562581
654,719,13.605153
656,657,8.477899
656,671,14.122243
656,691,10.588717
657,671,5.796678
657,691,8.790432
657,706,10.679521
658,669,11.530679
658,672,11.289527
659,694,11.179139
659,700,8.904991
660,679,7.867817
660,680,11.888478
660,710,12.397504
661,684,11.793988
662,666,12.402831
662,688,14.486023
662,689,6.0930567
662,703,12.175242
662,728,14.501315
663,683,8.634503
663,695,8.698307
663,697,7.986052
663,718,11.362395
664,674,8.318557
664,701,8.747844
664,726,13.302387
665,687,14.569226
665,698,8.924731
665,714,9.591016
665,727,13.945655
666,689,9.062604
666,704,7.4691887
666,715,14.345825
666,725,13.688852
667,699,14.599749
667,715,9.946772
668,681,13.729654
668,711,11.217207
668,717,10.40423
669,694,13.813631
670,673,7.9770346
671,691,10.301019
671,706,7.2412667
672,682,13.615105
672,705,8.869926
672,722,10.109237
672,729,13.801407
673,696,11.662099
674,686,10.1971445
674,701,14.478612
674,726,13.247996
675,692,8.239265
675,702,14.963976
676,688,13.073021
677,685,7.4532795
677,739,13.811479
678,679,9.196187
678,687,9.364525
680,710,9.089766
681,700,14.267039
681,717,13.279992
681,723,10.7716875
682,705,9.586869
682,712,8.045617
682,729,13.794891
683,697,5.092312
683,718,12.078472
683,738,12.699585
684,731,12.351987
685,737,12.411481
685,744,14.539717
686,724,10.916412
687,698,8.693084
687,714,14.706583
687,727,12.298142
688,703,6.567086
688,733,14.701696
688,740,12.256165
689,703,14.095615
689,704,9.23466
689,728,9.246652
689,733,13.631612
690,693,6.660188
690,720,7.8159194
690,721,10.172584
691,706,8.043471
692,702,7.0855074
692,732,13.772894
692,760,13.832324
693,699,9.144284
693,720,8.493968
693,721,14.032369
694,700,10.312135
694,735,9.650401
694,752,13.527256
694,766,14.211208
695,697,11.271672
695,708,7.91343
695,718,8.426996
697,718,6.9884176
697,738,9.800113
697,754,13.863474
698,714,6.0533805
698,727,6.043163
698,753,14.153336
699,743,12.51068
699,759,12.556269
700,723,13.792403
700,734,8.820745
700,735,7.88634
700,752,13.4361925
700,762,13.351672
701,709,9.099622
701,726,9.377635
702,709,11.495943
702,732,8.1697645
702,760,12.604724
703,733,8.212459
703,740,8.946514
703,757,11.899035
704,715,10.633084
704,725,6.902885
704,728,9.588579
704,748,10.295226
704,751,14.975265
705,712,9.73651
705,722,9.246965
705,729,5.8009
705,742,11.202869
705,763,13.108361
707,719,9.083197
707,730,13.190824
708,718,14.971618
709,732,9.609479
710,745,12.029387
710,747,8.928626
710,761,10.598599
711,717,9.035149
711,720,13.541358
711,721,7.019471
711,741,12.398413
711,749,8.273354
711,782,14.825932
712,713,12.894816
712,729,10.093285
712,742,8.228554
713,736,9.577575
713,771,13.590012
714,727,6.007259
714,753,10.84108
715,725,7.0708556
715,743,10.413105
715,748,13.490678
715,751,9.038333
717,723,11.397794
717,741,6.837585
717,749,14.4426365
718,738,9.793251
718,754,8.620918
719,745,13.204681
719,769,13.5726595
720,721,6.5229893
720,749,11.301185
721,749,7.2254124
722,729,9.237121
722,763,9.984513
723,734,7.8670554
723,741,10.802608
723,762,13.215548
723,770,10.57043
723,785,14.75063
724,746,7.1070566
724,776,10.470877
724,788,14.493534
725,728,12.007606
725,743,14.402508
725,748,6.596503
725,751,8.110581
725,798,14.700156
726,765,8.431428
727,753,8.406485
728,733,10.02168
728,748,8.860019
728,758,6.571903
728,779,11.205182
728,781,13.934906
729,742,6.891125
729,763,8.040704
731,768,12.685482
731,773,14.094183
732,760,8.891174
733,740,9.221655
733,757,6.324819
733,758,8.0473
733,781,11.327129
734,735,8.874803
734,752,11.563925
734,762,6.6817136
734,770,9.855698
734,791,13.689363
735,752,5.6403155
735,762,8.597053
735,766,10.488216
735,791,13.908238
736,771,13.250107
737,739,11.818909
737,744,4.616222
737,764,12.43785
737,777,10.9158745
737,778,10.34709
737,803,14.953707
738,754,8.678645
738,772,9.276523
738,787,14.303368
739,744,7.910836
739,755,12.881348
739,764,5.5661025
739,777,10.4813385
739,800,14.395533
740,757,6.828144
740,784,10.224627
741,749,13.705887
741,770,13.989002
741,782,12.634693
741,785,9.209079
742,763,10.973135
743,751,8.386459
743,759,8.739669
743,801,13.649887
744,764,7.8223147
744,777,7.2418256
744,778,11.222371
744,803,14.259573
745,747,13.378387
745,761,6.783644
745,769,7.030774
745,786,14.231364
745,790,11.718262
745,810,13.519997
746,776,7.019576
746,788,12.831252
746,804,14.761544
747,756,13.157085
747,761,7.4210835
747,789,13.643068
747,790,13.546315
747,811,12.727814
748,751,10.3496275
748,758,11.069863
748,779,8.5312605
748,798,10.575898
749,782,8.225991
750,783,7.148531
750,802,10.664207
751,798,11.124556
751,801,11.136491
752,762,7.413395
752,766,6.487669
752,767,13.486912
752,791,9.713983
753,821,13.153854
754,772,10.08328
754,787,7.1441197
754,823,14.142626
755,764,12.896381
755,774,8.125757
755,799,12.674777
755,800,11.312283
756,789,7.989464
756,806,10.493989
756,811,14.960734
757,758,10.352567
757,781,8.835657
757,784,9.332672
758,779,7.6787853
758,781,7.363106
759,812,10.790557
760,780,7.8909326
760,809,11.001322
761,769,11.0651
761,790,8.347107
761,810,14.175783
761,811,13.6124
762,766,13.675711
762,770,8.500572
762,791,7.111329
762,815,13.7148905
763,793,10.656182
764,777,5.908133
764,800,9.906726
764,830,14.927156
765,805,9.003748
766,767,7.041688
766,791,13.595652
766,826,14.387567
767,792,14.43291
767,814,10.7781515
767,826,14.451166
768,795,10.549053
769,786,7.463261
769,790,10.467618
769,810,7.7562604
770,785,10.113097
770,791,10.691404
770,815,9.64403
770,819,11.637567
771,816,9.168889
771,822,14.66061
772,787,10.218902
773,807,12.235218
774,796,10.314191
774,799,4.856004
774,800,14.421123
774,833,12.087735
775,808,8.272366
775,813,13.273423
775,817,14.712706
775,818,7.6580105
775,825,12.25963
775,828,10.555483
776,788,5.934857
776,804,12.657208
777,778,10.54632
777,800,11.79324
777,803,10.260375
777,830,14.08661
777,831,12.97317
778,794,10.268818
778,803,5.772231
778,831,12.138934
778,846,14.71295
779,781,9.279712
779,798,10.143321
779,834,13.351044
780,809,6.8895764
780,820,8.580195
780,841,11.495424
781,784,13.822792
781,848,14.043407
782,785,12.892973
783,794,14.634738
783,802,6.077543
783,808,12.438642
783,817,9.173552
783,825,13.976873
783,827,11.999111
784,797,13.974596
784,838,14.596822
784,843,12.389288
785,815,13.227042
785,819,7.5784593
785,847,14.774423
786,810,8.70057
787,823,7.082042
787,850,13.316308
789,806,8.290191
789,811,8.187924
789,836,14.216205
789,842,10.361607
790,810,8.168519
790,811,10.6009
790,837,10.893791
791,815,9.659636
791,852,14.426307
792,793,7.322462
792,814,8.951121
792,839,13.005796
793,839,9.270861
794,802,9.691592
794,803,11.60003
794,827,9.038678
794,835,8.283715
794,846,12.953857
795,824,9.218476
796,799,6.96039
796,807,8.787335
796,832,8.472552
796,833,9.803694
796,855,13.791562
797,838,9.274441
798,801,9.825694
798,834,8.389942
799,832,13.334939
799,833,7.5256896
800,830,6.921644
801,812,11.830645
801,834,13.880367
802,817,11.186995
802,827,6.1117077
802,835,11.770828
803,831,6.37231
803,835,13.417357
803,846,10.035329
803,849,13.950281
804,813,7.842381
804,844,7.6690016
804,862,13.775178
805,851,12.638321
806,836,7.609252
806,842,12.117454
807,832,7.310693
807,855,12.607197
808,817,6.5298405
808,818,5.453542
808,825,4.72661
808,828,10.792871
809,820,9.928408
809,841,7.3091273
809,857,13.684344
810,860,13.012449
811,837,7.9096904
811,842,10.039034
812,829,12.437328
813,818,13.278794
813,828,9.3400755
813,844,11.811207
813,861,13.8968
814,826,10.642423
814,853,10.569131
815,819,8.184247
815,847,8.90636
816,822,8.511781
816,845,8.595448
816,863,11.807943
817,818,10.811568
817,825,5.2858415
817,827,14.042922
818,825,6.262514
818,828,5.3440433
818,861,13.802235
819,847,7.206998
819,873,13.601726
820,841,7.667252
820,858,11.656759
822,840,8.426582
822,845,5.762935
822,863,14.358543
822,875,12.923023
823,850,6.537887
823,854,12.038956
824,856,6.9803786
824,878,14.365577
825,828,10.511502
825,880,14.505156
825,884,14.3489275
826,852,11.518726
826,853,9.326042
826,870,10.1318
827,835,6.459802
827,846,14.275451
828,861,9.404882
830,831,14.491565
830,849,9.489494
831,835,14.184511
831,846,7.47874
831,849,8.054566
831,868,13.44343
832,833,10.4534445
832,855,5.881415
832,866,10.729547
832,891,13.611102
833,855,11.624013
833,866,9.823914
833,879,11.00283
834,864,11.291631
834,869,12.1154585
834,887,12.872601
835,846,7.816977
835,868,10.414037
835,893,13.743844
836,842,11.816317
836,872,11.013032
837,842,10.78097
837,876,11.153028
837,896,14.544145
838,843,11.56861
838,871,9.288629
838,882,13.725547
838,883,14.174679
839,867,8.50004
839,874,11.981079
840,845,10.322048
840,854,14.423477
840,865,7.4538713
840,875,12.548531
841,857,9.118446
841,858,8.804541
843,848,11.487738
843,871,11.89163
843,883,11.27026
844,862,6.159465
845,863,8.952382
845,865,14.490343
845,875,7.948975
845,900,13.676419
846,849,13.264439
846,868,7.058456
846,893,12.558155
847,873,6.9779015
847,886,12.882694
847,889,11.7106085
847,912,14.138553
848,864,10.710366
850,854,10.456453
850,878,13.323313
851,888,10.985351
851,914,12.949511
852,870,13.458413
852,889,12.825405
852,892,12.48999
852,899,10.27101
853,870,5.4632416
853,874,13.576953
853,890,8.340925
853,892,12.930737
853,903,11.041835
854,865,11.501024
854,901,10.301615
855,866,6.416241
855,879,12.678634
855,891,7.7301335
856,878,7.675684
856,898,10.409927
857,858,10.891009
857,915,12.298774
859,881,10.941256
859,882,11.197587
859,916,12.194491
860,876,11.167095
860,881,12.978998
861,880,14.71348
861,907,10.819802
862,913,14.952631
862,928,14.994722
863,875,9.181823
863,877,14.956846
863,900,12.873334
863,904,9.363128
863,923,13.175783
864,887,9.295743
864,905,9.795111
865,875,12.075943
865,900,13.334661
865,901,13.497195
865,924,13.598571
865,926,13.761137
866,879,6.2946196
866,891,7.1117306
867,874,5.3829083
867,895,10.1476345
868,893,5.6351976
869,887,7.681525
869,897,9.143086
869,905,14.606735
869,911,9.370469
870,890,7.969867
870,892,7.5006294
870,899,12.838558
870,903,7.123187
870,930,13.0908785
871,882,10.022864
871,883,6.0422416
871,910,7.2344217
871,936,14.392011
872,894,7.677303
872,902,7.5818915
873,885,13.108707
873,886,7.5779614
873,889,9.441276
873,912,7.453634
874,890,10.301517
874,895,14.450054
875,900,5.7274456
875,904,12.806832
875,923,12.435319
875,924,12.286419
876,896,9.277231
876,909,7.317938
877,895,10.346614
877,904,13.978019
878,898,9.632975
878,917,9.63975
879,891,11.539893
880,884,4.8991375
881,916,11.009678
881,921,9.110987
882,883,14.939015
882,910,10.122437
882,916,12.439722
882,936,14.511222
883,910,7.2697
883,936,13.046486
885,886,5.8558307
885,906,8.064932
885,933,11.077431
886,906,12.964982
886,912,9.529118
886,933,10.27309
886,940,13.394368
887,897,14.053553
887,905,7.09487
887,911,10.09593
888,914,9.860226
888,918,8.03417
889,899,12.7764
889,912,9.489912
889,922,12.575742
889,946,13.410716
890,892,11.640729
890,903,6.1798606
890,930,10.666572
890,954,14.3947525
891,925,8.999598
892,899,6.362357
892,903,6.1462145
892,922,11.068618
892,930,9.1706295
892,949,12.102119
894,902,12.131759
896,909,7.432484
896,929,14.89869
896,932,9.01174
896,956,13.619186
897,911,6.5133524
897,927,12.908177
897,945,10.609092
898,917,14.277859
898,938,8.669213
899,903,12.362943
899,922,6.1269135
899,930,13.619207
899,949,13.570832
899,964,14.654094
900,904,12.170843
900,923,9.232803
900,924,7.2863965
900,947,9.921789
901,926,8.84653
901,934,10.304099
902,929,8.657561
903,930,6.0698485
903,949,11.918543
903,954,13.963226
903,957,12.963229
904,923,5.788217
904,947,12.47894
904,951,10.740769
905,911,13.377171
906,919,11.300234
906,933,11.264593
906,948,9.253657
906,953,10.609186
907,961,14.045013
908,913,11.555104
908,914,11.091754
908,935,7.7674007
908,941,14.838593
908,942,9.093463
908,943,13.854391
909,932,12.776615
909,956,11.537073
910,936,7.1585493
911,945,6.697178
911,968,13.276539
912,933,11.872934
912,940,8.170695
912,946,9.649632
913,928,7.1183124
913,935,7.716436
913,941,6.4985743
914,918,10.965953
914,942,10.610075
914,943,7.5515075
914,952,14.620807
914,966,13.333939
915,918,11.514672
915,944,7.69849
915,952,14.757872
916,921,11.980703
916,959,14.460906
917,934,8.86714
918,943,11.64088
918,952,8.015381
919,937,9.467153
919,948,10.956167
920,931,12.748174
920,939,5.2876678
921,963,10.538668
922,930,14.9089985
922,946,12.74463
922,949,11.955115
922,962,11.170028
922,964,10.373967
923,924,13.458405
923,947,6.6913466
923,951,7.0114317
923,969,12.403682
924,926,10.433819
924,947,9.849961
924,969,13.528529
925,970,11.29117
926,934,14.201437
926,960,8.763291
927,937,7.811522
927,945,14.5887375
927,972,10.162959
928,935,12.541681
928,941,5.789363
929,932,8.121521
929,981,14.291409
930,949,6.58323
930,954,10.073322
930,957,6.9471493
930,964,12.740378
930,976,13.070789
931,939,8.2218075
932,956,9.438134
933,940,7.967489
933,948,12.580701
933,953,7.5566792
934,960,14.0153475
934,973,10.563265
935,941,7.73818
935,942,9.807415
935,983,13.068197
936,959,10.768615
936,967,8.036151
937,972,12.089029
940,946,8.368504
940,953,13.913054
941,983,13.142036
942,943,7.448148
942,966,8.688378
942,982,14.481741
942,983,14.820899
943,952,10.413183
943,966,5.8247113
943,982,11.256581
944,974,9.74493
944,975,8.418838
945,968,7.9069247
946,962,7.7007046
947,951,7.376806
947,969,6.4276958
947,999,13.978624
948,953,6.0527973
948,978,9.506302
949,954,13.101097
949,957,5.6971216
949,964,6.29243
949,976,12.623116
949,988,10.686103
949,993,14.537285
950,954,11.333621
950,958,14.794571
950,977,7.7060146
950,989,11.190326
951,969,9.123202
951,999,14.685077
952,966,11.136279
952,974,12.2581415
952,982,11.284521
952,1006,14.184668
953,978,13.092564
953,1003,13.755563
954,957,7.9675326
954,976,6.696801
954,977,10.283052
954,988,14.733308
954,993,11.901396
954,1001,13.0099745
955,961,11.048427
955,984,12.899787
956,991,13.84619
957,964,10.786802
957,976,7.0974383
957,988,8.880351
957,993,10.095263
958,989,14.76573
958,998,10.777161
959,967,11.381199
959,986,11.603756
959,992,8.959487
960,973,9.668301
960,1004,11.90573
961,980,12.945105
961,1022,14.761648
962,964,10.497647
962,1014,14.964548
963,995,13.462202
963,1000,12.204148
963,1011,12.356548
964,988,10.593371
965,979,9.54594
965,1005,10.510335
966,982,6.0342875
967,987,7.2790327
967,992,11.726969
968,1013,13.9357815
969,999,7.557903
970,979,9.6563225
970,1008,9.974071
971,981,11.776936
971,985,10.990939
971,994,9.667709
972,996,11.970088
972,997,7.336882
972,1020,13.327444
972,1027,13.65944
973,990,10.103401
973,1004,9.40701
974,975,5.7178106
974,1006,13.529081
974,1007,13.655459
974,1018,10.659784
975,1007,9.690135
975,1018,12.579706
976,977,10.608268
976,988,9.221786
976,993,5.2046084
976,1001,8.276406
977,989,6.8019023
977,993,13.419165
977,1001,8.483715
978,996,12.198421
978,1003,11.459773
978,1016,9.677194
978,1029,14.301266
979,1005,8.899213
979,1008,11.384535
979,1028,12.208639
981,991,13.288589
981,994,9.385267
981,1019,9.237502
981,1033,14.801656
981,1035,14.631396
982,1006,9.228472
985,1024,8.538728
985,1037,13.537539
986,992,9.886962
986,995,6.335033
986,1026,12.606829
987,992,14.040472
987,1023,8.886923
988,993,6.6456447
988,1001,13.876547
989,998,14.6926775
989,1001,11.361819
989,1036,13.813007
989,1039,14.664853
990,1002,12.283694
990,1004,14.343487
990,1030,10.184882
991,1015,8.596483
991,1035,13.51636
992,1026,7.797185
993,1001,7.2360997
993,1036,14.794355
994,1019,6.230077
994,1033,8.080668
994,1035,13.361135
994,1037,14.387088
994,1049,10.6695595
995,1011,9.599312
995,1043,13.127891
996,997,7.21881
996,1016,11.818581
996,1020,8.386585
996,1027,14.166375
996,1029,7.2269197
996,1045,12.217839
997,1020,6.0280714
997,1027,8.433855
997,1029,12.274417
997,1045,12.012174
998,1039,12.290797
999,1032,9.706819
1000,1011,10.289648
1000,1025,8.763178
1000,1068,14.03227
1001,1036,9.481861
1002,1017,8.652747
1002,1042,10.948008
1002,1050,14.733881
1003,1016,10.126835
1003,1046,11.090055
1004,1021,8.303096
1004,1030,12.903496
1004,1065,13.883729
1005,1008,14.390422
1005,1028,9.596899
1006,1018,10.443149
1006,1055,13.767516
1006,1071,14.977591
1007,1018,12.245436
1007,1034,7.462486
1007,1048,12.328135
1007,1057,14.914593
1008,1028,7.7805533
1008,1051,13.073026
1008,1069,14.472968
1009,1047,10.582676
1010,1012,10.8197365
1010,1040,11.382912
1011,1043,13.783733
1011,1068,14.83506
1012,1060,11.8028345
1013,1027,9.41362
1014,1031,8.678833
1014,1041,8.207708
1014,1061,11.492284
1015,1025,9.775107
1016,1029,8.26411
1016,1046,13.423858
1017,1042,10.977141
1017,1059,9.573003
1018,1034,13.995776
1018,1048,11.11566
1018,1056,9.377189
1018,1071,14.798471
1018,1078,14.780577
1019,1033,5.8985267
1019,1035,7.265069
1019,1049,10.925251
1020,1027,6.6470013
1020,1029,9.190867
1020,1045,6.010025
1021,1032,13.188029
1021,1062,10.03036
1021,1065,12.636047
1022,1038,9.599013
1023,1044,10.0242405
1023,1053,7.917924
1024,1037,5.5608044
1024,1049,14.824705
1025,1068,10.959772
1026,1077,10.140503
1027,1045,9.998558
1028,1051,14.297179
1028,1069,10.360546
1028,1075,11.844569
1029,1045,8.784069
1030,1042,14.280467
1030,1050,9.537068
1030,1065,13.250249
1030,1074,11.063197
1030,1088,13.490046
1031,1041,10.53224
1031,1046,14.4359255
1031,1054,8.524707
1031,1061,8.142099
1032,1062,11.6545725
1032,1087,12.18268
1033,1035,8.550155
1033,1037,14.435139
1033,1049,5.3226495
1033,1076,11.713748
1033,1086,13.616859
1034,1048,7.3230014
1034,1056,13.867364
1034,1057,8.597619
1034,1078,13.63825
1035,1049,13.4122
1035,1070,9.107447
1035,1086,14.466383
1036,1079,12.138487
1036,1101,13.9303055
1037,1049,10.192701
1037,1076,12.497268
1038,1063,8.468441
1038,1099,13.436643
1039,1073,10.012687
1039,1079,12.143424
1039,1080,8.19208
1040,1085,11.844057
1041,1061,6.300446
1041,1097,13.260558
1042,1050,6.669302
1042,1059,9.433431
1042,1083,9.171539
1042,1088,13.242457
1042,1104,11.306717
1042,1113,14.993307
1043,1077,11.60867
1043,1082,10.8846445
1043,1111,14.26411
1044,1053,8.7292385
1044,1058,7.050576
1044,1090,12.549174
1044,1094,9.227456
1045,1091,14.649581
1046,1054,7.41285
1046,1092,9.403744
1047,1051,11.780524
1047,1084,8.840973
1047,1096,12.438162
1048,1056,6.9169073
1048,1057,13.115266
1048,1078,6.683368
1048,1108,12.580522
1049,1076,7.2952485
1049,1086,12.97454
1050,1074,10.816385
1050,1083,12.640768
1050,1088,7.672338
1050,1104,9.257264
1051,1069,9.200833
1051,1084,9.778681
1052,1106,12.502135
1052,1107,12.974245
1053,1094,11.934174
1053,1122,14.656526
1054,1061,11.351809
1054,1092,8.762887
1055,1067,13.735356
1055,1071,7.6078
1055,1089,8.047317
1055,1098,10.954571
1055,1118,13.088856
1056,1071,8.964666
1056,1078,6.033652
1056,1098,12.960198
1057,1108,13.333415
1057,1115,12.231823
1058,1064,13.402931
1058,1090,7.098817
1058,1094,9.610677
1059,1083,6.709221
1059,1104,14.985074
1059,1113,13.982981
1059,1114,11.373206
1060,1066,11.433383
1060,1081,9.870018
1061,1097,14.965165
1061,1125,14.858034
1062,1065,11.025205
1062,1087,8.493516
1062,1103,11.077245
1062,1105,9.19542
1062,1124,14.149901
1063,1066,11.474568
1063,1099,10.837066
1063,1110,11.782882
1064,1090,12.81515
1064,1116,11.725995
1065,1074,8.843111
1065,1103,9.214673
1065,1105,13.605213
1065,1120,11.7360325
1067,1089,9.485229
1068,1082,13.330982
1068,1093,12.6589985
1068,1117,13.869286
1069,1075,6.677307
1070,1086,12.407762
1070,1109,10.421687
1071,1078,12.119454
1071,1089,13.420355
1071,1098,6.43742
1071,1118,11.468685
1072,1075,8.594305
1072,1126,11.465011
1073,1079,14.878873
1073,1080,5.4945397
1073,1102,7.7018147
1073,1112,9.134489
1074,1088,6.606559
1074,1103,13.423411
1074,1104,13.353016
1074,1120,10.522662
1074,1135,12.599536
1075,1126,14.707313
1076,1086,10.051671
1076,1119,12.429904
1076,1144,13.122166
1077,1111,13.19137
1078,1098,13.219123
1078,1108,10.125561
1078,1121,9.419104
1079,1080,9.384859
1079,1101,8.74941
1079,1112,13.009564
1079,1129,13.902137
1080,1102,12.038047
1080,1112,7.912716
1081,1085,10.577712
1082,1111,12.946005
1082,1117,11.620133
1082,1140,12.020969
1083,1088,14.806812
1083,1104,8.841251
1083,1113,7.4720287
1083,1114,8.604568
1084,1096,13.172441
1085,1137,12.860092
1086,1144,12.745761
1087,1103,13.976146
1087,1105,8.24248
1087,1124,9.694016
1088,1104,6.7489142
1088,1113,13.65148
1088,1120,13.969589
1088,1131,11.15572
1088,1135,11.78744
1089,1098,12.770033
1089,1118,11.065757
1089,1133,10.354988
1090,1094,8.610966
1090,1116,9.3828745
1090,1123,12.487517
1091,1134,9.022501
1092,1127,9.192324
1093,1109,9.577164
1093,1139,11.297194
1094,1122,10.169493
1094,1123,7.057556
1094,1151,13.77669
1095,1101,8.124256
1095,1128,12.858237
1095,1129,12.3310995
1095,1136,9.709698
1096,1137,13.240287
1097,1125,12.6974
1097,1128,14.754956
1097,1142,12.66093
1097,1147,12.151077
1098,1118,5.7143316
1098,1133,13.318789
1098,1149,12.04119
1099,1110,4.8038554
1099,1132,10.827637
1100,1152,13.690315
1101,1129,7.834497
1101,1136,13.822124
1102,1112,9.898049
1102,1143,9.136511
1103,1105,6.3186064
1103,1120,6.9795256
1103,1124,10.649851
1103,1130,8.28362
1103,1148,13.510759
1104,1113,7.069429
1104,1114,14.810053
1104,1131,8.673889
1104,1135,14.658125
1105,1120,12.751928
1105,1124,5.613778
1105,1130,10.567326
1105,1148,11.301784
1106,1107,9.537195
1106,1146,10.721649
1107,1138,10.01924
1108,1115,7.721243
1108,1121,7.2088904
1108,1167,14.310609
1109,1139,12.51715
1109,1150,11.394853
1110,1132,12.767896
1110,1169,14.003704
1111,1140,11.836589
1111,1154,10.464926
1112,1143,11.484414
1112,1145,7.71201
1112,1168,13.276109
1113,1114,8.768957
1113,1131,9.166391
1113,1153,9.56727
1113,1163,13.985648
1114,1153,12.389994
1114,1155,14.336754
1115,1121,14.000175
1115,1167,14.591468
1117,1139,14.104004
1117,1140,9.889209
1117,1158,9.614686
1117,1173,14.363222
1118,1133,7.862521
1118,1149,10.651384
1118,1166,11.844498
1119,1144,12.158221
1119,1160,10.680876
1120,1130,7.1756105
1120,1135,8.046555
1120,1162,11.165055
1121,1149,12.355619
1121,1167,12.744706
1122,1123,6.1100698
1122,1151,10.479104
1122,1159,8.995918
1123,1151,7.0779624
1123,1159,11.38635
1124,1130,10.5766735
1124,1148,7.048819
1125,1147,10.233139
1125,1161,8.983328
1125,1182,14.910904
1126,1155,11.255294
1126,1175,11.685237
1127,1164,14.150716
1127,1191,12.62421
1128,1136,7.214823
1128,1142,6.329726
1128,1147,14.373076
1128,1184,14.695384
1128,1187,12.514527
1129,1136,11.681804
1129,1180,10.972954
1130,1135,12.162562
1130,1148,8.290366
1130,1162,8.391669
1130,1188,11.931038
1130,1194,12.574109
1131,1135,9.7137575
1131,1153,11.257216
1131,1163,7.1994505
1131,1179,14.03077
1132,1146,10.357366
1132,1169,14.460702
1132,1176,13.642917
1132,1195,13.650381
1133,1166,8.557643
1134,1164,10.714383
1134,1177,10.48538
1135,1162,9.597602
1135,1163,12.18292
1135,1179,10.0866785
1136,1142,12.856342
1136,1187,11.796157
1137,1171,14.010544
1138,1189,13.902989
1138,1199,11.750862
1139,1150,7.8223166
1139,1172,13.849069
1139,1173,10.939504
1140,1154,9.326889
1140,1158,8.072073
1140,1174,9.806379
1140,1192,13.884008
1141,1183,12.474555
1142,1147,8.189253
1142,1182,14.33069
1142,1184,10.039126
1142,1187,12.570395
1143,1145,11.730693
1143,1168,9.632042
1143,1170,9.5841055
1144,1160,9.891255
1145,1168,7.328822
1145,1178,7.9941707
1146,1176,7.655863
1146,1181,8.9453335
1146,1195,14.057815
1147,1161,12.059818
1147,1182,8.828022
1147,1184,10.586288
1148,1162,13.357236
1148,1188,8.331998
1148,1194,13.233813
1149,1166,12.452268
1149,1196,9.333531
1150,1172,6.359619
1150,1210,12.290228
1151,1159,9.121143
1151,1186,10.126677
1151,1216,13.357101
1152,1190,7.7672763
1153,1163,10.146896
1153,1213,12.034189
1154,1158,14.225859
1154,1174,7.533531
1155,1175,6.5628614
1155,1214,12.580918
1155,1218,11.963587
1156,1185,9.827386
1156,1209,12.621684
1157,1171,7.961806
1157,1198,8.901642
1157,1225,14.894618
1158,1173,9.269131
1158,1174,9.4830675
1158,1192,7.386555
1159,1216,11.79801
1161,1182,10.219957
1161,1206,8.811544
1162,1179,7.1922827
1162,1188,10.915178
1162,1194,6.8676314
1162,1203,8.076859
1162,1204,14.250856
1162,1228,14.299085
1163,1179,10.282051
1163,1204,10.285205
1163,1213,14.827617
1163,1220,13.945132
1163,1224,10.874012
1164,1177,7.458188
1164,1191,12.925306
1164,1223,12.132976
1165,1201,8.052997
1165,1219,13.843395
1166,1196,11.923853
1166,1205,8.632727
1167,1222,12.126705
1168,1170,13.067228
1168,1178,8.724725
1168,1212,9.09295
1169,1183,12.053403
1169,1195,11.615854
1169,1211,11.419257
1169,1232,10.500683
1170,1197,10.662386
1170,1212,13.182723
1170,1227,10.964471
1171,1198,8.876394
1171,1207,8.513917
1171,1230,11.666851
1172,1200,14.366564
1172,1210,10.024147
1172,1233,10.746258
1173,1192,9.192024
1173,1210,13.66127
1173,1249,14.367833
1174,1192,8.678226
1174,1240,11.305032
1175,1185,10.177834
1175,1214,8.261789
1175,1218,10.99422
1175,1229,11.710865
1176,1181,6.203767
1176,1189,14.013908
1176,1195,8.510475
1176,1236,10.088623
1177,1193,8.67314
1177,1217,14.229999
1177,1223,14.894698
1177,1238,10.940294
1178,1180,9.066657
1178,1202,8.006738
1178,1212,13.369389
1178,1244,13.687725
1179,1194,10.148186
1179,1203,6.780919
1179,1204,7.468804
1179,1224,13.755658
1179,1228,14.733138
1179,1241,13.481093
1179,1245,14.87032
1180,1202,6.9213147
1180,1235,9.729787
1181,1189,7.918262
1181,1195,14.488151
1181,1236,11.400226
1181,1246,13.578903
1182,1184,8.588213
1182,1206,8.252351
1182,1243,10.699678
1183,1211,7.1071196
1183,1215,10.732766
1183,1231,9.211865
1183,1232,13.972974
1184,1187,10.054554
1184,1226,11.675668
1184,1243,12.725657
1184,1258,14.670542
1185,1209,14.446519
1185,1214,12.428798
1185,1229,8.485635
1185,1260,14.747062
1186,1216,11.94704
1187,1226,8.031019
1188,1194,6.654254
1188,1203,11.848443
1188,1228,10.873531
1188,1239,9.562385
1189,1199,8.850082
1189,1246,12.862745
1190,1217,14.104517
1191,1223,10.376086
1192,1240,9.673538
1192,1249,13.0148945
1193,1217,5.7357373
1193,1238,8.684096
1193,1247,10.177345
1193,1250,12.610509
1194,1203,5.240123
1194,1204,14.536501
1194,1228,7.7798514
1194,1239,12.351112
1194,1241,11.687464
1195,1232,12.906515
1195,1236,11.308953
1195,1252,12.077383
1196,1205,14.352314
1196,1221,6.8880343
1196,1253,11.9816265
1197,1227,10.313645
1198,1207,11.914383
1198,1215,12.947888
1198,1225,7.3303466
1198,1230,7.2639847
1198,1251,11.778374
1200,1237,14.949016
1201,1209,12.617257
1201,1219,14.580652
1202,1235,8.47118
1202,1244,10.145078
1202,1255,10.033714
1203,1204,9.388287
1203,1228,7.958251
1203,1241,8.2551
1203,1245,11.70713
1204,1220,11.164412
1204,1224,6.993667
1204,1241,10.793116
1204,1245,9.455981
1204,1256,11.102598
1205,1208,10.176289
1205,1248,13.170682
1206,1243,10.978529
1207,1219,13.409929
1207,1230,8.696587
1207,1242,7.450949
1208,1248,7.8899627
1209,1260,14.4529915
1210,1233,7.2222056
1210,1249,14.869157
1210,1263,13.941849
1211,1215,12.974949
1211,1231,8.235018
1211,1232,7.742407
1211,1261,11.202941
1211,1268,11.420125
1212,1227,12.412281
1212,1244,10.825597
1212,1273,13.015662
1213,1218,11.752189
1213,1220,6.7966557
1213,1224,9.710647
1213,1269,11.663212
1214,1218,6.1995654
1214,1229,7.4357843
1214,1267,12.5794325
1215,1225,7.6731577
1215,1231,5.6970134
1215,1251,12.355343
1215,1261,12.696502
1216,1254,10.892722
1217,1238,9.840898
1217,1247,7.291359
1217,1250,7.3978486
1217,1266,13.522696
1218,1229,13.530036
1218,1267,10.93104
1219,1242,8.303526
1219,1275,11.54664
1220,1224,4.261312
1220,1245,14.352198
1220,1256,10.280887
1220,1269,10.447134
1221,1253,8.090915
1221,1277,14.435683
1222,1278,12.145555
1223,1238,14.883681
1224,1245,12.097471
1224,1256,9.802654
1224,1269,14.459224
1225,1230,9.559418
1225,1231,12.434671
1225,1251,6.3933597
1225,1283,13.384246
1226,1258,9.809669
1226,1259,8.359117
1226,1282,12.904671
1227,1274,10.526024
1228,1239,9.100645
1228,1241,6.8008175
1228,1245,12.057517
1228,1262,8.084997
1228,1291,13.856257
1229,1260,10.984592
1230,1242,13.015992
1230,1251,9.436813
1231,1261,7.9657364
1231,1268,13.619722
1232,1252,8.913316
1232,1261,14.7792
1232,1268,10.110573
1232,1284,14.926945
1233,1257,8.382614
1233,1281,12.318482
1234,1265,10.887559
1234,1271,9.484182
1235,1255,8.968125
1236,1246,8.019452
1236,1252,13.044113
1236,1270,9.28565
1236,1280,10.950387
1237,1288,13.046206
1238,1247,6.439204
1238,1250,11.896817
1238,1287,13.82698
1239,1262,8.390466
1239,1276,11.231531
1240,1249,12.7959175
1241,1245,5.257507
1241,1256,11.274532
1241,1262,11.581902
1241,1285,10.773068
1241,1291,11.357708
1242,1275,11.142168
1243,1258,9.88557
1243,1289,14.518814
1244,1255,9.081646
1244,1273,11.137097
1244,1279,10.55639
1245,1256,6.0180087
1245,1285,7.914887
1245,1291,11.871223
1246,1270,7.651753
1246,1280,12.513034
1246,1302,14.949342
1247,1250,5.6449075
1247,1266,12.635858
1247,1287,9.540547
1247,1292,14.785222
1249,1263,8.641619
1250,1266,7.2191195
1250,1287,10.361058
1251,1283,8.700643
1252,1268,12.668381
1252,1280,11.038356
1252,1284,8.567822
1253,1277,6.632756
1254,1264,13.680314
1254,1299,12.238266
1255,1279,10.2761135
1255,1300,11.810595
1256,1269,14.025542
1256,1285,8.471653
1257,1281,9.299079
1257,1304,11.432734
1258,1259,7.1187725
1258,1282,12.202895
1258,1289,7.6221805
1259,1282,5.5888286
1259,1289,9.57437
1259,1306,13.915836
1260,1297,14.506786
1260,1310,13.882897
1261,1268,7.89822
1261,1283,12.245517
1261,1295,9.101691
1262,1276,10.841143
1262,1291,10.25968
1263,1281,9.365013
1263,1308,11.40539
1264,1272,6.6232424
1264,1299,13.730939
1264,1305,11.8210335
1265,1271,9.190349
1266,1287,12.888924
1267,1269,10.886
1268,1284,11.899019
1268,1295,11.617688
1269,1309,11.560516
1270,1280,5.330949
1270,1302,10.107376
1270,1326,13.356211
1272,1305,9.659632
1273,1274,12.431818
1273,1279,11.147004
1273,1296,9.049052
1273,1312,11.381872
1274,1290,7.536122
1274,1296,8.647431
1274,1321,11.488613
1275,1316,13.372964
1276,1290,14.8761215
1276,1293,7.1031685
1277,1317,9.835447
1278,1318,10.448166
1279,1300,8.697725
1279,1312,11.99831
1279,1328,10.170841
1280,1284,10.307068
1280,1302,12.026226
1280,1307,11.025157
1280,1326,11.461005
1281,1304,10.535297
1281,1308,10.382354
1282,1289,11.541505
1282,1306,8.521723
1283,1295,11.191278
1283,1323,9.957036
1284,1307,8.032653
1284,1326,14.510477
1285,1291,7.2492876
1285,1313,10.970857
1285,1314,9.173964
1285,1322,14.275519
1286,1297,8.873177
1286,1315,9.179161
1287,1292,8.728727
1288,1298,9.473094
1288,1303,11.698344
1288,1311,8.363275
1290,1293,10.11354
1290,1296,13.50223
1290,1319,8.982368
1290,1321,9.843482
1291,1313,6.910547
1291,1314,12.315424
1292,1301,6.553604
1292,1327,14.376238
1292,1337,12.292782
1293,1319,8.269926
1294,1320,8.795523
1295,1323,11.515284
1296,1312,9.096031
1296,1321,9.627389
1296,1334,10.373174
1297,1310,12.343508
1297,1315,13.680221
1298,1311,6.656035
1299,1305,13.7193365
1299,1329,7.3272595
1300,1306,14.451877
1300,1328,11.135292
1300,1344,14.332897
1300,1350,13.89581
1301,1327,8.235196
1301,1337,12.72338
1302,1326,8.4958315
1302,1335,8.889104
1302,1336,10.796563
1303,1304,10.000192
1303,1311,13.745827
1303,1331,6.828788
1304,1308,14.524804
1304,1331,10.879478
1305,1333,7.6788416
1305,1355,14.044939
1306,1344,11.998261
1306,1349,12.288793
1307,1326,7.581629
1307,1346,11.612111
1309,1322,10.472569
1309,1340,10.339279
1309,1351,12.157379
1309,1362,13.673048
1310,1348,11.168051
1310,1352,12.393241
1312,1328,7.6925106
1312,1334,11.199295
1313,1314,9.944311
1313,1339,12.5349865
1313,1357,11.957292
1314,1322,7.8639107
1314,1339,6.744535
1314,1353,11.743502
1314,1357,14.889957
1315,1316,9.228229
1315,1345,11.403938
1316,1364,14.236693
1317,1332,9.19462
1318,1341,9.411729
1319,1321,8.524783
1319,1361,13.27052
1320,1336,9.773828
1321,1334,7.7648125
1321,1361,12.923675
1322,1339,9.52868
1322,1340,9.236421
1322,1353,9.839339
1323,1358,11.795127
1324,1338,7.707703
1324,1356,11.570588
1325,1354,9.222808
1326,1335,9.059856
1326,1346,8.669444
1327,1337,14.094635
1327,1342,9.768999
1327,1360,12.7278385
1327,1367,11.53291
1327,1378,14.66577
1328,1350,10.527847
1329,1333,14.062574
1330,1333,13.820521
1330,1347,11.521221
1331,1368,11.024591
1331,1370,10.249429
1333,1355,6.395129
1333,1381,12.780084
1334,1361,12.415446
1335,1336,7.2254477
1335,1346,10.006945
1335,1376,11.301811
1335,1379,13.808942
1336,1379,11.650664
1337,1343,10.768876
1337,1367,13.062705
1338,1342,10.485902
1338,1356,11.870189
1338,1360,13.462442
1338,1365,8.662326
1339,1340,13.401103
1339,1353,6.302332
1339,1357,10.893267
1339,1375,13.468959
1339,1383,10.610604
1340,1351,13.59149
1340,1353,8.557892
1340,1362,7.3637238
1340,1375,9.495349
1341,1374,9.441681
1341,1380,10.425777
1342,1360,6.018976
1342,1365,7.4173
1342,1367,13.397268
1342,1378,11.507237
1344,1349,8.842556
1344,1350,11.023702
1344,1382,10.520287
1345,1352,13.327853
1345,1363,5.9007235
1345,1393,13.676783
1346,1376,8.551977
1347,1366,5.6062574
1347,1373,14.965049
1347,1391,13.254794
1347,1398,13.578718
1348,1352,12.41208
1348,1372,10.439579
1348,1389,11.202516
1349,1382,9.27976
1349,1388,11.937453
1350,1392,10.573298
1351,1362,9.319195
1351,1372,11.687304
1352,1363,10.27318
1352,1389,13.451693
1352,1393,11.82414
1353,1357,14.972253
1353,1362,14.369391
1353,1375,7.3904123
1353,1383,8.580493
1354,1399,12.655839
1355,1381,7.697943
1355,1394,9.822763
1356,1386,10.171262
1356,1405,13.024461
1357,1383,11.503178
1358,1403,13.636891
1359,1371,11.121403
1359,1377,5.9570622
1360,1365,5.9659963
1360,1367,10.360531
1360,1378,6.08722
1360,1396,12.8940935
1361,1400,11.140973
1362,1375,11.051094
1363,1393,7.8114223
1363,1411,12.437054
1364,1384,9.884746
1364,1390,8.270847
1365,1378,11.316631
1366,1373,10.211256
1366,1391,7.671219
1366,1398,11.395739
1367,1378,6.614089
1367,1396,7.0527215
1367,1407,11.898867
1367,1412,12.332451
1368,1370,8.894729
1369,1370,12.015355
1369,1373,12.753226
1369,1406,11.366548
1371,1377,6.749432
1371,1397,8.02036
1372,1389,12.169304
1373,1391,7.415464
1373,1406,14.931188
1373,1414,12.362473
1374,1380,6.7480745
1374,1417,12.61109
1375,1383,9.165903
1376,1379,13.090137
1377,1397,12.220886
1378,1396,6.8346148
1378,1407,13.138642
1378,1412,10.604654
1379,1430,13.072637
1379,1431,13.469962
1380,1417,11.818459
1381,1394,9.522817
1381,1409,11.12147
1382,1388,11.906796
1382,1402,9.880888
1382,1415,9.647569
1384,1385,12.739015
1384,1390,12.80319
1384,1420,11.825748
1384,1423,12.45687
1385,1403,12.905099
1385,1420,12.111071
1386,1388,10.305389
1386,1405,12.169268
1386,1422,12.686833
1387,1395,7.786834
1387,1432,12.495083
1387,1433,14.842681
1388,1415,13.32941
1388,1422,10.341098
1389,1393,14.893915
1389,1418,9.44594
1389,1419,9.886544
1389,1438,14.698315
1390,1413,10.392343
1390,1423,11.56062
1391,1398,11.706077
1391,1414,9.208012
1391,1427,13.55567
1392,1402,11.035539
1392,1416,8.071268
1392,1428,13.076284
1393,1411,7.850169
1393,1419,12.256144
1393,1434,14.869956
1394,1404,10.117373
1395,1433,9.417648
1395,1449,14.677518
1396,1407,6.3075824
1396,1412,5.2807755
1396,1425,11.158175
1396,1450,14.770119
1397,1404,11.043745
1397,1436,12.209479
1397,1440,12.558249
1398,1409,10.63103
1398,1427,8.663368
1398,1453,13.419011
1399,1401,8.284178
1399,1421,9.641774
1400,1426,11.811165
1401,1421,5.6902747
1402,1415,9.955992
1402,1416,8.906131
1402,1444,13.50524
1403,1429,8.281912
1403,1465,14.627955
1404,1436,10.220402
1405,1442,9.794668
1406,1414,12.37813
1406,1439,13.754979
1406,1443,8.9968405
1406,1456,12.917145
1406,1469,14.883015
1407,1412,5.4890604
1407,1425,5.612861
1407,1450,10.937719
1408,1437,10.068477
1408,1441,7.0855336
1409,1427,13.298708
1409,1453,11.391018
1409,1459,11.904227
1410,1447,9.616158
1410,1460,11.42735
1411,1413,13.388263
1411,1434,7.0320354
1411,1445,9.975478
1411,1451,13.121584
1411,1458,14.079344
1412,1425,7.578716
1412,1450,9.7179
1413,1423,13.243229
1413,1434,9.8029785
1413,1451,10.440447
1414,1427,13.781594
1414,1456,10.165196
1414,1457,12.523541
1414,1461,10.647784
1415,1422,14.089576
1416,1428,10.130092
1416,1444,7.2956114
1416,1471,12.693195
1417,1455,10.909802
1417,1476,14.980198
1418,1419,8.979786
1418,1438,9.1353245
1419,1438,6.1542306
1419,1445,13.626023
1419,1458,10.439758
1420,1423,12.559132
1422,1462,8.980919
1422,1466,10.2751465
1424,1446,10.428213
1424,1472,11.164114
1425,1450,6.209979
1426,1463,11.073583
1426,1473,12.495765
1427,1453,7.532092
1427,1457,7.8908067
1427,1461,13.444191
1428,1444,10.888769
1428,1463,11.322948
1428,1471,11.95699
1428,1491,14.563087
1429,1452,11.122548
1429,1465,7.985279
1429,1487,13.43657
1430,1431,8.691448
1430,1435,13.927227
1430,1454,13.351168
1430,1467,8.838584
1431,1454,7.160581
1431,1467,11.933663
1431,1482,13.303018
1432,1449,12.162006
1433,1449,7.45249
1434,1445,8.906386
1434,1451,6.092536
1434,1458,14.629648
1435,1448,8.640713
1435,1481,12.869871
1436,1440,10.147031
1436,1489,11.300724
1437,1441,7.30406
1437,1479,12.300242
1437,1485,12.380995
1438,1445,13.288709
1438,1458,8.04316
1438,1507,14.935104
1439,1443,7.6375456
1439,1469,11.673902
1439,1483,9.711361
1440,1446,9.196294
1440,1468,7.8715754
1440,1492,12.071925
1441,1485,9.69947
1442,1466,11.730032
1442,1470,9.219362
1442,1477,8.305438
1442,1500,13.015162
1442,1504,14.83757
1443,1456,10.076464
1443,1469,6.7840567
1443,1483,11.228728
1444,1471,5.846043
1444,1478,13.887028
1444,1491,10.452793
1445,1451,11.715774
1445,1458,5.8085217
1446,1468,6.052125
1446,1472,9.567283
1446,1492,13.845336
1447,1460,8.808031
1447,1480,13.142562
1447,1496,12.791121
1447,1501,12.879534
1448,1452,12.531021
1448,1475,8.468359
1448,1481,7.194731
1449,1493,10.9260845
1451,1508,11.993506
1452,1465,12.075594
1452,1475,8.8670225
1452,1487,11.200517
1452,1494,9.91837
1453,1457,10.537768
1453,1459,12.126254
1453,1503,14.942882
1453,1510,13.586334
1454,1467,11.240082
1454,1482,6.1489305
1454,1502,13.879567
1455,1476,5.79809
1456,1457,14.165957
1456,1461,8.087932
1456,1469,8.397189
1456,1488,9.895568
1456,1499,11.813322
1457,1461,6.4181023
1457,1488,11.184938
1457,1503,11.220531
1458,1507,12.617891
1459,1474,13.2859125
1459,1510,14.176257
1459,1520,13.79951
1460,1501,11.629059
1461,1488,6.4819384
1461,1499,14.206471
1461,1503,12.738568
1462,1466,6.9127088
1462,1504,14.759013
1462,1505,10.56296
1463,1473,13.599617
1463,1498,9.40321
1463,1506,11.810719
1464,1490,9.014691
1464,1497,8.139397
1465,1484,11.858645
1465,1487,6.8584204
1465,1494,14.031048
1465,1509,10.898459
1466,1477,10.576941
1466,1504,10.63343
1466,1505,13.263696
1467,1482,14.239512
1467,1502,8.689447
1468,1472,11.412652
1468,1492,7.7960434
1468,1511,14.725948
1469,1483,8.569354
1469,1488,14.005583
1469,1499,9.269379
1470,1477,9.697048
1470,1500,8.869723
1471,1478,14.577109
1471,1491,4.6071353
1471,1506,14.4059515
1473,1498,12.051035
1473,1521,11.254434
1474,1489,10.163154
1474,1495,7.6642957
1474,1515,10.019454
1475,1481,6.8337746
1475,1487,14.931081
1475,1494,8.121264
1476,1522,12.897949
1477,1500,6.3966227
1477,1504,7.1920595
1477,1536,14.203101
1479,1512,9.917744
1479,1513,12.476338
1479,1524,11.077212
1480,1496,7.5418334
1480,1526,14.695574
1481,1494,14.117494
1481,1516,12.695681
1482,1502,12.851726
1483,1499,13.724763
1483,1513,8.7317705
1483,1532,12.277438
1484,1487,14.270877
1484,1509,9.965825
1484,1519,10.997417
1484,1540,13.923934
1485,1512,10.780319
1485,1514,7.5004554
1486,1518,7.903037
1486,1519,14.049363
1486,1523,14.619427
1487,1494,8.100322
1487,1509,7.6233106
1487,1537,14.226616
1487,1542,14.894578
1488,1499,9.058985
1488,1503,10.868526
1488,1525,10.706075
1489,1492,14.033572
1489,1495,9.439755
1489,1511,8.0047245
1489,1534,11.259622
1489,1538,13.852857
1490,1497,6.568454
1491,1506,10.647203
1491,1555,14.718893
1492,1511,7.664758
1492,1538,13.002111
1493,1528,13.293796
1493,1530,12.500952
1493,1562,14.708651
1494,1509,13.835059
1494,1542,12.9318695
1494,1548,14.245544
1495,1511,14.767652
1495,1515,6.370954
1495,1533,12.489018
1495,1534,8.160263
1496,1501,8.45507
1496,1526,7.414069
1498,1506,8.2975445
1498,1521,9.703689
1498,1547,12.697205
1498,1552,12.226319
1499,1525,13.935717
1499,1532,11.737911
1499,1544,10.963379
1500,1504,9.5915
1500,1536,9.976063
1501,1526,7.313819
1502,1516,14.540017
1502,1541,14.64142
1503,1510,11.884717
1503,1525,8.847748
1503,1545,14.718218
1504,1505,12.251263
1504,1536,11.245455
1505,1551,10.48364
1506,1552,11.62879
1506,1559,12.4635315
1507,1517,13.686432
1507,1529,9.447477
1508,1517,11.19258
1508,1523,9.102624
1508,1558,11.8964815
1509,1537,8.126783
1509,1540,11.892045
1509,1542,13.31427
1510,1520,6.1653743
1510,1533,14.587157
1510,1545,10.86695
1510,1546,12.709974
1511,1534,11.372684
1511,1538,7.9673076
1512,1514,9.313211
1512,1524,12.121508
1512,1549,11.441948
1512,1560,14.497709
1513,1524,6.7676115
1513,1532,11.497226
1513,1560,13.45173
1513,1567,14.277222
1514,1549,8.592629
1515,1520,10.923858
1515,1533,6.9648
1515,1534,12.498336
1515,1546,14.241553
1516,1541,7.4989796
1517,1558,12.830632
1517,1566,10.238568
1517,1594,14.870481
1518,1519,9.339383
1518,1523,14.189064
1518,1568,11.571527
1519,1540,10.501749
1519,1578,13.089508
1520,1533,8.559605
1520,1545,11.764836
1520,1546,8.975819
1521,1547,7.6800604
1521,1552,13.04214
1522,1530,11.54871
1522,1531,8.434446
1522,1543,6.762544
1522,1570,12.759285
1522,1571,11.500599
1523,1558,10.794274
1523,1575,12.529433
1524,1560,7.838859
1525,1544,11.324479
1525,1598,13.472559
1527,1554,8.349213
1527,1573,14.110667
1527,1585,13.771436
1528,1553,9.974523
1528,1562,13.537852
1528,1563,7.843513
1528,1569,8.437119
1528,1596,14.308881
1528,1604,14.643467
1529,1557,11.713385
1529,1577,9.94135
1529,1587,12.68867
1530,1543,8.446511
1530,1562,7.1235194
1530,1570,8.689147
1530,1571,14.976209
1531,1543,10.114387
1531,1570,14.988019
1531,1571,8.577673
1531,1605,12.490185
1532,1544,11.84621
1532,1567,7.1385975
1532,1581,10.327577
1533,1546,7.5934653
1534,1538,8.981186
1534,1572,10.980841
1535,1554,13.109054
1535,1561,9.507984
1535,1573,8.072751
1535,1603,13.776006
1537,1540,8.347954
1537,1542,9.219066
1537,1583,14.203611
1538,1572,8.008916
1539,1553,9.417105
1539,1579,8.661571
1539,1596,14.278788
1539,1612,14.929567
1540,1578,9.570451
1540,1608,13.858943
1541,1595,9.3062315
1542,1548,10.146749
1542,1583,7.868148
1542,1588,13.497018
1543,1562,13.148735
1543,1570,6.048302
1543,1571,7.075549
1543,1609,11.701047
1544,1567,14.328306
1544,1581,10.466316
1544,1606,12.4867
1545,1546,8.587109
1545,1598,14.600144
1547,1552,7.4642496
1547,1591,10.5328245
1548,1583,10.759853
1548,1588,8.603263
1548,1611,12.382073
1549,1589,8.53047
1549,1615,13.219574
1550,1564,11.92013
1550,1585,13.990785
1550,1623,12.871848
1551,1565,13.725267
1551,1574,7.960372
1552,1559,10.133441
1552,1591,8.71997
1552,1593,11.297936
1553,1563,13.330162
1553,1569,6.760061
1553,1579,13.041865
1553,1596,7.614746
1553,1604,14.210033
1553,1614,12.58237
1554,1573,7.0569634
1554,1585,10.443393
1555,1559,8.677066
1555,1610,9.22159
1556,1582,9.110238
1556,1600,7.0154014
1557,1577,8.521966
1557,1607,11.193427
1558,1566,8.583261
1558,1575,13.991925
1558,1584,7.783136
1558,1601,10.512338
1558,1619,13.882578
1559,1591,13.7149
1559,1593,9.529757
1559,1610,13.21786
1559,1626,13.699732
1560,1589,14.888158
1560,1597,8.197457
1561,1573,13.540599
1561,1603,10.806223
1561,1622,12.409629
1562,1563,8.650405
1562,1570,9.561648
1563,1569,7.418681
1563,1596,13.192172
1563,1604,8.62501
1564,1616,11.992946
1564,1639,13.911345
1565,1574,7.6762214
1565,1613,10.298537
1566,1584,5.6761856
1566,1594,7.501512
1566,1619,12.730225
1567,1581,6.550605
1567,1590,10.539849
1567,1606,13.537738
1568,1575,9.105162
1568,1578,11.263201
1568,1628,14.219206
1568,1629,11.704652
1568,1630,13.469303
1569,1596,6.2824907
1569,1604,7.900093
1569,1614,12.572512
1570,1571,8.288798
1570,1609,8.503325
1571,1605,8.414658
1571,1609,6.9969726
1572,1617,8.34876
1572,1621,13.778203
1573,1603,10.44393
1574,1613,8.158469
1575,1601,7.9550295
1575,1628,9.9084425
1575,1629,12.065266
1576,1586,11.378319
1576,1602,4.7950997
1576,1632,11.672865
1577,1587,10.003975
1577,1607,11.608534
1577,1627,9.763225
1578,1608,6.802968
1578,1630,12.225069
1578,1642,13.877193
1579,1580,12.54103
1579,1596,12.902954
1579,1612,6.3414116
1579,1614,10.637975
1579,1620,11.1455965
1579,1643,12.678395
1580,1595,14.970503
1580,1612,13.14669
1580,1620,7.6560163
1580,1640,12.433839
1580,1651,13.896026
1580,1652,14.717212
1581,1590,10.314348
1581,1606,7.207306
1581,1645,13.704187
1582,1600,7.520984
1582,1646,11.811547
1582,1655,13.673494
1583,1588,8.060963
1583,1624,7.9382253
1583,1637,11.420263
1583,1638,13.798463
1584,1594,10.107499
1584,1601,11.109224
1584,1619,7.4574585
1585,1623,10.405777
1585,1663,12.384228
1586,1599,12.715497
1586,1602,11.361583
1586,1636,12.578901
1586,1659,14.149109
1587,1594,8.808761
1587,1627,11.213733
1587,1633,9.802925
1587,1662,13.805785
1588,1611,7.874221
1588,1624,9.309235
1588,1638,9.341459
1588,1649,14.010658
1589,1597,13.552462
1589,1615,6.856315
1589,1654,12.894131
1590,1597,13.715082
1590,1606,12.150269
1590,1635,13.612093
1590,1645,12.273894
1590,1650,10.243784
1591,1593,7.3506374
1591,1626,14.584594
1592,1622,14.684779
1592,1631,9.245886
1593,1626,7.8163743
1594,1619,13.951177
1594,1633,11.589883
1595,1611,14.163962
1595,1640,12.585661
1596,1604,9.2101555
1596,1612,14.198299
1596,1614,6.3090425
1596,1647,11.2066345
1597,1635,7.3467574
1597,1650,12.565208
1598,1648,11.845416
1599,1636,8.728116
1599,1658,12.053141
1600,1625,10.280719
1600,1646,13.230735
1601,1619,10.61484
1601,1628,9.609825
1602,1607,14.345222
1602,1632,7.9655743
1602,1659,12.510931
1603,1622,9.350653
1603,1657,11.69013
1604,1614,13.252447
1604,1647,11.561894
1604,1656,9.946252
1605,1609,9.238399
1605,1653,12.2200365
1606,1645,7.9240193
1607,1627,12.05623
1607,1632,9.945637
1608,1630,9.093051
1608,1634,9.462859
1608,1642,7.4895205
1608,1678,13.833462
1609,1644,11.20152
1609,1653,9.495706
1610,1618,7.6174717
1610,1626,11.709434
1611,1638,10.850995
1611,1649,9.799872
1612,1614,9.1704645
1612,1620,7.916855
1612,1643,6.643308
1612,1651,13.44767
1612,1652,9.270899
1612,1675,14.7068815
1613,1641,9.381263
1614,1643,9.36277
1614,1647,8.396468
1614,1679,14.247911
1615,1654,7.4543214
1616,1639,9.327693
1616,1661,10.614906
1617,1621,8.06282
1617,1666,10.442825
1618,1626,13.7765
1618,1641,8.951056
1619,1671,12.1889715
1620,1640,10.7795925
1620,1643,11.397317
1620,1651,7.8327255
1620,1652,7.129595
1620,1674,14.652762
1620,1675,12.9978
1621,1666,13.290752
1622,1631,8.960526
1622,1657,7.854251
1622,1667,14.844317
1622,1682,13.610344
1623,1663,12.670254
1623,1664,14.404871
1623,1668,10.798552
1624,1637,6.6059127
1624,1638,8.010181
1624,1670,14.764748
1624,1687,13.851437
1625,1658,12.765326
1625,1676,12.109834
1626,1673,10.066379
1627,1633,11.974448
1627,1662,10.35696
1627,1665,8.860901
1627,1697,13.369151
1628,1629,6.2845426
1628,1630,14.120212
1628,1660,8.936068
1628,1671,13.361673
1628,1684,12.113713
1629,1630,7.847398
1629,1660,6.2882485
1629,1677,12.5408745
1629,1684,13.584376
1630,1642,7.5046554
1630,1660,9.59301
1630,1677,10.54385
1630,1678,12.864601
1630,1690,13.0610695
1631,1657,12.645871
1631,1667,7.9396706
1631,1682,11.263256
1632,1659,13.458728
1632,1689,14.219514
1633,1662,5.913817
1633,1665,11.541629
1633,1683,11.221837
1633,1691,14.01431
1634,1637,10.789709
1634,1642,9.16757
1634,1670,8.980374
1634,1678,11.032133
1634,1695,13.274756
1635,1650,6.9898467
1636,1658,8.454178
1636,1659,13.0714245
1637,1638,13.613063
1637,1670,8.76632
1637,1687,14.200445
1637,1704,14.901328
1638,1649,8.310137
1638,1685,8.984687
1638,1687,11.730982
1639,1661,9.586555
1639,1664,7.543679
1640,1651,7.571607
1640,1652,12.502428
1640,1674,8.267128
1640,1675,14.765655
1640,1705,14.634977
1642,1660,14.970551
1642,1677,11.585725
1642,1678,6.6743736
1642,1690,10.1521635
1642,1695,14.017774
1642,1708,13.564385
1643,1647,12.304557
1643,1651,12.972005
1643,1652,7.6468267
1643,1675,10.614814
1643,1679,12.494819
1644,1653,9.535058
1644,1680,12.012459
1644,1692,11.923181
1644,1707,12.987367
1645,1681,7.4730706
1646,1655,5.5872626
1646,1709,13.956192
1647,1656,10.954836
1647,1672,7.3239994
1647,1679,7.8672643
1647,1698,12.805851
1647,1706,12.67491
1648,1693,9.86014
1648,1703,12.974487
1649,1685,9.438606
1649,1702,11.933698
1651,1652,5.328715
1651,1674,7.1131096
1651,1675,7.5330358
1651,1705,12.338187
1651,1714,14.136176
1652,1674,11.727044
1652,1675,6.0969477
1653,1692,8.839302
1655,1709,14.867955
1656,1672,8.736395
1656,1679,14.934357
1656,1680,7.746756
1656,1698,9.649262
1656,1706,13.82184
1657,1667,14.302925
1657,1682,9.379319
1657,1686,10.421075
1657,1718,14.792032
1658,1676,14.442617
1658,1712,14.81908
1660,1677,7.576295
1660,1684,8.51734
1660,1690,13.44426
1661,1664,12.991451
1661,1719,14.509882
1662,1665,6.0605526
1662,1683,10.534118
1662,1691,9.085274
1662,1697,13.77359
1663,1668,10.768028
1663,1688,8.376093
1663,1699,12.6045685
1663,1716,14.2661295
1664,1668,10.572226
1664,1700,9.46597
1664,1719,13.507305
1665,1691,9.397421
1665,1697,7.7922797
1665,1733,14.43824
1666,1696,10.389188
1667,1682,7.135539
1667,1701,10.585621
1668,1688,11.96752
1668,1700,9.75123
1669,1673,12.994764
1669,1711,12.141523
1670,1678,12.53707
1670,1687,14.471193
1670,1695,8.486251
1670,1704,9.621725
1671,1684,10.282701
1671,1694,11.847217
1672,1679,6.575461
1672,1680,12.4600115
1672,1698,5.5610247
1672,1706,6.183648
1672,1724,13.309199
1672,1729,11.665854
1673,1711,10.462328
1674,1675,10.108106
1674,1705,6.4207773
1674,1714,10.969239
1675,1705,11.324573
1675,1714,9.365829
1675,1715,10.3504
1676,1717,13.158775
1676,1723,9.893052
1677,1678,10.917233
1677,1684,12.176084
1677,1690,6.0378046
1677,1708,12.083249
1678,1690,6.1580944
1678,1695,8.125983
1678,1708,7.1091437
1678,1737,14.873457
1679,1698,10.732799
1679,1706,7.3888745
1679,1715,13.189542
1679,1724,10.123304
1679,1729,13.754821
1680,1698,9.266997
1680,1706,14.575267
1680,1707,9.348587
1680,1729,14.545805
1680,1739,14.879599
1681,1710,8.124561
1681,1725,14.024483
1681,1732,13.456031
1682,1718,12.37782
1683,1691,9.369743
1683,1694,8.371425
1684,1727,10.428658
1685,1687,7.184494
1685,1702,8.305093
1685,1728,11.238317
1686,1699,11.294706
1686,1718,10.428038
1686,1736,12.074648
1687,1702,14.036742
1687,1704,9.029333
1687,1728,13.361825
1688,1699,6.781311
1688,1716,5.8934593
1689,1697,8.518941
1689,1713,6.6730604
1689,1742,13.771062
1690,1695,11.967969
1690,1708,6.1857886
1690,1737,13.122296
1691,1697,13.165208
1691,1733,10.560428
1692,1707,9.431791
1692,1730,12.181565
1692,1731,9.279652
1693,1703,8.633616
1693,1732,13.073242
1693,1753,14.338487
1694,1734,13.027095
1695,1704,11.436679
1695,1708,7.449806
1695,1737,11.687222
1695,1754,13.880247
1696,1701,13.345017
1696,1735,10.99405
1696,1756,14.580755
1697,1713,13.264726
1697,1733,11.511479
1698,1706,5.3090134
1698,1724,13.169252
1698,1729,7.4266443
1698,1739,14.490151
1698,1752,14.264261
1699,1716,6.884055
1699,1736,12.502608
1700,1719,11.07843
1701,1750,11.732378
1702,1728,7.173925
1702,1747,13.799208
1702,1763,14.726281
1702,1764,14.90295
1703,1753,12.408744
1704,1746,10.054056
1704,1754,14.967222
1705,1714,6.360905
1705,1738,11.621094
1706,1724,7.994006
1706,1729,6.4429803
1706,1752,12.591163
1707,1730,6.838016
1707,1731,11.889679
1707,1739,11.543959
1707,1760,13.414137
1708,1737,7.855283
1708,1754,14.664048
1709,1717,4.5816336
1709,1723,12.492647
1709,1751,10.534065
1710,1725,8.213656
1710,1732,9.229633
1710,1766,11.850778
1711,1740,7.367793
1711,1773,14.366388
1712,1726,7.3438478
1713,1742,7.2260594
1714,1715,10.356442
1714,1738,6.705985
1714,1770,14.617192
1715,1724,10.693543
1715,1738,11.457995
1715,1749,9.069159
1715,1770,13.416825
1716,1757,10.45762
1716,1769,14.5630665
1717,1723,7.9689994
1717,1751,8.772194
1717,1777,14.866799
1718,1736,9.72675
1718,1744,9.040575
1720,1722,9.769678
1720,1745,7.8899107
1720,1761,9.754543
1720,1776,14.071357
1721,1743,11.41464
1721,1755,8.265911
1722,1761,10.065016
1723,1751,12.067788
1723,1777,14.282435
1724,1729,9.880775
1724,1749,8.06855
1724,1752,11.882428
1724,1789,14.160539
1725,1743,9.089424
1725,1766,11.32868
1725,1768,10.182641
1726,1748,10.305645
1727,1734,9.910145
1727,1774,10.309459
1728,1747,13.26396
1728,1763,8.105303
1728,1764,10.939109
1729,1739,10.868715
1729,1752,6.861279
1729,1791,13.973294
1730,1731,8.629254
1730,1739,8.825366
1730,1760,6.659489
1730,1765,12.976547
1731,1760,11.165189
1731,1765,8.048552
1731,1772,14.404473
1732,1753,13.508311
1732,1766,12.910074
1732,1778,11.283771
1732,1783,14.428307
1733,1762,10.912178
1733,1771,9.461641
1734,1774,12.81771
1735,1756,14.122952
1736,1769,9.830889
1737,1754,8.835307
1737,1781,13.681012
1737,1782,10.55601
1738,1749,13.312363
1738,1770,8.56393
1739,1752,10.716623
1739,1760,9.390775
1739,1791,14.332764
1739,1795,12.164385
1740,1773,8.332552
1740,1793,13.823545
1740,1796,11.759101
1742,1748,13.875864
1742,1762,12.476017
1743,1755,9.736449
1743,1766,14.230782
1743,1768,7.551704
1743,1803,12.901179
1744,1758,8.537936
1744,1806,13.736081
1745,1759,8.276499
1745,1761,11.285759
1745,1776,7.2347794
1745,1780,14.317958
1746,1754,8.371788
1746,1790,10.992359
1747,1763,12.995197
1747,1764,6.6839466
1747,1787,8.810954
1747,1788,13.720556
1747,1794,10.875171
1749,1770,8.809745
1749,1789,8.805099
1750,1756,6.531804
1750,1758,12.079061
1750,1785,8.375199
1751,1777,7.491559
1751,1797,11.641682
1752,1789,14.865217
1752,1791,7.1144304
1753,1775,8.265885
1753,1778,14.697993
1753,1783,8.698227
1754,1782,12.538287
1754,1790,8.158318
1754,1816,13.723315
1755,1810,11.305383
1755,1818,14.581041
1756,1785,11.233334
1756,1800,11.118566
1756,1824,13.664284
1757,1769,11.108417
1758,1785,8.91225
1758,1806,11.05166
1759,1767,10.702581
1759,1776,8.172785
1759,1780,7.81996
1759,1811,14.505343
1760,1765,10.726453
1760,1795,9.313945
1760,1802,9.641171
1760,1804,12.811455
1761,1776,12.185292
1762,1771,12.757896
1763,1764,7.0465693
1763,1794,11.690606
1763,1813,10.436224
1764,1787,9.687764
1764,1794,7.009352
1764,1813,13.39712
1764,1820,13.76623
1764,1831,14.581562
1765,1772,9.156785
1765,1792,7.3349314
1765,1802,11.4664755
1765,1804,8.359252
1766,1768,7.7738104
1766,1778,10.508079
1766,1803,12.685855
1766,1819,12.416345
1767,1780,9.975135
1767,1793,13.542108
1767,1809,12.778864
1767,1811,9.420602
1768,1803,7.7935724
1768,1818,14.429576
1770,1789,10.321907
1770,1823,11.46793
1771,1786,12.510597
1771,1829,14.801403
1772,1792,6.2151713
1772,1804,12.586601
1773,1793,6.082406
1773,1796,12.284192
1773,1809,12.714359
1774,1801,11.803672
1774,1812,9.214818
1774,1817,13.474194
1774,1838,13.971072
1775,1783,10.963108
1775,1805,7.4845805
1775,1845,14.203817
1776,1780,9.563994
1777,1797,10.95538
1778,1783,8.488609
1778,1819,11.2502575
1778,1821,10.342587
1779,1808,7.751636
1779,1842,13.489724
1780,1811,7.86709
1781,1782,7.8642178
1781,1801,8.021828
1781,1812,14.085498
1781,1814,6.2343683
1781,1830,12.710359
1782,1790,13.414586
1782,1801,14.239202
1782,1814,9.667794
1782,1816,8.325225
1782,1830,11.370352
1783,1821,9.128037
1783,1845,14.316315
1784,1807,12.543912
1784,1826,11.66561
1785,1806,12.0085535
1785,1824,13.402193
1786,1799,6.837702
1786,1829,10.2929945
1786,1837,12.093892
1787,1788,7.585567
1787,1794,6.62977
1787,1820,7.9799175
1787,1822,14.201487
1787,1831,14.223321
1787,1840,11.86548
1788,1794,13.960761
1788,1820,12.153599
1788,1822,8.677279
1788,1840,12.508998
1789,1791,13.266443
1789,1823,11.256077
1790,1816,9.270641
1790,1827,8.9323015
1791,1795,13.494613
1791,1841,14.514462
1792,1802,12.633689
1792,1804,6.6050687
1792,1825,12.938581
1792,1835,10.44767
1793,1796,12.753195
1793,1809,6.692679
1794,1813,11.863183
1794,1820,6.9167175
1794,1831,8.761542
1794,1840,12.726592
1794,1856,13.774154
1795,1802,8.4457655
1795,1804,14.581214
1795,1832,7.0834084
1795,1841,11.400038
1797,1834,9.851412
1799,1817,8.484869
1799,1829,14.124723
1799,1837,8.863445
1799,1849,14.6873665
1800,1824,10.11572
1800,1826,12.332686
1800,1855,12.836305
1801,1812,6.533033
1801,1814,5.3306956
1801,1830,11.880723
1801,1838,13.087567
1801,1852,10.49143
1802,1804,6.2240305
1802,1832,9.821689
1802,1835,11.99777
1802,1850,10.4183445
1803,1818,7.7024503
1803,1819,13.287102
1804,1825,14.169368
1804,1835,8.242252
1804,1850,11.386107
1805,1807,10.040152
1805,1845,11.841046
1805,1846,10.046709
1807,1846,12.16727
1807,1857,11.361955
1808,1842,10.355303
1809,1811,10.070317
1810,1818,9.023384
1810,1828,12.235473
1812,1814,11.655844
1812,1817,13.957218
1812,1838,7.106668
1812,1852,10.319804
1812,1866,14.3642
1813,1831,8.930169
1813,1851,10.239702
1813,1858,12.848985
1814,1816,13.985749
1814,1830,7.447641
1814,1852,11.611318
1814,1860,13.888789
1815,1836,6.9420333
1815,1843,14.815934
1815,1844,12.971122
1816,1827,9.225179
1816,1830,10.378054
1816,1853,9.476774
1816,1860,13.720167
1817,1837,10.1003475
1817,1838,10.80292
1817,1849,8.68361
1819,1821,12.151121
1819,1859,11.900524
1820,1822,13.875119
1820,1831,8.280538
1820,1840,5.863898
1820,1856,7.954699
1820,1858,13.453243
1821,1845,11.8832245
1821,1859,9.356707
1822,1840,10.240665
1822,1867,11.075341
1823,1854,7.2592077
1824,1855,12.786541
1824,1880,13.918872
1825,1835,7.330203
1825,1850,14.708503
1825,1873,14.252412
1825,1876,9.060997
1826,1855,11.152261
1827,1853,8.928814
1827,1871,11.430639
1828,1863,7.7008066
1829,1837,11.832656
1829,1847,8.470224
1829,1865,10.655887
1829,1872,11.397235
1830,1852,11.648006
1830,1853,11.701146
1830,1860,6.808761
1830,1882,12.235599
1831,1840,12.357724
1831,1851,11.873648
1831,1856,8.827465
1831,1858,7.0920157
1832,1841,6.1680384
1832,1850,10.992687
1832,1862,10.344177
1832,1864,9.123579
1832,1890,14.9842205
1833,1839,12.524597
1834,1861,14.952833
1835,1850,8.236841
1835,1873,10.900504
1835,1876,11.09417
1836,1844,6.6069927
1836,1870,12.877947
1837,1849,9.67573
1837,1865,10.235145
1837,1875,11.404586
1838,1849,8.816483
1838,1852,10.809918
1838,1866,7.6977944
1839,1892,12.728488
1840,1856,6.643251
1840,1867,9.209404
1840,1885,12.590227
1841,1862,5.3642387
1841,1864,10.035383
1841,1890,13.462655
1841,1895,12.887318
1842,1883,12.095072
1842,1889,11.468728
1843,1870,13.045746
1845,1846,9.662694
1845,1877,12.26301
1846,1857,7.531305
1846,1877,9.197731
1847,1865,12.754379
1847,1872,8.215258
1847,1901,14.951118
1848,1878,9.498968
1849,1866,7.860506
1849,1875,8.6807575
1850,1864,7.891217
1850,1873,7.1033645
1850,1876,13.503776
1850,1890,13.547905
1850,1902,14.901217
1851,1858,9.011408
1851,1871,13.787414
1851,1884,9.39497
1851,1887,9.919136
1852,1860,12.73793
1852,1866,12.746103
1852,1882,11.762224
1852,1897,14.391985
1852,1904,13.210961
1853,1860,9.418686
1853,1871,12.873505
1853,1882,14.986112
1853,1894,9.785449
1854,1868,12.286874
1854,1888,11.027441
1855,1880,8.297035
1855,1891,10.083406
1856,1858,8.863057
1856,1867,11.884564
1856,1885,9.385752
1856,1899,12.872296
1857,1869,9.459096
1857,1877,11.557583
1858,1884,8.72327
1858,1885,14.520923
1858,1887,14.935101
1858,1899,9.990194
1859,1886,7.5917645
1860,1882,6.6125402
1860,1894,9.421273
1862,1864,9.074182
1862,1890,9.620368
1862,1895,7.550748
1864,1873,9.782157
1864,1890,6.6617746
1864,1895,13.111951
1865,1872,6.9991446
1865,1875,11.754442
1865,1901,12.044156
1865,1903,9.515031
1865,1908,14.593932
1866,1875,11.3016815
1866,1897,9.271948
1866,1917,12.710361
1867,1885,9.547382
1868,1888,7.0769935
1868,1895,13.699209
1870,1907,13.517224
1871,1887,9.154617
1872,1901,7.8164573
1872,1903,11.170757
1873,1876,8.709644
1873,1890,11.943638
1873,1902,7.8011556
1873,1923,14.983112
1874,1881,7.2472296
1874,1920,13.788925
1874,1922,13.473644
1874,1932,14.2952795
1875,1903,12.037676
1875,1908,8.411183
1875,1917,11.627268
1876,1902,8.37402
1877,1898,11.355955
1877,1925,12.5398855
1878,1883,7.2399936
1878,1911,10.85731
1879,1892,13.443439
1879,1900,9.199437
1879,1919,14.277497
1880,1891,10.540128
1880,1909,9.538437
1881,1922,9.848732
1881,1932,13.206892
1882,1894,10.025192
1882,1904,9.413285
1882,1924,14.687242
1883,1889,8.8607025
1883,1929,14.482921
1884,1887,7.7993183
1884,1899,7.9609766
1884,1921,10.005959
1885,1899,10.682253
1886,1898,9.354115
1886,1915,13.104305
1887,1921,9.259863
1888,1930,10.301279
1889,1929,9.870698
1890,1895,9.035498
1890,1902,14.894335
1890,1914,11.872945
1890,1923,10.914741
1891,1909,13.968412
1891,1918,7.802658
1892,1919,8.465029
1892,1940,13.610315
1893,1912,6.9487686
1893,1927,12.493996
1894,1924,9.139921
1895,1914,7.696973
1895,1933,13.101812
1896,1906,10.363738
1896,1928,10.107512
1897,1904,8.678354
1897,1917,9.113857
1897,1935,12.444303
1897,1945,14.874373
1897,1952,12.040677
1898,1925,9.678669
1899,1921,13.435215
1899,1936,9.7537565
1899,1946,13.735569
1900,1916,8.228346
1901,1903,8.690258
1901,1910,11.941814
1901,1938,8.898887
1901,1944,13.337515
1902,1923,11.556877
1903,1908,8.373175
1903,1938,14.771291
1903,1939,10.050556
1903,1944,10.912709
1904,1935,8.557801
1904,1952,13.954412
1905,1926,7.1722374
1906,1912,13.123727
1906,1927,9.259937
1906,1962,13.396572
1907,1910,14.827068
1907,1913,6.9521737
1907,1942,8.988041
1907,1951,13.768609
1908,1917,8.886012
1908,1939,7.90806
1908,1944,12.941438
1908,1945,14.98019
1908,1949,10.991935
1909,1918,13.919487
1909,1950,13.793784
1910,1913,7.9298215
1910,1938,9.760559
1910,1943,7.9550843
1910,1951,11.374841
1911,1920,14.931946
1911,1956,12.929565
1912,1927,6.0004683
1912,1934,13.917592
1912,1962,13.610701
1912,1968,14.956378
1913,1942,10.033287
1913,1943,11.462597
1913,1951,9.715289
1914,1923,13.162835
1914,1933,9.093684
1914,1958,11.480668
1914,1973,14.711498
1915,1931,8.606987
1916,1950,11.351409
1916,1959,13.177623
1917,1939,13.5770035
1917,1945,9.683829
1917,1949,11.01586
1917,1952,11.55123
1918,1964,10.939548
1919,1940,9.813015
1919,1947,8.75109
1920,1922,13.612009
1920,1932,9.333423
1920,1941,7.121478
1920,1960,14.374143
1920,1974,12.990263
1921,1936,13.774527
1921,1946,9.551485
1921,1955,10.605628
1922,1932,5.153879
1922,1941,11.111472
1922,1960,10.277626
1923,1958,11.05532
1923,1967,11.560131
1925,1963,10.531077
1926,1937,10.61072
1926,1978,13.222694
1926,1987,14.716931
1927,1962,8.302732
1929,1954,9.280989
1930,1933,12.622023
1932,1941,5.9834504
1932,1960,7.5869713
1932,1974,14.023089
1932,1984,13.100041
1933,1973,10.372312
1934,1937,12.769436
1934,1968,10.518595
1935,1945,14.8170595
1935,1952,8.297618
1935,1969,9.206622
1935,1971,13.970218
1935,1981,11.830377
1936,1946,7.1489773
1936,1972,12.302251
1937,1987,13.406249
1938,1943,8.121847
1938,1944,11.7095375
1938,1951,14.810892
1938,1966,8.767247
1938,1970,8.683496
1938,1979,14.436519
1939,1944,6.0721445
1939,1945,14.305633
1939,1949,7.2794485
1939,1966,14.514018
1939,1980,12.941019
1939,1985,12.7812395
1940,1947,13.30871
1940,1948,11.178337
1940,1983,14.207164
1940,1989,12.85293
1941,1960,7.532278
1941,1974,8.352775
1941,1984,9.794613
1942,1943,14.593827
1942,1951,8.283639
1942,1995,12.263974
1943,1951,6.6968565
1943,1966,13.18308
1943,1970,8.755356
1943,1979,8.623019
1943,1996,14.690855
1944,1949,12.217757
1944,1966,8.56649
1944,1970,14.164543
1944,1980,9.030716
1944,1985,13.630236
1945,1949,7.4264345
1945,1952,6.5324397
1945,1969,12.399041
1945,1971,7.4162216
1945,1985,13.83086
1945,1997,10.635452
1946,1955,12.052184
1947,1959,11.059672
1947,1976,7.9466863
1947,1983,8.662739
1948,1954,7.991795
1948,1989,12.690999
1949,1952,13.877279
1949,1971,13.242423
1949,1985,9.528698
1949,1997,13.527264
1950,1959,14.884242
1950,1977,10.58011
1950,1982,14.249031
1950,2006,13.495623
1951,1970,13.547989
1951,1979,8.352171
1951,1995,12.575591
1952,1969,8.038536
1952,1971,7.645507
1952,1981,14.768607
1952,1997,13.149068
1953,1967,13.441304
1953,1986,8.703837
1953,2005,14.148899
1955,1992,13.129054
1957,1972,12.791586
1958,1967,13.059676
1958,1973,13.344373
1958,1998,10.522821
1958,2003,12.852297
1959,1976,7.949573
1960,1974,11.099704
1960,1984,6.6533155
1961,1965,9.632289
1961,1990,7.3403144
1962,1968,14.137786
1962,1994,12.073426
1963,2000,13.508771
1964,1982,11.132022
1964,1993,8.186844
1964,2016,14.422149
1965,1978,12.276344
1965,1990,11.750153
1966,1970,5.949874
1966,1979,14.256691
1966,1980,7.2048936
1966,1996,9.958978
1966,1999,9.18185
1967,1986,8.32199
1967,1998,11.284728
1967,2004,11.095813
1968,1994,7.9344482
1969,1971,7.0984564
1969,1981,7.339224
1969,1997,11.877881
1969,2009,10.674532
1970,1979,8.331936
1970,1980,12.225518
1970,1996,7.1350436
1970,1999,10.270358
1970,2008,11.747377
1971,1981,14.012024
1971,1997,5.729397
1971,2009,8.962981
1973,2003,13.882099
1973,2020,13.880132
1974,1984,7.1821384
1976,1983,7.9331656
1976,2007,10.549792
1977,1982,5.884583
1977,1993,13.5331545
1977,2006,11.412399
1977,2032,13.369038
1978,1987,7.9917436
1979,1995,12.33066
1979,1996,9.398364
1979,2008,8.18126
1979,2021,12.367171
1980,1985,10.059418
1980,1996,12.431355
1980,1999,7.6382494
1980,2013,9.03119
1981,2009,13.547767
1981,2015,10.086708
1981,2023,14.255445
1982,1993,9.339444
1982,2016,14.440718
1983,1989,12.604474
1983,2007,7.2583013
1985,1997,11.576522
1985,2013,9.7553215
1985,2014,9.59369
1986,2004,11.704929
1986,2005,9.740715
1988,1992,10.77927
1988,2015,13.888114
1989,2007,14.777151
1989,2030,12.076322
1990,2031,12.798899
1992,2019,12.371534
1993,2016,6.64175
1994,2018,12.514879
1995,2002,10.005092
1995,2008,14.644962
1995,2021,9.697413
1996,1999,6.1858926
1996,2008,6.640661
1996,2028,10.564537
1997,2009,7.159047
1997,2014,9.744607
1997,2047,14.926516
1998,2003,8.26112
1998,2004,7.2761583
1998,2029,10.74638
1999,2008,12.142189
1999,2013,9.510382
1999,2028,12.86058
1999,2036,12.479603
2000,2025,9.694952
2000,2037,14.855445
2001,2011,9.416341
2003,2004,14.168807
2003,2020,12.753249
2003,2029,9.613079
2004,2029,11.005587
2004,2060,14.583068
2005,2057,13.054182
2006,2022,8.500689
2006,2026,14.940692
2006,2032,9.89343
2007,2026,14.542403
2007,2030,10.741134
2007,2041,10.931256
2007,2055,13.475414
2008,2021,8.405126
2008,2028,7.5800714
2008,2040,11.678907
2009,2014,13.178395
2009,2023,8.742629
2009,2047,12.974962
2009,2052,12.433496
2010,2012,9.155399
2011,2016,13.255636
2013,2014,11.203083
2013,2036,7.2937303
2013,2058,14.619334
2014,2036,14.179844
2014,2047,9.908945
2014,2058,13.710053
2014,2059,11.875011
2015,2023,9.552262
2015,2048,10.431432
2015,2053,12.241038
2017,2064,14.292265
2018,2046,11.829226
2019,2050,12.14524
2021,2028,11.30971
2021,2040,9.160429
2021,2044,8.933573
2022,2026,7.207974
2022,2032,13.613315
2022,2063,10.63225
2023,2047,14.241186
2023,2048,8.418217
2023,2052,8.554202
2023,2075,13.898371
2024,2031,13.294487
2024,2038,11.113899
2024,2061,10.151727
2025,2037,6.8373556
2025,2049,10.868967
2026,2041,9.319983
2026,2063,14.709126
2027,2073,12.556091
2028,2040,7.468691
2029,2060,11.057841
2029,2068,11.294654
2030,2041,13.970928
2030,2055,8.84185
2032,2063,12.423113
2033,2035,6.0140224
2033,2062,7.622305
2033,2079,14.1672535
2034,2039,9.918315
2034,2051,8.174668
2034,2054,5.9197917
2035,2062,6.28803
2035,2079,12.769581
2036,2058,9.644678
2036,2059,14.548992
2036,2072,11.179878
2038,2045,7.334272
2038,2061,7.7436085
2038,2074,11.223578
2038,2076,13.214336
2039,2054,6.7596736
2039,2069,10.862865
2040,2044,9.273848
2040,2083,13.428775
2041,2055,8.562205
2042,2065,6.2909718
2042,2071,12.256979
2044,2083,12.59169
2045,2061,12.74622
2045,2070,10.99847
2045,2074,12.769715
2045,2076,9.075072
2046,2066,6.062292
2046,2084,12.887147
2047,2052,7.84687
2047,2058,12.473423
2047,2059,6.723793
2047,2067,8.142115
2047,2080,12.677868
2048,2052,11.485075
2048,2053,8.825429
2048,2075,9.41902
2048,2077,13.859182
2049,2069,14.525471
2050,2078,14.915065
2050,2087,14.293752
2051,2054,11.404828
2052,2059,13.414972
2052,2067,9.633174
2052,2075,9.715979
2052,2080,9.685872
2052,2088,14.443029
2053,2077,8.252761
2054,2069,12.437471
2058,2059,6.1918774
2058,2067,12.913296
2058,2072,7.317583
2058,2085,9.1048155
2059,2067,7.515824
2059,2072,12.941608
2059,2080,13.729741
2059,2085,10.853984
2059,2099,14.973037
2060,2068,10.917448
2060,2082,8.367866
2061,2074,6.1051903
2061,2076,13.3851185
2061,2081,8.930988
2061,2095,12.594209
2062,2079,6.840388
2062,2101,13.348858
2063,2091,10.809576
2064,2089,8.976233
2065,2071,9.120306
2065,2093,9.97776
2066,2084,7.7224183
2066,2113,14.035803
2067,2075,13.234869
2067,2080,6.2334394
2067,2085,12.497457
2067,2088,13.281265
2067,2099,8.540594
2068,2082,10.230333
2068,2103,13.153995
2068,2116,14.22209
2069,2109,12.32211
2070,2076,7.8577976
2071,2093,9.705469
2071,2111,10.098904
2072,2085,8.14773
2072,2115,13.260922
2074,2076,9.16028
2074,2081,7.8951955
2074,2095,6.508853
2074,2110,11.448063
2074,2122,13.747234
2075,2080,7.9945393
2075,2088,6.683669
2075,2099,13.503742
2075,2108,12.931605
2076,2095,8.733549
2076,2122,13.623164
2077,2097,7.65692
2077,2108,11.794224
2077,2117,11.4601755
2078,2087,7.6060824
2078,2118,14.120729
2079,2101,7.094433
2080,2088,7.0866776
2080,2099,6.4288006
2081,2095,10.698559
2081,2102,8.028353
2081,2110,8.166468
2082,2116,9.523775
2082,2132,13.783357
2083,2114,8.726036
2084,2107,11.22714
2084,2113,11.751346
2085,2099,13.579215
2085,2115,7.9630027
2085,2134,13.233863
2086,2100,14.709516
2087,2139,13.186543
2088,2099,9.265503
2088,2108,11.006708
2088,2136,11.082185
2088,2137,14.260619
2089,2118,7.819441
2089,2126,8.182926
2089,2128,14.62775
2091,2096,8.458747
2091,2127,9.206493
2091,2130,9.733653
2092,2106,13.463134
2092,2121,9.828793
2093,2111,10.309173
2093,2123,9.839809
2093,2138,11.045052
2095,2110,8.804955
2095,2122,7.2765307
2096,2120,9.198273
2096,2127,6.728525
2096,2130,13.891441
2096,2150,14.746724
2097,2108,12.7336445
2097,2117,6.52982
2099,2134,12.288552
2099,2136,12.394471
2099,2137,10.013817
2100,2104,8.296641
2100,2143,11.385214
2101,2140,12.861032
2102,2106,9.368979
2102,2110,8.260139
2103,2116,13.649062
2103,2129,9.473302
2103,2148,12.669047
2104,2119,11.510412
2104,2143,13.254868
2105,2107,6.2045727
2105,2125,6.2133265
2106,2121,7.394485
2107,2125,5.7944226
2108,2117,9.039195
2108,2136,14.236956
2108,2142,9.700838
2109,2155,13.5772295
2110,2122,9.959513
2110,2159,14.230342
2111,2131,8.783654
2111,2138,12.970252
2112,2157,14.583642
2113,2123,8.793633
2115,2134,8.175071
2115,2165,14.626482
2116,2132,10.22634
2116,2148,14.489072
2116,2162,12.438402
2117,2142,12.137371
2117,2161,14.780407
2118,2126,6.9681034
2118,2139,13.384001
2119,2133,6.6083236
2120,2127,10.235569
2120,2150,10.588347
2120,2158,11.223664
2121,2164,13.723255
2122,2159,14.80704
2122,2173,14.896563
2123,2138,7.923728
2123,2160,11.330045
2124,2135,7.503162
2125,2168,14.117865
2126,2128,10.7402315
2126,2152,14.795293
2126,2175,12.656561
2127,2130,8.728215
2127,2141,13.869902
2127,2149,9.588139
2127,2150,9.788507
2128,2152,7.871042
2128,2175,14.391521
2128,2176,14.6208
2129,2147,10.258014
2129,2148,12.755457
2130,2141,5.818478
2130,2149,8.549872
2130,2150,14.903155
2132,2146,11.121371
2132,2154,7.19387
2132,2162,11.859907
2133,2141,11.585485
2133,2171,14.877496
2134,2137,8.415472
2134,2165,14.707489
2134,2186,14.096819
2135,2140,12.335928
2136,2137,7.259986
2136,2142,11.242657
2136,2187,12.76887
2137,2186,13.500165
2138,2160,9.920051
2139,2172,9.318065
2141,2149,9.174013
2141,2184,10.786969
2142,2174,13.219937
2142,2187,13.480253
2142,2195,13.804352
2143,2144,14.896602
2143,2163,10.539557
2143,2170,11.189976
2143,2179,9.146794
2144,2157,13.289547
2144,2163,7.3253684
2144,2170,13.426842
2144,2183,10.720375
2144,2189,9.442139
2145,2153,7.36554
2145,2166,12.699874
2145,2191,11.157831
2145,2192,10.594619
2146,2154,8.108864
2147,2148,11.024052
2147,2188,9.426836
2148,2162,12.298581
2149,2150,8.441383
2149,2184,10.604617
2149,2190,8.808885
2150,2158,7.4461155
2150,2190,8.331395
2150,2194,11.412182
2152,2153,13.276178
2152,2166,10.704448
2152,2175,10.555887
2152,2176,7.9314075
2152,2196,11.193367
2153,2166,6.3907313
2153,2192,11.361525
2153,2196,14.342806
2154,2162,9.849075
2155,2156,12.988753
2155,2198,13.559578
2156,2178,7.154321
2156,2193,14.619706
2156,2198,10.572207
2156,2209,13.117262
2157,2183,7.849579
2157,2197,12.479755
2157,2203,10.080853
2158,2190,11.99543
2158,2194,8.813949
2159,2173,10.143921
2159,2180,5.4492455
2159,2185,5.8983183
2159,2200,11.118397
2159,2213,11.476498
2160,2182,10.071733
2160,2210,11.192922
2161,2174,8.375007
2161,2214,14.452364
2163,2170,6.1647377
2163,2179,12.823457
2163,2183,13.596872
2163,2189,5.818472
2163,2215,12.222765
2164,2199,14.604875
2166,2176,13.933309
2166,2192,10.94598
2166,2196,7.9995627
2167,2173,10.071704
2167,2200,14.214829
2167,2205,9.934948
2167,2225,13.68308
2168,2181,7.5998707
2168,2201,6.7156906
2168,2204,9.098746
2168,2229,12.139523
2168,2238,14.196383
2169,2177,7.8267817
2169,2193,13.382423
2169,2217,11.201546
2169,2219,9.064413
2170,2179,8.506016
2170,2189,7.5261865
2170,2215,11.154003
2170,2221,11.796592
2170,2243,12.856138
2171,2179,11.674156
2171,2218,10.410788
2171,2233,13.459127
2172,2202,9.312864
2172,2214,11.504362
2172,2237,14.626256
2173,2180,5.773711
2173,2185,13.06978
2173,2200,5.7513123
2173,2213,12.710319
2173,2225,11.282771
2174,2195,9.102284
2175,2176,5.9170027
2175,2196,14.9142685
2175,2222,13.119366
2176,2196,8.997612
2176,2222,9.81803
2177,2178,11.145886
2177,2193,6.6115675
2177,2209,14.01326
2177,2217,9.399952
2177,2219,13.216919
2178,2193,7.5828247
2178,2198,9.813383
2178,2209,7.1833944
2179,2218,11.75538
2179,2221,10.566263
2180,2185,7.298124
2180,2200,5.7069597
2180,2213,8.594903
2180,2225,13.984526
2181,2182,7.8490176
2181,2201,7.60513
2181,2204,14.851963
2181,2229,12.158767
2182,2201,14.453049
2182,2210,10.658935
2183,2189,9.826477
2183,2197,14.720515
2183,2203,8.524422
2183,2215,11.369039
2183,2232,10.903421
2184,2190,12.027222
2184,2223,8.858132
2185,2199,14.355679
2185,2200,11.167897
2185,2213,7.398573
2185,2234,12.526127
2185,2252,14.997867
2186,2187,14.116123
2186,2239,12.296393
2186,2240,12.465759
2187,2195,11.66693
2187,2236,10.930387
2188,2191,9.02808
2188,2255,14.14891
2189,2215,6.6607733
2189,2232,13.675607
2190,2194,8.549606
2191,2192,7.256967
2193,2209,7.624517
2193,2217,7.8167133
2193,2250,11.129526
2193,2263,14.903347
2194,2211,14.075869
2196,2222,10.636845
2197,2203,7.109594
2197,2235,7.4801707
2198,2209,8.446772
2198,2256,11.394427
2198,2267,14.388363
2199,2228,8.611286
2199,2234,10.02839
2200,2213,7.8753242
2200,2225,8.39836
2200,2252,13.590683
2201,2204,8.344618
2201,2229,5.571121
2201,2238,9.486619
2201,2258,14.598242
2202,2214,13.486382
2202,2237,8.146465
2202,2242,12.074443
2202,2269,14.554255
2203,2232,9.534217
2203,2235,7.817654
2204,2229,9.929511
2204,2238,7.3257785
2205,2225,13.371001
2205,2247,9.13201
2205,2253,10.689874
2206,2207,8.488767
2206,2230,6.0043316
2206,2251,14.864273
2206,2254,9.734876
2206,2264,13.43369
2207,2208,10.104541
2207,2230,7.6626287
2207,2251,9.813814
2207,2254,14.363837
2207,2264,13.227555
2208,2241,11.308672
2208,2251,11.07361
2209,2217,13.339957
2209,2250,12.034395
2209,2256,10.401198
2209,2263,11.33894
2210,2258,13.434493
2211,2227,6.573876
2211,2244,13.392017
2211,2276,13.640134
2212,2216,5.19657
2212,2224,11.303616
2212,2245,13.499339
2212,2260,11.555631
2213,2225,13.996642
2213,2234,9.991839
2213,2252,8.13166
2214,2231,9.1981735
2214,2237,11.26615
2214,2272,12.983228
2215,2232,8.834105
2215,2243,11.272676
2215,2270,11.255156
2216,2224,6.133556
2216,2260,9.159905
2217,2219,8.292953
2217,2249,10.9216175
2217,2250,7.4835196
2217,2263,14.450486
2217,2274,10.394978
2218,2221,8.419344
2218,2233,9.46696
2219,2249,9.250522
2219,2250,14.076826
2219,2274,13.907597
2220,2241,12.03044
2220,2248,7.937415
2220,2265,14.213074
2220,2283,13.854845
2221,2243,8.244153
2222,2242,10.569258
2222,2262,7.6946287
2222,2292,14.651117
2223,2233,11.819801
2223,2257,8.186299
2223,2268,10.231339
2224,2246,12.639053
2224,2260,8.951643
2225,2247,10.160203
2225,2271,9.420658
2225,2277,12.901027
2226,2266,9.417737
2226,2273,12.939815
2227,2244,6.828248
2227,2276,12.613511
2228,2234,13.612924
2228,2246,8.992543
2228,2282,11.13825
2229,2238,6.398071
2229,2258,11.517542
2229,2287,13.735843
2230,2251,9.579117
2230,2254,6.7123957
2230,2264,7.564883
2230,2280,10.760432
2230,2290,14.954404
2231,2272,12.897932
2232,2235,11.85308
2232,2270,12.042561
2233,2257,9.317421
2234,2252,9.06644
2236,2240,8.555703
2236,2261,6.959278
2237,2242,12.250928
2237,2269,8.904262
2237,2272,11.501239
2238,2253,13.784481
2239,2240,7.963651
2239,2259,6.48078
2239,2261,14.910329
2239,2265,12.077311
2239,2281,9.46017
2240,2259,12.385614
2240,2261,7.5124497
2240,2281,9.02458
2241,2283,13.128289
2242,2262,10.080168
2242,2269,9.111483
2242,2292,13.634642
2243,2270,10.088949
2243,2297,12.678559
2245,2284,10.853748
2246,2282,8.656621
2246,2286,9.470208
2246,2304,13.637784
2247,2253,7.5857644
2247,2271,10.697074
2247,2277,7.058725
2247,2301,14.570366
2248,2259,12.687712
2248,2265,6.4567657
2248,2283,10.025491
2249,2250,11.011319
2249,2274,7.3034744
2249,2285,14.348
2249,2293,8.806769
2250,2256,14.934809
2250,2263,7.5123906
2250,2274,5.505328
2250,2285,9.726216
2250,2293,12.299187
2251,2254,13.912487
2251,2264,7.763555
2251,2280,13.4296465
2251,2290,9.0106945
2252,2296,10.214147
2253,2277,11.071501
2254,2264,7.5924487
2254,2280,6.3834624
2255,2266,7.6563454
2255,2299,12.9241295
2255,2300,13.826135
2256,2263,8.500042
2256,2267,7.358742
2256,2275,14.50641
2256,2298,10.7331705
2257,2268,7.413458
2258,2287,10.981265
2259,2265,6.893614
2259,2281,7.93467
2260,2286,14.057758
2261,2281,10.86202
2261,2294,11.844622
2262,2288,10.126062
2262,2292,6.9640455
2263,2274,10.446428
2263,2285,8.104984
2263,2298,11.812494
2264,2280,5.6794224
2264,2290,8.036997
2264,2306,11.478318
2265,2281,14.31076
2265,2283,12.657703
2266,2273,9.845473
2266,2300,11.494295
2267,2275,7.147722
2267,2298,10.6258745
2267,2309,12.0739
2268,2291,9.001481
2269,2272,14.159074
2269,2292,14.937952
2270,2297,10.510083
2270,2305,11.024047
2271,2277,7.179453
2271,2296,14.357588
2271,2301,9.435285
2271,2319,14.53975
2272,2307,10.9165535
2273,2300,11.113538
2273,2302,9.286806
2274,2285,7.625243
2274,2293,6.891814
2274,2316,14.791077
2275,2298,14.668186
2275,2309,12.081561
2275,2318,13.081133
2276,2279,7.970847
2276,2303,14.596403
2276,2308,10.253579
2277,2301,7.51581
2277,2319,13.063903
2278,2279,9.473663
2278,2291,9.507972
2278,2303,9.076308
2279,2303,7.877857
2279,2308,9.830087
2280,2289,14.081247
2280,2290,10.998551
2280,2306,9.335576
2282,2286,8.95685
2282,2304,9.56695
2282,2323,14.206994
2283,2311,10.347386
2285,2293,8.481522
2285,2298,13.630961
2285,2316,13.061287
2285,2330,13.166695
2286,2304,5.100233
2286,2310,8.539839
2286,2323,14.772348
2287,2317,10.619516
2288,2292,9.061255
2288,2314,9.9489765
2288,2321,12.112004
2289,2325,13.914713
2290,2306,9.0185585
2290,2312,8.111022
2290,2332,14.78707
2291,2303,14.134048
2291,2320,11.038534
2292,2314,9.670801
2293,2316,8.071318
2296,2337,13.651938
2297,2305,11.254126
2297,2331,11.183027
2298,2309,7.3018894
2298,2318,11.418677
2298,2335,12.818748
2299,2300,8.809784
2299,2326,9.934439
2300,2326,13.482046
2300,2343,12.900168
2301,2319,5.6727195
2302,2344,11.983274
2303,2308,9.617539
2303,2320,13.056619
2303,2322,8.893315
2303,2336,12.08322
2304,2310,5.5062566
2304,2323,9.8449545
2306,2312,7.9908347
2306,2325,11.373638
2306,2332,8.159235
2307,2313,7.7388783
2307,2329,7.92487
2307,2334,9.527517
2307,2352,13.640937
2308,2322,14.005348
2308,2336,8.348256
2308,2350,12.168801
2308,2356,14.526348
2309,2318,4.1544814
2309,2335,11.539678
2309,2347,9.817954
2310,2323,11.381705
2311,2324,14.156907
2311,2328,9.853418
2311,2338,8.674008
2311,2339,7.1083736
2311,2362,13.338693
2312,2332,8.338597
2312,2333,8.6207905
2313,2329,5.761674
2313,2334,14.053658
2313,2352,9.152122
2313,2357,12.167031
2314,2321,9.715682
2314,2353,9.950846
2314,2360,13.462231
2315,2342,9.289514
2315,2346,7.9997153
2315,2370,14.54395
2316,2330,12.317393
2316,2355,10.551272
2317,2341,7.7471967
2317,2359,11.6234665
2318,2327,12.007295
2318,2335,12.119654
2318,2347,7.234432
2319,2337,12.406813
2319,2345,12.245568
2320,2322,8.061806
2320,2349,9.176018
2321,2340,12.109839
2321,2353,9.7124405
2321,2361,10.130466
2322,2336,10.065165
2322,2349,14.873432
2322,2356,9.725953
2322,2379,12.983587
2323,2377,12.556328
2324,2328,5.8637886
2324,2339,11.841196
2324,2384,13.7764635
2325,2332,10.972071
2325,2381,14.44343
2326,2366,14.917671
2326,2369,11.499108
2327,2347,13.535223
2328,2338,13.136597
2328,2339,6.0038595
2328,2362,11.709727
2328,2384,12.441679
2329,2334,9.521521
2329,2352,5.7481394
2329,2357,11.853139
2330,2335,10.892133
2330,2355,13.208169
2330,2367,10.014657
2330,2371,12.750221
2331,2354,12.641011
2331,2363,9.465271
2332,2333,12.420508
2332,2381,12.6436205
2333,2365,10.005076
2334,2352,13.509567
2334,2358,13.250241
2334,2373,10.839525
2335,2347,8.597371
2335,2371,9.367213
2335,2383,10.982555
2336,2350,8.946443
2336,2356,6.2669363
2336,2379,13.053816
2337,2372,10.495735
2338,2339,7.1651974
2338,2362,7.5050817
2338,2365,12.7157755
2339,2362,7.183039
2339,2384,14.495391
2340,2361,11.510053
2341,2359,8.460193
2342,2344,13.478508
2342,2346,7.458469
2342,2370,10.182244
2342,2385,10.831925
2343,2344,14.862285
2343,2366,7.1858044
2343,2369,13.4743395
2343,2374,9.987752
2344,2374,12.079646
2344,2385,14.538304
2344,2404,14.15363
2345,2388,13.395306
2346,2370,6.6530185
2346,2385,13.03992
2346,2399,14.329268
2347,2371,14.395716
2347,2383,9.246231
2348,2357,13.95876
2348,2376,11.809056
2348,2378,10.029481
2348,2389,10.695639
2349,2364,10.076401
2349,2390,10.578697
2350,2351,8.206731
2350,2356,12.054535
2350,2386,12.582968
2350,2391,10.632191
2350,2397,13.261989
2351,2386,8.654842
2351,2391,11.3105
2352,2357,7.158002
2353,2360,10.724626
2353,2361,9.457633
2353,2395,13.958199
2354,2363,5.6674027
2354,2368,9.992665
2355,2367,7.9091716
2355,2410,12.76089
2356,2379,6.7923737
2356,2397,12.034748
2356,2417,14.640679
2357,2378,8.393714
2357,2394,10.839462
2358,2360,10.751838
2358,2373,11.028544
2358,2382,6.642769
2359,2402,10.521799
2360,2382,10.207362
2361,2395,10.058584
2361,2398,10.170791
2362,2365,14.639447
2362,2384,13.387684
2363,2368,14.640197
2364,2368,11.460616
2366,2369,7.447042
2366,2374,9.336537
2366,2409,12.333696
2366,2415,14.931964
2367,2371,11.744354
2367,2400,12.33411
2367,2410,12.7887125
2369,2415,9.773146
2370,2385,8.6016245
2370,2399,7.786505
2370,2420,12.87282
2371,2383,8.99205
2371,2400,6.9660196
2371,2418,14.961557
2372,2387,13.259443
2372,2408,11.033163
2372,2412,13.477787
2372,2439,13.864105
2373,2382,12.192335
2373,2414,9.129119
2373,2423,12.9688015
2373,2441,14.433701
2374,2404,11.805036
2374,2406,7.8723445
2374,2409,9.638386
2374,2426,12.654335
2375,2377,10.292127
2375,2387,8.868729
2375,2421,11.193051
2376,2389,8.839084
2376,2393,7.3271017
2376,2403,7.7037544
2376,2430,13.869656
2376,2435,13.918845
2377,2392,14.548262
2377,2438,13.537517
2378,2389,9.403632
2378,2394,5.534276
2378,2413,8.931557
2378,2422,14.32787
2379,2390,10.989807
2379,2397,11.656417
2379,2417,8.387383
2379,2427,14.600925
2380,2392,8.350774
2380,2407,7.031042
2380,2425,11.066275
2380,2437,14.152239
2381,2429,11.543399
2382,2414,12.254374
2382,2442,12.583238
2383,2400,12.642069
2383,2405,12.942621
2383,2418,9.992976
2385,2399,10.256346
2385,2404,11.025121
2385,2420,10.634514
2385,2434,12.622276
2386,2391,6.1845884
2386,2397,14.6287775
2386,2411,7.0242124
2387,2412,9.278613
2387,2421,11.960493
2388,2408,9.524147
2388,2416,9.499177
2389,2393,13.700961
2389,2394,11.319563
2389,2403,7.6374655
2389,2413,8.989507
2389,2435,12.028807
2389,2450,13.537747
2390,2417,12.177046
2390,2427,11.144425
2391,2397,8.444261
2391,2411,9.813799
2392,2407,6.819947
2392,2425,12.946862
2392,2437,9.779365
2393,2403,7.646769
2393,2430,8.501144
2393,2435,11.636054
2394,2413,5.547935
2394,2422,9.432097
2395,2398,8.3806
2395,2419,6.867326
2395,2436,13.564851
2395,2445,12.031895
2395,2477,14.267588
2396,2398,7.4271703
2396,2415,14.638412
2396,2445,12.436263
2397,2417,12.178165
2398,2419,14.6434555
2398,2445,9.798715
2399,2420,6.3799424
2399,2434,13.579029
2399,2466,13.343362
2400,2418,13.410022
2400,2447,13.771642
2400,2467,13.360694
2401,2416,10.476937
2401,2428,7.880851
2401,2440,12.422025
2401,2452,12.831051
2401,2475,14.211775
2402,2428,13.64053
2402,2433,7.2558494
2402,2440,10.2846985
2402,2453,13.735905
2403,2413,13.934653
2403,2430,8.148098
2403,2435,6.2660027
2403,2450,12.403944
2404,2406,6.9806027
2404,2409,13.69374
2404,2420,14.915164
2404,2426,10.140349
2404,2434,10.199983
2404,2454,12.220315
2405,2418,11.690529
2405,2455,14.849843
2406,2409,6.7406173
2406,2426,5.3670063
2406,2454,12.258598
2406,2461,11.866412
2407,2425,6.1588
2407,2437,7.3032436
2407,2457,12.792316
2407,2479,14.06035
2408,2416,14.026858
2408,2439,9.857491
2409,2426,6.435225
2409,2454,14.943653
2409,2461,10.689669
2409,2473,12.665758
2410,2447,9.456198
2411,2448,13.340746
2411,2456,10.803866
2411,2462,10.509185
2412,2421,11.942157
2412,2439,9.062936
2412,2449,8.416739
2412,2469,13.042833
2413,2422,12.291978
2413,2435,14.591142
2413,2450,10.175941
2414,2423,10.123843
2414,2441,6.43424
2414,2442,12.814166
2416,2452,8.511639
2417,2427,8.126535
2417,2463,10.281358
2418,2474,12.362575
2419,2436,7.065375
2419,2445,14.225204
2419,2477,11.533674
2420,2434,7.517964
2420,2466,9.374759
2421,2438,8.825845
2421,2449,10.429961
2421,2458,12.605876
2421,2459,8.662424
2421,2469,8.632758
2422,2423,10.636818
2423,2441,7.8498106
2423,2483,11.87349
2424,2470,10.551297
2424,2478,12.096878
2425,2432,13.409566
2425,2437,9.080624
2425,2457,6.9403367
2425,2471,14.211258
2425,2479,10.844536
2426,2434,14.798172
2426,2454,8.569556
2426,2461,6.499494
2426,2473,11.534821
2427,2463,11.440605
2427,2468,9.042301
2427,2487,11.667133
2428,2433,11.408338
2428,2440,5.136609
2428,2452,13.099668
2428,2475,9.43871
2429,2446,12.564335
2429,2482,13.757778
2429,2493,13.701649
2430,2435,6.1212697
2430,2450,14.4024105
2430,2486,10.653667
2431,2444,10.207506
2431,2448,6.264025
2431,2462,14.56269
2432,2444,8.154709
2432,2457,11.455683
2432,2471,7.9241986
2432,2503,14.854334
2433,2440,6.368784
2433,2453,9.278389
2434,2454,9.565433
2434,2466,12.043268
2434,2490,11.862854
2435,2450,8.429546
2435,2486,9.071982
2436,2442,11.226155
2437,2457,12.5177555
2437,2479,9.367078
2438,2458,5.065332
2438,2459,6.260302
2438,2469,12.620535
2439,2449,12.657425
2439,2488,11.7961235
2440,2475,11.901749
2441,2442,14.996366
2441,2483,11.564031
2441,2484,12.043626
2442,2484,12.781248
2442,2494,14.178151
2443,2468,9.693451
2443,2485,9.204833
2443,2489,9.85557
2444,2471,12.346347
2445,2477,9.348148
2445,2505,14.458473
2446,2472,8.778051
2446,2493,14.225034
2446,2524,14.600208
2447,2467,11.117586
2447,2498,12.657271
2448,2462,8.340739
2448,2514,13.305275
2449,2459,12.831716
2449,2469,5.722298
2450,2486,10.864129
2451,2470,8.719987
2451,2481,11.258561
2451,2491,9.023026
2451,2506,13.269911
2452,2475,8.359499
2452,2508,10.914768
2453,2476,7.462566
2453,2510,10.956165
2454,2461,7.5353093
2454,2473,13.7539
2454,2490,9.648258
2454,2500,9.981268
2454,2526,14.425782
2455,2474,12.215914
2455,2478,12.682478
2455,2513,11.520825
2456,2462,8.534831
2456,2496,9.287196
2457,2471,8.49005
2457,2479,7.9087863
2457,2497,9.566501
2458,2459,5.8078637
2458,2469,13.195339
2458,2520,12.758456
2459,2469,7.3968916
2460,2465,11.079699
2460,2480,7.1851697
2460,2499,9.926029
2460,2521,13.351482
2460,2522,14.247694
2461,2473,6.447655
2461,2495,14.589673
2461,2500,10.429403
2461,2518,12.37013
2461,2526,12.3277855
2462,2514,12.450266
2463,2487,8.998303
2463,2502,8.889719
2463,2523,13.141208
2464,2480,9.340197
2464,2482,8.542013
2464,2516,9.470611
2464,2521,14.015735
2465,2492,9.759217
2465,2499,12.020103
2465,2522,11.344803
2466,2490,13.123652
2466,2519,10.600396
2467,2498,13.760437
2467,2527,11.817998
2468,2485,12.514163
2468,2487,10.741523
2468,2489,8.218286
2468,2507,9.721068
2468,2523,14.568805
2468,2528,13.557844
2470,2478,12.078185
2470,2491,9.428743
2471,2497,7.9279947
2471,2503,8.1891985
2472,2476,8.85339
2472,2524,10.619346
2473,2495,8.23273
2473,2500,12.6350975
2473,2518,9.058467
2473,2526,11.727245
2474,2501,7.511849
2474,2513,14.56227
2475,2508,10.543103
2475,2509,9.90961
2476,2510,11.057341
2477,2504,11.208533
2477,2505,7.335462
2478,2513,13.9599905
2479,2497,11.400528
2480,2499,10.33513
2480,2516,11.593564
2480,2521,8.637639
2481,2491,11.342348
2481,2506,8.720296
2482,2493,11.778461
2482,2516,11.394253
2482,2525,8.56975
2483,2517,7.4832063
2483,2529,14.315395
2484,2494,12.72116
2484,2517,14.470795
2484,2529,7.9559994
2485,2489,5.47772
2485,2507,12.549169
2485,2528,8.382769
2486,2511,14.594211
2486,2515,7.0738077
2487,2502,11.170007
2487,2507,10.95975
2487,2523,5.7044654
2489,2507,7.4352612
2489,2528,6.2731757
2490,2500,9.2041445
2490,2519,8.154153
2490,2526,14.148165
2491,2506,6.5494657
2492,2511,5.5892754
2492,2522,12.670377
2493,2524,12.171747
2493,2525,8.884163
2494,2504,10.611614
2495,2518,9.008919
2495,2526,14.030584
2495,2530,6.90399
2496,2502,12.263817
2497,2503,8.7775345
2498,2512,7.6857023
2498,2527,7.073351
2499,2521,7.955359
2499,2522,5.7270336
2500,2518,9.589038
2500,2526,5.1904273
2501,2513,13.517591
2502,2523,11.080479
2504,2505,9.804649
2507,2523,10.330973
2507,2528,7.094795
2508,2509,13.275258
2511,2515,13.69778
2512,2527,13.926033
2516,2521,8.947792
2516,2525,12.997758
2517,2529,9.293952
2518,2526,5.184825
2518,2530,13.151466
2521,2522,12.667062
34,1,8.567449
42,2,8.643941
32,4,9.805638
63,4,13.145594
12,5,11.355863
43,5,8.090567
27,6,12.361114
36,7,7.181528
15,8,12.474976
19,8,8.129461
47,8,11.091742
54,8,13.462568
24,9,10.702778
28,9,5.755532
38,9,7.3202457
48,9,9.7973585
13,10,7.1763105
21,10,8.792077
14,11,7.316966
22,11,13.602435
30,11,6.2898607
46,11,9.121631
56,11,14.450991
43,12,10.669853
18,13,10.639311
49,13,10.585099
30,14,12.598598
46,14,8.501626
50,14,10.891318
37,15,8.909736
47,15,10.295883
60,15,14.269144
33,16,7.3692446
55,16,12.456722
18,17,12.398854
51,17,12.477784
59,17,12.200885
49,18,8.401967
51,18,10.060773
54,19,9.061909
58,19,13.667338
39,20,7.4050565
45,20,7.0734944
22,21,11.524941
52,21,8.99979
30,22,8.546255
52,22,12.374005
56,22,9.626573
26,23,9.9644985
39,23,10.169584
61,23,11.863047
62,23,14.427361
64,23,10.518831
28,24,5.4272957
40,24,7.4379487
48,24,10.11805
78,24,14.581974
31,25,12.312534
32,25,9.719869
62,26,11.680364
64,26,14.287556
44,27,13.31716
38,28,9.845229
40,28,12.564377
48,28,6.7901344
31,29,11.246804
46,30,9.582177
56,30,8.414002
71,30,13.537985
63,32,12.184276
55,33,7.174691
65,34,10.958908
53,36,11.263856
68,36,11.0625925
47,37,14.490941
60,37,7.584307
48,38,8.123492
45,39,7.9722795
61,39,8.647757
64,39,13.3946085
85,39,14.290787
48,40,14.968921
72,40,11.990633
78,40,13.839004
77,42,11.129463
70,43,11.445942
74,43,10.787392
87,44,13.192298
61,45,13.087556
69,45,9.723488
85,45,14.209174
50,46,10.208229
56,46,12.9758005
71,46,9.785449
54,47,13.205145
60,47,14.489539
78,48,10.630335
51,49,8.960544
67,49,7.5359273
57,50,8.323503
96,50,12.912933
59,51,11.638305
67,51,13.55289
56,52,12.961963
79,52,7.78601
68,53,9.606952
75,53,8.713898
93,53,11.019298
103,53,14.5875025
58,54,7.2534904
76,54,13.940991
88,54,9.651267
82,55,13.4094515
84,55,7.8990707
99,55,14.518355
71,56,9.755728
79,56,12.074294
97,56,13.147259
105,56,14.011697
96,57,14.05091
76,58,6.7731
88,58,10.011525
115,58,12.824669
107,59,13.734638
92,60,11.245565
109,60,12.854493
64,61,6.899232
85,61,8.144177
114,61,12.961496
64,62,8.36023
94,62,12.30142
116,62,14.239509
82,63,10.690393
85,64,13.345658
87,65,12.831348
98,65,9.710753
81,66,12.676562
89,66,13.287693
90,66,5.3394275
106,66,11.220117
101,67,9.431566
75,68,14.598779
89,68,12.838658
93,68,9.656493
118,68,11.774853
77,69,12.426971
85,69,13.779658
123,69,12.769453
74,70,9.149585
86,70,11.989296
95,70,8.808067
113,70,10.907891
127,70,14.810129
97,71,7.3694596
105,71,14.206298
78,72,12.267301
104,72,9.785076
112,72,13.3500395
129,72,13.673636
100,73,7.773839
113,74,9.511088
93,75,8.632553
103,75,7.8945284
122,75,12.521531
81,76,12.270422
88,76,13.166845
115,76,10.577689
104,78,10.054367
105,79,8.383637
128,79,14.548625
92,80,14.736185
110,80,9.225279
111,80,12.926646
125,80,12.605006
90,81,12.464028
84,82,11.190466
120,82,8.920393
102,83,9.372319
139,83,14.391354
86,84,14.957633
99,84,8.707031
120,84,11.443209
114,85,6.8073864
123,85,14.569183
95,86,6.973244
99,86,8.316832
121,86,8.370423
127,86,14.390065
133,86,13.41685
91,87,8.826762
98,87,14.348154
115,88,9.311793
90,89,10.634576
106,89,7.5150332
118,89,10.252712
131,89,11.063549
106,90,6.2258215
131,90,14.214266
102,91,9.06806
109,92,10.111116
110,92,9.790031
124,92,9.264001
103,93,6.2194753
118,93,12.063006
122,93,12.998469
142,93,12.174746
112,94,9.941504
116,94,11.169949
143,94,11.619469
99,95,13.736224
113,95,10.270126
121,95,8.452712
127,95,8.263349
133,95,9.694682
108,96,14.493191
141,96,12.094391
105,97,8.717207
130,97,11.004712
134,97,11.320314
140,98,10.068955
121,99,8.537725
133,99,14.989067
119,100,12.064606
126,100,8.997442
145,101,10.456674
139,102,13.669173
122,103,6.834844
142,103,10.470544
129,104,8.102311
128,105,14.227172
134,105,11.159739
148,105,11.395445
131,106,8.058724
158,106,13.780698
132,107,11.213028
137,107,11.004526
135,108,9.672447
138,108,7.576306
141,108,12.69833
124,109,10.544436
144,109,8.645811
156,109,13.422607
124,110,9.90055
125,110,9.7854805
159,110,12.769088
125,111,9.548589
136,111,9.049604
129,112,10.929927
143,112,8.713916
153,112,12.251779
127,113,8.189855
133,113,13.683158
116,114,13.938212
146,115,10.463832
161,116,14.531087
154,117,10.893476
131,118,12.130899
142,118,13.663929
149,120,9.100902
127,121,10.359117
133,121,6.4841104
174,121,14.598312
142,122,11.405149
147,122,9.516542
144,124,11.7043295
156,124,8.707965
159,124,11.817232
181,124,14.191008
136,125,13.080407
159,125,11.242081
166,126,14.107198
133,127,5.6305737
162,127,14.973846
186,127,14.041091
148,128,12.987758
167,128,14.449911
177,128,13.1583185
143,129,14.761511
153,129,9.532066
134,130,8.512125
148,130,14.6921425
155,130,11.566172
178,130,11.239468
185,130,12.679428
158,131,8.352744
145,132,13.400579
163,132,10.559325
176,132,12.189369
174,133,12.877937
186,133,13.990668
148,134,6.209815
167,134,12.339886
178,134,11.854746
196,134,14.610471
138,135,7.4522877
151,135,6.1712418
169,135,10.600465
184,136,13.867998
162,137,9.807065
163,137,11.815353
175,137,10.611683
141,138,9.312298
151,138,11.159529
169,138,9.516381
190,138,12.610218
170,140,9.995292
173,140,12.187613
188,140,14.673677
155,141,8.695986
187,141,11.998044
190,141,12.462326
153,143,9.216922
168,143,13.979721
156,144,7.907728
164,144,7.6723995
181,144,12.351438
176,145,13.678856
182,146,10.843394
183,146,13.591377
157,147,11.336758
167,148,7.334534
177,148,13.983109
178,148,14.99037
196,148,12.796292
165,149,10.051749
180,149,9.443808
189,149,10.969626
164,150,13.039588
183,150,11.499461
169,151,8.033129
192,151,9.858643
160,152,14.648483
179,154,10.784655
202,154,11.4391365
178,155,13.896119
185,155,7.466943
187,155,7.8425117
190,155,14.606629
159,156,13.196847
164,156,11.061382
181,156,6.0729117
197,156,12.472433
210,156,13.851599
188,157,14.850471
201,157,12.206281
181,159,14.103845
197,159,11.677602
205,159,13.225161
203,160,10.728626
168,161,10.412644
194,161,10.802044
175,162,12.424751
186,162,10.616422
198,162,11.167589
199,162,12.018335
175,163,6.006608
176,163,10.096424
199,163,12.453376
200,163,8.486854
181,164,11.626153
210,164,13.432541
174,165,8.147605
180,165,6.980782
189,165,14.6190405
172,166,12.273894
207,166,12.722893
208,166,12.58546
177,167,8.220776
196,167,8.235898
190,169,7.9927573
192,169,8.343602
221,169,13.208661
173,170,8.692061
188,170,7.120856
201,170,14.279169
211,170,11.321751
193,171,7.8559136
194,171,10.592505
231,171,13.038338
179,172,9.61533
208,172,8.835928
217,172,14.277618
211,173,10.042572
180,174,13.813822
176,175,14.754419
199,175,6.777458
200,175,9.51995
226,175,14.304933
227,175,14.162611
200,176,8.121712
216,176,9.322509
196,177,14.369028
185,178,8.208602
196,178,10.883994
214,178,13.451704
218,178,10.316398
228,178,14.025982
202,179,8.014097
208,179,14.737074
217,179,11.028464
189,180,8.1298895
197,181,7.966269
210,181,8.165759
213,182,9.368591
222,182,11.531638
212,183,8.897586
203,184,14.302729
206,184,13.462876
209,184,9.800599
220,184,11.738667
187,185,8.028493
214,185,9.26383
215,185,14.678207
218,185,12.59156
198,186,5.4890275
223,186,12.004761
190,187,9.290273
214,187,10.45372
215,187,9.007538
201,188,7.2325506
211,188,14.704867
234,188,12.271231
233,189,11.456363
192,190,13.840812
215,190,10.270947
221,190,12.239494
195,191,12.930042
207,191,10.539215
243,191,13.061787
221,192,10.207337
231,193,11.764207
231,194,10.948462
238,195,10.296086
218,196,12.538634
228,196,8.960802
205,197,12.770969
210,197,10.614392
199,198,14.563542
223,198,6.870895
226,198,13.905953
250,198,13.810088
200,199,11.914483
226,199,7.6582885
227,199,11.502953
216,200,7.8244977
227,200,9.018995
242,200,14.438002
234,201,11.039345
240,201,10.21119
217,202,9.433547
239,202,9.817653
244,202,11.288404
209,203,6.773489
225,203,8.649621
219,204,5.315073
230,204,11.545371
235,204,12.820273
206,205,10.396955
224,205,8.582385
220,206,8.732635
224,206,9.207232
236,207,7.9267015
243,207,11.602326
248,207,13.444528
217,208,11.7817745
248,208,11.540545
257,208,14.428226
220,209,12.628002
225,209,6.519004
247,210,13.008859
234,211,13.047523
245,211,10.542281
255,211,13.346216
241,212,8.095929
256,212,12.343216
222,213,7.8536406
246,213,8.665289
215,214,9.878566
218,214,9.044681
252,214,10.86954
261,214,10.849704
221,215,12.914471
252,215,9.635137
259,215,11.137969
227,216,10.367834
242,216,6.9355044
251,216,14.803249
239,217,11.712917
244,217,5.944835
257,217,14.518114
262,217,10.886382
228,218,7.7318363
261,218,11.73583
230,219,8.93107
235,219,11.064381
224,220,13.325316
267,220,11.530566
259,221,10.987217
263,221,10.425046
246,222,8.697306
249,222,7.4991593
279,222,13.548111
226,223,11.203153
250,223,8.172584
277,223,13.104302
273,224,10.814808
227,226,10.961233
260,226,8.746935
242,227,13.303978
260,227,12.71318
265,227,10.311727
230,229,7.1361613
240,229,13.654728
253,231,10.614135
268,231,10.429571
254,232,13.026533
278,232,14.407499
239,233,11.235724
264,233,9.90268
275,233,12.6149
240,234,9.775424
255,234,7.2365932
266,234,9.970823
270,235,12.874299
243,236,8.266609
248,236,9.0582695
278,237,13.796427
244,239,7.8818665
262,239,10.991052
275,239,12.567857
255,240,14.689045
266,240,10.051603
247,241,10.99025
256,241,9.503397
284,241,14.711524
251,242,8.3856325
265,242,12.520193
285,242,13.807636
274,243,9.493854
257,244,14.410707
262,244,5.7118993
255,245,14.877068
281,245,14.571711
283,245,11.5655
249,246,12.517564
271,246,9.437561
279,246,8.964602
284,247,11.838221
257,248,10.941519
256,249,10.031749
279,249,11.797886
280,249,9.065723
277,250,8.367982
282,251,9.724316
296,251,11.860865
259,252,9.183204
261,252,8.535607
286,252,10.1511545
295,252,11.45832
268,253,9.383977
272,253,8.987054
294,253,10.248893
289,254,10.469957
290,254,11.888007
266,255,8.612151
281,255,8.325921
283,255,14.042317
280,256,8.473251
262,257,12.464438
269,258,7.2577567
263,259,9.72779
286,259,10.40107
292,259,10.265775
265,260,12.921945
277,260,13.434885
298,260,10.741827
299,260,12.559522
286,261,14.21073
291,261,9.505782
295,261,9.70593
292,263,8.227144
304,263,10.614661
324,263,14.218796
269,264,13.22802
275,264,8.777181
305,264,12.040406
315,264,10.920664
285,265,7.170725
296,265,14.577313
299,265,9.5199175
320,265,13.724722
281,266,12.561675
273,267,14.877622
294,268,11.2834
307,268,10.21816
305,269,9.160777
328,269,13.326423
300,270,11.032818
313,270,9.968315
279,271,9.327156
308,271,8.530731
294,272,9.225944
297,272,7.544477
311,272,13.004141
326,272,13.808281
310,273,14.354616
303,274,13.495379
322,274,10.694149
315,275,10.808741
316,276,11.643265
321,276,10.557382
298,277,9.770973
312,278,11.928261
280,279,12.268075
308,279,12.876692
314,279,11.427167
335,279,13.683316
314,280,8.868696
283,281,7.3341093
343,281,13.015281
296,282,10.728994
316,282,11.384847
331,282,11.358878
338,282,11.341475
293,283,11.626724
325,283,9.642677
343,283,14.829984
309,284,12.586723
329,284,9.086689
341,284,13.3630905
296,285,7.944803
299,285,10.196068
320,285,7.1933994
342,285,12.754417
346,285,13.286659
291,286,14.375138
292,286,10.695702
295,286,7.9854364
317,286,7.642222
324,286,13.5230665
336,286,10.716702
339,286,13.797625
306,287,9.003436
318,287,6.4410033
352,287,13.575736
319,288,11.810323
334,288,9.538364
290,289,7.416441
312,289,9.823492
344,289,10.298363
344,290,14.062661
295,291,6.401476
339,291,9.734262
304,292,9.204187
317,292,8.849415
324,292,6.894066
351,292,13.395866
354,292,14.140072
306,293,10.234545
325,293,10.096161
297,294,9.569225
307,294,9.474938
326,294,13.55316
356,294,13.266473
317,295,13.30365
336,295,10.979758
339,295,9.009745
320,296,8.161939
331,296,9.228349
338,296,14.809754
342,296,9.468405
302,297,13.504137
311,297,7.089394
326,297,6.263814
361,297,13.967823
299,298,12.361782
323,298,7.935151
320,299,11.627459
323,299,8.464234
346,299,9.940919
313,300,7.8802767
364,300,14.438871
302,301,9.605807
337,301,11.124539
311,302,6.778367
326,302,12.506206
322,303,14.141761
327,303,9.21328
349,303,12.293348
324,304,8.8955345
345,304,8.133783
351,304,10.3849325
315,305,8.979155
328,305,11.742113
365,305,13.720092
318,306,10.334812
352,306,8.817911
356,307,12.774678
360,307,11.464923
335,308,9.186269
340,308,6.548981
374,308,14.450183
329,309,11.767661
359,309,13.225969
347,310,8.42249
355,310,12.062126
359,310,13.761678
326,311,6.156102
361,311,14.3212185
344,312,8.931504
348,312,8.503613
368,312,13.021998
353,313,8.82647
382,313,14.1215515
335,314,11.849589
370,314,13.798051
321,316,10.561344
331,316,14.224787
338,316,8.232502
350,316,8.833423
324,317,7.2815294
336,317,7.780384
339,317,14.365802
351,317,12.991475
354,317,7.606168
367,317,14.173637
381,317,13.471003
352,318,9.822951
332,319,10.636255
334,319,10.83407
363,319,9.25478
331,320,12.354676
342,320,6.258245
346,320,8.363039
366,320,14.284415
379,320,13.129143
350,321,7.8644342
372,321,11.245169
349,322,8.805927
376,322,12.677277
346,323,11.177696
336,324,14.243575
345,324,10.479901
351,324,6.945185
354,324,8.419656
386,324,14.5723915
343,325,13.603487
373,325,11.344264
356,326,13.0115
361,326,8.615004
385,326,13.263351
357,327,12.845858
369,327,9.873305
333,328,11.632612
365,328,11.228533
341,329,7.837398
375,329,10.160354
337,330,14.596398
355,330,12.473899
338,331,6.817233
342,331,7.842965
366,331,7.894168
380,331,12.147106
394,331,14.837593
358,332,10.147784
363,332,14.577871
389,332,12.195447
363,334,9.902783
364,334,13.4431925
384,334,11.936275
340,335,8.850743
370,335,12.963415
374,335,11.748698
396,335,13.562386
339,336,7.3561206
354,336,9.173903
367,336,7.4239907
381,336,10.234397
402,337,12.803376
342,338,14.416325
350,338,12.747125
366,338,11.098247
380,338,9.582514
400,338,14.508301
367,339,9.420216
374,340,8.148854
375,341,11.914975
346,342,11.2842
366,342,8.027547
379,342,11.582887
394,342,11.547268
358,343,9.900458
391,343,12.994779
348,344,7.6033044
368,344,12.92306
383,344,10.275499
393,344,13.4914055
351,345,5.8955073
386,345,13.177753
379,346,8.339509
355,347,7.0565248
359,347,9.267552
368,348,5.55149
378,348,14.390903
383,348,7.2356105
397,348,10.563862
376,349,12.859021
392,349,8.6350155
405,349,13.956421
372,350,6.687653
380,350,14.661355
400,350,11.530434
408,350,14.292751
354,351,9.371797
386,351,9.121747
410,352,13.860785
382,353,8.046481
390,353,8.04036
367,354,11.289446
381,354,7.228561
386,354,10.57388
409,354,13.568275
360,356,5.500862
361,356,8.466078
388,356,6.8255033
369,357,10.736676
398,357,9.397654
389,358,11.430615
361,360,13.532589
371,360,12.886249
388,360,7.484982
385,361,10.239451
388,361,9.581072
419,361,14.506479
376,362,10.730084
393,362,10.092763
406,362,13.274095
411,362,12.616103
384,363,13.476907
389,363,13.516481
395,363,8.382835
382,364,10.837599
384,364,8.644354
399,365,11.378624
379,366,13.950871
380,366,8.7247095
394,366,7.2430477
415,366,11.4200735
381,367,6.813771
409,367,11.595565
378,368,9.288147
383,368,7.5135813
397,368,6.619053
414,368,12.375036
398,369,10.204393
421,369,14.141539
396,370,9.171535
443,370,14.808424
377,371,10.342982
403,371,8.044856
417,371,10.964886
400,372,10.922914
401,372,8.578475
408,372,9.243805
391,373,7.8281245
418,373,10.313902
396,374,10.458184
392,376,13.015051
405,376,8.706071
406,376,8.021984
378,377,12.388186
403,377,7.7845607
404,377,9.725511
417,377,13.685969
397,378,11.312403
404,378,6.9442744
414,378,10.887908
435,378,14.061564
394,379,9.8462715
426,379,14.636458
394,380,13.033279
400,380,8.028449
415,380,11.201311
420,380,9.603861
386,381,11.294837
409,381,7.166796
423,381,13.854662
433,381,11.786794
390,382,6.565079
428,382,12.703368
393,383,11.825893
397,383,6.5674834
414,383,13.985017
431,383,12.364506
387,385,9.797816
419,385,10.891585
424,385,13.985191
409,386,11.774092
423,386,10.245935
433,386,14.677639
442,386,12.421474
402,387,14.989603
424,387,10.724935
395,389,8.131835
416,389,7.7318325
427,389,11.4515915
428,390,10.380953
444,390,14.994912
418,391,10.92216
453,391,14.293159
405,392,8.320298
421,392,12.069848
440,392,11.198565
411,393,7.5147147
439,393,10.925989
415,394,7.875918
416,395,8.582264
443,396,11.235454
404,397,14.445818
414,397,7.492892
431,397,9.363561
455,397,14.246286
422,398,10.06285
436,398,9.798146
407,399,7.9857526
425,399,14.339623
460,399,14.870084
408,400,8.518915
420,400,9.11574
408,401,9.558222
441,401,10.082396
447,401,13.054943
434,402,9.178142
404,403,14.142455
417,403,5.909925
449,403,13.9312315
454,403,11.978986
414,404,9.851009
435,404,7.8743362
449,404,12.279848
406,405,8.207116
440,405,8.563864
445,405,13.049408
466,405,12.209941
411,406,10.013776
440,406,14.575894
445,406,8.083741
437,407,8.277917
460,407,12.218516
420,408,14.191936
441,408,8.601866
423,409,8.330092
433,409,4.6512976
413,410,9.055386
439,411,7.2641187
445,411,10.618297
426,412,14.460783
446,412,6.709793
431,414,9.5248995
435,414,9.592321
455,414,8.127163
472,414,14.79944
420,415,8.058293
427,416,7.652881
463,416,13.345458
464,416,9.617354
449,417,14.453529
454,417,9.571459
453,418,8.202728
482,418,14.9640045
424,419,12.325708
457,419,12.229482
470,419,14.183626
436,421,12.371894
440,421,10.690966
459,421,8.969652
473,421,11.032948
479,421,14.569992
436,422,10.479795
468,422,13.92119
433,423,7.386771
442,423,9.264129
461,423,9.876549
475,423,14.8668585
434,424,13.24844
452,424,6.4129972
470,424,9.266203
471,425,9.127281
500,425,14.977042
446,426,12.52034
489,426,12.765192
463,427,7.663157
464,427,9.83791
444,428,11.263659
456,428,9.105988
478,429,12.484338
487,429,12.985206
451,430,7.801356
502,430,14.484227
439,431,13.773468
455,431,9.689973
458,431,7.75524
447,432,8.308047
474,432,13.302558
483,432,10.611872
461,433,12.904154
504,433,14.674858
452,434,9.399516
469,434,8.22952
449,435,6.415877
454,435,13.316955
455,435,10.061304
472,435,8.43221
492,435,14.369946
468,436,7.7074857
473,436,11.632329
505,436,14.94299
460,437,12.006332
451,438,9.4550085
467,438,13.751453
498,438,14.146851
445,439,13.35357
458,439,10.667168
486,439,11.720785
445,440,14.873711
459,440,9.483121
466,440,6.1203046
479,440,10.956611
488,440,12.6006155
447,441,9.045229
495,441,11.950921
461,442,11.496746
475,442,8.903105
465,443,11.882895
477,443,9.952059
493,443,12.67495
450,444,7.335567
465,444,14.487375
480,444,10.444026
507,444,14.362452
466,445,11.96552
481,445,8.9165325
484,446,12.289414
489,446,13.639807
483,447,8.4914875
495,447,12.293113
457,448,7.3400064
491,448,9.074783
454,449,7.1340013
455,449,14.728025
472,449,8.032615
492,449,9.206586
465,450,7.5730925
480,450,7.5347095
507,450,14.481597
469,452,11.449545
470,452,8.68044
503,452,11.072997
462,453,11.332255
482,453,7.31081
472,454,13.801316
492,454,9.332784
517,454,13.041131
519,454,14.172988
458,455,13.183557
472,455,9.550328
497,455,10.15828
490,456,9.538229
491,457,11.722795
486,458,11.152865
466,459,10.527061
473,459,7.538736
479,459,5.8450465
488,459,11.116979
499,459,8.825821
500,460,14.245014
475,461,9.58399
504,461,9.048326
513,461,9.152473
463,462,11.520465
482,462,10.7817545
523,462,14.294205
534,462,14.65117
464,463,8.425054
511,463,13.558981
523,463,11.260871
511,464,10.35498
480,465,7.946643
493,465,9.79139
507,465,14.922109
528,465,13.988401
479,466,8.3989525
481,466,9.666111
488,466,7.3919497
514,466,14.514726
526,466,13.363025
485,467,8.18898
498,467,8.153657
532,467,13.899514
473,468,8.676841
499,468,13.913288
505,468,7.3151994
506,468,14.14598
527,468,12.459153
533,468,14.5000725
496,469,9.227047
503,469,10.989117
516,469,9.421774
503,470,11.491293
535,470,13.709587
494,471,8.699709
500,471,7.174132
492,472,9.012859
497,472,8.221332
479,473,11.5022745
499,473,7.0464053
505,473,10.111291
527,473,10.736008
483,474,11.277832
510,474,8.575409
529,474,10.253274
513,475,8.062659
478,477,9.509817
493,477,9.921084
501,477,13.878275
508,477,7.8303027
487,478,9.403026
501,478,5.8563285
508,478,7.1716685
538,478,12.663749
481,479,14.812041
488,479,5.57688
499,479,8.537831
526,479,10.420131
530,479,10.290942
493,480,14.697641
507,480,7.453153
528,480,10.941676
488,481,9.867702
514,481,7.4017973
520,481,10.718881
526,481,11.741472
534,482,12.563851
495,483,12.918392
510,483,8.039893
548,484,13.777785
487,485,8.627747
498,485,12.961409
532,485,13.975076
544,485,13.180639
520,486,11.605133
546,486,12.418507
501,487,6.7298455
508,487,14.331381
538,487,11.573809
544,487,12.975587
499,488,13.022705
514,488,10.277183
526,488,6.241963
530,488,9.906826
547,488,11.978296
518,490,6.2527394
541,490,11.954412
519,491,14.417046
525,491,7.474653
497,492,14.307305
517,492,6.95429
519,492,11.408337
508,493,14.011876
528,493,12.469575
558,493,13.133927
500,494,11.515294
531,494,8.864102
549,494,14.97387
522,495,9.027472
502,496,9.14727
516,496,8.994174
542,496,12.701944
556,496,12.909192
539,497,8.642723
515,498,7.3138475
532,498,8.153553
545,498,14.877084
505,499,11.1800165
526,499,14.943768
527,499,7.620335
530,499,9.995463
543,499,10.68893
549,500,11.000875
508,501,7.8873925
538,501,7.2091875
544,501,14.349826
524,502,11.563092
542,502,9.196731
552,502,11.728345
516,503,8.842207
535,503,13.279512
553,503,11.153387
560,503,13.545418
513,504,13.189503
555,504,14.9112
506,505,12.898904
527,505,6.1319847
533,505,8.882123
512,506,10.1354
533,506,8.7866
540,506,14.032912
528,507,9.315978
551,507,9.104424
538,508,10.737096
521,509,13.317954
536,509,6.289187
573,509,13.6508465
529,510,8.80523
523,511,11.827216
554,511,10.676358
578,511,13.690709
540,512,6.950169
559,512,11.754249
550,513,8.881289
561,513,13.030365
520,514,7.3198085
526,514,7.626517
530,514,14.69644
546,514,14.503093
547,514,9.759088
577,514,14.2354
524,515,11.257364
532,515,10.949891
545,515,8.929963
553,516,8.590127
556,516,8.637261
564,516,14.789163
519,517,5.4118967
525,517,14.611752
541,518,6.0843725
525,519,9.206988
526,520,14.797254
546,520,7.9034014
577,520,11.493224
536,521,12.527238
557,522,7.908783
534,523,12.79929
554,523,9.355048
542,524,13.267577
545,524,9.122354
552,524,7.980109
570,525,10.952091
530,526,7.1315703
543,526,14.117489
547,526,5.762952
565,526,11.052512
530,527,13.995107
533,527,11.439457
543,527,10.083702
551,528,13.479479
558,528,12.560803
576,528,12.2425995
555,529,7.788433
586,529,13.276321
543,530,7.1209817
547,530,8.097903
565,530,8.007947
549,531,13.983316
567,531,10.183872
582,531,9.890234
544,532,13.803427
545,532,13.4220295
563,532,7.7552414
569,532,9.510056
585,532,13.394389
572,533,9.426787
562,534,12.200342
593,534,13.213117
560,535,9.950397
580,535,11.541944
573,536,7.4684453
574,537,7.6226416
605,537,14.653727
544,538,10.881999
571,539,9.066416
559,540,6.548871
591,540,9.368996
583,541,10.838514
552,542,7.2970724
556,542,11.915174
564,542,7.44063
590,542,10.283312
603,542,14.799216
547,543,13.209495
565,543,8.773561
569,544,8.69064
552,545,12.70569
563,545,12.316104
585,545,8.081591
594,545,10.305
602,545,14.614657
577,546,8.653615
598,546,10.739895
565,547,6.768765
577,547,14.908041
567,548,11.239764
596,548,9.5752325
566,549,8.195801
588,549,6.913663
561,550,9.927777
587,550,7.9197183
576,551,13.89178
579,551,8.524829
584,551,14.476744
564,552,13.214171
590,552,9.7046795
594,552,14.24918
602,552,12.703302
556,553,7.6001506
560,553,8.214241
564,553,14.2982235
595,553,9.306987
575,554,14.5078
578,554,6.1528115
610,554,13.835142
586,555,6.3325005
564,556,7.0347342
595,556,8.826319
603,556,11.950054
589,557,11.231189
600,557,12.787371
604,557,9.251378
576,558,14.136185
606,558,12.53701
566,559,14.813163
591,559,8.016141
592,559,10.5497
614,559,12.876218
580,560,14.417241
595,560,12.968669
587,561,9.507968
601,562,7.9225626
619,562,14.987488
569,563,7.5964947
585,563,7.6906853
594,563,14.539404
611,563,9.145243
590,564,9.575016
595,564,10.975147
603,564,8.078125
633,564,14.325738
588,566,5.6430163
592,566,9.026221
582,567,6.2243896
596,567,10.71516
607,567,8.086679
628,567,14.909345
622,568,12.588017
611,569,13.314467
581,570,12.481577
597,570,12.2789345
599,570,10.5391445
612,570,10.133045
636,570,14.236685
613,571,12.855064
609,572,9.232044
637,572,13.230148
605,574,7.217592
578,575,10.033511
583,575,10.079159
610,575,10.738958
620,575,14.869641
629,575,11.29184
579,576,8.27703
606,576,7.685099
632,576,12.605545
648,576,12.031302
649,576,14.183508
598,577,9.202677
610,578,7.85733
635,578,12.875996
584,579,14.848508
632,579,10.199672
648,579,14.471417
581,580,8.300772
599,580,13.201502
630,580,13.790417
599,581,6.5414343
630,581,10.936285
607,582,7.0828667
628,582,10.855372
620,583,9.06026
629,583,12.574953
639,584,12.271961
594,585,6.8957806
602,585,13.066935
611,585,8.285895
643,585,13.5438175
623,586,11.494891
638,586,12.805189
592,588,12.66789
604,589,8.874631
617,589,8.984145
602,590,9.986667
603,590,10.420334
633,590,13.381101
641,590,10.922479
592,591,11.598499
614,591,7.4704614
616,591,8.431852
650,591,14.140097
614,592,8.951841
652,592,13.374347
601,593,10.45057
615,593,6.5532355
619,593,10.221214
640,593,12.018371
602,594,6.187052
611,594,11.752474
643,594,11.40615
603,595,8.592629
627,595,7.8779206
633,595,12.631223
607,596,12.161365
622,596,12.69834
655,596,14.846567
612,597,7.4035816
621,597,6.322424
636,597,14.187949
613,598,13.225769
631,598,7.6425085
651,598,12.606914
612,599,12.843906
630,599,6.686671
636,599,10.926851
604,600,9.063218
618,600,13.543019
634,600,7.733282
642,600,10.392198
646,600,11.934595
615,601,12.079074
619,601,7.065158
653,601,12.493577
641,602,9.793804
643,602,13.308736
668,602,14.993797
627,603,10.371381
633,603,6.3930936
617,604,13.867491
642,604,13.965842
646,604,9.765235
624,605,12.240579
647,605,9.086827
665,605,14.134573
625,606,9.027638
632,606,14.91298
648,606,10.043151
649,606,8.821705
628,607,7.6446443
625,608,12.933511
626,608,11.699023
667,608,14.141923
637,609,10.727577
629,610,9.026265
635,610,5.4638386
654,610,13.669056
643,611,9.484146
621,612,7.0870976
636,612,6.975816
631,613,11.071676
663,613,14.775083
616,614,9.203921
650,614,12.066001
652,614,9.1449995
673,614,14.410652
619,615,7.5362544
640,615,7.374941
660,615,9.206583
679,615,14.881353
637,616,9.059004
650,616,6.1380596
670,616,12.909078
673,616,11.810559
645,617,7.087934
671,617,13.884321
634,618,8.381895
638,618,11.646417
642,618,14.041713
664,618,11.222999
674,618,12.89191
640,619,14.336748
653,619,8.877871
660,619,10.797906
678,619,14.951506
679,619,11.931881
629,620,8.618801
654,620,12.3186865
636,621,11.49096
682,621,12.528107
655,622,13.513598
638,623,11.984055
647,624,8.398474
653,624,12.37852
678,624,14.114374
687,624,14.30027
648,625,14.932513
649,625,10.111338
666,625,9.805436
667,626,12.961847
633,627,9.734294
659,627,8.965275
677,628,13.1999445
685,628,11.824548
635,629,9.535984
654,629,8.036943
636,630,11.194048
658,630,9.325285
672,630,12.660303
651,631,7.020353
663,631,9.236044
683,631,12.652579
639,632,11.541981
648,632,7.4573474
649,632,13.082712
662,632,13.017009
688,632,13.437862
641,633,12.747026
659,633,10.465496
681,633,13.237609
642,634,6.1591735
646,634,12.336962
664,634,14.58151
674,634,10.664955
686,634,13.9462595
640,635,13.279742
654,635,10.427721
680,635,13.553516
672,636,10.4057455
682,636,13.331264
650,637,8.463865
670,637,8.85367
673,637,13.657804
664,638,11.88953
676,639,10.723942
688,639,12.996385
660,640,9.44834
680,640,9.924791
668,641,11.770216
681,641,10.155553
646,642,7.444201
674,642,9.830027
686,642,8.342966
668,643,10.358947
657,645,9.61824
671,645,6.9340076
706,645,13.776976
686,646,10.408886
665,647,8.836168
687,647,12.584832
698,647,12.869666
649,648,5.6293063
662,648,7.261375
689,648,12.951024
662,649,6.4570737
666,649,10.709833
689,649,9.867824
652,650,14.593245
670,650,7.515298
673,650,6.1596947
663,651,8.423363
683,651,6.3259296
697,651,10.434862
673,652,12.760489
696,652,10.679723
660,653,13.835127
678,653,6.4449983
679,653,9.018355
687,653,14.549109
707,654,12.562581
719,654,13.605153
657,656,8.477899
671,656,14.122243
691,656,10.588717
671,657,5.796678
691,657,8.790432
706,657,10.679521
669,658,11.530679
672,658,11.289527
694,659,11.179139
700,659,8.904991
679,660,7.867817
680,660,11.888478
710,660,12.397504
684,661,11.793988
666,662,12.402831
688,662,14.486023
689,662,6.0930567
703,662,12.175242
728,662,14.501315
683,663,8.634503
695,663,8.698307
697,663,7.986052
718,663,11.362395
674,664,8.318557
701,664,8.747844
726,664,13.302387
687,665,14.569226
698,665,8.924731
714,665,9.591016
727,665,13.945655
689,666,9.062604
704,666,7.4691887
715,666,14.345825
725,666,13.688852
699,667,14.599749
715,667,9.946772
681,668,13.729654
711,668,11.217207
717,668,10.40423
694,669,13.813631
673,670,7.9770346
691,671,10.301019
706,671,7.2412667
682,672,13.615105
705,672,8.869926
722,672,10.109237
729,672,13.801407
696,673,11.662099
686,674,10.1971445
701,674,14.478612
726,674,13.247996
692,675,8.239265
702,675,14.963976
688,676,13.073021
685,677,7.4532795
739,677,13.811479
679,678,9.196187
687,678,9.364525
710,680,9.089766
700,681,14.267039
717,681,13.279992
723,681,10.7716875
705,682,9.586869
712,682,8.045617
729,682,13.794891
697,683,5.092312
718,683,12.078472
738,683,12.699585
731,684,12.351987
737,685,12.411481
744,685,14.539717
724,686,10.916412
698,687,8.693084
714,687,14.706583
727,687,12.298142
703,688,6.567086
733,688,14.701696
740,688,12.256165
703,689,14.095615
704,689,9.23466
728,689,9.246652
733,689,13.631612
693,690,6.660188
720,690,7.8159194
721,690,10.172584
706,691,8.043471
702,692,7.0855074
732,692,13.772894
760,692,13.832324
699,693,9.144284
720,693,8.493968
721,693,14.032369
700,694,10.312135
735,694,9.650401
752,694,13.527256
766,694,14.211208
697,695,11.271672
708,695,7.91343
718,695,8.426996
718,697,6.9884176
738,697,9.800113
754,697,13.863474
714,698,6.0533805
727,698,6.043163
753,698,14.153336
743,699,12.51068
759,699,12.556269
723,700,13.792403
734,700,8.820745
735,700,7.88634
752,700,13.4361925
762,700,13.351672
709,701,9.099622
726,701,9.377635
709,702,11.495943
732,702,8.1697645
760,702,12.604724
733,703,8.212459
740,703,8.946514
757,703,11.899035
715,704,10.633084
725,704,6.902885
728,704,9.588579
748,704,10.295226
751,704,14.975265
712,705,9.73651
722,705,9.246965
729,705,5.8009
742,705,11.202869
763,705,13.108361
719,707,9.083197
730,707,13.190824
718,708,14.971618
732,709,9.609479
745,710,12.029387
747,710,8.928626
761,710,10.598599
717,711,9.035149
720,711,13.541358
721,711,7.019471
741,711,12.398413
749,711,8.273354
782,711,14.825932
713,712,12.894816
729,712,10.093285
742,712,8.228554
736,713,9.577575
771,713,13.590012
727,714,6.007259
753,714,10.84108
725,715,7.0708556
743,715,10.413105
748,715,13.490678
751,715,9.038333
723,717,11.397794
741,717,6.837585
749,717,14.4426365
738,718,9.793251
754,718,8.620918
745,719,13.204681
769,719,13.5726595
721,720,6.5229893
749,720,11.301185
749,721,7.2254124
729,722,9.237121
763,722,9.984513
734,723,7.8670554
741,723,10.802608
762,723,13.215548
770,723,10.57043
785,723,14.75063
746,724,7.1070566
776,724,10.470877
788,724,14.493534
728,725,12.007606
743,725,14.402508
748,725,6.596503
751,725,8.110581
798,725,14.700156
765,726,8.431428
753,727,8.406485
733,728,10.02168
748,728,8.860019
758,728,6.571903
779,728,11.205182
781,728,13.934906
742,729,6.891125
763,729,8.040704
768,731,12.685482
773,731,14.094183
760,732,8.891174
740,733,9.221655
757,733,6.324819
758,733,8.0473
781,733,11.327129
735,734,8.874803
752,734,11.563925
762,734,6.6817136
770,734,9.855698
791,734,13.689363
752,735,5.6403155
762,735,8.597053
766,735,10.488216
791,735,13.908238
771,736,13.250107
739,737,11.818909
744,737,4.616222
764,737,12.43785
777,737,10.9158745
778,737,10.34709
803,737,14.953707
754,738,8.678645
772,738,9.276523
787,738,14.303368
744,739,7.910836
755,739,12.881348
764,739,5.5661025
777,739,10.4813385
800,739,14.395533
757,740,6.828144
784,740,10.224627
749,741,13.705887
770,741,13.989002
782,741,12.634693
785,741,9.209079
763,742,10.973135
751,743,8.386459
759,743,8.739669
801,743,13.649887
764,744,7.8223147
777,744,7.2418256
778,744,11.222371
803,744,14.259573
747,745,13.378387
761,745,6.783644
769,745,7.030774
786,745,14.231364
790,745,11.718262
810,745,13.519997
776,746,7.019576
788,746,12.831252
804,746,14.761544
756,747,13.157085
761,747,7.4210835
789,747,13.643068
790,747,13.546315
811,747,12.727814
751,748,10.3496275
758,748,11.069863
779,748,8.5312605
798,748,10.575898
782,749,8.225991
783,750,7.148531
802,750,10.664207
798,751,11.124556
801,751,11.136491
762,752,7.413395
766,752,6.487669
767,752,13.486912
791,752,9.713983
821,753,13.153854
772,754,10.08328
787,754,7.1441197
823,754,14.142626
764,755,12.896381
774,755,8.125757
799,755,12.674777
800,755,11.312283
789,756,7.989464
806,756,10.493989
811,756,14.960734
758,757,10.352567
781,757,8.835657
784,757,9.332672
779,758,7.6787853
781,758,7.363106
812,759,10.790557
780,760,7.8909326
809,760,11.001322
769,761,11.0651
790,761,8.347107
810,761,14.175783
811,761,13.6124
766,762,13.675711
770,762,8.500572
791,762,7.111329
815,762,13.7148905
793,763,10.656182
777,764,5.908133
800,764,9.906726
830,764,14.927156
805,765,9.003748
767,766,7.041688
791,766,13.595652
826,766,14.387567
792,767,14.43291
814,767,10.7781515
826,767,14.451166
795,768,10.549053
786,769,7.463261
790,769,10.467618
810,769,7.7562604
785,770,10.113097
791,770,10.691404
815,770,9.64403
819,770,11.637567
816,771,9.168889
822,771,14.66061
787,772,10.218902
807,773,12.235218
796,774,10.314191
799,774,4.856004
800,774,14.421123
833,774,12.087735
808,775,8.272366
813,775,13.273423
817,775,14.712706
818,775,7.6580105
825,775,12.25963
828,775,10.555483
788,776,5.934857
804,776,12.657208
778,777,10.54632
800,777,11.79324
803,777,10.260375
830,777,14.08661
831,777,12.97317
794,778,10.268818
803,778,5.772231
831,778,12.138934
846,778,14.71295
781,779,9.279712
798,779,10.143321
834,779,13.351044
809,780,6.8895764
820,780,8.580195
841,780,11.495424
784,781,13.822792
848,781,14.043407
785,782,12.892973
794,783,14.634738
802,783,6.077543
808,783,12.438642
817,783,9.173552
825,783,13.976873
827,783,11.999111
797,784,13.974596
838,784,14.596822
843,784,12.389288
815,785,13.227042
819,785,7.5784593
847,785,14.774423
810,786,8.70057
823,787,7.082042
850,787,13.316308
806,789,8.290191
811,789,8.187924
836,789,14.216205
842,789,10.361607
810,790,8.168519
811,790,10.6009
837,790,10.893791
815,791,9.659636
852,791,14.426307
793,792,7.322462
814,792,8.951121
839,792,13.005796
839,793,9.270861
802,794,9.691592
803,794,11.60003
827,794,9.038678
835,794,8.283715
846,794,12.953857
824,795,9.218476
799,796,6.96039
807,796,8.787335
832,796,8.472552
833,796,9.803694
855,796,13.791562
838,797,9.274441
801,798,9.825694
834,798,8.389942
832,799,13.334939
833,799,7.5256896
830,800,6.921644
812,801,11.830645
834,801,13.880367
817,802,11.186995
827,802,6.1117077
835,802,11.770828
831,803,6.37231
835,803,13.417357
846,803,10.035329
849,803,13.950281
813,804,7.842381
844,804,7.6690016
862,804,13.775178
851,805,12.638321
836,806,7.609252
842,806,12.117454
832,807,7.310693
855,807,12.607197
817,808,6.5298405
818,808,5.453542
825,808,4.72661
828,808,10.792871
820,809,9.928408
841,809,7.3091273
857,809,13.684344
860,810,13.012449
837,811,7.9096904
842,811,10.039034
829,812,12.437328
818,813,13.278794
828,813,9.3400755
844,813,11.811207
861,813,13.8968
826,814,10.642423
853,814,10.569131
819,815,8.184247
847,815,8.90636
822,816,8.511781
845,816,8.595448
863,816,11.807943
818,817,10.811568
825,817,5.2858415
827,817,14.042922
825,818,6.262514
828,818,5.3440433
861,818,13.802235
847,819,7.206998
873,819,13.601726
841,820,7.667252
858,820,11.656759
840,822,8.426582
845,822,5.762935
863,822,14.358543
875,822,12.923023
850,823,6.537887
854,823,12.038956
856,824,6.9803786
878,824,14.365577
828,825,10.511502
880,825,14.505156
884,825,14.3489275
852,826,11.518726
853,826,9.326042
870,826,10.1318
835,827,6.459802
846,827,14.275451
861,828,9.404882
831,830,14.491565
849,830,9.489494
835,831,14.184511
846,831,7.47874
849,831,8.054566
868,831,13.44343
833,832,10.4534445
855,832,5.881415
866,832,10.729547
891,832,13.611102
855,833,11.624013
866,833,9.823914
879,833,11.00283
864,834,11.291631
869,834,12.1154585
887,834,12.872601
846,835,7.816977
868,835,10.414037
893,835,13.743844
842,836,11.816317
872,836,11.013032
842,837,10.78097
876,837,11.153028
896,837,14.544145
843,838,11.56861
871,838,9.288629
882,838,13.725547
883,838,14.174679
867,839,8.50004
874,839,11.981079
845,840,10.322048
854,840,14.423477
865,840,7.4538713
875,840,12.548531
857,841,9.118446
858,841,8.804541
848,843,11.487738
871,843,11.89163
883,843,11.27026
862,844,6.159465
863,845,8.952382
865,845,14.490343
875,845,7.948975
900,845,13.676419
849,846,13.264439
868,846,7.058456
893,846,12.558155
873,847,6.9779015
886,847,12.882694
889,847,11.7106085
912,847,14.138553
864,848,10.710366
854,850,10.456453
878,850,13.323313
888,851,10.985351
914,851,12.949511
870,852,13.458413
889,852,12.825405
892,852,12.48999
899,852,10.27101
870,853,5.4632416
874,853,13.576953
890,853,8.340925
892,853,12.930737
903,853,11.041835
865,854,11.501024
901,854,10.301615
866,855,6.416241
879,855,12.678634
891,855,7.7301335
878,856,7.675684
898,856,10.409927
858,857,10.891009
915,857,12.298774
881,859,10.941256
882,859,11.197587
916,859,12.194491
876,860,11.167095
881,860,12.978998
880,861,14.71348
907,861,10.819802
913,862,14.952631
928,862,14.994722
875,863,9.181823
877,863,14.956846
900,863,12.873334
904,863,9.363128
923,863,13.175783
887,864,9.295743
905,864,9.795111
875,865,12.075943
900,865,13.334661
901,865,13.497195
924,865,13.598571
926,865,13.761137
879,866,6.2946196
891,866,7.1117306
874,867,5.3829083
895,867,10.1476345
893,868,5.6351976
887,869,7.681525
897,869,9.143086
905,869,14.606735
911,869,9.370469
890,870,7.969867
892,870,7.5006294
899,870,12.838558
903,870,7.123187
930,870,13.0908785
882,871,10.022864
883,871,6.0422416
910,871,7.2344217
936,871,14.392011
894,872,7.677303
902,872,7.5818915
885,873,13.108707
886,873,7.5779614
889,873,9.441276
912,873,7.453634
890,874,10.301517
895,874,14.450054
900,875,5.7274456
904,875,12.806832
923,875,12.435319
924,875,12.286419
896,876,9.277231
909,876,7.317938
895,877,10.346614
904,877,13.978019
898,878,9.632975
917,878,9.63975
891,879,11.539893
884,880,4.8991375
916,881,11.009678
921,881,9.110987
883,882,14.939015
910,882,10.122437
916,882,12.439722
936,882,14.511222
910,883,7.2697
936,883,13.046486
886,885,5.8558307
906,885,8.064932
933,885,11.077431
906,886,12.964982
912,886,9.529118
933,886,10.27309
940,886,13.394368
897,887,14.053553
905,887,7.09487
911,887,10.09593
914,888,9.860226
918,888,8.03417
899,889,12.7764
912,889,9.489912
922,889,12.575742
946,889,13.410716
892,890,11.640729
903,890,6.1798606
930,890,10.666572
954,890,14.3947525
925,891,8.999598
899,892,6.362357
903,892,6.1462145
922,892,11.068618
930,892,9.1706295
949,892,12.102119
902,894,12.131759
909,896,7.432484
929,896,14.89869
932,896,9.01174
956,896,13.619186
911,897,6.5133524
927,897,12.908177
945,897,10.609092
917,898,14.277859
938,898,8.669213
903,899,12.362943
922,899,6.1269135
930,899,13.619207
949,899,13.570832
964,899,14.654094
904,900,12.170843
923,900,9.232803
924,900,7.2863965
947,900,9.921789
926,901,8.84653
934,901,10.304099
929,902,8.657561
930,903,6.0698485
949,903,11.918543
954,903,13.963226
957,903,12.963229
923,904,5.788217
947,904,12.47894
951,904,10.740769
911,905,13.377171
919,906,11.300234
933,906,11.264593
948,906,9.253657
953,906,10.609186
961,907,14.045013
913,908,11.555104
914,908,11.091754
935,908,7.7674007
941,908,14.838593
942,908,9.093463
943,908,13.854391
932,909,12.776615
956,909,11.537073
936,910,7.1585493
945,911,6.697178
968,911,13.276539
933,912,11.872934
940,912,8.170695
946,912,9.649632
928,913,7.1183124
935,913,7.716436
941,913,6.4985743
918,914,10.965953
942,914,10.610075
943,914,7.5515075
952,914,14.620807
966,914,13.333939
918,915,11.514672
944,915,7.69849
952,915,14.757872
921,916,11.980703
959,916,14.460906
934,917,8.86714
943,918,11.64088
952,918,8.015381
937,919,9.467153
948,919,10.956167
931,920,12.748174
939,920,5.2876678
963,921,10.538668
930,922,14.9089985
946,922,12.74463
949,922,11.955115
962,922,11.170028
964,922,10.373967
924,923,13.458405
947,923,6.6913466
951,923,7.0114317
969,923,12.403682
926,924,10.433819
947,924,9.849961
969,924,13.528529
970,925,11.29117
934,926,14.201437
960,926,8.763291
937,927,7.811522
945,927,14.5887375
972,927,10.162959
935,928,12.541681
941,928,5.789363
932,929,8.121521
981,929,14.291409
949,930,6.58323
954,930,10.073322
957,930,6.9471493
964,930,12.740378
976,930,13.070789
939,931,8.2218075
956,932,9.438134
940,933,7.967489
948,933,12.580701
953,933,7.5566792
960,934,14.0153475
973,934,10.563265
941,935,7.73818
942,935,9.807415
983,935,13.068197
959,936,10.768615
967,936,8.036151
972,937,12.089029
946,940,8.368504
953,940,13.913054
983,941,13.142036
943,942,7.448148
966,942,8.688378
982,942,14.481741
983,942,14.820899
952,943,10.413183
966,943,5.8247113
982,943,11.256581
974,944,9.74493
975,944,8.418838
968,945,7.9069247
962,946,7.7007046
951,947,7.376806
969,947,6.4276958
999,947,13.978624
953,948,6.0527973
978,948,9.506302
954,949,13.101097
957,949,5.6971216
964,949,6.29243
976,949,12.623116
988,949,10.686103
993,949,14.537285
954,950,11.333621
958,950,14.794571
977,950,7.7060146
989,950,11.190326
969,951,9.123202
999,951,14.685077
966,952,11.136279
974,952,12.2581415
982,952,11.284521
1006,952,14.184668
978,953,13.092564
1003,953,13.755563
957,954,7.9675326
976,954,6.696801
977,954,10.283052
988,954,14.733308
993,954,11.901396
1001,954,13.0099745
961,955,11.048427
984,955,12.899787
991,956,13.84619
964,957,10.786802
976,957,7.0974383
988,957,8.880351
993,957,10.095263
989,958,14.76573
998,958,10.777161
967,959,11.381199
986,959,11.603756
992,959,8.959487
973,960,9.668301
1004,960,11.90573
980,961,12.945105
1022,961,14.761648
964,962,10.497647
1014,962,14.964548
995,963,13.462202
1000,963,12.204148
1011,963,12.356548
988,964,10.593371
979,965,9.54594
1005,965,10.510335
982,966,6.0342875
987,967,7.2790327
992,967,11.726969
1013,968,13.9357815
999,969,7.557903
979,970,9.6563225
1008,970,9.974071
981,971,11.776936
985,971,10.990939
994,971,9.667709
996,972,11.970088
997,972,7.336882
1020,972,13.327444
1027,972,13.65944
990,973,10.103401
1004,973,9.40701
975,974,5.7178106
1006,974,13.529081
1007,974,13.655459
1018,974,10.659784
1007,975,9.690135
1018,975,12.579706
977,976,10.608268
988,976,9.221786
993,976,5.2046084
1001,976,8.276406
989,977,6.8019023
993,977,13.419165
1001,977,8.483715
996,978,12.198421
1003,978,11.459773
1016,978,9.677194
1029,978,14.301266
1005,979,8.899213
1008,979,11.384535
1028,979,12.208639
991,981,13.288589
994,981,9.385267
1019,981,9.237502
1033,981,14.801656
1035,981,14.631396
1006,982,9.228472
1024,985,8.538728
1037,985,13.537539
992,986,9.886962
995,986,6.335033
1026,986,12.606829
992,987,14.040472
1023,987,8.886923
993,988,6.6456447
1001,988,13.876547
998,989,14.6926775
1001,989,11.361819
1036,989,13.813007
1039,989,14.664853
1002,990,12.283694
1004,990,14.343487
1030,990,10.184882
1015,991,8.596483
1035,991,13.51636
1026,992,7.797185
1001,993,7.2360997
1036,993,14.794355
1019,994,6.230077
1033,994,8.080668
1035,994,13.361135
1037,994,14.387088
1049,994,10.6695595
1011,995,9.599312
1043,995,13.127891
997,996,7.21881
1016,996,11.818581
1020,996,8.386585
1027,996,14.166375
1029,996,7.2269197
1045,996,12.217839
1020,997,6.0280714
1027,997,8.433855
1029,997,12.274417
1045,997,12.012174
1039,998,12.290797
1032,999,9.706819
1011,1000,10.289648
1025,1000,8.763178
1068,1000,14.03227
1036,1001,9.481861
1017,1002,8.652747
1042,1002,10.948008
1050,1002,14.733881
1016,1003,10.126835
1046,1003,11.090055
1021,1004,8.303096
1030,1004,12.903496
1065,1004,13.883729
1008,1005,14.390422
1028,1005,9.596899
1018,1006,10.443149
1055,1006,13.767516
1071,1006,14.977591
1018,1007,12.245436
1034,1007,7.462486
1048,1007,12.328135
1057,1007,14.914593
1028,1008,7.7805533
1051,1008,13.073026
1069,1008,14.472968
1047,1009,10.582676
1012,1010,10.8197365
1040,1010,11.382912
1043,1011,13.783733
1068,1011,14.83506
1060,1012,11.8028345
1027,1013,9.41362
1031,1014,8.678833
1041,1014,8.207708
1061,1014,11.492284
1025,1015,9.775107
1029,1016,8.26411
1046,1016,13.423858
1042,1017,10.977141
1059,1017,9.573003
1034,1018,13.995776
1048,1018,11.11566
1056,1018,9.377189
1071,1018,14.798471
1078,1018,14.780577
1033,1019,5.8985267
1035,1019,7.265069
1049,1019,10.925251
1027,1020,6.6470013
1029,1020,9.190867
1045,1020,6.010025
1032,1021,13.188029
1062,1021,10.03036
1065,1021,12.636047
1038,1022,9.599013
1044,1023,10.0242405
1053,1023,7.917924
1037,1024,5.5608044
1049,1024,14.824705
1068,1025,10.959772
1077,1026,10.140503
1045,1027,9.998558
1051,1028,14.297179
1069,1028,10.360546
1075,1028,11.844569
1045,1029,8.784069
1042,1030,14.280467
1050,1030,9.537068
1065,1030,13.250249
1074,1030,11.063197
1088,1030,13.490046
1041,1031,10.53224
1046,1031,14.4359255
1054,1031,8.524707
1061,1031,8.142099
1062,1032,11.6545725
1087,1032,12.18268
1035,1033,8.550155
1037,1033,14.435139
1049,1033,5.3226495
1076,1033,11.713748
1086,1033,13.616859
1048,1034,7.3230014
1056,1034,13.867364
1057,1034,8.597619
1078,1034,13.63825
1049,1035,13.4122
1070,1035,9.107447
1086,1035,14.466383
1079,1036,12.138487
1101,1036,13.9303055
1049,1037,10.192701
1076,1037,12.497268
1063,1038,8.468441
1099,1038,13.436643
1073,1039,10.012687
1079,1039,12.143424
1080,1039,8.19208
1085,1040,11.844057
1061,1041,6.300446
1097,1041,13.260558
1050,1042,6.669302
1059,1042,9.433431
1083,1042,9.171539
1088,1042,13.242457
1104,1042,11.306717
1113,1042,14.993307
1077,1043,11.60867
1082,1043,10.8846445
1111,1043,14.26411
1053,1044,8.7292385
1058,1044,7.050576
1090,1044,12.549174
1094,1044,9.227456
1091,1045,14.649581
1054,1046,7.41285
1092,1046,9.403744
1051,1047,11.780524
1084,1047,8.840973
1096,1047,12.438162
1056,1048,6.9169073
1057,1048,13.115266
1078,1048,6.683368
1108,1048,12.580522
1076,1049,7.2952485
1086,1049,12.97454
1074,1050,10.816385
1083,1050,12.640768
1088,1050,7.672338
1104,1050,9.257264
1069,1051,9.200833
1084,1051,9.778681
1106,1052,12.502135
1107,1052,12.974245
1094,1053,11.934174
1122,1053,14.656526
1061,1054,11.351809
1092,1054,8.762887
1067,1055,13.735356
1071,1055,7.6078
1089,1055,8.047317
1098,1055,10.954571
1118,1055,13.088856
1071,1056,8.964666
1078,1056,6.033652
1098,1056,12.960198
1108,1057,13.333415
1115,1057,12.231823
1064,1058,13.402931
1090,1058,7.098817
1094,1058,9.610677
1083,1059,6.709221
1104,1059,14.985074
1113,1059,13.982981
1114,1059,11.373206
1066,1060,11.433383
1081,1060,9.870018
1097,1061,14.965165
1125,1061,14.858034
1065,1062,11.025205
1087,1062,8.493516
1103,1062,11.077245
1105,1062,9.19542
1124,1062,14.149901
1066,1063,11.474568
1099,1063,10.837066
1110,1063,11.782882
1090,1064,12.81515
1116,1064,11.725995
1074,1065,8.843111
1103,1065,9.214673
1105,1065,13.605213
1120,1065,11.7360325
1089,1067,9.485229
1082,1068,13.330982
1093,1068,12.6589985
1117,1068,13.869286
1075,1069,6.677307
1086,1070,12.407762
1109,1070,10.421687
1078,1071,12.119454
1089,1071,13.420355
1098,1071,6.43742
1118,1071,11.468685
1075,1072,8.594305
1126,1072,11.465011
1079,1073,14.878873
1080,1073,5.4945397
1102,1073,7.7018147
1112,1073,9.134489
1088,1074,6.606559
1103,1074,13.423411
1104,1074,13.353016
1120,1074,10.522662
1135,1074,12.599536
1126,1075,14.707313
1086,1076,10.051671
1119,1076,12.429904
1144,1076,13.122166
1111,1077,13.19137
1098,1078,13.219123
1108,1078,10.125561
1121,1078,9.419104
1080,1079,9.384859
1101,1079,8.74941
1112,1079,13.009564
1129,1079,13.902137
1102,1080,12.038047
1112,1080,7.912716
1085,1081,10.577712
1111,1082,12.946005
1117,1082,11.620133
1140,1082,12.020969
1088,1083,14.806812
1104,1083,8.841251
1113,1083,7.4720287
1114,1083,8.604568
1096,1084,13.172441
1137,1085,12.860092
1144,1086,12.745761
1103,1087,13.976146
1105,1087,8.24248
1124,1087,9.694016
1104,1088,6.7489142
1113,1088,13.65148
1120,1088,13.969589
1131,1088,11.15572
1135,1088,11.78744
1098,1089,12.770033
1118,1089,11.065757
1133,1089,10.354988
1094,1090,8.610966
1116,1090,9.3828745
1123,1090,12.487517
1134,1091,9.022501
1127,1092,9.192324
1109,1093,9.577164
1139,1093,11.297194
1122,1094,10.169493
1123,1094,7.057556
1151,1094,13.77669
1101,1095,8.124256
1128,1095,12.858237
1129,1095,12.3310995
1136,1095,9.709698
1137,1096,13.240287
1125,1097,12.6974
1128,1097,14.754956
1142,1097,12.66093
1147,1097,12.151077
1118,1098,5.7143316
1133,1098,13.318789
1149,1098,12.04119
1110,1099,4.8038554
1132,1099,10.827637
1152,1100,13.690315
1129,1101,7.834497
1136,1101,13.822124
1112,1102,9.898049
1143,1102,9.136511
1105,1103,6.3186064
1120,1103,6.9795256
1124,1103,10.649851
1130,1103,8.28362
1148,1103,13.510759
1113,1104,7.069429
1114,1104,14.810053
1131,1104,8.673889
1135,1104,14.658125
1120,1105,12.751928
1124,1105,5.613778
1130,1105,10.567326
1148,1105,11.301784
1107,1106,9.537195
1146,1106,10.721649
1138,1107,10.01924
1115,1108,7.721243
1121,1108,7.2088904
1167,1108,14.310609
1139,1109,12.51715
1150,1109,11.394853
1132,1110,12.767896
1169,1110,14.003704
1140,1111,11.836589
1154,1111,10.464926
1143,1112,11.484414
1145,1112,7.71201
1168,1112,13.276109
1114,1113,8.768957
1131,1113,9.166391
1153,1113,9.56727
1163,1113,13.985648
1153,1114,12.389994
1155,1114,14.336754
1121,1115,14.000175
1167,1115,14.591468
1139,1117,14.104004
1140,1117,9.889209
1158,1117,9.614686
1173,1117,14.363222
1133,1118,7.862521
1149,1118,10.651384
1166,1118,11.844498
1144,1119,12.158221
1160,1119,10.680876
1130,1120,7.1756105
1135,1120,8.046555
1162,1120,11.165055
1149,1121,12.355619
1167,1121,12.744706
1123,1122,6.1100698
1151,1122,10.479104
1159,1122,8.995918
1151,1123,7.0779624
1159,1123,11.38635
1130,1124,10.5766735
1148,1124,7.048819
1147,1125,10.233139
1161,1125,8.983328
1182,1125,14.910904
1155,1126,11.255294
1175,1126,11.685237
1164,1127,14.150716
1191,1127,12.62421
1136,1128,7.214823
1142,1128,6.329726
1147,1128,14.373076
1184,1128,14.695384
1187,1128,12.514527
1136,1129,11.681804
1180,1129,10.972954
1135,1130,12.162562
1148,1130,8.290366
1162,1130,8.391669
1188,1130,11.931038
1194,1130,12.574109
1135,1131,9.7137575
1153,1131,11.257216
1163,1131,7.1994505
1179,1131,14.03077
1146,1132,10.357366
1169,1132,14.460702
1176,1132,13.642917
1195,1132,13.650381
1166,1133,8.557643
1164,1134,10.714383
1177,1134,10.48538
1162,1135,9.597602
1163,1135,12.18292
1179,1135,10.0866785
1142,1136,12.856342
1187,1136,11.796157
1171,1137,14.010544
1189,1138,13.902989
1199,1138,11.750862
1150,1139,7.8223166
1172,1139,13.849069
1173,1139,10.939504
1154,1140,9.326889
1158,1140,8.072073
1174,1140,9.806379
1192,1140,13.884008
1183,1141,12.474555
1147,1142,8.189253
1182,1142,14.33069
1184,1142,10.039126
1187,1142,12.570395
1145,1143,11.730693
1168,1143,9.632042
1170,1143,9.5841055
1160,1144,9.891255
1168,1145,7.328822
1178,1145,7.9941707
1176,1146,7.655863
1181,1146,8.9453335
1195,1146,14.057815
1161,1147,12.059818
1182,1147,8.828022
1184,1147,10.586288
1162,1148,13.357236
1188,1148,8.331998
1194,1148,13.233813
1166,1149,12.452268
1196,1149,9.333531
1172,1150,6.359619
1210,1150,12.290228
1159,1151,9.121143
1186,1151,10.126677
1216,1151,13.357101
1190,1152,7.7672763
1163,1153,10.146896
1213,1153,12.034189
1158,1154,14.225859
1174,1154,7.533531
1175,1155,6.5628614
1214,1155,12.580918
1218,1155,11.963587
1185,1156,9.827386
1209,1156,12.621684
1171,1157,7.961806
1198,1157,8.901642
1225,1157,14.894618
1173,1158,9.269131
1174,1158,9.4830675
1192,1158,7.386555
1216,1159,11.79801
1182,1161,10.219957
1206,1161,8.811544
1179,1162,7.1922827
1188,1162,10.915178
1194,1162,6.8676314
1203,1162,8.076859
1204,1162,14.250856
1228,1162,14.299085
1179,1163,10.282051
1204,1163,10.285205
1213,1163,14.827617
1220,1163,13.945132
1224,1163,10.874012
1177,1164,7.458188
1191,1164,12.925306
1223,1164,12.132976
1201,1165,8.052997
1219,1165,13.843395
1196,1166,11.923853
1205,1166,8.632727
1222,1167,12.126705
1170,1168,13.067228
1178,1168,8.724725
1212,1168,9.09295
1183,1169,12.053403
1195,1169,11.615854
1211,1169,11.419257
1232,1169,10.500683
1197,1170,10.662386
1212,1170,13.182723
1227,1170,10.964471
1198,1171,8.876394
1207,1171,8.513917
1230,1171,11.666851
1200,1172,14.366564
1210,1172,10.024147
1233,1172,10.746258
1192,1173,9.192024
1210,1173,13.66127
1249,1173,14.367833
1192,1174,8.678226
1240,1174,11.305032
1185,1175,10.177834
1214,1175,8.261789
1218,1175,10.99422
1229,1175,11.710865
1181,1176,6.203767
1189,1176,14.013908
1195,1176,8.510475
1236,1176,10.088623
1193,1177,8.67314
1217,1177,14.229999
1223,1177,14.894698
1238,1177,10.940294
1180,1178,9.066657
1202,1178,8.006738
1212,1178,13.369389
1244,1178,13.687725
1194,1179,10.148186
1203,1179,6.780919
1204,1179,7.468804
1224,1179,13.755658
1228,1179,14.733138
1241,1179,13.481093
1245,1179,14.87032
1202,1180,6.9213147
1235,1180,9.729787
1189,1181,7.918262
1195,1181,14.488151
1236,1181,11.400226
1246,1181,13.578903
1184,1182,8.588213
1206,1182,8.252351
1243,1182,10.699678
1211,1183,7.1071196
1215,1183,10.732766
1231,1183,9.211865
1232,1183,13.972974
1187,1184,10.054554
1226,1184,11.675668
1243,1184,12.725657
1258,1184,14.670542
1209,1185,14.446519
1214,1185,12.428798
1229,1185,8.485635
1260,1185,14.747062
1216,1186,11.94704
1226,1187,8.031019
1194,1188,6.654254
1203,1188,11.848443
1228,1188,10.873531
1239,1188,9.562385
1199,1189,8.850082
1246,1189,12.862745
1217,1190,14.104517
1223,1191,10.376086
1240,1192,9.673538
1249,1192,13.0148945
1217,1193,5.7357373
1238,1193,8.684096
1247,1193,10.177345
1250,1193,12.610509
1203,1194,5.240123
1204,1194,14.536501
1228,1194,7.7798514
1239,1194,12.351112
1241,1194,11.687464
1232,1195,12.906515
1236,1195,11.308953
1252,1195,12.077383
1205,1196,14.352314
1221,1196,6.8880343
1253,1196,11.9816265
1227,1197,10.313645
1207,1198,11.914383
1215,1198,12.947888
1225,1198,7.3303466
1230,1198,7.2639847
1251,1198,11.778374
1237,1200,14.949016
1209,1201,12.617257
1219,1201,14.580652
1235,1202,8.47118
1244,1202,10.145078
1255,1202,10.033714
1204,1203,9.388287
1228,1203,7.958251
1241,1203,8.2551
1245,1203,11.70713
1220,1204,11.164412
1224,1204,6.993667
1241,1204,10.793116
1245,1204,9.455981
1256,1204,11.102598
1208,1205,10.176289
1248,1205,13.170682
1243,1206,10.978529
1219,1207,13.409929
1230,1207,8.696587
1242,1207,7.450949
1248,1208,7.8899627
1260,1209,14.4529915
1233,1210,7.2222056
1249,1210,14.869157
1263,1210,13.941849
1215,1211,12.974949
1231,1211,8.235018
1232,1211,7.742407
1261,1211,11.202941
1268,1211,11.420125
1227,1212,12.412281
1244,1212,10.825597
1273,1212,13.015662
1218,1213,11.752189
1220,1213,6.7966557
1224,1213,9.710647
1269,1213,11.663212
1218,1214,6.1995654
1229,1214,7.4357843
1267,1214,12.5794325
1225,1215,7.6731577
1231,1215,5.6970134
1251,1215,12.355343
1261,1215,12.696502
1254,1216,10.892722
1238,1217,9.840898
1247,1217,7.291359
1250,1217,7.3978486
1266,1217,13.522696
1229,1218,13.530036
1267,1218,10.93104
1242,1219,8.303526
1275,1219,11.54664
1224,1220,4.261312
1245,1220,14.352198
1256,1220,10.280887
1269,1220,10.447134
1253,1221,8.090915
1277,1221,14.435683
1278,1222,12.145555
1238,1223,14.883681
1245,1224,12.097471
1256,1224,9.802654
1269,1224,14.459224
1230,1225,9.559418
1231,1225,12.434671
1251,1225,6.3933597
1283,1225,13.384246
1258,1226,9.809669
1259,1226,8.359117
1282,1226,12.904671
1274,1227,10.526024
1239,1228,9.100645
1241,1228,6.8008175
1245,1228,12.057517
1262,1228,8.084997
1291,1228,13.856257
1260,1229,10.984592
1242,1230,13.015992
1251,1230,9.436813
1261,1231,7.9657364
1268,1231,13.619722
1252,1232,8.913316
1261,1232,14.7792
1268,1232,10.110573
1284,1232,14.926945
1257,1233,8.382614
1281,1233,12.318482
1265,1234,10.887559
1271,1234,9.484182
1255,1235,8.968125
1246,1236,8.019452
1252,1236,13.044113
1270,1236,9.28565
1280,1236,10.950387
1288,1237,13.046206
1247,1238,6.439204
1250,1238,11.896817
1287,1238,13.82698
1262,1239,8.390466
1276,1239,11.231531
1249,1240,12.7959175
1245,1241,5.257507
1256,1241,11.274532
1262,1241,11.581902
1285,1241,10.773068
1291,1241,11.357708
1275,1242,11.142168
1258,1243,9.88557
1289,1243,14.518814
1255,1244,9.081646
1273,1244,11.137097
1279,1244,10.55639
1256,1245,6.0180087
1285,1245,7.914887
1291,1245,11.871223
1270,1246,7.651753
1280,1246,12.513034
1302,1246,14.949342
1250,1247,5.6449075
1266,1247,12.635858
1287,1247,9.540547
1292,1247,14.785222
1263,1249,8.641619
1266,1250,7.2191195
1287,1250,10.361058
1283,1251,8.700643
1268,1252,12.668381
1280,1252,11.038356
1284,1252,8.567822
1277,1253,6.632756
1264,1254,13.680314
1299,1254,12.238266
1279,1255,10.2761135
1300,1255,11.810595
1269,1256,14.025542
1285,1256,8.471653
1281,1257,9.299079
1304,1257,11.432734
1259,1258,7.1187725
1282,1258,12.202895
1289,1258,7.6221805
1282,1259,5.5888286
1289,1259,9.57437
1306,1259,13.915836
1297,1260,14.506786
1310,1260,13.882897
1268,1261,7.89822
1283,1261,12.245517
1295,1261,9.101691
1276,1262,10.841143
1291,1262,10.25968
1281,1263,9.365013
1308,1263,11.40539
1272,1264,6.6232424
1299,1264,13.730939
1305,1264,11.8210335
1271,1265,9.190349
1287,1266,12.888924
1269,1267,10.886
1284,1268,11.899019
1295,1268,11.617688
1309,1269,11.560516
1280,1270,5.330949
1302,1270,10.107376
1326,1270,13.356211
1305,1272,9.659632
1274,1273,12.431818
1279,1273,11.147004
1296,1273,9.049052
1312,1273,11.381872
1290,1274,7.536122
1296,1274,8.647431
1321,1274,11.488613
1316,1275,13.372964
1290,1276,14.8761215
1293,1276,7.1031685
1317,1277,9.835447
1318,1278,10.448166
1300,1279,8.697725
1312,1279,11.99831
1328,1279,10.170841
1284,1280,10.307068
1302,1280,12.026226
1307,1280,11.025157
1326,1280,11.461005
1304,1281,10.535297
1308,1281,10.382354
1289,1282,11.541505
1306,1282,8.521723
1295,1283,11.191278
1323,1283,9.957036
1307,1284,8.032653
1326,1284,14.510477
1291,1285,7.2492876
1313,1285,10.970857
1314,1285,9.173964
1322,1285,14.275519
1297,1286,8.873177
1315,1286,9.179161
1292,1287,8.728727
1298,1288,9.473094
1303,1288,11.698344
1311,1288,8.363275
1293,1290,10.11354
1296,1290,13.50223
1319,1290,8.982368
1321,1290,9.843482
1313,1291,6.910547
1314,1291,12.315424
1301,1292,6.553604
1327,1292,14.376238
1337,1292,12.292782
1319,1293,8.269926
1320,1294,8.795523
1323,1295,11.515284
1312,1296,9.096031
1321,1296,9.627389
1334,1296,10.373174
1310,1297,12.343508
1315,1297,13.680221
1311,1298,6.656035
1305,1299,13.7193365
1329,1299,7.3272595
1306,1300,14.451877
1328,1300,11.135292
1344,1300,14.332897
1350,1300,13.89581
1327,1301,8.235196
1337,1301,12.72338
1326,1302,8.4958315
1335,1302,8.889104
1336,1302,10.796563
1304,1303,10.000192
1311,1303,13.745827
1331,1303,6.828788
1308,1304,14.524804
1331,1304,10.879478
1333,1305,7.6788416
1355,1305,14.044939
1344,1306,11.998261
1349,1306,12.288793
1326,1307,7.581629
1346,1307,11.612111
1322,1309,10.472569
1340,1309,10.339279
1351,1309,12.157379
1362,1309,13.673048
1348,1310,11.168051
1352,1310,12.393241
1328,1312,7.6925106
1334,1312,11.199295
1314,1313,9.944311
1339,1313,12.5349865
1357,1313,11.957292
1322,1314,7.8639107
1339,1314,6.744535
1353,1314,11.743502
1357,1314,14.889957
1316,1315,9.228229
1345,1315,11.403938
1364,1316,14.236693
1332,1317,9.19462
1341,1318,9.411729
1321,1319,8.524783
1361,1319,13.27052
1336,1320,9.773828
1334,1321,7.7648125
1361,1321,12.923675
1339,1322,9.52868
1340,1322,9.236421
1353,1322,9.839339
1358,1323,11.795127
1338,1324,7.707703
1356,1324,11.570588
1354,1325,9.222808
1335,1326,9.059856
1346,1326,8.669444
1337,1327,14.094635
1342,1327,9.768999
1360,1327,12.7278385
1367,1327,11.53291
1378,1327,14.66577
1350,1328,10.527847
1333,1329,14.062574
1333,1330,13.820521
1347,1330,11.521221
1368,1331,11.024591
1370,1331,10.249429
1355,1333,6.395129
1381,1333,12.780084
1361,1334,12.415446
1336,1335,7.2254477
1346,1335,10.006945
1376,1335,11.301811
1379,1335,13.808942
1379,1336,11.650664
1343,1337,10.768876
1367,1337,13.062705
1342,1338,10.485902
1356,1338,11.870189
1360,1338,13.462442
1365,1338,8.662326
1340,1339,13.401103
1353,1339,6.302332
1357,1339,10.893267
1375,1339,13.468959
1383,1339,10.610604
1351,1340,13.59149
1353,1340,8.557892
1362,1340,7.3637238
1375,1340,9.495349
1374,1341,9.441681
1380,1341,10.425777
1360,1342,6.018976
1365,1342,7.4173
1367,1342,13.397268
1378,1342,11.507237
1349,1344,8.842556
1350,1344,11.023702
1382,1344,10.520287
1352,1345,13.327853
1363,1345,5.9007235
1393,1345,13.676783
1376,1346,8.551977
1366,1347,5.6062574
1373,1347,14.965049
1391,1347,13.254794
1398,1347,13.578718
1352,1348,12.41208
1372,1348,10.439579
1389,1348,11.202516
1382,1349,9.27976
1388,1349,11.937453
1392,1350,10.573298
1362,1351,9.319195
1372,1351,11.687304
1363,1352,10.27318
1389,1352,13.451693
1393,1352,11.82414
1357,1353,14.972253
1362,1353,14.369391
1375,1353,7.3904123
1383,1353,8.580493
1399,1354,12.655839
1381,1355,7.697943
1394,1355,9.822763
1386,1356,10.171262
1405,1356,13.024461
1383,1357,11.503178
1403,1358,13.636891
1371,1359,11.121403
1377,1359,5.9570622
1365,1360,5.9659963
1367,1360,10.360531
1378,1360,6.08722
1396,1360,12.8940935
1400,1361,11.140973
1375,1362,11.051094
1393,1363,7.8114223
1411,1363,12.437054
1384,1364,9.884746
1390,1364,8.270847
1378,1365,11.316631
1373,1366,10.211256
1391,1366,7.671219
1398,1366,11.395739
1378,1367,6.614089
1396,1367,7.0527215
1407,1367,11.898867
1412,1367,12.332451
1370,1368,8.894729
1370,1369,12.015355
1373,1369,12.753226
1406,1369,11.366548
1377,1371,6.749432
1397,1371,8.02036
1389,1372,12.169304
1391,1373,7.415464
1406,1373,14.931188
1414,1373,12.362473
1380,1374,6.7480745
1417,1374,12.61109
1383,1375,9.165903
1379,1376,13.090137
1397,1377,12.220886
1396,1378,6.8346148
1407,1378,13.138642
1412,1378,10.604654
1430,1379,13.072637
1431,1379,13.469962
1417,1380,11.818459
1394,1381,9.522817
1409,1381,11.12147
1388,1382,11.906796
1402,1382,9.880888
1415,1382,9.647569
1385,1384,12.739015
1390,1384,12.80319
1420,1384,11.825748
1423,1384,12.45687
1403,1385,12.905099
1420,1385,12.111071
1388,1386,10.305389
1405,1386,12.169268
1422,1386,12.686833
1395,1387,7.786834
1432,1387,12.495083
1433,1387,14.842681
1415,1388,13.32941
1422,1388,10.341098
1393,1389,14.893915
1418,1389,9.44594
1419,1389,9.886544
1438,1389,14.698315
1413,1390,10.392343
1423,1390,11.56062
1398,1391,11.706077
1414,1391,9.208012
1427,1391,13.55567
1402,1392,11.035539
1416,1392,8.071268
1428,1392,13.076284
1411,1393,7.850169
1419,1393,12.256144
1434,1393,14.869956
1404,1394,10.117373
1433,1395,9.417648
1449,1395,14.677518
1407,1396,6.3075824
1412,1396,5.2807755
1425,1396,11.158175
1450,1396,14.770119
1404,1397,11.043745
1436,1397,12.209479
1440,1397,12.558249
1409,1398,10.63103
1427,1398,8.663368
1453,1398,13.419011
1401,1399,8.284178
1421,1399,9.641774
1426,1400,11.811165
1421,1401,5.6902747
1415,1402,9.955992
1416,1402,8.906131
1444,1402,13.50524
1429,1403,8.281912
1465,1403,14.627955
1436,1404,10.220402
1442,1405,9.794668
1414,1406,12.37813
1439,1406,13.754979
1443,1406,8.9968405
1456,1406,12.917145
1469,1406,14.883015
1412,1407,5.4890604
1425,1407,5.612861
1450,1407,10.937719
1437,1408,10.068477
1441,1408,7.0855336
1427,1409,13.298708
1453,1409,11.391018
1459,1409,11.904227
1447,1410,9.616158
1460,1410,11.42735
1413,1411,13.388263
1434,1411,7.0320354
1445,1411,9.975478
1451,1411,13.121584
1458,1411,14.079344
1425,1412,7.578716
1450,1412,9.7179
1423,1413,13.243229
1434,1413,9.8029785
1451,1413,10.440447
1427,1414,13.781594
1456,1414,10.165196
1457,1414,12.523541
1461,1414,10.647784
1422,1415,14.089576
1428,1416,10.130092
1444,1416,7.2956114
1471,1416,12.693195
1455,1417,10.909802
1476,1417,14.980198
1419,1418,8.979786
1438,1418,9.1353245
1438,1419,6.1542306
1445,1419,13.626023
1458,1419,10.439758
1423,1420,12.559132
1462,1422,8.980919
1466,1422,10.2751465
1446,1424,10.428213
1472,1424,11.164114
1450,1425,6.209979
1463,1426,11.073583
1473,1426,12.495765
1453,1427,7.532092
1457,1427,7.8908067
1461,1427,13.444191
1444,1428,10.888769
1463,1428,11.322948
1471,1428,11.95699
1491,1428,14.563087
1452,1429,11.122548
1465,1429,7.985279
1487,1429,13.43657
1431,1430,8.691448
1435,1430,13.927227
1454,1430,13.351168
1467,1430,8.838584
1454,1431,7.160581
1467,1431,11.933663
1482,1431,13.303018
1449,1432,12.162006
1449,1433,7.45249
1445,1434,8.906386
1451,1434,6.092536
1458,1434,14.629648
1448,1435,8.640713
1481,1435,12.869871
1440,1436,10.147031
1489,1436,11.300724
1441,1437,7.30406
1479,1437,12.300242
1485,1437,12.380995
1445,1438,13.288709
1458,1438,8.04316
1507,1438,14.935104
1443,1439,7.6375456
1469,1439,11.673902
1483,1439,9.711361
1446,1440,9.196294
1468,1440,7.8715754
1492,1440,12.071925
1485,1441,9.69947
1466,1442,11.730032
1470,1442,9.219362
1477,1442,8.305438
1500,1442,13.015162
1504,1442,14.83757
1456,1443,10.076464
1469,1443,6.7840567
1483,1443,11.228728
1471,1444,5.846043
1478,1444,13.887028
1491,1444,10.452793
1451,1445,11.715774
1458,1445,5.8085217
1468,1446,6.052125
1472,1446,9.567283
1492,1446,13.845336
1460,1447,8.808031
1480,1447,13.142562
1496,1447,12.791121
1501,1447,12.879534
1452,1448,12.531021
1475,1448,8.468359
1481,1448,7.194731
1493,1449,10.9260845
1508,1451,11.993506
1465,1452,12.075594
1475,1452,8.8670225
1487,1452,11.200517
1494,1452,9.91837
1457,1453,10.537768
1459,1453,12.126254
1503,1453,14.942882
1510,1453,13.586334
1467,1454,11.240082
1482,1454,6.1489305
1502,1454,13.879567
1476,1455,5.79809
1457,1456,14.165957
1461,1456,8.087932
1469,1456,8.397189
1488,1456,9.895568
1499,1456,11.813322
1461,1457,6.4181023
1488,1457,11.184938
1503,1457,11.220531
1507,1458,12.617891
1474,1459,13.2859125
1510,1459,14.176257
1520,1459,13.79951
1501,1460,11.629059
1488,1461,6.4819384
1499,1461,14.206471
1503,1461,12.738568
1466,1462,6.9127088
1504,1462,14.759013
1505,1462,10.56296
1473,1463,13.599617
1498,1463,9.40321
1506,1463,11.810719
1490,1464,9.014691
1497,1464,8.139397
1484,1465,11.858645
1487,1465,6.8584204
1494,1465,14.031048
1509,1465,10.898459
1477,1466,10.576941
1504,1466,10.63343
1505,1466,13.263696
1482,1467,14.239512
1502,1467,8.689447
1472,1468,11.412652
1492,1468,7.7960434
1511,1468,14.725948
1483,1469,8.569354
1488,1469,14.005583
1499,1469,9.269379
1477,1470,9.697048
1500,1470,8.869723
1478,1471,14.577109
1491,1471,4.6071353
1506,1471,14.4059515
1498,1473,12.051035
1521,1473,11.254434
1489,1474,10.163154
1495,1474,7.6642957
1515,1474,10.019454
1481,1475,6.8337746
1487,1475,14.931081
1494,1475,8.121264
1522,1476,12.897949
1500,1477,6.3966227
1504,1477,7.1920595
1536,1477,14.203101
1512,1479,9.917744
1513,1479,12.476338
1524,1479,11.077212
1496,1480,7.5418334
1526,1480,14.695574
1494,1481,14.117494
1516,1481,12.695681
1502,1482,12.851726
1499,1483,13.724763
1513,1483,8.7317705
1532,1483,12.277438
1487,1484,14.270877
1509,1484,9.965825
1519,1484,10.997417
1540,1484,13.923934
1512,1485,10.780319
1514,1485,7.5004554
1518,1486,7.903037
1519,1486,14.049363
1523,1486,14.619427
1494,1487,8.100322
1509,1487,7.6233106
1537,1487,14.226616
1542,1487,14.894578
1499,1488,9.058985
1503,1488,10.868526
1525,1488,10.706075
1492,1489,14.033572
1495,1489,9.439755
1511,1489,8.0047245
1534,1489,11.259622
1538,1489,13.852857
1497,1490,6.568454
1506,1491,10.647203
1555,1491,14.718893
1511,1492,7.664758
1538,1492,13.002111
1528,1493,13.293796
1530,1493,12.500952
1562,1493,14.708651
1509,1494,13.835059
1542,1494,12.9318695
1548,1494,14.245544
1511,1495,14.767652
1515,1495,6.370954
1533,1495,12.489018
1534,1495,8.160263
1501,1496,8.45507
1526,1496,7.414069
1506,1498,8.2975445
1521,1498,9.703689
1547,1498,12.697205
1552,1498,12.226319
1525,1499,13.935717
1532,1499,11.737911
1544,1499,10.963379
1504,1500,9.5915
1536,1500,9.976063
1526,1501,7.313819
1516,1502,14.540017
1541,1502,14.64142
1510,1503,11.884717
1525,1503,8.847748
1545,1503,14.718218
1505,1504,12.251263
1536,1504,11.245455
1551,1505,10.48364
1552,1506,11.62879
1559,1506,12.4635315
1517,1507,13.686432
1529,1507,9.447477
1517,1508,11.19258
1523,1508,9.102624
1558,1508,11.8964815
1537,1509,8.126783
1540,1509,11.892045
1542,1509,13.31427
1520,1510,6.1653743
1533,1510,14.587157
1545,1510,10.86695
1546,1510,12.709974
1534,1511,11.372684
1538,1511,7.9673076
1514,1512,9.313211
1524,1512,12.121508
1549,1512,11.441948
1560,1512,14.497709
1524,1513,6.7676115
1532,1513,11.497226
1560,1513,13.45173
1567,1513,14.277222
1549,1514,8.592629
1520,1515,10.923858
1533,1515,6.9648
1534,1515,12.498336
1546,1515,14.241553
1541,1516,7.4989796
1558,1517,12.830632
1566,1517,10.238568
1594,1517,14.870481
1519,1518,9.339383
1523,1518,14.189064
1568,1518,11.571527
1540,1519,10.501749
1578,1519,13.089508
1533,1520,8.559605
1545,1520,11.764836
1546,1520,8.975819
1547,1521,7.6800604
1552,1521,13.04214
1530,1522,11.54871
1531,1522,8.434446
1543,1522,6.762544
1570,1522,12.759285
1571,1522,11.500599
1558,1523,10.794274
1575,1523,12.529433
1560,1524,7.838859
1544,1525,11.324479
1598,1525,13.472559
1554,1527,8.349213
1573,1527,14.110667
1585,1527,13.771436
1553,1528,9.974523
1562,1528,13.537852
1563,1528,7.843513
1569,1528,8.437119
1596,1528,14.308881
1604,1528,14.643467
1557,1529,11.713385
1577,1529,9.94135
1587,1529,12.68867
1543,1530,8.446511
1562,1530,7.1235194
1570,1530,8.689147
1571,1530,14.976209
1543,1531,10.114387
1570,1531,14.988019
1571,1531,8.577673
1605,1531,12.490185
1544,1532,11.84621
1567,1532,7.1385975
1581,1532,10.327577
1546,1533,7.5934653
1538,1534,8.981186
1572,1534,10.980841
1554,1535,13.109054
1561,1535,9.507984
1573,1535,8.072751
1603,1535,13.776006
1540,1537,8.347954
1542,1537,9.219066
1583,1537,14.203611
1572,1538,8.008916
1553,1539,9.417105
1579,1539,8.661571
1596,1539,14.278788
1612,1539,14.929567
1578,1540,9.570451
1608,1540,13.858943
1595,1541,9.3062315
1548,1542,10.146749
1583,1542,7.868148
1588,1542,13.497018
1562,1543,13.148735
1570,1543,6.048302
1571,1543,7.075549
1609,1543,11.701047
1567,1544,14.328306
1581,1544,10.466316
1606,1544,12.4867
1546,1545,8.587109
1598,1545,14.600144
1552,1547,7.4642496
1591,1547,10.5328245
1583,1548,10.759853
1588,1548,8.603263
1611,1548,12.382073
1589,1549,8.53047
1615,1549,13.219574
1564,1550,11.92013
1585,1550,13.990785
1623,1550,12.871848
1565,1551,13.725267
1574,1551,7.960372
1559,1552,10.133441
1591,1552,8.71997
1593,1552,11.297936
1563,1553,13.330162
1569,1553,6.760061
1579,1553,13.041865
1596,1553,7.614746
1604,1553,14.210033
1614,1553,12.58237
1573,1554,7.0569634
1585,1554,10.443393
1559,1555,8.677066
1610,1555,9.22159
1582,1556,9.110238
1600,1556,7.0154014
1577,1557,8.521966
1607,1557,11.193427
1566,1558,8.583261
1575,1558,13.991925
1584,1558,7.783136
1601,1558,10.512338
1619,1558,13.882578
1591,1559,13.7149
1593,1559,9.529757
1610,1559,13.21786
1626,1559,13.699732
1589,1560,14.888158
1597,1560,8.197457
1573,1561,13.540599
1603,1561,10.806223
1622,1561,12.409629
1563,1562,8.650405
1570,1562,9.561648
1569,1563,7.418681
1596,1563,13.192172
1604,1563,8.62501
1616,1564,11.992946
1639,1564,13.911345
1574,1565,7.6762214
1613,1565,10.298537
1584,1566,5.6761856
1594,1566,7.501512
1619,1566,12.730225
1581,1567,6.550605
1590,1567,10.539849
1606,1567,13.537738
1575,1568,9.105162
1578,1568,11.263201
1628,1568,14.219206
1629,1568,11.704652
1630,1568,13.469303
1596,1569,6.2824907
1604,1569,7.900093
1614,1569,12.572512
1571,1570,8.288798
1609,1570,8.503325
1605,1571,8.414658
1609,1571,6.9969726
1617,1572,8.34876
1621,1572,13.778203
1603,1573,10.44393
1613,1574,8.158469
1601,1575,7.9550295
1628,1575,9.9084425
1629,1575,12.065266
1586,1576,11.378319
1602,1576,4.7950997
1632,1576,11.672865
1587,1577,10.003975
1607,1577,11.608534
1627,1577,9.763225
1608,1578,6.802968
1630,1578,12.225069
1642,1578,13.877193
1580,1579,12.54103
1596,1579,12.902954
1612,1579,6.3414116
1614,1579,10.637975
1620,1579,11.1455965
1643,1579,12.678395
1595,1580,14.970503
1612,1580,13.14669
1620,1580,7.6560163
1640,1580,12.433839
1651,1580,13.896026
1652,1580,14.717212
1590,1581,10.314348
1606,1581,7.207306
1645,1581,13.704187
1600,1582,7.520984
1646,1582,11.811547
1655,1582,13.673494
1588,1583,8.060963
1624,1583,7.9382253
1637,1583,11.420263
1638,1583,13.798463
1594,1584,10.107499
1601,1584,11.109224
1619,1584,7.4574585
1623,1585,10.405777
1663,1585,12.384228
1599,1586,12.715497
1602,1586,11.361583
1636,1586,12.578901
1659,1586,14.149109
1594,1587,8.808761
1627,1587,11.213733
1633,1587,9.802925
1662,1587,13.805785
1611,1588,7.874221
1624,1588,9.309235
1638,1588,9.341459
1649,1588,14.010658
1597,1589,13.552462
1615,1589,6.856315
1654,1589,12.894131
1597,1590,13.715082
1606,1590,12.150269
1635,1590,13.612093
1645,1590,12.273894
1650,1590,10.243784
1593,1591,7.3506374
1626,1591,14.584594
1622,1592,14.684779
1631,1592,9.245886
1626,1593,7.8163743
1619,1594,13.951177
1633,1594,11.589883
1611,1595,14.163962
1640,1595,12.585661
1604,1596,9.2101555
1612,1596,14.198299
1614,1596,6.3090425
1647,1596,11.2066345
1635,1597,7.3467574
1650,1597,12.565208
1648,1598,11.845416
1636,1599,8.728116
1658,1599,12.053141
1625,1600,10.280719
1646,1600,13.230735
1619,1601,10.61484
1628,1601,9.609825
1607,1602,14.345222
1632,1602,7.9655743
1659,1602,12.510931
1622,1603,9.350653
1657,1603,11.69013
1614,1604,13.252447
1647,1604,11.561894
1656,1604,9.946252
1609,1605,9.238399
1653,1605,12.2200365
1645,1606,7.9240193
1627,1607,12.05623
1632,1607,9.945637
1630,1608,9.093051
1634,1608,9.462859
1642,1608,7.4895205
1678,1608,13.833462
1644,1609,11.20152
1653,1609,9.495706
1618,1610,7.6174717
1626,1610,11.709434
1638,1611,10.850995
1649,1611,9.799872
1614,1612,9.1704645
1620,1612,7.916855
1643,1612,6.643308
1651,1612,13.44767
1652,1612,9.270899
1675,1612,14.7068815
1641,1613,9.381263
1643,1614,9.36277
1647,1614,8.396468
1679,1614,14.247911
1654,1615,7.4543214
1639,1616,9.327693
1661,1616,10.614906
1621,1617,8.06282
1666,1617,10.442825
1626,1618,13.7765
1641,1618,8.951056
1671,1619,12.1889715
1640,1620,10.7795925
1643,1620,11.397317
1651,1620,7.8327255
1652,1620,7.129595
1674,1620,14.652762
1675,1620,12.9978
1666,1621,13.290752
1631,1622,8.960526
1657,1622,7.854251
1667,1622,14.844317
1682,1622,13.610344
1663,1623,12.670254
1664,1623,14.404871
1668,1623,10.798552
1637,1624,6.6059127
1638,1624,8.010181
1670,1624,14.764748
1687,1624,13.851437
1658,1625,12.765326
1676,1625,12.109834
1673,1626,10.066379
1633,1627,11.974448
1662,1627,10.35696
1665,1627,8.860901
1697,1627,13.369151
1629,1628,6.2845426
1630,1628,14.120212
1660,1628,8.936068
1671,1628,13.361673
1684,1628,12.113713
1630,1629,7.847398
1660,1629,6.2882485
1677,1629,12.5408745
1684,1629,13.584376
1642,1630,7.5046554
1660,1630,9.59301
1677,1630,10.54385
1678,1630,12.864601
1690,1630,13.0610695
1657,1631,12.645871
1667,1631,7.9396706
1682,1631,11.263256
1659,1632,13.458728
1689,1632,14.219514
1662,1633,5.913817
1665,1633,11.541629
1683,1633,11.221837
1691,1633,14.01431
1637,1634,10.789709
1642,1634,9.16757
1670,1634,8.980374
1678,1634,11.032133
1695,1634,13.274756
1650,1635,6.9898467
1658,1636,8.454178
1659,1636,13.0714245
1638,1637,13.613063
1670,1637,8.76632
1687,1637,14.200445
1704,1637,14.901328
1649,1638,8.310137
1685,1638,8.984687
1687,1638,11.730982
1661,1639,9.586555
1664,1639,7.543679
1651,1640,7.571607
1652,1640,12.502428
1674,1640,8.267128
1675,1640,14.765655
1705,1640,14.634977
1660,1642,14.970551
1677,1642,11.585725
1678,1642,6.6743736
1690,1642,10.1521635
1695,1642,14.017774
1708,1642,13.564385
1647,1643,12.304557
1651,1643,12.972005
1652,1643,7.6468267
1675,1643,10.614814
1679,1643,12.494819
1653,1644,9.535058
1680,1644,12.012459
1692,1644,11.923181
1707,1644,12.987367
1681,1645,7.4730706
1655,1646,5.5872626
1709,1646,13.956192
1656,1647,10.954836
1672,1647,7.3239994
1679,1647,7.8672643
1698,1647,12.805851
1706,1647,12.67491
1693,1648,9.86014
1703,1648,12.974487
1685,1649,9.438606
1702,1649,11.933698
1652,1651,5.328715
1674,1651,7.1131096
1675,1651,7.5330358
1705,1651,12.338187
1714,1651,14.136176
1674,1652,11.727044
1675,1652,6.0969477
1692,1653,8.839302
1709,1655,14.867955
1672,1656,8.736395
1679,1656,14.934357
1680,1656,7.746756
1698,1656,9.649262
1706,1656,13.82184
1667,1657,14.302925
1682,1657,9.379319
1686,1657,10.421075
1718,1657,14.792032
1676,1658,14.442617
1712,1658,14.81908
1677,1660,7.576295
1684,1660,8.51734
1690,1660,13.44426
1664,1661,12.991451
1719,1661,14.509882
1665,1662,6.0605526
1683,1662,10.534118
1691,1662,9.085274
1697,1662,13.77359
1668,1663,10.768028
1688,1663,8.376093
1699,1663,12.6045685
1716,1663,14.2661295
1668,1664,10.572226
1700,1664,9.46597
1719,1664,13.507305
1691,1665,9.397421
1697,1665,7.7922797
1733,1665,14.43824
1696,1666,10.389188
1682,1667,7.135539
1701,1667,10.585621
1688,1668,11.96752
1700,1668,9.75123
1673,1669,12.994764
1711,1669,12.141523
1678,1670,12.53707
1687,1670,14.471193
1695,1670,8.486251
1704,1670,9.621725
1684,1671,10.282701
1694,1671,11.847217
1679,1672,6.575461
1680,1672,12.4600115
1698,1672,5.5610247
1706,1672,6.183648
1724,1672,13.309199
1729,1672,11.665854
1711,1673,10.462328
1675,1674,10.108106
1705,1674,6.4207773
1714,1674,10.969239
1705,1675,11.324573
1714,1675,9.365829
1715,1675,10.3504
1717,1676,13.158775
1723,1676,9.893052
1678,1677,10.917233
1684,1677,12.176084
1690,1677,6.0378046
1708,1677,12.083249
1690,1678,6.1580944
1695,1678,8.125983
1708,1678,7.1091437
1737,1678,14.873457
1698,1679,10.732799
1706,1679,7.3888745
1715,1679,13.189542
1724,1679,10.123304
1729,1679,13.754821
1698,1680,9.266997
1706,1680,14.575267
1707,1680,9.348587
1729,1680,14.545805
1739,1680,14.879599
1710,1681,8.124561
1725,1681,14.024483
1732,1681,13.456031
1718,1682,12.37782
1691,1683,9.369743
1694,1683,8.371425
1727,1684,10.428658
1687,1685,7.184494
1702,1685,8.305093
1728,1685,11.238317
1699,1686,11.294706
1718,1686,10.428038
1736,1686,12.074648
1702,1687,14.036742
1704,1687,9.029333
1728,1687,13.361825
1699,1688,6.781311
1716,1688,5.8934593
1697,1689,8.518941
1713,1689,6.6730604
1742,1689,13.771062
1695,1690,11.967969
1708,1690,6.1857886
1737,1690,13.122296
1697,1691,13.165208
1733,1691,10.560428
1707,1692,9.431791
1730,1692,12.181565
1731,1692,9.279652
1703,1693,8.633616
1732,1693,13.073242
1753,1693,14.338487
1734,1694,13.027095
1704,1695,11.436679
1708,1695,7.449806
1737,1695,11.687222
1754,1695,13.880247
1701,1696,13.345017
1735,1696,10.99405
1756,1696,14.580755
1713,1697,13.264726
1733,1697,11.511479
1706,1698,5.3090134
1724,1698,13.169252
1729,1698,7.4266443
1739,1698,14.490151
1752,1698,14.264261
1716,1699,6.884055
1736,1699,12.502608
1719,1700,11.07843
1750,1701,11.732378
1728,1702,7.173925
1747,1702,13.799208
1763,1702,14.726281
1764,1702,14.90295
1753,1703,12.408744
1746,1704,10.054056
1754,1704,14.967222
1714,1705,6.360905
1738,1705,11.621094
1724,1706,7.994006
1729,1706,6.4429803
1752,1706,12.591163
1730,1707,6.838016
1731,1707,11.889679
1739,1707,11.543959
1760,1707,13.414137
1737,1708,7.855283
1754,1708,14.664048
1717,1709,4.5816336
1723,1709,12.492647
1751,1709,10.534065
1725,1710,8.213656
1732,1710,9.229633
1766,1710,11.850778
1740,1711,7.367793
1773,1711,14.366388
1726,1712,7.3438478
1742,1713,7.2260594
1715,1714,10.356442
1738,1714,6.705985
1770,1714,14.617192
1724,1715,10.693543
1738,1715,11.457995
1749,1715,9.069159
1770,1715,13.416825
1757,1716,10.45762
1769,1716,14.5630665
1723,1717,7.9689994
1751,1717,8.772194
1777,1717,14.866799
1736,1718,9.72675
1744,1718,9.040575
1722,1720,9.769678
1745,1720,7.8899107
1761,1720,9.754543
1776,1720,14.071357
1743,1721,11.41464
1755,1721,8.265911
1761,1722,10.065016
1751,1723,12.067788
1777,1723,14.282435
1729,1724,9.880775
1749,1724,8.06855
1752,1724,11.882428
1789,1724,14.160539
1743,1725,9.089424
1766,1725,11.32868
1768,1725,10.182641
1748,1726,10.305645
1734,1727,9.910145
1774,1727,10.309459
1747,1728,13.26396
1763,1728,8.105303
1764,1728,10.939109
1739,1729,10.868715
1752,1729,6.861279
1791,1729,13.973294
1731,1730,8.629254
1739,1730,8.825366
1760,1730,6.659489
1765,1730,12.976547
1760,1731,11.165189
1765,1731,8.048552
1772,1731,14.404473
1753,1732,13.508311
1766,1732,12.910074
1778,1732,11.283771
1783,1732,14.428307
1762,1733,10.912178
1771,1733,9.461641
1774,1734,12.81771
1756,1735,14.122952
1769,1736,9.830889
1754,1737,8.835307
1781,1737,13.681012
1782,1737,10.55601
1749,1738,13.312363
1770,1738,8.56393
1752,1739,10.716623
1760,1739,9.390775
1791,1739,14.332764
1795,1739,12.164385
1773,1740,8.332552
1793,1740,13.823545
1796,1740,11.759101
1748,1742,13.875864
1762,1742,12.476017
1755,1743,9.736449
1766,1743,14.230782
1768,1743,7.551704
1803,1743,12.901179
1758,1744,8.537936
1806,1744,13.736081
1759,1745,8.276499
1761,1745,11.285759
1776,1745,7.2347794
1780,1745,14.317958
1754,1746,8.371788
1790,1746,10.992359
1763,1747,12.995197
1764,1747,6.6839466
1787,1747,8.810954
1788,1747,13.720556
1794,1747,10.875171
1770,1749,8.809745
1789,1749,8.805099
1756,1750,6.531804
1758,1750,12.079061
1785,1750,8.375199
1777,1751,7.491559
1797,1751,11.641682
1789,1752,14.865217
1791,1752,7.1144304
1775,1753,8.265885
1778,1753,14.697993
1783,1753,8.698227
1782,1754,12.538287
1790,1754,8.158318
1816,1754,13.723315
1810,1755,11.305383
1818,1755,14.581041
1785,1756,11.233334
1800,1756,11.118566
1824,1756,13.664284
1769,1757,11.108417
1785,1758,8.91225
1806,1758,11.05166
1767,1759,10.702581
1776,1759,8.172785
1780,1759,7.81996
1811,1759,14.505343
1765,1760,10.726453
1795,1760,9.313945
1802,1760,9.641171
1804,1760,12.811455
1776,1761,12.185292
1771,1762,12.757896
1764,1763,7.0465693
1794,1763,11.690606
1813,1763,10.436224
1787,1764,9.687764
1794,1764,7.009352
1813,1764,13.39712
1820,1764,13.76623
1831,1764,14.581562
1772,1765,9.156785
1792,1765,7.3349314
1802,1765,11.4664755
1804,1765,8.359252
1768,1766,7.7738104
1778,1766,10.508079
1803,1766,12.685855
1819,1766,12.416345
1780,1767,9.975135
1793,1767,13.542108
1809,1767,12.778864
1811,1767,9.420602
1803,1768,7.7935724
1818,1768,14.429576
1789,1770,10.321907
1823,1770,11.46793
1786,1771,12.510597
1829,1771,14.801403
1792,1772,6.2151713
1804,1772,12.586601
1793,1773,6.082406
1796,1773,12.284192
1809,1773,12.714359
1801,1774,11.803672
1812,1774,9.214818
1817,1774,13.474194
1838,1774,13.971072
1783,1775,10.963108
1805,1775,7.4845805
1845,1775,14.203817
1780,1776,9.563994
1797,1777,10.95538
1783,1778,8.488609
1819,1778,11.2502575
1821,1778,10.342587
1808,1779,7.751636
1842,1779,13.489724
1811,1780,7.86709
1782,1781,7.8642178
1801,1781,8.021828
1812,1781,14.085498
1814,1781,6.2343683
1830,1781,12.710359
1790,1782,13.414586
1801,1782,14.239202
1814,1782,9.667794
1816,1782,8.325225
1830,1782,11.370352
1821,1783,9.128037
1845,1783,14.316315
1807,1784,12.543912
1826,1784,11.66561
1806,1785,12.0085535
1824,1785,13.402193
1799,1786,6.837702
1829,1786,10.2929945
1837,1786,12.093892
1788,1787,7.585567
1794,1787,6.62977
1820,1787,7.9799175
1822,1787,14.201487
1831,1787,14.223321
1840,1787,11.86548
1794,1788,13.960761
1820,1788,12.153599
1822,1788,8.677279
1840,1788,12.508998
1791,1789,13.266443
1823,1789,11.256077
1816,1790,9.270641
1827,1790,8.9323015
1795,1791,13.494613
1841,1791,14.514462
1802,1792,12.633689
1804,1792,6.6050687
1825,1792,12.938581
1835,1792,10.44767
1796,1793,12.753195
1809,1793,6.692679
1813,1794,11.863183
1820,1794,6.9167175
1831,1794,8.761542
1840,1794,12.726592
1856,1794,13.774154
1802,1795,8.4457655
1804,1795,14.581214
1832,1795,7.0834084
1841,1795,11.400038
1834,1797,9.851412
1817,1799,8.484869
1829,1799,14.124723
1837,1799,8.863445
1849,1799,14.6873665
1824,1800,10.11572
1826,1800,12.332686
1855,1800,12.836305
1812,1801,6.533033
1814,1801,5.3306956
1830,1801,11.880723
1838,1801,13.087567
1852,1801,10.49143
1804,1802,6.2240305
1832,1802,9.821689
1835,1802,11.99777
1850,1802,10.4183445
1818,1803,7.7024503
1819,1803,13.287102
1825,1804,14.169368
1835,1804,8.242252
1850,1804,11.386107
1807,1805,10.040152
1845,1805,11.841046
1846,1805,10.046709
1846,1807,12.16727
1857,1807,11.361955
1842,1808,10.355303
1811,1809,10.070317
1818,1810,9.023384
1828,1810,12.235473
1814,1812,11.655844
1817,1812,13.957218
1838,1812,7.106668
1852,1812,10.319804
1866,1812,14.3642
1831,1813,8.930169
1851,1813,10.239702
1858,1813,12.848985
1816,1814,13.985749
1830,1814,7.447641
1852,1814,11.611318
1860,1814,13.888789
1836,1815,6.9420333
1843,1815,14.815934
1844,1815,12.971122
1827,1816,9.225179
1830,1816,10.378054
1853,1816,9.476774
1860,1816,13.720167
1837,1817,10.1003475
1838,1817,10.80292
1849,1817,8.68361
1821,1819,12.151121
1859,1819,11.900524
1822,1820,13.875119
1831,1820,8.280538
1840,1820,5.863898
1856,1820,7.954699
1858,1820,13.453243
1845,1821,11.8832245
1859,1821,9.356707
1840,1822,10.240665
1867,1822,11.075341
1854,1823,7.2592077
1855,1824,12.786541
1880,1824,13.918872
1835,1825,7.330203
1850,1825,14.708503
1873,1825,14.252412
1876,1825,9.060997
1855,1826,11.152261
1853,1827,8.928814
1871,1827,11.430639
1863,1828,7.7008066
1837,1829,11.832656
1847,1829,8.470224
1865,1829,10.655887
1872,1829,11.397235
1852,1830,11.648006
1853,1830,11.701146
1860,1830,6.808761
1882,1830,12.235599
1840,1831,12.357724
1851,1831,11.873648
1856,1831,8.827465
1858,1831,7.0920157
1841,1832,6.1680384
1850,1832,10.992687
1862,1832,10.344177
1864,1832,9.123579
1890,1832,14.9842205
1839,1833,12.524597
1861,1834,14.952833
1850,1835,8.236841
1873,1835,10.900504
1876,1835,11.09417
1844,1836,6.6069927
1870,1836,12.877947
1849,1837,9.67573
1865,1837,10.235145
1875,1837,11.404586
1849,1838,8.816483
1852,1838,10.809918
1866,1838,7.6977944
1892,1839,12.728488
1856,1840,6.643251
1867,1840,9.209404
1885,1840,12.590227
1862,1841,5.3642387
1864,1841,10.035383
1890,1841,13.462655
1895,1841,12.887318
1883,1842,12.095072
1889,1842,11.468728
1870,1843,13.045746
1846,1845,9.662694
1877,1845,12.26301
1857,1846,7.531305
1877,1846,9.197731
1865,1847,12.754379
1872,1847,8.215258
1901,1847,14.951118
1878,1848,9.498968
1866,1849,7.860506
1875,1849,8.6807575
1864,1850,7.891217
1873,1850,7.1033645
1876,1850,13.503776
1890,1850,13.547905
1902,1850,14.901217
1858,1851,9.011408
1871,1851,13.787414
1884,1851,9.39497
1887,1851,9.919136
1860,1852,12.73793
1866,1852,12.746103
1882,1852,11.762224
1897,1852,14.391985
1904,1852,13.210961
1860,1853,9.418686
1871,1853,12.873505
1882,1853,14.986112
1894,1853,9.785449
1868,1854,12.286874
1888,1854,11.027441
1880,1855,8.297035
1891,1855,10.083406
1858,1856,8.863057
1867,1856,11.884564
1885,1856,9.385752
1899,1856,12.872296
1869,1857,9.459096
1877,1857,11.557583
1884,1858,8.72327
1885,1858,14.520923
1887,1858,14.935101
1899,1858,9.990194
1886,1859,7.5917645
1882,1860,6.6125402
1894,1860,9.421273
1864,1862,9.074182
1890,1862,9.620368
1895,1862,7.550748
1873,1864,9.782157
1890,1864,6.6617746
1895,1864,13.111951
1872,1865,6.9991446
1875,1865,11.754442
1901,1865,12.044156
1903,1865,9.515031
1908,1865,14.593932
1875,1866,11.3016815
1897,1866,9.271948
1917,1866,12.710361
1885,1867,9.547382
1888,1868,7.0769935
1895,1868,13.699209
1907,1870,13.517224
1887,1871,9.154617
1901,1872,7.8164573
1903,1872,11.170757
1876,1873,8.709644
1890,1873,11.943638
1902,1873,7.8011556
1923,1873,14.983112
1881,1874,7.2472296
1920,1874,13.788925
1922,1874,13.473644
1932,1874,14.2952795
1903,1875,12.037676
1908,1875,8.411183
1917,1875,11.627268
1902,1876,8.37402
1898,1877,11.355955
1925,1877,12.5398855
1883,1878,7.2399936
1911,1878,10.85731
1892,1879,13.443439
1900,1879,9.199437
1919,1879,14.277497
1891,1880,10.540128
1909,1880,9.538437
1922,1881,9.848732
1932,1881,13.206892
1894,1882,10.025192
1904,1882,9.413285
1924,1882,14.687242
1889,1883,8.8607025
1929,1883,14.482921
1887,1884,7.7993183
1899,1884,7.9609766
1921,1884,10.005959
1899,1885,10.682253
1898,1886,9.354115
1915,1886,13.104305
1921,1887,9.259863
1930,1888,10.301279
1929,1889,9.870698
1895,1890,9.035498
1902,1890,14.894335
1914,1890,11.872945
1923,1890,10.914741
1909,1891,13.968412
1918,1891,7.802658
1919,1892,8.465029
1940,1892,13.610315
1912,1893,6.9487686
1927,1893,12.493996
1924,1894,9.139921
1914,1895,7.696973
1933,1895,13.101812
1906,1896,10.363738
1928,1896,10.107512
1904,1897,8.678354
1917,1897,9.113857
1935,1897,12.444303
1945,1897,14.874373
1952,1897,12.040677
1925,1898,9.678669
1921,1899,13.435215
1936,1899,9.7537565
1946,1899,13.735569
1916,1900,8.228346
1903,1901,8.690258
1910,1901,11.941814
1938,1901,8.898887
1944,1901,13.337515
1923,1902,11.556877
1908,1903,8.373175
1938,1903,14.771291
1939,1903,10.050556
1944,1903,10.912709
1935,1904,8.557801
1952,1904,13.954412
1926,1905,7.1722374
1912,1906,13.123727
1927,1906,9.259937
1962,1906,13.396572
1910,1907,14.827068
1913,1907,6.9521737
1942,1907,8.988041
1951,1907,13.768609
1917,1908,8.886012
1939,1908,7.90806
1944,1908,12.941438
1945,1908,14.98019
1949,1908,10.991935
1918,1909,13.919487
1950,1909,13.793784
1913,1910,7.9298215
1938,1910,9.760559
1943,1910,7.9550843
1951,1910,11.374841
1920,1911,14.931946
1956,1911,12.929565
1927,1912,6.0004683
1934,1912,13.917592
1962,1912,13.610701
1968,1912,14.956378
1942,1913,10.033287
1943,1913,11.462597
1951,1913,9.715289
1923,1914,13.162835
1933,1914,9.093684
1958,1914,11.480668
1973,1914,14.711498
1931,1915,8.606987
1950,1916,11.351409
1959,1916,13.177623
1939,1917,13.5770035
1945,1917,9.683829
1949,1917,11.01586
1952,1917,11.55123
1964,1918,10.939548
1940,1919,9.813015
1947,1919,8.75109
1922,1920,13.612009
1932,1920,9.333423
1941,1920,7.121478
1960,1920,14.374143
1974,1920,12.990263
1936,1921,13.774527
1946,1921,9.551485
1955,1921,10.605628
1932,1922,5.153879
1941,1922,11.111472
1960,1922,10.277626
1958,1923,11.05532
1967,1923,11.560131
1963,1925,10.531077
1937,1926,10.61072
1978,1926,13.222694
1987,1926,14.716931
1962,1927,8.302732
1954,1929,9.280989
1933,1930,12.622023
1941,1932,5.9834504
1960,1932,7.5869713
1974,1932,14.023089
1984,1932,13.100041
1973,1933,10.372312
1937,1934,12.769436
1968,1934,10.518595
1945,1935,14.8170595
1952,1935,8.297618
1969,1935,9.206622
1971,1935,13.970218
1981,1935,11.830377
1946,1936,7.1489773
1972,1936,12.302251
1987,1937,13.406249
1943,1938,8.121847
1944,1938,11.7095375
1951,1938,14.810892
1966,1938,8.767247
1970,1938,8.683496
1979,1938,14.436519
1944,1939,6.0721445
1945,1939,14.305633
1949,1939,7.2794485
1966,1939,14.514018
1980,1939,12.941019
1985,1939,12.7812395
1947,1940,13.30871
1948,1940,11.178337
1983,1940,14.207164
1989,1940,12.85293
1960,1941,7.532278
1974,1941,8.352775
1984,1941,9.794613
1943,1942,14.593827
1951,1942,8.283639
1995,1942,12.263974
1951,1943,6.6968565
1966,1943,13.18308
1970,1943,8.755356
1979,1943,8.623019
1996,1943,14.690855
1949,1944,12.217757
1966,1944,8.56649
1970,1944,14.164543
1980,1944,9.030716
1985,1944,13.630236
1949,1945,7.4264345
1952,1945,6.5324397
1969,1945,12.399041
1971,1945,7.4162216
1985,1945,13.83086
1997,1945,10.635452
1955,1946,12.052184
1959,1947,11.059672
1976,1947,7.9466863
1983,1947,8.662739
1954,1948,7.991795
1989,1948,12.690999
1952,1949,13.877279
1971,1949,13.242423
1985,1949,9.528698
1997,1949,13.527264
1959,1950,14.884242
1977,1950,10.58011
1982,1950,14.249031
2006,1950,13.495623
1970,1951,13.547989
1979,1951,8.352171
1995,1951,12.575591
1969,1952,8.038536
1971,1952,7.645507
1981,1952,14.768607
1997,1952,13.149068
1967,1953,13.441304
1986,1953,8.703837
2005,1953,14.148899
1992,1955,13.129054
1972,1957,12.791586
1967,1958,13.059676
1973,1958,13.344373
1998,1958,10.522821
2003,1958,12.852297
1976,1959,7.949573
1974,1960,11.099704
1984,1960,6.6533155
1965,1961,9.632289
1990,1961,7.3403144
1968,1962,14.137786
1994,1962,12.073426
2000,1963,13.508771
1982,1964,11.132022
1993,1964,8.186844
2016,1964,14.422149
1978,1965,12.276344
1990,1965,11.750153
1970,1966,5.949874
1979,1966,14.256691
1980,1966,7.2048936
1996,1966,9.958978
1999,1966,9.18185
1986,1967,8.32199
1998,1967,11.284728
2004,1967,11.095813
1994,1968,7.9344482
1971,1969,7.0984564
1981,1969,7.339224
1997,1969,11.877881
2009,1969,10.674532
1979,1970,8.331936
1980,1970,12.225518
1996,1970,7.1350436
1999,1970,10.270358
2008,1970,11.747377
1981,1971,14.012024
1997,1971,5.729397
2009,1971,8.962981
2003,1973,13.882099
2020,1973,13.880132
1984,1974,7.1821384
1983,1976,7.9331656
2007,1976,10.549792
1982,1977,5.884583
1993,1977,13.5331545
2006,1977,11.412399
2032,1977,13.369038
1987,1978,7.9917436
1995,1979,12.33066
1996,1979,9.398364
2008,1979,8.18126
2021,1979,12.367171
1985,1980,10.059418
1996,1980,12.431355
1999,1980,7.6382494
2013,1980,9.03119
2009,1981,13.547767
2015,1981,10.086708
2023,1981,14.255445
1993,1982,9.339444
2016,1982,14.440718
1989,1983,12.604474
2007,1983,7.2583013
1997,1985,11.576522
2013,1985,9.7553215
2014,1985,9.59369
2004,1986,11.704929
2005,1986,9.740715
1992,1988,10.77927
2015,1988,13.888114
2007,1989,14.777151
2030,1989,12.076322
2031,1990,12.798899
2019,1992,12.371534
2016,1993,6.64175
2018,1994,12.514879
2002,1995,10.005092
2008,1995,14.644962
2021,1995,9.697413
1999,1996,6.1858926
2008,1996,6.640661
2028,1996,10.564537
2009,1997,7.159047
2014,1997,9.744607
2047,1997,14.926516
2003,1998,8.26112
2004,1998,7.2761583
2029,1998,10.74638
2008,1999,12.142189
2013,1999,9.510382
2028,1999,12.86058
2036,1999,12.479603
2025,2000,9.694952
2037,2000,14.855445
2011,2001,9.416341
2004,2003,14.168807
2020,2003,12.753249
2029,2003,9.613079
2029,2004,11.005587
2060,2004,14.583068
2057,2005,13.054182
2022,2006,8.500689
2026,2006,14.940692
2032,2006,9.89343
2026,2007,14.542403
2030,2007,10.741134
2041,2007,10.931256
2055,2007,13.475414
2021,2008,8.405126
2028,2008,7.5800714
2040,2008,11.678907
2014,2009,13.178395
2023,2009,8.742629
2047,2009,12.974962
2052,2009,12.433496
2012,2010,9.155399
2016,2011,13.255636
2014,2013,11.203083
2036,2013,7.2937303
2058,2013,14.619334
2036,2014,14.179844
2047,2014,9.908945
2058,2014,13.710053
2059,2014,11.875011
2023,2015,9.552262
2048,2015,10.431432
2053,2015,12.241038
2064,2017,14.292265
2046,2018,11.829226
2050,2019,12.14524
2028,2021,11.30971
2040,2021,9.160429
2044,2021,8.933573
2026,2022,7.207974
2032,2022,13.613315
2063,2022,10.63225
2047,2023,14.241186
2048,2023,8.418217
2052,2023,8.554202
2075,2023,13.898371
2031,2024,13.294487
2038,2024,11.113899
2061,2024,10.151727
2037,2025,6.8373556
2049,2025,10.868967
2041,2026,9.319983
2063,2026,14.709126
2073,2027,12.556091
2040,2028,7.468691
2060,2029,11.057841
2068,2029,11.294654
2041,2030,13.970928
2055,2030,8.84185
2063,2032,12.423113
2035,2033,6.0140224
2062,2033,7.622305
2079,2033,14.1672535
2039,2034,9.918315
2051,2034,8.174668
2054,2034,5.9197917
2062,2035,6.28803
2079,2035,12.769581
2058,2036,9.644678
2059,2036,14.548992
2072,2036,11.179878
2045,2038,7.334272
2061,2038,7.7436085
2074,2038,11.223578
2076,2038,13.214336
2054,2039,6.7596736
2069,2039,10.862865
2044,2040,9.273848
2083,2040,13.428775
2055,2041,8.562205
2065,2042,6.2909718
2071,2042,12.256979
2083,2044,12.59169
2061,2045,12.74622
2070,2045,10.99847
2074,2045,12.769715
2076,2045,9.075072
2066,2046,6.062292
2084,2046,12.887147
2052,2047,7.84687
2058,2047,12.473423
2059,2047,6.723793
2067,2047,8.142115
2080,2047,12.677868
2052,2048,11.485075
2053,2048,8.825429
2075,2048,9.41902
2077,2048,13.859182
2069,2049,14.525471
2078,2050,14.915065
2087,2050,14.293752
2054,2051,11.404828
2059,2052,13.414972
2067,2052,9.633174
2075,2052,9.715979
2080,2052,9.685872
2088,2052,14.443029
2077,2053,8.252761
2069,2054,12.437471
2059,2058,6.1918774
2067,2058,12.913296
2072,2058,7.317583
2085,2058,9.1048155
2067,2059,7.515824
2072,2059,12.941608
2080,2059,13.729741
2085,2059,10.853984
2099,2059,14.973037
2068,2060,10.917448
2082,2060,8.367866
2074,2061,6.1051903
2076,2061,13.3851185
2081,2061,8.930988
2095,2061,12.594209
2079,2062,6.840388
2101,2062,13.348858
2091,2063,10.809576
2089,2064,8.976233
2071,2065,9.120306
2093,2065,9.97776
2084,2066,7.7224183
2113,2066,14.035803
2075,2067,13.234869
2080,2067,6.2334394
2085,2067,12.497457
2088,2067,13.281265
2099,2067,8.540594
2082,2068,10.230333
2103,2068,13.153995
2116,2068,14.22209
2109,2069,12.32211
2076,2070,7.8577976
2093,2071,9.705469
2111,2071,10.098904
2085,2072,8.14773
2115,2072,13.260922
2076,2074,9.16028
2081,2074,7.8951955
2095,2074,6.508853
2110,2074,11.448063
2122,2074,13.747234
2080,2075,7.9945393
2088,2075,6.683669
2099,2075,13.503742
2108,2075,12.931605
2095,2076,8.733549
2122,2076,13.623164
2097,2077,7.65692
2108,2077,11.794224
2117,2077,11.4601755
2087,2078,7.6060824
2118,2078,14.120729
2101,2079,7.094433
2088,2080,7.0866776
2099,2080,6.4288006
2095,2081,10.698559
2102,2081,8.028353
2110,2081,8.166468
2116,2082,9.523775
2132,2082,13.783357
2114,2083,8.726036
2107,2084,11.22714
2113,2084,11.751346
2099,2085,13.579215
2115,2085,7.9630027
2134,2085,13.233863
2100,2086,14.709516
2139,2087,13.186543
2099,2088,9.265503
2108,2088,11.006708
2136,2088,11.082185
2137,2088,14.260619
2118,2089,7.819441
2126,2089,8.182926
2128,2089,14.62775
2096,2091,8.458747
2127,2091,9.206493
2130,2091,9.733653
2106,2092,13.463134
2121,2092,9.828793
2111,2093,10.309173
2123,2093,9.839809
2138,2093,11.045052
2110,2095,8.804955
2122,2095,7.2765307
2120,2096,9.198273
2127,2096,6.728525
2130,2096,13.891441
2150,2096,14.746724
2108,2097,12.7336445
2117,2097,6.52982
2134,2099,12.288552
2136,2099,12.394471
2137,2099,10.013817
2104,2100,8.296641
2143,2100,11.385214
2140,2101,12.861032
2106,2102,9.368979
2110,2102,8.260139
2116,2103,13.649062
2129,2103,9.473302
2148,2103,12.669047
2119,2104,11.510412
2143,2104,13.254868
2107,2105,6.2045727
2125,2105,6.2133265
2121,2106,7.394485
2125,2107,5.7944226
2117,2108,9.039195
2136,2108,14.236956
2142,2108,9.700838
2155,2109,13.5772295
2122,2110,9.959513
2159,2110,14.230342
2131,2111,8.783654
2138,2111,12.970252
2157,2112,14.583642
2123,2113,8.793633
2134,2115,8.175071
2165,2115,14.626482
2132,2116,10.22634
2148,2116,14.489072
2162,2116,12.438402
2142,2117,12.137371
2161,2117,14.780407
2126,2118,6.9681034
2139,2118,13.384001
2133,2119,6.6083236
2127,2120,10.235569
2150,2120,10.588347
2158,2120,11.223664
2164,2121,13.723255
2159,2122,14.80704
2173,2122,14.896563
2138,2123,7.923728
2160,2123,11.330045
2135,2124,7.503162
2168,2125,14.117865
2128,2126,10.7402315
2152,2126,14.795293
2175,2126,12.656561
2130,2127,8.728215
2141,2127,13.869902
2149,2127,9.588139
2150,2127,9.788507
2152,2128,7.871042
2175,2128,14.391521
2176,2128,14.6208
2147,2129,10.258014
2148,2129,12.755457
2141,2130,5.818478
2149,2130,8.549872
2150,2130,14.903155
2146,2132,11.121371
2154,2132,7.19387
2162,2132,11.859907
2141,2133,11.585485
2171,2133,14.877496
2137,2134,8.415472
2165,2134,14.707489
2186,2134,14.096819
2140,2135,12.335928
2137,2136,7.259986
2142,2136,11.242657
2187,2136,12.76887
2186,2137,13.500165
2160,2138,9.920051
2172,2139,9.318065
2149,2141,9.174013
2184,2141,10.786969
2174,2142,13.219937
2187,2142,13.480253
2195,2142,13.804352
2144,2143,14.896602
2163,2143,10.539557
2170,2143,11.189976
2179,2143,9.146794
2157,2144,13.289547
2163,2144,7.3253684
2170,2144,13.426842
2183,2144,10.720375
2189,2144,9.442139
2153,2145,7.36554
2166,2145,12.699874
2191,2145,11.157831
2192,2145,10.594619
2154,2146,8.108864
2148,2147,11.024052
2188,2147,9.426836
2162,2148,12.298581
2150,2149,8.441383
2184,2149,10.604617
2190,2149,8.808885
2158,2150,7.4461155
2190,2150,8.331395
2194,2150,11.412182
2153,2152,13.276178
2166,2152,10.704448
2175,2152,10.555887
2176,2152,7.9314075
2196,2152,11.193367
2166,2153,6.3907313
2192,2153,11.361525
2196,2153,14.342806
2162,2154,9.849075
2156,2155,12.988753
2198,2155,13.559578
2178,2156,7.154321
2193,2156,14.619706
2198,2156,10.572207
2209,2156,13.117262
2183,2157,7.849579
2197,2157,12.479755
2203,2157,10.080853
2190,2158,11.99543
2194,2158,8.813949
2173,2159,10.143921
2180,2159,5.4492455
2185,2159,5.8983183
2200,2159,11.118397
2213,2159,11.476498
2182,2160,10.071733
2210,2160,11.192922
2174,2161,8.375007
2214,2161,14.452364
2170,2163,6.1647377
2179,2163,12.823457
2183,2163,13.596872
2189,2163,5.818472
2215,2163,12.222765
2199,2164,14.604875
2176,2166,13.933309
2192,2166,10.94598
2196,2166,7.9995627
2173,2167,10.071704
2200,2167,14.214829
2205,2167,9.934948
2225,2167,13.68308
2181,2168,7.5998707
2201,2168,6.7156906
2204,2168,9.098746
2229,2168,12.139523
2238,2168,14.196383
2177,2169,7.8267817
2193,2169,13.382423
2217,2169,11.201546
2219,2169,9.064413
2179,2170,8.506016
2189,2170,7.5261865
2215,2170,11.154003
2221,2170,11.796592
2243,2170,12.856138
2179,2171,11.674156
2218,2171,10.410788
2233,2171,13.459127
2202,2172,9.312864
2214,2172,11.504362
2237,2172,14.626256
2180,2173,5.773711
2185,2173,13.06978
2200,2173,5.7513123
2213,2173,12.710319
2225,2173,11.282771
2195,2174,9.102284
2176,2175,5.9170027
2196,2175,14.9142685
2222,2175,13.119366
2196,2176,8.997612
2222,2176,9.81803
2178,2177,11.145886
2193,2177,6.6115675
2209,2177,14.01326
2217,2177,9.399952
2219,2177,13.216919
2193,2178,7.5828247
2198,2178,9.813383
2209,2178,7.1833944
2218,2179,11.75538
2221,2179,10.566263
2185,2180,7.298124
2200,2180,5.7069597
2213,2180,8.594903
2225,2180,13.984526
2182,2181,7.8490176
2201,2181,7.60513
2204,2181,14.851963
2229,2181,12.158767
2201,2182,14.453049
2210,2182,10.658935
2189,2183,9.826477
2197,2183,14.720515
2203,2183,8.524422
2215,2183,11.369039
2232,2183,10.903421
2190,2184,12.027222
2223,2184,8.858132
2199,2185,14.355679
2200,2185,11.167897
2213,2185,7.398573
2234,2185,12.526127
2252,2185,14.997867
2187,2186,14.116123
2239,2186,12.296393
2240,2186,12.465759
2195,2187,11.66693
2236,2187,10.930387
2191,2188,9.02808
2255,2188,14.14891
2215,2189,6.6607733
2232,2189,13.675607
2194,2190,8.549606
2192,2191,7.256967
2209,2193,7.624517
2217,2193,7.8167133
2250,2193,11.129526
2263,2193,14.903347
2211,2194,14.075869
2222,2196,10.636845
2203,2197,7.109594
2235,2197,7.4801707
2209,2198,8.446772
2256,2198,11.394427
2267,2198,14.388363
2228,2199,8.611286
2234,2199,10.02839
2213,2200,7.8753242
2225,2200,8.39836
2252,2200,13.590683
2204,2201,8.344618
2229,2201,5.571121
2238,2201,9.486619
2258,2201,14.598242
2214,2202,13.486382
2237,2202,8.146465
2242,2202,12.074443
2269,2202,14.554255
2232,2203,9.534217
2235,2203,7.817654
2229,2204,9.929511
2238,2204,7.3257785
2225,2205,13.371001
2247,2205,9.13201
2253,2205,10.689874
2207,2206,8.488767
2230,2206,6.0043316
2251,2206,14.864273
2254,2206,9.734876
2264,2206,13.43369
2208,2207,10.104541
2230,2207,7.6626287
2251,2207,9.813814
2254,2207,14.363837
2264,2207,13.227555
2241,2208,11.308672
2251,2208,11.07361
2217,2209,13.339957
2250,2209,12.034395
2256,2209,10.401198
2263,2209,11.33894
2258,2210,13.434493
2227,2211,6.573876
2244,2211,13.392017
2276,2211,13.640134
2216,2212,5.19657
2224,2212,11.303616
2245,2212,13.499339
2260,2212,11.555631
2225,2213,13.996642
2234,2213,9.991839
2252,2213,8.13166
2231,2214,9.1981735
2237,2214,11.26615
2272,2214,12.983228
2232,2215,8.834105
2243,2215,11.272676
2270,2215,11.255156
2224,2216,6.133556
2260,2216,9.159905
2219,2217,8.292953
2249,2217,10.9216175
2250,2217,7.4835196
2263,2217,14.450486
2274,2217,10.394978
2221,2218,8.419344
2233,2218,9.46696
2249,2219,9.250522
2250,2219,14.076826
2274,2219,13.907597
2241,2220,12.03044
2248,2220,7.937415
2265,2220,14.213074
2283,2220,13.854845
2243,2221,8.244153
2242,2222,10.569258
2262,2222,7.6946287
2292,2222,14.651117
2233,2223,11.819801
2257,2223,8.186299
2268,2223,10.231339
2246,2224,12.639053
2260,2224,8.951643
2247,2225,10.160203
2271,2225,9.420658
2277,2225,12.901027
2266,2226,9.417737
2273,2226,12.939815
2244,2227,6.828248
2276,2227,12.613511
2234,2228,13.612924
2246,2228,8.992543
2282,2228,11.13825
2238,2229,6.398071
2258,2229,11.517542
2287,2229,13.735843
2251,2230,9.579117
2254,2230,6.7123957
2264,2230,7.564883
2280,2230,10.760432
2290,2230,14.954404
2272,2231,12.897932
2235,2232,11.85308
2270,2232,12.042561
2257,2233,9.317421
2252,2234,9.06644
2240,2236,8.555703
2261,2236,6.959278
2242,2237,12.250928
2269,2237,8.904262
2272,2237,11.501239
2253,2238,13.784481
2240,2239,7.963651
2259,2239,6.48078
2261,2239,14.910329
2265,2239,12.077311
2281,2239,9.46017
2259,2240,12.385614
2261,2240,7.5124497
2281,2240,9.02458
2283,2241,13.128289
2262,2242,10.080168
2269,2242,9.111483
2292,2242,13.634642
2270,2243,10.088949
2297,2243,12.678559
2284,2245,10.853748
2282,2246,8.656621
2286,2246,9.470208
2304,2246,13.637784
2253,2247,7.5857644
2271,2247,10.697074
2277,2247,7.058725
2301,2247,14.570366
2259,2248,12.687712
2265,2248,6.4567657
2283,2248,10.025491
2250,2249,11.011319
2274,2249,7.3034744
2285,2249,14.348
2293,2249,8.806769
2256,2250,14.934809
2263,2250,7.5123906
2274,2250,5.505328
2285,2250,9.726216
2293,2250,12.299187
2254,2251,13.912487
2264,2251,7.763555
2280,2251,13.4296465
2290,2251,9.0106945
2296,2252,10.214147
2277,2253,11.071501
2264,2254,7.5924487
2280,2254,6.3834624
2266,2255,7.6563454
2299,2255,12.9241295
2300,2255,13.826135
2263,2256,8.500042
2267,2256,7.358742
2275,2256,14.50641
2298,2256,10.7331705
2268,2257,7.413458
2287,2258,10.981265
2265,2259,6.893614
2281,2259,7.93467
2286,2260,14.057758
2281,2261,10.86202
2294,2261,11.844622
2288,2262,10.126062
2292,2262,6.9640455
2274,2263,10.446428
2285,2263,8.104984
2298,2263,11.812494
2280,2264,5.6794224
2290,2264,8.036997
2306,2264,11.478318
2281,2265,14.31076
2283,2265,12.657703
2273,2266,9.845473
2300,2266,11.494295
2275,2267,7.147722
2298,2267,10.6258745
2309,2267,12.0739
2291,2268,9.001481
2272,2269,14.159074
2292,2269,14.937952
2297,2270,10.510083
2305,2270,11.024047
2277,2271,7.179453
2296,2271,14.357588
2301,2271,9.435285
2319,2271,14.53975
2307,2272,10.9165535
2300,2273,11.113538
2302,2273,9.286806
2285,2274,7.625243
2293,2274,6.891814
2316,2274,14.791077
2298,2275,14.668186
2309,2275,12.081561
2318,2275,13.081133
2279,2276,7.970847
2303,2276,14.596403
2308,2276,10.253579
2301,2277,7.51581
2319,2277,13.063903
2279,2278,9.473663
2291,2278,9.507972
2303,2278,9.076308
2303,2279,7.877857
2308,2279,9.830087
2289,2280,14.081247
2290,2280,10.998551
2306,2280,9.335576
2286,2282,8.95685
2304,2282,9.56695
2323,2282,14.206994
2311,2283,10.347386
2293,2285,8.481522
2298,2285,13.630961
2316,2285,13.061287
2330,2285,13.166695
2304,2286,5.100233
2310,2286,8.539839
2323,2286,14.772348
2317,2287,10.619516
2292,2288,9.061255
2314,2288,9.9489765
2321,2288,12.112004
2325,2289,13.914713
2306,2290,9.0185585
2312,2290,8.111022
2332,2290,14.78707
2303,2291,14.134048
2320,2291,11.038534
2314,2292,9.670801
2316,2293,8.071318
2337,2296,13.651938
2305,2297,11.254126
2331,2297,11.183027
2309,2298,7.3018894
2318,2298,11.418677
2335,2298,12.818748
2300,2299,8.809784
2326,2299,9.934439
2326,2300,13.482046
2343,2300,12.900168
2319,2301,5.6727195
2344,2302,11.983274
2308,2303,9.617539
2320,2303,13.056619
2322,2303,8.893315
2336,2303,12.08322
2310,2304,5.5062566
2323,2304,9.8449545
2312,2306,7.9908347
2325,2306,11.373638
2332,2306,8.159235
2313,2307,7.7388783
2329,2307,7.92487
2334,2307,9.527517
2352,2307,13.640937
2322,2308,14.005348
2336,2308,8.348256
2350,2308,12.168801
2356,2308,14.526348
2318,2309,4.1544814
2335,2309,11.539678
2347,2309,9.817954
2323,2310,11.381705
2324,2311,14.156907
2328,2311,9.853418
2338,2311,8.674008
2339,2311,7.1083736
2362,2311,13.338693
2332,2312,8.338597
2333,2312,8.6207905
2329,2313,5.761674
2334,2313,14.053658
2352,2313,9.152122
2357,2313,12.167031
2321,2314,9.715682
2353,2314,9.950846
2360,2314,13.462231
2342,2315,9.289514
2346,2315,7.9997153
2370,2315,14.54395
2330,2316,12.317393
2355,2316,10.551272
2341,2317,7.7471967
2359,2317,11.6234665
2327,2318,12.007295
2335,2318,12.119654
2347,2318,7.234432
2337,2319,12.406813
2345,2319,12.245568
2322,2320,8.061806
2349,2320,9.176018
2340,2321,12.109839
2353,2321,9.7124405
2361,2321,10.130466
2336,2322,10.065165
2349,2322,14.873432
2356,2322,9.725953
2379,2322,12.983587
2377,2323,12.556328
2328,2324,5.8637886
2339,2324,11.841196
2384,2324,13.7764635
2332,2325,10.972071
2381,2325,14.44343
2366,2326,14.917671
2369,2326,11.499108
2347,2327,13.535223
2338,2328,13.136597
2339,2328,6.0038595
2362,2328,11.709727
2384,2328,12.441679
2334,2329,9.521521
2352,2329,5.7481394
2357,2329,11.853139
2335,2330,10.892133
2355,2330,13.208169
2367,2330,10.014657
2371,2330,12.750221
2354,2331,12.641011
2363,2331,9.465271
2333,2332,12.420508
2381,2332,12.6436205
2365,2333,10.005076
2352,2334,13.509567
2358,2334,13.250241
2373,2334,10.839525
2347,2335,8.597371
2371,2335,9.367213
2383,2335,10.982555
2350,2336,8.946443
2356,2336,6.2669363
2379,2336,13.053816
2372,2337,10.495735
2339,2338,7.1651974
2362,2338,7.5050817
2365,2338,12.7157755
2362,2339,7.183039
2384,2339,14.495391
2361,2340,11.510053
2359,2341,8.460193
2344,2342,13.478508
2346,2342,7.458469
2370,2342,10.182244
2385,2342,10.831925
2344,2343,14.862285
2366,2343,7.1858044
2369,2343,13.4743395
2374,2343,9.987752
2374,2344,12.079646
2385,2344,14.538304
2404,2344,14.15363
2388,2345,13.395306
2370,2346,6.6530185
2385,2346,13.03992
2399,2346,14.329268
2371,2347,14.395716
2383,2347,9.246231
2357,2348,13.95876
2376,2348,11.809056
2378,2348,10.029481
2389,2348,10.695639
2364,2349,10.076401
2390,2349,10.578697
2351,2350,8.206731
2356,2350,12.054535
2386,2350,12.582968
2391,2350,10.632191
2397,2350,13.261989
2386,2351,8.654842
2391,2351,11.3105
2357,2352,7.158002
2360,2353,10.724626
2361,2353,9.457633
2395,2353,13.958199
2363,2354,5.6674027
2368,2354,9.992665
2367,2355,7.9091716
2410,2355,12.76089
2379,2356,6.7923737
2397,2356,12.034748
2417,2356,14.640679
2378,2357,8.393714
2394,2357,10.839462
2360,2358,10.751838
2373,2358,11.028544
2382,2358,6.642769
2402,2359,10.521799
2382,2360,10.207362
2395,2361,10.058584
2398,2361,10.170791
2365,2362,14.639447
2384,2362,13.387684
2368,2363,14.640197
2368,2364,11.460616
2369,2366,7.447042
2374,2366,9.336537
2409,2366,12.333696
2415,2366,14.931964
2371,2367,11.744354
2400,2367,12.33411
2410,2367,12.7887125
2415,2369,9.773146
2385,2370,8.6016245
2399,2370,7.786505
2420,2370,12.87282
2383,2371,8.99205
2400,2371,6.9660196
2418,2371,14.961557
2387,2372,13.259443
2408,2372,11.033163
2412,2372,13.477787
2439,2372,13.864105
2382,2373,12.192335
2414,2373,9.129119
2423,2373,12.9688015
2441,2373,14.433701
2404,2374,11.805036
2406,2374,7.8723445
2409,2374,9.638386
2426,2374,12.654335
2377,2375,10.292127
2387,2375,8.868729
2421,2375,11.193051
2389,2376,8.839084
2393,2376,7.3271017
2403,2376,7.7037544
2430,2376,13.869656
2435,2376,13.918845
2392,2377,14.548262
2438,2377,13.537517
2389,2378,9.403632
2394,2378,5.534276
2413,2378,8.931557
2422,2378,14.32787
2390,2379,10.989807
2397,2379,11.656417
2417,2379,8.387383
2427,2379,14.600925
2392,2380,8.350774
2407,2380,7.031042
2425,2380,11.066275
2437,2380,14.152239
2429,2381,11.543399
2414,2382,12.254374
2442,2382,12.583238
2400,2383,12.642069
2405,2383,12.942621
2418,2383,9.992976
2399,2385,10.256346
2404,2385,11.025121
2420,2385,10.634514
2434,2385,12.622276
2391,2386,6.1845884
2397,2386,14.6287775
2411,2386,7.0242124
2412,2387,9.278613
2421,2387,11.960493
2408,2388,9.524147
2416,2388,9.499177
2393,2389,13.700961
2394,2389,11.319563
2403,2389,7.6374655
2413,2389,8.989507
2435,2389,12.028807
2450,2389,13.537747
2417,2390,12.177046
2427,2390,11.144425
2397,2391,8.444261
2411,2391,9.813799
2407,2392,6.819947
2425,2392,12.946862
2437,2392,9.779365
2403,2393,7.646769
2430,2393,8.501144
2435,2393,11.636054
2413,2394,5.547935
2422,2394,9.432097
2398,2395,8.3806
2419,2395,6.867326
2436,2395,13.564851
2445,2395,12.031895
2477,2395,14.267588
2398,2396,7.4271703
2415,2396,14.638412
2445,2396,12.436263
2417,2397,12.178165
2419,2398,14.6434555
2445,2398,9.798715
2420,2399,6.3799424
2434,2399,13.579029
2466,2399,13.343362
2418,2400,13.410022
2447,2400,13.771642
2467,2400,13.360694
2416,2401,10.476937
2428,2401,7.880851
2440,2401,12.422025
2452,2401,12.831051
2475,2401,14.211775
2428,2402,13.64053
2433,2402,7.2558494
2440,2402,10.2846985
2453,2402,13.735905
2413,2403,13.934653
2430,2403,8.148098
2435,2403,6.2660027
2450,2403,12.403944
2406,2404,6.9806027
2409,2404,13.69374
2420,2404,14.915164
2426,2404,10.140349
2434,2404,10.199983
2454,2404,12.220315
2418,2405,11.690529
2455,2405,14.849843
2409,2406,6.7406173
2426,2406,5.3670063
2454,2406,12.258598
2461,2406,11.866412
2425,2407,6.1588
2437,2407,7.3032436
2457,2407,12.792316
2479,2407,14.06035
2416,2408,14.026858
2439,2408,9.857491
2426,2409,6.435225
2454,2409,14.943653
2461,2409,10.689669
2473,2409,12.665758
2447,2410,9.456198
2448,2411,13.340746
2456,2411,10.803866
2462,2411,10.509185
2421,2412,11.942157
2439,2412,9.062936
2449,2412,8.416739
2469,2412,13.042833
2422,2413,12.291978
2435,2413,14.591142
2450,2413,10.175941
2423,2414,10.123843
2441,2414,6.43424
2442,2414,12.814166
2452,2416,8.511639
2427,2417,8.126535
2463,2417,10.281358
2474,2418,12.362575
2436,2419,7.065375
2445,2419,14.225204
2477,2419,11.533674
2434,2420,7.517964
2466,2420,9.374759
2438,2421,8.825845
2449,2421,10.429961
2458,2421,12.605876
2459,2421,8.662424
2469,2421,8.632758
2423,2422,10.636818
2441,2423,7.8498106
2483,2423,11.87349
2470,2424,10.551297
2478,2424,12.096878
2432,2425,13.409566
2437,2425,9.080624
2457,2425,6.9403367
2471,2425,14.211258
2479,2425,10.844536
2434,2426,14.798172
2454,2426,8.569556
2461,2426,6.499494
2473,2426,11.534821
2463,2427,11.440605
2468,2427,9.042301
2487,2427,11.667133
2433,2428,11.408338
2440,2428,5.136609
2452,2428,13.099668
2475,2428,9.43871
2446,2429,12.564335
2482,2429,13.757778
2493,2429,13.701649
2435,2430,6.1212697
2450,2430,14.4024105
2486,2430,10.653667
2444,2431,10.207506
2448,2431,6.264025
2462,2431,14.56269
2444,2432,8.154709
2457,2432,11.455683
2471,2432,7.9241986
2503,2432,14.854334
2440,2433,6.368784
2453,2433,9.278389
2454,2434,9.565433
2466,2434,12.043268
2490,2434,11.862854
2450,2435,8.429546
2486,2435,9.071982
2442,2436,11.226155
2457,2437,12.5177555
2479,2437,9.367078
2458,2438,5.065332
2459,2438,6.260302
2469,2438,12.620535
2449,2439,12.657425
2488,2439,11.7961235
2475,2440,11.901749
2442,2441,14.996366
2483,2441,11.564031
2484,2441,12.043626
2484,2442,12.781248
2494,2442,14.178151
2468,2443,9.693451
2485,2443,9.204833
2489,2443,9.85557
2471,2444,12.346347
2477,2445,9.348148
2505,2445,14.458473
2472,2446,8.778051
2493,2446,14.225034
2524,2446,14.600208
2467,2447,11.117586
2498,2447,12.657271
2462,2448,8.340739
2514,2448,13.305275
2459,2449,12.831716
2469,2449,5.722298
2486,2450,10.864129
2470,2451,8.719987
2481,2451,11.258561
2491,2451,9.023026
2506,2451,13.269911
2475,2452,8.359499
2508,2452,10.914768
2476,2453,7.462566
2510,2453,10.956165
2461,2454,7.5353093
2473,2454,13.7539
2490,2454,9.648258
2500,2454,9.981268
2526,2454,14.425782
2474,2455,12.215914
2478,2455,12.682478
2513,2455,11.520825
2462,2456,8.534831
2496,2456,9.287196
2471,2457,8.49005
2479,2457,7.9087863
2497,2457,9.566501
2459,2458,5.8078637
2469,2458,13.195339
2520,2458,12.758456
2469,2459,7.3968916
2465,2460,11.079699
2480,2460,7.1851697
2499,2460,9.926029
2521,2460,13.351482
2522,2460,14.247694
2473,2461,6.447655
2495,2461,14.589673
2500,2461,10.429403
2518,2461,12.37013
2526,2461,12.3277855
2514,2462,12.450266
2487,2463,8.998303
2502,2463,8.889719
2523,2463,13.141208
2480,2464,9.340197
2482,2464,8.542013
2516,2464,9.470611
2521,2464,14.015735
2492,2465,9.759217
2499,2465,12.020103
2522,2465,11.344803
2490,2466,13.123652
2519,2466,10.600396
2498,2467,13.760437
2527,2467,11.817998
2485,2468,12.514163
2487,2468,10.741523
2489,2468,8.218286
2507,2468,9.721068
2523,2468,14.568805
2528,2468,13.557844
2478,2470,12.078185
2491,2470,9.428743
2497,2471,7.9279947
2503,2471,8.1891985
2476,2472,8.85339
2524,2472,10.619346
2495,2473,8.23273
2500,2473,12.6350975
2518,2473,9.058467
2526,2473,11.727245
2501,2474,7.511849
2513,2474,14.56227
2508,2475,10.543103
2509,2475,9.90961
2510,2476,11.057341
2504,2477,11.208533
2505,2477,7.335462
2513,2478,13.9599905
2497,2479,11.400528
2499,2480,10.33513
2516,2480,11.593564
2521,2480,8.637639
2491,2481,11.342348
2506,2481,8.720296
2493,2482,11.778461
2516,2482,11.394253
2525,2482,8.56975
2517,2483,7.4832063
2529,2483,14.315395
2494,2484,12.72116
2517,2484,14.470795
2529,2484,7.9559994
2489,2485,5.47772
2507,2485,12.549169
2528,2485,8.382769
2511,2486,14.594211
2515,2486,7.0738077
2502,2487,11.170007
2507,2487,10.95975
2523,2487,5.7044654
2507,2489,7.4352612
2528,2489,6.2731757
2500,2490,9.2041445
2519,2490,8.154153
2526,2490,14.148165
2506,2491,6.5494657
2511,2492,5.5892754
2522,2492,12.670377
2524,2493,12.171747
2525,2493,8.884163
2504,2494,10.611614
2518,2495,9.008919
2526,2495,14.030584
2530,2495,6.90399
2502,2496,12.263817
2503,2497,8.7775345
2512,2498,7.6857023
2527,2498,7.073351
2521,2499,7.955359
2522,2499,5.7270336
2518,2500,9.589038
2526,2500,5.1904273
2513,2501,13.517591
2523,2502,11.080479
2505,2504,9.804649
2523,2507,10.330973
2528,2507,7.094795
2509,2508,13.275258
2515,2511,13.69778
2527,2512,13.926033
2521,2516,8.947792
2525,2516,12.997758
2529,2517,9.293952
2526,2518,5.184825
2530,2518,13.151466
2522,2521,12.667062
