Object,area,centroid-0,centroid-1,axis_major_length,axis_minor_length,eccentricity
1,15,0.8666666666666667,226.33333333333334,5.963268946242256,3.2213663642250534,0.8415357530872689
2,19,1.1578947368421053,329.36842105263156,6.262943351177779,3.9329456334357467,0.7782368899843266
3,29,1.3448275862068966,389.58620689655174,8.70031644226904,4.227209198676714,0.8740319540072328
4,28,1.7142857142857142,54.107142857142854,7.063562962764291,5.075346243908325,0.6955011806660458
5,23,1.7391304347826086,110.65217391304348,5.996095544153372,5.00222586017434,0.5513906288301362
6,32,1.4375,178.75,9.16515138991168,4.789311015167004,0.8526045530077375
7,37,1.945945945945946,293.56756756756755,8.878324639891556,5.289090189859366,0.8031842763340001
8,17,1.411764705882353,375.88235294117646,5.181899763382574,4.041201040002321,0.625943231252129
9,4,1.5,450.5,2.0,2.0,0.0
10,28,1.6428571428571428,540.5,7.763766063982493,4.777653955664888,0.7882318326995712
11,21,1.3333333333333333,579.6190476190476,6.237071096074329,4.3259052941747935,0.7203799930722175
12,40,1.95,90.475,9.344820366409346,5.497666079305027,0.8086343297228364
13,49,2.2857142857142856,120.73469387755102,10.511056299828677,6.186198272323433,0.8084666317056591
14,54,2.1666666666666665,233.88888888888889,11.7274203801976,5.929499915744777,0.8627622053505538
15,37,1.972972972972973,555.4864864864865,8.552153403138227,5.544182072883675,0.7614028136543244
16,68,1.9558823529411764,25.13235294117647,16.153248134316033,5.774893186909355,0.933910603158213
17,51,2.372549019607843,459.37254901960785,10.471942402744638,6.194161916236007,0.8063044387476992
18,53,2.452830188679245,572.566037735849,10.23074125168387,6.7614439212591355,0.7504785365964195
19,57,2.5964912280701755,61.85964912280702,10.782569090678487,7.349074982393006,0.7317529740913437
20,39,2.948717948717949,105.12820512820512,7.82951605137884,6.682067509289529,0.5211816229259013
21,38,2.473684210526316,257.6842105263158,7.877916498004584,6.097039340055064,0.6332582124365587
22,42,2.9285714285714284,281.95238095238096,7.7742309135002525,6.818433758495899,0.4803886435488049
23,74,3.2837837837837838,469.35135135135135,13.64817693132226,7.149281010801759,0.8518247889601962
24,84,2.8095238095238093,495.0595238095238,14.329006601876598,7.530541033778832,0.8507656633291586
25,57,3.3333333333333335,547.0175438596491,10.40358696826934,7.568416045496671,0.6861273992977732
26,63,3.4285714285714284,71.95238095238095,9.797888911823078,8.315846337518272,0.5288126512615343
27,32,3.5,80.0,6.843314393979375,5.93034974560141,0.49902032461824386
28,62,3.3870967741935485,128.82258064516128,11.294721814636556,7.173813376436682,0.77239093714746
29,40,2.925,347.6,9.678147967076967,5.29938222129372,0.8367653734466391
30,59,3.4915254237288136,401.8305084745763,10.040294962218676,7.570202185407728,0.6568950199217605
31,81,3.814814814814815,483.3333333333333,11.086987503720168,9.490040855807237,0.5170386078918555
32,52,3.980769230769231,39.40384615384615,9.60786016912049,7.005257907832043,0.6843886578277265
33,66,3.6818181818181817,143.27272727272728,10.706742445233372,7.855397126026243,0.6794876531491707
34,112,3.669642857142857,162.19642857142858,14.930735493620263,9.841365472039024,0.7520249208252794
35,78,3.641025641025641,186.32051282051282,14.716961525601288,6.884612858400458,0.8838336944049292
36,33,4.636363636363637,274.6666666666667,6.814213726879472,6.196796249237463,0.4159385883034363
37,67,4.432835820895522,446.2985074626866,11.549138021248021,7.442323828404114,0.764684264201588
38,74,3.8783783783783785,520.0945945945946,11.658380645663003,8.260923795957241,0.7056280371018246
39,72,4.597222222222222,98.36111111111111,11.580803308169653,8.061059096038964,0.7179731420119937
40,39,4.615384615384615,312.5897435897436,7.995656154081195,6.237554769563979,0.6256324857015073
41,31,5.290322580645161,380.5483870967742,6.8575012356818705,5.700161964155581,0.555928406605324
42,34,5.0,527.1764705882352,7.165172080231243,6.129747455675744,0.517816012722587
43,78,5.67948717948718,246.24358974358975,10.940080047924114,9.147149041805728,0.5485564241839106
44,88,3.8295454545454546,303.6363636363636,12.772470422732415,8.919425321216394,0.7157739604431914
45,75,4.426666666666667,370.36,14.08609587144153,7.05848841155905,0.8653916155843201
46,134,5.776119402985074,207.22388059701493,19.850658298762458,8.70347226601934,0.8987567836192256
47,41,5.951219512195122,387.3414634146341,8.307439989037924,6.317600836459284,0.6493671528229198
48,107,5.91588785046729,436.5514018691589,12.858527792013515,10.611137963117272,0.5648087419012817
49,45,5.822222222222222,564.4888888888889,9.029921285831923,6.324342787605391,0.7137738083909967
50,67,6.731343283582089,152.73134328358208,11.34809070963637,7.555812062421226,0.746110340838149
51,54,6.444444444444445,192.88888888888889,9.479875805790403,7.290013743869217,0.6392501421108775
52,32,7.0625,56.625,7.225031919900171,5.611275590845959,0.629940115122487
53,44,7.2727272727272725,65.9090909090909,8.127633762498633,6.9466264481019255,0.5191348349137024
54,24,7.208333333333333,362.25,5.887021966676127,5.194406727698712,0.47059601271199497
55,92,6.760869565217392,537.804347826087,13.480196786415299,8.869606973808931,0.7530414260607583
56,44,7.2727272727272725,551.75,8.105078250265837,6.988912407500349,0.5064180659804232
57,94,6.670212765957447,596.031914893617,14.88264039628476,8.337656829045502,0.8283391334066205
58,63,7.238095238095238,23.396825396825395,11.896587017312854,7.005455557188343,0.8082331341963078
59,29,6.931034482758621,92.37931034482759,7.2076881935424355,5.174413773206155,0.6961441787889928
60,52,7.6923076923076925,218.51923076923077,10.219249716450824,6.531585549392491,0.7690859965099072
61,51,7.529411764705882,292.7450980392157,9.510725777043595,6.907122446008283,0.6874353603503038
62,73,7.972602739726027,14.506849315068493,10.352958460414433,9.400273112242582,0.4190147866565715
63,10,8.5,231.8,4.09878030638384,2.9933259094191533,0.6831300510639732
64,98,8.857142857142858,4.6020408163265305,11.379958345458734,11.111831889807185,0.21579489849143954
65,47,8.085106382978724,132.95744680851064,8.948854615066603,6.812594000985761,0.64842198225044
66,130,8.507692307692308,172.91538461538462,14.825365677178691,11.415271095980888,0.6380650882506773
67,103,10.485436893203884,44.76699029126213,13.55549508280972,10.392200082181436,0.6420758336735926
68,40,9.1,51.45,7.945031848367299,6.5020357526261945,0.5746809328267835
69,32,8.59375,105.84375,6.855370672867883,6.242807296207608,0.4131902027389681
70,83,8.891566265060241,473.13253012048193,12.844987668354218,8.509797656160229,0.7490623728743829
71,70,9.771428571428572,118.34285714285714,11.659776515644003,7.699073584153888,0.7509926508798953
72,28,9.5,347.7857142857143,7.08110177948362,5.125052278162637,0.6900467382741214
73,11,9.818181818181818,73.81818181818181,3.8138503569823694,3.6725472503134826,0.26967994498529707
74,52,10.615384615384615,79.0,8.86017659482697,7.507408076954664,0.531082100072213
75,105,8.58095238095238,264.37142857142857,14.98361535754108,9.325746482788924,0.782702286125508
76,30,10.4,161.5,8.748333174572933,4.332820482472512,0.8687369180325039
77,45,10.533333333333333,278.15555555555557,8.19376323950519,7.112709683141989,0.49645256389516484
78,16,10.0625,365.75,4.858276321300674,4.281898082146419,0.47244234550366904
79,85,10.094117647058823,111.52941176470588,15.404778642339291,7.282262127480032,0.8812086775217579
80,19,11.052631578947368,251.52631578947367,5.591174173370027,4.547897283469595,0.5816957143568048
81,87,11.310344827586206,88.83908045977012,13.143581760530664,8.882573373721577,0.737075219283548
82,119,11.92436974789916,406.2268907563025,13.107521039212958,12.03567756855047,0.3960548927639778
83,92,11.184782608695652,223.25,17.403092020056906,7.194441422743535,0.9105494433821267
84,41,11.926829268292684,450.3414634146341,9.37555782607574,5.613693044356044,0.8009297727521782
85,66,11.621212121212121,556.7575757575758,11.682468829128593,7.180296163965709,0.7888221908152853
86,57,12.596491228070175,140.3684210526316,10.562226766264244,6.939289545151074,0.7538982851917088
87,47,12.319148936170214,272.1914893617021,9.19567512893638,6.577668630213259,0.6988172623138702
88,48,11.895833333333334,381.5208333333333,9.55559222277093,6.7953490258581155,0.7030519947728229
89,58,12.844827586206897,30.448275862068964,9.399552213106103,7.959791919166072,0.5318688893612341
90,53,12.471698113207546,479.3207547169811,9.061043654756098,7.509292770870246,0.5596267183546454
91,48,13.479166666666666,22.291666666666668,9.583748169275772,6.386212921000029,0.7456314297131588
92,30,13.533333333333333,103.23333333333333,6.621027167494622,5.779830766704384,0.48780831528160945
93,97,13.587628865979381,186.37113402061857,12.139664228497672,10.16730096422715,0.5463953851239113
94,53,13.69811320754717,194.71698113207546,9.915040540462545,6.956016698096352,0.712608318010992
95,36,13.5,247.13888888888889,7.618678126258614,5.989100421213697,0.6180897302533216
96,43,13.0,426.3720930232558,7.52051457912846,7.3717628860126325,0.1979082783981175
97,54,14.0,128.22222222222223,11.303289686497742,6.161496354364107,0.8383668260473619
98,49,14.224489795918368,317.7755102040816,9.42610010645841,6.784229603300957,0.694255996207761
99,53,14.075471698113208,352.8867924528302,9.54099893021509,7.025125897905078,0.676645156704319
100,48,14.6875,12.979166666666666,9.202347599949341,6.763679043631667,0.6780725763207555
101,63,16.396825396825395,133.74603174603175,13.003713440868442,6.358559389807841,0.8722948409210178
102,33,15.090909090909092,338.45454545454544,9.042750490570322,4.735716489901841,0.8519008510976969
103,57,14.473684210526315,433.43859649122805,10.289779730827076,7.207202185766919,0.713727611977936
104,39,14.923076923076923,494.4871794871795,8.584854666530223,5.83076648001181,0.7339604426326154
105,56,15.428571428571429,38.05357142857143,8.926342634761308,8.06535795879992,0.4284918651017256
106,39,15.256410256410257,72.82051282051282,8.284864630629706,6.004168421477618,0.6890483927445725
107,59,15.711864406779661,201.20338983050848,9.215839932990043,8.274532744888102,0.44028135685017017
108,59,15.728813559322035,254.91525423728814,10.226269021313389,7.4853285906490905,0.6813361835526647
109,39,14.435897435897436,413.94871794871796,7.482681804346175,6.9874692226765545,0.35774624951177936
110,197,16.436548223350254,576.010152284264,22.29203398118842,11.632012824962276,0.8530670426516701
111,33,16.393939393939394,331.3333333333333,7.3690812413559845,5.708534583803039,0.6323776094331501
112,81,15.530864197530864,441.7901234567901,10.958272601627506,9.652541532525621,0.4734044571854622
113,19,15.789473684210526,548.0,5.191085476184401,4.602781286121147,0.46240219449488373
114,31,16.29032258064516,2.096774193548387,7.78484235626567,5.549866319888533,0.70125888852251
115,55,16.345454545454544,228.61818181818182,8.951681840118765,7.962865498300956,0.4568602461267385
116,47,16.46808510638298,281.93617021276594,8.69358669485911,6.816723928594283,0.6206225018724058
117,68,16.191176470588236,457.5735294117647,11.558781494577337,7.628491221669854,0.7512887462632492
118,70,16.742857142857144,241.04285714285714,10.773972773699674,8.341284126299726,0.6329325925595211
119,94,16.904255319148938,516.2127659574468,12.434309857526996,9.67151656245282,0.6285008781816538
120,56,18.446428571428573,79.53571428571429,10.266571915207154,7.267522883691646,0.706330572617857
121,72,17.694444444444443,147.25,10.243748585099782,8.926527817459794,0.4905514469582524
122,34,17.705882352941178,166.52941176470588,7.475489490794515,5.932092483507179,0.6085193911736593
123,47,17.5531914893617,267.29787234042556,7.840391514531563,7.671413082980024,0.20649476690380125
124,26,17.5,562.4230769230769,6.9855402852347614,4.933388449931594,0.7079838567948555
125,29,18.310344827586206,49.793103448275865,6.543636138870791,5.722587527364035,0.48497654247675387
126,90,18.044444444444444,122.2,13.940503910138025,8.444042687259817,0.7956778395486696
127,25,18.24,222.2,6.132060986158656,5.17264227083518,0.5370654454079513
128,69,18.92753623188406,596.2463768115942,12.043821549675522,7.3961284593208525,0.7892270842636476
129,55,19.527272727272727,172.8909090909091,9.787417936282143,7.231531316523835,0.6738589953959184
130,44,20.068181818181817,248.22727272727272,7.744895928396247,7.275571622230934,0.34281724682782044
131,57,19.42105263157895,391.5438596491228,10.583107302129008,6.928758114986267,0.7558890041634297
132,50,20.3,415.66,8.488443639386206,7.643083447206623,0.4350413801272882
133,61,20.049180327868854,260.37704918032784,10.131854623159878,7.763895086226679,0.6425000079048958
134,35,19.942857142857143,287.0571428571429,6.887551622088852,6.48514786702222,0.33680279593260176
135,42,19.952380952380953,447.95238095238096,8.950435113168297,6.0322945466974645,0.7387617939541156
136,39,20.23076923076923,5.128205128205129,8.099058707803444,6.512940756023479,0.594412614022208
137,96,20.489583333333332,17.572916666666668,14.705757445384112,8.774236475916721,0.8024992341346054
138,16,20.0,109.625,5.0942109424386555,3.9747974632600163,0.6254581326049351
139,168,21.654761904761905,312.7261904761905,17.44473391603347,12.321232806548538,0.7079116568072311
140,52,20.307692307692307,567.0961538461538,9.203038999128413,7.36591717998614,0.5994946198320942
141,53,20.81132075471698,138.81132075471697,9.61790955775525,7.117478984027618,0.6725810258335534
142,50,21.52,35.76,10.317210000187748,6.3235415561239,0.7901511950819503
143,60,21.35,43.96666666666667,9.548196779397028,8.094493631525149,0.5303943770363
144,89,22.303370786516854,85.7752808988764,15.09286015919373,8.102801315429616,0.8436693051377893
145,40,21.65,479.4,10.462542821038264,5.3305907475570375,0.8604748904088759
146,19,21.842105263157894,528.2631578947369,5.733405886701424,4.2227547935406715,0.6764182945965523
147,21,22.0,128.0,5.0896720822428145,5.0896720822428145,0.0
148,115,22.22608695652174,216.09565217391304,13.721455642931815,10.751381457432043,0.6213347195687705
149,23,21.782608695652176,459.1304347826087,5.873113002539891,4.929936635332647,0.5435021718802291
150,16,22.0,538.375,5.0942109424386555,3.9747974632600163,0.6254581326049351
151,69,21.492753623188406,194.1014492753623,11.812891357207713,7.700946635917923,0.7582960112895175
152,87,22.666666666666668,65.183908045977,12.446226992748635,8.955321798434602,0.6944706748730823
153,58,23.189655172413794,74.84482758620689,9.242135487513641,8.083706362966467,0.4847408007480678
154,41,23.024390243902438,304.5121951219512,9.759373052390762,5.3429970983612876,0.8368230886715584
155,36,22.916666666666668,453.02777777777777,6.92820323027551,6.590303389483074,0.308487615721439
156,31,23.129032258064516,533.3548387096774,6.806632691665241,5.872441422287169,0.5056259524740908
157,48,23.291666666666668,27.791666666666668,8.682998061323149,7.062812644041767,0.5816947825396843
158,22,24.0,1.5909090909090908,6.182710621724578,4.729601536105141,0.644063339456674
159,132,25.848484848484848,154.0681818181818,17.20388184998926,9.930511703754519,0.8165851040012453
160,23,24.17391304347826,376.04347826086956,6.265135474897645,4.706053895322293,0.6601320359887073
161,96,25.229166666666668,355.375,13.8931650325721,9.10437738672657,0.755357088740309
162,93,24.870967741935484,470.93548387096774,14.613695294901138,8.240957163355665,0.8258293228941261
163,43,24.11627906976744,544.046511627907,7.881540813552129,7.044882394104775,0.4483744320305934
164,8,25.0,21.5,3.4641016151377544,2.8284271247461903,0.5773502691896258
165,31,24.967741935483872,289.48387096774195,7.1617230539093875,5.533931253236164,0.6347598513912224
166,209,25.14354066985646,494.97607655502395,21.174275712498716,12.649119462810058,0.8019572350598185
167,43,25.232558139534884,562.2325581395348,8.091432564292857,6.8849622363413285,0.5253352510046504
168,25,25.84,48.0,6.724678943590969,4.846554766597016,0.6932349177775634
169,223,25.067264573991032,229.695067264574,22.20229140710189,13.992643941118239,0.7764050620239052
170,68,26.735294117647058,164.11764705882354,11.585855167336458,7.511684197826069,0.7613427855409526
171,94,27.893617021276597,172.4468085106383,15.50228051996983,7.831046695203301,0.8630289309598107
172,34,26.470588235294116,256.02941176470586,7.645899175760721,5.869729176358148,0.6408137456640718
173,135,26.451851851851853,333.3925925925926,13.601532013973092,12.764199994344965,0.3454466123856446
174,156,26.53205128205128,512.9294871794872,17.296660767883033,11.810959637954994,0.7305621280467494
175,81,26.45679012345679,240.71604938271605,12.028568579307112,9.044118880516727,0.6592925164007627
176,91,26.857142857142858,420.83516483516485,12.240486656835067,9.594091323512645,0.6210135515913857
177,100,26.77,137.58,17.161746623743486,8.131768123995482,0.8806157803165876
178,51,27.84313725490196,248.27450980392157,9.842725563864466,6.770162044786297,0.7258679519853167
179,45,27.866666666666667,294.1777777777778,8.35966766075256,6.9340744660360585,0.5585546554832634
180,91,28.263736263736263,480.45054945054943,11.960847821979577,10.10305888762172,0.5352755757289565
181,30,28.433333333333334,343.2,6.500212566206431,5.975181348686211,0.39372422621120096
182,15,28.133333333333333,533.5333333333333,4.618802153517007,4.061745656460751,0.47609522856952347
183,70,28.67142857142857,32.98571428571429,10.408758132535853,8.611371163876411,0.5617312820115691
184,60,27.5,60.233333333333334,12.372215357013376,6.276185894466847,0.8617808918420126
185,83,29.349397590361445,322.6265060240964,11.182904279867692,9.493730722125717,0.5284725819524223
186,182,29.708791208791208,118.05494505494505,15.796694855620709,15.056083852002704,0.30260492585527293
187,13,30.0,385.84615384615387,5.203549084703927,3.076923076923077,0.8064425896179158
188,37,29.243243243243242,444.8378378378378,8.047008189489118,5.811207242446045,0.6917286740503309
189,74,29.243243243243242,576.1081081081081,11.735766123026172,8.54575983647843,0.6853850660085675
190,74,29.864864864864863,40.87837837837838,10.262310592340233,9.27037819684954,0.42892059300894636
191,116,29.844827586206897,89.42241379310344,14.799626830389393,10.04506193234363,0.7343809544308745
192,49,30.081632653061224,409.14285714285717,8.856815399644757,7.078365627768335,0.6010653739129169
193,56,29.946428571428573,555.8214285714286,9.987234577576178,7.444011603817718,0.6666704209998933
194,61,29.950819672131146,586.327868852459,11.90633070474444,6.5952267259654835,0.8325658725791691
195,49,30.346938775510203,73.59183673469387,8.860437163892053,7.194329425338917,0.5837116869706895
196,60,30.383333333333333,105.93333333333334,9.898334501969897,7.8060287725721,0.6148803327039315
197,39,30.487179487179485,348.94871794871796,8.484346307200088,5.876671070791692,0.721275147691015
198,38,30.5,380.86842105263156,7.678187763973798,6.285321507781197,0.5743720117248621
199,19,31.36842105263158,526.7894736842105,5.1270732058481325,4.711757099842152,0.39426806672960923
200,40,30.9,564.1,7.795810832651482,6.848746853367689,0.4777123805021971
201,59,31.10169491525424,281.64406779661016,11.900825376110536,6.34928934294905,0.8457895172079208
202,43,31.348837209302324,287.3953488372093,8.269136138264725,6.745306464154751,0.5784458082993377
203,54,31.22222222222222,459.35185185185185,9.111108847564074,7.532283519567145,0.562622029862624
204,49,31.877551020408163,13.693877551020408,8.480042741261416,7.350038720454275,0.4987507113066781
205,57,32.68421052631579,145.01754385964912,10.600418190626264,7.127592268724619,0.7401990241524056
206,105,30.4,200.2952380952381,11.863242804506024,11.457343775813126,0.2593434726652068
207,45,32.53333333333333,253.57777777777778,9.195938935213494,6.376007569939302,0.7206006373077084
208,115,31.83478260869565,360.90434782608696,14.230724704894904,10.669698534263148,0.6617042589739477
209,80,32.125,505.275,10.664231023476098,9.592402028581263,0.4369350017475977
210,45,31.822222222222223,545.2666666666667,8.54167781908793,6.697981032478702,0.6205677262840655
211,72,32.291666666666664,21.916666666666668,10.019654673267475,9.123892213159808,0.4132899819937885
212,42,33.26190476190476,476.0,9.141225598271067,5.944786698661232,0.7596543082224535
213,24,33.708333333333336,398.0,5.7130455003342036,5.291502622129181,0.3769982222431136
214,69,34.072463768115945,240.56521739130434,11.007960639041718,8.35482905024557,0.6511131873043217
215,25,33.76,388.64,6.13381589801192,5.15568642658727,0.5417573775069717
216,82,34.426829268292686,100.03658536585365,12.444033808707564,8.670944868443465,0.7172699930885539
217,83,34.3855421686747,136.0120481927711,11.903422770944967,9.53498145666633,0.5986261483829044
218,96,34.791666666666664,210.72916666666666,16.28457245461214,7.912730949653136,0.87401245807744
219,91,34.51648351648352,370.97802197802196,11.334513831559681,10.202359969014974,0.43565345351038076
220,83,34.397590361445786,570.2168674698795,11.983606561292321,9.324309388112983,0.6281543640936151
221,87,35.12643678160919,4.609195402298851,12.03313388878356,9.306943614855278,0.6338658131829605
222,72,34.94444444444444,336.8333333333333,12.41740558232771,7.5999115710597085,0.7908291341604996
223,110,36.00909090909091,159.4,13.236022393112345,10.616925928332847,0.5971580450135028
224,60,36.6,76.96666666666667,9.399807402649907,8.082852818279997,0.5104699748033992
225,104,36.79807692307692,186.39423076923077,14.538911735467705,9.491911130495595,0.7574763878666928
226,78,35.07692307692308,193.2948717948718,15.574736188561793,6.796921240556364,0.899749453544789
227,40,37.1,325.475,8.430659975746256,6.193058402223422,0.6785138438368564
228,148,37.0472972972973,218.83783783783784,17.21851706130977,11.391612497508294,0.7498650624015886
229,116,38.422413793103445,560.8275862068965,15.130133047738038,9.959758579469309,0.7527792593386632
230,95,39.421052631578945,202.55789473684212,13.523875811139638,9.071868587307186,0.7416347704207867
231,124,38.75806451612903,128.58870967741936,16.03165231951746,9.960623048945083,0.783564997362053
232,146,39.205479452054796,231.81506849315068,15.629407757409208,12.031020115352888,0.638323595790491
233,48,38.958333333333336,342.375,8.979276522768297,6.7647233510729,0.6575961301075772
234,40,39.425,10.45,8.025982803387352,6.344572486758308,0.6124567197588873
235,87,39.689655172413794,394.14942528735634,13.077567600480144,8.574131909872333,0.7550765878710604
236,123,39.54471544715447,511.6910569105691,14.290394901860152,11.318642478280541,0.6104621044896001
237,89,39.7752808988764,530.4269662921348,11.399117594578769,10.020117343166957,0.47677438650013176
238,135,39.785185185185185,38.49629629629629,16.758734209492975,10.27504998102586,0.7899928048463104
239,98,39.87755102040816,89.05102040816327,11.870211604621359,10.738078181194442,0.42621055492729276
240,41,40.926829268292686,54.97560975609756,8.0140345853653,6.645891445321563,0.5588309434579259
241,49,41.04081632653061,329.9591836734694,9.289073090487504,6.799355746733876,0.681333054739485
242,98,41.224489795918366,521.6836734693877,13.58990139974185,9.433391877755602,0.7198330901823478
243,14,41.5,1.5,4.780914437337574,3.5456210417116734,0.6708203932499369
244,35,41.542857142857144,364.8,7.229404604477371,6.12097388571944,0.5321064635877428
245,25,42.08,418.36,6.300969683062678,5.2803201657783045,0.5456440109748625
246,93,42.053763440860216,497.2043010752688,13.849549193116124,8.768994868016524,0.774020094577543
247,76,41.18421052631579,542.8947368421053,12.71962902916935,7.760648030862328,0.7923000633593461
248,37,42.810810810810814,413.3783783783784,8.714085958121032,5.373730328707286,0.7872204243088163
249,193,43.020725388601036,294.4922279792746,20.35367220349619,12.22585310040952,0.7994965881999249
250,29,43.48275862068966,453.8965517241379,6.706876390460693,5.478525522542963,0.5768472749474638
251,36,44.138888888888886,193.0,7.423685817106696,6.264735715115755,0.5365243917466084
252,47,44.148936170212764,23.851063829787233,8.46623293780708,7.225567180098518,0.5211629915163304
253,66,44.68181818181818,135.42424242424244,13.423637248414485,6.327218574308514,0.8819467554245575
254,32,44.09375,334.875,7.141122609322994,5.75445417729744,0.592161558218216
255,62,44.596774193548384,80.85483870967742,9.89028148847766,8.089330927006642,0.5753503822375214
256,253,44.869565217391305,172.19367588932806,23.808482035970332,13.867783758564261,0.8128504776373416
257,59,45.186440677966104,224.8135593220339,10.350871552020287,7.525190363104829,0.6866265399172471
258,77,44.83116883116883,375.8961038961039,11.059406765146319,9.040800454317166,0.5759625541896272
259,98,45.63265306122449,97.06122448979592,13.999242911541792,8.962853048181074,0.7681762662613922
260,26,45.5,311.0,6.201736729460423,5.203549084703927,0.5440588203494177
261,285,47.5719298245614,257.8666666666667,25.12753448859689,14.690292575917207,0.8113005587363633
262,57,46.01754385964912,423.7543859649123,10.537016734583961,6.9887938114069525,0.7483880344555613
263,163,45.00613496932515,552.9325153374233,17.45155580424908,12.20109271524524,0.7149841254863936
264,56,47.107142857142854,8.464285714285714,8.761727074542865,8.116969871553815,0.3765111467712655
265,30,47.36666666666667,62.63333333333333,6.491019437140313,5.793482928640115,0.4509717590117594
266,101,47.42574257425743,504.76237623762376,12.894098627920728,10.159035320069876,0.6158255319473133
267,95,48.03157894736842,72.77894736842106,11.495601187847587,10.548170254230286,0.397543851824028
268,24,48.0,383.125,6.077325358632581,4.9815777104569365,0.5727944638276179
269,63,48.714285714285715,87.58730158730158,10.592035379936666,7.748000557412082,0.6818488670671652
270,62,48.38709677419355,366.1290322580645,11.046554926139237,7.199018093924379,0.7584785273704443
271,83,48.51807228915663,530.156626506024,12.526356301248134,8.578125002519288,0.7287253444451053
272,103,48.87378640776699,54.22330097087379,12.341983436159177,10.711641265680104,0.496734164788779
273,25,49.04,442.24,6.402487289320216,4.897035481808672,0.6441911507451396
274,101,49.742574257425744,517.009900990099,14.702269077671072,9.195847187989868,0.7802471832136634
275,198,49.833333333333336,209.0909090909091,16.678773754431738,15.453724074631118,0.376170709676086
276,46,50.41304347826087,224.7826086956522,12.814279054212303,4.750715691320104,0.9287382585046291
277,42,50.23809523809524,270.4761904761905,7.895327097708573,6.774257700280028,0.5136355000703133
278,45,49.86666666666667,457.1111111111111,10.170343407060253,5.61683241164366,0.8336616052318696
279,57,49.50877192982456,491.10526315789474,9.870195543295894,7.614438314079235,0.6362806166292619
280,93,50.935483870967744,28.408602150537636,11.523010893575107,10.396885802926146,0.4311680746514435
281,226,50.8141592920354,184.641592920354,18.3933442311656,15.89670809074266,0.503038241241837
282,16,51.0,341.5,4.898979485566356,4.0,0.5773502691896258
283,27,53.25925925925926,115.66666666666667,6.270864303380098,5.4881083800272386,0.48380512995803077
284,48,53.104166666666664,297.8541666666667,8.898673887174063,7.231854130223975,0.5826977221455183
285,25,52.8,335.12,6.475732183524656,4.873858090595477,0.6584387794994806
286,32,52.6875,393.25,7.462930320069397,5.453638330306556,0.6826305460466611
287,15,53.6,67.93333333333334,4.9746021616473675,3.771236166328254,0.6521405955174382
288,69,53.36231884057971,277.5652173913044,11.33501760487237,7.776847605165026,0.7275162273252891
289,5,53.8,322.6,3.098386676965933,1.7888543819998317,0.816496580927726
290,33,53.303030303030305,464.09090909090907,6.874549711001055,6.079249859260948,0.4668955992874022
291,128,54.1796875,360.59375,17.499824703235124,9.629325458906337,0.8349981958783836
292,85,54.811764705882354,245.75294117647059,13.209538366637341,8.320766488963951,0.7766714396345595
293,83,55.06024096385542,304.67469879518075,10.874713955623397,10.254073596774315,0.3329963342068151
294,57,54.824561403508774,527.8070175438596,13.841369879164713,5.818458626247774,0.9073540505600289
295,104,56.32692307692308,496.4519230769231,15.048039109806737,8.933615031419725,0.8047063619173902
296,86,56.27906976744186,507.45348837209303,11.372372540289996,9.735697169488049,0.5168380216133001
297,110,55.38181818181818,551.2636363636364,15.969060067317207,9.15418144466161,0.8193841234879858
298,90,55.32222222222222,99.32222222222222,13.65658813219269,8.477264909199205,0.7840121744028177
299,66,56.84848484848485,238.63636363636363,10.541480672337455,8.140820669684743,0.635300062411853
300,76,56.89473684210526,541.3157894736842,10.493989145308337,9.250784985236741,0.47212467809328196
301,107,56.626168224299064,88.65420560747664,14.45485427169922,9.612665174235161,0.7468318325834306
302,76,56.776315789473685,225.28947368421052,10.439402187714315,9.303860395085161,0.4535606746765844
303,46,56.73913043478261,516.7173913043479,8.788625449032358,6.830388173683778,0.6292721366748781
304,114,57.421052631578945,139.6315789473684,14.589120767987488,10.106890964474122,0.7211595375017298
305,12,57.833333333333336,323.9166666666667,4.894994431930091,2.9693109114997,0.7950060587397373
306,18,58.5,1.1111111111111112,6.0,3.9752319599996264,0.7490277191169142
307,95,58.51578947368421,111.83157894736843,14.415300104419947,8.442637364567629,0.8105481669961004
308,95,58.694736842105264,151.37894736842105,12.301871558106344,10.068794966038945,0.5745397528222865
309,10,58.5,329.0,4.381780460041329,2.6832815729997477,0.7905694150420949
310,18,59.5,75.11111111111111,6.0,3.9752319599996264,0.7490277191169142
311,27,60.25925925925926,39.407407407407405,6.025659376849024,5.679488253754415,0.33406370115253947
312,63,60.26984126984127,63.38095238095238,10.101207225295894,7.928400881210346,0.6196270561845191
313,104,60.42307692307692,202.0096153846154,13.899861562184165,9.61197182675173,0.7223614769975809
314,22,60.90909090909091,189.9090909090909,5.502816709244202,4.972652484064489,0.4282593998234223
315,56,60.732142857142854,417.5892857142857,9.79673883249712,7.302042633071237,0.6666684198996714
316,72,60.763888888888886,481.31944444444446,11.33912933643518,8.219861385707002,0.6888423709529042
317,57,61.333333333333336,312.1578947368421,9.335668752672387,7.782246207743936,0.5523632807781669
318,15,61.93333333333333,27.6,4.974602161647368,3.7712361663282534,0.6521405955174384
319,58,61.86206896551724,441.48275862068965,9.36055406298458,7.856592408976799,0.5436224866875763
320,126,62.34126984126984,523.8333333333334,14.01086039199309,11.645176133528057,0.5560429861117873
321,27,62.888888888888886,99.29629629629629,6.914898709006617,5.198694595881075,0.6593790444029201
322,14,62.142857142857146,322.07142857142856,5.449353665897314,3.1458514520977277,0.8165399631383786
323,43,62.41860465116279,368.93023255813955,9.88225304174648,5.550527401021704,0.8273639420178748
324,56,62.5,104.60714285714286,10.05698051817031,7.198355821339499,0.6983492584976584
325,64,63.171875,302.9375,10.147370379615177,8.139147260549384,0.5971974895751998
326,38,62.8421052631579,427.94736842105266,7.415140905760079,6.500514024109209,0.4811210938068012
327,31,63.225806451612904,234.16129032258064,7.514882259669918,5.2888480815926435,0.7104147876067924
328,89,63.58426966292135,502.2808988764045,11.269622184365785,10.221225930789972,0.4211920362222252
329,4,64.0,452.25,2.8284271247461903,1.7320508075688772,0.7905694150420949
330,99,63.61616161616162,20.565656565656564,12.841246952429428,10.101971641621038,0.6173590444130671
331,81,63.58024691358025,68.66666666666667,16.074748764416114,6.763603526739506,0.9071722156326466
332,112,64.89285714285714,210.65178571428572,12.701037550738988,11.344724667781911,0.44963490451639104
333,39,64.58974358974359,226.35897435897436,7.6061708318931665,6.575526786599764,0.5026346041001118
334,147,65.02721088435374,256.40816326530614,14.034059771066888,13.433145426936333,0.28948775588363806
335,107,64.97196261682242,345.2710280373832,15.68169466709382,8.762672318698185,0.8293135679282336
336,154,65.08441558441558,361.3376623376623,16.66573226992427,12.064901642005744,0.6898685177460778
337,100,64.71,554.39,15.733256075321732,9.167630733638424,0.8126936082629892
338,14,65.5,54.285714285714285,4.20883424647321,4.120630029101703,0.2036532699906393
339,57,65.0,93.96491228070175,9.662369466087535,7.554803656149354,0.6234302276271378
340,92,65.8913043478261,48.07608695652174,12.825848281917223,9.150830096969772,0.7006879908499801
341,24,66.04166666666667,83.875,6.374066994997369,4.805568870124268,0.6569604228319295
342,45,66.91111111111111,120.71111111111111,8.577771451233607,6.69196015809734,0.6255907913912763
343,162,65.87037037037037,276.21604938271605,15.406504396375396,14.049092848928726,0.41042666999992
344,32,66.25,463.5625,7.1891223300164375,5.679262286957615,0.6131327141468195
345,59,67.08474576271186,138.5084745762712,10.632817809339445,7.148308420194419,0.7402903354257834
346,20,67.25,431.25,5.138093031466052,4.9396356140913875,0.2752409412815902
347,51,67.6470588235294,109.6470588235294,8.776180542195956,7.383895156754108,0.5404808099834276
348,135,67.83703703703704,147.22222222222223,16.46117460336636,10.641283691649043,0.7629585478976858
349,135,68.61481481481482,32.50370370370371,13.613157774405432,12.6963271377638,0.3607795008763448
350,72,68.13888888888889,132.45833333333334,14.469797123177637,6.468702112213023,0.8945096847180493
351,67,67.61194029850746,474.44776119402985,10.639618126246425,8.385437840985597,0.6155045311677637
352,125,68.256,511.912,13.433561684006325,12.11143841506851,0.43261119606019127
353,51,69.09803921568627,219.72549019607843,8.380011117501654,7.777812540741432,0.37223456601232635
354,119,68.53781512605042,313.8151260504202,17.959758836030502,8.850011690784456,0.870160187356198
355,101,69.77227722772277,233.66336633663366,14.110157120099633,9.17612020171415,0.7596602117713452
356,34,69.29411764705883,467.7647058823529,7.281314200315032,6.078475256194278,0.5505462076056048
357,62,69.48387096774194,483.0967741935484,9.663296273858428,8.144793835455443,0.5381348572146806
358,30,69.63333333333334,101.36666666666666,6.491019437140313,5.793482928640115,0.4509717590117594
359,28,70.82142857142857,381.25,6.402407770643537,5.637790785625597,0.4739095538912004
360,27,70.5925925925926,491.74074074074076,6.025659376849024,5.679488253754415,0.33406370115253914
361,120,72.90833333333333,20.441666666666666,14.21711395887741,10.817491165919085,0.648894800730632
362,193,70.21243523316062,192.27461139896374,21.770190105587634,11.487574908487199,0.8494466355694692
363,45,71.5111111111111,115.66666666666667,8.096881429945903,7.1767125111308365,0.46300600161938216
364,73,72.76712328767124,43.06849315068493,11.435259083581258,8.20401013676461,0.6966295017595842
365,88,72.7840909090909,60.61363636363637,11.498679507553744,9.765927748512945,0.5278966278134709
366,53,72.60377358490567,281.60377358490564,9.821244229718022,6.902998286783519,0.7113243284182972
367,135,72.6962962962963,327.36296296296297,14.591414176171199,11.812561666930698,0.5870431525588093
368,19,72.84210526315789,399.1578947368421,5.271572221283754,4.5005385950383054,0.5207037318817047
369,29,72.55172413793103,298.58620689655174,6.587153268826375,5.536659292153485,0.5417745765101218
370,40,72.8,345.425,7.770588708694724,6.60968615898713,0.5258084407233908
371,37,73.13513513513513,372.2972972972973,7.294922604986722,6.409192553169349,0.4775903038945564
372,141,73.95035460992908,84.76595744680851,13.860632733377916,13.587214615143887,0.19764450014446738
373,73,73.13698630136986,128.58904109589042,14.563016913021846,6.632088061813221,0.8902837756579567
374,177,74.38983050847457,264.3446327683616,17.772951049761275,12.958625354460667,0.6843851983203462
375,107,75.14953271028037,5.121495327102804,13.10226551302903,10.397621452359443,0.6084733336312942
376,28,75.07142857142857,163.92857142857142,6.955082013900136,5.074375149662732,0.6838822223145389
377,38,74.84210526315789,226.78947368421052,7.213120557623198,6.6743590783319515,0.37921612405019006
378,46,74.67391304347827,365.2391304347826,8.891804700947345,6.598253054840474,0.670333409490953
379,67,76.13432835820896,110.53731343283582,11.85541015209057,7.505484499686108,0.7740821349867321
380,88,75.51136363636364,414.5568181818182,14.535421304106787,7.718607349317944,0.847358944193776
381,71,75.77464788732394,139.05633802816902,11.14418627968336,8.209415059514335,0.6762692777504968
382,117,76.17094017094017,211.4017094017094,15.797104150826877,9.613931854666165,0.793486200803385
383,124,75.70161290322581,310.13709677419354,18.084990272183926,9.015118236817269,0.8668976292760255
384,38,75.94736842105263,482.0263157894737,7.802948030519324,6.300014231597667,0.5900195243066344
385,43,76.6046511627907,340.6046511627907,8.99552713510665,6.0720315164968195,0.7378125718241635
386,34,77.26470588235294,158.7941176470588,7.295372448833822,5.944003200772144,0.5797934431413931
387,65,76.49230769230769,555.1076923076923,9.416854188752632,8.850782355929466,0.34148458819021626
388,79,77.63291139240506,68.62025316455696,10.992537199644532,9.226652609889824,0.543582027235071
389,217,77.45161290322581,248.45622119815667,19.832711028357384,14.190152356835197,0.6986206016002902
390,90,77.9888888888889,382.64444444444445,12.254367995115707,9.860425746613647,0.593755114110659
391,64,78.671875,31.921875,9.408236422119105,8.698550162269083,0.38101815308069154
392,110,78.91818181818182,235.01818181818183,13.703994953853515,10.438431533677354,0.6479214085309791
393,54,79.07407407407408,439.6111111111111,9.17157387905297,7.476175928773557,0.5792549161464596
394,56,79.73214285714286,76.375,9.253946227673914,7.899056365175381,0.5209488716397749
395,67,79.32835820895522,118.4776119402985,11.8340365193175,7.492189399832743,0.7740658086284863
396,67,79.65671641791045,145.4179104477612,11.502289726100525,7.497431343220521,0.7583730507573558
397,76,79.25,301.89473684210526,11.169287624220665,8.739880898648204,0.6226603355342305
398,43,79.97674418604652,106.04651162790698,8.391509922082728,6.502574924096425,0.6320847405774017
399,33,80.0909090909091,459.54545454545456,7.212994811074784,5.809200507695,0.5927590872077897
400,13,80.61538461538461,94.38461538461539,4.318667337728677,3.6794648440311994,0.523556754446835
401,37,80.51351351351352,164.72972972972974,7.422365512574899,6.346445666170015,0.5185562154602201
402,106,80.71698113207547,182.50943396226415,15.594274422214522,8.816136660806952,0.8248549211418043
403,130,80.17692307692307,192.16923076923078,16.277401272593693,11.413665929101954,0.7129675181843854
404,69,81.01449275362319,15.884057971014492,11.30205888833345,7.871344666511435,0.7176031100314793
405,59,80.91525423728814,38.94915254237288,11.110520910035559,6.794318217463273,0.7912281067091671
406,77,80.93506493506493,274.09090909090907,11.374778170794853,8.843468377844072,0.6289287643987023
407,32,80.6875,364.4375,6.542351682649067,6.210687116619137,0.31435653445294837
408,40,81.45,486.575,8.30898183037285,6.23143811190754,0.6614785280046476
409,96,81.34375,125.625,12.30072912213006,10.63256498047303,0.50283066616331
410,138,81.47826086956522,219.7463768115942,15.214947589652,11.716045165054252,0.6380014069963768
411,85,81.24705882352941,472.09411764705885,13.51544285294219,8.531070933409287,0.7756126825921031
412,28,81.46428571428571,597.6785714285714,8.451542547285165,4.2809497325061985,0.8622230404185285
413,42,81.52380952380952,58.976190476190474,8.31281330354238,6.475076326847329,0.6271143668081809
414,32,82.71875,227.6875,8.670351181962241,4.743088169267566,0.8371020013807541
415,54,82.18518518518519,340.7037037037037,10.917008705734819,6.467497438244374,0.8056263783210971
416,34,82.67647058823529,354.4117647058824,6.900178022877732,6.230853024407229,0.42964290201958866
417,79,81.65822784810126,389.6835443037975,11.797343760758256,8.860925378816999,0.6601941902690793
418,34,82.88235294117646,266.5,7.143225977651852,6.04297734791017,0.5332255033562074
419,45,82.73333333333333,136.82222222222222,8.640405860331247,6.835360414846623,0.611696518284427
420,52,83.76923076923077,175.17307692307693,9.376920684342267,7.080015036525274,0.655670767908122
421,41,83.41463414634147,280.5365853658537,8.348463533406866,6.232822023224803,0.6652921404826952
422,41,83.41463414634147,432.9756097560976,7.34449560504998,7.303896429047133,0.10500055909860709
423,40,83.375,558.25,7.6886945205290225,6.665881529849371,0.49835715356508864
424,42,83.71428571428571,100.38095238095238,7.851048032696038,6.891649413338742,0.4790274344274463
425,44,84.79545454545455,203.22727272727272,10.12616430916405,5.936131390724467,0.8101539537953517
426,61,85.78688524590164,2.278688524590164,12.216284023224299,6.468556401341897,0.8483081996876908
427,78,84.78205128205128,157.9102564102564,11.948041193723189,8.396979748579309,0.7113960556460656
428,36,84.88888888888889,63.083333333333336,8.922492357168615,5.464271766551952,0.790536129638652
429,114,85.44736842105263,258.9122807017544,13.944479598863213,10.528900075184437,0.6556572431649164
430,85,84.75294117647059,328.16470588235296,12.58252344840561,8.681896600617737,0.723812744573467
431,50,86.18,493.28,11.274850949541046,6.045240778135589,0.8441098008792688
432,57,85.78947368421052,297.87719298245617,9.353671142319534,8.033731761175694,0.5121677815849142
433,192,85.11979166666667,399.75,17.101195383842747,14.602608753776076,0.5204468989055352
434,21,86.28571428571429,426.6190476190476,6.932114422167557,3.919858514253213,0.8247732383180962
435,93,85.66666666666667,542.6881720430108,14.78154791536928,8.070936661081337,0.8377758501515319
436,33,85.96969696969697,131.66666666666666,7.574483616760106,5.655638154518143,0.6651948678951631
437,65,86.92307692307692,210.46153846153845,11.31425145918255,7.503341919031047,0.7484633398311042
438,78,86.23076923076923,239.48717948717947,11.756990009187803,8.938279702689792,0.649627824292631
439,146,86.11643835616438,288.23972602739724,16.672993458427555,11.260225309044356,0.7374908289463286
440,66,86.9090909090909,69.60606060606061,10.402857638550035,8.25072121202965,0.6090645569732775
441,55,87.23636363636363,16.145454545454545,11.504836458387041,6.144249011637467,0.845447892947003
442,29,87.03448275862068,89.0,7.026320255715985,5.329624953232416,0.651646361683858
443,44,87.88636363636364,139.5,9.215871886254552,6.3780307010923725,0.7218301586631086
444,31,87.7741935483871,437.19354838709677,6.8136858773688065,5.850043451614078,0.5126921381860827
445,37,86.91891891891892,469.9189189189189,8.786861958385403,5.539746609520213,0.7762234382227094
446,78,87.64102564102564,41.794871794871796,11.68134396021488,8.729019185035853,0.6645300422193382
447,29,86.89655172413794,96.10344827586206,7.461330370772732,5.063721166005772,0.7344507681825087
448,53,87.43396226415095,107.0754716981132,9.110102399189763,7.64888882638602,0.54319720551079
449,106,87.17924528301887,482.6132075471698,14.8999564179384,9.242463146598487,0.784363582610345
450,117,87.87179487179488,26.837606837606838,13.55202716108802,10.982481289624637,0.5858853043272371
451,38,87.97368421052632,57.0,7.721959552668783,6.269579631489656,0.5837747979434873
452,20,87.95,120.95,5.720139858430037,4.47213595499958,0.6235006465391345
453,42,87.83333333333333,169.88095238095238,8.391947260563677,6.395625017295714,0.6474422210018664
454,35,87.68571428571428,269.54285714285714,7.7210919315495525,5.809162765633411,0.6587341242575213
455,22,87.72727272727273,597.4090909090909,6.458493108741292,4.375770891691275,0.7355025475769105
456,77,88.53246753246754,77.63636363636364,11.115122696006063,8.867534439428352,0.6029353322470616
457,22,88.86363636363636,126.68181818181819,5.955766703311747,4.716762792444194,0.6105656155741057
458,30,88.46666666666667,351.6333333333333,6.175219294351686,6.15070005049109,0.08902476018169558
459,77,88.77922077922078,386.2987012987013,14.278114247093962,7.03650582665633,0.8701326478215576
460,66,89.39393939393939,591.2121212121212,11.435996642497122,7.680152295809357,0.7409347714750428
461,112,89.85714285714286,114.61607142857143,14.41848278827904,10.035343511321548,0.718036437599589
462,43,89.6046511627907,178.5581395348837,9.026641767293125,6.277475952362355,0.7185854328817292
463,97,89.91752577319588,50.123711340206185,13.198483424350574,9.488079414942272,0.6951378241571131
464,52,89.5576923076923,339.2307692307692,8.885953306146277,7.471734476646554,0.5412715968941202
465,133,90.33834586466165,359.8646616541353,14.679738871488412,11.914675982225145,0.5841567455067642
466,82,90.59756097560975,152.8658536585366,12.288780351127144,8.715520493341394,0.7049813588956926
467,126,90.0,530.3253968253969,16.618613005210143,9.841632537824486,0.8057870386732159
468,83,91.43373493975903,224.83132530120483,11.581346918324474,9.357552865559327,0.5892032589542304
469,202,90.55940594059406,308.11386138613864,20.99797854331794,12.559924142572118,0.8013847579353568
470,27,91.11111111111111,519.4444444444445,6.257102288529482,5.511763342924836,0.473337545967406
471,35,91.17142857142858,92.71428571428571,7.211030204916876,6.2834592152975,0.49063044347621076
472,47,91.80851063829788,64.04255319148936,11.428312264125697,6.216941050319667,0.839088666528695
473,36,91.91666666666667,84.63888888888889,7.571877794400365,6.112121128655585,0.5902597276461987
474,30,92.06666666666666,166.33333333333334,7.050221041702837,5.625432816614354,0.6027783020720637
475,75,91.88,234.68,12.523696435085839,7.770557311747441,0.7842314848409964
476,69,91.73913043478261,317.92753623188406,10.12498920737969,8.745607111572228,0.5038955644465901
477,80,92.2875,554.0125,11.50786139315148,8.845570990954384,0.6396640158230592
478,44,92.5,196.9090909090909,9.7291853709228,6.04015296875753,0.7839466208190217
479,48,91.79166666666667,215.3125,8.964155190006252,6.859565871956199,0.6437668710556972
480,110,92.58181818181818,247.5818181818182,12.228203649103502,11.627651318536916,0.3095353530355295
481,30,92.83333333333333,122.8,6.289320754704403,6.2311047709588925,0.1357459623419231
482,87,92.96551724137932,203.73563218390805,11.843107902297655,9.406836994471735,0.6075415817799784
483,86,93.13953488372093,475.3953488372093,11.388504639789302,9.700220731641325,0.5239395744975481
484,31,93.3225806451613,507.64516129032256,8.87871677587792,4.494281401159417,0.8624243830611196
485,58,93.55172413793103,134.48275862068965,10.457762810100784,7.322712430555356,0.7139292194758068
486,38,93.10526315789474,161.18421052631578,7.966198104041703,6.175374938754601,0.6317192484715826
487,27,93.48148148148148,342.7037037037037,7.757138591131518,4.9187831588842705,0.7732529998208783
488,68,93.70588235294117,17.808823529411764,10.477040325653805,8.375268403120737,0.6008090268958082
489,41,94.14634146341463,128.90243902439025,8.689524509440844,6.285651552206649,0.6904714278753301
490,79,94.36708860759494,407.0,12.472228501230749,8.446936877893194,0.7357441074389073
491,53,93.98113207547169,435.1132075471698,11.647788055977887,5.837854605672101,0.8653323078668644
492,27,94.11111111111111,514.5185185185185,6.107372948800249,5.575802222479567,0.40804356301730593
493,22,94.9090909090909,272.90909090909093,5.502816709244202,4.972652484064489,0.4282593998234223
494,45,94.55555555555556,596.5777777777778,8.387111155684199,7.061568464459372,0.5395480710943115
495,60,94.43333333333334,257.55,10.793294684373949,7.242951429619047,0.7414027859950518
496,54,94.94444444444444,484.9074074074074,9.385193365047176,7.304876330438898,0.6278423585837711
497,29,95.20689655172414,88.79310344827586,6.96237508655875,5.5414131259369395,0.605417003228277
498,47,95.51063829787235,192.0,8.8852817269551,6.899503558075289,0.6301058369400211
499,22,95.9090909090909,327.09090909090907,5.502816709244202,4.972652484064489,0.4282593998234223
500,111,96.31531531531532,350.31531531531533,13.354475590006391,10.64872483899014,0.603464366673474
501,6,96.0,492.5,3.265986323710904,2.0,0.7905694150420949
502,26,95.88461538461539,575.2692307692307,7.014937468684493,4.6939595077868175,0.7431383889389532
503,70,95.41428571428571,142.35714285714286,9.846379556546166,9.132618901266857,0.3737974847210831
504,46,96.84782608695652,218.52173913043478,9.017040412994023,6.5582438602645174,0.6863020128603619
505,110,95.41818181818182,382.8,16.52946005047811,8.862219468661474,0.8441246684913735
506,50,96.62,456.18,8.30064210887983,7.670106947122121,0.3823011537642372
507,74,96.39189189189189,584.2837837837837,12.182809858500725,7.7282104001897824,0.7730429449558789
508,41,97.04878048780488,150.17073170731706,7.731927902367966,6.743065092639784,0.4893159891942521
509,141,97.12056737588652,173.53191489361703,14.59889141780701,12.540406149818965,0.5119803637904685
510,22,98.36363636363636,125.54545454545455,6.1145141070903035,4.603393273541582,0.6581769141245466
511,24,98.16666666666667,340.2083333333333,5.618614713725037,5.534041302986178,0.17285296131784889
512,43,98.27906976744185,119.83720930232558,7.676817694586886,7.220842346222445,0.33950680561795743
513,38,98.71052631578948,186.76315789473685,8.33443337597402,5.936864625009444,0.701844971873745
514,14,99.42857142857143,439.35714285714283,4.736736307736685,3.8560927893333488,0.5807496412612704
515,94,99.26595744680851,102.51063829787235,12.812298036092503,9.420935602981116,0.6777372964751044
516,72,99.41666666666667,159.09722222222223,10.410311515561782,9.142499149147987,0.47826474009267383
517,88,99.67045454545455,232.8409090909091,11.380878817625309,10.043828448381175,0.47027894304045037
518,53,99.54716981132076,361.7358490566038,10.131657069363198,6.715889666621004,0.7487416602921378
519,47,100.0,513.4255319148937,10.342730922364938,5.754076980917355,0.8309546214022462
520,110,100.65454545454546,66.36363636363636,12.749403960849692,11.189700302418565,0.4792753706389144
521,32,99.5,470.5,6.324555320336759,6.324555320336759,0.0
522,93,100.31182795698925,44.946236559139784,11.471959291656102,10.375564088135986,0.4266257577161735
523,52,100.42307692307692,91.38461538461539,9.268014686011941,7.100112399642648,0.6427360102166558
524,14,100.28571428571429,485.5,4.20883424647321,4.120630029101703,0.2036532699906393
525,57,100.54385964912281,74.84210526315789,9.855982791825642,7.410881230293361,0.659257758344994
526,60,98.41666666666667,81.03333333333333,10.926918254886823,7.67291134851252,0.7119770977672029
527,95,101.18947368421053,257.8421052631579,14.78138944862452,8.369768159446473,0.8242425441083214
528,39,101.28205128205128,550.7948717948718,9.071791412729167,5.497094771380386,0.7954991417506883
529,62,101.75806451612904,138.1290322580645,10.427971793968302,7.619349751295562,0.6827365924634429
530,47,102.14893617021276,130.10638297872342,8.348972551902326,7.185472052534762,0.5092114014425737
531,53,101.86792452830188,246.30188679245282,9.23431268784572,7.509089328758724,0.582022723757912
532,25,102.04,312.6,6.013280646736604,5.212950782770064,0.4984711566327377
533,132,102.32575757575758,376.1363636363636,14.408184493768687,12.129966351520686,0.5396643395055942
534,27,102.03703703703704,411.3703703703704,8.02763419722863,4.522329604620195,0.8262215972584303
535,87,102.6896551724138,404.97701149425285,11.26128630497379,9.900745286119369,0.4764820000703727
536,31,102.54838709677419,557.2903225806451,6.8575012356818705,5.700161964155581,0.555928406605324
537,76,104.39473684210526,59.60526315789474,15.223929818957009,6.7029860367824,0.8978542687305755
538,93,102.94623655913979,283.51612903225805,13.864031704951982,8.727446474135064,0.776998231880936
539,104,103.4423076923077,294.5192307692308,13.221415914590025,10.102379251387733,0.645107189393517
540,96,103.97916666666667,272.1145833333333,13.654473143670199,9.174512663527898,0.7406370828818057
541,28,104.25,117.82142857142857,6.402407770643537,5.637790785625597,0.47390955389120015
542,49,104.46938775510205,209.6122448979592,9.106846171306374,6.901035182474806,0.6525038456637422
543,51,104.6078431372549,226.35294117647058,10.001748587575387,6.60225604613593,0.7511687907195129
544,69,104.6231884057971,416.9710144927536,10.153553638952364,8.63493736467888,0.5260801410807165
545,18,104.94444444444444,595.2222222222222,5.033222956847167,4.575835618216445,0.41652044217833617
546,103,105.53398058252426,19.961165048543688,12.318407281720642,10.755024285708082,0.48756691475070374
547,69,105.8695652173913,337.82608695652175,10.060055487060998,8.791218160275134,0.48615297292763
548,114,105.9298245614035,166.1578947368421,12.611979772212047,11.5911611853923,0.39411855699310433
549,77,106.48051948051948,29.09090909090909,10.285437847546838,9.523383939149014,0.3777455750083721
550,79,106.0886075949367,366.0126582278481,11.775906688449657,8.664482373497108,0.6772201067786006
551,52,106.5,425.5,8.095582841183305,8.095582841183305,0.0
552,46,107.04347826086956,94.08695652173913,8.111883240668034,7.3752252605101,0.4163862967559853
553,27,107.44444444444444,46.111111111111114,7.811725553869512,4.378866832323127,0.828120228558902
554,41,107.95121951219512,100.5609756097561,8.408437988907773,6.576426848896576,0.6231249551868265
555,70,106.85714285714286,108.5,9.96029244206978,9.171869314013668,0.38993265786543113
556,208,107.63461538461539,184.8125,18.870594778822902,14.116620739250193,0.6636141580480912
557,58,106.62068965517241,253.32758620689654,11.685152435825804,6.378053534706781,0.8378989097621317
558,36,107.63888888888889,72.30555555555556,7.1702883271553235,6.4036488342100615,0.44989575099945545
559,43,107.86046511627907,78.51162790697674,9.307184761479071,5.948799050153725,0.7690721078285527
560,69,108.42028985507247,84.53623188405797,11.815248933851208,7.7038751997430275,0.7581947368456318
561,106,107.83018867924528,123.50943396226415,13.079419239730873,10.865123094697447,0.5567146649777766
562,85,107.25882352941177,357.49411764705883,13.831217563764323,7.920285065166901,0.8198081267855635
563,81,107.8641975308642,441.358024691358,13.019309066668125,8.049446123261456,0.7859659063371965
564,29,108.44827586206897,492.2413793103448,6.681787057485472,5.536655494147085,0.5598130101405144
565,39,108.56410256410257,543.7435897435897,8.04896979331663,6.1137918524641774,0.6504203607876518
566,39,109.58974358974359,205.05128205128204,8.168913400737564,6.099219440459097,0.6652307960129958
567,78,109.38461538461539,218.94871794871796,12.337356508973619,8.155298769071978,0.7503640434415136
568,87,109.77011494252874,349.2298850574713,11.666286745517208,9.748550215776287,0.5493121560363798
569,34,109.70588235294117,12.5,6.964069923269997,6.154864169189802,0.4678596948487089
570,68,109.63235294117646,38.23529411764706,9.907837267615228,8.929025380323916,0.4333861600029202
571,98,111.44897959183673,301.234693877551,16.962653733957307,7.444935337770251,0.898535148312809
572,67,109.64179104477611,308.1044776119403,12.689820223133232,6.79511816626209,0.8445492458033249
573,23,110.1304347826087,59.0,5.92940197772613,5.146165946077864,0.4967277670550716
574,18,110.0,67.5,5.542593461893073,3.9932849113038276,0.6934837441847964
575,18,110.5,592.8888888888889,6.0,3.9752319599996264,0.7490277191169142
576,184,112.57065217391305,151.16847826086956,19.956572611485743,12.246787000398141,0.7895611757762555
577,98,111.6938775510204,249.62244897959184,16.420113809679,7.797682507088504,0.880047309700343
578,50,110.68,269.12,10.015293601884608,6.5165246925066755,0.7593714335993914
579,78,111.17948717948718,322.7435897435897,12.977180646658406,7.731040184380242,0.8031765143559414
580,43,110.88372093023256,1.4651162790697674,12.420258844857681,4.421298306811119,0.9344955808192054
581,37,111.5945945945946,596.972972972973,8.720775911443976,5.423544188419337,0.7830881388388048
582,67,112.61194029850746,134.86567164179104,9.759794492721193,8.78026403608608,0.4366403328930784
583,61,112.68852459016394,314.42622950819674,9.700167386407244,8.118297400051397,0.5473199845706433
584,31,112.64516129032258,457.80645161290323,7.520960433340505,5.197572388980319,0.7227799201541143
585,25,112.96,464.76,6.402487289320216,4.897035481808672,0.6441911507451396
586,53,112.52830188679245,530.9056603773585,10.174633717164307,6.611946744907971,0.7600657578620795
587,77,112.75324675324676,260.4935064935065,12.531901628061386,7.892291214199026,0.7767767737295533
588,167,113.24550898203593,376.4670658682635,16.701298306674836,13.011780918882357,0.6269145912333297
589,81,113.55555555555556,412.25925925925924,11.274096757255476,9.32364776270351,0.5622058686309236
590,92,113.71739130434783,54.08695652173913,12.95007944063778,9.340471229206168,0.6926566357332342
591,52,114.26923076923077,63.88461538461539,9.10782576833118,7.31579678194984,0.5956515535143952
592,99,115.15151515151516,44.707070707070706,12.366701498717026,10.444234735512717,0.5354847377646414
593,58,114.17241379310344,72.91379310344827,9.170627260651079,8.136437614170886,0.46133113051019453
594,54,114.55555555555556,276.55555555555554,8.770333690924863,7.870542832657253,0.4412073815472226
595,187,114.27807486631016,289.4438502673797,17.53106932064261,13.855427967989975,0.6126741869912821
596,78,113.48717948717949,341.4230769230769,10.70939534383274,9.643983552421103,0.4348225485125397
597,38,114.60526315789474,501.6578947368421,7.90840223805204,6.055614786300849,0.6431751179654633
598,86,114.54651162790698,109.25581395348837,12.763730622075471,9.170525508258962,0.6955443544990203
599,38,115.05263157894737,177.1578947368421,7.415140905760079,6.50051402410921,0.48112109380680107
600,52,114.71153846153847,428.65384615384613,8.431412777568223,7.832947437364035,0.3700306020238812
601,12,115.66666666666667,246.08333333333334,4.364045181411538,3.5213000580812737,0.5907030891845739
602,49,116.51020408163265,267.734693877551,9.266412725002413,6.829230182156975,0.6759063923728509
603,95,114.92631578947369,402.5684210526316,13.564101446649886,9.060074946664253,0.7442105604001554
604,91,115.84615384615384,201.23076923076923,12.754703835096514,9.09769638587284,0.700877497585446
605,22,115.9090909090909,239.9090909090909,5.502816709244202,4.972652484064489,0.4282593998234223
606,38,116.10526315789474,475.2105263157895,7.393983130181436,6.49051595823555,0.4790080821576625
607,41,116.36585365853658,486.1219512195122,8.021980511481644,6.5815707221552895,0.5717295887691668
608,101,115.5049504950495,91.22772277227723,14.762243993029823,8.929786509237925,0.7962960349633134
609,47,117.2127659574468,187.14893617021278,10.04133544261572,6.10953383777571,0.7936011224896476
610,220,117.34545454545454,222.88636363636363,21.28432996277814,14.164853799441481,0.746392311291485
611,121,117.88429752066116,100.44628099173553,16.74679837456229,9.519623020255544,0.8227217111009286
612,27,117.88888888888889,516.4814814814815,6.10737294880025,5.575802222479568,0.40804356301730604
613,91,118.82417582417582,83.3076923076923,12.083021789644745,9.655150672540705,0.6012412521855445
614,37,118.54054054054055,492.2162162162162,7.4416645848549505,6.355146020804033,0.5202808432385402
615,107,117.64485981308411,353.196261682243,15.060415894738064,9.756284943140024,0.7618021190984258
616,66,118.84848484848484,592.530303030303,11.142257569693133,7.608701389745248,0.7305409218478472
617,76,118.22368421052632,125.86842105263158,11.673676993775382,8.442705849755635,0.6906115119542581
618,78,119.56410256410257,328.02564102564105,10.983784465409945,9.114553472198393,0.5580325816034579
619,36,119.75,554.1944444444445,7.802708498546642,5.86529544899419,0.6595052782169106
620,22,119.95454545454545,51.22727272727273,6.026786168143852,4.73863988794276,0.6178917834714448
621,36,120.30555555555556,131.91666666666666,8.425632339235122,5.442977460421141,0.7633355037044898
622,66,120.71212121212122,341.969696969697,11.746340903991323,7.274972170884699,0.7851233411827642
623,57,120.10526315789474,6.2631578947368425,9.25807026476126,7.841813851613797,0.5315535901955591
624,168,120.61309523809524,144.92857142857142,19.24023963929691,11.25476586100958,0.8110623190027288
625,101,120.74257425742574,252.1089108910891,13.59649563943308,9.503729603110035,0.7151375444978499
626,65,120.50769230769231,383.4923076923077,11.897413046533764,7.041884041043665,0.8060234280730307
627,35,120.65714285714286,66.05714285714286,7.123716534336954,6.2248030444742515,0.48626036370079684
628,155,121.0,364.71612903225804,15.806397016640547,12.637531381109536,0.6006393966329081
629,32,121.15625,441.375,6.910158200998827,5.840298677051427,0.5344883724417774
630,52,121.51923076923077,406.0576923076923,11.338948275356366,6.075157771582675,0.8443589601299452
631,61,120.98360655737704,452.0983606557377,10.853543439652618,7.4795144983417865,0.7246366714206903
632,18,122.66666666666667,564.0,5.333333333333333,4.216370213557839,0.6123724356957945
633,116,122.5,25.43103448275862,12.669813761603278,11.636138507477222,0.3956199184115238
634,91,122.65934065934066,117.01098901098901,11.933661499977184,9.953374795955696,0.5516756304372408
635,105,123.01904761904763,264.96190476190475,14.973371283436245,9.091994586464194,0.7945406823312723
636,24,123.125,334.6666666666667,6.081140986576509,4.932066489508719,0.5849866175853743
637,78,123.21794871794872,585.6666666666666,11.506570960533727,8.654893095821008,0.6589695472446999
638,151,123.97350993377484,174.158940397351,15.261719172817907,12.782008422068202,0.546405326691391
639,42,124.23809523809524,234.64285714285714,7.802941652230671,6.857360908107279,0.4771582279935754
640,41,123.92682926829268,243.29268292682926,7.492763833852906,6.939618985571658,0.3770912123293856
641,67,124.53731343283582,44.791044776119406,9.668446958491277,9.041048538338442,0.3543610907504677
642,85,125.4,92.70588235294117,13.572000403015545,8.06431600346852,0.804326395771857
643,173,124.59537572254335,287.09248554913296,20.305405809857167,12.050375986712032,0.804866031469717
644,79,125.11392405063292,389.40506329113924,10.905630567914937,9.329762545326608,0.5178034773820127
645,11,124.9090909090909,498.6363636363636,4.346129984141888,3.067356324605906,0.7084437526351622
646,22,125.5,1.3636363636363635,6.4666979068286325,4.271760045262084,0.7507571935295483
647,54,125.31481481481481,203.85185185185185,9.299219075542903,7.5935300615923875,0.5772362721630296
648,73,126.46575342465754,352.3013698630137,13.593261397624074,7.468513632580973,0.8355412976503349
649,73,126.28767123287672,399.26027397260276,13.179116885585719,7.2309393093344045,0.8360413409921825
650,45,125.91111111111111,558.2888888888889,8.081487330288875,7.332200724792796,0.4205193368177757
651,26,127.11538461538461,104.76923076923077,6.861079622929725,4.884720836488207,0.7022338246788131
652,144,126.75,194.11111111111111,16.1422966689478,11.440952497678937,0.7054535275835961
653,118,127.5,53.36440677966102,13.892352320187296,10.969753748987442,0.613589264501866
654,75,127.64,123.97333333333333,11.051392806563289,8.772404037126691,0.6082015128968085
655,41,127.8048780487805,533.7560975609756,8.220171291891694,6.335305912513646,0.6371952439099082
656,31,127.29032258064517,543.6129032258065,7.579191628686808,5.202674404284452,0.7271846889635369
657,169,127.27810650887574,213.77514792899407,16.950555346820217,13.01997774395357,0.6403117775171216
658,85,127.37647058823529,317.77647058823527,12.17614588062488,9.376641311769879,0.6379438690844058
659,99,128.6969696969697,326.45454545454544,12.066558419844265,10.79126627286748,0.4474441883800751
660,72,129.38888888888889,407.34722222222223,11.866356269807124,7.771510728389039,0.7556984584157441
661,50,129.26,38.52,8.54388160923893,7.461507022532966,0.4871544606438631
662,56,129.05357142857142,358.1607142857143,10.704248220033294,6.747689600290844,0.7762908359695297
663,4,129.0,513.5,4.47213595499958,0.0,1.0
664,73,129.8082191780822,563.7260273972603,11.527735127747095,8.23665082654303,0.6996279922262959
665,86,129.2093023255814,344.09302325581393,12.791643195865044,9.027069296727284,0.7085102479604892
666,102,128.07843137254903,16.019607843137255,12.658145723857888,10.462824343302671,0.5628361558873178
667,17,130.2941176470588,59.588235294117645,5.300439353437239,4.092631588351591,0.6354638360916526
668,76,129.27631578947367,295.63157894736844,16.54276304517496,6.240483877924823,0.9261181946350606
669,32,129.90625,371.78125,6.565163319090093,6.244387927865625,0.30876064896481387
670,29,130.31034482758622,445.55172413793105,6.258786926641891,5.866529742934272,0.34845109292030935
671,14,130.5,10.285714285714286,4.20883424647321,4.120630029101703,0.2036532699906393
672,92,130.29347826086956,82.91304347826087,11.367843095043218,10.310992522882161,0.4210626301918009
673,35,130.37142857142857,99.6,8.58676292263099,5.462875864836332,0.7715263603299289
674,78,130.96153846153845,108.88461538461539,12.535068522470754,8.41058469126817,0.7414895670836241
675,118,131.3135593220339,305.8474576271187,17.385890732505644,9.71050256322028,0.8294858311542819
676,131,130.74045801526717,133.6259541984733,14.127909694916898,11.829011178162801,0.5467749082673067
677,23,132.0,174.30434782608697,6.302988303241203,4.846230394359717,0.6393952540021911
678,40,132.125,428.075,7.991320524232876,6.371718471415257,0.6035437805396944
679,17,132.41176470588235,467.88235294117646,5.181899763382574,4.041201040002321,0.625943231252129
680,41,132.02439024390245,92.04878048780488,7.8364891324052675,6.655670132966336,0.5278817887055913
681,159,132.11320754716982,279.35849056603774,18.06973940845829,11.541691216596858,0.7694306486190183
682,125,133.184,267.592,14.980008533342398,10.75593902646296,0.6960229320569071
683,14,133.07142857142858,572.8571428571429,5.449353665897314,3.145851452097728,0.8165399631383785
684,63,133.61904761904762,115.34920634920636,10.8184002390679,7.446543115780054,0.7254052629416512
685,169,133.3491124260355,165.6153846153846,16.811677446472775,12.86101066557499,0.6440248086954055
686,90,133.43333333333334,395.47777777777776,12.162719392708553,9.581830036625282,0.6159269577146106
687,33,134.42424242424244,75.81818181818181,6.6920016141671805,6.404732924629795,0.2898475421268724
688,88,133.85227272727272,204.17045454545453,11.023029963937866,10.36807323689088,0.339564208167311
689,157,134.0700636942675,224.80254777070064,17.47224787586894,11.58762229141517,0.7484408275431308
690,117,133.991452991453,236.2136752136752,14.550058279575994,10.39765022662537,0.6995207635038271
691,89,133.8988764044944,247.65168539325842,13.401699569706807,8.556343390054353,0.7696615497232538
692,61,135.37704918032787,300.2950819672131,9.988230047664704,7.912029838923094,0.6103455000524306
693,86,135.30232558139534,415.04651162790697,11.910903088461593,9.204693664318468,0.6346549764566211
694,47,134.93617021276594,529.531914893617,8.69358669485911,6.816723928594283,0.6206225018724058
695,31,135.25806451612902,6.516129032258065,6.832048379062802,5.802822653001825,0.5278247980228475
696,181,134.66298342541435,152.60773480662982,20.16983075329879,11.793495590008382,0.8112426101077383
697,54,135.75925925925927,35.592592592592595,8.71613882837053,7.859978807865813,0.4322099325646706
698,61,136.0327868852459,99.22950819672131,10.359830073386503,7.657258589495446,0.6735630749250534
699,18,136.11111111111111,348.27777777777777,5.076445469458138,4.46191816837747,0.4769224904060804
700,82,137.15853658536585,122.90243902439025,12.10301976745368,8.76169838967444,0.6898769638229582
701,48,137.04166666666666,448.6666666666667,8.602189607820037,7.084968482326326,0.5671364576030166
702,155,137.3483870967742,316.48387096774195,16.426413237754318,12.689633907423984,0.6349977534937405
703,15,138.06666666666666,561.4,4.9746021616473675,3.7712361663282534,0.6521405955174383
704,39,139.2051282051282,241.82051282051282,9.455520293417836,5.365543748321204,0.8234072178093633
705,68,138.39705882352942,402.0735294117647,11.774154394996888,7.817495309845328,0.7477735392707258
706,79,138.9746835443038,590.0506329113924,12.222625707800226,8.540251390219298,0.7153905853756634
707,20,138.8,80.1,5.440588203494177,4.732863826479693,0.49319696191607204
708,102,139.48039215686273,87.37254901960785,13.162374790873734,9.963440774723116,0.6534568530963851
709,33,138.4848484848485,193.57575757575756,7.526506492057795,5.633919421745713,0.6630854008421319
710,85,138.78823529411764,570.7411764705882,12.663354273976493,8.574421508562654,0.7358863435736134
711,45,137.88888888888889,516.8888888888889,10.84264215268808,5.472948065847836,0.8632588554410724
712,15,139.73333333333332,96.06666666666666,6.721560845230038,2.8305001174671536,0.9070107050548349
713,118,140.23728813559322,212.9406779661017,12.622686856168551,12.117310938938566,0.2801272070249923
714,53,139.9433962264151,510.0,9.431612212086101,7.167341611535587,0.650007826911441
715,154,140.46103896103895,291.1363636363636,16.207367581414736,12.19801770006285,0.6584530880044344
716,35,140.85714285714286,7.371428571428571,7.045255764349428,6.338245088882085,0.43661744836091027
717,155,141.2258064516129,24.83225806451613,15.388870901397476,12.845754629663144,0.5506395074665381
718,116,142.1293103448276,147.31034482758622,17.767721717192337,8.461852753366179,0.8793106745634414
719,139,140.31654676258992,331.24460431654677,14.816863287100544,12.026381221620277,0.5841183472752338
720,86,141.3953488372093,409.9767441860465,12.812190903367082,9.23283685680721,0.6933208375669144
721,89,142.22471910112358,73.15730337078652,11.990436175963515,9.533662488862388,0.6064710594906855
722,126,142.25396825396825,106.0952380952381,13.572348102980754,12.01103817000746,0.4656596265400685
723,47,142.10638297872342,116.74468085106383,8.330157012877597,7.230353924011876,0.4966108533300281
724,136,141.9264705882353,265.2279411764706,18.232341613841495,9.93889059532316,0.8383552999945674
725,21,142.04761904761904,585.1904761904761,5.602338368222782,4.7002407233912535,0.5441647649087309
726,143,142.75524475524475,183.37062937062936,16.392785988509186,11.587669028991547,0.7073373626776543
727,59,142.45762711864407,247.4406779661017,9.582663504439074,8.04348783897465,0.54354637473361
728,180,142.37777777777777,426.2888888888889,17.520600393292472,13.445726986825166,0.6411400792936954
729,74,142.27027027027026,137.72972972972974,11.060340896298644,8.66690085519066,0.6212636540953229
730,128,143.46875,201.875,15.963761886566125,10.363044023307955,0.7606514410224863
731,50,142.78,226.4,9.776119470428744,6.594928968526047,0.7381873269056262
732,84,143.02380952380952,277.39285714285717,12.291047232810664,8.738218455480075,0.7032509141008154
733,137,143.67153284671534,49.08759124087591,15.152138683540208,11.825132556010658,0.6252473690600291
734,110,143.48181818181817,63.49090909090909,12.613981718960524,11.204258077982104,0.45937740050183
735,45,144.17777777777778,396.0444444444444,8.12424121247169,7.076838488561223,0.49114673147484167
736,68,143.30882352941177,446.20588235294116,15.04127285766773,5.943119084656313,0.9186291902216204
737,54,144.94444444444446,487.6296296296296,10.211638726495512,6.831065042048741,0.743308346039273
738,44,144.70454545454547,564.8636363636364,9.049002929294355,6.1838105507664896,0.730072898471092
739,78,145.33333333333334,94.7948717948718,11.17522141270736,8.935485128970358,0.6005594024039039
740,61,145.36065573770492,129.5737704918033,9.255291494938163,8.545396656359067,0.3840831933924472
741,36,145.69444444444446,122.44444444444444,7.538173791559541,6.061669499635621,0.5944538759451606
742,91,146.03296703296704,158.78021978021977,11.785809861141644,10.154685125886207,0.5075833492021937
743,54,146.0,191.5,9.818181901307044,6.974262770349554,0.7038571236073995
744,86,144.9418604651163,519.5116279069767,13.353056796336785,8.36174009052251,0.7796591016197787
745,88,146.5,167.97727272727272,12.125494438512932,9.335198891325252,0.6381863641175823
746,48,146.0625,235.35416666666666,8.895478739104405,6.985772223433646,0.6190936411050477
747,79,146.21518987341773,323.59493670886076,12.860870132766761,7.945478360811365,0.7863332686889408
748,59,145.89830508474577,2.2542372881355934,12.728227684101777,6.099126528545569,0.8777160385638525
749,28,147.28571428571428,143.89285714285714,7.063562962764291,5.075346243908325,0.6955011806660458
750,161,147.46583850931677,299.888198757764,20.708245649850507,10.248748910174706,0.8689433856649863
751,53,147.73584905660377,368.62264150943395,9.609953728188223,7.054319306889577,0.6790804913971977
752,114,147.8859649122807,257.7894736842105,15.873766760987184,9.381823075799087,0.8066518516383906
753,42,147.4047619047619,402.7142857142857,8.740846366214685,6.114282695034137,0.7146258047600196
754,43,148.2325581395349,409.4186046511628,8.688419506571524,6.376230053125024,0.6792825257197067
755,99,149.13131313131314,242.45454545454547,15.20753710324671,9.227629159980562,0.7948698307531069
756,173,149.69942196531792,435.97109826589593,16.198562212404333,13.688851559858426,0.5346622564391754
757,65,149.1846153846154,12.907692307692308,9.82639843251017,8.404591609218798,0.5181208321889877
758,71,149.46478873239437,38.16901408450704,10.097339169305997,8.997062514181467,0.45393851443222377
759,65,150.01538461538462,116.76923076923077,9.946562434534547,8.369957681726612,0.540268797682514
760,102,148.87254901960785,217.76470588235293,13.456342557997068,10.123587018816128,0.6587884051762661
761,129,149.47286821705427,340.29457364341084,15.714859987918793,10.588112938506473,0.7389462474667816
762,38,149.42105263157896,418.8157894736842,8.153758172501103,5.985059465506229,0.679122829374905
763,19,149.42105263157896,489.36842105263156,5.756673009276572,4.274746571030627,0.6697657877959485
764,176,150.8181818181818,360.20454545454544,19.680518743406534,11.848541082853922,0.7984628027018459
765,54,150.77777777777777,196.61111111111111,9.290979384192577,7.519434793478345,0.5873591715317411
766,44,150.75,330.1136363636364,8.128273588151584,6.954201646650251,0.5177085673664246
767,59,151.77966101694915,398.89830508474574,12.737062831537411,6.146065814486036,0.8758772422728952
768,81,151.20987654320987,136.03703703703704,11.825793283209249,8.892593306928072,0.6592020047079088
769,72,151.33333333333334,268.22222222222223,11.14778700345618,8.342864504200579,0.6632617447402993
770,124,150.17741935483872,313.55645161290323,16.1408886596345,9.834812367150352,0.792931748521029
771,27,150.88888888888889,51.18518518518518,6.974189195321702,4.9087614364673335,0.7103517038137138
772,42,151.38095238095238,57.904761904761905,7.761090602262969,6.856576273647456,0.4685155421103728
773,35,151.34285714285716,104.42857142857143,7.4075381250241605,6.357914186576017,0.5131427664328931
774,54,152.11111111111111,124.70370370370371,9.350950356699547,7.453195638902361,0.603910403937586
775,81,151.40740740740742,177.25925925925927,13.156777146030116,8.00972726781218,0.7933306632431778
776,32,152.3125,64.1875,6.665517191551294,6.11930392848191,0.3964556356716313
777,77,150.12987012987014,77.37662337662337,11.980448859447307,8.601244705441708,0.6961048817746117
778,137,152.8029197080292,384.44525547445255,14.845061309369656,11.949040570955178,0.5933875641448036
779,54,152.61111111111111,546.3888888888889,8.56637122995395,7.962876829852853,0.36869417820062067
780,90,153.07777777777778,280.1777777777778,11.238136848989159,10.269243720116153,0.4061976267768635
781,56,152.46428571428572,502.82142857142856,10.484106110419594,6.998676892751656,0.7445639578609992
782,120,153.54166666666666,149.2,15.762294952163119,10.090372312088821,0.7682425860103811
783,32,153.40625,187.34375,6.69337206774453,6.055371199417697,0.4260880513623555
784,25,153.28,289.48,6.984317738036661,4.736929990420637,0.7348554819308046
785,95,154.45263157894738,224.77894736842106,14.854855532263644,8.286308406327445,0.8299631819436067
786,44,154.54545454545453,406.97727272727275,7.866864047184249,7.278751174354099,0.37937801292948103
787,151,155.58940397350995,95.97350993377484,15.29817275597204,12.937917434050656,0.5336324267302887
788,135,153.9777777777778,208.72592592592594,18.800113087510216,9.6492975939158,0.8582347102143216
789,41,154.58536585365854,301.4878048780488,8.276909314859038,6.2670754278583445,0.6532111516601585
790,67,154.7462686567164,479.7014925373134,9.41804604424606,9.080559906165673,0.2652996401843886
791,25,155.36,524.24,6.13381589801192,5.15568642658727,0.5417573775069717
792,62,155.20967741935485,393.1290322580645,9.530118572367046,8.39819013483557,0.47269481896410115
793,87,155.2183908045977,414.88505747126436,11.308689342491183,10.151211261564713,0.4407151367314257
794,4,155.5,576.0,3.23606797749979,1.2360679774997898,0.9241763718304448
795,29,157.6206896551724,2.0344827586206895,7.1041840779333505,5.16311902589338,0.6868792346495298
796,39,157.6153846153846,60.84615384615385,7.189736274183337,6.966813414458131,0.24708310555370086
797,30,157.6,142.26666666666668,6.575994927070463,6.02150420919605,0.4019090998131258
798,190,157.30526315789473,350.1578947368421,17.459994702733738,14.143467426804715,0.5863609097384118
799,63,157.96825396825398,117.63492063492063,10.925582997286558,7.551335422007916,0.7227009445681205
800,152,158.07236842105263,242.5328947368421,18.402221090020973,10.657060588850495,0.8152436114300879
801,151,158.23841059602648,257.26490066225165,16.62458467186307,11.918109080023482,0.6971794542275136
802,67,157.91044776119404,272.67164179104475,10.953807800602318,7.8766282261240494,0.6949306910219452
803,17,158.0,528.3529411764706,4.752708206288037,4.538188593408449,0.2970442628930025
804,125,158.704,11.304,14.181485631845707,11.332296910765876,0.6012101496741667
805,55,158.2,67.7090909090909,9.306810155433446,7.6733398357464315,0.565881544075943
806,83,158.6265060240964,108.6144578313253,12.678614610787912,8.661871939597534,0.7302429326428511
807,46,158.95652173913044,291.0,8.142051542248447,7.254879232337934,0.45392825915192
808,116,157.06034482758622,321.37068965517244,13.65711605312527,11.08830383529467,0.5837872328123411
809,42,158.5,596.8095238095239,8.518886580500327,6.3688584751620905,0.6641309104888257
810,112,158.70535714285714,85.39285714285714,12.975325895451451,11.247078965392111,0.498647047375634
811,90,159.22222222222223,37.05555555555556,11.90641755180141,9.678036039196304,0.5824842595204407
812,131,159.13740458015266,132.34351145038167,14.9848220966307,11.424400770553826,0.6471082197399158
813,47,160.14893617021278,514.2765957446809,10.558286038780132,5.831589036460252,0.8336298937382891
814,93,160.0752688172043,27.408602150537636,12.607853565085373,9.449383227134938,0.662022573344903
815,32,160.1875,77.46875,7.38580137892464,5.645512642008242,0.6447734343507779
816,43,159.72093023255815,162.06976744186048,8.723162642130639,6.248807158274714,0.6977447029388172
817,110,160.95454545454547,175.34545454545454,13.638113886876297,10.437054064364917,0.6436907158695245
818,129,160.90697674418604,202.95348837209303,16.23406194538875,10.398419469859174,0.7679323371904943
819,58,160.89655172413794,227.13793103448276,10.896866279293187,6.885010580205263,0.77510373483147
820,168,160.27380952380952,335.3333333333333,17.078497203312256,12.82909600289561,0.6600927269381502
821,51,160.92156862745097,309.3529411764706,9.060848629973941,7.507232409121797,0.5599369190867516
822,26,161.03846153846155,524.3076923076923,6.303652095135837,5.199346212046313,0.5654028390314513
823,25,161.56,56.6,5.887478237751711,5.4258639865002145,0.3881555064577865
824,31,161.4516129032258,580.7096774193549,6.8575012356818705,5.700161964155581,0.5559284066053243
825,81,161.320987654321,183.74074074074073,11.884232457770914,8.91338607338767,0.661417625717774
826,23,162.6086956521739,457.95652173913044,5.59009971803031,5.242902365874442,0.34693096212529995
827,43,162.95348837209303,219.95348837209303,8.29993222411815,6.645161964605133,0.5991611361955201
828,48,162.625,450.4166666666667,8.31590643700587,7.336069952855313,0.47092505897005016
829,28,162.89285714285714,530.0,6.937065210811683,5.152727010884758,0.6695333709784812
830,116,164.8793103448276,143.76724137931035,14.415746304106344,10.714966884351208,0.6689780622735673
831,17,163.23529411764707,232.76470588235293,4.752708206288037,4.56252221874478,0.2800560168056019
832,37,164.35135135135135,65.43243243243244,8.248808124832616,5.738987817915954,0.7182981648181925
833,21,164.28571428571428,97.61904761904762,6.1496544502327,4.585828464420734,0.6662761872973524
834,51,163.90196078431373,118.86274509803921,10.306458820543865,6.482868146012259,0.777397013619694
835,70,164.15714285714284,315.9714285714286,10.209962316951357,8.907777849785388,0.4886865581962337
836,131,161.87022900763358,442.9236641221374,16.728889081570838,10.359709069369828,0.7851776436470802
837,45,163.88888888888889,497.9111111111111,8.759532997018438,6.5397900026746605,0.6652831145681837
838,89,165.17977528089887,246.13483146067415,16.631348387880188,7.00444017197362,0.9069868753860287
839,46,164.7608695652174,406.7608695652174,10.55022239803483,5.800478288279181,0.8352984509784981
840,106,164.99056603773585,413.92452830188677,13.237189167490483,10.805541865747607,0.5776255768332871
841,34,165.73529411764707,31.441176470588236,7.665777814009888,5.662100309778915,0.674121517959658
842,99,165.67676767676767,103.71717171717172,13.75787431727769,9.277520628671489,0.7384186268656563
843,56,165.94642857142858,517.7321428571429,10.505552806264706,6.751469456838301,0.7661538265002534
844,30,166.36666666666667,58.5,6.961973529666151,5.444858136607728,0.6231712150997679
845,25,166.56,133.24,6.952988332195513,4.608335193142214,0.7488099014265417
846,102,166.41176470588235,372.53921568627453,15.482160346648007,8.457309656471125,0.8376146286904953
847,50,167.08,84.72,9.298331500658197,6.871988889969736,0.6736438505643145
848,78,167.28205128205127,12.256410256410257,13.71128414177916,7.3053547861083885,0.8462419941330637
849,65,167.73846153846154,93.46153846153847,11.201220023610562,7.573177999509297,0.7368071587445166
850,189,166.74603174603175,193.6984126984127,17.284539342036513,15.248410969611474,0.47087593253072824
851,68,167.77941176470588,478.5,10.663142146676241,8.166720482250469,0.6429798286177552
852,179,168.87150837988827,46.00558659217877,16.496832884348724,13.992532336967766,0.5296839829592304
853,125,168.504,325.24,14.82446881415081,10.987323076085005,0.671326952824427
854,39,168.82051282051282,384.7692307692308,7.718861823930432,6.514312408855087,0.5364261324825601
855,73,169.06849315068493,111.72602739726027,11.34872740073374,8.421202466026726,0.6703563096092093
856,28,169.28571428571428,62.535714285714285,6.512375993361827,5.578491836149134,0.5159834525459013
857,29,169.24137931034483,120.3103448275862,7.306041320684053,5.079732916079094,0.7187405019419146
858,134,169.2462686567164,213.90298507462686,14.896799991434651,11.585254378133403,0.6286345123030286
859,231,171.32467532467533,286.72294372294374,22.21804549560797,13.896258635463106,0.7802648950205959
860,246,169.3861788617886,302.2113821138211,19.54670345115053,16.22391949911751,0.5577515420804017
861,55,169.4909090909091,339.1636363636364,9.078043897504152,7.703322991455706,0.5290889073089786
862,111,170.25225225225225,151.80180180180182,13.221858922040164,10.777218549594044,0.5793116266774708
863,74,170.13513513513513,181.0810810810811,12.06631899000738,7.901835743705599,0.7557440279966174
864,67,169.8955223880597,266.17910447761193,11.236730524884056,7.6862106458676545,0.7294580611463819
865,118,169.91525423728814,560.1864406779661,20.138737220556408,7.863077529846462,0.920626081032735
866,70,170.22857142857143,223.81428571428572,10.98659100859603,8.181420068445792,0.6674292472804485
867,72,171.55555555555554,127.48611111111111,11.081290614215815,8.34248006482092,0.6581993095000467
868,28,170.46428571428572,206.39285714285714,7.6985328811352645,4.776423780522453,0.7842594620898073
869,79,171.39240506329114,247.26582278481013,13.759732250158605,7.549802861725916,0.8360270617290112
870,68,172.0735294117647,392.04411764705884,10.646237766423281,8.314337595748489,0.6245749643794668
871,39,171.74358974358975,484.79487179487177,7.925684990827469,6.362702071424477,0.5962548326974656
872,70,172.92857142857142,357.01428571428573,10.465957200407448,8.584470142899997,0.5720368735555996
873,69,173.6086956521739,406.42028985507244,11.661626429931884,7.625651210573148,0.7565725611547972
874,50,173.84,416.52,8.494269663464593,7.625705402410005,0.4405113638350374
875,19,173.21052631578948,515.3684210526316,5.127073205848133,4.711757099842153,0.3942680667296094
876,64,173.84375,399.296875,11.771347448897666,6.991752140009714,0.804491900780108
877,53,173.83018867924528,438.58490566037733,9.753846805757345,7.019037460518339,0.6943708369968715
878,51,174.64705882352942,94.33333333333333,9.684611659251663,6.996230668617387,0.6914681582113675
879,211,174.56398104265404,233.55924170616115,16.89135588118627,16.14922328976446,0.29315686307068917
880,110,175.3181818181818,11.89090909090909,13.23754763624978,10.595573394263498,0.5994420610699853
881,101,175.27722772277227,53.48514851485149,15.811571528637941,8.622363468356788,0.8382280626747874
882,152,175.67105263157896,368.9736842105263,15.065783517935078,12.990514575249657,0.5064780801036346
883,105,175.73333333333332,118.65714285714286,15.29212698146418,9.200873208683856,0.7987418576519528
884,91,176.0,200.30769230769232,12.112251513881406,9.662348987046935,0.6030101470320958
885,118,175.45762711864407,277.40677966101697,16.846714962624464,9.349345302948615,0.831873375516095
886,25,174.84,470.64,7.132637566281499,4.499142290267105,0.7759597640225769
887,84,175.20238095238096,86.33333333333333,11.280549413999868,9.953793402730854,0.47052715452035065
888,22,175.5909090909091,387.22727272727275,6.032552199006188,4.7591634013043915,0.6145039371767602
889,38,176.94736842105263,178.68421052631578,8.315245906540746,5.871963403480843,0.7080439779688655
890,18,177.27777777777777,147.83333333333334,5.28913906753229,4.283222569354137,0.5866857344558971
891,94,178.03191489361703,321.71276595744683,12.74188970947519,9.57220164212831,0.6600305295349499
892,108,177.74074074074073,160.53703703703704,13.253589264415616,10.54024808873267,0.6062488663899315
893,97,178.2680412371134,269.45360824742266,12.395544602333864,10.060205680449394,0.584215575665675
894,46,176.6304347826087,311.32608695652175,12.631694078815597,5.0075408515302495,0.9180663746345439
895,171,177.83625730994152,347.05263157894734,16.735601095504716,13.523496013862982,0.5890898490042881
896,135,178.64444444444445,189.11851851851853,16.387903608175545,10.716735151682826,0.7565448597224861
897,39,178.84615384615384,528.974358974359,7.6861358118116465,6.406786961903775,0.5524423620835383
898,86,178.41860465116278,107.68604651162791,13.278647264519323,8.316083548845244,0.7796022985242925
899,133,179.12781954887217,259.63157894736844,14.92783046956454,11.42700096204398,0.6434560780143853
900,74,179.85135135135135,244.59459459459458,13.205981530995953,7.302160987684716,0.8332187834901201
901,55,179.47272727272727,410.6363636363636,10.258783971834207,6.879001177813648,0.7418666663097543
902,20,179.25,586.95,5.700651850964227,4.388914270534128,0.638168270197698
903,68,179.64705882352942,173.38235294117646,11.050057446380675,8.038835365294087,0.6861154944459711
904,117,179.7948717948718,211.84615384615384,15.414311008991984,10.227166755873974,0.7481894342781146
905,92,179.0326086956522,441.0652173913044,17.80902835599013,7.062851947731696,0.9179965877482349
906,95,180.8,129.56842105263158,13.419183010762737,9.05945816102167,0.737714792650314
907,24,180.79166666666666,83.33333333333333,6.814456054726886,4.44495591908857,0.7579752566199106
908,100,182.21,331.38,12.557489411365935,10.186925919208031,0.5847367154360827
909,65,181.2,359.44615384615383,9.888854006263244,8.466287383742252,0.5167365832012328
910,71,181.3943661971831,541.8732394366198,11.480857950079814,7.88522720596813,0.7268321305767781
911,30,181.3,567.6,7.303281474690417,5.341230791503999,0.6820058703848964
912,55,181.38181818181818,4.654545454545454,9.23707476584588,7.591736711655571,0.5696653903794403
913,49,181.77551020408163,37.795918367346935,9.361437531506041,6.666467434237446,0.7020577067102189
914,33,181.75757575757575,167.3030303030303,7.693011655407041,5.612390819852697,0.6839338348672311
915,44,181.70454545454547,304.4318181818182,7.947328952740749,7.1417961167431105,0.43868467573012027
916,84,181.04761904761904,453.75,12.516746807267573,8.740137657889424,0.7158291161794229
917,35,181.28571428571428,511.0,8.60855668475487,5.194865672602385,0.7973980131433673
918,51,182.4313725490196,18.470588235294116,8.174566007548334,7.885766503075187,0.2634576314966999
919,74,182.9189189189189,116.77027027027027,11.305844885508423,8.81559752168927,0.6261058718402449
920,59,182.71186440677965,476.864406779661,9.13646132110177,8.253659264068562,0.4288495364372837
921,42,182.6904761904762,54.07142857142857,7.538449675551298,7.107013787091323,0.333447644708259
922,140,182.80714285714285,98.26428571428572,15.611679152336427,11.516074150526407,0.6751749623025988
923,13,183.3846153846154,572.6153846153846,4.318667337728677,3.6794648440311994,0.523556754446835
924,102,183.8921568627451,141.5686274509804,14.34254067304245,9.3510349074051,0.7582370484007626
925,62,183.11290322580646,502.93548387096774,10.014520289873163,7.891612099710242,0.615653497548671
926,39,182.74358974358975,89.58974358974359,9.889445203861259,5.300471161403445,0.8442354090701326
927,65,183.75384615384615,154.73846153846154,10.336128596193431,8.131169960890817,0.617367843050147
928,103,184.15533980582524,376.77669902912623,12.259403010313944,11.020670406276786,0.4380378462949312
929,24,184.70833333333334,592.5,6.345581823718531,4.799911131890732,0.654088748265351
930,82,184.71951219512195,182.3780487804878,13.422825758410292,8.198113764874932,0.7918164246279206
931,146,185.24657534246575,313.8150684931507,15.568825137490007,12.559280810097967,0.5909691033107975
932,68,185.63235294117646,534.5588235294117,11.003619018764333,7.851340769632365,0.700631296076405
933,152,186.125,68.11842105263158,14.945287102560405,13.004283337108287,0.49282927218935174
934,45,186.2,349.75555555555553,8.481337164912281,7.135496826206714,0.5405413713214708
935,53,186.20754716981133,392.0377358490566,9.644101902299735,7.005123423340657,0.6873107698144587
936,88,186.20454545454547,293.1136363636364,13.502179941768915,8.382699399166556,0.7839369504318298
937,59,187.22033898305085,323.1525423728813,9.290668335329617,8.516712205733215,0.399586893852451
938,53,187.41509433962264,44.16981132075472,8.699654103283512,7.763221153418572,0.45132480329822555
939,66,187.72727272727272,106.42424242424242,9.545676041412902,8.962445627756171,0.3441870793900491
940,171,187.71929824561403,250.16959064327486,15.683017833466337,14.03735111959445,0.4459317598056593
941,39,188.0,1.7435897435897436,9.457055431575805,5.337276648721104,0.8255220826904903
942,60,188.1,171.85,9.752612526602999,7.9393460418735335,0.5807614810177629
943,167,188.19760479041915,205.35928143712576,16.206470924508032,13.34755458100636,0.5671795858878097
944,170,187.77058823529413,229.68823529411765,15.444826016305866,14.251567503810268,0.3854216488595296
945,20,188.2,487.25,6.117549311699658,4.211364436726301,0.7253245150117387
946,45,188.0,498.0,8.672886769336897,6.598226325446602,0.6490007275241552
947,75,189.53333333333333,355.5466666666667,12.877309612860145,8.38981177255987,0.7586323244357588
948,96,189.53125,127.07291666666667,14.101672277498452,8.937308200287184,0.7735162409439955
949,98,190.10204081632654,35.265306122448976,11.680588662303231,10.69358155559897,0.4023174578707809
950,22,189.9090909090909,114.0909090909091,5.502816709244202,4.972652484064489,0.4282593998234223
951,55,190.21818181818182,440.09090909090907,9.213945379091372,7.591278421437456,0.5667495881525715
952,64,189.984375,458.296875,9.868355185711026,8.288637006688752,0.5427089565550506
953,91,190.13186813186815,569.1978021978022,12.476968367413066,9.408502688470175,0.6567945044976279
954,42,191.21428571428572,178.47619047619048,8.492936331768705,6.300610832579337,0.670549448379043
955,86,190.32558139534885,301.16279069767444,10.991603126732816,9.960127041768713,0.42293973496120474
956,83,190.86746987951807,137.27710843373495,12.167907719385004,8.934761274027684,0.6788369511336703
957,93,190.752688172043,369.44086021505376,15.105037461189418,7.957348921452907,0.8499886473883437
958,49,191.0,165.3673469387755,8.654813248592193,7.317605629924889,0.5339825506361281
959,166,191.34337349397592,217.9879518072289,17.777830674110625,12.665755960887433,0.701726276170305
960,53,191.69811320754718,384.64150943396226,10.578314853916856,6.423712492950835,0.794508591251729
961,60,191.31666666666666,432.21666666666664,10.344165940068253,7.410083812983697,0.6977371011446546
962,44,191.79545454545453,508.6818181818182,8.791806370677966,6.328605547711349,0.694150446124928
963,41,191.9512195121951,328.2682926829268,7.41232386684811,7.044415125380428,0.31113641027732936
964,65,191.87692307692308,450.18461538461537,11.449350805228063,7.228260562141358,0.7755184307652143
965,73,193.15068493150685,184.91780821917808,11.871054178229913,7.943540796381373,0.7431254746986482
966,249,192.68273092369478,267.1124497991968,19.306414893535653,16.545048401236766,0.5153637095982524
967,72,191.43055555555554,346.5138888888889,15.503687730712096,6.182401353976755,0.9170510908774717
968,79,193.78481012658227,341.73417721518985,16.94619345286027,6.281827888395843,0.9287556317729999
969,112,192.70535714285714,542.5089285714286,12.513479203900918,11.409004743357215,0.4107739542050136
970,24,193.33333333333334,392.125,6.081140986576509,4.932066489508719,0.5849866175853744
971,129,193.13953488372093,408.6279069767442,13.807115081503586,11.904642910589892,0.5065497408605051
972,59,193.98305084745763,485.0169491525424,11.647932294418442,6.497290634463623,0.8299711274653542
973,63,194.96825396825398,472.85714285714283,11.693613684415654,6.932503195942518,0.8053164117021775
974,41,195.29268292682926,57.829268292682926,8.87534101310351,5.940855084990798,0.7429324459133441
975,40,195.15,287.7,8.962852868318073,5.750414633822719,0.7670535626176893
976,54,195.25925925925927,552.0370370370371,10.770154088602512,6.366790152612379,0.806560716001772
977,126,195.54761904761904,147.78571428571428,13.12842330154308,12.288226506937262,0.3519954838927524
978,90,194.73333333333332,158.3111111111111,12.43819114143443,9.620838681300668,0.6338063244423127
979,179,195.3631284916201,240.81564245810057,19.27429786830122,12.776279445497043,0.7487379243223627
980,38,195.52631578947367,424.5263157894737,7.938721876578806,6.061683593336069,0.6457379115305039
981,66,194.9090909090909,281.56060606060606,12.24591042696413,7.221475417082569,0.8076186817328416
982,44,196.27272727272728,376.02272727272725,8.588965558080728,6.791335113626342,0.6121977920194297
983,120,196.20833333333334,101.36666666666666,12.885327221733364,11.890729729498027,0.38525148670526305
984,85,196.2235294117647,118.3529411764706,10.806340487045551,10.061335861926239,0.3648697704316009
985,183,194.84699453551912,193.69398907103826,19.641008152255694,12.077505608007646,0.7885951784347454
986,24,197.16666666666666,135.0,6.131385644672007,5.095259132945605,0.5562534929151786
987,85,196.48235294117646,358.47058823529414,11.557049707907579,9.553158500887076,0.562777008960327
988,38,196.94736842105263,564.921052631579,7.1276450598864,6.743417843388197,0.32389397406253795
989,84,197.5595238095238,317.39285714285717,14.156565820488458,7.666801992158012,0.8406542634908195
990,16,198.0,496.5,4.898979485566356,4.0,0.5773502691896258
991,116,198.1206896551724,170.86206896551724,13.01256852554555,11.840801090931173,0.41471555190944126
992,148,198.98648648648648,296.06081081081084,16.046477114011115,12.226017754788412,0.6476795101060967
993,64,198.953125,417.484375,9.90674676715622,8.219933454197779,0.5581636947475653
994,26,199.0,513.5,6.201736729460423,5.203549084703927,0.5440588203494177
995,155,199.70322580645163,44.729032258064514,15.58068346578325,12.68680818435442,0.5804930664275454
996,101,200.33663366336634,382.16831683168317,13.209692051836852,10.141082379383827,0.6408092553990135
997,63,198.84126984126985,207.57142857142858,9.624029356292395,8.569304792291815,0.455164873992237
998,171,199.29239766081872,335.233918128655,17.557214084120584,13.519887498959042,0.6379866479485868
999,97,199.4742268041237,368.7525773195876,12.233261279001216,10.535971107080831,0.5081711335513736
1000,70,199.9142857142857,576.4428571428572,12.095999349219893,7.477767302163437,0.7860195061953321
1001,97,200.4536082474227,438.2061855670103,15.60119543127044,8.166528632328285,0.8520531295929686
1002,115,200.64347826086956,231.24347826086955,16.403638471910718,9.056785896816333,0.8337642941221465
1003,24,201.33333333333334,86.125,6.081140986576509,4.932066489508719,0.5849866175853744
1004,74,201.5,178.5,12.061627472571127,7.947690945272474,0.7522098742471024
1005,39,200.97435897435898,276.7435897435897,8.377665286405849,6.05389968018744,0.6912416037872205
1006,31,201.3548387096774,309.48387096774195,6.7655179937686105,5.843331212406756,0.5040180831867871
1007,59,200.66101694915255,427.77966101694915,11.933632347918923,6.754046665658564,0.8244276328201183
1008,42,201.4047619047619,570.3095238095239,8.4814043219794,6.362626367090859,0.6612274544579705
1009,29,201.89655172413794,130.48275862068965,6.25878692664189,5.892416376081055,0.33711630285598315
1010,41,200.9268292682927,352.9268292682927,11.416818044325552,4.901175830073983,0.9031646222239759
1011,28,202.0,398.5,6.707767380502277,5.251407938876791,0.622166912169471
1012,49,202.0408163265306,471.51020408163265,8.53717791022811,7.4276446097992395,0.4929897458523982
1013,34,201.76470588235293,484.2352941176471,8.016647984153627,5.387072705096851,0.7405641337028911
1014,72,202.75,113.30555555555556,11.307053008195583,8.184745472077596,0.6899448334041414
1015,43,203.53488372093022,361.7906976744186,7.643206437821942,7.289723980824211,0.3005943847620843
1016,82,204.02439024390245,284.4024390243902,11.0874702905156,9.470305270394356,0.5200352232533232
1017,35,204.77142857142857,20.428571428571427,7.075877029805959,6.24157595335612,0.4710767945988372
1018,59,204.4406779661017,348.89830508474574,10.011684756956129,7.552212814741833,0.6564841088225862
1019,67,204.98507462686567,561.4179104477612,11.309319020906704,7.659927353828983,0.735696722925929
1020,91,204.75824175824175,187.4835164835165,14.847314316643804,8.039884050431496,0.8406980012011056
1021,83,205.3734939759036,144.6265060240964,12.239893197824848,8.6671031415419,0.706109316741802
1022,107,205.38317757009347,211.5981308411215,15.617043556582715,9.18333529384526,0.808837015359517
1023,83,205.74698795180723,463.7831325301205,12.146692907940448,8.763651510160459,0.6924305128936924
1024,6,205.83333333333334,585.1666666666666,3.1269438398822857,2.309401076758503,0.674199862463242
1025,142,205.93661971830986,200.16901408450704,17.14131665898367,10.90124014294228,0.7717196945643122
1026,44,206.20454545454547,372.95454545454544,8.204566684153505,6.874251483555331,0.5458901772279438
1027,125,206.888,59.776,14.132780389077805,11.289508336242893,0.6015738106003049
1028,93,206.11827956989248,166.36559139784947,14.265089652964814,8.58572976727237,0.798594065431443
1029,27,207.0,307.48148148148147,6.393549990072649,5.430230375072726,0.5278631115336988
1030,71,207.2112676056338,314.0,11.95150180248068,7.683684659200418,0.7659456171063426
1031,4,206.5,344.5,2.0,2.0,0.0
1032,18,207.27777777777777,365.6666666666667,6.056957796062838,3.8109236150733174,0.7772587035435787
1033,120,206.96666666666667,225.10833333333332,14.064036971900364,11.535335936336258,0.5720755768568274
1034,110,207.53636363636363,321.56363636363636,14.957410393253761,9.544580390129898,0.769939268642286
1035,53,207.67924528301887,391.1132075471698,9.567107589145074,7.0293465281405645,0.6783477073600721
1036,126,206.96031746031747,478.42063492063494,13.296017865029452,12.845026061519961,0.25824040724436176
1037,146,208.986301369863,274.1575342465753,15.832404143834276,12.009270385755697,0.6516442315657249
1038,78,208.25641025641025,292.6794871794872,10.748303674703369,9.399067808946445,0.4850798197445254
1039,91,207.93406593406593,329.9340659340659,13.269646385463432,9.41108813912328,0.7049880217530292
1040,52,208.55769230769232,357.4423076923077,8.671889934163604,7.711098940050186,0.45750650446974694
1041,51,209.07843137254903,577.0392156862745,8.56877782771218,7.671060800049415,0.4455964308917581
1042,102,209.14705882352942,7.862745098039215,12.046401148231142,10.772218789714632,0.4476134833256934
1043,29,209.27586206896552,106.41379310344827,6.278954609436003,5.818841337079276,0.3757492863864439
1044,44,209.1590909090909,423.72727272727275,9.68718962107559,5.863573802826493,0.7960038735764893
1045,28,209.5,491.0,6.707767380502277,5.251407938876791,0.622166912169471
1046,44,209.63636363636363,503.75,8.247439046106612,6.752134435027931,0.5742290727716386
1047,31,209.74193548387098,302.4193548387097,6.881099142738844,5.735870852984504,0.5524153701848131
1048,56,209.92857142857142,403.32142857142856,8.734626690345678,8.261798653348082,0.32455332104229273
1049,125,210.688,28.616,13.84886671999265,11.493480350697954,0.5578793166302273
1050,39,210.69230769230768,411.6666666666667,7.83388263921284,6.3208462038906,0.5907427620619875
1051,37,211.0,40.0,6.8339375694179925,6.8339375694179925,0.0
1052,44,211.1590909090909,216.8409090909091,8.174596259597179,7.0325648044022335,0.5097964343977669
1053,24,210.91666666666666,583.125,6.227095591037837,4.918892428413063,0.6132129965014288
1054,122,211.80327868852459,182.7704918032787,15.564336186160086,10.241075648124076,0.7530323878890458
1055,36,212.30555555555554,193.38888888888889,7.111148781352352,6.61363780266047,0.3674636370897876
1056,206,211.12135922330097,253.51941747572815,20.064254352615386,13.40698036392122,0.7439796518682721
1057,44,212.75,308.54545454545456,8.893895208456383,6.428072465700926,0.6911084288076774
1058,112,212.10714285714286,338.0625,15.791024980611034,9.241069017831789,0.8108816264577874
1059,50,211.0,559.18,11.06620579144304,5.787978004574009,0.8523131418275032
1060,12,212.75,1.4166666666666667,4.418071998329192,3.3718731747306854,0.6461621652955032
1061,38,214.5,81.39473684210526,9.85106019435123,5.113486949366422,0.8547257446947719
1062,190,212.92631578947368,132.89473684210526,16.80554996872385,14.436936122244092,0.5118788610362859
1063,134,212.96268656716418,455.8059701492537,14.642778127971768,11.93052995551078,0.5797810842294777
1064,62,213.3709677419355,285.5,9.949247211349837,7.974007802035763,0.5980370505619076
1065,43,213.7674418604651,351.72093023255815,8.088560490764923,6.751300369793991,0.5507463448142605
1066,12,213.5,598.0,4.47213595499958,3.265986323710904,0.6831300510639732
1067,37,214.13513513513513,162.94594594594594,7.208516915262621,6.5116090989057875,0.4289639502179331
1068,126,214.46031746031747,264.8492063492063,13.923269969064377,11.606287927486791,0.5523848218859643
1069,28,214.89285714285714,585.8928571428571,6.546536707079771,5.573259772323189,0.5246313898711126
1070,36,214.75,210.69444444444446,7.564831023717287,6.096588661784518,0.5920352426626935
1071,41,214.58536585365854,295.4878048780488,8.660659950419955,6.1204050746111776,0.707522936938116
1072,38,214.60526315789474,438.13157894736844,7.929268102434788,6.090440572116298,0.6403344844567753
1073,36,215.44444444444446,113.16666666666667,7.149047294160011,6.425432632458182,0.43839653065947165
1074,25,215.32,343.88,5.778105179664368,5.537571718067026,0.2855239721225112
1075,31,215.41935483870967,579.4516129032259,6.425754631219991,6.06314329004941,0.33117581336027324
1076,142,216.0211267605634,70.76760563380282,14.09665528212672,12.828954292465244,0.4144528277223378
1077,108,215.62962962962962,467.25925925925924,13.001506332957392,10.769721267247633,0.5602196228661076
1078,10,216.0,515.8,3.919183588453085,3.0983866769659336,0.6123724356957945
1079,138,216.3985507246377,227.82608695652175,16.534967531759314,11.152624269549587,0.7382865237679611
1080,45,216.3111111111111,399.6222222222222,8.800678365511178,6.542541587967191,0.6688322842794658
1081,65,216.53846153846155,420.3538461538462,10.827822582488553,7.697684898507285,0.703275756086376
1082,8,216.875,501.875,3.4641016151377544,2.7386127875258306,0.6123724356957945
1083,61,217.01639344262296,316.9344262295082,10.275929770218417,7.701673537973107,0.6620193073107579
1084,112,218.69642857142858,153.24107142857142,14.497316569801486,9.84859909386579,0.7338241676102438
1085,86,220.24418604651163,205.06976744186048,12.957620889276557,8.572441682558763,0.7498787551343753
1086,70,218.05714285714285,360.0857142857143,11.849415228929486,7.7528883069318715,0.7562485295815474
1087,43,218.27906976744185,555.7209302325581,8.004232813568349,6.823223447371588,0.5228056646590373
1088,52,218.96153846153845,107.84615384615384,11.750454896777912,5.709760584455856,0.8740042595376051
1089,73,218.93150684931507,197.05479452054794,10.984412230886505,8.857339591294581,0.5914313537937482
1090,48,219.10416666666666,299.2291666666667,8.797362115735561,7.042196455349132,0.5993467091493065
1091,172,220.1627906976744,478.34302325581393,17.47210547399382,13.134378604143885,0.6594662587840353
1092,29,219.10344827586206,84.48275862068965,6.25878692664189,5.892416376081055,0.33711630285598315
1093,143,219.04195804195805,173.02797202797203,14.486307263217096,12.684771108960748,0.4829667538176937
1094,39,219.46153846153845,530.7179487179487,7.905217899564785,6.251624539416438,0.6120455065262809
1095,60,220.26666666666668,6.766666666666667,8.975863007857551,8.553264155199397,0.303227152030655
1096,113,221.1504424778761,101.84955752212389,16.31168948696891,9.307011401704829,0.8212468118787759
1097,57,219.8421052631579,183.43859649122808,10.33439279425215,7.091189392636541,0.7274376539062887
1098,34,220.11764705882354,437.94117647058823,7.388077177078404,5.878032300219099,0.6058084017060223
1099,28,219.75,459.2857142857143,6.656937766450037,5.627145938248438,0.5342833092670104
1100,28,219.82142857142858,585.1071428571429,7.049629267739673,5.003740707208879,0.7044155786721785
1101,66,220.4090909090909,236.8181818181818,10.73081611018656,8.01176813097878,0.6652584792398254
1102,78,219.83333333333334,309.6666666666667,13.27918054188445,7.74630521461153,0.8122265577401518
1103,42,220.1904761904762,367.3809523809524,8.292028088545415,6.470207521518735,0.6254147247128706
1104,154,220.7207792207792,36.90909090909091,14.877523479982509,13.201009385188879,0.4611690635628246
1105,29,220.86206896551724,113.48275862068965,7.156007173898902,5.245654231722104,0.680183313521763
1106,31,221.41935483870967,379.258064516129,6.5905543030162415,5.981812080698993,0.4197621584014565
1107,28,221.28571428571428,391.35714285714283,6.349152183120426,5.636479327438217,0.46031998751628833
1108,35,222.05714285714285,13.428571428571429,7.299515518643141,6.0436787460060035,0.5607928477972087
1109,111,222.2882882882883,55.234234234234236,13.638915334285368,10.440191603174572,0.6434706171543083
1110,166,222.289156626506,216.33132530120483,15.229629369699932,14.5899895668733,0.2867671833099221
1111,68,222.14705882352942,354.6029411764706,10.821218427344432,8.190942751990542,0.653491908662117
1112,18,222.27777777777777,493.8888888888889,5.076445469458138,4.461918168377471,0.4769224904060803
1113,33,222.6060606060606,347.7878787878788,6.970545676009964,6.117244127473927,0.4794216532779719
1114,14,222.64285714285714,541.2142857142857,4.742873420478221,3.6860255520522984,0.629288982059086
1115,124,222.92741935483872,25.008064516129032,13.225317266589865,11.998891505050167,0.42055549231392597
1116,98,222.83673469387756,126.05102040816327,11.668137640135127,11.008285248052504,0.3315195375600056
1117,73,221.1095890410959,244.36986301369862,12.101592556798163,8.054138887363738,0.7463588689481677
1118,59,221.77966101694915,259.49152542372883,11.611618768282893,6.863252626307908,0.8066219632279952
1119,37,223.54054054054055,385.4054054054054,8.250469449671662,5.683381707796314,0.724898630850003
1120,48,223.60416666666666,454.0208333333333,8.767431720780019,7.114650527789222,0.5843714759463774
1121,44,223.6818181818182,577.1590909090909,8.167286355720927,6.822269964458482,0.5497691864953074
1122,67,225.55223880597015,230.29850746268656,9.705261508101898,8.90637996697655,0.3973070672267311
1123,91,225.28571428571428,137.85714285714286,11.721711909120614,10.204589752811755,0.49204171617107034
1124,47,225.40425531914894,443.0,8.286698776789015,7.324754998398654,0.46764356899709497
1125,80,225.425,463.4625,10.571792714562447,9.701788433084097,0.3972622432617381
1126,48,225.5625,515.875,9.239718608706228,6.902784464638974,0.6647371192382762
1127,23,225.91304347826087,163.7826086956522,5.733826014124255,5.0375140067593245,0.4776307722564948
1128,113,227.141592920354,251.42477876106196,14.631654065756885,10.50490115060756,0.6960872660190525
1129,84,226.03571428571428,267.67857142857144,11.332565868993829,9.571508091802814,0.5353946374544617
1130,35,226.9142857142857,190.5142857142857,8.113788992238845,5.7955559703750845,0.6998551676496911
1131,57,226.57894736842104,196.7719298245614,9.809905345520532,7.587530569737931,0.6338499425782963
1132,108,226.99074074074073,305.50925925925924,12.946120756802065,10.726690101459088,0.5598943056996271
1133,36,227.22222222222223,10.916666666666666,7.623964861416513,6.043962341009465,0.6095359602394624
1134,50,228.16,329.22,8.171388973290167,7.810531495819724,0.2938911124714593
1135,16,227.5,339.5,4.47213595499958,4.47213595499958,0.0
1136,68,227.69117647058823,436.13235294117646,9.794459756135545,8.873157157800877,0.42341389097374643
1137,45,227.75555555555556,474.8888888888889,7.990768227604531,7.28275273026874,0.4115308814033473
1138,23,228.69565217391303,598.1304347826087,9.175144787295647,3.172138840598404,0.9383333942643255
1139,22,228.95454545454547,32.13636363636363,6.160091287868122,4.621586356338936,0.6611583233862435
1140,39,228.69230769230768,131.35897435897436,7.855824479264289,6.432425209190817,0.5740650581718532
1141,31,227.80645161290323,388.4516129032258,7.875046624753913,4.995969100709741,0.7730008229838748
1142,22,228.9090909090909,415.22727272727275,5.493798156268411,5.129722174423959,0.3579789930628059
1143,34,228.64705882352942,489.5,6.597682302498801,6.571407079420679,0.08915786895268597
1144,111,228.3783783783784,537.4864864864865,14.288932499797236,9.982929887864428,0.7154658519300277
1145,90,228.93333333333334,47.955555555555556,11.79408805670674,9.986496091953276,0.532010981277227
1146,214,232.35981308411215,285.39719626168227,22.241740208128686,12.813506265478155,0.8173779613875898
1147,38,228.6578947368421,366.1578947368421,8.250976056850478,6.084270458967731,0.6754562252747055
1148,30,228.9,447.8666666666667,6.750464901834635,5.783895385578905,0.5156249817248307
1149,33,229.75757575757575,105.96969696969697,7.5311383637302445,5.658968108405632,0.6598362855504567
1150,174,229.79885057471265,116.29310344827586,15.350582029143098,14.559975007443795,0.3167872817787503
1151,33,229.9090909090909,1.3636363636363635,9.819627441975298,4.263269621428251,0.9008367486925882
1152,141,229.7659574468085,65.29078014184397,14.403880848683988,12.522929971473411,0.4940849965580342
1153,74,230.0810810810811,172.64864864864865,10.871949866744611,8.720360072750724,0.5971935629915813
1154,57,230.12280701754386,206.57894736842104,9.820192696814571,7.4264804551156836,0.6542875057103269
1155,93,230.3978494623656,350.89247311827955,11.688376867062793,10.535031431311387,0.43314252834826383
1156,64,229.78125,510.515625,10.013746124343893,8.363931928655786,0.5498778943728584
1157,38,230.3684210526316,529.7105263157895,7.423612454044982,6.6734854083176876,0.4380432351105699
1158,25,230.8,27.24,6.132060986158655,5.17264227083518,0.537065445407951
1159,44,230.3181818181818,97.45454545454545,8.590332779412236,6.537209523855752,0.6487564832681171
1160,53,230.32075471698113,456.8867924528302,8.79307346075668,7.745997536745128,0.4732645134210519
1161,72,230.75,498.97222222222223,9.904564359977917,9.380744654405321,0.3208993509669147
1162,98,231.35714285714286,243.1734693877551,15.074628335420973,8.462922265306656,0.8275434185391958
1163,22,231.3181818181818,212.1818181818182,5.747713847856488,5.01783434922045,0.4876952422907426
1164,64,231.578125,219.40625,10.779263928834151,7.685648177124356,0.701160919428174
1165,96,231.71875,259.8020833333333,11.63485612254913,10.57060839765006,0.41782101468176147
1166,73,232.4794520547945,274.24657534246575,10.005857378572772,9.398293982041585,0.3431538053080004
1167,23,232.08695652173913,425.39130434782606,6.55930549942844,4.370386146586112,0.7456945631490605
1168,58,232.29310344827587,518.9310344827586,9.457586737916008,7.922030770278234,0.5462262902275302
1169,85,232.0235294117647,141.57647058823528,14.691829081094234,7.833606012904183,0.8459925338662561
1170,58,232.70689655172413,312.8448275862069,9.887535552682403,7.524278169939428,0.6487680585647364
1171,53,233.0,321.9056603773585,9.517160096031855,7.046887452390787,0.6721222982112637
1172,74,233.09459459459458,480.47297297297297,10.805040449588907,8.75887349743711,0.5855608168213606
1173,65,233.2153846153846,38.2,9.955957399063568,8.37145621334405,0.5412698607773188
1174,39,233.56410256410257,90.07692307692308,7.6367262222576615,6.475356997164964,0.5301191584190774
1175,46,233.6304347826087,381.10869565217394,8.193751007477376,7.08098349279216,0.5031602126912892
1176,128,234.1328125,79.03125,12.991017563016678,12.562269345738938,0.2547894136259123
1177,50,233.96,363.28,8.121603826775901,7.917041826395705,0.22302550247353592
1178,73,234.2876712328767,126.94520547945206,10.84873813065207,8.603990733385556,0.6091086666825996
1179,37,234.48648648648648,331.7837837837838,7.73092462069352,6.144278778195829,0.6069155144280194
1180,32,234.6875,345.59375,7.152505624282766,5.756608228341008,0.5934945785364925
1181,40,234.3,414.125,7.399503356517154,6.92512455316808,0.3522911562238057
1182,58,234.20689655172413,467.48275862068965,10.11349370540253,7.338608594636057,0.6880898788704906
1183,26,234.57692307692307,473.6923076923077,6.703511749787061,5.014555858413905,0.6636433984066874
1184,43,234.6046511627907,18.930232558139537,10.709485937485324,5.276788686326898,0.8701873419623083
1185,35,235.0,101.85714285714286,9.281635469690075,4.960889706621232,0.8451783165795044
1186,9,234.33333333333334,368.8888888888889,3.885753375057407,2.7954428906961324,0.6945875203623408
1187,26,235.1153846153846,450.5,6.348193578750953,5.18382444917276,0.5772285936406557
1188,75,235.77333333333334,489.08,10.624519857485527,9.185956674191203,0.5024613019302263
1189,30,236.13333333333333,96.86666666666666,7.302967433402215,5.412742168049183,0.671317113342619
1190,79,235.83544303797467,293.8354430379747,11.434466797478159,8.86646994911748,0.6314505770436248
1191,37,235.8918918918919,505.35135135135135,8.450502668884944,5.6897089931693525,0.7393709577944347
1192,132,236.53030303030303,227.0681818181818,14.191003455287424,11.938439947849231,0.540617992589
1193,26,235.84615384615384,356.38461538461536,5.899992249219242,5.600679088472423,0.3144655403566905
1194,50,236.4,564.6,8.17801932010435,7.735631842325487,0.3244428422615247
1195,12,237.25,9.583333333333334,4.418071998329191,3.371873174730685,0.6461621652955031
1196,105,237.23809523809524,52.05714285714286,12.480183246837973,10.807847208058465,0.5000428162745184
1197,78,236.64102564102564,236.24358974358975,12.355605998983023,8.052368847325893,0.758461507053689
1198,20,237.95,403.4,6.412668603955288,4.034560865304443,0.7772800716502919
1199,31,236.0,419.9032258064516,7.384549201687893,5.330606285293263,0.692039739397115
1200,80,237.4375,589.0125,12.016721809832108,8.633272667135293,0.6955907355979437
1201,64,237.234375,107.171875,10.084253596269185,8.152071326119025,0.5886388858134924
1202,28,237.89285714285714,144.39285714285714,6.539041073734755,5.478727228115254,0.5459024762389723
1203,45,236.95555555555555,210.95555555555555,8.419497451528862,6.965308281319819,0.5617851971757951
1204,9,238.33333333333334,31.77777777777778,3.7817431280582214,3.1300454222715657,0.5612111506528393
1205,70,238.21428571428572,511.9,10.551055278866484,8.485818172299245,0.5942741955488651
1206,69,237.43478260869566,395.3188405797101,11.028643533229753,8.332349190413243,0.6551267931162276
1207,46,239.0,186.41304347826087,9.15453879507966,6.412247244413111,0.7137067783097563
1208,66,239.07575757575756,204.0151515151515,9.510039117160714,8.89722570399931,0.35316402529094143
1209,71,239.40845070422534,325.38028169014086,11.007930155767369,8.306459233451708,0.6561981092694782
1210,94,239.61702127659575,497.78723404255317,11.623784012855582,10.584391257709253,0.41333173333298767
1211,88,239.61363636363637,177.4318181818182,12.240817976438532,9.247580611626251,0.6551823125328671
1212,70,239.87142857142857,337.7142857142857,10.515598621843385,8.50345319482211,0.5882881670604725
1213,161,239.90062111801242,534.4782608695652,16.47408383137633,13.216467256035966,0.5969773320008889
1214,120,240.59166666666667,63.49166666666667,13.642517405335196,11.272954210095243,0.5632149670620661
1215,69,240.47826086956522,255.8840579710145,12.058625738803673,7.353709806414746,0.7925323754231344
1216,73,240.54794520547946,315.05479452054794,12.12651877356184,7.734444235281069,0.7701917437486911
1217,21,240.0,440.0,5.0896720822428145,5.0896720822428145,0.0
1218,37,240.78378378378378,450.2162162162162,8.048475549233668,5.908912594853773,0.6789706226038611
1219,55,241.03636363636363,388.56363636363636,10.261516859310778,6.938486438707675,0.7367495183416035
1220,103,241.01941747572815,545.4757281553398,12.619234483477399,10.594083637067108,0.5433307568165149
1221,59,241.22033898305085,2.6271186440677967,10.510608221564643,7.263812124464083,0.722765447717894
1222,144,241.39583333333334,23.42361111111111,14.924800100502571,12.386598043685801,0.5578616918060365
1223,77,240.7012987012987,215.94805194805195,12.585941964713765,8.300755904429739,0.7516817552468599
1224,150,244.26,580.6466666666666,17.744057177251666,11.149409122429427,0.7779339167515946
1225,54,242.2037037037037,302.9074074074074,9.989915129119337,6.938388794240587,0.7194547534113098
1226,77,242.71428571428572,138.4025974025974,11.616639867758929,8.61052925339531,0.6712580477738916
1227,61,242.24590163934425,432.9836065573771,9.98273555410868,7.907006390616448,0.610432734850297
1228,169,243.15976331360946,91.05917159763314,16.380964373102326,13.219300002483845,0.5905629697404494
1229,24,243.125,144.83333333333334,5.811014160855937,5.247634703167451,0.4295360352800381
1230,70,241.28571428571428,242.18571428571428,12.256883719924621,7.8501673871873,0.7679831164570114
1231,80,243.625,349.25,12.402180809348295,8.326818790644653,0.7410955573873106
1232,34,243.52941176470588,401.55882352941177,6.945163361480208,6.225297202504919,0.4433471229737119
1233,32,244.34375,114.53125,6.771999540790901,5.977773182342053,0.46990108699204863
1234,85,244.09411764705882,121.96470588235294,12.194870333770222,8.892492216434462,0.6843012675409988
1235,46,244.19565217391303,194.5,8.064394896270663,7.2655241514421345,0.4339467132154162
1236,66,243.83333333333334,248.9090909090909,10.055445599464901,8.464317531858795,0.5398448485284472
1237,12,244.5,363.5,3.8297084310253524,3.8297084310253524,0.0
1238,84,244.61904761904762,470.3809523809524,13.338874463239373,8.159245937406986,0.7910981467796959
1239,58,244.4655172413793,555.9137931034483,10.19469452033162,7.244445923641691,0.7035867091550232
1240,43,245.1627906976744,187.4418604651163,7.900955709456379,7.131917306686938,0.43034363197778114
1241,56,245.21428571428572,418.80357142857144,10.189169810364762,7.149439981211052,0.7125015753384518
1242,37,245.05405405405406,426.43243243243245,7.457115563215433,6.25159522174254,0.5451483539508467
1243,29,245.0,565.2068965517242,6.838375313787884,5.356272507295889,0.6216856792688521
1244,67,244.65671641791045,595.5373134328358,10.507119704566827,8.371422857278228,0.6043247135911405
1245,95,245.14736842105262,131.10526315789474,13.374340149093683,9.257267300640603,0.7217380670986625
1246,73,245.27397260273972,295.28767123287673,11.099076050372094,8.523005550109053,0.6405670328990282
1247,95,245.55789473684212,378.06315789473683,12.279696640884543,9.881243206467284,0.5937068981752242
1248,70,245.24285714285713,491.2142857142857,11.127005452165069,8.04256245807135,0.6910607626770274
1249,34,246.2058823529412,149.2941176470588,6.983699479356321,6.397684247238759,0.4009769628899665
1250,89,245.9438202247191,277.0449438202247,11.451800259860438,9.971215491377507,0.4917939453176715
1251,51,246.94117647058823,166.90196078431373,10.177135721850417,6.415445007388578,0.7762881306567772
1252,135,246.9925925925926,76.74074074074075,13.801569731870313,12.51590015191037,0.4214618483168703
1253,67,247.47761194029852,174.955223880597,10.13533717259214,8.651403509200321,0.5209484652625134
1254,14,247.35714285714286,480.7857142857143,4.74287342047822,3.6860255520522984,0.6292889820590859
1255,83,247.40963855421685,510.87951807228916,10.438883850425858,10.141971093876798,0.2368056548426159
1256,116,247.68965517241378,234.35344827586206,15.140915434141249,9.91893442249603,0.7555352694918044
1257,93,247.9784946236559,332.3225806451613,13.342296695892461,8.949621950329876,0.7416647775642095
1258,163,249.42331288343559,31.49079754601227,17.457106095536744,11.98723798402641,0.726971052928652
1259,58,249.10344827586206,268.2413793103448,10.34369232286013,7.12749132432164,0.7246981652705361
1260,166,249.16867469879517,309.6385542168675,17.454401108744737,12.265273287676512,0.7114825547269462
1261,103,249.29126213592232,460.93203883495147,14.824153563354688,8.945228728031243,0.7974216019357527
1262,119,249.15126050420167,52.84873949579832,13.478463558952438,11.369377025677641,0.5370950336400248
1263,29,249.51724137931035,116.72413793103448,6.276891437140051,5.924729316797608,0.3302444014531894
1264,22,249.27272727272728,430.5,5.752469825293227,4.851514205136848,0.537318610054862
1265,78,249.24358974358975,449.46153846153845,11.522725994285423,8.599188874711357,0.6656312839813675
1266,82,249.390243902439,544.9146341463414,12.59474013671422,8.415419108449257,0.7440092360232801
1267,57,250.12280701754386,161.4561403508772,9.471287808838609,7.690606643277363,0.5836690462681196
1268,86,250.04651162790697,321.95348837209303,11.398942429617534,9.618030608407526,0.536712526589554
1269,49,249.9591836734694,404.1020408163265,8.239849298742962,7.634066914918418,0.37634061731765517
1270,9,250.11111111111111,518.6666666666666,3.885753375057407,2.7954428906961324,0.6945875203623408
1271,44,250.5909090909091,110.79545454545455,8.057167807691574,6.961480604580808,0.5034731457759757
1272,55,251.07272727272726,243.38181818181818,10.84739184896932,6.610500599356109,0.7928558527837528
1273,199,250.6281407035176,527.5125628140704,20.063314688479384,12.88730305356689,0.7664267647735535
1274,29,251.10344827586206,596.7241379310345,6.50549780055704,5.742763333918347,0.4698328406243032
1275,88,251.76136363636363,182.64772727272728,12.052105908166386,9.46933106305016,0.6186086199290737
1276,82,251.5487804878049,193.97560975609755,13.385743715419077,8.144645484922297,0.793587072021871
1277,31,251.38709677419354,347.4193548387097,7.4607097264149544,5.4267073562054415,0.686243945950582
1278,39,250.97435897435898,421.43589743589746,9.287602734295,5.293689091188041,0.8216629517474594
1279,23,251.91304347826087,135.47826086956522,6.435222696846943,4.571011597802082,0.7038876425501764
1280,67,251.65671641791045,202.1492537313433,12.555282337258044,6.867877171754392,0.8371254377573655
1281,17,252.11764705882354,354.5882352941176,5.181899763382574,4.041201040002321,0.625943231252129
1282,41,251.65853658536585,499.7317073170732,9.349168354882055,5.769152148220026,0.7869031611191766
1283,108,253.2962962962963,289.99074074074076,17.775059156970258,8.457548414865956,0.8795481662826179
1284,26,252.80769230769232,359.1923076923077,6.02558647002035,5.495560338305155,0.41010699147774937
1285,16,253.0,436.5,4.898979485566356,4.0,0.5773502691896258
1286,21,253.33333333333334,551.4761904761905,6.575272519981468,4.015196179300748,0.7918999054613879
1287,60,253.3,68.2,9.085681630013601,8.526647796840603,0.3453583268150578
1288,110,253.3181818181818,86.69090909090909,12.885003197357001,11.079509717460718,0.5105023371475973
1289,140,253.85714285714286,339.7214285714286,16.080605087274705,12.515829048121772,0.6278699228269957
1290,49,253.83673469387756,505.1224489795918,8.982315623366615,7.111257581087987,0.6109160830079116
1291,116,254.31896551724137,147.9051724137931,14.268567224947706,10.61627309877017,0.6681437894436465
1292,50,253.92,494.8,10.08895154508636,6.3396101395038125,0.7779133581277342
1293,75,254.21333333333334,249.04,12.53970050608814,7.816358920441694,0.7819596942029253
1294,132,254.28030303030303,258.8863636363636,14.064755373268865,12.03998971517534,0.5169099934729952
1295,62,254.7258064516129,173.1290322580645,10.373401280278372,7.676147671113787,0.6726248217396493
1296,24,256.0833333333333,547.375,5.777863523920844,5.377903741654416,0.36558688280803053
1297,63,255.88888888888889,224.65079365079364,9.597536535675154,8.49045621519674,0.4662565855681515
1298,64,254.53125,536.25,12.315540957682137,6.986546065092088,0.8235145822177827
1299,88,255.8409090909091,584.1136363636364,12.497741818507434,9.25960764478988,0.6716126460287809
1300,7,255.71428571428572,598.5714285714286,4.155374705678736,1.9054711331003737,0.8886656215775005
1301,124,256.1209677419355,299.8467741935484,14.016461123688277,11.61034038400439,0.5602315127408489
1302,41,256.4634146341463,111.34146341463415,10.082256511848167,5.261239757316243,0.8530485397956461
1303,102,256.52941176470586,214.2058823529412,12.10047029478707,11.023340151826782,0.41244072372984264
1304,63,257.23809523809524,461.76190476190476,10.963780987636595,7.3988750672062995,0.7379576426808794
1305,62,257.51612903225805,51.46774193548387,10.343112411060396,7.6768937643170245,0.6701532124047079
1306,130,258.33846153846156,283.32307692307694,15.5950935128998,11.223503143891929,0.6943041662990279
1307,68,257.69117647058823,511.63235294117646,10.426350556358015,8.433981534587321,0.5879321849323131
1308,95,258.2631578947368,95.54736842105264,14.719352138350727,8.405944147087896,0.8208936295900761
1309,16,258.1875,322.0,6.199798383818623,3.1622776601683795,0.8601380112365594
1310,117,259.4273504273504,520.3760683760684,15.807371217598448,9.549792273431168,0.7968816965806029
1311,60,257.73333333333335,542.3,12.194392132905797,6.4227997060846285,0.850050560303618
1312,76,258.39473684210526,191.0,10.704347644971387,9.17534874531146,0.515048652063152
1313,75,257.9866666666667,402.81333333333333,10.268504323341212,9.48950982608167,0.3820600698040613
1314,106,259.3867924528302,327.6132075471698,13.727840405686475,10.099713459536618,0.6772963662466389
1315,11,258.90909090909093,348.1818181818182,4.271760045262084,3.411211461689767,0.601929265428846
1316,50,258.84,357.52,8.296983394948453,7.757839038285703,0.35459700590397136
1317,30,259.96666666666664,29.733333333333334,7.357304196176973,5.129767968374508,0.7168428964397575
1318,115,260.1304347826087,62.80869565217391,14.013233486580575,10.480094820163256,0.663843771748053
1319,126,259.58730158730157,314.3888888888889,14.549924637079682,11.242460385942065,0.6347936696012502
1320,46,260.0,501.17391304347825,8.311515231546798,7.0772138954350625,0.5243626771261206
1321,81,258.61728395061726,575.2222222222222,12.875417494044774,8.593915743404708,0.7446394163799557
1322,142,260.8521126760563,136.17605633802816,14.9261385469202,12.265766637455108,0.5698276605010055
1323,37,261.13513513513516,409.13513513513516,7.8156352379347505,6.0766826698628496,0.6288787823055962
1324,33,261.6060606060606,111.51515151515152,7.868632438077237,5.412477087181875,0.725848253794317
1325,41,261.7317073170732,145.14634146341464,9.075957310350487,5.994791768481491,0.750814223286603
1326,33,261.3636363636364,220.8181818181818,7.5055988217890235,5.756958428579956,0.6416209582331115
1327,19,261.5263157894737,151.8421052631579,5.914083034239258,4.075984490274025,0.724571403114935
1328,46,262.04347826086956,251.58695652173913,8.325892202035831,7.071531034803196,0.5278427252320429
1329,89,262.4157303370786,339.0449438202247,14.646958936885996,8.001080048694316,0.8376142346731078
1330,61,263.672131147541,538.672131147541,13.284388393188282,6.189878651026727,0.8848103431078621
1331,37,262.9189189189189,304.7567567567568,8.031832510270212,5.968835149564059,0.6691277882130151
1332,80,262.4625,472.4625,10.924971395843562,9.284395510748128,0.5270529003338514
1333,102,261.8529411764706,43.48039215686274,13.089051556174189,10.175472637321485,0.6290023993863759
1334,28,262.64285714285717,90.17857142857143,6.529146951918674,5.447601539139099,0.5512332438804064
1335,98,262.6734693877551,199.0204081632653,12.886632906400731,9.817603470298549,0.6477605866048256
1336,94,262.4468085106383,237.64893617021278,11.982383383238494,10.13215698911243,0.5338364007730422
1337,66,263.24242424242425,441.5151515151515,10.797051445089211,7.873680606909756,0.6842541777243895
1338,46,263.0869565217391,494.39130434782606,8.64886029996843,6.712757231683308,0.6305562407436809
1339,39,263.0,547.3589743589744,8.759624261665437,5.726859954440045,0.7566853941093342
1340,57,262.96491228070175,565.0526315789474,9.370974155655361,7.7853742200260365,0.5565760288980325
1341,26,263.2307692307692,399.46153846153845,7.340786298897411,4.5411157498532235,0.7856947785999672
1342,31,263.48387096774195,508.80645161290323,7.642426988268009,5.250753937199263,0.7266071131827626
1343,46,263.5,529.1739130434783,9.53051626712531,6.212758744169192,0.7583216152626877
1344,38,263.94736842105266,211.97368421052633,8.229812498861284,6.087437049752107,0.6729575161693014
1345,17,264.4117647058824,413.88235294117646,5.181899763382574,4.041201040002321,0.625943231252129
1346,135,264.3407407407407,120.1037037037037,15.35296535597309,11.292953089576065,0.6774648237122816
1347,185,265.0108108108108,15.654054054054054,16.19541637850621,14.583492286655833,0.4349174004599509
1348,87,265.13793103448273,184.6551724137931,10.956441705210874,10.105310717664535,0.3864345251085483
1349,60,264.4166666666667,245.2,11.24613672554859,7.078603744559338,0.7770609412379533
1350,105,264.76190476190476,261.1714285714286,13.152742554298475,10.199418107924359,0.6313974093077528
1351,48,264.8541666666667,347.6458333333333,10.143034004309081,6.226687639926022,0.7893930762985892
1352,76,265.1578947368421,367.07894736842104,11.395877164719636,8.469984170355191,0.6690139291368162
1353,96,265.4166666666667,295.0104166666667,13.511386968195355,9.228375171545196,0.7304115997642102
1354,31,266.4193548387097,26.548387096774192,6.425754631219991,6.063143290049411,0.3311758133602729
1355,33,267.1818181818182,49.666666666666664,7.319352588795537,5.7312866801925315,0.6219815260935986
1356,78,266.46153846153845,222.7051282051282,14.85853365442175,7.006509136284606,0.8818404926759924
1357,68,265.52941176470586,353.95588235294116,11.8503456216932,7.529993129856767,0.7721634770496772
1358,50,265.8,457.88,9.907843930039768,6.6094045615300425,0.7449788564641561
1359,61,266.5245901639344,502.44262295081967,10.074139844268407,7.856719804839326,0.625916736513403
1360,39,266.5897435897436,514.7948717948718,7.288065644552237,6.848540581918401,0.3420204916844585
1361,5,267.4,543.8,3.098386676965933,1.7888543819998317,0.816496580927726
1362,68,267.1029411764706,149.5735294117647,9.69455317408953,9.119832679238758,0.33919197484881836
1363,37,267.56756756756755,534.7567567567568,7.177276963659037,6.6011424064255415,0.39255630469364283
1364,46,267.67391304347825,551.5869565217391,7.964996333450144,7.572662862039642,0.30998087222125636
1365,36,267.94444444444446,70.75,7.051785211011796,6.489362951060362,0.39134511750431283
1366,70,267.9142857142857,205.77142857142857,10.49429973616501,8.711350769610904,0.5576099346416905
1367,63,268.12698412698415,270.3174603174603,11.25802964815386,7.190530746201019,0.7694538469599547
1368,18,268.05555555555554,424.55555555555554,5.812277383175391,3.9309031433326367,0.7366168331524112
1369,104,268.27884615384613,311.21153846153845,16.044709836809428,8.601851106919284,0.8441433136058385
1370,74,268.7027027027027,385.22972972972974,13.590843006465938,6.932346680121488,0.8601300407572665
1371,38,268.7631578947368,126.44736842105263,8.04724209653989,6.033682916985559,0.661684139800516
1372,20,268.8,213.45,5.5209055407830725,4.737045704840812,0.5136167811004156
1373,28,268.9642857142857,235.03571428571428,8.532920740272152,4.3101065813126,0.8630520254893645
1374,67,269.7164179104478,253.19402985074626,13.265202377298792,7.235627060681068,0.8381373572067672
1375,65,269.6,418.66153846153844,10.740720478845649,7.96131180933665,0.6712544698716172
1376,36,269.44444444444446,528.6666666666666,7.132394475725733,6.47830650829957,0.41833381535501646
1377,122,269.3032786885246,101.41803278688525,13.409439443018364,11.903350605863633,0.460452335315216
1378,63,270.04761904761904,167.28571428571428,9.374060799515643,8.607332211577143,0.3960998964824328
1379,194,269.8556701030928,280.91237113402065,18.394178917804908,13.613292558498932,0.6725111472930818
1380,116,269.75,328.0,14.066645883248432,10.745896946346397,0.645302137169941
1381,49,269.8979591836735,597.2448979591836,12.186693155482258,5.197246746198325,0.9045021828811981
1382,66,270.07575757575756,41.22727272727273,10.300611617852365,8.246782989925318,0.5991844651421461
1383,94,270.56382978723406,339.5531914893617,11.364324276908851,10.723665215668312,0.33101521952271995
1384,14,270.5,398.5,4.780914437337574,3.5456210417116734,0.6708203932499369
1385,70,270.75714285714287,441.2142857142857,11.251870126086978,8.1522946746048,0.6892453944746659
1386,44,271.04545454545456,455.0,7.865977826022991,7.2301558192817055,0.39386548613455935
1387,62,271.0806451612903,492.33870967741933,10.788551916576699,7.352183221033718,0.7318366626754663
1388,198,271.3636363636364,573.5909090909091,17.314823710560812,14.851774594780457,0.5140685436203652
1389,100,272.39,510.18,13.386989720130423,9.979804919592485,0.666521995411271
1390,39,272.0769230769231,23.53846153846154,7.76838466112363,6.448654015593865,0.5575919576944213
1391,83,272.33734939759034,158.32530120481928,11.000699834566792,9.669265313182853,0.47688039008584976
1392,28,272.17857142857144,390.42857142857144,6.305995188444564,5.62517448161567,0.4519644269804612
1393,33,272.6666666666667,497.8484848484849,8.635064705540396,5.200783215315746,0.798279980809226
1394,61,272.5245901639344,545.9508196721312,10.309493955404033,7.611061382781588,0.6745189710854246
1395,86,272.19767441860466,590.7906976744187,11.888538850710042,9.29299615736927,0.6236835967617959
1396,44,273.22727272727275,93.22727272727273,7.824009631188619,7.264182291589872,0.3714636102595297
1397,35,273.34285714285716,183.82857142857142,7.014502683160349,6.457776285759352,0.3904312353622746
1398,69,272.5072463768116,412.3333333333333,11.149286953309236,8.06506151730841,0.6904604316887514
1399,42,275.0,523.047619047619,10.18994451716446,5.4278985704695115,0.8463217437425076
1400,18,272.94444444444446,533.1111111111111,5.276228734768528,4.361835378515229,0.5626493501987789
1401,53,273.20754716981133,174.54716981132074,9.04497805494355,7.708814632340395,0.5230929182187963
1402,69,273.3188405797101,263.57971014492756,11.68928134765015,7.772715221307301,0.7468933897850389
1403,86,273.3953488372093,297.27906976744185,11.660217177606958,9.69365069335418,0.5557582940644298
1404,59,273.1186440677966,583.728813559322,11.862173812981263,6.482478665145455,0.8374700685535189
1405,52,274.36538461538464,107.51923076923077,9.950326371411723,6.731309807875978,0.7364505695685067
1406,102,273.1764705882353,195.86274509803923,13.159415583888295,10.089340659670523,0.6420040189602392
1407,69,274.15942028985506,218.231884057971,11.726302773345681,7.6221012695108845,0.7599338818594589
1408,67,274.2089552238806,225.3582089552239,11.056128782971939,7.949182709745586,0.6950263418681316
1409,28,274.2142857142857,347.5,6.0,5.8901508937395155,0.1904761904761901
1410,35,274.1714285714286,13.428571428571429,7.741435673197928,5.833748597371195,0.6573625006391772
1411,50,274.48,47.54,9.341314930073196,6.793219809279807,0.6864011893629696
1412,67,274.8955223880597,210.65671641791045,10.547751851013686,8.227983303125253,0.6256924280325276
1413,43,274.5348837209302,251.37209302325581,8.694776249974277,6.500705173104818,0.6640857600208891
1414,74,273.9594594594595,360.5945945945946,10.723096890025504,8.784648578479867,0.5734696290565677
1415,45,274.55555555555554,461.1333333333333,8.11697748373625,7.030312497497487,0.4998284420959446
1416,7,275.7142857142857,515.8571428571429,3.582070095417669,2.4713456540351717,0.7238845965239822
1417,71,274.5492957746479,538.5211267605633,11.168458170199756,8.191876673241591,0.6797075579875573
1418,63,275.46031746031747,29.984126984126984,10.03082584631625,8.133077961578119,0.5853116445798204
1419,32,275.78125,130.75,7.419225697588135,5.629339663606013,0.6513816044104725
1420,83,275.48192771084337,233.289156626506,10.842680033313878,9.75775389248387,0.43601519942283784
1421,53,275.64150943396226,552.4528301886793,8.626590010663211,7.7860241861308355,0.43056188979018295
1422,26,276.2692307692308,53.38461538461539,6.429314072819175,5.326167718433549,0.560108472368442
1423,64,275.765625,304.9375,10.017563540730299,8.33408749998649,0.554854273537381
1424,40,275.5,423.5,8.319825755472229,6.031624938487221,0.6887803344526446
1425,35,276.65714285714284,271.42857142857144,7.531879940263857,5.985200188811129,0.6070692785716719
1426,97,277.2371134020619,82.56701030927834,12.914509171632313,9.749264906410854,0.6558308267066837
1427,222,276.8738738738739,140.4144144144144,18.899601575479604,15.125332378365954,0.5996011165659377
1428,62,277.16129032258067,529.0806451612904,9.518842688275644,8.468178800079585,0.45669618102585746
1429,84,277.01190476190476,3.2023809523809526,13.444753736101545,8.502663483755383,0.7746297890823873
1430,25,277.24,389.04,6.402487289320216,4.89703548180867,0.6441911507451396
1431,18,278.1666666666667,24.333333333333332,5.661327482875315,4.048927706947247,0.6989295601575878
1432,18,278.27777777777777,34.833333333333336,5.550914494236674,4.157657238129662,0.6625654585447003
1433,126,278.2936507936508,242.88888888888889,14.132333666947815,11.468448825776957,0.584346517982483
1434,23,277.7826086956522,438.0869565217391,5.733826014124253,5.0375140067593245,0.4776307722564946
1435,28,278.5357142857143,118.89285714285714,6.805211869611918,5.269793550297233,0.6327255548406738
1436,76,278.4078947368421,566.1052631578947,11.981338267768862,8.203195027521765,0.7288585219020495
1437,72,279.0,165.76388888888889,11.045058174761898,8.380085066310157,0.6514191519764314
1438,160,277.54375,315.39375,17.736947226552807,11.840162713513728,0.7445718670123497
1439,119,279.0840336134454,332.9159663865546,13.20864939323975,11.518114125248296,0.48948269539877415
1440,96,279.3645833333333,353.4270833333333,12.498923815602526,10.053113840806166,0.5941986065664955
1441,36,279.6666666666667,597.1944444444445,8.613235316928106,5.363095622788483,0.7824944919726619
1442,73,280.35616438356163,112.5068493150685,9.816102796153107,9.610070354737076,0.20380851956595963
1443,78,280.1666666666667,174.4102564102564,11.984873145522155,8.845962192573225,0.6746979632572737
1444,50,279.84,264.4,8.895130758810184,7.232361217726128,0.5821663658529347
1445,92,280.3152173913044,73.30434782608695,11.650496343525662,10.119856353004714,0.49547852093170275
1446,95,280.37894736842105,203.45263157894738,12.228038663678774,10.186393133274203,0.5532191880330799
1447,85,280.4,254.5529411764706,14.032752350100521,8.015093453756093,0.8208314801097506
1448,16,281.4375,478.75,4.999309771558982,3.9930441780670143,0.6017040856918728
1449,50,279.88,494.72,9.362147221496054,6.775352345305276,0.6901184712923871
1450,93,280.4516129032258,151.0215053763441,14.013274871177007,8.794697696198496,0.7785378929638943
1451,53,281.41509433962267,194.0,9.938355249889698,6.986548833001256,0.7112012767817644
1452,53,280.8301886792453,407.0943396226415,9.212268274366295,7.348607879687563,0.6030571430710362
1453,54,281.0740740740741,466.74074074074076,9.297753696875196,7.4298959411066425,0.601189413704578
1454,52,281.4807692307692,48.71153846153846,8.658287796313425,7.605959537333033,0.4778158853860078
1455,132,281.6818181818182,96.1590909090909,13.484992742425423,12.659043781799484,0.344597568911181
1456,56,282.2142857142857,448.07142857142856,10.096295729314159,7.058322363497503,0.7150237131573292
1457,91,281.74725274725273,322.967032967033,14.767408298247995,8.128405585052116,0.8348821646443049
1458,30,282.46666666666664,131.36666666666667,6.175219294351686,6.150700050491091,0.08902476018169433
1459,109,282.3669724770642,186.5045871559633,13.791094930021643,10.171881681274096,0.6752719663755309
1460,36,282.77777777777777,525.4166666666666,8.86524734751046,5.2552132221888606,0.8053584644895272
1461,41,282.9756097560976,104.78048780487805,7.9338719322412645,6.63177995948953,0.548909324220139
1462,45,282.7111111111111,213.6,8.327043720957121,6.928887260717824,0.5546338857451253
1463,41,282.8536585365854,227.0487804878049,9.182501584989499,5.957857067302618,0.7609357566110313
1464,71,284.3943661971831,274.5211267605634,11.119567857518964,8.194842811795567,0.6759200718196644
1465,47,282.82978723404256,305.17021276595744,9.320309023534964,6.499790500859685,0.7167022562865221
1466,14,283.42857142857144,426.2142857142857,4.592985335792172,3.902693469572389,0.5272545807975708
1467,20,283.0,442.5,5.656854249492381,4.47213595499958,0.6123724356957945
1468,42,282.6904761904762,554.7142857142857,7.905645623214904,6.803000266912896,0.5094093708730743
1469,89,282.92134831460675,123.97752808988764,11.905821033133146,9.742094912341795,0.5748437852409861
1470,45,283.6222222222222,400.73333333333335,10.986764284690336,5.262318710129011,0.8778318552781761
1471,28,284.17857142857144,178.5,8.164636901527544,4.56382517024722,0.8291847350235423
1472,83,284.03614457831327,361.9879518072289,11.230873913576668,9.412291626235474,0.5455581832519211
1473,19,283.6842105263158,483.6842105263158,6.95459064849247,3.527397507770998,0.8618259168425948
1474,179,284.2849162011173,585.8826815642458,18.353571478137155,12.678953107594925,0.7230299649544817
1475,81,284.82716049382714,220.44444444444446,12.45497214089115,8.41225673774229,0.7374391902864592
1476,27,284.2962962962963,268.2962962962963,7.374142717896993,4.713819972923156,0.7690103423229799
1477,104,284.4423076923077,284.6923076923077,11.839850715580074,11.236097529636343,0.3152559335298649
1478,133,284.0676691729323,509.56390977443607,15.54474911687503,11.025447997171526,0.7049353843011394
1479,33,285.1212121212121,2.212121212121212,7.046659226723255,6.329001170621987,0.43967637387658626
1480,91,284.6043956043956,58.7032967032967,11.286467283462436,10.256051959565658,0.4174422207070697
1481,54,285.05555555555554,520.4444444444445,9.945381070228043,6.935541871185123,0.7167180011018406
1482,20,285.25,594.05,5.700651850964228,4.388914270534129,0.638168270197698
1483,62,285.66129032258067,548.1451612903226,9.494882474699024,8.381832450029853,0.46979847814125353
1484,96,285.8020833333333,30.958333333333332,12.193330393992406,10.091325318347373,0.5613031802523403
1485,73,286.67123287671234,472.6575342465753,12.905248652728586,7.412456934392868,0.8185920458285787
1486,95,286.2421052631579,11.305263157894737,13.46739752945239,9.072246583803176,0.7390549752238397
1487,29,286.48275862068965,116.20689655172414,6.457380230935954,5.773796265174085,0.44778927791372775
1488,60,285.8666666666667,297.5,9.482888801606926,8.176615571162692,0.5064838605184143
1489,24,286.3333333333333,463.125,6.081140986576509,4.932066489508719,0.5849866175853744
1490,36,286.3611111111111,533.25,7.803355512102765,5.964627277056338,0.6447814527152644
1491,58,287.17241379310343,231.41379310344828,9.597240059995547,7.8688717466319575,0.5724926398914135
1492,68,286.6470588235294,258.1029411764706,12.615314011378437,7.053371262449266,0.8290922536979554
1493,21,287.0,355.6190476190476,5.461322423628691,5.0751082574738975,0.36937120809750756
1494,22,287.04545454545456,424.54545454545456,5.49379815626841,5.181020672281821,0.3326023383014505
1495,48,287.75,201.5625,9.271174971740422,6.657037477490066,0.6960059550486806
1496,27,287.4074074074074,291.0740740740741,7.952439699591112,4.596338728870255,0.8160520311238793
1497,41,288.1463414634146,143.2439024390244,8.18206299184365,6.4052845605489885,0.6222171586033334
1498,60,287.8833333333333,340.15,10.045791624796074,7.922812601599634,0.6148169859001117
1499,54,289.0925925925926,453.55555555555554,11.58005818385024,5.994824247095798,0.8555711995479186
1500,65,287.9384615384615,540.0,9.094376960940881,9.091045076981851,0.02706659809804034
1501,161,288.1925465838509,569.0807453416149,16.160507369238633,12.79378248546021,0.6109494549742266
1502,54,288.4259259259259,430.9074074074074,9.556403955338327,7.29321043688495,0.6461916311506317
1503,50,288.02,438.52,8.584116552366748,7.401360889416433,0.5065411340385337
1504,87,291.51724137931035,312.0574712643678,17.707003665501986,6.855809139489489,0.9220038754909519
1505,34,290.0,419.5,7.392571411289448,5.7545281136978454,0.6277433712160546
1506,88,289.82954545454544,479.15909090909093,12.230177974747528,9.700431255398453,0.6090193507507106
1507,16,289.5,598.125,6.324555320336759,3.122498999199199,0.8696263565463043
1508,31,290.2903225806452,121.03225806451613,6.977550811091029,5.793223918295297,0.5573672027597479
1509,146,290.86301369863014,131.5068493150685,16.208710474749942,11.564766901037144,0.7006645286433736
1510,90,289.6666666666667,304.8888888888889,15.359398779957806,7.634876439997784,0.8677037274921728
1511,109,290.4403669724771,74.46788990825688,12.199637526840291,11.646712344429806,0.29764405565620217
1512,11,290.27272727272725,173.63636363636363,4.348458452036872,3.3525616208337774,0.6368629409805578
1513,46,290.6304347826087,383.89130434782606,8.193751007477376,7.080983492792159,0.5031602126912894
1514,67,290.7164179104478,516.1492537313433,10.62954660292926,8.307310179328557,0.6238675881361078
1515,86,290.93023255813955,250.47674418604652,12.508398643347624,8.882302099286726,0.7040937247102399
1516,80,291.775,4.8375,10.923143595984163,9.404915415967876,0.5085911954285491
1517,73,291.45205479452056,84.5068493150685,10.501416539834892,8.897312640238662,0.5311962520779419
1518,143,290.72727272727275,106.75524475524476,15.454317490851043,12.153798042969322,0.6176745391081297
1519,100,291.44,180.31,12.22098568687919,10.57224237525294,0.5016181081445029
1520,32,291.59375,243.09375,7.1575658542894525,5.743518176301848,0.5967326159694546
1521,143,291.53846153846155,327.84615384615387,14.652023880150844,12.752337944780077,0.4924397842331741
1522,129,292.1937984496124,347.6356589147287,18.69058271020427,9.247630888721107,0.8690211817637428
1523,100,292.01,372.62,11.818867215888647,10.906987564547443,0.385170504511868
1524,57,292.140350877193,95.9298245614035,9.894932534327186,7.413467519405034,0.6623227963354172
1525,38,291.39473684210526,226.44736842105263,8.946304555307016,5.520767180452064,0.7868845060627577
1526,38,292.36842105263156,294.0,7.90231599477073,6.4410340725950865,0.5793458664957655
1527,80,291.1875,487.9875,12.542031455952888,8.422140283674237,0.740992548757442
1528,72,292.90277777777777,359.47222222222223,11.302556717862302,8.398397218340927,0.6692327180923828
1529,42,292.64285714285717,407.4047619047619,8.405871851110266,6.302920430328845,0.6616378820958643
1530,17,293.5882352941176,68.41176470588235,5.475344430518381,3.926643253801379,0.696918846560027
1531,39,293.56410256410254,147.07692307692307,7.6367262222576615,6.475356997164964,0.5301191584190774
1532,156,293.43589743589746,193.05769230769232,14.462145417669857,13.854895109363971,0.2867312837268453
1533,96,293.5208333333333,261.5,12.866497084990806,9.562756313818664,0.6690368889282418
1534,73,293.6986301369863,273.7260273972603,11.850686545615906,8.177999427434937,0.723726847328979
1535,67,294.5820895522388,336.8059701492537,9.747938134757108,9.205712010494809,0.32886971704997786
1536,47,294.02127659574467,464.4255319148936,9.252240684365342,6.471053961764407,0.7147265716874942
1537,70,294.65714285714284,30.057142857142857,10.065338520784085,8.896960112169225,0.46763700080535825
1538,120,297.025,316.46666666666664,17.360705842304693,8.946774924287336,0.8569820456204303
1539,12,294.5,499.5,3.8297084310253524,3.8297084310253524,0.0
1540,22,295.0,90.5,5.393598899705936,5.222329678670935,0.25
1541,36,295.05555555555554,139.38888888888889,7.683235205717781,6.096345432947216,0.6086214474200582
1542,52,295.0,288.0769230769231,8.881800933968549,7.591727223005776,0.519038458920832
1543,24,295.0833333333333,430.2916666666667,5.946055161191017,5.276255534421936,0.4610888931143064
1544,71,295.4225352112676,443.8169014084507,10.245437808687335,8.933478639870048,0.48960029595976584
1545,33,295.24242424242425,563.5454545454545,7.35216519733268,5.773727843472302,0.61910291483729
1546,47,295.1276595744681,588.0,7.784326861126212,7.76756031258188,0.06559826006566913
1547,150,296.25333333333333,169.43333333333334,17.513601096567882,11.035208247909996,0.7765191786447995
1548,121,295.6198347107438,212.58677685950414,14.278653727225944,10.836175109329348,0.6511986258527862
1549,70,294.3285714285714,527.7571428571429,13.060557815723069,6.928777092036851,0.8476776918205933
1550,33,295.4848484848485,594.0,8.83662315960574,4.783316319274135,0.8408257336860201
1551,39,295.8205128205128,225.0,10.063001412824143,5.239400866002172,0.8537642030470453
1552,53,297.0,352.7169811320755,9.319036347530693,7.311557449692826,0.6200238089636595
1553,47,297.0851063829787,414.9574468085106,9.957766998171069,6.0155944164968735,0.7969003463855269
1554,36,297.3333333333333,244.47222222222223,8.243792740415424,5.737283718184982,0.718088343397377
1555,84,298.1309523809524,519.3809523809524,13.081700399809913,8.717053887742843,0.7456348147961623
1556,74,298.02702702702703,49.972972972972975,10.727083017066317,8.916328269724291,0.5559767487336656
1557,24,298.4583333333333,254.66666666666666,6.578740301673902,4.786921817575051,0.6859644893400901
1558,30,298.0,277.2,7.779047764296066,5.024581164714168,0.7634117791728837
1559,60,297.8666666666667,420.73333333333335,11.712094633342332,6.618505652895636,0.8250223608221842
1560,70,298.04285714285714,481.27142857142854,9.940782383818826,9.12616940706981,0.3964566707402077
1561,16,298.125,99.375,4.69041575982343,4.415880433163924,0.3370999312316211
1562,69,298.6811594202899,458.27536231884056,10.316325511278672,8.584300212245413,0.5546131591405447
1563,42,298.6190476190476,503.8333333333333,7.97756550429222,6.8917900882275624,0.5036695513245943
1564,156,298.6474358974359,548.9487179487179,16.043973602302266,12.557396842245003,0.6224165016631605
1565,33,299.0,107.03030303030303,7.145225143472803,6.136638982213965,0.5122360043994798
1566,72,298.6666666666667,295.22222222222223,13.195348482817739,7.163440317503295,0.8398127518538896
1567,45,299.7111111111111,267.46666666666664,8.247288597982948,7.18379580302817,0.49119541827092633
1568,24,299.4166666666667,386.2916666666667,6.58451934717672,4.601291421376528,0.7153127571649421
1569,47,298.6808510638298,597.5106382978723,13.38917631476012,4.997078203145853,0.9277437761438041
1570,38,299.7368421052632,249.07894736842104,8.351717923606147,5.82092404648839,0.7170971192277231
1571,64,299.109375,304.953125,11.76735506360328,7.266552986601713,0.7865567877108072
1572,50,300.08,510.82,8.838816321804227,7.264607768448835,0.5696343105651309
1573,55,299.96363636363634,375.6727272727273,10.500656065456583,6.801168400832126,0.7619040964420704
1574,81,301.61728395061726,449.91358024691357,12.928766740879238,8.401278608240187,0.7600942543653229
1575,79,300.24050632911394,490.54430379746833,10.987098807062022,9.288494439867009,0.5341335689060888
1576,113,301.01769911504425,183.2566371681416,12.761513240330366,11.372066811008844,0.45376354676251596
1577,33,301.27272727272725,364.06060606060606,7.325937958504381,5.814555322419276,0.6083168019891564
1578,105,301.51428571428573,559.504761904762,13.832077666034586,9.835964101147576,0.703092808190271
1579,37,300.5945945945946,94.75675675675676,7.670168369232968,6.087006124297143,0.6084465567582298
1580,90,302.5111111111111,238.35555555555555,13.66111393756909,8.613577599997303,0.7761746649693245
1581,51,301.2549019607843,358.03921568627453,8.594082014762247,7.764871829171632,0.42855896416903333
1582,30,301.5,405.03333333333336,7.416483273635087,5.129457223473702,0.7222526530801152
1583,66,301.57575757575756,433.74242424242425,10.287299454268998,8.530867130425033,0.5588599439487149
1584,95,301.29473684210524,569.0421052631579,13.156539156358635,9.464217104707679,0.6946430334178176
1585,150,300.4266666666667,579.1,16.866807618256683,11.72624220815321,0.7187912702094449
1586,36,302.5,148.69444444444446,7.338876976933993,6.234523219874682,0.5275563148328285
1587,109,302.1926605504587,129.045871559633,12.261701605533382,11.310269656497491,0.3862211687853762
1588,54,302.48148148148147,141.59259259259258,8.859426147391135,7.729054116099488,0.4887743531527869
1589,49,302.18367346938777,261.46938775510205,8.772776270024059,7.087928449879067,0.5892566960342017
1590,29,302.37931034482756,369.51724137931035,6.916286274935115,5.323623309192142,0.6383782539557799
1591,70,302.3857142857143,588.1714285714286,10.853856967718874,8.296317916106927,0.6447827570617867
1592,98,303.11224489795916,163.12244897959184,12.859830376160772,9.842619444632504,0.6435821026009101
1593,211,302.7914691943128,202.95734597156397,16.899214010138675,16.22427932002625,0.27979015947806524
1594,117,302.6752136752137,325.3076923076923,13.828126920857535,11.108208688394418,0.5955673544773448
1595,37,302.43243243243245,9.864864864864865,8.681761402938214,5.622556375781733,0.7619562238361165
1596,132,303.9015151515151,43.09090909090909,14.967164678481815,11.30565230127667,0.6553058371100701
1597,69,303.7536231884058,28.594202898550726,10.274750695761092,8.562493014874233,0.552741339636433
1598,39,304.12820512820514,191.3846153846154,7.605686000931001,6.612777017008471,0.49401786538981945
1599,88,304.28409090909093,275.25,12.034233927223779,9.514318425781752,0.6123272534509657
1600,120,304.5,526.0666666666667,13.308238517655942,11.702692415824703,0.47616310636547926
1601,69,304.3623188405797,334.30434782608694,12.23412173128531,7.569316312458316,0.7856231384686576
1602,94,305.56382978723406,426.6595744680851,14.876730863077297,8.209857255008622,0.8339374591903573
1603,66,305.1212121212121,441.77272727272725,11.190442824239257,7.532779572872388,0.7395114196667074
1604,71,305.3098591549296,464.2957746478873,11.282095401278028,8.044126764890349,0.7011646861824523
1605,59,304.89830508474574,501.728813559322,10.302949167603872,7.394361832697669,0.6963589130242492
1606,95,305.0842105263158,287.1684210526316,12.232018053001154,10.054582629725568,0.5695035615915545
1607,86,305.4767441860465,341.66279069767444,12.702538717445067,8.7486241901825,0.7250175704817061
1608,81,306.0617283950617,251.80246913580248,11.408690172183118,9.15819723224872,0.5963309176768925
1609,124,305.491935483871,303.2741935483871,20.130708000152925,8.183519782888572,0.9136422281173434
1610,27,305.77777777777777,380.037037037037,6.307833475306942,5.4697060282729835,0.4980834331416218
1611,86,306.0581395348837,479.80232558139534,12.891248068775175,8.595383829429437,0.7452714425711762
1612,41,307.0975609756098,225.0731707317073,7.830374878455754,6.764935242449298,0.5036032612672913
1613,64,307.171875,456.671875,9.818958845121797,8.330230170757854,0.5293841677822627
1614,45,307.93333333333334,137.77777777777777,9.280805158798648,6.206168878432675,0.7435231647932513
1615,43,307.2093023255814,267.1162790697674,8.39496212647601,6.79623084326264,0.5870362709390221
1616,26,307.4230769230769,364.84615384615387,6.017223646743642,5.485332950080133,0.41106663977708746
1617,26,307.96153846153845,11.307692307692308,6.3036520951358375,5.199346212046313,0.5654028390314514
1618,132,307.8712121212121,73.93181818181819,13.2967641221043,12.651815041502504,0.3076617745567391
1619,93,308.0752688172043,154.9247311827957,11.288617383275481,10.511581794418209,0.3645943486365943
1620,34,308.2352941176471,370.6470588235294,7.46879797228441,5.874915718873893,0.6174698590183252
1621,65,308.81538461538463,411.6307692307692,11.686635574588985,7.225206850707364,0.785985253998639
1622,41,309.3170731707317,213.0,7.637154357830452,6.883486046752569,0.4331630913195905
1623,84,308.57142857142856,490.8690476190476,12.929582551439852,8.422949391477896,0.7586933732057647
1624,99,309.07070707070704,594.8484848484849,13.165848546081127,9.68759487190866,0.677185412928571
1625,63,309.14285714285717,170.85714285714286,9.753602610513338,8.232237268644115,0.5363114429572889
1626,92,309.54347826086956,233.55434782608697,13.258026791357114,9.029868505221168,0.7322025815937395
1627,10,309.5,402.0,4.381780460041329,2.6832815729997477,0.7905694150420949
1628,11,309.6363636363636,144.72727272727272,4.348458452036872,3.3525616208337774,0.6368629409805578
1629,43,310.1860465116279,347.09302325581393,8.639294239114037,6.384618408021481,0.6736825745984762
1630,18,310.1111111111111,445.27777777777777,5.076445469458138,4.46191816837747,0.4769224904060804
1631,47,310.6595744680851,60.02127659574468,9.122671786154784,6.628473451477631,0.6870676653072657
1632,64,310.203125,243.734375,9.162028709059419,8.931302672867549,0.22300567907625682
1633,49,310.57142857142856,278.48979591836735,10.034529028254479,6.411121553671692,0.7692847506702841
1634,72,310.8333333333333,550.1666666666666,12.89288064937721,7.688105221330418,0.8027570395660398
1635,25,311.32,387.44,6.180301161566536,5.179563451907827,0.5455531551937659
1636,39,311.6923076923077,433.2564102564103,7.536727314497885,6.817416139577303,0.4263480121277494
1637,89,311.2808988764045,52.651685393258425,11.855663264768575,9.653156627372134,0.5805518974316665
1638,26,311.5769230769231,351.88461538461536,6.856383042878455,4.999001057144195,0.6844052888883784
1639,35,311.42857142857144,360.54285714285714,7.61861319725221,5.8275207641652305,0.6441422586094174
1640,3,312.3333333333333,425.6666666666667,2.3094010767585034,1.3333333333333333,0.816496580927726
1641,66,311.5151515151515,501.3030303030303,11.31548458253729,8.034146114896748,0.7041881264128601
1642,31,311.93548387096774,299.5806451612903,6.637233432831251,5.927167578250755,0.45002134868373134
1643,98,311.7755102040816,514.1428571428571,13.530187811284627,9.525750993689716,0.710163427929241
1644,63,312.53968253968253,292.22222222222223,9.720167745371104,8.319312278650385,0.517171891046205
1645,46,312.0652173913044,381.2391304347826,7.927472497588969,7.377876564276613,0.365854693275189
1646,152,312.0328947368421,570.8223684210526,16.001569401646936,12.963764691123677,0.5862145819198455
1647,60,314.28333333333336,132.65,11.89729758026901,6.633993204856389,0.830106384082485
1648,75,313.26666666666665,219.44,10.17573714142012,9.530599623543035,0.35039929185725044
1649,73,312.52054794520546,264.7808219178082,14.084081844700657,6.746909873571883,0.8777903096324919
1650,63,313.1904761904762,333.4761904761905,10.239167505477024,7.849681438211666,0.6420858060541786
1651,9,312.8888888888889,455.1111111111111,4.0171906061502325,2.8906758369544234,0.6944132079458367
1652,88,313.3068181818182,536.6363636363636,14.476534255909282,8.20691840196388,0.8237784816350552
1653,41,313.3658536585366,284.4390243902439,8.245534733253917,6.351902985512389,0.6376278139190965
1654,13,313.38461538461536,399.61538461538464,4.318667337728677,3.6794648440311994,0.523556754446835
1655,74,314.35135135135135,521.472972972973,12.277635984158714,7.838045999231684,0.7697045592803273
1656,60,313.65,580.15,11.46317928786574,6.7435540046955875,0.8086576319737854
1657,61,313.62295081967216,19.16393442622951,10.736974008718985,7.335940194466676,0.7301930021946683
1658,130,314.0,29.392307692307693,13.767907956960515,12.288108475145691,0.451011370691436
1659,57,313.43859649122805,439.6842105263158,9.299926179867345,8.03911741127789,0.5027564815429085
1660,92,314.82608695652175,529.3369565217391,13.251061922217477,9.061390115529049,0.7296472814112006
1661,93,315.35483870967744,555.5806451612904,16.264040916213148,7.562427099429835,0.8853220448934855
1662,109,313.92660550458714,587.8440366972477,16.042015938804557,9.006337966979553,0.8275297742551093
1663,213,314.6244131455399,189.39906103286384,18.152836993038534,14.95715261571807,0.566652689190218
1664,89,315.02247191011236,253.74157303370785,11.920432086502032,9.674229275580362,0.5842593677547075
1665,48,315.4375,450.0208333333333,8.562243465741053,7.1846045394948606,0.5439725036260098
1666,83,315.1927710843373,467.04819277108436,11.50966837921243,9.204733964406584,0.6003474622584102
1667,57,315.3157894736842,561.5964912280701,11.368437701077161,6.5236452314103035,0.8189686065176797
1668,58,316.12068965517244,210.43103448275863,9.009238428466645,8.17314683833964,0.4207078089572369
1669,149,316.09395973154363,307.1409395973154,14.862035179954232,12.991598718365625,0.485662002766834
1670,32,315.90625,357.46875,6.773458776502663,6.201935681947939,0.40203761218529277
1671,17,316.0,385.6470588235294,4.752708206288037,4.538188593408449,0.2970442628930025
1672,35,316.7142857142857,279.0857142857143,7.456804833115033,5.981002274823554,0.5972079141808706
1673,36,316.8888888888889,395.5,7.410369778014696,6.146362971528592,0.55861467910558
1674,34,317.02941176470586,95.38235294117646,7.034047888834797,6.13033390827861,0.49035478137312344
1675,27,316.77777777777777,107.0,6.79869268479038,5.028314888437673,0.6730463973541889
1676,27,317.3333333333333,262.4074074074074,6.893716703736725,5.008017226219747,0.6872075571888326
1677,54,317.48148148148147,64.24074074074075,10.339030709724424,6.679528710270762,0.763295262275489
1678,129,317.27131782945736,140.51162790697674,14.307804693699403,11.559006170562922,0.5893453957188408
1679,113,317.2920353982301,232.23893805309734,16.662716729371912,8.991919438365686,0.8418939173926165
1680,54,317.8703703703704,244.27777777777777,10.222692669934629,6.890181906326211,0.7387235759290224
1681,27,317.44444444444446,444.962962962963,6.625247642396407,5.527502293585255,0.5512974293614528
1682,147,318.5850340136054,493.0204081632653,15.276027333054381,12.651942653299345,0.5604000696816869
1683,46,318.39130434782606,596.6521739130435,9.399063839728102,6.3903977229667515,0.7333073843406631
1684,97,318.8556701030928,170.06185567010309,12.575947995437433,10.03742921266077,0.6024654849371794
1685,41,318.6585365853659,179.09756097560975,8.19354706179972,6.455788744903866,0.6157886821385721
1686,18,318.55555555555554,267.27777777777777,5.778226154276423,4.054536102177789,0.7124802352569465
1687,63,319.1587301587302,344.2063492063492,9.646282166362871,8.37748748446375,0.49574521101895597
1688,35,318.8285714285714,375.0,8.362403716537928,5.323801005189539,0.7711650632163253
1689,56,318.8392857142857,401.89285714285717,8.926789614704985,8.071187014798781,0.4272079856235812
1690,84,319.0,456.9642857142857,12.134833550773708,9.069135353249557,0.664415040259141
1691,103,319.6990291262136,504.63106796116506,13.347048560762586,10.177839110502267,0.646925112124275
1692,30,319.3,566.4333333333333,6.742240107901618,5.677242923840028,0.5394134537660213
1693,94,319.77659574468083,48.851063829787236,13.271110660986526,9.109307211160923,0.7272230033699381
1694,50,319.42,410.44,8.981125269900351,7.253922310471579,0.5896139030214529
1695,81,319.358024691358,423.4938271604938,10.90754904531133,9.454819425744441,0.4986311057245494
1696,50,319.5,435.22,8.570048419881182,7.537895600291374,0.475782848190187
1697,22,319.72727272727275,125.95454545454545,5.5195074369704376,5.0760656626865766,0.39271745514253664
1698,80,320.0,288.65,11.323061023354182,9.51988913073032,0.5414200213315589
1699,75,319.9066666666667,483.38666666666666,10.818726240425544,8.950061842198203,0.5617971701233315
1700,121,320.35537190082647,150.92561983471074,13.627191661934182,11.358562767345871,0.5524864090951596
1701,48,320.5208333333333,317.3333333333333,9.019592818224469,6.894119946583322,0.6448023453694659
1702,128,320.015625,543.3984375,15.898734006288091,10.807928186511912,0.7333993641462326
1703,42,320.9047619047619,257.8809523809524,7.852009714528064,7.09612667148364,0.42809484577146206
1704,45,321.31111111111113,22.68888888888889,8.472349038634457,6.835350599415698,0.5908473056727018
1705,75,321.36,101.42666666666666,9.918364217799361,9.649857000596752,0.23110726833768264
1706,67,320.43283582089555,220.0,13.618095940458756,6.9430994382023945,0.8602670952544185
1707,64,321.140625,351.9375,10.933941706727087,7.669420610704172,0.7127360203397204
1708,27,322.3703703703704,32.666666666666664,6.571940597055336,5.411236094966662,0.5674834322328652
1709,21,322.6190476190476,113.57142857142857,6.258173505705089,4.157977767102647,0.7473704562401328
1710,111,323.43243243243245,329.9189189189189,14.865687365596546,9.712291303163134,0.7570679256898519
1711,79,324.17721518987344,120.92405063291139,11.741831148843024,8.707072171895062,0.67090539221256
1712,34,323.5,175.73529411764707,6.770835123504018,6.497011239956697,0.28150987979316755
1713,21,323.6190476190476,384.23809523809524,5.480950312357393,4.886002033668824,0.4531158898801007
1714,100,323.2,574.05,15.061659150709806,9.216638412557996,0.7909141182442778
1715,30,324.1333333333333,262.96666666666664,7.78307926349675,4.890956445921868,0.7778831707778429
1716,64,324.125,269.09375,9.75652914427801,8.655605932391666,0.4614612564524298
1717,85,323.63529411764705,296.49411764705883,11.62849978608948,9.70699457040998,0.5506155214681524
1718,109,324.0,512.394495412844,14.218308792287607,10.069990807673896,0.7059706293311373
1719,35,323.8285714285714,395.6857142857143,7.44649699536197,5.941302067153899,0.6028356776063443
1720,146,324.2945205479452,586.8013698630137,17.0205626416092,12.02767094890755,0.7075579655337966
1721,56,325.85714285714283,222.01785714285714,10.892052426112848,6.689233663734115,0.7891979139938797
1722,77,324.3766233766234,249.46753246753246,11.237927747233591,8.832892709051796,0.6182399017491818
1723,94,325.3723404255319,199.29787234042553,12.515049317412268,9.810521581536689,0.6208896796381151
1724,83,325.1686746987952,232.4578313253012,12.758539497283579,8.397567076727844,0.7528502183524044
1725,134,325.7985074626866,281.4850746268657,17.189106474748645,10.053631000827572,0.8111170485852238
1726,136,325.5147058823529,441.9485294117647,14.79369187178036,11.952637321290544,0.5892441916777672
1727,68,325.8382352941176,478.27941176470586,10.398112603927865,8.476938895047066,0.5791257474912218
1728,97,325.74226804123714,559.5051546391752,13.42724845944471,9.241679938210007,0.7254470151913217
1729,18,326.1111111111111,215.16666666666666,5.031134368678196,4.599654635597567,0.40517740483297815
1730,7,325.0,345.2857142857143,3.0237157840738176,2.799416848895061,0.377964473009227
1731,57,326.2456140350877,27.43859649122807,9.326567807790065,7.799467409247038,0.5483279193829739
1732,81,326.04938271604937,163.06172839506172,11.302456532899111,9.192397433523578,0.5818310287905263
1733,123,326.2113821138211,460.9105691056911,18.112985018468205,8.77841836732213,0.874709385182846
1734,46,327.10869565217394,257.0869565217391,8.490012079068743,7.049583854059352,0.5572593501865195
1735,79,327.32911392405066,304.0,11.68374686772923,8.766162850740344,0.6611123099706969
1736,108,327.1203703703704,313.44444444444446,13.82749467267816,10.062799048214115,0.6858547952789382
1737,48,327.625,379.4166666666667,9.918846827164232,6.3709261368718,0.7664490382611912
1738,63,326.95238095238096,430.87301587301585,9.770199415102512,8.249754331095035,0.5357458027992612
1739,73,327.4109589041096,242.4794520547945,11.941264147922972,7.907773135667189,0.7493073026911606
1740,57,327.8070175438597,419.42105263157896,9.462482958952098,7.67389240368588,0.5850727073125809
1741,126,327.92063492063494,409.9047619047619,13.411630963774705,12.165904538865512,0.420880778169362
1742,96,327.6041666666667,521.2083333333334,12.681877371941953,9.779328407452345,0.6366822777301685
1743,97,328.45360824742266,207.41237113402062,12.465472181757033,10.173802311418958,0.577827951314153
1744,53,329.22641509433964,388.3207547169811,9.386306360828906,7.226572326925407,0.6381574708143652
1745,43,328.3953488372093,451.3255813953488,7.90089804825353,7.060032800270312,0.44891700001104773
1746,191,329.5916230366492,39.05759162303665,16.524832270351496,14.822479010201668,0.4420668323337586
1747,90,329.8,61.12222222222222,12.04322080542064,9.635215401938868,0.5999292751291728
1748,74,329.9054054054054,570.4054054054054,11.762794973275579,8.24287016862627,0.7133992743531943
1749,56,330.30357142857144,9.982142857142858,8.871501354884158,8.13034969477132,0.4001331409194894
1750,49,329.8775510204082,176.26530612244898,9.062551361314926,6.887876368979132,0.6498795425439005
1751,37,330.0,353.5405405405405,7.743686858066526,6.11673300731494,0.613236544410784
1752,86,330.6279069767442,487.90697674418607,13.690268107758703,8.228683158650732,0.7992033187932475
1753,50,331.12,128.34,8.422365346833457,7.564638918313215,0.43966699481451466
1754,66,330.969696969697,273.7878787878788,9.372213390570225,9.166954666149477,0.208139144534364
1755,60,330.9166666666667,293.1,10.492132215718799,7.644870859390932,0.6849086885016208
1756,83,331.03614457831327,322.4457831325301,13.151787530105489,8.308720691624742,0.7751673081489271
1757,64,330.953125,597.046875,14.46697423293308,5.885264993494374,0.9135141723631678
1758,39,332.1794871794872,19.205128205128204,9.422356401285452,5.27011365536975,0.8289517395281112
1759,28,332.32142857142856,28.785714285714285,6.740043147550951,5.519943618627363,0.573825645190941
1760,60,331.95,224.71666666666667,9.878925554563573,8.017629664866442,0.5842284728342162
1761,24,332.125,532.2083333333334,5.844265833355624,5.250407516688046,0.4392064602236034
1762,141,331.5531914893617,544.049645390071,19.489631343773144,9.728881044537975,0.8664969282413115
1763,138,332.2971014492754,153.97101449275362,13.872808579892094,12.69841982278155,0.40266822927682155
1764,64,332.703125,250.453125,12.417351721231439,6.863968511818115,0.8333323137216585
1765,215,332.2325581395349,498.93023255813955,19.05850209216152,14.734788983422353,0.6342418790459103
1766,38,334.7631578947368,4.842105263157895,10.537194382407236,4.598349689391285,0.8997565376183907
1767,82,333.3170731707317,68.89024390243902,11.473789273784464,9.213702533218006,0.5959496977332844
1768,109,332.9724770642202,263.7155963302752,13.869445069549812,10.27074337211981,0.6720230470813694
1769,94,332.82978723404256,579.9787234042553,12.34409204304822,9.987408825419275,0.5876928532014501
1770,175,333.21714285714285,112.36571428571429,16.14096797068653,13.832588330028736,0.5153392000668103
1771,94,333.4468085106383,166.6595744680851,13.726231785889537,8.919831800457157,0.7600724441063705
1772,98,333.61224489795916,235.44897959183675,12.327066187597822,10.164172927569803,0.5658020376886769
1773,46,333.82608695652175,282.2826086956522,10.60477959377275,5.67552796058615,0.8447343416813117
1774,41,334.4390243902439,357.4634146341463,10.380543299613809,5.157755419890556,0.8678263701663729
1775,54,333.98148148148147,427.05555555555554,8.75736135883499,7.94390358691093,0.42089030168396896
1776,115,333.7217391304348,467.495652173913,12.72407348566953,11.71352260322539,0.3905549669451398
1777,88,334.1818181818182,512.7840909090909,10.822942491193398,10.459794656783302,0.25686806797403217
1778,42,334.14285714285717,381.3333333333333,8.384079794647315,6.646376921179881,0.6095627859001336
1779,38,334.9736842105263,437.3421052631579,8.429407707050528,5.831706235714766,0.722061659424913
1780,56,334.98214285714283,448.55357142857144,10.12848201828401,7.324516767872709,0.6906801607135515
1781,78,334.15384615384613,591.0128205128206,11.565745666060419,8.770924819612354,0.6518434037379319
1782,7,335.85714285714283,192.28571428571428,3.582070095417669,2.4713456540351713,0.7238845965239823
1783,62,335.3709677419355,213.25806451612902,9.486445978650016,8.31038468295242,0.48226170240046645
1784,109,336.27522935779814,91.6697247706422,11.946599417397634,11.668603083540642,0.21447223113649347
1785,175,336.45142857142855,562.6457142857142,17.317856471068524,14.050117666096025,0.5846187868840975
1786,78,335.7307692307692,198.82051282051282,14.549261491219685,7.058559595582199,0.8744315023537959
1787,27,337.22222222222223,275.1111111111111,6.7809060373451535,5.318920778782822,0.6202593897618093
1788,58,336.91379310344826,298.2931034482759,10.002037284257709,7.500592872975182,0.6615438203342929
1789,80,336.8625,328.35,12.67049837622697,8.160635446950785,0.7649700429402537
1790,69,336.9855072463768,442.1304347826087,13.31721741951487,7.109856600951934,0.8455573839437611
1791,32,336.875,31.09375,7.141122609322994,5.75445417729744,0.592161558218216
1792,85,336.83529411764704,134.49411764705883,11.368505929348368,9.587620708927028,0.5373658699278631
1793,76,337.0394736842105,417.2368421052632,11.553684903068884,8.417427480068053,0.6849935147718799
1794,32,337.8125,228.4375,7.039555817419399,5.900818069847324,0.5453056707508596
1795,66,337.09090909090907,305.1969696969697,10.00272481686549,8.54462952192177,0.5198949723798759
1796,18,336.94444444444446,373.8888888888889,5.385930481961369,4.225630174819322,0.6200424385141685
1797,33,337.90909090909093,551.7878787878788,8.463725970916197,5.045054874385962,0.8029253031335665
1798,45,337.97777777777776,520.3555555555556,8.815672368298783,6.658993339818835,0.6553117486700365
1799,103,337.97087378640776,474.7281553398058,17.919941476431855,7.683681089993211,0.9034097713799046
1800,110,338.59090909090907,482.07272727272726,16.15218091938938,9.282398360117316,0.8183754716077765
1801,35,338.74285714285713,74.05714285714286,7.592272474054814,5.989638221683206,0.6145056208514806
1802,48,338.1458333333333,220.25,10.052373366793999,6.476329612529479,0.7648075892679153
1803,78,338.6794871794872,288.93589743589746,12.17413054802863,8.43856319632433,0.720788263298577
1804,7,338.14285714285717,26.714285714285715,3.5820700954176696,2.4713456540351717,0.7238845965239822
1805,46,339.69565217391306,259.9782608695652,8.737991218731656,6.857657884014417,0.619737172389191
1806,58,339.48275862068965,334.4310344827586,11.048310473335404,6.689583790136938,0.795856888045984
1807,115,340.3391304347826,123.4608695652174,13.210388845402179,11.2026442030123,0.5299678278412465
1808,56,339.875,384.9642857142857,10.021700271357375,7.101969631775917,0.705550993225258
1809,169,340.2130177514793,539.8994082840237,18.088848736218804,12.519346215867886,0.7217987651448133
1810,129,340.69767441860466,20.248062015503876,13.427838770088474,12.548435436214534,0.35593964743042106
1811,29,340.7586206896552,234.20689655172413,7.232467536120409,5.10629913594163,0.7081874276882766
1812,41,340.5609756097561,146.0731707317073,8.254422153032351,6.317791162687231,0.6435755293276841
1813,67,340.95522388059703,280.67164179104475,9.88711316401599,9.014650767323918,0.41072867239761895
1814,52,340.90384615384613,377.8269230769231,8.60295357515473,7.714649506145264,0.442549066393176
1815,152,341.05263157894734,399.8618421052632,15.164181451530625,13.199401263043656,0.4922872143038888
1816,72,341.06944444444446,582.1666666666666,11.493079384602252,8.38310266010431,0.6840827602393093
1817,19,341.57894736842104,139.8421052631579,5.424803568025408,4.515382681852587,0.5542372434675269
1818,65,341.4153846153846,426.83076923076925,9.794681177787696,8.89160673498516,0.419404407271854
1819,52,341.9230769230769,62.05769230769231,9.09101596702893,7.3152711501922125,0.5937218214374174
1820,236,342.10593220338984,174.78389830508473,18.467436917916128,16.430436144072825,0.4565501103488298
1821,56,342.73214285714283,188.91071428571428,11.056033304873836,6.6699788123680595,0.7975229587033775
1822,34,342.52941176470586,212.55882352941177,6.945163361480208,6.225297202504919,0.4433471229737119
1823,41,341.6341463414634,588.7560975609756,8.413969917939628,6.601145966158219,0.6200706918193233
1824,123,342.5284552845528,53.0,14.260330232320861,11.030443183306641,0.6337896461656366
1825,91,342.04395604395603,489.2967032967033,13.65114401606736,8.704439495557997,0.7703390992830997
1826,63,342.6190476190476,555.6666666666666,10.511113737844136,7.673137051284264,0.6834447038591871
1827,41,343.2682926829268,199.4390243902439,8.162938945809545,6.352193786326892,0.628047692037285
1828,24,343.625,304.7083333333333,6.21825270205921,5.071708018234314,0.5785932206157695
1829,96,343.2291666666667,267.6875,13.006266264202774,9.509692954395694,0.6822034402217224
1830,39,343.2564102564103,293.4102564102564,7.59822140040778,6.599073261303034,0.49568502175072593
1831,107,344.39252336448595,70.83177570093459,13.867736617365743,10.422013447394791,0.6596994619902744
1832,153,343.90849673202615,351.52941176470586,16.04779842426186,12.229562109919147,0.6474934446442262
1833,94,343.71276595744683,361.1595744680851,15.526055902321803,7.7364337710124085,0.8670120761754678
1834,85,344.32941176470587,516.564705882353,10.959607539483839,10.13388296238751,0.38079990294957156
1835,88,344.22727272727275,595.9886363636364,13.802868113541827,8.427096522949785,0.7919913740549792
1836,103,344.873786407767,221.0873786407767,14.41788783008025,9.254749309242769,0.7667937538780063
1837,119,344.8655462184874,409.85714285714283,15.46685348165226,9.806154580417742,0.7733240628479034
1838,170,344.6470588235294,572.535294117647,17.283130771917545,12.809386415444495,0.6713398456328709
1839,44,345.70454545454544,421.02272727272725,8.161122109239585,6.901267338450126,0.5337738612276692
1840,63,345.6825396825397,2.253968253968254,12.805603060373127,6.332629324013061,0.8691661386759973
1841,55,346.1636363636364,299.6909090909091,10.327703165075786,6.835713356055073,0.7496086816350777
1842,244,345.23770491803276,455.3360655737705,24.441000189503146,13.67270287881805,0.8288865977994393
1843,114,346.0877192982456,87.13157894736842,13.998982411099137,10.3946823410103,0.66981138903797
1844,131,346.25954198473283,114.37404580152672,13.825454491614847,12.090561302878848,0.4849992555175228
1845,53,346.1132075471698,230.0754716981132,10.329936066588497,6.628697177528365,0.7669575882924319
1846,45,347.8222222222222,429.8888888888889,7.881521689796702,7.549876038647467,0.28703159926758764
1847,105,348.03809523809525,147.6952380952381,14.680205331969914,9.186500866411091,0.7800038741526184
1848,40,348.5,184.0,7.680214819823023,6.709269730855274,0.4866834585833288
1849,65,348.32307692307694,534.9384615384615,11.295456964894015,7.64835836516817,0.7358743628344472
1850,76,349.1842105263158,192.8684210526316,10.514174952504556,9.547695861267343,0.4188000713173282
1851,118,349.06779661016947,275.56779661016947,12.92010035625957,12.018708181072522,0.366968558004235
1852,78,348.53846153846155,343.0897435897436,13.444531045731724,7.532136441404068,0.8283317241566415
1853,64,347.09375,528.984375,13.081764783868696,6.593398129154101,0.8636952364254981
1854,100,349.07,236.94,13.613734100186482,9.430283338766644,0.7212223301221224
1855,94,350.40425531914894,60.90425531914894,12.000025790749781,10.589219401404101,0.47043799376101436
1856,152,349.0855263157895,246.9671052631579,16.14994238896491,12.056566728398584,0.665341318155423
1857,82,349.780487804878,287.9390243902439,10.877121989350691,10.076739849642532,0.3765015194309512
1858,45,349.75555555555553,305.77777777777777,8.589187834575178,6.7619615458329845,0.6166156115296747
1859,90,349.7111111111111,560.1777777777778,12.252708137776455,9.772247556361446,0.6032420372564544
1860,4,350.0,168.5,4.47213595499958,0.0,1.0
1861,114,349.9122807017544,319.859649122807,13.457938842713608,10.87359494765987,0.5892252439903868
1862,30,349.56666666666666,379.03333333333336,7.9274105718353365,4.871749111287559,0.7888819068251639
1863,149,347.79194630872485,438.32214765100673,18.11987906255807,10.706650822728955,0.8067604020764315
1864,83,349.2530120481928,586.8795180722891,11.162279587900235,9.540151383395015,0.5191589723274067
1865,39,350.6923076923077,333.9230769230769,7.750374468797621,6.614992484779264,0.5210827242108671
1866,120,350.3833333333333,476.025,13.230346828340918,12.374576559383021,0.353809189179204
1867,54,350.85185185185185,20.074074074074073,9.273207002665577,7.389567744243003,0.6041469313075771
1868,47,351.40425531914894,225.48936170212767,9.948046470872177,6.293750248619697,0.7744281027435523
1869,51,351.11764705882354,384.98039215686276,9.18829562111938,7.021994241328224,0.6449408251676105
1870,197,351.1979695431472,492.1522842639594,20.56816087978085,12.965919773724458,0.7762802932597326
1871,100,351.59,127.76,12.369354121610426,10.277542440398832,0.5564403525323344
1872,164,349.5731707317073,464.0182926829268,21.7637731627543,9.867578815902707,0.8913098622335694
1873,115,351.2173913043478,544.7739130434783,14.486817678383222,10.37228093776678,0.6981201390864288
1874,23,352.60869565217394,162.04347826086956,6.193882567696608,4.665229164899033,0.6577921667504074
1875,183,354.30601092896177,264.57377049180326,20.955982374426746,11.35537346133214,0.8404636905704758
1876,75,352.85333333333335,295.7733333333333,12.064938966586391,8.187247737202233,0.734509545509729
1877,85,354.50588235294117,68.4235294117647,14.147203682691144,7.818389616522334,0.833416378776155
1878,22,353.09090909090907,174.36363636363637,6.024452113529645,4.748573674104652,0.6153978042092576
1879,38,353.1578947368421,179.73684210526315,7.148482998266043,6.8994776564269396,0.2616357491787934
1880,28,353.67857142857144,29.678571428571427,6.0,5.914354726995557,0.16835875742536877
1881,158,354.09493670886076,103.51898734177215,14.655464769410667,13.739125844056389,0.3480537182526774
1882,70,354.84285714285716,327.64285714285717,11.675282782575993,7.752999189776854,0.74768606467514
1883,36,354.1666666666667,554.4722222222222,9.274420221024537,4.918841947761795,0.847768457705636
1884,112,354.51785714285717,374.3482142857143,16.657933376352787,8.888007313022348,0.8457622018095793
1885,99,354.6161616161616,423.2929292929293,13.721083429099362,9.316089131741615,0.734173759277978
1886,41,355.5853658536585,41.65853658536585,8.34329082240437,6.209161476087268,0.6679455779908968
1887,18,355.6666666666667,314.0,5.333333333333333,4.216370213557839,0.6123724356957945
1888,146,357.04794520547944,399.35616438356163,17.346547754218975,10.850952990598703,0.7801923971623026
1889,35,355.9428571428571,156.97142857142856,7.503797245523622,6.035538151285526,0.5941812352967155
1890,92,355.9347826086956,167.97826086956522,11.562788858698694,10.221896546514305,0.46742291706486133
1891,27,355.9259259259259,481.22222222222223,6.877559816926446,5.371991534770573,0.6244187613716962
1892,117,356.56410256410254,349.9145299145299,14.45034614221697,10.465886608991761,0.6895212412491967
1893,60,356.43333333333334,469.5,10.02105160952874,8.1183381013635,0.5862525403421817
1894,158,356.0189873417722,522.2341772151899,17.208806691654203,11.747840445657888,0.7307320010826366
1895,40,355.925,572.225,8.622970724835398,6.192283575437393,0.6959245800371266
1896,165,357.58787878787876,7.460606060606061,16.009315839129208,13.371682698537658,0.5498797145537944
1897,133,357.2857142857143,49.5187969924812,14.766070889063291,11.565645540748852,0.6216965916437519
1898,129,357.5503875968992,146.65116279069767,14.755872904293781,11.257273484249533,0.6465150609498097
1899,54,357.27777777777777,307.6296296296296,10.016243084842879,6.9458994510524,0.7204917139270164
1900,109,358.0183486238532,565.6697247706422,14.966570886351198,9.917719156184525,0.7489220697050628
1901,158,357.54430379746833,592.6962025316456,17.711202621975854,11.713678897873029,0.7500587764958601
1902,95,358.41052631578947,79.09473684210526,12.457666757585033,10.149830527283896,0.579818446292934
1903,33,358.3636363636364,176.27272727272728,7.281160714483991,5.777186445222081,0.6086444848086393
1904,128,358.1796875,187.3515625,13.679468867039644,12.1399337267834,0.4608914615234112
1905,66,358.57575757575756,300.90909090909093,12.14333292070462,7.455745038568943,0.7893227674248062
1906,92,357.1630434782609,431.39130434782606,13.850479425967016,8.72190300746463,0.7768234173572456
1907,112,356.79464285714283,581.0267857142857,15.060951999831786,10.038287436344971,0.7454953585171035
1908,15,358.46666666666664,161.73333333333332,5.853426263643807,3.353880153970326,0.8195712642654582
1909,143,358.04895104895104,220.30769230769232,14.824394832527668,12.475385149079491,0.5401880885975286
1910,116,358.37068965517244,336.42241379310343,13.625298359321652,10.887567046908018,0.6012380130720456
1911,106,358.4811320754717,409.47169811320754,12.926323518266576,10.525133767700355,0.5805279537589473
1912,76,358.85526315789474,359.60526315789474,12.118244910645801,8.052713904481854,0.7472779793769648
1913,113,358.3008849557522,447.1946902654867,13.645487589327232,10.804482495465557,0.6107818364950934
1914,120,360.125,535.5916666666667,15.777662592219851,9.819075924696545,0.7827467658329349
1915,42,359.23809523809524,234.52380952380952,8.510883244980715,6.292944268738191,0.6732667576547539
1916,55,358.96363636363634,383.54545454545456,9.467904068572606,7.805303292662949,0.5660132969335113
1917,110,359.6090909090909,547.8545454545455,14.482281886694995,10.233103337516413,0.7076185116212574
1918,70,359.9,290.87142857142857,10.442527020570667,8.566579392375697,0.5718545726208959
1919,68,360.1029411764706,491.2647058823529,10.738947804563963,8.532063485305699,0.6072678730823782
1920,76,360.7894736842105,320.9736842105263,10.97186932833965,9.11638021097085,0.55644164573132
1921,64,360.984375,438.765625,10.452577341084158,7.896886375569427,0.6551525974644701
1922,9,363.0,297.0,3.265986323710904,3.265986323710904,0.0
1923,20,361.7,379.5,6.2906103577220325,3.9734394832840088,0.775256865513561
1924,181,360.8508287292818,511.8121546961326,17.41368027349475,13.657937805909835,0.6203535491224916
1925,47,362.51063829787233,135.68085106382978,8.920976415320823,6.758571546497313,0.6527139324803352
1926,176,361.9431818181818,278.0681818181818,19.9034401188744,12.251149935421008,0.7881140271038098
1927,127,362.9448818897638,498.496062992126,18.79565611259523,8.910604056301032,0.8804829364421131
1928,54,362.81481481481484,16.537037037037038,8.353309390761114,8.256518395906827,0.15178941057652193
1929,42,363.1904761904762,26.857142857142858,7.74655382321893,6.875634558060101,0.46066645989589017
1930,69,362.7971014492754,156.55072463768116,9.771730309037837,9.014583138320122,0.38595747960416854
1931,6,364.0,585.5,3.265986323710904,2.0,0.7905694150420949
1932,26,363.5769230769231,350.4230769230769,6.1202934130764275,5.537179041092997,0.42599728240688123
1933,62,363.0967741935484,460.5967741935484,11.155704257159067,7.363308810385776,0.7512227556995064
1934,40,363.9,466.175,10.502417415945088,5.352497400396689,0.8603851842843045
1935,99,364.010101010101,57.96969696969697,11.961637239251049,10.68624531744813,0.4493088838509353
1936,40,363.85,244.95,7.643333126959256,6.661790953664581,0.49024989406314
1937,139,364.1870503597122,70.19424460431655,13.862864770362776,13.066897506290209,0.3339726298610228
1938,67,364.56716417910445,343.8955223880597,10.142727011135355,8.434863361097133,0.5553497135345964
1939,54,363.962962962963,415.3888888888889,10.326788107598501,6.640853228744619,0.7658069453878736
1940,122,365.25409836065575,575.155737704918,14.502507304020089,10.788294864522866,0.668300182066089
1941,35,365.0,146.14285714285714,8.931588812229581,5.227691852584839,0.8108141558287967
1942,51,365.37254901960785,432.2156862745098,8.794663683443076,7.473000734903119,0.5272343820508925
1943,100,364.95,560.94,17.239391050400627,7.786256880643407,0.8921926786674741
1944,84,365.70238095238096,206.95238095238096,11.117039516157378,9.646406364662669,0.49706449355670773
1945,120,365.2,312.69166666666666,16.395241419201625,9.555187824509309,0.8126138297081099
1946,112,365.0,473.17857142857144,14.024535038750356,10.741212288967175,0.6429749227993345
1947,156,365.95512820512823,483.9294871794872,17.9096906290589,11.455731190136094,0.7686757030164704
1948,43,365.95348837209303,123.25581395348837,8.811879063795022,6.321929770123761,0.6966278699183606
1949,35,366.25714285714287,139.6,8.232864608588326,5.526738486289854,0.7411839335538881
1950,151,366.4172185430464,235.78807947019868,16.382576460488714,12.992160107552838,0.6091598958639216
1951,64,366.5,304.546875,9.979315688656488,8.147275749361532,0.5774638210677986
1952,52,367.36538461538464,521.0384615384615,9.608142531502846,7.645057926778159,0.6057102259590612
1953,25,366.8,46.08,5.982402637583357,5.301741099095248,0.4632594326811828
1954,129,366.0232558139535,103.30232558139535,15.179198210914103,11.272382741333429,0.669712545157564
1955,107,367.04672897196264,327.5700934579439,13.635493510669686,10.198815835780369,0.663742804019922
1956,22,366.90909090909093,403.09090909090907,5.502816709244202,4.972652484064489,0.4282593998234223
1957,76,367.94736842105266,596.6973684210526,15.533026808199983,6.8942854857168525,0.89610264318193
1958,151,368.05960264900665,454.9867549668874,18.426778421915735,11.238392912294021,0.792482529683627
1959,64,367.6875,354.84375,10.996231899742442,7.624287442580238,0.720596603666054
1960,34,367.94117647058823,590.4705882352941,7.527631163311745,5.736952478487002,0.6474366970731315
1961,48,368.3333333333333,297.4375,8.149848090439386,7.814923650191154,0.28373000329818565
1962,105,368.65714285714284,541.6190476190476,14.695724785765156,9.602802383190898,0.7569766695403657
1963,56,368.92857142857144,583.875,8.921278206573318,8.093684818204263,0.420626788481036
1964,88,369.3181818181818,174.63636363636363,12.188507719895373,9.519129859449295,0.6245407370260683
1965,102,369.0686274509804,183.5686274509804,12.749748847592484,10.230627648293327,0.5967624266565145
1966,56,369.44642857142856,280.48214285714283,9.580183384797088,7.45638232214966,0.6278763438758685
1967,131,369.36641221374043,552.9923664122138,15.372775915916902,11.509126788609038,0.6629435439223974
1968,65,370.2923076923077,36.90769230769231,10.43011022643161,8.014514684926404,0.6399678036856987
1969,105,369.9904761904762,129.78095238095239,12.548588458561099,10.829059451526557,0.5052546084762747
1970,84,369.79761904761904,336.5357142857143,11.10277283733886,9.653784517165082,0.493945064214575
1971,24,369.875,368.3333333333333,6.081140986576509,4.932066489508719,0.5849866175853743
1972,62,370.5806451612903,531.758064516129,10.692964734284658,7.421019833435547,0.7199657768545508
1973,32,370.71875,75.25,7.403197548859885,5.5160711609400925,0.6669605106646707
1974,61,371.5409836065574,3.3934426229508197,8.97666998570758,8.75894095192149,0.21891019608296047
1975,16,371.6875,122.0625,5.326818938165629,3.7416573867739418,0.7117639563193815
1976,72,372.0833333333333,317.9583333333333,12.111005484324824,7.721988196974246,0.7703668419868883
1977,82,372.2560975609756,409.280487804878,11.36520230072329,9.22547519678662,0.5840329389486691
1978,143,372.8951048951049,18.55944055944056,13.80942661460473,13.288778479985329,0.27199866633678943
1979,35,372.1714285714286,80.6,7.324083965060529,6.123644222400511,0.5485817166706903
1980,151,372.0132450331126,441.49668874172187,17.037317875450736,11.436189047690524,0.7412369058533672
1981,150,372.88,500.9866666666667,17.928666053955123,11.695427414791054,0.7579340773819482
1982,69,371.9855072463768,346.3333333333333,11.606349340875786,7.844775463230261,0.7369898722689535
1983,45,373.2,87.28888888888889,8.342572728244736,6.868895630851252,0.5675272705461052
1984,84,373.5595238095238,258.9642857142857,10.892925706532678,9.82370435652386,0.4320647391047741
1985,54,373.4074074074074,478.22222222222223,10.040599874502366,6.887978054355999,0.7275896568077569
1986,23,374.1304347826087,322.95652173913044,6.353073730740285,4.684516235112533,0.6754976162746598
1987,66,374.27272727272725,590.7272727272727,12.184467688286185,7.232571950237956,0.8047679904240882
1988,86,374.6744186046512,208.63953488372093,11.147089936259308,9.88138608884278,0.4628160856141726
1989,51,375.2352941176471,294.3137254901961,10.114529499556205,6.485308807944518,0.7673843406065091
1990,29,375.0344827586207,33.206896551724135,7.005965142014112,5.2920347671798345,0.6553085862196758
1991,39,375.4102564102564,288.8974358974359,8.450109410238275,5.9044543021813265,0.7153728414056604
1992,106,375.39622641509436,102.16981132075472,14.168773072476034,9.645065396098175,0.7325372664340372
1993,74,375.4189189189189,301.77027027027026,10.800855913257317,8.866122574743434,0.5711118961520988
1994,149,375.1140939597315,512.9261744966443,15.650377160259461,12.726540905863821,0.5820152020523366
1995,3,376.3333333333333,597.6666666666666,2.3094010767585034,1.3333333333333333,0.816496580927726
1996,26,376.3076923076923,215.96153846153845,7.3982871221509825,4.544223040612147,0.7891298795735171
1997,65,376.26153846153846,355.2153846153846,9.885357019129195,8.427790077976312,0.5226408936856428
1998,100,376.33,379.76,13.802047676233204,9.41272967544408,0.7313702005882917
1999,28,377.60714285714283,45.5,7.112071169715045,4.966220055141711,0.7158243169594437
2000,34,377.47058823529414,413.9117647058824,7.517715393635181,5.865523888384916,0.6254965717933737
2001,134,378.2014925373134,449.089552238806,16.31284961734195,10.948027424226359,0.7413405325937165
2002,154,376.97402597402595,470.6623376623377,18.93894167367023,10.641789040322902,0.8272052500156496
2003,172,378.25581395348837,196.91860465116278,15.578234183906165,14.0721721536467,0.42896170840999415
2004,118,377.5508474576271,490.8305084745763,13.588174101524663,11.314285726519994,0.5537893404944392
2005,96,378.0833333333333,542.7916666666666,12.877459356764303,9.85048991806979,0.6441009741074376
2006,172,378.3779069767442,137.44767441860466,15.384075833893627,14.463313273797029,0.34076547513855016
2007,50,379.0,3.38,8.804253924873235,7.234273482966636,0.5699500640494042
2008,108,379.10185185185185,149.92592592592592,13.777466388244546,10.284916114477273,0.665382364582654
2009,70,379.48571428571427,340.1714285714286,12.35979148289814,7.361430332489394,0.8032848590174467
2010,74,378.7972972972973,176.64864864864865,11.114017410934165,8.46663311492943,0.6478149697280557
2011,4,380.5,205.5,2.0,2.0,0.0
2012,46,379.4130434782609,283.4130434782609,8.254125785583911,7.136651131189669,0.5024328534234864
2013,56,379.5357142857143,347.25,9.076839767372212,7.8933425992079425,0.4937330475712386
2014,37,379.2432432432432,372.81081081081084,7.190071728000647,6.540910590366827,0.4152348895375962
2015,37,379.64864864864865,404.43243243243245,8.600777713205796,5.519501684207941,0.766918517823407
2016,68,379.7352941176471,422.6617647058824,11.860843632204823,7.3013702624609405,0.7880696514088743
2017,44,379.3181818181818,276.97727272727275,8.366560595134771,6.715641247241928,0.596414704162152
2018,46,380.0,505.4782608695652,8.693719861181497,7.130670105068741,0.5720635122543618
2019,88,379.97727272727275,552.3863636363636,12.23618567690641,9.276900562537712,0.6520767346481243
2020,190,380.57894736842104,564.0368421052632,21.837992388032124,11.3801126447198,0.8534862688841016
2021,30,379.6333333333333,591.8333333333334,7.133643607954337,5.352467342494488,0.6610824624098754
2022,108,380.50925925925924,115.46296296296296,12.742244213263252,10.803842089958467,0.5301946972526929
2023,41,380.219512195122,266.3170731707317,9.1632538568843,5.818106626303153,0.772562328498857
2024,13,380.46153846153845,187.84615384615384,4.3616645597524775,3.756591133295642,0.5081397159034496
2025,59,380.79661016949154,333.66101694915255,9.882592427066344,7.770219359270949,0.6179045191002411
2026,29,381.51724137931035,456.37931034482756,7.649392496531559,5.03854277942253,0.7524185063768106
2027,59,380.6949152542373,572.1864406779661,11.696406189017978,6.524754540908058,0.8299467137160519
2028,41,381.4634146341463,63.46341463414634,8.780452628431386,5.953669947662722,0.7350069505559601
2029,36,382.0,14.416666666666666,7.118052168020874,6.420453428086074,0.43174472639735834
2030,81,381.61728395061726,324.41975308641975,11.364035116798743,9.141806245256852,0.5940193912561015
2031,89,382.0561797752809,462.17977528089887,13.0643165014496,9.616983223872092,0.6768445112513884
2032,104,381.84615384615387,533.7980769230769,12.940841975669104,10.508407148330335,0.5836097554665928
2033,101,382.48514851485146,521.2178217821782,13.069160472797961,10.102382718252876,0.6344133239337311
2034,18,382.3888888888889,46.77777777777778,5.412760806053256,4.261315592620488,0.6166057354471535
2035,45,383.0444444444444,224.57777777777778,8.089265853234364,7.026287513851214,0.49552449111183267
2036,124,382.7741935483871,240.6451612903226,14.048212591607419,11.351193594944549,0.5891592675965914
2037,40,382.55,297.15,7.790166892525633,6.790677417356644,0.4900424326624284
2038,190,382.62631578947367,29.347368421052632,18.188160420046817,13.559019058175297,0.6665212792295838
2039,53,383.22641509433964,288.47169811320754,11.245055863035914,6.059346661922246,0.8424046719458745
2040,55,384.05454545454546,57.61818181818182,9.293525180703963,7.568790396273953,0.5802822516684495
2041,44,383.52272727272725,210.86363636363637,9.964448362824177,5.818808224644377,0.8117846738525041
2042,28,384.92857142857144,369.85714285714283,6.8611791646256295,5.177042736091263,0.6562526151165308
2043,43,384.74418604651163,375.8837209302326,8.206831207533588,6.670893117639864,0.582478108436154
2044,28,384.2857142857143,495.67857142857144,6.709134503419662,5.608645288313913,0.548772847163069
2045,30,385.06666666666666,70.96666666666667,7.020436050705815,5.485549693123555,0.6240695459876444
2046,36,385.1388888888889,204.5,7.618678126258614,5.989100421213697,0.6180897302533216
2047,49,385.14285714285717,103.53061224489795,8.694213130069686,7.198905175434121,0.5607116732943125
2048,94,385.6595744680851,250.46808510638297,13.96189100357923,8.58768079530842,0.7884646576379771
2049,33,385.42424242424244,364.6969696969697,6.678776879493775,6.344849613722376,0.3122446255620079
2050,164,385.1585365853659,482.9634146341463,16.530033605145316,12.98001437094256,0.6191937647064742
2051,50,385.9,124.38,8.577104426560998,7.38396097334403,0.508787663152844
2052,30,385.8666666666667,314.9,7.398931147986698,5.139199687004564,0.7194089372812126
2053,58,385.5344827586207,383.9655172413793,12.231239198728437,6.0355366986029795,0.8697726935414419
2054,173,385.70520231213874,430.514450867052,19.086198816008043,11.716770897258215,0.7893938501011443
2055,49,385.42857142857144,438.83673469387753,8.4952385365065,7.310625798893922,0.5093563751337804
2056,87,385.3448275862069,585.7816091954023,14.918329164801646,7.506068451430445,0.8642025641884833
2057,166,392.16265060240966,593.433734939759,21.819355287709683,9.96381533794535,0.8896462752904556
2058,46,386.45652173913044,2.369565217391304,8.980535805834906,6.6792766497954545,0.6684574905752981
2059,112,386.0625,90.4375,14.956524552306332,9.930052605340482,0.7477966714657974
2060,37,387.1081081081081,293.7567567567568,7.818438751394739,5.9917028829954475,0.642416824291097
2061,179,386.85474860335194,304.9217877094972,17.72409602186199,13.020472724197417,0.6784789451662435
2062,36,386.5,557.8611111111111,6.9658460523488355,6.802900698288828,0.2150276580953141
2063,173,387.1040462427746,167.91907514450867,17.631540053571094,12.713651374054566,0.692857686957238
2064,77,387.038961038961,266.7142857142857,10.72583621617079,9.150405658651687,0.5217177444245509
2065,61,387.1967213114754,345.55737704918033,10.522523572126019,7.431526498044963,0.7079630729641104
2066,66,387.2878787878788,467.6969696969697,11.75073300718378,7.529993784366363,0.7676990476486266
2067,25,387.92,258.56,6.229132290364385,5.01975207646152,0.5921184607712485
2068,43,387.69767441860466,280.6744186046512,9.15148577936506,6.021182167410334,0.7530652344371384
2069,83,387.71084337349396,450.5542168674699,11.959480695305743,9.351012074178218,0.6234149779978331
2070,59,388.864406779661,354.6779661016949,10.068371000628321,7.582084348435402,0.6579522039739039
2071,145,388.55172413793105,503.99310344827586,15.483241094374419,12.305514131134425,0.6069193161428909
2072,22,388.90909090909093,110.0909090909091,5.502816709244202,4.972652484064489,0.4282593998234223
2073,16,388.75,194.5,5.261621274704831,3.91348202520128,0.6684259051603841
2074,60,388.78333333333336,331.25,10.244850796383071,7.516110766130185,0.6795300713038058
2075,91,389.43956043956047,531.4065934065934,15.720575445397733,7.6722399694504375,0.8728223190570226
2076,16,389.5,206.1875,5.301859257350197,3.7852065221398448,0.700207434242993
2077,40,390.125,288.475,7.505169134725836,6.856561547828377,0.40666230462720154
2078,72,390.0138888888889,321.8333333333333,10.920167611075772,8.437493547891044,0.6348293409671852
2079,25,390.24,363.32,6.47161126610697,4.967720565852848,0.6409085179618385
2080,16,390.25,368.375,4.837183752516743,4.165531580049303,0.5083541641390434
2081,48,389.7916666666667,390.9166666666667,8.557533246836755,7.115457528535654,0.555547728267642
2082,99,389.65656565656565,416.7070707070707,12.334503185944042,10.44823488533317,0.5314752321080395
2083,50,390.08,66.78,9.195825139703343,6.881860213634101,0.6632838820683117
2084,30,390.26666666666665,199.2,6.455332326583624,5.956864956411216,0.385322258426216
2085,111,390.36036036036035,218.7927927927928,12.126044114775008,11.650918119164578,0.2771809867145586
2086,56,389.9642857142857,493.32142857142856,9.727607761658163,7.577233239240986,0.6270971239987936
2087,19,390.36842105263156,60.21052631578947,5.1270732058481325,4.711757099842152,0.39426806672960923
2088,76,391.94736842105266,152.10526315789474,10.99373423696493,9.785617310213164,0.45574849774484866
2089,210,390.6904761904762,547.4333333333333,17.745833036512852,15.222023201239558,0.514016756660159
2090,79,390.8987341772152,81.64556962025317,12.835312286757949,7.9725629871704315,0.7836973320947481
2091,92,391.57608695652175,98.6413043478261,11.742240491354993,10.170881003103373,0.4997340349677686
2092,16,391.625,402.875,4.69041575982343,4.415880433163924,0.3370999312316211
2093,67,391.46268656716416,475.4776119402985,11.73816606325846,7.4817247989813005,0.7705459315489567
2094,131,392.4503816793893,9.083969465648854,13.656473143885915,12.422786922608738,0.41534734121740485
2095,37,392.43243243243245,349.1621621621622,7.19520111930509,6.588699829256209,0.4018453974612431
2096,29,392.7931034482759,438.2413793103448,7.232467536120409,5.10629913594163,0.7081874276882766
2097,71,393.3098591549296,443.2535211267606,13.51928274725621,6.969929442667634,0.8568566832237495
2098,41,392.2439024390244,120.46341463414635,9.00093899178818,6.061482851833639,0.7392529688820264
2099,49,392.85714285714283,255.42857142857142,8.659605450102287,7.501769096087118,0.4995335171244772
2100,18,392.22222222222223,598.6111111111111,11.760379707520283,1.836431725010255,0.9877327023612231
2101,72,393.7916666666667,311.34722222222223,12.393815699397143,7.497620960257854,0.7962645538724649
2102,81,393.69135802469134,382.71604938271605,13.569621459777007,7.819842307796516,0.8172553978657178
2103,55,393.1818181818182,454.90909090909093,11.273119070734156,6.379027592715065,0.8245000963438384
2104,82,394.1219512195122,462.6463414634146,13.002361073892677,8.50921736766947,0.7561171202436257
2105,44,393.54545454545456,276.75,9.36027493808673,6.096751352184833,0.7587832673366058
2106,30,394.1666666666667,328.0,6.9904300593241535,5.491457894577682,0.6187753851120513
2107,152,392.54605263157896,518.2105263157895,18.30186581365502,10.929616996197263,0.8021028296784135
2108,107,394.32710280373834,128.02803738317758,12.908535084807715,10.759059162951745,0.5525433932229902
2109,42,395.4047619047619,249.61904761904762,7.706874888348235,7.094183213338775,0.3907410710531985
2110,46,395.67391304347825,343.19565217391306,8.183511012291218,7.242615433982589,0.4655426625376363
2111,21,396.0,20.0,5.0896720822428145,5.0896720822428145,0.0
2112,44,397.6818181818182,54.88636363636363,10.326523322938275,5.615734126525233,0.8392041330006229
2113,127,396.3307086614173,238.22834645669292,14.16821324125956,11.649085390240344,0.5692006917436562
2114,26,396.0,288.11538461538464,6.007884366082042,5.547001962252291,0.38411063979868787
2115,37,396.27027027027026,400.13513513513516,8.70719366955595,5.434580833129296,0.7813058289298861
2116,102,395.04901960784315,562.2843137254902,12.6672292867855,10.347572267481857,0.5768114507893076
2117,25,396.68,158.2,6.914286613571402,4.57758021506858,0.7494626391669681
2118,32,395.5,283.1875,7.874007874011811,5.141740950300783,0.7573563954159358
2119,43,395.95348837209303,369.16279069767444,7.924036077666864,6.874783913864683,0.49728692011381154
2120,73,396.4657534246575,492.24657534246575,12.370371775042626,7.855467771274498,0.7724934170919704
2121,115,396.67826086956524,168.2,15.58803629533032,9.805251364607614,0.7773857549223364
2122,66,396.95454545454544,358.6060606060606,11.105261801062662,7.562234694279496,0.7323209786485808
2123,94,397.5851063829787,228.54255319148936,12.016414072524773,9.968742374350711,0.5583674058590545
2124,40,397.275,448.975,7.666895869399549,6.811659689663315,0.45897188834784525
2125,126,397.26984126984127,534.5952380952381,15.360268949287722,10.553999466996483,0.7265654047573307
2126,97,396.8041237113402,295.07216494845363,12.968865723620574,9.714373319857083,0.6625095945645356
2127,97,398.5154639175258,503.2061855670103,12.077647431503602,10.620104179020268,0.4762333416115123
2128,54,398.0,64.66666666666667,9.639257775581743,7.105780530194716,0.6757063219594525
2129,202,397.65346534653463,577.0841584158416,17.04660390998192,15.575189034105474,0.4064279947539831
2130,148,399.05405405405406,46.851351351351354,15.044523283877599,12.660531347610014,0.5401986141449839
2131,140,399.0571428571429,114.82857142857142,14.315063648550575,12.459623511329237,0.4923709173951501
2132,111,398.77477477477476,470.4594594594595,14.388068247490658,10.38890547118674,0.6918408183242878
2133,76,399.64473684210526,146.1184210526316,10.969476262491114,8.846972842548038,0.5912228692375431
2134,48,400.9583333333333,412.2291666666667,11.643281900370182,5.4680219793166405,0.8828639031210153
2135,65,400.66153846153844,348.67692307692306,10.332666609879295,8.077173667620135,0.6236390908003896
2136,61,400.4590163934426,458.04918032786884,9.1277273075475,8.726969922895188,0.29305852196634147
2137,30,400.76666666666665,2.7333333333333334,6.735925743472175,5.664369528571259,0.5411606405405518
2138,226,401.2654867256637,209.96017699115043,17.280715638231662,16.690118185316024,0.259201293519533
2139,119,401.2857142857143,103.43697478991596,13.161394863364345,11.602503695390165,0.4720798760063266
2140,22,401.5,416.72727272727275,5.752469825293227,4.851514205136848,0.537318610054862
2141,36,401.8611111111111,445.55555555555554,7.409971190039115,6.3123223446322365,0.5237554385030113
2142,178,401.5280898876405,483.36516853932585,18.63870423357964,12.415228716747462,0.7458630303755464
2143,20,401.7,130.45,5.930090299187011,4.489323896032466,0.653366903090236
2144,24,401.875,183.33333333333334,6.081140986576509,4.932066489508719,0.5849866175853743
2145,52,402.0769230769231,287.46153846153845,8.717920421997757,7.678309931057177,0.4735811762528207
2146,72,401.55555555555554,380.2638888888889,12.097713538185351,7.676339710144264,0.7728997576005363
2147,7,402.7142857142857,270.0,3.0237157840738176,2.7994168488950604,0.3779644730092273
2148,85,403.3176470588235,278.78823529411767,12.531939203220515,8.723585824291199,0.7179368729627661
2149,143,401.4475524475524,513.0629370629371,16.91444826495628,11.725457708338856,0.7207246867108745
2150,39,402.94871794871796,586.3589743589744,7.13244662593383,6.9834028843278775,0.20336295869552146
2151,29,402.6551724137931,7.724137931034483,6.538990014991862,5.6002583663015235,0.5162451143930842
2152,21,403.0,82.0,5.0896720822428145,5.0896720822428145,0.0
2153,127,402.496062992126,251.8188976377953,18.05888681796846,9.963576149570518,0.8340247445773166
2154,69,403.2173913043478,568.2898550724638,10.386693878698448,8.48794301946179,0.5763628264169575
2155,78,404.43589743589746,174.87179487179486,11.583647730689696,9.010143275533043,0.6284710411762465
2156,7,403.2857142857143,406.0,3.0237157840738176,2.799416848895061,0.377964473009227
2157,52,403.11538461538464,153.82692307692307,8.670381482058932,7.9697423200425535,0.3938104848421064
2158,104,404.02884615384613,196.52884615384616,12.059303504273979,11.007359192297443,0.4084759879665747
2159,44,403.0681818181818,524.9772727272727,8.034567172465165,7.0388140979048535,0.48219053829758357
2160,55,403.72727272727275,388.25454545454545,11.434526038331592,6.194375833340045,0.8405553763518278
2161,29,405.44827586206895,55.41379310344828,6.396999081008443,5.7553094670900755,0.4365315229569429
2162,18,404.6111111111111,132.72222222222223,5.693388843125944,3.935296437229382,0.7226591383582849
2163,41,404.8292682926829,354.219512195122,7.508012803854203,6.966973983410979,0.3727333882602798
2164,66,406.3787878787879,293.5151515151515,12.525286979938501,6.802380047915615,0.8396733585811392
2165,149,406.3020134228188,323.3557046979866,17.44016380111528,10.952360247489622,0.7782162358276206
2166,55,406.05454545454546,360.8363636363636,9.401777343699248,7.522306506398004,0.5998745235863928
2167,57,406.0175438596491,440.6666666666667,9.472693937818601,7.822219734603448,0.5640142336868907
2168,112,405.5982142857143,495.4375,13.883708192070673,10.496126297143768,0.6545680465415651
2169,137,406.3795620437956,163.2919708029197,14.03533141933162,12.611442123287754,0.4388718809826301
2170,37,406.4864864864865,238.59459459459458,7.984687176351843,5.981166636492767,0.6624799508362265
2171,77,406.4155844155844,596.3506493506494,13.38901474960047,7.621125909962643,0.8221939958144572
2172,65,407.0153846153846,37.52307692307692,10.066388152324913,8.47131714564608,0.5401872444738657
2173,38,406.94736842105266,218.8421052631579,8.058592213439203,6.042401433470257,0.6616548355728601
2174,74,406.68918918918916,259.0405405405405,11.712129794735246,8.164525139159855,0.7169739565495649
2175,84,405.25,341.89285714285717,15.396173411405716,7.082028183895366,0.8879260347104284
2176,14,406.7142857142857,417.5,4.20883424647321,4.120630029101703,0.2036532699906393
2177,82,407.3414634146341,335.6951219512195,14.310209119871615,7.342610518252973,0.858327071945082
2178,39,407.4102564102564,383.87179487179486,7.706920274815439,6.625997291063123,0.5107211118867164
2179,101,407.6237623762376,462.8217821782178,12.216846510948407,10.858922318663645,0.45820174103608236
2180,27,407.74074074074076,583.9629629629629,6.3712651419141,5.7424954042742336,0.4331712548080639
2181,17,406.88235294117646,590.5882352941177,5.181899763382574,4.041201040002321,0.625943231252129
2182,132,408.280303030303,26.833333333333332,13.551578172455772,12.396913769197798,0.4039188074111143
2183,75,408.2,148.0,11.208054747093534,8.704376798646804,0.6299718394607826
2184,104,408.38461538461536,474.21153846153845,13.909722334255768,9.784910661570303,0.7107364599418122
2185,64,408.875,113.984375,11.10443844300064,7.562244416547875,0.7322732114057297
2186,56,409.14285714285717,244.48214285714286,9.165765787091198,7.9065952052871715,0.5058483310214337
2187,109,407.9816513761468,452.29357798165137,14.986233329766682,10.024326956419356,0.7433502690883582
2188,76,409.55263157894734,268.57894736842104,11.72610428803241,8.362618087254692,0.700998730135377
2189,83,409.56626506024094,302.30120481927713,12.637705196175167,8.574004251488477,0.7346500027466971
2190,78,409.4230769230769,522.6666666666666,11.990447769814539,8.418404270298453,0.7120856868922008
2191,6,410.0,12.5,3.265986323710904,2.0,0.7905694150420949
2192,59,409.96610169491527,368.864406779661,9.605768139691842,7.804369930133868,0.5830071371613451
2193,73,410.8493150684931,43.93150684931507,11.308852791208938,8.302515664242074,0.6789757115440818
2194,34,410.2352941176471,76.05882352941177,7.750622470265699,5.834852044588273,0.6582222447567727
2195,153,410.2483660130719,228.11764705882354,15.2195779593228,12.900542488047542,0.5305907500021965
2196,51,413.3529411764706,279.7843137254902,12.139223110456689,5.727461424566922,0.8816978405744047
2197,17,410.5882352941176,391.11764705882354,5.181899763382574,4.0412010400023215,0.6259432312521288
2198,37,411.35135135135135,126.4054054054054,8.257372650407682,5.720532264445265,0.7211501993506103
2199,24,411.5833333333333,293.6666666666667,6.884852314420658,4.476969181607237,0.7597086205566814
2200,44,411.22727272727275,354.6818181818182,8.56181612560965,6.70643693527254,0.621648827331981
2201,12,412.0,103.5,4.47213595499958,3.265986323710904,0.6831300510639732
2202,66,412.9848484848485,412.3030303030303,11.170702207526324,7.534773008764975,0.7382638573348205
2203,43,412.30232558139534,444.8139534883721,8.050427693229494,6.939101754236708,0.5069857722951973
2204,47,412.1489361702128,487.8085106382979,8.047740835722239,7.53959258815267,0.3497092715732933
2205,144,412.15277777777777,575.1597222222222,15.253950131544073,12.788094837852018,0.5451378184812805
2206,211,412.8056872037915,136.8957345971564,16.91554911732551,16.06461702804836,0.31317549303545367
2207,57,412.82456140350877,199.59649122807016,9.577670889750097,7.699085335474485,0.5948215334848475
2208,33,412.969696969697,215.0909090909091,7.2729062004723,5.8506955901475015,0.5940192139738774
2209,54,412.85185185185185,331.18518518518516,10.473540067323531,6.727328406152898,0.7664394397366129
2210,81,413.8395061728395,50.641975308641975,13.784093634355031,7.719138956161129,0.8284903258461135
2211,75,413.92,183.4,10.748979900338961,8.907507943795263,0.5597167000767579
2212,51,414.5686274509804,117.70588235294117,8.741733853126137,7.462658910512869,0.5207949880444519
2213,88,414.60227272727275,497.22727272727275,11.219149382201607,10.429441457878577,0.368542971765241
2214,61,415.2295081967213,89.0,10.760360433153235,7.339186768949444,0.731298354732779
2215,25,415.68,288.68,8.394265433320973,3.818312170966729,0.8905570794607877
2216,87,415.51724137931035,480.5402298850575,13.3469988286749,8.982068004585486,0.7396739895626645
2217,62,415.0483870967742,583.2258064516129,10.302687999579279,7.71057423613592,0.6632429871969455
2218,103,415.252427184466,58.33009708737864,13.017494956444358,10.393021583679634,0.60214233935851
2219,107,415.2429906542056,169.80373831775702,12.562758927822035,10.95868212607139,0.4889444443456362
2220,99,415.42424242424244,207.25252525252526,13.139742218609268,9.736565081125482,0.6715036741829105
2221,80,415.7375,272.5875,12.905357855176847,8.001670989851133,0.7845804320867102
2222,21,415.1904761904762,597.5714285714286,6.383367483253954,4.177036139609587,0.7561810315349261
2223,185,416.4918918918919,5.864864864864865,17.063820848155864,13.978084138302142,0.5735579890417135
2224,20,415.95,394.9,5.215361924162119,4.795831523312719,0.3929526239966882
2225,94,417.0425531914894,465.5744680851064,12.97662483444688,9.880140037651243,0.6483060991636638
2226,187,416.93048128342247,310.6096256684492,17.90516944100649,13.530377893453391,0.6549539416668868
2227,28,416.67857142857144,353.25,6.277153108760828,5.677147339148313,0.42665523115215187
2228,77,416.987012987013,418.5584415584416,13.102925355591658,8.099793282812355,0.7860469591524001
2229,38,416.2894736842105,439.7894736842105,7.187806375706327,6.78786061242577,0.3289201294680632
2230,66,415.969696969697,591.6818181818181,10.43390653011574,8.285564711185998,0.6077871837128223
2231,54,417.48148148148147,427.8703703703704,8.608295713191344,8.027310340741147,0.361147601796244
2232,195,417.67692307692306,155.72820512820513,17.29764413455842,14.369875961158513,0.5566579450422796
2233,52,417.9807692307692,263.78846153846155,9.315744566274212,7.308767789982462,0.6200519236969951
2234,37,417.3243243243243,372.5945945945946,8.224185219782452,5.830616301504687,0.7052489434002694
2235,31,418.38709677419354,445.61290322580646,6.842360559258247,5.747369664856798,0.5426346349837301
2236,61,417.1967213114754,516.311475409836,11.761578246909574,6.624746069068303,0.8262843832898823
2237,9,418.3333333333333,328.8888888888889,3.885753375057407,2.7954428906961324,0.6945875203623408
2238,85,419.0,401.8705882352941,11.913094488856384,9.138070850520354,0.6415741070720488
2239,44,418.72727272727275,490.65909090909093,7.9283697503648005,7.2801412921544175,0.3960258178331618
2240,139,419.47482014388487,455.2086330935252,14.788852962283629,12.43604365624824,0.5411803177003719
2241,82,420.5,42.792682926829265,12.842448466190815,8.641557407019478,0.7397423951737074
2242,11,421.1818181818182,166.0909090909091,5.055959348388901,2.6889893077494644,0.8468413944019119
2243,36,420.6111111111111,434.1388888888889,7.345005687084099,6.163534948521058,0.5439056439097799
2244,48,420.25,471.4791666666667,9.855728465415105,6.260271983300351,0.772354931629221
2245,73,421.16438356164383,521.7945205479452,11.864477531809216,7.9408928703025685,0.7429924152203068
2246,55,421.56363636363636,65.45454545454545,8.81075246273403,7.895917747385929,0.4437141393734038
2247,52,421.5192307692308,377.36538461538464,8.386828873625674,7.853211811994207,0.3510028383126095
2248,152,421.9407894736842,126.36184210526316,16.451682362491812,11.948645332547581,0.687391438814451
2249,57,421.719298245614,345.9298245614035,10.209572430098207,7.0663932561698015,0.721768926617415
2250,105,422.1714285714286,110.45714285714286,13.038786807597273,10.278269684225727,0.6153113140380355
2251,61,422.1967213114754,210.60655737704917,11.878293568073804,6.683012717028262,0.826712927963291
2252,36,422.6388888888889,440.3333333333333,7.064632653024413,6.5323205977203465,0.3808152825133532
2253,52,421.40384615384613,500.3269230769231,10.797363009517582,6.398717001058598,0.805483284182547
2254,217,420.98617511520735,78.00460829493088,18.700310141256125,15.208840445098993,0.5818536790295727
2255,47,422.8085106382979,172.38297872340425,9.63425406081462,6.330677836860162,0.7538025570395196
2256,55,422.6181818181818,411.1818181818182,8.726186850614376,8.097777079339561,0.3726156751777327
2257,28,422.92857142857144,423.14285714285717,6.8611791646256295,5.177042736091263,0.6562526151165308
2258,67,423.32835820895525,591.7462686567164,13.318392990264787,6.568775450506255,0.8699098187516077
2259,221,424.12669683257917,321.18099547511315,21.131898967906636,13.675335608178127,0.7623696359003299
2260,53,423.77358490566036,352.6792452830189,8.847453250260045,7.643691789354814,0.5035902888591208
2261,20,423.75,364.4,6.852586633312025,3.7791608106765433,0.834178820106504
2262,75,424.5733333333333,190.08,11.325765968719463,8.423295917316747,0.6684817045449266
2263,58,424.32758620689657,274.08620689655174,9.327816909052242,7.894829692457674,0.5325876484340434
2264,3,424.3333333333333,283.6666666666667,2.3094010767585034,1.3333333333333333,0.816496580927726
2265,61,424.57377049180326,291.1803278688525,9.353560681942986,8.264198786345162,0.46836502860028667
2266,50,424.24,391.16,9.300667539349922,6.870690163475765,0.6740005275612435
2267,31,424.16129032258067,428.1290322580645,6.68617528681465,6.1407826829376635,0.39558398390562866
2268,23,424.82608695652175,39.30434782608695,6.010484636808699,5.021199928483423,0.5496320817171837
2269,93,425.5268817204301,484.59139784946234,13.829338413686882,8.680833376542447,0.7784461434980527
2270,119,425.56302521008405,30.48739495798319,12.341647702073294,12.26133451327763,0.11389749330063895
2271,10,424.7,331.7,4.0,3.149603149604724,0.6164414002968978
2272,21,426.2857142857143,7.428571428571429,6.49353563909391,4.102096071855072,0.775196679940849
2273,36,426.30555555555554,119.91666666666667,7.783997382448001,5.890104868958327,0.6537691059068427
2274,99,425.57575757575756,476.16161616161617,14.457605469311156,8.99175948154193,0.7830651005125875
2275,62,425.9516129032258,492.35483870967744,10.55046256752318,7.564149366337642,0.6971250576340385
2276,46,425.7391304347826,505.7826086956522,9.100356395191469,6.476667243611289,0.70248980918798
2277,51,425.98039215686276,265.6470588235294,9.437719021805963,7.011813083512277,0.669339893044938
2278,44,425.95454545454544,418.22727272727275,8.118113578143866,6.886112544966353,0.5296112639086284
2279,91,427.38461538461536,165.28571428571428,13.626880716640452,8.674705769968925,0.7712042504442173
2280,28,426.60714285714283,406.17857142857144,6.372167003623255,5.540903367404508,0.49384890540538456
2281,111,425.7837837837838,579.6846846846847,12.465213579552278,12.034875893463457,0.2604886477530461
2282,160,427.3,17.94375,14.527218796247574,14.162248728431203,0.2227447057930277
2283,105,427.7238095238095,199.11428571428573,14.169005021147848,9.578761683823974,0.7368683229792302
2284,87,427.7816091954023,213.19540229885058,16.343208341584226,7.405123922008008,0.8914591917163689
2285,103,428.13592233009706,87.12621359223301,11.990612936927997,11.147073591651106,0.3684438015262509
2286,58,428.1551724137931,174.98275862068965,10.664524283140784,7.091664334071547,0.7468637549940269
2287,29,428.51724137931035,497.58620689655174,7.4684736279858495,4.88081727708964,0.7569068904985223
2288,3,428.6666666666667,249.33333333333334,2.3094010767585034,1.3333333333333333,0.816496580927726
2289,51,429.0980392156863,364.8627450980392,8.381834932733815,8.011965701993647,0.2937817563264302
2290,59,430.1694915254237,593.6271186440678,9.000949665185157,8.354049582319655,0.37225674015129473
2291,118,429.95762711864404,154.58474576271186,12.990809314883105,11.625963747946384,0.4461913120198024
2292,23,430.39130434782606,9.043478260869565,5.59009971803031,5.242902365874442,0.34693096212529995
2293,86,429.98837209302326,181.38372093023256,13.88211545914706,8.424686975698863,0.7947984928355106
2294,70,429.6714285714286,451.65714285714284,13.063661674744477,7.06832029629937,0.8409792891567875
2295,21,431.0,382.0,5.0896720822428145,5.0896720822428145,0.0
2296,48,430.3958333333333,459.1666666666667,8.74639101691251,7.039123190453714,0.5935417949444529
2297,60,431.4,397.3666666666667,10.742693751494254,7.109858403453746,0.749652195725133
2298,62,431.93548387096774,445.3709677419355,9.654426457154326,8.332274914239083,0.5051145765788722
2299,40,432.975,480.575,8.148153704334945,6.411520194971914,0.6171215318379116
2300,50,431.94,69.54,9.650374140865717,6.745893487249135,0.7150931076789785
2301,122,429.40983606557376,240.4016393442623,24.848940187249916,10.843872196169787,0.8997567732400623
2302,28,432.25,262.42857142857144,8.189069707284839,4.326042941686018,0.8490762090450396
2303,79,433.30379746835445,292.1645569620253,11.068063793067147,9.318182219362154,0.5396364862516628
2304,127,432.9685039370079,465.6456692913386,16.962256126462478,9.869488201023735,0.8132961413883857
2305,73,433.1917808219178,583.3424657534247,11.84234101077998,7.971231517907212,0.7395398133704718
2306,34,432.97058823529414,35.88235294117647,7.340563303357084,6.058412802337339,0.5646455648956071
2307,87,433.7011494252874,50.58620689655172,11.291982419573326,9.816747306112255,0.49418718207597867
2308,172,433.73837209302326,99.30813953488372,15.507529596095724,14.385709968557125,0.3734267197313479
2309,83,433.421686746988,189.72289156626505,10.713944023905999,9.890013220500398,0.3845663823248614
2310,21,433.85714285714283,354.14285714285717,6.110100926607786,4.288887713980078,0.712241974147557
2311,134,433.92537313432837,502.97014925373134,14.407756536097276,12.509687937595963,0.4961083125898835
2312,17,434.94117647058823,217.64705882352942,6.585670706008096,3.1796084995103278,0.8757267355038014
2313,78,434.64102564102564,489.4230769230769,12.762182142085685,7.831296529220034,0.7895913509022238
2314,87,434.2068965517241,519.448275862069,15.468981169863442,7.6071002310153615,0.8707280828186014
2315,57,436.35087719298247,65.45614035087719,11.582929722705098,6.339242908883875,0.8369418396579098
2316,101,434.9306930693069,137.87128712871288,13.578897378463235,9.484971693687962,0.7156020124513627
2317,19,434.57894736842104,59.10526315789474,5.544698233777089,4.2956952169149805,0.6322808964466017
2318,39,435.53846153846155,119.23076923076923,8.20062209110779,6.03215369388786,0.6774457986241478
2319,304,430.7236842105263,304.11842105263156,26.153747141424404,15.519385186166932,0.8049147223698327
2320,92,435.69565217391306,324.1630434782609,14.155828233436505,8.359370052113022,0.8070193671999282
2321,72,436.27777777777777,24.208333333333332,10.940665407449977,8.76454633971393,0.5985330601240755
2322,82,436.1829268292683,161.34146341463415,13.167541728965462,8.074063583949204,0.789943787032512
2323,54,435.81481481481484,313.8333333333333,9.80233487930413,7.1255134184416455,0.6867221356943128
2324,32,436.125,365.84375,6.949651580781463,5.878921491714422,0.533293325007999
2325,17,436.7647058823529,385.7647058823529,4.752708206288037,4.56252221874478,0.2800560168056019
2326,42,437.0238095238095,455.8095238095238,7.7355903435146836,7.101282682267162,0.3965771668607601
2327,38,437.10526315789474,29.94736842105263,9.844436982533088,4.912088328142346,0.8666186965624068
2328,54,438.1296296296296,180.88888888888889,9.66925283830916,7.218949459906211,0.6652865203261944
2329,101,437.0693069306931,252.13861386138615,14.791203899089101,9.141590913595438,0.7861447780890942
2330,40,437.25,596.875,8.446911217484004,6.2449732492575905,0.6733538735790764
2331,20,438.05,379.9,5.215361924162119,4.795831523312719,0.3929526239966882
2332,46,437.2391304347826,404.7391304347826,9.48695359762491,6.199089717601362,0.7569842493016667
2333,61,439.6885245901639,35.59016393442623,9.743229516150475,8.03130682005828,0.5661588260032326
2334,226,438.6725663716814,78.03097345132744,18.06197420184114,16.229515261404952,0.4388792854052348
2335,36,438.8333333333333,448.22222222222223,7.3954133683576915,6.188337049006299,0.5475386207847929
2336,112,439.1607142857143,14.035714285714286,12.350678628055183,11.705855968578854,0.3188936395119466
2337,42,439.5,359.4047619047619,9.662220372740878,5.64178217280419,0.8118247201524299
2338,110,439.6,476.7,13.304789624365139,11.856752213459876,0.45368090886854207
2339,31,439.2258064516129,585.1935483870968,6.847842091742665,5.810024294939336,0.5292819374697397
2340,56,440.05357142857144,59.0,10.152354618148365,7.133286573523782,0.7115614615929916
2341,88,439.79545454545456,90.26136363636364,11.880825220099885,9.467262008663232,0.6041742562286273
2342,93,440.68817204301075,242.89247311827958,13.39533171505637,9.329488878079234,0.7175828530535129
2343,7,439.2857142857143,272.0,3.0237157840738176,2.799416848895061,0.377964473009227
2344,36,439.6111111111111,353.25,7.717166101518955,5.9369871565777546,0.6388609878839121
2345,36,439.19444444444446,527.6666666666666,9.013862567925186,5.113251737881896,0.8235350895098411
2346,29,441.3103448275862,486.2413793103448,6.696093407488119,5.668982519351264,0.5322130961700483
2347,32,441.59375,224.21875,7.788438327963458,5.285260486627861,0.7345049134800511
2348,118,442.0,495.43220338983053,13.946908842539749,10.863717648383748,0.6271062533694138
2349,98,441.9795918367347,519.5408163265306,12.53292354109773,10.191766279674193,0.5819851261596314
2350,95,441.70526315789476,43.95789473684211,12.209019627626773,9.989756823580544,0.5748944209385368
2351,34,442.05882352941177,327.20588235294116,6.7874885092437465,6.418444961440681,0.3252477145236829
2352,56,442.39285714285717,105.30357142857143,8.738944652729868,8.382028237660153,0.2828710432104169
2353,32,442.5,191.5,6.324555320336759,6.324555320336759,0.0
2354,81,442.7901234567901,429.4691358024691,12.193871826492668,8.466161907198067,0.7196891280799342
2355,63,443.22222222222223,299.87301587301585,9.627973615677552,8.355211347326147,0.4969035049534585
2356,68,443.1764705882353,385.36764705882354,10.528712680230946,8.211363231142139,0.6259017460184563
2357,40,442.775,453.0,7.37859135195564,6.953156812617234,0.33465128612339173
2358,29,443.7931034482759,1.6896551724137931,7.250514751990212,5.235552584102162,0.691795040244138
2359,87,443.71264367816093,340.98850574712645,12.855016720568184,8.64364558846274,0.7401927569877911
2360,23,443.39130434782606,348.04347826086956,6.022986689186563,4.8838689340851404,0.5852240823811456
2361,25,443.48,313.88,6.563801671542553,4.903030452348342,0.664846186542509
2362,100,444.19,508.79,14.30344041643705,8.991573402549474,0.7777044282714923
2363,251,440.58565737051794,230.41434262948206,25.954284882368764,13.379716003891081,0.8568830386699862
2364,181,442.4088397790055,282.37016574585635,21.914503251593747,12.030047342828315,0.835852768330684
2365,35,445.2857142857143,377.34285714285716,8.08615859506548,5.736969120158547,0.7047254060576746
2366,28,444.32142857142856,414.0,6.676183683170241,5.350948800093726,0.5979972680545728
2367,35,445.0285714285714,481.37142857142857,7.843176187239049,5.838899773179229,0.6676714954272834
2368,189,444.16931216931215,576.8677248677249,16.46358410251873,14.86019993042892,0.43045872996181533
2369,67,445.2089552238806,20.19402985074627,11.315700868630827,7.592037314282081,0.741521160270534
2370,96,444.8541666666667,124.96875,12.650619606735097,9.769301618910388,0.6353321597384707
2371,62,445.2903225806452,363.6290322580645,11.249731369185648,7.163269553607713,0.7710700915527575
2372,18,445.77777777777777,55.5,5.258737584977436,4.268749491621899,0.5840132092439594
2373,163,445.52147239263803,165.80368098159508,15.487093326198435,13.449912189465216,0.4957602488944544
2374,34,445.29411764705884,525.9705882352941,7.388478889029798,5.981401316855559,0.5870400638059194
2375,40,445.55,97.95,7.266360849833981,7.037044834303672,0.2492412729088265
2376,46,446.2608695652174,352.9347826086956,8.464329131777216,6.920540781752282,0.5757689644291205
2377,17,446.7647058823529,502.11764705882354,5.915389563555861,3.5835842875501736,0.7956116533051488
2378,72,447.09722222222223,178.31944444444446,11.243511076199516,8.179891146782213,0.6860853450706352
2379,155,447.52258064516127,64.63870967741936,16.848944491949986,11.962453391813442,0.7042194593871016
2380,111,447.3333333333333,199.45045045045046,12.663280404968619,11.413005805396905,0.4332626275336616
2381,86,447.25581395348837,446.51162790697674,10.82641420182342,10.296533858812772,0.30901640192777774
2382,38,447.5,531.2631578947369,7.093362353192187,7.029813834553264,0.13355703175466407
2383,160,447.55,541.15625,15.092207082448752,13.678255019573358,0.422608284181255
2384,32,448.59375,103.34375,6.69337206774453,6.055371199417697,0.4260880513623555
2385,88,448.39772727272725,248.4090909090909,11.3318601739198,9.964404559323693,0.4762194518154947
2386,57,448.36842105263156,289.64912280701753,10.002892079890067,7.298921305464279,0.6837876065908064
2387,30,448.3,323.9,6.7274568788161515,5.7568501755447175,0.51743159207922
2388,40,448.0,489.575,9.394986860863634,5.407792699817519,0.8177285316795896
2389,71,448.8169014084507,211.88732394366198,13.436119413225082,6.889379774215208,0.8585375408095725
2390,47,449.25531914893617,346.25531914893617,8.794348555418827,6.871078487989459,0.6241479968199803
2391,114,449.57894736842104,587.280701754386,15.771133681910145,9.422744652140375,0.8018928979625344
2392,110,449.58181818181816,28.045454545454547,12.972450076854287,10.951666999955004,0.535988904666666
2393,4,450.25,377.0,2.8284271247461903,1.7320508075688772,0.7905694150420949
2394,112,449.61607142857144,152.63392857142858,12.978492010946134,11.06728356598721,0.522335073344996
2395,99,450.050505050505,258.4949494949495,11.48314250034146,11.123514807360614,0.24830415376431167
2396,22,449.6818181818182,267.6363636363636,6.146523250593033,4.50587356214291,0.6801458764847326
2397,9,450.1111111111111,121.66666666666667,3.885753375057407,2.7954428906961324,0.6945875203623408
2398,66,451.0,477.5,11.965266797727354,7.201575764338415,0.798591519433653
2399,31,450.741935483871,54.193548387096776,7.734973892871804,5.12320036679611,0.7492013635098808
2400,66,451.0,359.8333333333333,12.241869848816146,7.049267916613873,0.817567612206802
2401,98,451.3979591836735,392.96938775510205,12.614952331548462,9.976899795334939,0.6119726660499439
2402,42,450.7142857142857,454.57142857142856,7.73053539287812,7.036883834772647,0.4140124605305825
2403,37,451.05405405405406,483.86486486486484,7.208516915262622,6.5116090989057875,0.4289639502179333
2404,124,451.11290322580646,83.0241935483871,14.464166069387105,11.438209867563318,0.6120793397621235
2405,40,451.2,192.075,7.274161531872653,6.953889128266577,0.29346041009804796
2406,121,452.39669421487605,217.7603305785124,18.856410839706815,8.742817798954508,0.8860172499223731
2407,34,451.0,386.02941176470586,7.57705514734335,5.779093689795358,0.6467409581307022
2408,21,451.2857142857143,502.76190476190476,6.072266338099235,4.425053249218132,0.684799271857885
2409,36,452.52777777777777,432.30555555555554,8.272704087414898,5.602635770411635,0.7357588783915187
2410,108,452.10185185185185,522.1944444444445,14.687494310847788,9.449040669791641,0.7655812750122947
2411,151,452.7086092715232,552.3576158940398,15.43663951667938,12.552437039427623,0.5820420951272536
2412,35,453.0571428571429,241.28571428571428,7.5618250363318005,5.892162389998229,0.6267772864066774
2413,102,452.34313725490193,464.2450980392157,16.188471804232375,9.024481271939097,0.830201485637145
2414,90,452.77777777777777,471.15555555555557,15.529654509500597,7.575346869831363,0.8729560862248089
2415,94,453.13829787234044,571.3191489361702,14.737049379274179,8.30986587374023,0.8258595850476166
2416,102,453.6078431372549,3.6372549019607843,13.913868186312522,9.453451627857055,0.733743515584546
2417,71,453.7042253521127,144.90140845070422,11.322948311259044,8.030511546128924,0.7049827727511427
2418,50,453.52,278.4,10.416272689779017,6.582922090695271,0.774981089107617
2419,120,454.15833333333336,313.55833333333334,16.264086596717885,9.491606728345454,0.8120463264188463
2420,30,453.9,448.2,7.690430954447103,5.091555597413081,0.7494475191407456
2421,32,453.75,489.71875,7.403197548859885,5.5160711609400925,0.6669605106646707
2422,29,453.0344827586207,532.0344827586207,7.2399937337435984,5.195451535417823,0.6964509244660056
2423,48,453.7083333333333,417.25,10.438751306176398,5.831354335831664,0.8294199010274742
2424,23,454.17391304347825,579.7826086956521,5.892627237738945,5.094105623262167,0.5026534314067201
2425,103,454.66990291262135,15.922330097087379,12.974560608170375,10.12904382651249,0.624924838479451
2426,124,454.60483870967744,182.93548387096774,13.967710737434276,11.8109826287887,0.5338299270366268
2427,52,454.59615384615387,400.3076923076923,9.643222829890869,7.046504372188574,0.6826763364822873
2428,59,455.1525423728813,329.96610169491527,10.134373676589695,7.4530427108708945,0.6776092425328857
2429,54,455.14814814814815,561.3703703703703,9.459988367448792,7.3710947014222885,0.6267922180795612
2430,105,455.37142857142857,71.06666666666666,12.876569262348355,10.62572266589596,0.5648431789852241
2431,61,455.08196721311475,344.655737704918,11.549321180048551,6.943772406097187,0.7990777125241793
2432,103,455.9611650485437,286.93203883495147,12.673036718129817,10.637677755802082,0.5435225989529712
2433,77,456.1038961038961,427.4025974025974,12.112461392994831,8.225878131989276,0.7340224258735358
2434,36,456.55555555555554,459.77777777777777,9.262661147963035,4.991909238030293,0.8423517094532816
2435,93,455.40860215053766,497.44086021505376,12.764957048476852,9.277421803982648,0.6868615033030202
2436,22,456.5,121.27272727272727,5.752469825293227,4.851514205136848,0.537318610054862
2437,67,456.2686567164179,273.02985074626866,11.327490575715276,7.815755975138814,0.7238272519651198
2438,91,456.94505494505495,593.3626373626373,12.243500820493226,9.480419639401608,0.6327910234699236
2439,24,457.4583333333333,78.75,6.191009511283597,4.964234427725816,0.5975311327671137
2440,72,457.31944444444446,249.65277777777777,12.170879696395778,7.708376621047418,0.773868842185398
2441,55,458.09090909090907,367.3090909090909,10.4961855020493,6.684186889172083,0.7710120329536575
2442,41,457.6829268292683,405.7560975609756,7.983423917718397,6.5850663177836894,0.5653627702743784
2443,94,458.0425531914894,89.98936170212765,11.73059065607175,10.292566627668132,0.47973674207483125
2444,27,457.9259259259259,114.18518518518519,6.231128835643819,5.572707027283471,0.44740100327627513
2445,95,457.90526315789475,223.29473684210527,13.959700284524958,8.961531087619894,0.7667404144969849
2446,84,457.1547619047619,265.1904761904762,11.526897685715443,9.445344354220511,0.5731968083565919
2447,74,459.27027027027026,454.4594594594595,11.520716504022559,8.33243120071117,0.6905796646293684
2448,40,458.2,506.05,7.651848711850571,6.630928388314168,0.49904059956443414
2449,144,458.27777777777777,234.27083333333334,13.731766067395792,13.590330692247278,0.14315602789408005
2450,70,458.6,484.62857142857143,9.57645103331556,9.440563471940317,0.16786355988823431
2451,51,458.27450980392155,533.0784313725491,9.159220567800219,7.439998951333588,0.5832453004525899
2452,106,459.0943396226415,28.839622641509433,12.586333641485595,11.178318298511185,0.4595895895711578
2453,67,459.17910447761193,320.05970149253733,11.144527442217772,7.842058523900703,0.7105279255514019
2454,149,459.28859060402687,354.99328859060404,14.529776874871667,13.429731189341906,0.38169034884761754
2455,200,459.6,171.1,17.68874598768825,14.856253410030503,0.5427870514283532
2456,64,460.171875,436.609375,10.921254598131451,7.50414122353735,0.7265501147859724
2457,57,459.49122807017545,446.0701754385965,9.422182196745025,8.064564146343276,0.5171205647172528
2458,101,460.34653465346537,46.07920792079208,11.938089012088717,10.78754648918181,0.42832610388053405
2459,25,460.56,201.36,6.221217064120305,5.150267783435958,0.5609416474825363
2460,65,460.5692307692308,525.7692307692307,10.071162009595756,8.411339411040183,0.549960665016474
2461,98,461.09183673469386,569.4897959183673,14.97264484163686,8.643130501359515,0.8165593863720824
2462,160,461.325,156.5875,16.656541059058675,12.302322542832817,0.674156999718016
2463,106,461.52830188679246,515.7641509433962,13.840390789821885,10.149505825875003,0.6798781596150105
2464,30,462.3333333333333,75.53333333333333,6.511581280821928,5.961299103469581,0.4023366877276978
2465,86,463.0348837209302,327.5813953488372,13.211571841495717,8.708646516836119,0.751995635023913
2466,91,461.34065934065933,580.2857142857143,11.86947159216989,9.79554700318655,0.5647349007539906
2467,70,462.27142857142854,36.92857142857143,11.151590671917681,8.147491474235077,0.6827923428342881
2468,192,462.734375,133.88020833333334,17.21240697626041,14.290131996327776,0.5574317641178659
2469,113,461.98230088495575,210.3362831858407,13.542352849160151,10.95740030098332,0.5876422550348098
2470,120,462.85833333333335,296.2416666666667,13.204057979023066,11.656069834970468,0.46981628993755825
2471,61,463.2950819672131,67.42622950819673,9.91837474463726,7.843637189461625,0.6120503487463608
2472,20,462.65,283.95,6.000000000000001,4.427188724235732,0.6749485577105528
2473,77,463.2597402597403,540.5974025974026,10.71637261857035,9.192363688149685,0.5140055366948791
2474,86,463.5581395348837,144.84883720930233,11.332814709048801,9.910468803003194,0.4850378699401229
2475,81,463.4567901234568,399.0,11.261945627014033,9.194896117232256,0.5774060179616393
2476,61,463.5409836065574,471.9836065573771,10.889641376997846,7.315441463498997,0.740750873264614
2477,61,462.39344262295083,340.8688524590164,11.808424796783754,6.830930715073057,0.815696979189954
2478,44,463.8636363636364,346.75,8.439663013303146,6.756950920536868,0.599174355037298
2479,72,464.8333333333333,391.3333333333333,11.772360375195495,8.087739560379465,0.7266471375504987
2480,100,463.47,494.02,13.632589225176835,9.693900712179408,0.7031082048852746
2481,74,464.2432432432432,277.06756756756755,11.02437291513375,8.67648069442763,0.6169183735763056
2482,40,464.9,533.125,8.127380166529608,6.5981581997328,0.5838755372874086
2483,130,465.5230769230769,194.42307692307693,14.73472186646791,11.47640419184673,0.627187810508308
2484,110,465.46363636363634,82.94545454545455,12.54321726979473,11.399315538118914,0.4172251305922506
2485,84,465.3809523809524,383.3095238095238,12.098257750547342,8.937142843946972,0.6740198737732068
2486,79,465.5822784810127,430.60759493670884,10.955805714088685,9.303916078889506,0.5280352683089973
2487,179,465.70949720670393,560.0782122905028,17.97420942034093,13.375299830746187,0.6680254555291072
2488,77,466.1168831168831,15.194805194805195,10.418663542896898,9.426528766343994,0.42589346778160436
2489,49,465.7959183673469,361.2244897959184,8.619415235315508,7.339319747926945,0.5243757647709174
2490,38,466.2105263157895,411.44736842105266,8.062995743499023,6.063081133047143,0.6592043715742474
2491,85,466.3058823529412,267.84705882352944,10.642212434013981,10.316248126570637,0.24560250390551835
2492,62,466.66129032258067,449.2096774193548,9.559084620264363,8.440744617210543,0.4693586394616981
2493,55,466.7818181818182,480.58181818181816,11.244033680646295,6.200677447131704,0.8341988291067639
2494,83,467.0120481927711,2.9759036144578315,13.226549986188019,8.207314771531186,0.7841920580659287
2495,202,467.3267326732673,243.27722772277227,17.043606971996674,15.383013882976174,0.43054737839519996
2496,57,466.89473684210526,458.29824561403507,9.388066325665745,7.917371460103512,0.5373737329462036
2497,127,467.4488188976378,225.38582677165354,15.415158103737314,10.644412736174106,0.7233171541141132
2498,44,467.79545454545456,371.8636363636364,8.208556452200819,6.850210660629296,0.5509765177960545
2499,53,467.2641509433962,406.1698113207547,10.90926123120888,6.396848260092603,0.8100443582025393
2500,14,467.2142857142857,598.2142857142857,5.9143273407509565,3.043949747553235,0.8573860311337047
2501,103,468.18446601941747,317.4854368932039,12.834211177235602,10.374410373569544,0.5887154886758847
2502,36,468.02777777777777,438.69444444444446,7.912578529148347,5.878060466448186,0.6694296387218917
2503,97,467.96907216494844,549.7835051546392,12.474729842604317,10.04666502866114,0.5927842159593525
2504,30,468.23333333333335,577.0,6.704780453438665,5.8913615823007355,0.4774098056931206
2505,98,468.7857142857143,93.79591836734694,12.781832768366153,9.77915290118193,0.643932610824651
2506,72,468.5833333333333,522.2777777777778,10.15010545394742,9.21753836958298,0.41870474426420623
2507,47,468.70212765957444,72.53191489361703,8.363637590891049,7.19462011175324,0.5099126390738655
2508,173,469.34104046242777,257.0,16.16799758836508,13.723769629609754,0.5286769962283654
2509,65,469.0923076923077,335.33846153846156,11.399067255933204,7.460647806639278,0.7560651691375563
2510,34,468.8529411764706,354.4117647058824,8.556696971439113,5.083479169660923,0.8043958963637308
2511,7,469.85714285714283,394.7142857142857,3.582070095417669,2.4713456540351713,0.7238845965239822
2512,83,469.421686746988,487.13253012048193,14.206292419548502,7.487800795716061,0.8498179324353043
2513,86,469.06976744186045,509.6046511627907,13.438344977010289,8.20065837269186,0.7922141511390302
2514,14,469.2142857142857,499.7857142857143,4.592903864145437,4.036457505877987,0.47710462350466337
2515,128,470.6171875,583.90625,16.823653989928616,9.992713088278826,0.8044886239822642
2516,42,470.1904761904762,147.95238095238096,8.366098774500161,6.492573912699043,0.6306621260038483
2517,73,470.86301369863014,327.7945205479452,11.161752149165892,8.735130784799107,0.6225312486079464
2518,99,470.6969696969697,175.66666666666666,12.393397754618471,10.222035502701955,0.5654291700950563
2519,27,471.3703703703704,454.6296296296296,7.681849932857517,4.683261703390612,0.7926685326898986
2520,35,470.51428571428573,534.5714285714286,7.257684514582046,6.273388497606219,0.5028412493043625
2521,40,470.8,66.45,8.600062013584232,5.912608000071165,0.7261771816169496
2522,67,470.82089552238807,126.68656716417911,9.64357562101233,8.995351707313876,0.36044158554227007
2523,38,471.1842105263158,595.6578947368421,7.300868612888218,7.038818290502076,0.26551413771584415
2524,60,472.26666666666665,400.56666666666666,10.50892502440488,7.272340701306653,0.7218824865481982
2525,5,472.8,191.6,3.098386676965933,1.7888543819998317,0.816496580927726
2526,79,471.59493670886076,344.0506329113924,10.302432058631409,10.090915007320932,0.20159380764860726
2527,48,470.6666666666667,415.0,10.514563714778246,5.9721162170616635,0.8230387908188325
2528,32,472.5625,441.4375,6.711623842810784,6.068698822038691,0.4270939946629101
2529,41,471.8536585365854,494.0,7.537069466296709,6.887328693422943,0.4061779966441051
2530,174,472.98850574712645,281.8333333333333,17.781246538947745,12.76404885121433,0.6962104983780606
2531,32,472.90625,138.53125,6.773458776502663,6.201935681947939,0.40203761218529277
2532,104,473.0480769230769,201.67307692307693,12.263698996733616,10.784998097307898,0.47603827873341714
2533,111,473.35135135135135,301.7117117117117,13.76148539397443,10.767042575186148,0.6227710867410854
2534,33,472.6969696969697,360.6666666666667,7.323522417242541,5.812544232963795,0.6083335284647815
2535,27,473.5925925925926,229.40740740740742,6.689120469334049,5.417719935047404,0.586526428577345
2536,49,473.59183673469386,384.2448979591837,9.511615821459333,6.659803891397874,0.713970412424814
2537,53,473.54716981132077,420.3018867924528,9.625380575797712,7.318223278479781,0.6495664520059128
2538,89,473.685393258427,572.3820224719101,13.460267757863406,8.505333444352058,0.7750626320488656
2539,57,474.05263157894734,86.36842105263158,9.336161835433261,7.8866319217411185,0.5351764819289185
2540,76,473.82894736842104,103.75,12.519413791458806,7.874430810522067,0.7774234249468173
2541,22,474.09090909090907,114.9090909090909,5.502816709244201,4.972652484064487,0.4282593998234224
2542,49,474.55102040816325,168.14285714285714,10.274117479910903,6.229688913702597,0.7951995348651256
2543,49,475.265306122449,235.0,8.645651348836603,7.197220624961577,0.5540744227892404
2544,93,474.23655913978496,476.39784946236557,12.601441558670233,9.833640784830832,0.6253325243516522
2545,115,476.7826086956522,353.74782608695654,13.940952123551757,10.774272084693257,0.6345881146138225
2546,48,475.6041666666667,369.2291666666667,8.561984849711607,7.118885203767514,0.5555955811432393
2547,85,475.6,376.6,13.171579336808461,8.403155787317353,0.7700559771898107
2548,72,476.69444444444446,394.47222222222223,9.988490633059477,9.336397939153056,0.35539662539860223
2549,85,476.98823529411766,132.10588235294117,12.388013113621065,9.262334129089593,0.6640533364557978
2550,52,476.28846153846155,498.46153846153845,11.432344940641107,5.892002235372083,0.8569617427655098
2551,39,477.64102564102564,542.3846153846154,8.82325863373245,5.673004511902134,0.7658995537284924
2552,169,477.59763313609466,312.4082840236686,16.34748813926452,13.400489485811056,0.5727533800922702
2553,51,477.52941176470586,339.4313725490196,9.358232562491414,6.907013527063224,0.6747261556157176
2554,101,477.990099009901,435.6732673267327,16.686026466017015,8.016415911688616,0.8770347752633876
2555,25,477.36,492.52,6.129546637496569,5.38411162762758,0.47795081519958954
2556,113,476.8407079646018,530.5929203539823,19.650116486131974,7.463274963564288,0.925065266355137
2557,41,478.0,551.0975609756098,8.240421264017021,6.296863041333838,0.6450464738325313
2558,63,478.6507936507937,32.61904761904762,10.748712383319681,7.546785422185122,0.7120678599949257
2559,67,478.2985074626866,66.91044776119404,10.567644860576985,8.145732055063183,0.6370552871545665
2560,48,478.3958333333333,183.0,8.976893583986831,6.775576516971202,0.6559784245478749
2561,36,478.5,455.5,7.571877794400365,6.0,0.6099942813304187
2562,117,478.2307692307692,565.2307692307693,14.197053918678973,10.779262937292103,0.6507867702685666
2563,137,478.97080291970804,593.4087591240876,15.018343525762345,12.26336459182841,0.577261889022902
2564,165,478.91515151515154,291.94545454545454,15.473828597657672,13.821731484182921,0.44959441432359726
2565,40,478.725,537.125,8.751069265529935,6.0298247661020286,0.7247246154249988
2566,105,479.8095238095238,92.80952380952381,12.284856325351353,11.232494219035573,0.40495495325682834
2567,186,479.83870967741933,267.1559139784946,16.990036176611493,14.053513185796124,0.5619634684633322
2568,91,480.64835164835165,427.53846153846155,14.559914416314284,8.08377250296775,0.831711922459764
2569,83,479.7831325301205,248.02409638554218,10.864855399469475,9.755461372916537,0.44021681492739506
2570,64,479.90625,385.234375,10.717896261681174,7.671842573583005,0.6983079855021824
2571,62,480.14516129032256,410.35483870967744,9.924095958712076,7.971681078352906,0.5956215188012786
2572,40,479.825,441.55,9.351440784042175,5.623215740352908,0.7990077033592546
2573,96,480.3645833333333,330.6041666666667,14.67877974456971,8.797712467161817,0.8004878105725857
2574,27,480.25925925925924,347.9259259259259,6.345790035565348,5.501946493454638,0.4982679591658171
2575,16,480.5,232.0,4.898979485566356,4.0,0.5773502691896258
2576,116,481.82758620689657,103.99137931034483,14.512440856932677,10.416259115109597,0.6963041141127252
2577,112,482.20535714285717,52.160714285714285,12.7492486766299,11.336291506494803,0.4575705893264053
2578,98,482.11224489795916,74.76530612244898,12.56832853864888,10.108349291949583,0.5942619338765273
2579,104,482.5480769230769,402.0,13.244789490949394,10.224410452046406,0.6356745234655016
2580,111,481.54954954954957,578.5045045045046,17.795408379300984,8.303101293903365,0.8844754542657671
2581,46,483.10869565217394,337.1304347826087,9.787818513848462,6.573858986354928,0.7408805742181959
2582,46,482.30434782608694,61.45652173913044,11.234937921210282,5.283564751661621,0.8825173521273112
2583,89,484.2584269662921,475.6179775280899,13.026310295117236,9.252473110124967,0.7039079921929872
2584,48,483.875,494.9791666666667,8.881383696330461,6.966401213020802,0.6202775373760724
2585,130,485.26153846153846,20.6,14.297507354245294,11.642921232072666,0.5803989990744766
2586,40,485.075,539.275,7.266360849833979,7.00713921654194,0.26471826075236543
2587,94,485.5744680851064,195.32978723404256,15.520057097527328,7.899704350241558,0.8607666984138002
2588,55,485.72727272727275,416.3090909090909,8.974920388566552,7.885852635415365,0.4774584519582757
2589,32,485.5625,454.6875,6.542351682649067,6.210687116619137,0.31435653445294837
2590,101,485.6831683168317,43.13861386138614,13.979796823219152,9.620433097947267,0.7255524458388104
2591,39,485.84615384615387,281.97435897435895,7.6861358118116465,6.406786961903775,0.5524423620835383
2592,77,486.3246753246753,377.75324675324674,11.458153603729862,8.901949308345717,0.6296121853128849
2593,60,485.9166666666667,391.71666666666664,9.10161537196768,8.487149623511577,0.36120024341312323
2594,35,486.51428571428573,384.51428571428573,7.255175401717937,6.354877709809489,0.4824752745514083
2595,74,486.0405405405405,447.2027027027027,12.82939249500797,7.462971957889256,0.8133970377217754
2596,60,487.06666666666666,86.15,10.414294430256051,7.387694300354702,0.7048260261509044
2597,76,487.13157894736844,154.52631578947367,11.955627720044685,8.368872986954495,0.7141482880932892
2598,64,486.625,229.28125,10.335685659363522,8.286010919062758,0.5977406684392879
2599,40,487.025,487.075,7.905913594891791,6.371540648077604,0.5920232889294219
2600,166,487.4578313253012,548.6144578313254,17.080099058570056,12.663708180094165,0.6710295506362374
2601,49,488.0408163265306,569.3673469387755,8.793763479178537,7.238945730158329,0.5677647455675211
2602,70,487.64285714285717,581.0857142857143,12.051566760198956,7.591438777076471,0.7766656880908206
2603,26,488.15384615384613,144.42307692307693,6.017223646743642,5.485332950080133,0.4110666397770876
2604,28,488.35714285714283,255.53571428571428,6.812800720562888,5.563550420430582,0.5771588466154255
2605,43,487.8837209302326,409.3953488372093,7.925291796436537,6.898469729492439,0.492279267070242
2606,32,488.0,426.28125,6.728877274013787,6.079192843730225,0.42869702564007844
2607,137,489.64233576642334,559.92700729927,15.269867104360966,11.849352792401707,0.6307380700495709
2608,131,488.3587786259542,32.23664122137404,14.860203375986798,11.334155977043517,0.6467303027096537
2609,32,489.03125,105.40625,7.520890094560584,5.547969194718054,0.6751564725880926
2610,34,488.79411764705884,112.94117647058823,8.426806592506715,5.248760261785955,0.7823295853042712
2611,73,488.64383561643837,298.16438356164383,10.065255240880989,9.228225366229843,0.3992555651048365
2612,56,488.7142857142857,340.8392857142857,8.927211836614555,8.036510503266138,0.43542242129745057
2613,39,488.53846153846155,533.8205128205128,7.526053011618665,6.698558734304731,0.4558641471785907
2614,68,489.20588235294116,9.102941176470589,10.583532994200407,8.531596410939096,0.5917522533699217
2615,98,489.46938775510205,121.94897959183673,11.661810867483466,10.737432793790394,0.39018943055100536
2616,28,489.60714285714283,396.64285714285717,6.653072015352494,5.326282551626227,0.5992326828980872
2617,26,489.8076923076923,334.61538461538464,7.121538209883076,4.821637747342229,0.7359369810061495
2618,88,490.0113636363636,58.45454545454545,12.97010514447661,8.671550843351186,0.7436403669603717
2619,21,491.1904761904762,2.142857142857143,5.3166327716454,4.992156306471801,0.34400025467068907
2620,41,490.8780487804878,208.85365853658536,7.673628242491319,6.917506486089747,0.43285221629935977
2621,101,490.8019801980198,239.1980198019802,12.430738529576828,10.368658996173254,0.5515913663094139
2622,134,489.0820895522388,365.2761194029851,16.078590532283872,11.174419649222664,0.7190218053337378
2623,62,490.7903225806452,479.2741935483871,9.645947167954503,8.622046059900459,0.44836277512874817
2624,105,491.6857142857143,78.78095238095239,12.791737473908546,10.581407828244254,0.5618981031539996
2625,11,490.90909090909093,92.63636363636364,4.346129984141888,3.067356324605906,0.7084437526351622
2626,100,491.45,165.0,12.625263606712121,10.202093846903706,0.5890867918595043
2627,93,492.3225806451613,216.29032258064515,12.332194852697265,9.793579285829919,0.6077253168071516
2628,202,492.1930693069307,314.2029702970297,16.535871021457723,15.695193829702493,0.3147928671921429
2629,25,492.12,375.64,6.421175977223025,4.9299593375132345,0.640730575228342
2630,16,491.75,413.5625,4.999309771558982,3.9930441780670143,0.6017040856918728
2631,110,492.25454545454545,461.3181818181818,12.910437362541275,10.833050690972858,0.5439888213489872
2632,74,492.64864864864865,441.4594594594595,11.967114609380877,7.9033146641924015,0.7508969400281597
2633,118,493.1101694915254,594.271186440678,15.419574168287008,9.84893168061928,0.7694316461724704
2634,67,492.97014925373134,328.97014925373134,9.423762876358515,9.010772988525805,0.2927935215050888
2635,46,493.0,401.3695652173913,8.808743838876518,6.714934251350386,0.6472199945657526
2636,37,493.13513513513516,489.2432432432432,7.456576852141254,6.394554784794422,0.514363212945772
2637,53,493.75471698113205,24.88679245283019,8.735493895422477,7.854507138865729,0.43764344897418056
2638,47,493.3829787234043,148.7872340425532,8.665828254769332,6.913016315885156,0.6030109602453573
2639,121,495.0165289256198,250.51239669421489,14.057933324429614,11.05152819987625,0.6180462447664794
2640,38,494.55263157894734,12.105263157894736,7.955147311534872,6.110329767429736,0.6403327544032557
2641,35,494.37142857142857,99.14285714285714,7.419107899318553,6.198625688590063,0.5494984305656514
2642,29,493.86206896551727,370.48275862068965,6.634767618537448,5.603109923256662,0.5355439853741407
2643,43,494.1162790697674,407.93023255813955,7.689707812780943,7.3273774118484845,0.3033439739056731
2644,56,493.32142857142856,585.5714285714286,10.060947565338056,7.204150405641881,0.6980480860517109
2645,62,494.5967741935484,183.82258064516128,11.045170596909278,7.242064258661749,0.7550415082152528
2646,117,494.36752136752136,264.47008547008545,14.57393917616213,10.519296400679059,0.6921140699940871
2647,53,494.9056603773585,345.75471698113205,8.788055196241297,7.8575147461527495,0.4478413468125451
2648,60,494.31666666666666,419.6166666666667,9.18528103902616,8.371084558081524,0.4116133668530334
2649,72,495.25,43.97222222222222,10.986443364184318,8.410122530082571,0.643435879645527
2650,66,494.530303030303,111.3030303030303,12.239523336692393,6.900668749364102,0.8259099293881356
2651,86,494.86046511627904,141.12790697674419,11.277519963304506,9.781928290822162,0.4976412920228197
2652,148,494.81756756756755,277.8783783783784,15.365427721899017,12.398751991136297,0.5906535367246656
2653,57,495.0,354.9122807017544,9.103982062797924,8.022644006082409,0.47269962570792595
2654,36,495.27777777777777,483.94444444444446,7.763405445614265,6.0185848043789,0.6316537756524206
2655,18,495.5,37.0,5.542593461893073,3.9932849113038276,0.6934837441847964
2656,83,495.93975903614455,471.31325301204816,11.614492703652,9.133852620509826,0.6176939771318105
2657,36,495.9166666666667,495.1111111111111,7.19562560311961,6.387739748401604,0.4603733069134077
2658,115,495.46086956521737,575.0,13.437375515752684,11.306185541471432,0.540415416466435
2659,61,496.08196721311475,287.655737704918,9.51231476779503,8.120242289311994,0.5208376368735957
2660,60,495.71666666666664,448.8666666666667,9.306190810352499,8.395986563774889,0.43133114655673915
2661,89,496.3370786516854,89.26966292134831,11.274041198255311,10.144127235392473,0.43634925116467255
2662,15,496.3333333333333,103.46666666666667,4.9408901464808626,3.8891364514742977,0.6167836191996371
2663,20,496.4,120.75,5.928859703180825,4.253072139054142,0.6967121764893405
2664,21,496.95238095238096,397.3809523809524,5.845899600974925,4.539828009317909,0.630014584466343
2665,32,497.53125,5.84375,6.790603197869038,5.998454651749131,0.46872081161933077
2666,74,497.5945945945946,295.8783783783784,10.05822291354383,9.367476171306814,0.3641887237813851
2667,79,497.7848101265823,565.5316455696203,12.868524104478047,7.812589996703309,0.7946189678705775
2668,68,498.0147058823529,73.42647058823529,11.494189675236377,7.609946476197395,0.7494429003498647
2669,85,497.9529411764706,339.3529411764706,13.483605303469865,8.1326715473913,0.7976258179600622
2670,48,498.3958333333333,413.1041666666667,8.601755509530104,7.164443216238994,0.5534163350092618
2671,26,497.46153846153845,425.2307692307692,6.891295909892509,4.829762802626652,0.7133089591817432
2672,41,498.5609756097561,436.8780487804878,8.176167665577003,6.4068683658073065,0.6212620686546182
2673,83,498.90361445783134,158.89156626506025,11.373327792915232,9.39865642199192,0.5631172750224891
2674,45,498.9555555555556,364.6666666666667,8.275517128497286,6.884426078387912,0.5549213363938115
2675,81,499.01234567901236,376.8024691358025,11.490927620488362,9.079810559818657,0.6128850068455443
2676,51,500.1764705882353,490.54901960784315,11.263783293283202,6.126307676333204,0.8391537262396657
2677,80,499.975,29.575,11.132041833304045,9.358292826235388,0.5415590014109702
2678,16,499.0,82.5,4.898979485566356,4.0,0.5773502691896258
2679,36,499.4166666666667,386.72222222222223,7.656931363755015,6.039053528728118,0.6147729391278002
2680,42,499.6190476190476,586.4047619047619,8.776162397978872,6.228769354263336,0.7044664916401315
2681,39,499.84615384615387,13.051282051282051,8.833372276219304,5.7567787880091945,0.7584700191818778
2682,115,500.25217391304346,177.8695652173913,14.153672531436388,10.608505878447358,0.6619780795906669
2683,26,499.4230769230769,1.1923076923076923,8.461543822436267,4.002946154538997,0.8810220756661581
2684,21,500.1904761904762,99.85714285714286,5.316632771645401,4.992156306471802,0.34400025467068873
2685,85,500.49411764705883,168.54117647058823,11.00156731282349,9.868378479975501,0.4420355958373579
2686,45,500.31111111111113,350.0,8.901983027195545,6.498328895218832,0.6834613888285238
2687,104,500.25,556.25,15.88308582325728,8.514506180646906,0.8441711203525929
2688,89,500.5056179775281,224.7191011235955,12.786015421289898,9.121945734289541,0.7007250119915436
2689,103,501.6796116504854,478.7281553398058,11.785653517706418,11.22159013584864,0.30566279505254124
2690,48,502.1041666666667,498.125,8.693966420618814,7.046843508458807,0.5856775581926097
2691,77,501.38961038961037,546.5064935064935,12.81523254119233,7.7520092187321925,0.7962969952024848
2692,26,502.65384615384613,185.8846153846154,6.78927846358518,4.8124978767497595,0.7053714156435726
2693,66,501.3787878787879,216.74242424242425,11.251388377134118,7.8153281549194595,0.7193863986506747
2694,95,502.66315789473686,328.69473684210527,13.890844979080788,8.798992277660332,0.7737932584790982
2695,96,502.7708333333333,147.90625,11.6960665850595,10.522410544170803,0.43660402145285604
2696,19,503.7368421052632,191.3684210526316,6.275364142840501,3.8214113068520565,0.7932051454545163
2697,95,502.88421052631577,262.05263157894734,12.897226587118402,9.543946789549128,0.6726069443199046
2698,64,502.640625,459.609375,9.93405725900908,8.173536191559258,0.5683610683574147
2699,83,504.71084337349396,105.8433734939759,14.909868263112086,7.487450784221895,0.8647626046905668
2700,113,503.5575221238938,234.94690265486724,12.641335814897642,11.406852237373467,0.4310134965452227
2701,43,503.2325581395349,540.1162790697674,7.4833442231472045,7.360279031809814,0.18061002574408277
2702,67,503.53731343283584,596.6567164179105,13.211079159563704,6.716535690791502,0.8611200068747804
2703,33,503.90909090909093,55.303030303030305,6.874549711001055,6.079249859260946,0.4668955992874026
2704,128,503.9453125,136.1796875,15.26330446456086,10.757187536578346,0.709431410302501
2705,19,504.36842105263156,362.2105263157895,5.1270732058481325,4.711757099842152,0.39426806672960923
2706,22,504.77272727272725,375.0,5.78913371180313,4.956669798863316,0.5166406511025422
2707,32,504.6875,388.53125,6.636097323074277,6.114252801339377,0.3887038775690792
2708,6,504.5,416.0,3.265986323710904,2.0,0.7905694150420949
2709,135,505.25925925925924,38.67407407407408,13.89996932471116,12.618072896003238,0.4194530492157944
2710,84,504.95238095238096,93.45238095238095,10.900548897335533,9.863870820778049,0.42563123298419264
2711,80,505.7375,446.325,16.02083588626937,6.506943791460287,0.913804166948765
2712,104,504.1923076923077,576.6826923076923,15.470148910356421,9.174101463457458,0.8051880266469948
2713,65,505.3538461538462,368.84615384615387,9.58953733516587,8.84378923408889,0.38663421348058513
2714,54,505.24074074074076,487.68518518518516,10.101849104926064,6.822809115191997,0.7374497507733975
2715,104,505.86538461538464,6.855769230769231,11.573584352224543,11.464264659229327,0.13712046716859255
2716,50,505.92,16.0,8.716830719239475,7.337197163230863,0.539902413450832
2717,59,507.20338983050846,22.93220338983051,11.030507484593114,6.998736620614753,0.7729318202517094
2718,96,505.5,70.5625,12.60322950727303,9.904347832492679,0.6184070797431205
2719,49,506.2244897959184,112.85714285714286,9.07312870919272,7.008345217671787,0.635101463310586
2720,19,506.05263157894734,161.94736842105263,5.263157894736842,4.588314677411235,0.4898979485566355
2721,66,505.8484848484849,322.09090909090907,11.218767927026233,7.608030597912612,0.7349216158186541
2722,83,508.5542168674699,586.722891566265,14.602653794207354,7.616886884036341,0.8531841817868407
2723,128,506.390625,289.3203125,13.251589185423773,12.305989446129866,0.37097578367007644
2724,77,505.5974025974026,469.1818181818182,10.370812299270721,9.522322263337813,0.39615232526915056
2725,47,506.2340425531915,530.7872340425532,8.609236093680893,6.96675309757393,0.5875078068196093
2726,51,506.4117647058824,553.7058823529412,10.708105418680159,6.223326169157072,0.8137757378430021
2727,31,507.5483870967742,494.16129032258067,6.5135634707132395,6.1662811037742395,0.32216598300591337
2728,125,507.536,249.016,14.373906024710376,11.182396594326043,0.6283075463873767
2729,53,508.0,395.37735849056605,9.579913589568429,7.08863537801307,0.6726643643078266
2730,21,508.14285714285717,47.0,5.617789656021407,4.712658152645074,0.5443145459415236
2731,33,507.6666666666667,267.8181818181818,7.4266565548065095,5.762355046853995,0.630853893844416
2732,22,508.1363636363636,592.0,5.944648263371569,4.972652484064489,0.5479786821661153
2733,85,508.3529411764706,121.74117647058823,10.784386282288445,10.024516075551526,0.3687218374123329
2734,44,509.52272727272725,580.25,9.089224978474723,6.15079428061179,0.7362471570839785
2735,76,508.80263157894734,202.96052631578948,10.61606181858046,9.102832434681208,0.5145531285495462
2736,32,508.875,500.5,6.614378277661476,6.164414002968976,0.3625307868699863
2737,131,508.0,408.381679389313,15.347868212168615,11.497321893386545,0.6624397071290996
2738,58,510.1551724137931,542.0862068965517,10.042498899249866,7.549098074109568,0.659487988490584
2739,26,510.34615384615387,108.96153846153847,6.797453170378767,5.189482158275896,0.6458727541717707
2740,49,510.0408163265306,185.57142857142858,8.626666160938804,7.18295146259953,0.5538069227165209
2741,65,510.33846153846156,309.61538461538464,10.085858887288662,8.16269155033663,0.5873673959565177
2742,21,510.0,418.0,5.0896720822428145,5.0896720822428145,0.0
2743,33,509.27272727272725,442.24242424242425,8.647285019234168,5.039553277969292,0.8126226311815453
2744,79,509.8987341772152,564.2151898734177,10.967483531470878,9.273575105042472,0.5338934401140738
2745,54,510.64814814814815,316.55555555555554,10.275382278193613,6.7396867692458144,0.7548424200224494
2746,62,510.5483870967742,482.48387096774195,9.364626518331548,8.754955376088564,0.35492079374770397
2747,44,510.79545454545456,550.1818181818181,9.004683671908039,6.287726670237549,0.7158316445305912
2748,45,510.7111111111111,192.86666666666667,7.961942974978644,7.159216272989324,0.43757987073383076
2749,33,511.2121212121212,145.72727272727272,7.102587564054804,5.9089735136421835,0.5548557192190094
2750,39,512.3589743589744,26.897435897435898,9.277465605534239,5.463731904422293,0.8081876541769407
2751,31,511.5806451612903,99.54838709677419,6.425754631219991,6.063143290049411,0.3311758133602729
2752,58,512.0344827586207,330.2413793103448,9.510443142433138,7.837589484514283,0.5664392470029668
2753,65,511.73846153846154,375.75384615384615,11.132149245801589,7.543451168799529,0.7354052524460396
2754,70,512.6142857142858,165.92857142857142,10.70290343765697,8.364044820497599,0.6239373322057706
2755,51,512.2745098039215,231.0392156862745,9.033134698284213,7.172634891487976,0.6078706269975058
2756,53,512.2830188679245,389.33962264150944,8.740469379921258,7.762131693850937,0.45971199587868583
2757,91,513.4615384615385,475.5824175824176,13.56204142075725,8.822062753486646,0.7595091079850022
2758,36,512.6388888888889,65.38888888888889,7.787741869225111,5.90295720286129,0.652277103776254
2759,65,513.2461538461539,367.67692307692306,10.401326720623436,8.011757637310966,0.6377263008350255
2760,22,512.5909090909091,597.7727272727273,7.053255341392255,4.070090745413237,0.8167078437425126
2761,10,513.2,70.0,3.9191835884530852,3.0983866769659336,0.6123724356957946
2762,72,513.6666666666666,270.6666666666667,10.794595931757419,8.738740616300216,0.5870540650825006
2763,45,513.6666666666666,440.24444444444447,9.77200584770143,6.014488719084541,0.7881513404868049
2764,45,513.6,557.2888888888889,7.924579528489021,7.288892431426031,0.39242768569103725
2765,49,514.1836734693877,323.0,8.711071293899284,7.2496243803129286,0.5544289030813416
2766,68,514.0294117647059,460.7647058823529,9.9361906856666,8.685118548888397,0.48576516158515864
2767,50,514.7,112.5,8.808234283931297,7.212143148841216,0.5740852080857068
2768,122,514.2540983606557,136.58196721311475,14.027142601470478,11.176689534676175,0.6042560737403735
2769,141,514.4468085106383,257.39716312056737,14.327731096166985,12.620126899114236,0.47345456659858365
2770,35,515.0,396.22857142857146,8.772980524673994,5.315640808358551,0.7955328369705946
2771,76,515.3552631578947,496.5921052631579,11.745688916866058,8.315456999420242,0.7062543175126845
2772,44,514.0681818181819,592.5227272727273,7.8760441182099825,7.215753779178509,0.40080194614282544
2773,76,515.2894736842105,423.2631578947368,11.004424714058741,8.815726920949068,0.5985205175601358
2774,133,515.9548872180451,281.4736842105263,13.818312690833839,12.24143360475222,0.4639052338106672
2775,69,514.0144927536232,453.2608695652174,11.8778884049275,7.4889538044961625,0.7761929988362358
2776,97,516.0824742268042,487.1958762886598,14.672934432823027,8.8552398343614,0.7973566062533255
2777,201,516.2935323383084,525.636815920398,17.916359306107484,14.8106665172574,0.5627075638513881
2778,34,516.3529411764706,404.20588235294116,6.762616892476395,6.440348238251777,0.305021172308331
2779,101,516.7326732673267,34.02970297029703,13.254157852888737,9.731110856979056,0.6789407445107073
2780,53,516.9056603773585,184.8679245283019,9.236394847028013,7.24787271267921,0.6198656235493871
2781,135,515.7259259259259,506.9111111111111,14.4819738925192,12.035582992325049,0.5561627792380296
2782,140,517.2642857142857,6.421428571428572,14.0524253154073,12.78163366246391,0.415555539455903
2783,108,517.6203703703703,293.74074074074076,13.055923371039206,10.5520948539836,0.5888768263792014
2784,83,517.5903614457832,304.28915662650604,10.579271314262796,9.978699612290235,0.33213665015835336
2785,42,517.8809523809524,410.23809523809524,7.840682766364888,6.8909465971225,0.47705999369510693
2786,45,519.0222222222222,587.0,9.194903698493475,6.343961281475724,0.723863509763382
2787,150,517.9,44.02,16.728808394225833,11.878576080881045,0.7041340397477353
2788,42,518.6666666666666,161.78571428571428,7.696251949720016,7.008022340735289,0.41334167733418564
2789,40,518.9,365.225,9.209675964478006,5.60462921425817,0.7935087934749055
2790,119,518.4957983193277,536.9243697478992,16.090328297114766,9.732616276156202,0.796321428324235
2791,55,519.0363636363636,329.8909090909091,11.281461408580808,6.600879009140639,0.8109550162606568
2792,69,520.1449275362319,415.0289855072464,13.336317248464738,7.513973816081038,0.8261692991207716
2793,40,519.025,448.125,8.146406706607014,6.3068262835239315,0.6329593259816745
2794,46,519.3695652173913,467.5217391304348,8.190618748435035,7.158399752253194,0.4859700639141982
2795,121,518.8429752066115,578.8264462809917,13.462519192954916,11.87677093457663,0.4708558907458788
2796,39,520.1025641025641,376.79487179487177,7.4634597887643395,6.723005735108749,0.4342561360049159
2797,11,521.3636363636364,118.0909090909091,4.346129984141888,3.067356324605907,0.7084437526351621
2798,119,519.9579831932773,355.65546218487395,17.49550078850116,8.975039456258658,0.8583938140767501
2799,27,521.074074074074,474.037037037037,6.583171358010936,5.315620303009756,0.5899279880297659
2800,41,520.8536585365854,26.682926829268293,7.77192828061705,6.705444389410853,0.5055839081977817
2801,27,521.6296296296297,62.851851851851855,6.668235205973652,5.2588356642618175,0.6148554865881043
2802,120,521.7166666666667,74.825,12.875406696902944,11.890449582679189,0.3835962728935605
2803,145,522.4344827586207,103.96551724137932,14.401784446180597,12.885873165563783,0.44658457088654663
2804,89,521.9101123595506,201.22471910112358,11.078346487617551,10.2297404876575,0.38384009258181817
2805,200,521.72,549.04,18.492732781806577,13.97493593046839,0.6549193286713577
2806,107,522.2710280373832,594.5420560747664,13.68772050743163,10.236625573664325,0.6638460301398474
2807,118,522.2118644067797,126.11864406779661,13.748661724623508,10.985215587850243,0.6013276536843334
2808,37,522.8108108108108,243.24324324324326,7.190071728000647,6.540910590366827,0.4152348895375963
2809,26,522.3076923076923,427.1923076923077,6.814830551686846,4.8426826941330665,0.703586719111532
2810,31,522.258064516129,444.0967741935484,7.210977149979943,5.560165481007019,0.6367508351876834
2811,47,522.5744680851063,250.17021276595744,8.179222695938977,7.278293886813147,0.45625019697153624
2812,22,522.9090909090909,255.9090909090909,5.502816709244202,4.972652484064489,0.4282593998234223
2813,114,523.421052631579,55.19298245614035,12.582697341838545,11.652774197666911,0.37729019153699217
2814,38,523.5526315789474,421.2105263157895,7.464392221937341,6.661192942436145,0.45125333791296085
2815,44,524.25,331.65909090909093,9.305554133813702,6.381925752643121,0.7277721557704722
2816,35,523.7428571428571,406.1714285714286,7.540272431402278,5.943939275363969,0.6153008442640093
2817,82,524.560975609756,383.5,11.052390866958667,9.501209007397707,0.5108802010829369
2818,21,525.047619047619,469.8095238095238,5.602338368222782,4.7002407233912535,0.5441647649087309
2819,90,524.8666666666667,493.3888888888889,12.898766964250546,9.23675339451555,0.6980019660229535
2820,37,525.081081081081,504.3243243243243,8.241637442611614,5.873964754391637,0.7014505046067132
2821,123,524.3089430894308,559.6910569105692,16.016191823184105,10.063441821664588,0.7779475249590813
2822,79,524.7721518987341,321.7974683544304,11.193776289522695,9.045442284460561,0.5890757549539616
2823,41,524.1219512195122,463.9268292682927,10.054377471846065,5.23128708482022,0.8539838878226392
2824,51,524.8823529411765,485.84313725490193,8.690937531319875,7.499640902699833,0.5053293352154375
2825,28,525.2857142857143,540.5,6.908000477423072,5.1935928753554625,0.6593651065597496
2826,49,525.4081632653061,114.89795918367346,8.648500620955959,7.25651417869266,0.5440561457277012
2827,13,525.3846153846154,238.3846153846154,4.318667337728677,3.6794648440311994,0.523556754446835
2828,21,524.7619047619048,303.04761904761904,6.131442655700271,4.734393441048576,0.6354403031740685
2829,108,526.324074074074,512.0277777777778,14.710772283484705,9.674923914964813,0.7533008007309575
2830,103,526.3495145631068,157.4368932038835,12.240423523328678,10.723278279761997,0.4822120785098716
2831,79,526.2151898734177,309.63291139240505,11.072154973934392,9.161229945428005,0.5615959152251978
2832,29,526.5862068965517,454.0689655172414,6.7284620161259525,5.500630044211442,0.5759048965827145
2833,39,526.7692307692307,475.35897435897436,7.648318118342187,6.510317143056584,0.5248268808106853
2834,78,526.7564102564103,167.0,11.201868031912316,9.020180096848332,0.5929504907415003
2835,27,526.9629629629629,282.1111111111111,6.6514649697820385,5.162329525405782,0.6305862521568928
2836,110,527.0454545454545,290.1545454545454,12.531781301989012,11.23279192471364,0.44335846244658167
2837,55,525.4181818181818,367.2181818181818,10.139201659317601,7.142740263513842,0.709736030614117
2838,33,527.4242424242424,425.54545454545456,7.2058417726796575,6.194772114900839,0.5108203192296427
2839,24,528.0416666666666,120.375,6.111866299206878,5.199421047530977,0.5256365789740891
2840,63,527.5396825396825,264.14285714285717,9.51574998661692,8.445176051385008,0.4608182518027388
2841,127,529.3385826771654,566.6692913385826,18.83141936458454,8.963521777142413,0.8794520006054848
2842,63,527.9206349206349,184.36507936507937,9.844046274442157,8.182706331270209,0.5559226337305619
2843,33,527.8181818181819,234.0909090909091,7.60376405165119,5.587359386954929,0.6782676546770121
2844,27,528.9629629629629,580.1481481481482,8.601446631586432,4.182565461678626,0.8738124914150335
2845,47,528.7021276595744,403.1489361702128,8.440253185895006,7.158413698796242,0.5297916269474366
2846,40,528.475,415.225,8.06733038549738,6.395168524068046,0.6095803842369113
2847,134,529.0820895522388,8.529850746268657,13.650982725729047,12.66232856092701,0.37363369492743587
2848,179,529.4413407821229,224.0223463687151,15.516268067300473,14.709409865150398,0.31827267935804143
2849,32,529.03125,301.40625,7.304181551347593,5.656207374641904,0.6327215972417141
2850,41,529.3414634146342,328.9024390243902,9.087782644917377,5.833395788070045,0.7667931406389045
2851,37,529.0540540540541,500.5945945945946,7.548048066449011,6.343694203112382,0.5419020034200174
2852,87,526.9540229885057,519.7701149425287,14.294837668289416,8.338876442492541,0.8122217517831931
2853,17,529.6470588235294,212.0,4.7527082062880375,4.53818859340845,0.2970442628930021
2854,84,528.9404761904761,574.7380952380952,13.055823552503817,8.552963294464291,0.7555359875171338
2855,27,529.3333333333334,247.37037037037038,7.57827084775177,4.579040966265284,0.796807718071432
2856,31,530.0967741935484,448.80645161290323,7.289948954529379,5.404090938441835,0.6711659850292946
2857,141,530.7163120567376,84.26241134751773,14.861432925802257,12.218322366542086,0.5692713755328096
2858,51,531.3333333333334,431.4313725490196,8.764975821192687,7.408825338382675,0.5343296438066295
2859,108,530.7314814814815,461.68518518518516,14.79891248783127,9.61639445952097,0.760101698563424
2860,29,530.9310344827586,111.0,6.888270890584151,5.349163980597329,0.6300418132532746
2861,205,533.7414634146342,530.1560975609756,24.110229715461283,11.084968453978057,0.8880421524187416
2862,180,532.2222222222222,131.4611111111111,16.92631804824473,13.664914225360318,0.5901172048425722
2863,63,531.9047619047619,362.25396825396825,10.258087661458527,7.888563586852853,0.6392377336986244
2864,56,532.0357142857143,379.67857142857144,9.224396808287208,7.7888128469027365,0.5357589674514844
2865,52,531.8846153846154,441.21153846153845,9.016579238008148,7.311949976181991,0.5851223669519976
2866,55,531.5818181818182,544.4545454545455,11.39940886082951,6.343546725740906,0.8308607885982472
2867,168,531.6904761904761,587.6309523809524,15.643397275385848,14.274543065693466,0.409084824580299
2868,57,532.3859649122807,269.0175438596491,11.589398878297107,6.3576893167956765,0.8360993794618423
2869,24,532.5833333333334,473.9166666666667,5.886008302194268,5.272508957881873,0.44451807595278986
2870,29,532.6896551724138,49.10344827586207,6.401324110949784,5.783487990515943,0.4286237669100921
2871,21,532.9047619047619,214.9047619047619,5.662000386908122,4.744327670248815,0.5457864779122289
2872,65,532.5692307692308,409.9230769230769,9.942844062453858,8.462543639422742,0.5249727833086066
2873,140,533.9642857142857,239.77142857142857,14.341061974419214,12.503389851252255,0.48975623204623
2874,18,533.7777777777778,344.05555555555554,5.033222956847167,4.575835618216445,0.41652044217833617
2875,51,534.2549019607843,368.70588235294116,9.323840115732915,7.022035955771413,0.6578751296257358
2876,63,534.2380952380952,398.12698412698415,9.599049463493836,8.426783534677165,0.478886410757357
2877,43,534.0930232558139,481.3720930232558,9.379518131616368,6.257739768195617,0.7449048557794239
2878,64,533.828125,102.140625,10.185157651472327,8.122407347249627,0.6033521527713135
2879,72,534.3611111111111,321.80555555555554,10.417373059152618,8.813391481753138,0.5331381321445351
2880,111,534.918918918919,488.963963963964,14.59007798992597,9.968150320224844,0.7302179009518851
2881,43,535.2325581395348,515.4418604651163,7.999831448553487,6.962659673677667,0.4924322196091825
2882,55,535.0727272727273,498.1090909090909,10.378086989457042,6.797211729729079,0.7556652291558504
2883,77,535.0,506.53246753246754,10.881044345980367,9.041120054839466,0.5564134968775671
2884,56,534.0178571428571,118.05357142857143,10.353106523774956,7.0643486636817645,0.731034070181846
2885,69,535.4347826086956,181.9855072463768,9.712128877146453,9.176700646599183,0.3274452686962099
2886,87,535.4942528735633,553.2183908045977,10.8449557354169,10.248199489642124,0.3271458964786411
2887,30,535.9333333333333,112.06666666666666,7.310487513472875,5.139508740447376,0.7111579334899265
2888,89,535.6516853932584,204.5056179775281,11.986382740862119,9.69898695828245,0.5875785485890962
2889,76,535.8947368421053,539.0394736842105,10.309627955269653,9.505338532666704,0.38722185093309636
2890,88,536.3863636363636,424.9886363636364,12.327880764838886,9.164960247801577,0.6688097982707373
2891,44,536.2272727272727,469.8181818181818,8.229481721067852,6.87632860365326,0.5493801958793754
2892,38,536.6052631578947,230.68421052631578,8.65465722812714,5.559046900904157,0.7664377844602251
2893,50,537.04,374.86,8.739813065018495,7.445566975625966,0.5236821098793706
2894,44,537.5909090909091,12.659090909090908,8.235664140871252,6.822443622721528,0.5601334907687223
2895,129,537.5736434108527,283.5503875968992,13.667238195530606,12.07445163189907,0.4685075077326389
2896,29,537.3103448275862,414.9655172413793,6.725960313483173,5.51749849201325,0.5718922733274491
2897,67,537.179104477612,446.95522388059703,10.080671932626487,8.48081791982658,0.5405764381686355
2898,33,537.5151515151515,476.72727272727275,6.70337731784416,6.4614057815764845,0.2662535024545898
2899,92,538.2391304347826,30.347826086956523,11.048305574745804,10.678988905344099,0.25639325917398614
2900,132,538.6590909090909,329.93939393939394,14.733023590723276,11.528162477534437,0.6226871318951287
2901,109,538.1651376146789,455.1651376146789,14.763351689035234,9.671492416680374,0.7555409656026235
2902,30,539.3333333333334,545.8666666666667,7.119804037705299,5.420286115675671,0.6484032205308996
2903,68,539.2794117647059,304.69117647058823,9.563122836897398,9.068747616761385,0.3173634004405264
2904,136,539.4411764705883,573.0955882352941,16.387640626397445,10.817041346365247,0.751201340927237
2905,102,540.1470588235294,270.3333333333333,13.90659149870819,9.477143434725834,0.7318314162548218
2906,67,539.7313432835821,392.089552238806,10.316773271248346,8.39227659488015,0.5816216480823944
2907,27,540.2962962962963,120.55555555555556,6.08167276575676,5.650626522907974,0.36976895853305364
2908,117,540.5042735042736,190.1965811965812,13.48204975540907,11.207842589796892,0.5558001816369373
2909,53,540.3207547169811,363.41509433962267,8.615374482731465,7.780883205331888,0.42934766839998506
2910,49,540.8775510204082,384.7959183673469,8.824788652520557,7.107948975695678,0.5926601953328994
2911,45,540.0666666666667,431.6222222222222,9.183475499288155,6.20199688876858,0.7375036854549081
2912,37,540.972972972973,481.8918918918919,8.790465751582156,5.416626026357536,0.787594964026619
2913,147,542.2380952380952,522.5850340136054,20.507111998017432,9.542614202980745,0.8851362527469356
2914,141,541.5673758865248,141.60283687943263,15.236615250811347,11.826201245792165,0.6305238908919786
2915,117,543.3247863247864,408.54700854700855,15.902057877570797,9.752477716130878,0.7898624761791204
2916,95,542.6,110.12631578947368,12.314314580794202,9.94221447688634,0.5900447908344585
2917,30,542.6333333333333,15.966666666666667,7.858877090914554,5.170670038561363,0.7530703033772228
2918,51,542.7254901960785,495.6470588235294,8.278000517447916,7.908884088990909,0.29528261184603
2919,53,543.9433962264151,538.0188679245283,9.616253474928037,7.153238605087958,0.6683247873711237
2920,93,544.1397849462365,582.5913978494624,15.080787358388932,8.395781659834586,0.830699957360735
2921,102,544.0392156862745,221.11764705882354,11.700507254664558,11.073245985613164,0.32302553265383244
2922,67,543.8955223880597,314.1940298507463,11.542731592097542,7.922402181519218,0.7272674385323051
2923,17,544.4117647058823,287.11764705882354,5.181899763382574,4.0412010400023215,0.6259432312521288
2924,122,540.3196721311475,353.21311475409834,20.147605410226543,9.24568858006475,0.8884891421647041
2925,73,544.2739726027397,551.5616438356165,10.744051651889437,8.706131723912726,0.5859861084400663
2926,151,543.5761589403974,592.6092715231788,16.757530400701054,12.103882710788232,0.6915849445754056
2927,123,545.0243902439024,245.78861788617886,13.579541225740643,11.540388497584617,0.5270465678121484
2928,60,544.7166666666667,487.68333333333334,10.01246151655838,7.7154644809768405,0.6373358124876061
2929,82,546.2439024390244,24.29268292682927,12.80597999591643,8.259602568122242,0.7641993453292962
2930,112,545.4017857142857,400.4107142857143,14.756916614159124,9.997575920574562,0.7355374467800967
2931,30,545.1666666666666,460.0,6.9904300593241535,5.491457894577682,0.6187753851120513
2932,60,544.9,475.0,10.799336516293353,7.081501545660095,0.754991243625494
2933,111,545.1981981981982,514.3243243243244,15.604741569356134,9.069322573147439,0.8137677640503501
2934,18,544.9444444444445,598.5555555555555,10.712522354527785,1.9518621975719517,0.9832607884428421
2935,106,545.9716981132076,100.87735849056604,13.297236490956312,10.271127905605734,0.6351050751937996
2936,137,545.7810218978102,233.97810218978103,14.732248586876842,12.321566186874104,0.5481699398721946
2937,109,546.8807339449542,275.74311926605503,14.753692343559042,9.565766261737984,0.7613303063048222
2938,40,546.9,360.9,8.04379145325971,6.616450638859633,0.5686874064417338
2939,60,547.4166666666666,367.93333333333334,9.276294522170145,8.479473512492815,0.40548574458139425
2940,83,547.2409638554217,375.3734939759036,13.586167324653843,7.818090945463008,0.8178405382839161
2941,138,547.5289855072464,38.82608695652174,14.401700795691053,12.2074229844845,0.5305756425553347
2942,30,547.6333333333333,299.3666666666667,6.491019437140313,5.793482928640115,0.4509717590117594
2943,24,546.9583333333334,346.4583333333333,6.095588112429878,4.97877997184531,0.5769433197803511
2944,41,547.5853658536586,576.390243902439,8.388292730579847,6.413429927590939,0.6445416972100957
2945,48,547.9583333333334,390.7708333333333,9.583947104145889,6.502299773878321,0.7346397517829435
2946,32,548.15625,454.90625,7.5148833462590074,5.476794527104246,0.6847340610348954
2947,16,547.4375,529.4375,5.678411660685555,3.953560548643503,0.7178051056958104
2948,39,549.1025641025641,119.46153846153847,8.646811196526146,5.906507514307773,0.730338829347131
2949,30,548.9666666666667,284.6666666666667,6.746402831426245,5.670728343628801,0.5417249013180155
2950,58,548.6896551724138,335.12068965517244,8.688873101646056,8.580556944023344,0.15740632175158525
2951,18,549.2222222222222,153.5,5.258737584977436,4.268749491621899,0.5840132092439594
2952,69,550.2463768115942,316.3333333333333,10.464875812733144,8.79878010487384,0.5413588614203545
2953,14,549.5,356.7142857142857,4.20883424647321,4.120630029101703,0.2036532699906393
2954,65,549.1538461538462,383.0769230769231,10.835509697306607,7.814870630557846,0.6926979759185822
2955,53,549.3584905660377,569.9811320754717,10.720482147441071,6.371359700609411,0.8042312277088676
2956,45,550.1333333333333,1.6,11.994109753602338,4.96735991769014,0.9102086691930789
2957,75,550.2933333333333,54.666666666666664,11.082729810221704,8.597205615667667,0.6310649889654755
2958,92,549.6413043478261,263.6195652173913,12.197325786205298,9.631406752293264,0.6135798800022623
2959,129,549.6976744186046,545.2403100775193,16.06054521921782,11.770990321265144,0.6803218425729635
2960,110,550.5090909090909,16.063636363636363,13.195386572704034,10.712661295862823,0.5838674620437229
2961,121,550.2396694214876,188.41322314049586,14.726142472569645,10.622851926455875,0.6925601596932665
2962,106,550.311320754717,325.688679245283,12.369357190926252,10.932528737604736,0.4677899260227885
2963,46,550.2173913043479,533.6739130434783,7.884767044219231,7.487899165559911,0.31326271455872706
2964,68,551.5441176470588,504.79411764705884,10.704163367125167,8.131623992489098,0.6503096163956915
2965,102,551.8333333333334,110.8529411764706,13.695028206707136,9.679615328001436,0.7074156623955079
2966,54,551.2592592592592,305.9259259259259,8.50687382068293,8.216258121835695,0.2591482929688401
2967,41,551.2439024390244,351.2926829268293,7.599560181565119,6.957877751017792,0.4021740912548525
2968,56,551.8035714285714,470.42857142857144,9.009678080215977,7.9001541494298255,0.4807604273466293
2969,150,552.42,436.1,16.36302653681159,11.802356935047612,0.6926414936295802
2970,20,552.5,83.5,6.0,4.09878030638384,0.7302967433402214
2971,36,552.8055555555555,234.0,10.116527768721454,4.777939452406296,0.8814429821783081
2972,69,553.3188405797101,64.3913043478261,12.409839265196753,7.163151487540034,0.8165918655143125
2973,35,553.2285714285714,527.9142857142857,7.296599229934282,6.139371675968284,0.5404100503163201
2974,61,552.9180327868852,588.8688524590164,11.176953481563487,7.301778472819376,0.7571088100144288
2975,69,553.4347826086956,497.28985507246375,10.318690588935976,8.640777790737413,0.5466044726233339
2976,203,553.3793103448276,560.9901477832512,18.507298303356677,14.171503359293782,0.6431679629737667
2977,49,554.3673469387755,274.18367346938777,10.000086876159237,6.272176920913793,0.7788483819653388
2978,108,553.9907407407408,291.1111111111111,12.116677818421882,11.461133731382052,0.32446595761623576
2979,14,554.2142857142857,332.2857142857143,4.9832006501898345,3.6231057055262688,0.6865697100448963
2980,26,554.0384615384615,421.3076923076923,6.303652095135837,5.199346212046313,0.5654028390314513
2981,131,555.0610687022901,395.587786259542,15.468108210377137,11.261180992976533,0.6855497907644995
2982,66,554.3030303030303,455.0,10.042334631373565,8.383814044019678,0.5504818825631802
2983,39,553.8974358974359,519.7948717948718,7.566993900631526,6.729314012708747,0.4573278052712271
2984,22,554.9545454545455,553.1818181818181,7.189044812865163,4.444732973705181,0.7859699118873088
2985,60,555.4833333333333,596.8333333333334,12.233199768717693,6.493581538444185,0.8474869212469391
2986,29,554.6896551724138,4.896551724137931,6.825139176299533,5.481793090379705,0.5957408085527267
2987,56,554.8214285714286,30.803571428571427,11.414457890547185,6.437370806599524,0.8257977304138402
2988,39,555.0769230769231,356.38461538461536,7.375566936750061,6.760442031707944,0.39980631789345566
2989,72,554.75,364.05555555555554,11.31333776689738,8.155645983709665,0.6930518966356135
2990,32,555.6875,45.875,9.079876390255615,4.872714309055956,0.8438050353969815
2991,43,555.7441860465116,386.1860465116279,8.5119542393803,6.5123640848123125,0.6439299171035181
2992,52,555.0576923076923,411.96153846153845,9.760772500260956,6.908496232766542,0.706431209429746
2993,93,555.9354838709677,133.74193548387098,11.482357470494527,10.303547828771,0.44134537736295776
2994,40,556.35,535.75,7.5880926594764135,7.173621804305004,0.3259738586212749
2995,31,555.9032258064516,541.6129032258065,6.727534546157312,6.02677066713813,0.44438390419072454
2996,108,556.5555555555555,577.6481481481482,13.609817261650951,10.205395787787978,0.6616016842544066
2997,38,557.1052631578947,41.55263157894737,9.06402004590628,5.500319345872391,0.7948316443603661
2998,20,556.25,371.5,5.287868456458503,4.88246322947661,0.3840003210346248
2999,47,557.4893617021277,474.97872340425533,8.538584644080979,7.300430423117643,0.5186394753208706
3000,31,557.0,585.1290322580645,7.514325698560765,5.380143071782417,0.6981158565305433
3001,54,557.6481481481482,95.44444444444444,8.575203126468425,7.990189010326285,0.36302757700570687
3002,59,557.0677966101695,191.864406779661,12.617648275601015,6.283159159436591,0.8671965847818736
3003,18,557.2777777777778,303.1111111111111,5.076445469458138,4.461918168377471,0.4769224904060803
3004,34,557.7647058823529,237.88235294117646,7.360101798298756,5.842379634068263,0.6081911548710625
3005,104,557.7596153846154,346.5576923076923,12.973204744131912,10.203076173417553,0.6176245695276622
3006,81,558.7777777777778,229.46913580246914,10.968399735203839,9.460767736477836,0.5059757909754572
3007,32,558.46875,281.1875,7.030272322490689,5.744314238585958,0.5765204077606199
3008,113,558.9380530973451,116.16814159292035,15.37022563122039,9.54838328519052,0.783631480714642
3009,65,559.8307692307692,491.5076923076923,9.998889243415976,8.610903418624702,0.5082899523939157
3010,42,559.6190476190476,531.2380952380952,9.2450299880628,5.893128795901232,0.7705020665610411
3011,70,559.0714285714286,60.74285714285714,11.057639889961365,8.240345498914849,0.6668216005483731
3012,91,560.5604395604396,547.4945054945055,13.015824319917282,9.202349338402005,0.707201138409576
3013,33,559.7272727272727,591.2424242424242,6.7532609823033205,6.32618739880568,0.3499713841377899
3014,41,560.8780487804878,195.9512195121951,8.153451816061876,6.3688515824278,0.6243767410828179
3015,52,560.3076923076923,467.5769230769231,8.99074251706268,7.339262486377801,0.577609412894332
3016,54,559.6851851851852,503.1666666666667,8.802365603063775,7.8814853354653085,0.44529757615943777
3017,110,558.8181818181819,514.1454545454545,14.24086081822887,10.415176411600497,0.6819930784799108
3018,22,560.7272727272727,48.31818181818182,5.857600473582453,4.8210201928794145,0.567988188479356
3019,152,561.4473684210526,173.7171052631579,15.922947095621076,12.233612685374613,0.6400889862370926
3020,89,560.9550561797753,271.14606741573033,12.195445969506965,9.552850777438199,0.6216275572929781
3021,67,560.9701492537314,326.910447761194,9.22035386376978,9.212619315085533,0.04095129078967086
3022,86,560.953488372093,525.2209302325581,14.193972469288301,8.405105716896443,0.8058202565071083
3023,57,561.4912280701755,36.91228070175438,10.710985355251223,6.869172765791477,0.7672732381479769
3024,19,561.6315789473684,293.05263157894734,5.706236008175414,4.175323993751543,0.6816134345207245
3025,125,561.624,406.032,13.718458349459763,11.708010100531077,0.5211757045497103
3026,14,561.2857142857143,414.5,4.20883424647321,4.120630029101703,0.2036532699906393
3027,34,562.0294117647059,53.38235294117647,7.034047888834797,6.13033390827861,0.49035478137312344
3028,107,562.0654205607476,80.18691588785046,13.353652063221093,10.233086024944221,0.6424666295885203
3029,78,562.1666666666666,159.06410256410257,10.909623718229644,9.072820592779193,0.5553232271724242
3030,18,561.8888888888889,388.55555555555554,5.132946212902184,4.480247343827444,0.4880042003142553
3031,36,562.8611111111111,21.38888888888889,7.3450056870841,6.163534948521058,0.54390564390978
3032,46,562.1086956521739,308.6304347826087,8.193751007477376,7.08098349279216,0.5031602126912892
3033,51,562.7058823529412,362.88235294117646,8.50609066376476,7.746074463969445,0.41317784903318117
3034,37,562.1351351351351,482.4864864864865,8.39247765149814,5.683154052056282,0.7358244151374215
3035,113,563.0619469026549,219.43362831858408,12.687758032481598,11.33498277730058,0.4493028934766595
3036,60,562.9166666666666,355.5,9.860285499724979,7.983127546235801,0.586948346411964
3037,51,562.9411764705883,396.8235294117647,8.317956953081723,7.875446958175725,0.3218206799280964
3038,55,563.0363636363636,538.8545454545455,8.89458883018928,8.0869862985609,0.4163532360313612
3039,107,564.9439252336449,258.50467289719626,15.432419051026283,9.132209996643489,0.8061179239520784
3040,21,563.0,264.0,6.13308385891302,4.332001241977311,0.7078794366148601
3041,41,563.439024390244,474.7317073170732,8.162938945809547,6.352193786326891,0.6280476920372855
3042,101,565.1881188118812,585.3960396039604,12.402135505414531,10.399084622745125,0.5449147482927318
3043,86,564.8488372093024,120.90697674418605,14.298696792498811,7.75625507956848,0.8400913854692725
3044,32,565.1875,142.28125,6.60082600542466,6.172598403112706,0.3543175910800522
3045,99,564.9090909090909,185.17171717171718,12.552038899753883,10.33889764489479,0.5670509353966113
3046,111,564.7027027027027,430.1261261261261,13.555671306980859,10.484580632800602,0.6338621177430821
3047,83,565.289156626506,107.60240963855422,12.749892455146826,8.441561168852058,0.7494253818341661
3048,4,565.25,191.75,3.4641016151377544,1.4142135623730951,0.9128709291752769
3049,65,566.2615384615384,289.61538461538464,10.52495313243232,7.905853611307047,0.6601277696712184
3050,28,565.75,487.5357142857143,6.599180460574322,5.555086004201933,0.5398141531383003
3051,60,566.9666666666667,504.28333333333336,8.873765485654985,8.776145540614214,0.1479219395173642
3052,83,567.4578313253012,512.5903614457832,11.676594410129983,9.573015569109684,0.5725833081869884
3053,59,565.9830508474577,550.8813559322034,12.581705368795822,6.322922233553236,0.8645487839828002
3054,24,566.6666666666666,2.875,6.081140986576509,4.932066489508719,0.5849866175853743
3055,25,566.64,25.64,5.870864728479935,5.523200823787798,0.3390135718135036
3056,61,566.311475409836,277.1475409836066,10.452726579509365,7.460537167037491,0.7004099560036438
3057,48,566.7083333333334,378.5,7.831560082980486,7.787097590815777,0.10640706634484368
3058,86,566.5232558139535,448.2325581395349,12.107860640242274,9.056163474184318,0.6637467802605099
3059,75,568.3466666666667,127.76,11.766054535480333,8.686897195795796,0.6744706879951762
3060,136,567.8014705882352,88.19852941176471,16.38181571303677,10.639473562217539,0.7603884829514708
3061,35,567.5714285714286,469.42857142857144,6.928203230275509,6.490180966628884,0.3499271061118826
3062,31,567.9354838709677,268.741935483871,7.1119747708995655,5.648058434333964,0.6077064188725885
3063,47,567.9574468085107,388.0425531914894,8.3659675845056,7.246090883571187,0.499803176153723
3064,39,568.4102564102565,412.28205128205127,7.632419523303845,6.5739073381342825,0.508073564189219
3065,78,567.9230769230769,461.65384615384613,10.144414789377052,9.834634711191221,0.2452376554298877
3066,96,567.2708333333334,573.625,12.209654066563989,10.173531169840997,0.5529165364879141
3067,19,568.3157894736842,50.73684210526316,5.674920441322808,4.259613650974776,0.6607531922995763
3068,48,568.1666666666666,481.5625,8.855256480973253,6.9577885527709205,0.6185770903259938
3069,35,568.4285714285714,536.1714285714286,7.894785744586236,5.70518121894086,0.6912122390989379
3070,125,568.768,595.256,16.747749849005174,9.932729483638784,0.8051446794350441
3071,51,569.2941176470588,154.11764705882354,8.791518024283262,7.378143928513184,0.543769899064033
3072,86,570.453488372093,329.09302325581393,12.116597563538514,9.444630404226299,0.6264286614275556
3073,29,569.448275862069,355.0344827586207,6.949564088974169,5.387117797549945,0.6317484244861903
3074,36,569.8333333333334,475.47222222222223,7.707595976085753,5.899393258008536,0.6435549544841346
3075,114,570.0438596491229,100.87719298245614,15.480620899168539,9.533378750580443,0.7878816850863554
3076,59,570.1186440677966,336.4237288135593,9.947605039250188,7.683224543743123,0.6351737518384406
3077,49,571.0204081632653,208.20408163265307,8.781713805629588,7.154581859069204,0.5798635310678851
3078,80,571.3,253.3375,11.968801909820334,8.584013096651304,0.6968683908483113
3079,234,571.0769230769231,558.5213675213676,20.039909896083532,15.438076943043068,0.6376012274748952
3080,150,571.6333333333333,72.17333333333333,14.787179299563388,12.917720624798394,0.4866882806551524
3081,50,571.24,140.9,10.250598816103588,6.381506398280559,0.782580328510704
3082,21,571.9047619047619,222.61904761904762,6.820179909279202,3.875309771316151,0.8228820322540896
3083,44,571.1136363636364,359.70454545454544,9.657249104705546,5.942731032644683,0.7882424624721152
3084,147,572.0952380952381,522.3333333333334,16.930230931495878,11.284304789151799,0.7454888776969422
3085,34,572.1764705882352,120.0,7.165172080231243,6.129747455675746,0.5178160127225865
3086,193,572.0103626943005,197.1865284974093,16.4596350862507,15.102542018295459,0.3976198798196472
3087,50,572.3,365.94,8.981782691724394,7.137925446419297,0.6069874207540971
3088,68,571.75,394.30882352941177,10.422007268720874,8.507950675594078,0.5775649635897511
3089,60,571.8333333333334,402.9166666666667,9.554355899511293,8.109175530836545,0.5288084420772592
3090,16,572.0625,408.875,4.898979485566356,4.322904116447646,0.4704829079431758
3091,59,571.8644067796611,423.5762711864407,8.759613769249144,8.562861644050724,0.21075589704938893
3092,51,572.4901960784314,56.470588235294116,8.442475461268147,7.68519164119256,0.4139475410886416
3093,54,572.4444444444445,165.7037037037037,8.639260859465372,8.012828555458684,0.3738478197694437
3094,21,572.9047619047619,260.6190476190476,5.880142149435185,4.731319007380637,0.5937810823624562
3095,70,572.5714285714286,183.6,12.699898619641731,7.1603730627503515,0.8259022013651158
3096,75,572.4,284.4533333333333,11.343189575578737,8.609522197817023,0.65108637805659
3097,56,573.0714285714286,384.17857142857144,9.596513948628385,7.627071925465882,0.6069038446699825
3098,51,574.2156862745098,265.7450980392157,9.489049557259941,7.024989667616779,0.6722480803889768
3099,41,573.829268292683,431.5853658536585,7.761981191920599,6.7098673753799485,0.502713769182508
3100,90,574.2111111111111,26.6,12.383320381976572,9.25696499986262,0.6642224569335098
3101,70,574.9857142857143,291.62857142857143,12.574360154620415,7.583101336891651,0.7976953664319989
3102,118,575.7372881355932,302.0762711864407,14.883124636932825,10.320638688728309,0.7205088964386799
3103,51,574.5686274509804,471.54901960784315,10.036300898820425,6.628964897337136,0.7508270834480549
3104,49,574.6122448979592,481.16326530612247,9.370465357655558,6.747258036982764,0.6939161536990648
3105,53,574.7169811320755,95.49056603773585,10.346908584748153,6.624566322807863,0.7681699829570497
3106,25,574.92,275.44,6.229132290364385,5.01975207646152,0.5921184607712484
3107,13,575.1538461538462,324.46153846153845,4.919459827476725,3.3758773884632336,0.7273852979169615
3108,62,574.9032258064516,508.8709677419355,10.015259887120932,7.8977914948702015,0.6149375746342653
3109,140,574.7857142857143,542.7857142857143,15.879727640202521,11.743411747049626,0.6731321246921995
3110,49,575.795918367347,10.673469387755102,10.33041381101548,6.045068957265519,0.8109091966005976
3111,29,575.0689655172414,413.41379310344826,6.7284620161259525,5.500630044211442,0.5759048965827145
3112,79,575.2911392405064,443.27848101265823,10.377846893807927,9.740011863561891,0.34517378260860776
3113,52,575.4230769230769,456.36538461538464,8.192593319843569,8.05012370207635,0.18568168631572152
3114,24,575.3333333333334,353.875,6.081140986576509,4.932066489508719,0.5849866175853743
3115,45,576.1777777777778,377.84444444444443,8.898119627257548,6.580912198975075,0.6730636129964687
3116,38,576.5526315789474,61.973684210526315,8.296997095525722,5.835392528000198,0.7108795280846844
3117,39,576.6153846153846,488.15384615384613,7.586765161289645,6.7179855383263245,0.4646632423179356
3118,102,576.3823529411765,499.8921568627451,11.900043466327942,11.279908328397225,0.31860375241950034
3119,4,577.5,597.5,2.0,2.0,0.0
3120,98,577.4387755102041,234.4591836734694,12.989967901722991,9.68854895702298,0.6661155408104241
3121,190,577.4052631578948,316.9263157894737,15.977450699481546,15.424726162200665,0.26075146905086233
3122,55,577.9454545454546,406.23636363636365,10.055710507309085,7.056609954109219,0.7124218056542511
3123,131,577.175572519084,570.1603053435115,14.001044076730691,12.204897309301039,0.49001612356457896
3124,95,576.9684210526316,587.4,13.717005650983245,9.416917043704528,0.7271165416361084
3125,24,577.5833333333334,467.7083333333333,6.5845193471767205,4.60129142137653,0.7153127571649419
3126,82,579.0243902439024,147.1829268292683,14.790149632654384,7.665203232118372,0.8552206426464053
3127,4,578.5,266.5,2.0,2.0,0.0
3128,18,577.9444444444445,425.22222222222223,5.033222956847167,4.575835618216445,0.41652044217833617
3129,36,577.8611111111111,219.91666666666666,8.704661141801033,5.4393840733834145,0.7807193937780046
3130,27,578.5925925925926,257.44444444444446,6.110100926607787,5.666545629305267,0.37405573845785495
3131,45,578.1555555555556,515.6,8.712460189000772,6.778338805433782,0.6282579110414799
3132,210,578.9904761904762,112.6,17.547854963199956,15.31096406689072,0.48856723694842324
3133,77,578.8961038961039,186.58441558441558,12.710925535395154,7.9521415268967806,0.7801322198703778
3134,63,578.8412698412699,214.23809523809524,11.34236372450554,7.149824929974146,0.7762991892983456
3135,50,578.8,462.58,9.170543345247227,7.096388852997124,0.6334003675357092
3136,82,579.2560975609756,168.4390243902439,14.321442320375464,7.582528810744135,0.8483393502300322
3137,121,579.7768595041322,156.79338842975207,13.124479974926832,11.94009487814895,0.4151399547598442
3138,94,580.4042553191489,206.62765957446808,12.16107856646614,9.967964606402287,0.5728485570527166
3139,71,579.8028169014085,529.7605633802817,10.376143487461672,8.835376327791183,0.5243404945396442
3140,58,579.4655172413793,578.3793103448276,10.623188023794128,7.220607638235035,0.7334878924678504
3141,40,580.0,139.375,8.67179335547152,5.843800133474792,0.7388353399604461
3142,51,581.156862745098,413.05882352941177,9.729501064829456,7.081147713165741,0.6857876062524885
3143,56,581.0714285714286,85.375,9.857722780522732,7.185855973519026,0.6845594932167707
3144,109,580.8715596330276,125.64220183486239,13.420438328629796,10.381782441003459,0.63369867556525
3145,138,581.4927536231884,331.19565217391306,14.251534948212656,12.410461938401614,0.49160942467700003
3146,44,583.4772727272727,64.63636363636364,11.66531266567397,5.079026823114608,0.900239188032333
3147,50,581.74,224.16,8.980994480232814,7.206284628435634,0.5967963772492251
3148,39,581.3333333333334,431.84615384615387,8.65913499596089,5.763842423077671,0.74627549222631
3149,128,581.9375,51.484375,14.298363300356925,11.842313991826353,0.5603903280106084
3150,48,582.4583333333334,542.6041666666666,9.02119728809461,7.100465519977234,0.6168422260733635
3151,74,582.8378378378378,6.648648648648648,11.974368803992771,7.860416648664106,0.754381000378618
3152,70,582.1714285714286,35.32857142857143,9.894417485081018,9.008889746670103,0.4135040335246868
3153,56,582.3928571428571,292.55357142857144,8.738375650385787,8.314173733468396,0.3077869916699821
3154,50,582.54,440.36,8.775822346437629,7.316128904261185,0.5522647953308705
3155,55,582.7636363636364,591.4909090909091,10.349256312728897,6.811584776090719,0.7528680994568054
3156,126,582.7619047619048,368.23015873015873,13.970197609593148,11.581303884320903,0.5592475349594003
3157,23,581.8695652173913,597.7826086956521,7.30517838638361,4.069709460725735,0.8304459142011903
3158,40,583.525,307.9,7.765625690061773,6.71751871168608,0.5017158061267365
3159,44,583.5909090909091,516.9318181818181,9.642047629496318,5.9012122432832825,0.7908353620394998
3160,213,584.0234741784037,278.9718309859155,16.965720745719924,16.081718823906407,0.31858344108767517
3161,72,584.2777777777778,503.06944444444446,10.62673189832328,9.320512425677455,0.4803411644550034
3162,47,585.4042553191489,29.127659574468087,11.186435195320978,5.37813430042731,0.8768451797561423
3163,64,584.90625,59.03125,11.129552725421899,7.515105197670488,0.7375992403197499
3164,44,584.6136363636364,144.1818181818182,8.295625939965358,7.025392799209318,0.5317853643715235
3165,23,584.3478260869565,174.6086956521739,6.041438422612472,4.8796557961984774,0.5895968607045847
3166,17,584.2941176470588,217.41176470588235,6.221402349340546,3.943375225735147,0.7734639852018801
3167,144,584.5972222222222,241.48611111111111,15.288679925701569,12.050438010832083,0.6154275099319351
3168,115,584.6347826086957,262.4260869565217,14.46806518772927,10.257619461668618,0.7052250704539967
3169,48,584.625,392.8958333333333,8.19118145766971,7.448552558478512,0.41605817268818085
3170,52,584.5192307692307,400.0769230769231,8.88658792765122,7.524644242783505,0.5320042816163882
3171,70,584.4571428571429,419.1714285714286,10.082644440553263,8.84860622390829,0.4793795522351797
3172,79,582.8481012658228,482.9746835443038,11.449464005790784,8.96540288397267,0.6219697443631621
3173,118,584.7881355932203,558.0,13.484960730528003,11.507419368121319,0.5213350337678401
3174,33,584.4545454545455,1.2727272727272727,10.532508511450173,4.173593360177712,0.918139097095544
3175,21,586.0952380952381,161.23809523809524,5.934561105176516,4.890736803835487,0.566428405280535
3176,27,585.4074074074074,180.8148148148148,6.0123330037638585,5.739665371203116,0.2977348200534371
3177,39,585.3589743589744,187.23076923076923,7.873769907535865,6.301210963476249,0.5996281153739439
3178,65,585.123076923077,535.4307692307692,11.080400231398267,7.494479029200751,0.7365596488181749
3179,96,585.6458333333334,71.35416666666667,11.973774243166304,10.21183177257954,0.5221562066093353
3180,114,585.8333333333334,102.30701754385964,13.856082211075007,10.871832220784011,0.619970312623122
3181,56,586.1607142857143,167.58928571428572,9.319671805838498,7.7295380358586465,0.5586867088602385
3182,38,586.0263157894736,201.23684210526315,7.703146497210081,6.2547076540421855,0.5837020951131292
3183,30,585.8333333333334,435.2,6.593429631492338,5.908376081190246,0.4438510563793189
3184,66,585.9090909090909,548.6212121212121,10.464505500447851,8.345176252664148,0.6033526562483839
3185,72,586.1527777777778,583.0416666666666,10.485603707106591,8.811973690928227,0.5419855200651468
3186,29,587.0344827586207,227.51724137931035,6.449842579722165,5.792077630441819,0.4399577991798332
3187,87,586.9310344827586,341.5287356321839,11.300164329989375,9.844116497768784,0.49102038333574605
3188,154,587.3181818181819,471.83116883116884,15.835822249516232,12.580449859633944,0.6073559227570959
3189,81,587.1111111111111,407.28395061728395,12.014789320159805,8.72822724481358,0.6872119723284208
3190,41,587.0975609756098,495.9024390243902,7.541455980807452,6.997728384710033,0.37282541434340816
3191,47,587.5957446808511,575.2127659574468,10.287655947221767,5.901276782210538,0.8191166665825372
3192,100,588.0,93.67,12.996916461287148,10.058715747963213,0.6332700081401466
3193,163,589.1165644171779,132.54601226993864,15.83286416249088,14.065200970161783,0.45915764047458935
3194,28,587.6785714285714,446.75,6.277153108760828,5.677147339148313,0.42665523115215176
3195,244,588.6762295081967,19.34426229508197,18.534771460666516,16.96196973482642,0.4031289572523005
3196,48,588.4375,362.375,9.196815699011283,6.616097616048773,0.6946063417240421
3197,62,589.2741935483871,596.3548387096774,12.03556336207323,6.647239824457013,0.8336455344294298
3198,31,589.2903225806451,289.7096774193548,6.385467371178643,6.170656619983661,0.25719535134716837
3199,18,588.7777777777778,294.5,5.258737584977436,4.268749491621899,0.5840132092439594
3200,30,588.9666666666667,35.3,7.092756859896822,5.413103455068587,0.646177083182875
3201,25,590.28,186.04,7.815965414182973,4.274422141564355,0.8372087497202846
3202,58,589.2586206896551,310.36206896551727,11.299283939923713,7.347524147721021,0.7597078210991856
3203,46,589.695652173913,430.8478260869565,8.425426444141664,7.0669828035119355,0.5444881112005016
3204,57,590.3508771929825,248.859649122807,9.625319346635436,7.637497927821455,0.6085963906014404
3205,130,589.5461538461539,322.16923076923075,13.818770689250421,12.408249415650477,0.4401441001025061
3206,95,589.5894736842105,568.9684210526316,13.461285893991802,9.24959463526821,0.7265386155911822
3207,55,590.7636363636364,141.36363636363637,9.922285350957292,7.200538698348182,0.6880180518090472
3208,21,590.0952380952381,210.66666666666666,6.480821908106383,4.217858534299485,0.7592307390501004
3209,51,589.6862745098039,215.76470588235293,8.75632105942181,7.55136492095667,0.5062442602466997
3210,30,590.5333333333333,415.2,6.5714482881300125,5.8101884322847335,0.46719092509263327
3211,36,590.3611111111111,454.47222222222223,7.877910671590116,5.798063107290707,0.6769924583334967
3212,33,590.5454545454545,524.7878787878788,6.8391495990600895,6.119047747977225,0.44664981142922944
3213,58,591.448275862069,397.7068965517241,9.247315736919251,8.07512986959552,0.487289616615973
3214,114,591.7894736842105,516.8684210526316,13.98645066052645,10.689725970230846,0.6448708675309089
3215,26,591.0769230769231,531.4230769230769,6.51491320763066,5.157259545086204,0.6110288508451043
3216,54,591.1851851851852,543.2407407407408,9.95274326564906,6.921802613444721,0.7185582200952636
3217,52,592.9230769230769,2.730769230769231,9.316634253549621,7.099818784821331,0.6475083740183649
3218,55,592.6363636363636,498.76363636363635,9.457714070385535,7.725769368252362,0.5768148531493005
3219,18,592.1111111111111,39.27777777777778,5.076445469458138,4.46191816837747,0.4769224904060804
3220,17,592.2941176470588,167.47058823529412,6.198762907502605,3.7496356466080543,0.7963009584203182
3221,6,592.1666666666666,369.1666666666667,3.1269438398822857,2.309401076758503,0.674199862463242
3222,44,592.5,422.0,7.885544888073251,7.0323925839322605,0.4524139283588641
3223,63,593.2698412698413,59.15873015873016,9.664113107407168,8.327918406030435,0.507356197702767
3224,46,593.2608695652174,66.32608695652173,9.495207145997565,6.179102354297132,0.7592833707411594
3225,158,593.0696202531645,176.18354430379748,15.466870691672419,13.134449875389397,0.5280730967981773
3226,93,592.9784946236559,265.2903225806452,13.091046338511093,9.33945930434736,0.7007331846679146
3227,165,593.230303030303,81.10909090909091,16.12783254255725,13.089645563141554,0.5841879670836242
3228,26,593.6153846153846,103.23076923076923,7.722922990034933,4.696871565395867,0.7938046777311766
3229,76,593.421052631579,227.53947368421052,11.412383983809129,8.787023696047811,0.6380980206822803
3230,51,593.7254901960785,283.8235294117647,9.9916252166892,6.611986651122797,0.7497220422492596
3231,167,593.1976047904192,381.622754491018,17.169964256881414,12.491558796864668,0.686082373019852
3232,67,594.6417910447761,460.5223880597015,10.063283724168572,8.687649437161996,0.5046882822034757
3233,137,593.6496350364963,159.4014598540146,14.411153745871545,12.110588289145008,0.542025313188107
3234,129,594.2325581395348,350.3643410852713,17.099053643529903,9.808109529041019,0.8191317619685471
3235,44,593.8409090909091,550.5,8.194480619921329,6.986355634784431,0.522615575056516
3236,129,594.2790697674419,115.27906976744185,14.358760123498511,11.474969937387423,0.6011162219189083
3237,23,594.4347826086956,297.0,5.809055249126375,5.083207461395224,0.48403450895131767
3238,37,594.6756756756756,309.8378378378378,8.034778416659034,5.876036048001302,0.6820289076150248
3239,31,594.7096774193549,316.4516129032258,6.85750123568187,5.700161964155581,0.5559284066053239
3240,34,594.4705882352941,404.0,7.355064932018996,6.193526237179327,0.5393583406023242
3241,53,596.1509433962265,426.77358490566036,10.454396826964615,7.0798726901202755,0.7357853344937662
3242,98,594.4285714285714,558.9591836734694,11.748681406084474,10.845058738702008,0.3845904502483652
3243,148,594.8851351351351,334.0135135135135,17.851716566692826,11.26196787939604,0.7758951345027123
3244,40,594.95,491.625,7.394447081213951,6.887100432193978,0.3640276125737857
3245,66,595.2575757575758,584.8333333333334,11.082013609159873,7.6148562619874625,0.7265283224890376
3246,33,596.3636363636364,184.6060606060606,7.805388104051906,5.3872680157648825,0.7236199827880478
3247,77,595.3766233766233,273.54545454545456,10.764505091015685,9.224726385203951,0.5153866154255595
3248,27,596.925925925926,143.59259259259258,6.421500681256116,5.265410570825909,0.5724125976557584
3249,29,596.5172413793103,252.10344827586206,6.258786926641891,5.892416376081057,0.33711630285598315
3250,64,596.703125,290.265625,12.418439913745319,7.296799819694737,0.8091676640420833
3251,66,596.0909090909091,506.6515151515151,10.814720492944256,7.908367707454829,0.6820993047592739
3252,28,596.2857142857143,532.9285714285714,7.478391184597115,4.997161641753609,0.7439696049671368
3253,37,596.6756756756756,566.6216216216217,8.028296394510377,6.230248535329231,0.6306883809848424
3254,62,596.4677419354839,576.258064516129,11.199819532424119,7.452942542028863,0.7464406257869493
3255,50,596.1,592.9,9.078428373567272,7.232021727429245,0.6044856268323511
3256,25,597.2,29.76,6.132060986158656,5.17264227083518,0.5370654454079513
3257,46,596.5869565217391,416.9347826086956,9.085036419243487,6.741438302593412,0.6703583012904352
3258,23,597.0,433.17391304347825,5.40531139753741,5.36036000258172,0.12869789041755691
3259,27,597.0370370370371,438.22222222222223,6.307833475306942,5.4697060282729835,0.4980834331416218
3260,52,596.8269230769231,217.28846153846155,10.837483915841702,6.285500955017764,0.8146322223864114
3261,39,596.7692307692307,468.8974358974359,8.041006124536144,6.239969855094108,0.6307100929042048
3262,31,597.0,475.61290322580646,7.160999703489863,5.56486674912202,0.6293678543617366
3263,25,597.36,542.52,6.514261911972968,5.040276950944095,0.6335160458256018
3264,29,597.3448275862069,100.89655172413794,7.415097836776886,5.123762986204883,0.7228637321508484
3265,35,597.1142857142858,190.37142857142857,8.386000954811413,5.811449661622782,0.7209432005869818
3266,19,597.8421052631579,299.7368421052632,6.409971260585169,3.8299479272508137,0.8018700616774529
3267,41,597.5121951219512,366.0,12.695145687310495,4.2942580895344715,0.9410527472742161
3268,29,597.6206896551724,409.37931034482756,8.49752000443845,4.380423605998086,0.8568929737614011
3269,18,597.6666666666666,451.0,5.333333333333333,4.216370213557839,0.6123724356957945
3270,40,597.3,526.725,10.043677212364969,5.145342365073547,0.8588085493843219
3271,8,598.5,13.5,4.47213595499958,2.0,0.8944271909999159
3272,31,598.0645161290323,21.0,12.021486140750572,3.202496424771834,0.9638631946829986
3273,30,597.6,136.7,8.917669842583967,4.28273642024992,0.8771300891443355
3274,13,598.1538461538462,207.0,5.203549084703927,3.076923076923077,0.8064425896179158
3275,13,598.1538461538462,231.0,5.203549084703927,3.076923076923077,0.8064425896179158
3276,45,596.5333333333333,244.33333333333334,9.66025059795593,6.76556662209644,0.7137985785523414
3277,48,597.4583333333334,397.1666666666667,13.624198586689069,4.957384120169024,0.9314512628895404
