Object,area,centroid-0,centroid-1,axis_major_length,axis_minor_length,eccentricity
1,27,1.4814814814814814,240.0,7.463491388331851,4.666078740155147,0.7804748912998846
2,28,1.5714285714285714,262.10714285714283,7.54467912959277,4.8944221162355275,0.7610228964639918
3,23,1.434782608695652,277.39130434782606,6.667281608803803,4.352291467154875,0.7575445159811208
4,9,1.0,392.0,3.265986323710904,3.265986323710904,0.0
5,67,1.791044776119403,528.0,16.074453636173534,5.377112954840695,0.9423911524561658
6,52,2.2884615384615383,4.0576923076923075,10.454578877998141,6.427842958497023,0.7886556237927734
7,21,1.5238095238095237,90.85714285714286,6.088776041622918,4.377514589279838,0.6950636535037218
8,38,2.0,213.5,8.878154589544987,5.440535241657774,0.790237855859839
9,30,2.0,459.8333333333333,6.990430059324153,5.491457894577681,0.6187753851120513
10,71,2.2253521126760565,18.845070422535212,15.383198556988543,6.108645001565789,0.9177759993285447
11,78,2.9615384615384617,250.42307692307693,12.433362947784142,8.354996297199813,0.7405674651244515
12,58,2.4655172413793105,294.7068965517241,10.910955484404996,6.94601515382839,0.7711865317601149
13,117,2.8034188034188032,437.96581196581195,20.93895068973805,7.846840692010779,0.9271265015924308
14,74,3.0405405405405403,76.52702702702703,11.869516000397137,8.469076374380451,0.7006400682478788
15,44,3.0,107.5,7.885544888073251,7.0323925839322605,0.4524139283588641
16,45,2.6222222222222222,231.0222222222222,9.343418555424359,6.311211761277121,0.7373862109464572
17,83,3.3373493975903616,63.0722891566265,12.559017336866509,8.512519231281036,0.7352450576405036
18,89,3.348314606741573,502.3258426966292,12.997155244915302,8.8746748551562,0.7305897159390777
19,86,3.3488372093023258,547.3720930232558,12.79322213014525,8.901740566082038,0.7182191851334694
20,15,3.6,27.4,4.618802153517006,4.026578365477733,0.4898979485566357
21,63,3.015873015873016,50.55555555555556,14.022058691353958,6.138213294376097,0.8990947514983534
22,46,4.043478260869565,118.8695652173913,8.07148186086938,7.267020893595619,0.43520181472475067
23,140,5.2214285714285715,35.75714285714286,15.789231464379673,11.664378285388855,0.6739737531949385
24,36,4.861111111111111,205.38888888888889,7.3450056870841,6.163534948521058,0.54390564390978
25,82,3.8536585365853657,471.1463414634146,13.259742850375696,8.466937765678413,0.7695847833724317
26,88,5.261363636363637,163.39772727272728,12.542956413355412,9.012884979424499,0.6954634705973426
27,70,4.742857142857143,268.75714285714287,11.510669013733228,7.805859186008414,0.7349316151184493
28,142,5.190140845070423,344.9225352112676,14.903162347639169,12.236352599615296,0.5708455570189347
29,59,5.135593220338983,450.0508474576271,8.923631851210027,8.495225249445967,0.3061232113352892
30,108,4.657407407407407,491.22222222222223,12.578877439230673,11.411175008347978,0.4207651918138101
31,38,5.5,83.15789473684211,7.7126677181641785,6.399841401596377,0.5580860070050115
32,41,4.853658536585366,144.1219512195122,9.31838592985747,5.89350645575038,0.7745930132062656
33,101,6.138613861386139,154.36633663366337,11.663674104886288,11.106999198969268,0.30524838994078773
34,58,6.224137931034483,199.05172413793105,9.338374762257184,7.979491434515268,0.5194777804238606
35,120,5.466666666666667,481.3,15.019841727637326,10.690178203953387,0.7024459676158981
36,12,7.5,590.6666666666666,4.464216783173839,3.409739589526534,0.645460725553083
37,61,7.459016393442623,97.18032786885246,12.154549881632128,6.537288878187821,0.8430424329189653
38,20,7.25,170.25,5.138093031466052,4.9396356140913875,0.2752409412815902
39,66,7.681818181818182,243.8181818181818,10.280260646822805,8.30028634627026,0.5900039215062063
40,104,7.519230769230769,406.1826923076923,13.131802925770497,10.172381704982442,0.6324060143495346
41,92,7.217391304347826,431.4021739130435,16.948201379922146,7.296609594428557,0.9025790694017709
42,45,7.955555555555556,18.333333333333332,8.275517128497286,6.884426078387912,0.5549213363938115
43,68,8.455882352941176,48.38235294117647,11.06229833928085,8.012271195410165,0.689499345572946
44,32,8.46875,192.5625,6.71000743833374,6.156108769141905,0.397846822740183
45,100,8.53,234.27,13.575328037732866,9.853408987144704,0.6878718985247252
46,94,7.829787234042553,260.20212765957444,12.873303858715934,9.415421490296547,0.6819581180043609
47,27,8.444444444444445,326.1111111111111,6.6829749292266225,5.219107266882876,0.624586437028876
48,30,8.266666666666667,336.23333333333335,6.772811242560857,5.714321684774641,0.5367915669224276
49,37,8.675675675675675,58.0,7.484203558344425,6.395178763278191,0.5194674771072766
50,62,8.548387096774194,540.8387096774194,9.955567586143761,7.92998063505019,0.6045894277206203
51,124,9.629032258064516,291.94354838709677,16.447198249595168,9.752321563502292,0.8052412781831686
52,130,9.561538461538461,529.6153846153846,16.216638207217198,10.348212276873204,0.7699343113073894
53,14,10.5,304.2857142857143,4.20883424647321,4.120630029101703,0.2036532699906393
54,108,9.685185185185185,467.3240740740741,17.533790470431587,8.324666586067018,0.8801053256359123
55,61,10.639344262295081,10.131147540983607,10.507343882805,7.388073565228891,0.7110570997328306
56,41,10.390243902439025,114.60975609756098,7.840164137703196,6.78592517552359,0.5008509327731246
57,121,10.826446280991735,70.97520661157024,13.256161641109319,11.666747077455467,0.4747884728531366
58,59,11.457627118644067,106.57627118644068,10.270869643717141,7.402311283882832,0.6932374074800658
59,64,11.703125,251.796875,9.126786111927347,8.951617885451217,0.19497989727250128
60,36,11.75,576.3888888888889,7.717166101518955,5.936987156577753,0.6388609878839122
61,16,12.5,189.0,4.898979485566356,4.0,0.5773502691896258
62,14,12.071428571428571,194.42857142857142,6.15381613367502,2.8728028078016195,0.8843456331279771
63,22,12.090909090909092,352.8181818181818,5.937917859198171,4.718240419313138,0.6071397131524267
64,133,12.706766917293233,458.9172932330827,16.247080955432246,10.732135042646327,0.7507752493000797
65,105,11.885714285714286,497.15238095238095,17.634578343322048,7.781737177604343,0.897370849545668
66,34,13.0,143.73529411764707,7.062744009319357,6.082478096334383,0.5082559240684966
67,23,13.173913043478262,209.0,5.405311397537409,5.360360002581718,0.12869789041755736
68,18,12.88888888888889,375.72222222222223,5.076445469458138,4.46191816837747,0.47692249040608053
69,36,13.472222222222221,558.1388888888889,7.251650054506427,6.2878476664992755,0.49814805357478653
70,19,13.157894736842104,341.5263157894737,6.017518285455349,3.921670738988875,0.7584691145965126
71,112,13.669642857142858,435.8482142857143,19.614229860927644,7.541980957189743,0.9231184173530258
72,65,13.907692307692308,123.35384615384615,12.232189537799863,7.024356657276004,0.8186787460494117
73,19,14.105263157894736,213.42105263157896,5.544698233777089,4.2956952169149805,0.6322808964466017
74,82,13.939024390243903,38.02439024390244,13.099932554788099,8.038373183866758,0.7896019197681207
75,129,14.162790697674419,220.52713178294573,15.75281592950957,10.547888907879974,0.7427331665866226
76,107,16.11214953271028,241.51401869158877,12.994501649565194,10.577009107317805,0.5809204326399308
77,95,15.873684210526315,53.85263157894737,11.208940750323494,10.830222494385701,0.2577455035657566
78,119,16.126050420168067,180.0924369747899,14.237836063773962,10.9721870972336,0.6372757370536041
79,126,16.61111111111111,262.08730158730157,16.763235294057843,9.804834725677296,0.8111046207654266
80,72,17.055555555555557,17.666666666666668,10.37295304924918,8.864236264013101,0.5193644967247203
81,26,16.807692307692307,82.46153846153847,6.178606362213723,5.347340852240754,0.5009768603263872
82,105,17.561904761904763,273.4,14.989336226713785,8.99171091851617,0.8000945925966806
83,38,17.026315789473685,171.55263157894737,9.173100704053818,5.292385863391573,0.8167821302806187
84,121,16.66115702479339,288.7107438016529,19.519251849271296,8.423987402081178,0.9020778848048872
85,105,17.466666666666665,527.7523809523809,17.533460396528774,7.828999385359837,0.8947748296299017
86,69,18.057971014492754,44.3768115942029,10.640703687365608,8.474206866811247,0.604776369459481
87,39,18.05128205128205,322.9230769230769,7.99479284099018,6.238661256011501,0.6253547668161491
88,14,18.5,104.71428571428571,4.20883424647321,4.120630029101703,0.2036532699906393
89,81,19.358024691358025,193.88888888888889,13.158866768300337,8.000199687718975,0.7939597971621469
90,49,18.53061224489796,228.14285714285714,8.4317656514124,7.504592305757213,0.4558862353294046
91,30,19.033333333333335,350.26666666666665,7.357304196176974,5.129767968374509,0.7168428964397574
92,39,18.487179487179485,482.8974358974359,7.783369831165543,6.3299863128505045,0.5818855858302494
93,126,18.746031746031747,499.13492063492066,19.57275484551252,8.460733569227251,0.9017437636444672
94,52,20.48076923076923,127.1923076923077,9.373988811341242,7.135496900242471,0.6485151203126879
95,101,20.03960396039604,440.7524752475247,15.543566682242904,8.734027265546374,0.8272009225375175
96,107,20.49532710280374,457.5607476635514,19.61252753157596,7.4457305014305115,0.925133659375422
97,53,20.22641509433962,93.84905660377359,8.684948621646132,7.774542298553976,0.44571636338713033
98,20,20.75,385.95,5.700651850964227,4.388914270534128,0.638168270197698
99,65,20.76923076923077,401.95384615384614,11.300626496392209,7.385671836830148,0.7568720825096135
100,39,21.0,77.41025641025641,7.358929688062399,6.700505834281467,0.41344911529736145
101,27,21.703703703703702,133.55555555555554,6.08167276575676,5.650626522907974,0.36976895853305364
102,97,22.24742268041237,474.8453608247423,12.717243908597682,9.817001822251996,0.6356903771794601
103,58,20.948275862068964,549.3103448275862,12.499077506293435,6.190893614889912,0.8687174125462759
104,85,21.541176470588237,2.552941176470588,15.553210056016614,7.168709124900905,0.8874442433288536
105,56,22.910714285714285,152.35714285714286,10.079143685392484,7.047770331874151,0.7148840980112092
106,52,22.403846153846153,234.28846153846155,8.53413734150248,7.814974426072037,0.4017918246508462
107,232,22.935344827586206,303.1681034482759,20.05763142516553,14.853305103713705,0.6720218024234645
108,98,24.744897959183675,83.39795918367346,13.815237480817247,9.276520482239576,0.7410315447387825
109,49,23.183673469387756,207.87755102040816,8.911374124680966,6.984792617633035,0.6210051781479468
110,29,23.03448275862069,217.82758620689654,7.053345083630861,5.195868860398094,0.6762707589523915
111,131,24.12213740458015,285.0381679389313,17.110128290526053,9.797405476704988,0.8198289253310416
112,126,24.07936507936508,523.5555555555555,16.88073175434615,9.928407291763259,0.8087516524406089
113,35,24.17142857142857,241.2,8.613518396900636,5.335590437435226,0.7850410163156731
114,21,24.19047619047619,325.04761904761904,5.602338368222782,4.700240723391253,0.544164764908731
115,72,24.98611111111111,48.06944444444444,10.254926345522097,9.09704560471896,0.46159594247648766
116,25,25.28,187.6,6.550236636946791,5.059644256269406,0.6350915593698412
117,134,25.19402985074627,251.17164179104478,14.856474570566673,11.99761521382766,0.5897743079114419
118,97,25.24742268041237,261.5154639175258,12.719909101918839,10.221464207697556,0.5951967973898662
119,80,26.1,104.6,11.867384169844492,8.743294171267737,0.6761653466794195
120,15,25.6,129.06666666666666,4.9746021616473675,3.771236166328254,0.6521405955174382
121,31,25.64516129032258,146.06451612903226,6.813781933146205,5.792730482588427,0.5265420511156836
122,175,25.605714285714285,433.18285714285713,20.893698820870576,11.188622254330435,0.8445338149516455
123,101,26.287128712871286,170.32673267326732,11.956377359679768,10.83074397007148,0.42358795522097775
124,67,26.0,348.3731343283582,10.711541796356784,8.047766646498546,0.6599411464620978
125,31,27.419354838709676,363.5483870967742,6.425754631219991,6.063143290049411,0.3311758133602729
126,127,27.11023622047244,416.99212598425197,13.596554186869174,11.953045541898407,0.4765946785816402
127,11,27.181818181818183,513.1818181818181,3.8138503569823694,3.6725472503134826,0.26967994498529707
128,14,27.5,88.5,4.780914437337574,3.5456210417116734,0.6708203932499369
129,102,27.235294117647058,457.79411764705884,16.07199830322215,8.385877123579057,0.8530865603511879
130,60,27.25,335.4,10.645020149054213,7.2427121549570925,0.7328548535197577
131,70,28.6,484.6142857142857,10.08075425248036,8.851681831839615,0.4785187490905053
132,82,29.317073170731707,572.060975609756,13.158080852196111,7.989430511569996,0.7945581000584213
133,9,29.0,478.0,3.265986323710904,3.265986323710904,0.0
134,25,29.48,53.12,6.3017497528676945,5.235565876983303,0.5565539752436017
135,25,29.16,158.36,6.682232626394815,4.756528894766083,0.7023646547684457
136,106,29.68867924528302,216.18867924528303,14.928062447675686,9.066555870911502,0.7944345221281915
137,21,29.904761904761905,564.7619047619048,6.002267145367136,4.646213682914464,0.633092125583895
138,70,30.042857142857144,354.98571428571427,9.982296504777251,9.069948212219547,0.41766005544653745
139,20,30.3,390.15,5.556341125566584,4.574611819197062,0.567586589848995
140,216,30.01388888888889,497.6111111111111,19.85826113737416,14.263549604355308,0.695766744500643
141,86,30.441860465116278,240.98837209302326,12.886342600471057,8.557731298235103,0.7476498812574263
142,144,31.40277777777778,9.256944444444445,13.817596791871294,13.340823373389822,0.2604208506118562
143,98,31.051020408163264,190.19387755102042,12.842079353173181,9.99536493843442,0.6278564375951082
144,42,31.261904761904763,229.54761904761904,9.080301571461122,5.922921845669988,0.7579759462135918
145,77,31.064935064935064,279.5064935064935,12.713282812144994,7.896597275903806,0.78370780364748
146,88,31.943181818181817,466.75,14.24308546624061,8.039173965915781,0.8254833726116431
147,93,32.31182795698925,21.49462365591398,12.353932074664643,9.603786501569921,0.6290225858331479
148,25,32.4,112.96,6.013280646736604,5.212950782770064,0.49847115663273783
149,82,32.36585365853659,179.67073170731706,11.858038650870308,8.927809203673117,0.6581453613168922
150,17,32.0,559.3529411764706,4.752708206288037,4.538188593408449,0.2970442628930025
151,94,32.92553191489362,121.07446808510639,12.635376990485716,9.524861360423289,0.6570753930489974
152,169,33.13609467455621,323.8757396449704,16.808124713905244,12.931192312023127,0.6388374211130459
153,43,33.0,346.5348837209302,8.613196123372816,6.435937346904849,0.6645787272136429
154,68,32.26470588235294,442.94117647058823,14.227568201153058,6.300313495403372,0.8966083894851294
155,143,32.79020979020979,520.965034965035,17.377899661642,10.722088101462395,0.7869665787021342
156,62,34.016129032258064,129.66129032258064,9.343359721939883,8.539695250728682,0.4057468629893618
157,24,33.708333333333336,136.5,6.345581823718531,4.799911131890732,0.654088748265351
158,119,34.378151260504204,428.60504201680675,15.494662693634853,9.953107965393508,0.7664054033733235
159,69,34.63768115942029,166.04347826086956,11.047038677713426,7.92028044675345,0.6971147179592789
160,34,35.38235294117647,386.3235294117647,9.335586087384398,4.766061740657745,0.8598621690831517
161,67,34.76119402985075,60.19402985074627,10.210171095610923,8.46583888516041,0.5590152158506642
162,34,34.5,89.0,7.392571411289448,5.7545281136978454,0.6277433712160546
163,60,35.166666666666664,209.0,10.496981179308465,7.503484191369547,0.6993053661094583
164,23,35.08695652173913,366.5652173913044,6.028264301748739,4.808655477831726,0.6030744410856831
165,113,35.07079646017699,455.56637168141594,16.180902845014753,9.06277553449151,0.8284311958369169
166,50,34.66,304.74,9.536490022674935,6.7085138478966755,0.7107374895975542
167,149,36.73154362416108,337.5302013422819,14.528521118458054,13.135178051765577,0.42732937539226296
168,25,36.2,45.76,6.132060986158656,5.17264227083518,0.5370654454079513
169,30,36.4,399.03333333333336,6.5027447357786885,5.882448451979113,0.426240071579259
170,37,36.0,156.0,6.8339375694179925,6.8339375694179925,0.0
171,86,36.56976744186046,222.38372093023256,12.63113302327926,8.774820497445747,0.7193017082297725
172,31,37.12903225806452,242.6451612903226,6.80663269166524,5.872441422287169,0.5056259524740907
173,144,36.625,258.44444444444446,14.467078121158456,13.464514726091611,0.36578251926642075
174,113,36.15929203539823,293.4513274336283,14.361297336774063,10.030019275298526,0.7157015877837278
175,23,37.0,405.17391304347825,5.40531139753741,5.36036000258172,0.12869789041755691
176,26,36.96153846153846,102.57692307692308,6.672873004524407,5.020017581281661,0.6588180918833456
177,64,36.859375,249.265625,10.373957161726299,7.995980259272007,0.6371082137044407
178,90,37.0,544.9333333333333,11.608580422290787,9.974009253013906,0.5116518866293747
179,73,36.917808219178085,233.63013698630138,11.822598967998445,7.983577306957935,0.7375604880737331
180,47,37.255319148936174,565.1914893617021,8.27141774245909,7.2696333370860104,0.4770318452126937
181,36,38.666666666666664,143.22222222222223,7.031660887021651,6.496927439765986,0.3825048952750611
182,58,37.86206896551724,173.48275862068965,9.945020331485264,7.626711295455479,0.6417816116015206
183,33,38.303030303030305,192.42424242424244,8.48411211409103,4.951705009258031,0.8120093273072697
184,21,37.714285714285715,361.0952380952381,6.0795957277493695,4.414977975750349,0.6874877446571902
185,82,37.890243902439025,53.0609756097561,12.907096053770232,8.274763671216814,0.7674557752489438
186,52,38.94230769230769,203.3846153846154,9.163045590229112,7.364364316325759,0.5950310907138585
187,47,39.212765957446805,2.0638297872340425,11.209987083906306,5.332945629738298,0.879590472361851
188,34,39.5,110.70588235294117,6.964069923269997,6.154864169189802,0.4678596948487089
189,140,39.857142857142854,280.0,16.04939259544558,11.35047681147664,0.7069919623559454
190,113,39.743362831858406,443.60176991150445,14.82649035546405,10.46950500169989,0.7080771456421637
191,25,39.76,184.08,6.789548097289693,4.824731768149388,0.7035844842150075
192,84,40.095238095238095,594.3095238095239,11.520914085714857,9.343704822430727,0.5850168527181799
193,84,40.42857142857143,27.333333333333332,10.674962657905697,10.037788122535188,0.34031550071303207
194,123,40.447154471544714,80.79674796747967,13.390779754520262,11.917639591635309,0.4559830287365009
195,75,40.68,132.77333333333334,13.057286603897085,7.537030058268664,0.8165830989286016
196,104,41.23076923076923,17.625,13.800744864901793,9.709970340537781,0.710613026748692
197,6,41.5,580.0,3.265986323710904,2.0,0.7905694150420949
198,31,41.12903225806452,161.19354838709677,7.2893268925888135,5.441769183866963,0.6653412921552375
199,60,41.1,313.6666666666667,10.362706887956623,7.448256720637293,0.6952625083584102
200,50,41.32,365.18,8.670225100548942,7.361412684112413,0.5283202732375593
201,48,42.0,45.5,8.602587034271405,7.023448558302313,0.5774381018295128
202,122,39.83606557377049,69.32786885245902,17.21924803878839,10.60018541031473,0.7880580392747507
203,39,42.02564102564103,104.56410256410257,7.909408243522697,6.343247629910324,0.597340631104224
204,90,42.18888888888889,375.8888888888889,12.132808380533586,9.453036500133644,0.6268622253740145
205,76,41.39473684210526,555.8552631578947,11.498103194922336,8.40533036814063,0.6823572497981159
206,47,42.5531914893617,60.93617021276596,8.447718762518027,7.02079396761845,0.5561415906499417
207,66,42.65151515151515,237.62121212121212,11.651048359742001,7.312240862119945,0.7785329903129845
208,23,42.52173913043478,399.60869565217394,5.656854249492381,5.223185188758681,0.3839896028838194
209,37,43.189189189189186,166.7027027027027,7.044383248512979,6.7911370668848985,0.26572121250775155
210,51,44.0,262.80392156862746,10.115625531922825,6.576857190884662,0.7597903798876647
211,104,43.74038461538461,452.1442307692308,15.346565373875185,8.926761632149114,0.8134190427851614
212,101,43.40594059405941,269.16831683168317,18.24452791527011,7.266345935112359,0.9172659031650477
213,88,43.71590909090909,496.07954545454544,11.715121996148143,9.793304303316093,0.5487993596746655
214,23,43.95652173913044,572.6086956521739,5.590099718030309,5.242902365874442,0.3469309621252996
215,114,43.58771929824562,120.3157894736842,14.912208459210564,9.811128038632466,0.753082679282042
216,46,43.95652173913044,143.2391304347826,12.237098168313215,4.925928397172946,0.9154021490115904
217,82,44.25609756097561,178.3780487804878,13.188781633633605,8.25732064266731,0.7797534585844966
218,154,45.616883116883116,433.5584415584416,17.20051721809078,11.535327449393089,0.7417844217880019
219,117,44.63247863247863,196.65811965811966,13.979823395136762,10.922568499672302,0.6241438149905477
220,82,45.23170731707317,209.1219512195122,11.31392887038178,9.258904671558755,0.5747011711528449
221,123,44.90243902439025,225.66666666666666,15.124636427518588,10.781564548918759,0.7013187176578634
222,46,44.52173913043478,245.45652173913044,8.64722393319667,6.875657611277995,0.6064404671951674
223,166,44.7289156626506,515.933734939759,17.70836107417941,12.33123959352462,0.717701134875245
224,90,45.333333333333336,527.1333333333333,11.111889992134575,10.731951811836856,0.25925852583954523
225,45,45.28888888888889,542.9555555555555,9.853839262470428,5.904936201389706,0.8005602021187768
226,4,46.5,84.5,2.0,2.0,0.0
227,42,45.857142857142854,109.92857142857143,8.075915835935728,6.7252184353163775,0.5536492896086147
228,121,45.28099173553719,321.2396694214876,12.634150056148005,12.466716819677126,0.1622628746155213
229,25,46.72,215.72,7.829214517489035,4.403930067466892,0.8267975539687037
230,38,46.973684210526315,277.7631578947368,9.817002610032278,5.148528545245939,0.8514411514660605
231,175,46.57142857142857,421.16,16.315396336123513,13.773350397442075,0.5360386669556418
232,12,46.833333333333336,582.0,4.320493798938574,3.590109871423003,0.5563486402641867
233,47,46.148936170212764,13.02127659574468,12.180748169460463,5.382317983041697,0.8970786589281998
234,113,48.017699115044245,253.49557522123894,13.19767112967109,11.099400088700769,0.5410164304857548
235,14,48.142857142857146,536.2857142857143,4.886449919442066,3.6533678956139886,0.6640898370553369
236,24,48.083333333333336,9.083333333333334,5.773502691896257,5.270462766947298,0.40824829046386313
237,47,48.48936170212766,65.55319148936171,10.813872316956793,5.888349501675867,0.838749074016798
238,59,49.067796610169495,49.54237288135593,9.372559836877246,8.007537027796186,0.5196821843981753
239,7,49.714285714285715,101.42857142857143,4.0,2.2131333406899527,0.8329931278350429
240,56,49.535714285714285,172.98214285714286,10.522826460141447,6.997063584100913,0.7468954782865316
241,112,48.61607142857143,299.16964285714283,14.822048174397843,9.931307442007135,0.7423285099133741
242,43,49.76744186046512,115.83720930232558,8.613598769981529,6.630115466768053,0.6383737725886702
243,130,49.93846153846154,590.5538461538462,13.570982870829857,12.290017029857966,0.4241115777385607
244,83,49.95180722891566,36.55421686746988,11.179330148354232,9.89577369642609,0.46523948543076166
245,37,51.08108108108108,192.54054054054055,7.795957332949785,6.147704378981119,0.6149373849995398
246,23,50.91304347826087,1.434782608695652,7.078622165629161,4.038906779267536,0.8212433457062595
247,31,50.516129032258064,362.258064516129,7.308640901077845,5.665217939119241,0.6317898369269385
248,119,51.72268907563025,367.2352941176471,17.42781836205364,10.578412525976859,0.7947138050283176
249,10,51.0,376.2,3.9191835884530852,3.0983866769659336,0.6123724356957946
250,37,50.45945945945946,449.7027027027027,7.978849516476614,5.870695058207923,0.6772183005147582
251,91,51.54945054945055,57.48351648351648,12.419354171287122,9.48809049626528,0.6452444719445414
252,18,51.5,89.22222222222223,5.258737584977436,4.268749491621899,0.5840132092439594
253,44,51.40909090909091,202.4090909090909,8.286792918148022,6.991622282417456,0.5368045181820811
254,43,51.325581395348834,273.1162790697674,8.213986368766804,6.91573171734431,0.5395620347243696
255,19,51.578947368421055,30.68421052631579,6.150039219685437,3.8740214928519525,0.776661503145017
256,41,52.02439024390244,109.48780487804878,8.123893061603678,6.495043171134026,0.6006676174985266
257,49,52.3469387755102,152.46938775510205,10.147470043472035,6.206171538844674,0.7911687482643489
258,92,52.33695652173913,220.77173913043478,13.786084137593626,8.826227747429142,0.7681855077948091
259,42,52.142857142857146,280.3095238095238,7.6717529275111875,6.9726702146106,0.41706698095924716
260,83,52.01204819277108,306.8072289156627,12.454372446674663,8.505286951779166,0.7304971558321065
261,33,52.0,261.93939393939394,6.748816283110443,6.303018530580543,0.35741857234342406
262,83,53.602409638554214,123.12048192771084,11.785663880022176,9.04203018173554,0.6414009634023119
263,38,52.6578947368421,357.7105263157895,8.502266764109335,5.7558441970225545,0.7360036150559449
264,136,53.705882352941174,144.39705882352942,14.817887064286985,11.854267103265927,0.6000038285216933
265,36,54.0,162.5,7.495616704323819,6.058433717616346,0.5888208932815623
266,156,53.46153846153846,182.92307692307693,16.35277965890418,12.297865058671537,0.6591230062030322
267,102,54.53921568627451,315.03921568627453,12.241481472444248,11.074562705861027,0.42610219097851026
268,51,53.450980392156865,44.470588235294116,11.257655026975335,6.068011111490526,0.8422980871863013
269,48,54.1875,65.79166666666667,9.755667810719771,6.316908615436429,0.7620555464559196
270,77,53.20779220779221,241.62337662337663,13.875922447552442,7.151766394943779,0.8569447037051661
271,224,54.808035714285715,490.97767857142856,18.651557210959457,15.687360059841893,0.5409183875603141
272,56,55.55357142857143,337.5357142857143,10.707815865342363,6.728770531331121,0.7778919590378485
273,99,56.37373737373738,169.8080808080808,12.735451815102063,10.76443005188951,0.5343972225972318
274,18,56.388888888888886,190.22222222222223,6.318284641858517,3.5873949658833078,0.8231804147720326
275,145,55.97931034482759,512.2137931034483,15.796257023899345,12.013875254745042,0.6492769966997146
276,124,57.274193548387096,396.93548387096774,18.60061737824744,8.760566318561871,0.8821425235262214
277,63,57.22222222222222,101.63492063492063,10.340718084915485,7.911469104474092,0.6439361005726811
278,15,57.13333333333333,428.46666666666664,4.618802153517007,4.061745656460751,0.47609522856952347
279,59,57.50847457627118,570.8983050847457,10.052459372794097,7.4652926475117045,0.6696981034057989
280,29,58.10344827586207,221.06896551724137,9.9168068856203,3.6619143326624295,0.9293247569159061
281,6,58.0,326.5,3.265986323710904,2.0,0.7905694150420949
282,49,57.57142857142857,371.2244897959184,10.458835889142533,6.034787986864148,0.8167414657831878
283,42,57.833333333333336,53.904761904761905,10.354979728325839,5.380216578063375,0.8544232036442807
284,20,58.25,115.35,5.9180572695723335,4.429062897957317,0.6632497744049433
285,99,58.96969696969697,73.21212121212122,12.503351611629563,10.171373166135233,0.5815764790244997
286,10,57.1,451.8,4.098780306383839,3.0983866769659336,0.654653670707977
287,61,58.80327868852459,108.91803278688525,10.189216731596067,7.973977900829416,0.6225376129059343
288,107,58.74766355140187,197.11214953271028,12.963950196668316,10.666836299643826,0.5683200773114517
289,49,59.244897959183675,596.2244897959183,8.979599541380768,6.967039308378961,0.6308876904659648
290,35,60.08571428571429,44.8,7.638519592810023,5.921730826479518,0.631659583180151
291,24,60.125,205.16666666666666,6.080949952409885,5.065662500125242,0.553215744002712
292,93,59.73118279569893,239.09677419354838,14.366982604820244,9.112433926399277,0.7731180166352193
293,155,60.012903225806454,273.96774193548384,16.508647239847264,12.049900074463697,0.6835385169522915
294,46,60.28260869565217,288.8695652173913,9.916450359607104,6.009485647498436,0.7954556763503318
295,44,60.15909090909091,31.318181818181817,8.167286355720925,6.8222699644584806,0.5497691864953075
296,60,61.516666666666666,95.13333333333334,9.521336588908603,8.131539051033824,0.5202182474435267
297,42,60.61904761904762,590.0238095238095,7.808917185600638,6.895425257802212,0.4693365147931575
298,21,61.714285714285715,58.61904761904762,6.149654450232699,4.585828464420734,0.6662761872973523
299,16,61.75,138.625,4.837183752516743,4.165531580049303,0.5083541641390434
300,17,61.411764705882355,346.11764705882354,5.181899763382574,4.0412010400023215,0.6259432312521288
301,29,61.44827586206897,410.3103448275862,6.258786926641891,5.866529742934273,0.3484510929203089
302,36,61.52777777777778,537.7222222222222,7.454536913704505,6.152205497919969,0.5646991974437976
303,72,62.013888888888886,64.84722222222223,10.578728573884819,8.70137681922788,0.56871417626735
304,5,62.2,417.4,3.098386676965933,1.7888543819998317,0.816496580927726
305,39,62.35897435897436,50.8974358974359,7.373606052314154,6.958840639240406,0.33065987977398414
306,169,61.5207100591716,228.62721893491124,16.072929936850937,13.79129580386405,0.5135746523988782
307,25,62.76,126.44,7.6737392168202145,4.134552748754751,0.8424385416516097
308,7,62.714285714285715,210.0,3.0237157840738176,2.7994168488950604,0.3779644730092273
309,28,62.57142857142857,301.92857142857144,6.365775447980056,5.646686303594388,0.46169594511237294
310,70,63.114285714285714,39.0,11.010354178516973,8.151615518257188,0.6722116153185176
311,81,63.2962962962963,82.67901234567901,10.931905054496868,9.4859616615925,0.49703271671670984
312,62,63.96774193548387,120.40322580645162,10.337660715844857,7.979721493086118,0.6357344302055479
313,54,63.0,508.55555555555554,11.94224786003947,6.158402871356008,0.8567800313736688
314,9,64.0,178.0,3.265986323710904,3.265986323710904,0.0
315,76,64.35526315789474,21.63157894736842,10.947959696095769,9.011892179410907,0.5678135032075943
316,64,64.640625,326.1875,9.444071923389922,8.627317036937855,0.4068013182674821
317,13,64.61538461538461,364.38461538461536,4.318667337728677,3.6794648440311994,0.523556754446835
318,14,64.5,370.2857142857143,4.20883424647321,4.120630029101703,0.2036532699906393
319,51,65.3529411764706,14.019607843137255,8.92951361977761,7.689427842646703,0.5083932061449574
320,77,64.92207792207792,169.98701298701297,12.384756400440574,7.978772953334307,0.7648222033843874
321,45,65.4,289.9111111111111,9.721393643839566,5.922394155668459,0.7930070467308146
322,29,65.27586206896552,308.58620689655174,6.278954609436002,5.818841337079276,0.3757492863864437
323,45,66.28888888888889,359.1111111111111,8.791649188665017,6.754147576246564,0.6401549723999884
324,51,65.45098039215686,555.5882352941177,8.736889194873495,7.42371848257056,0.52726945097761
325,93,65.65591397849462,3.3978494623655915,13.16891750198932,9.451747847161622,0.6963198919893955
326,58,66.24137931034483,133.86206896551724,9.493707943984251,7.839672991486983,0.5639987153950189
327,5,66.4,190.2,3.098386676965933,1.7888543819998317,0.816496580927726
328,50,66.6,545.16,9.245337893814884,7.1016988973900155,0.6402838628320129
329,115,67.0,110.06086956521739,14.352106411402094,10.875238083395493,0.6525506778283037
330,34,66.79411764705883,588.8823529411765,7.440205137494123,5.879389674492754,0.6128248624746102
331,17,67.29411764705883,61.294117647058826,5.552178461271106,3.917438540018216,0.7086423846392491
332,50,67.94,318.94,8.710254045804437,7.300429744716912,0.5454520952120278
333,59,67.55932203389831,55.45762711864407,9.414477165576772,8.006006868869383,0.5261477878798724
334,89,68.65168539325843,100.04494382022472,13.094764932608763,8.855439667408435,0.736664852336858
335,23,67.69565217391305,139.65217391304347,7.036387726161026,4.163213657280441,0.8061808718004787
336,18,68.16666666666667,145.72222222222223,5.28913906753229,4.283222569354137,0.5866857344558972
337,35,68.17142857142858,204.42857142857142,6.968963939314748,6.460560945845155,0.3749437825526594
338,157,68.13375796178345,424.62420382165607,16.718883925414108,12.055998907905108,0.6928302677682894
339,115,66.73913043478261,482.30434782608694,15.316481482775709,9.828958213486214,0.766935417684466
340,48,67.5,47.4375,10.765251885101293,6.113933691467088,0.8230753081825924
341,41,68.39024390243902,77.09756097560975,8.61604909713273,6.344125907472308,0.6766389504211854
342,42,68.66666666666667,338.57142857142856,8.907879163554032,6.026117149582344,0.7364491393001102
343,45,68.0,512.6222222222223,8.800741431012723,6.606154043928316,0.6607158816352423
344,42,68.61904761904762,595.047619047619,7.707899996070076,6.924181303293387,0.4393362958599345
345,16,68.5,175.0,4.898979485566356,4.0,0.5773502691896258
346,96,69.55208333333333,219.26041666666666,11.499062199210238,10.9152689530067,0.31457919885978397
347,55,70.7090909090909,25.418181818181818,9.212145349351495,7.797595383507723,0.5324725348966654
348,124,70.5725806451613,155.58064516129033,15.05641170950769,10.531978568779836,0.7146313901475339
349,50,70.88,475.0,8.967904762236213,7.109590999168733,0.6095056504233036
350,104,70.25,503.28846153846155,12.060479775945184,11.061975988995718,0.3984072675933748
351,50,71.02,43.0,9.57496284718857,6.656852595255402,0.718782175296074
352,88,71.01136363636364,182.73863636363637,12.798581567440419,8.975289075779436,0.7128936406014432
353,9,71.0,368.0,3.265986323710904,3.265986323710904,0.0
354,59,71.49152542372882,8.440677966101696,10.87873463443167,7.119018454952043,0.7561505846235762
355,135,70.02962962962962,259.06666666666666,22.269567868125073,7.879396735812456,0.9353139041404952
356,39,71.94871794871794,16.435897435897434,7.791281116266908,6.389768415850204,0.5721947008513039
357,15,72.26666666666667,35.93333333333333,5.258554520990449,3.5691337129452037,0.7343887778710586
358,63,71.87301587301587,71.28571428571429,10.025139476734717,8.189951994352471,0.5767206126250488
359,21,71.9047619047619,124.71428571428571,6.0795957277493695,4.414977975750349,0.6874877446571902
360,108,72.64814814814815,250.05555555555554,15.695774876643949,8.905962968648689,0.8234343956665678
361,19,72.47368421052632,309.63157894736844,5.695310541255228,4.169006159014704,0.681297303141852
362,13,72.0,65.15384615384616,5.203549084703927,3.076923076923077,0.8064425896179158
363,24,72.0,193.70833333333334,5.7130455003342036,5.291502622129181,0.3769982222431136
364,93,73.04301075268818,231.31182795698925,14.710790862225522,8.6002462674893,0.811306089461195
365,33,72.06060606060606,324.6969696969697,6.864525984466828,6.368861505364345,0.3730945111802792
366,48,72.125,331.2708333333333,8.424962961734881,7.252336725655003,0.5089175564973631
367,151,72.28476821192054,577.4701986754967,15.724271450684803,12.819370216256075,0.5790950376019219
368,45,73.77777777777777,59.955555555555556,10.06290658748919,6.164825342643036,0.7903708500421108
369,30,73.63333333333334,79.4,7.7854495081139605,4.872610338634074,0.779934502352391
370,17,72.88235294117646,133.58823529411765,5.181899763382574,4.041201040002321,0.625943231252129
371,34,73.5,91.76470588235294,7.394018235129016,5.997673962003649,0.5848351489919287
372,74,73.52702702702703,387.77027027027026,10.696712555663888,8.900040878861354,0.5547229060162064
373,100,74.35,455.27,15.381803865206232,8.330288701619327,0.8406571160996478
374,170,74.8529411764706,488.5764705882353,18.765023883557173,12.177083094812637,0.7608528359681681
375,40,73.975,553.925,7.905913594891791,6.371540648077603,0.592023288929422
376,71,74.74647887323944,119.63380281690141,13.784697396718421,6.725375786838927,0.8729067506785965
377,115,75.74782608695652,540.3478260869565,14.608848517880036,10.186632451866643,0.7167872335802663
378,33,75.33333333333333,102.96969696969697,7.283563766464043,5.779243284909353,0.6086176089401281
379,33,75.45454545454545,113.72727272727273,6.690791515334733,6.320566615569441,0.3280323158384451
380,59,75.28813559322033,145.66101694915255,9.53700463941694,7.8964050502396095,0.5607644500165924
381,31,76.48387096774194,12.612903225806452,7.397771872074003,5.426965225397975,0.679587387164962
382,68,76.82352941176471,22.705882352941178,12.855678941684534,7.056227212734906,0.8359010477103109
383,56,76.21428571428571,53.82142857142857,8.63652145530886,8.42749915751695,0.21867449693525592
384,275,75.23272727272727,267.19272727272727,24.232972228002037,15.506490748844167,0.7684646564145879
385,8,76.5,367.0,3.4641016151377544,2.8284271247461903,0.5773502691896258
386,109,76.34862385321101,562.4495412844037,13.865996849847031,10.04878770748393,0.6890569489880797
387,31,76.38709677419355,239.51612903225808,6.852940193156851,5.752143833378914,0.5435624196586654
388,24,76.5,312.0,5.9106189319130165,5.137890342839634,0.4943475338889465
389,56,76.51785714285714,399.2857142857143,9.776837278379302,7.306705319636967,0.6644321793494778
390,130,78.99230769230769,43.39230769230769,15.44314421709337,12.1844675449023,0.6144076024920345
391,55,76.94545454545455,431.1272727272727,9.895151889609625,7.039958125150252,0.7027313675524017
392,96,76.95833333333333,511.7708333333333,11.561397907929779,10.868886305672168,0.3408949492489532
393,94,76.5,593.1063829787234,13.002574183367535,9.346000849362369,0.6952367525648588
394,31,77.38709677419355,86.74193548387096,6.741070998980903,5.803063642143996,0.508855618853663
395,88,78.375,184.8409090909091,14.966996004091833,7.86635407805088,0.850744169095972
396,45,78.28888888888889,227.57777777777778,8.357692420589006,6.94783665560385,0.5558084324716267
397,85,77.58823529411765,410.47058823529414,10.94471463649272,9.88781729545518,0.4287291255320951
398,35,77.85714285714286,503.0857142857143,7.752326192477818,5.799033155983667,0.6636561048010411
399,64,78.359375,95.46875,10.528024011057319,7.8631214649527434,0.6649640842080939
400,27,78.03703703703704,331.4074074074074,6.670698761353201,5.128900361012664,0.6394050953723056
401,43,78.18604651162791,2.046511627906977,9.648276651464894,5.858526391549829,0.7945416781649821
402,56,79.41071428571429,71.39285714285714,10.025670288543584,7.617864112253601,0.6501149278413512
403,4,77.5,78.5,2.0,2.0,0.0
404,70,78.57142857142857,220.22857142857143,10.753195275947494,8.439352398635863,0.6197202876276563
405,67,79.07462686567165,324.1641791044776,9.414961053680194,9.07197948443539,0.26745417757041806
406,61,79.09836065573771,496.5409836065574,11.747902314948972,6.685085302851291,0.8223063697245259
407,51,79.52941176470588,126.47058823529412,9.828036536505389,6.849191772824103,0.7171650397877006
408,56,79.55357142857143,163.78571428571428,9.250283701901369,7.9242978447492165,0.5158904347939958
409,47,80.25531914893617,8.446808510638299,8.834448526511016,6.836416050848217,0.6333857751203963
410,52,81.15384615384616,201.53846153846155,10.537692630493202,6.246295351877175,0.8053810634069841
411,47,81.08510638297872,207.59574468085106,8.752026022145238,6.902906385009511,0.6147513675089571
412,65,81.56923076923077,64.52307692307693,10.127946221974051,8.143961788271431,0.5944833472513659
413,34,81.3529411764706,112.91176470588235,7.40555025671215,5.819253195063072,0.6184855243727218
414,95,80.86315789473684,172.66315789473686,12.41261741911619,9.8633462459129,0.6071037257934201
415,19,81.63157894736842,191.0,5.49275196357403,4.361920651150207,0.607757077802168
416,32,81.71875,232.625,7.3408527248000075,5.576401731654231,0.6503443873295108
417,32,81.15625,364.6875,6.802663157106282,6.022511848967073,0.46498838388947183
418,96,81.80208333333333,387.8333333333333,12.910430168276065,9.613338597031648,0.6674908575554825
419,92,81.48913043478261,479.94565217391306,14.098533832082287,8.513902881366679,0.7970709310428472
420,55,81.76363636363637,138.54545454545453,9.144307661507135,7.705969632058923,0.5383728844342349
421,35,81.91428571428571,253.45714285714286,6.9608332775755395,6.394182949525377,0.39520146916321086
422,40,82.4,302.65,8.651672536947602,6.24728439511334,0.6917993472727867
423,32,82.71875,28.28125,6.892024376045111,5.913438086257435,0.5136300122400211
424,40,82.425,101.35,7.770255283159561,6.631224082666105,0.5212380077713392
425,40,82.6,582.25,8.360204564880457,6.078402720563355,0.6865698236475218
426,84,82.64285714285714,18.011904761904763,12.924884752936814,8.52165218354753,0.7518612811129497
427,53,83.0,246.58490566037736,9.688538320218502,7.162394889068624,0.6734148979963748
428,21,82.9047619047619,558.3333333333334,6.571522266072484,4.257967572713271,0.7616893806166833
429,49,82.40816326530613,76.16326530612245,10.783601961384763,6.2179337471294716,0.8170194604783838
430,104,82.83653846153847,152.18269230769232,13.547151544655023,9.851477457877783,0.6864265121269079
431,59,83.49152542372882,238.66101694915255,10.105801640524744,7.5710770409704935,0.6623650535667415
432,22,83.45454545454545,315.5,5.749595745760691,4.935953440181175,0.5128352561983234
433,46,83.93478260869566,441.3695652173913,8.62503688357761,6.766846624320446,0.6200547124776726
434,46,83.3913043478261,539.1304347826087,10.514264020085601,5.788846483481587,0.8347884896237592
435,54,84.12962962962963,502.48148148148147,9.182578180796328,7.56198963956209,0.567294690238002
436,35,83.42857142857143,549.6285714285714,7.925036756515664,5.630702692918439,0.7037017770934982
437,89,84.3932584269663,56.59550561797753,11.22446891969147,10.29769909489563,0.3978901146129337
438,26,84.46153846153847,179.6153846153846,6.4665492968781555,5.123938534780095,0.6100329972104461
439,20,84.15,407.75,5.323496810631643,4.806285645609792,0.42996886336900375
440,33,84.63636363636364,435.06060606060606,8.543145113334857,5.068400578913805,0.805002778950167
441,19,84.63157894736842,597.2631578947369,6.275364142840501,3.8214113068520565,0.7932051454545164
442,23,84.78260869565217,194.6086956521739,6.013934515175301,4.820294404911254,0.5979667161426385
443,127,85.75590551181102,278.7716535433071,14.29604423494521,11.662279365705976,0.578376898416922
444,54,84.85185185185185,511.0925925925926,10.428200265123802,6.718234098987497,0.7648257870958446
445,70,83.88571428571429,590.6571428571428,11.775878180139964,7.741098853124822,0.7535687230448799
446,56,85.23214285714286,91.28571428571429,9.018394226331724,8.048969655629355,0.4510358052493998
447,71,85.67605633802818,308.59154929577466,11.077876763921516,8.196695916496218,0.6726995068287829
448,104,86.5576923076923,427.625,12.402340392865362,10.786113146225052,0.493609441694229
449,91,87.2967032967033,4.615384615384615,11.951135212578128,9.727576620912593,0.5809407822815773
450,48,86.47916666666667,131.83333333333334,10.614239655880876,5.906481832583325,0.830869223752212
451,77,86.54545454545455,327.1948051948052,14.431845064828979,7.418197698822424,0.8577806618635787
452,68,86.58823529411765,448.05882352941177,12.985414253050626,6.818592488767805,0.8510428398809329
453,48,87.9375,25.229166666666668,8.491407536080812,7.325290911976046,0.5057655285340865
454,101,87.93069306930693,117.00990099009901,12.506658843240462,10.546460694094034,0.5374938942681106
455,135,87.5037037037037,224.3037037037037,14.330155572752158,12.343850564053698,0.5079444120612414
456,113,87.8141592920354,414.85840707964604,12.194817362215831,11.914398320089457,0.21321609811133924
457,71,88.28169014084507,140.29577464788733,13.003767684810155,7.180296513163226,0.8337312349647679
458,51,88.47058823529412,189.31372549019608,8.59741207783708,7.640565341871468,0.4584789631231575
459,31,87.7741935483871,487.2903225806452,7.862832565670092,5.081132116603689,0.7631498307413548
460,55,88.61818181818182,559.7636363636364,8.791725229656697,8.021960388705088,0.409200721010534
461,44,88.18181818181819,583.7954545454545,9.718806950072981,6.148250955704438,0.7744674540537784
462,48,88.85416666666667,12.229166666666666,9.99142401535343,6.190656178725843,0.7849201094969935
463,109,89.24770642201835,268.11009174311926,13.308783716855661,10.757275026102853,0.5887930090872715
464,140,88.52142857142857,379.1714285714286,15.402084925562246,11.63791588164381,0.6550257842817718
465,102,89.59803921568627,35.19607843137255,12.46373034169051,10.495761084769152,0.5393146808226347
466,35,89.82857142857142,73.4,7.409633059978129,6.169856873124894,0.5537537401363336
467,66,89.5,249.4090909090909,10.467686256860746,8.216290783260487,0.6195977892601707
468,74,88.6891891891892,258.2162162162162,10.926904558756739,8.873643231497754,0.5835305079731347
469,7,89.28571428571429,289.0,3.0237157840738176,2.799416848895061,0.377964473009227
470,29,91.96551724137932,596.6896551724138,11.311166378417816,3.5836148207545353,0.948485353824139
471,15,90.46666666666667,79.86666666666666,4.618802153517007,4.061745656460751,0.47609522856952347
472,103,89.1747572815534,107.86407766990291,14.099061792655027,9.50243623711303,0.7387527904520292
473,49,90.12244897959184,150.40816326530611,10.58120489907386,5.999149079743157,0.8237434276253107
474,34,90.23529411764706,160.1764705882353,7.542472779332877,5.746402263599261,0.6477270723101805
475,71,89.97183098591549,175.74647887323943,10.4208786312019,8.874603735933663,0.5241635711220526
476,41,89.65853658536585,239.6829268292683,8.47523146129158,6.121831175090337,0.6915587314774513
477,10,90.0,352.5,4.381780460041329,2.6832815729997477,0.7905694150420949
478,69,90.2463768115942,49.05797101449275,9.575045890714067,9.177202061282154,0.28526081428646816
479,133,92.7593984962406,95.88721804511279,15.143004117142162,11.718322540240331,0.6333762690433691
480,111,90.0,479.8018018018018,18.545537212247105,7.850651393040697,0.9059813745820843
481,107,90.85981308411215,540.8504672897196,14.277985695589733,9.65331819632401,0.7368116688454236
482,101,90.82178217821782,126.07920792079207,12.409757734755626,10.59063843235732,0.521236651445053
483,82,91.53658536585365,214.78048780487805,10.44615784449464,10.199834327834338,0.21588090668243948
484,113,90.78761061946902,391.56637168141594,14.977585173816278,9.943827792966747,0.7478089741279784
485,102,91.01960784313725,507.55882352941177,16.677821812212873,7.940002944512152,0.8794011460665617
486,15,92.13333333333334,399.8,5.281633700418866,3.5748987412450277,0.7361166193605281
487,75,91.98666666666666,19.333333333333332,11.035195252183815,8.89440892868235,0.5919104067762616
488,85,92.24705882352941,61.83529411764706,13.066195161287009,8.441097195378763,0.7633157028282208
489,105,91.51428571428572,197.9142857142857,13.463888373072722,10.125547050639588,0.6591035339500313
490,26,92.88461538461539,55.03846153846154,7.285610517365946,4.664773957614372,0.7681480946165347
491,50,92.54,358.6,7.96994353806851,7.958291273885369,0.05405473483130438
492,30,93.46666666666667,180.46666666666667,8.88444333277743,4.556801997502683,0.8584503112801212
493,7,92.0,302.2857142857143,3.0237157840738176,2.799416848895061,0.377964473009227
494,121,92.8099173553719,332.75206611570246,13.154284236818182,11.975796139642236,0.4137064741022848
495,58,92.6896551724138,406.17241379310343,9.518727535053099,7.759172988877693,0.5792525524581805
496,55,93.10909090909091,468.5272727272727,10.72788941750977,6.504619481268304,0.7952146786043646
497,15,93.46666666666667,133.86666666666667,4.618802153517007,4.061745656460751,0.47609522856952347
498,15,93.4,323.4,4.618802153517006,4.026578365477733,0.4898979485566357
499,125,93.16,435.0,17.258149645645815,9.492031964152632,0.8351627594805628
500,64,93.5,232.328125,10.361416603333433,8.072694080798941,0.6268859426394006
501,16,93.625,340.0,5.813820066492655,3.7349024397495767,0.7663544622659062
502,30,94.33333333333333,460.5,6.345602151621757,5.96284793999944,0.34204940066382394
503,57,93.71929824561404,582.9824561403509,11.220318712104051,6.574556465668268,0.8103465173861771
504,55,94.54545454545455,367.8181818181818,8.953153206907475,7.895163686530729,0.471566481126824
505,76,94.17105263157895,496.44736842105266,13.001334337942524,7.492466255205373,0.8172492164033223
506,22,94.13636363636364,557.5,6.8527597247421435,4.135915842643723,0.7973325844756795
507,55,95.6,67.9090909090909,9.794438756361954,7.315886315981871,0.6648882089947583
508,76,95.96052631578948,257.8157894736842,13.723712299165685,7.590663309829458,0.8331110969020535
509,65,95.70769230769231,85.01538461538462,9.998768007824992,8.306155084646115,0.5566936769414091
510,31,96.2258064516129,119.38709677419355,7.636664488760357,5.268620180640724,0.723894031458836
511,53,96.16981132075472,151.64150943396226,9.17681111419033,7.54762406671846,0.5688128663447574
512,78,97.7948717948718,159.62820512820514,12.174572363735779,8.501732707458114,0.7157868816918234
513,54,94.74074074074075,188.2962962962963,11.451605021882163,6.086649271159041,0.8470516508804236
514,32,95.875,202.96875,7.768730973443118,5.28026458260053,0.7335071457315295
515,83,96.37349397590361,421.9759036144578,11.556734685075716,9.215395857569721,0.6034447485901256
516,34,95.52941176470588,575.3529411764706,7.315460538642309,5.921600458192018,0.5871697903699364
517,36,95.97222222222223,1.5555555555555556,9.63813019320069,4.846561918339219,0.8643719917262045
518,112,96.33035714285714,141.75892857142858,13.004574418025543,11.13190502619197,0.5169771807383622
519,100,96.49,43.21,14.114860856905745,9.401250075930864,0.7459041236137671
520,100,97.36,477.45,14.201213107130545,9.185420310789462,0.7626551428056406
521,61,97.9672131147541,342.8032786885246,10.480915208335455,7.575148895366688,0.6911028417631342
522,75,97.34666666666666,548.0133333333333,12.303929994707385,8.189075108324772,0.7463391690381617
523,45,98.55555555555556,16.644444444444446,9.171611524434221,6.220798354578147,0.7348158491431037
524,57,99.17543859649123,181.52631578947367,9.815000513199685,7.553605908264225,0.6385285734418864
525,39,98.33333333333333,413.5897435897436,7.9434967218914165,6.219849447810547,0.6220072012971297
526,110,98.45454545454545,507.23636363636365,16.060354602089717,8.844714636283323,0.8346918526587345
527,70,97.52857142857142,77.01428571428572,12.690378026873496,7.2167053526724505,0.8225620521140077
528,55,98.87272727272727,131.43636363636364,9.790155504961028,7.199228309099003,0.6776833702978177
529,23,99.3913043478261,278.4347826086956,6.667281608803804,4.352291467154875,0.757544515981121
530,65,99.61538461538461,442.33846153846156,10.085858887288662,8.16269155033663,0.5873673959565177
531,60,100.1,225.68333333333334,12.026997420141832,6.448789701289483,0.8440955256083149
532,63,100.2063492063492,403.7936507936508,10.868534720407641,7.432533344876567,0.729615221011978
533,14,99.85714285714286,535.0714285714286,5.449353665897314,3.145851452097728,0.8165399631383784
534,42,100.5,583.8809523809524,8.770419005221658,6.07850567150104,0.7208712359366994
535,23,100.52173913043478,23.391304347826086,5.656854249492381,5.2231851887586815,0.3839896028838194
536,120,100.84166666666667,107.41666666666667,13.150872066279973,11.899958333573343,0.4256672038256217
537,36,101.19444444444444,188.77777777777777,7.927924227121196,5.904580157110313,0.6673071651720006
538,33,100.9090909090909,205.27272727272728,6.888498343418411,6.282412018131193,0.4101574283335016
539,56,100.80357142857143,388.80357142857144,9.382123327214517,7.626902347870832,0.5823773575324147
540,27,100.5925925925926,492.962962962963,6.194796427536546,5.589557488219457,0.4311111745385701
541,32,101.46875,52.3125,6.636097323074277,6.114252801339377,0.3887038775690792
542,34,101.8529411764706,64.41176470588235,8.87037319068888,5.101211798273929,0.8180942001713198
543,30,101.1,567.9666666666667,7.115392322911024,5.303465626042506,0.6666721159878828
544,121,102.13223140495867,464.90909090909093,14.66113529581572,10.923223153992758,0.6670128622646371
545,44,102.5,151.54545454545453,8.209316942210993,7.0473375527213795,0.5128871815267434
546,26,102.1923076923077,193.57692307692307,6.8515533448415935,5.090018444829757,0.669402499270376
547,104,102.22115384615384,262.6826923076923,13.746708456407188,9.877124703746516,0.6955183406540909
548,118,102.72881355932203,121.64406779661017,16.852480952991286,9.078398937524907,0.842498896780578
549,174,101.5,215.10344827586206,19.948619290730537,11.602456457360233,0.8134627494997155
550,83,103.1566265060241,431.2409638554217,11.610315906908694,9.092536400396236,0.6218417865250255
551,68,103.73529411764706,58.55882352941177,10.281544892614285,8.874706916650895,0.5049157686283138
552,85,103.96470588235294,72.4,11.965530739060895,9.190098369583612,0.6403926371631754
553,66,103.1969696969697,99.57575757575758,12.221069691656039,7.006025292150847,0.8193635125853851
554,115,104.20869565217392,172.94782608695652,13.534802213703916,10.989284113663258,0.5837576690461351
555,73,103.9041095890411,247.54794520547946,12.281307785721527,7.667711446851707,0.7811527318246106
556,42,103.54761904761905,352.35714285714283,8.23601415033645,6.473059340011696,0.618295612783598
557,45,104.4,369.6666666666667,10.389463337206841,5.568676923286717,0.8442225905861633
558,61,104.54098360655738,473.0327868852459,11.51016090169088,6.984525556787188,0.7948439457559605
559,112,105.99107142857143,454.8482142857143,15.2298866072593,9.530137098368384,0.7800218047541959
560,73,104.52054794520548,84.64383561643835,10.824312041775157,8.637481312375922,0.6026965547612194
561,58,105.25862068965517,133.67241379310346,10.707755669835812,6.933545395347459,0.7620437390107824
562,19,105.47368421052632,313.36842105263156,5.695310541255228,4.169006159014704,0.681297303141852
563,83,105.44578313253012,143.86746987951807,11.798612184345117,9.229711960014614,0.6229382858878926
564,36,105.83333333333333,182.5,7.086763875156433,6.429100507328637,0.4207031619116712
565,133,106.85714285714286,363.5112781954887,18.222279536298704,9.818447820957592,0.8424237581364805
566,89,105.75280898876404,43.68539325842696,12.264876397994206,9.299042334195669,0.652039779394767
567,67,105.38805970149254,198.76119402985074,11.258141572786323,7.623086962109893,0.7358747286382356
568,19,106.47368421052632,16.36842105263158,5.695310541255228,4.169006159014704,0.681297303141852
569,15,106.53333333333333,189.13333333333333,4.618802153517007,4.061745656460751,0.47609522856952347
570,77,107.48051948051948,253.6883116883117,11.829693586449867,8.482477798186968,0.6970220806815882
571,186,106.08602150537635,328.11290322580646,17.833105829946614,13.807506449942244,0.632864491106406
572,48,106.52083333333333,406.8125,8.174349599485888,7.546118042694122,0.3844495852715599
573,98,107.1938775510204,421.66326530612247,12.900888385805525,9.895803601500086,0.6415709078823738
574,33,106.57575757575758,155.93939393939394,7.222769176061988,5.756349017042372,0.604015479648369
575,11,107.18181818181819,490.8181818181818,3.8138503569823694,3.6725472503134826,0.26967994498529707
576,42,106.73809523809524,578.6666666666666,8.416075019743621,6.3402807288082546,0.6576156149352593
577,31,107.2258064516129,50.516129032258064,7.025322170038852,5.635632448073852,0.5970708981385092
578,63,107.06349206349206,232.22222222222223,10.206884206434138,7.846532104618331,0.6395505947763405
579,33,107.42424242424242,240.24242424242425,6.990316939993503,5.963042424416517,0.5218402784930365
580,55,109.2,204.56363636363636,9.137598179105481,7.7283102199673115,0.5335470008942625
581,44,110.06818181818181,586.25,11.79623801787313,6.160860868597306,0.8527781288891788
582,174,108.816091954023,507.7413793103448,16.162650781230283,13.904722884045128,0.5097886859718548
583,93,109.18279569892474,538.9784946236559,13.085750132901842,9.149042925185565,0.7149645029896421
584,110,109.2090909090909,445.6090909090909,13.276580003368895,10.709670933941839,0.5910173248477165
585,14,110.5,1.2857142857142858,4.20883424647321,4.120630029101703,0.2036532699906393
586,63,110.17460317460318,118.42857142857143,13.115175744296206,6.27875403610136,0.877956942001278
587,84,109.5952380952381,223.60714285714286,11.481035157513723,9.504379201304166,0.5609746939129349
588,39,110.43589743589743,36.333333333333336,8.411248301387934,5.863594204017484,0.7169608478965939
589,32,110.21875,191.71875,8.126102351373534,5.092662424999473,0.7792572445236161
590,29,110.03448275862068,427.3103448275862,7.298026228974182,5.28558287121055,0.6895392978724523
591,30,110.9,54.13333333333333,7.709810834039302,5.097159907787123,0.7502744898333596
592,93,110.08602150537635,96.06451612903226,14.457175890649193,8.460453080688913,0.8108833154016696
593,106,109.02830188679245,161.64150943396226,16.027188490735394,8.855430871771942,0.8334959716767405
594,58,111.39655172413794,170.41379310344828,13.113359349128556,5.767748014889553,0.8980773454668781
595,30,110.53333333333333,548.2666666666667,8.276481975722739,4.670220253547761,0.8255862043393724
596,48,111.375,68.89583333333333,8.363683008803301,7.524971456234492,0.43646789940137
597,51,111.58823529411765,133.31372549019608,10.273580877216755,6.4084253170536005,0.7816022189215144
598,56,111.78571428571429,278.5892857142857,9.46421484365112,7.511560114410153,0.6083351947653549
599,69,111.26086956521739,60.768115942028984,12.263992439276759,7.254710631953162,0.8062715522955667
600,21,112.28571428571429,266.4761904761905,7.0028938682216175,4.015031158390974,0.8193183485776384
601,75,111.84,437.02666666666664,10.698776239879212,8.94996513165749,0.5479043080139318
602,93,112.12903225806451,78.01075268817205,11.21640365641511,10.576366757281969,0.3329699935626524
603,50,112.14,143.54,10.793407819323766,5.996928184142326,0.8314428620604172
604,100,112.7,213.49,14.13111410822742,9.19075699059963,0.7595991388275767
605,21,112.66666666666667,11.714285714285714,6.844455372120418,3.8511602400055156,0.8266825431633266
606,44,112.0909090909091,89.97727272727273,9.192731686414062,6.156187360638469,0.7426498984892773
607,73,111.71232876712328,261.027397260274,10.93158259267584,9.050090744151607,0.5608982145139418
608,32,113.5,315.5,6.324555320336759,6.324555320336759,0.0
609,40,113.775,595.875,7.286568467937645,7.003279229193766,0.2761250379861009
610,104,113.96153846153847,486.65384615384613,12.396526822369381,10.74533468147143,0.498652415449154
611,43,115.32558139534883,578.3255813953489,11.785270771465507,5.08933546889525,0.9019508727035852
612,62,114.33870967741936,271.7741935483871,10.326677220959658,7.662136307025108,0.6704275522555012
613,18,115.11111111111111,65.33333333333333,5.519734119150257,4.163532681472669,0.6565304757541405
614,29,115.6896551724138,370.8965517241379,6.401324110949784,5.783487990515943,0.4286237669100921
615,48,115.33333333333333,428.4166666666667,9.348611312071808,6.586443980903568,0.7096671069356029
616,149,115.30201342281879,558.0536912751678,15.90224316909387,12.252477771276778,0.6374552439015242
617,22,117.0909090909091,145.22727272727272,5.493798156268411,5.129722174423959,0.3579789930628059
618,34,116.79411764705883,343.0882352941176,6.790648972022333,6.372890249909218,0.34533279030723385
619,79,117.0632911392405,40.40506329113924,12.821077861355649,7.950417025260732,0.7845186699273105
620,66,116.72727272727273,105.51515151515152,10.267492801383069,8.190348315627743,0.6030584374918015
621,70,116.72857142857143,118.57142857142857,11.290918247247365,7.902832211980157,0.7142132028458978
622,31,117.0,239.0,7.326487518234008,5.279296140768718,0.6933752452815365
623,123,117.73170731707317,453.7723577235772,16.306988423942837,9.701420369634732,0.8037818847906422
624,21,116.95238095238095,543.1904761904761,5.602338368222782,4.7002407233912535,0.5441647649087307
625,59,117.69491525423729,32.76271186440678,9.288502877199035,8.151824371624757,0.47934744706244314
626,58,116.82758620689656,137.13793103448276,10.638533925614414,7.025091953841213,0.7509632568749718
627,141,116.91489361702128,195.91489361702128,15.782490866900392,11.595441026370526,0.6783890635982821
628,52,117.6923076923077,225.8653846153846,9.244198764542276,7.17699702125166,0.630266967094123
629,38,117.84210526315789,54.05263157894737,7.415140905760079,6.500514024109209,0.4811210938068012
630,21,118.0,159.38095238095238,5.520524474738834,4.856209060564557,0.4755948656056709
631,75,118.26666666666667,166.62666666666667,10.690117306186815,9.033653916941706,0.5346916822258383
632,54,118.46296296296296,219.11111111111111,8.823761218122808,8.036692472293643,0.4128451764817397
633,110,117.8,255.76363636363635,17.38209313025155,8.444570580885653,0.874058814048854
634,79,118.0506329113924,418.88607594936707,11.824409992312527,8.579366894660126,0.6881546323933263
635,47,117.8936170212766,511.63829787234044,9.162942743490266,6.8711684969231355,0.6615663251079195
636,43,117.86046511627907,517.2093023255813,8.89715831041148,6.266577639213568,0.709868002748612
637,56,118.625,442.48214285714283,9.02849222033284,7.960784090115132,0.47173542034346116
638,33,118.81818181818181,46.57575757575758,6.692001614167181,6.404732924629796,0.289847542126872
639,86,118.56976744186046,151.61627906976744,14.105054160747656,7.859802150701566,0.8303561547715025
640,34,118.82352941176471,337.5,7.1459138348480975,6.016838991620578,0.5394819931627577
641,96,118.92708333333333,184.94791666666666,12.833307607982114,9.566142218784929,0.666600494246632
642,19,119.6842105263158,212.57894736842104,6.01051869698674,4.087137130550032,0.7332145157109488
643,128,120.0859375,175.96875,15.91030172769845,10.469169492901324,0.7530074403161477
644,28,119.5,292.89285714285717,8.177819952237595,4.319012974474919,0.8491588980407466
645,160,120.85,502.3375,17.006334714576465,12.149159624261728,0.6997475100119305
646,50,120.04,594.52,10.251121646517339,6.299405129716906,0.7889099154073097
647,70,120.04285714285714,61.72857142857143,10.020520289273787,8.885518467617679,0.4622833794809245
648,60,120.58333333333333,248.48333333333332,12.545743677015555,6.394431955621135,0.86035850970842
649,94,120.31914893617021,364.40425531914894,13.458106807550028,9.048146175071805,0.7402611946231544
650,55,120.94545454545455,565.5272727272727,8.902929695340818,7.965047085311148,0.44675847013904185
651,164,119.9390243902439,88.04268292682927,16.51873033859165,13.683494883854273,0.5601926068501558
652,88,121.11363636363636,279.22727272727275,12.509351321756393,9.001584649554017,0.6944008004505748
653,129,120.89147286821705,321.8139534883721,14.054884146651244,11.719465666821359,0.5520125421715205
654,31,121.61290322580645,372.0,7.160999703489863,5.56486674912202,0.6293678543617366
655,45,121.04444444444445,377.8222222222222,8.12424121247169,7.076838488561224,0.49114673147484145
656,63,121.53968253968254,129.85714285714286,10.521088892128796,7.799229354327549,0.6711794820627234
657,25,122.6,50.44,5.887478237751712,5.425863986500214,0.3881555064577869
658,31,123.16129032258064,146.7741935483871,7.5148822596699185,5.2888480815926435,0.7104147876067926
659,26,121.88461538461539,265.6923076923077,6.166056295965654,5.3441212010757235,0.49882968149873647
660,40,122.85,462.5,8.97001283927074,5.654986265528688,0.7762441969090348
661,54,122.29629629629629,482.2962962962963,8.896576057929103,7.762978089711448,0.48847047750268985
662,81,123.76543209876543,140.20987654320987,10.7471876278663,9.970288914222209,0.3732981159855769
663,84,123.07142857142857,403.7738095238095,12.113401525685845,8.943395570989235,0.6744660316344504
664,37,123.8108108108108,160.59459459459458,7.037042182381788,6.708757677879068,0.3018700632414981
665,81,123.27160493827161,231.90123456790124,10.390859012411534,9.964249090003712,0.28359641112552053
666,32,124.1875,55.875,6.744477853114986,6.13999336227992,0.4137876726539612
667,14,124.28571428571429,545.5,4.20883424647321,4.120630029101703,0.2036532699906393
668,51,125.49019607843137,2.1372549019607843,10.641965209171051,6.2821353002051765,0.8071713459377099
669,68,125.36764705882354,20.544117647058822,9.937420799097906,8.771331094910012,0.4700182356006806
670,50,125.08,44.36,8.683593266038224,7.409399975032768,0.5214787289311351
671,35,125.02857142857142,224.11428571428573,7.920169103825252,5.628272557282281,0.7035706651629374
672,34,125.20588235294117,307.0882352941176,6.790648972022332,6.372890249909218,0.3453327903072337
673,57,124.85964912280701,587.5964912280701,10.886241011227881,6.75181585509104,0.7844314393625011
674,41,125.21951219512195,167.609756097561,9.794573888094959,5.550669090089409,0.8239183101815948
675,95,126.02105263157895,248.45263157894738,19.229472069540513,6.540174762284352,0.9403849252967994
676,10,125.8,427.0,3.9191835884530852,3.0983866769659336,0.6123724356957946
677,110,126.68181818181819,123.03636363636363,15.578113073194888,9.179499960511764,0.8079462308920845
678,51,126.49019607843137,457.70588235294116,10.605727881580787,6.156104374454694,0.8142952436829475
679,10,127.0,532.8,3.919183588453085,3.0983866769659336,0.6123724356957945
680,72,127.58333333333333,192.13888888888889,11.400304031190005,8.182093145604403,0.6963438488511966
681,30,126.56666666666666,417.56666666666666,6.6593719294645535,5.823275992329176,0.485118845418185
682,52,127.67307692307692,538.8461538461538,9.618151183546841,7.006762312672985,0.6850525264021494
683,69,129.04347826086956,132.33333333333334,10.39132888018501,8.485833019134812,0.5771666982428966
684,13,127.38461538461539,563.6153846153846,4.318667337728677,3.6794648440311994,0.523556754446835
685,92,128.07608695652175,11.380434782608695,12.232078665577339,9.725051649783737,0.6065505924834069
686,104,128.0096153846154,77.60576923076923,12.219683098273324,10.920993653245244,0.4486221786854682
687,10,128.2,156.0,3.9191835884530852,3.0983866769659336,0.6123724356957946
688,34,127.61764705882354,184.02941176470588,7.034047888834798,6.130333908278609,0.49035478137312377
689,140,127.84285714285714,217.46428571428572,19.337216874308876,9.594609598720654,0.8682235388204517
690,23,128.1304347826087,514.2173913043479,5.873113002539891,4.9299366353326475,0.5435021718802291
691,65,129.03076923076924,38.53846153846154,10.28356895615875,8.159572520978749,0.6086259648859306
692,174,131.20114942528735,444.55172413793105,21.881671479334134,11.466942721310305,0.8516916395938954
693,34,129.5,177.8235294117647,7.1459138348480975,6.016838991620576,0.5394819931627579
694,68,129.36764705882354,343.9264705882353,11.219824716184444,7.722117861853232,0.7254673803982034
695,103,130.04854368932038,373.8349514563107,12.372389246194503,10.616159914977159,0.513561927101067
696,63,130.1904761904762,49.80952380952381,11.848915065287093,6.957763147121365,0.8094369703110909
697,64,130.671875,90.484375,11.319181055885327,7.204136153910941,0.7713147996802936
698,51,131.9607843137255,97.3529411764706,11.940646926930242,5.631783993639373,0.8817868368842411
699,72,130.72222222222223,168.375,12.4664744096141,7.658851313921543,0.7890290908314919
700,46,130.8913043478261,356.3695652173913,8.193751007477376,7.08098349279216,0.5031602126912892
701,43,130.25581395348837,402.30232558139534,7.685772645956407,7.230484034661935,0.3390672032994791
702,52,130.5,409.36538461538464,9.169771438240543,7.270221466557593,0.6094213482632735
703,103,131.55339805825244,247.6990291262136,21.669355128480984,6.504099822793289,0.9538913929669683
704,21,131.38095238095238,381.2857142857143,5.546665790693753,5.153519345544014,0.3697777911592382
705,68,132.48529411764707,315.6029411764706,10.455587279349608,8.241325680323659,0.615390780541528
706,12,132.0,333.5,4.47213595499958,3.265986323710904,0.6831300510639732
707,52,132.46153846153845,415.88461538461536,8.326090365827225,8.244876855842547,0.1393307418258563
708,127,131.7795275590551,500.4724409448819,15.601217892293,10.645371281503325,0.7310327983131015
709,67,132.2089552238806,69.82089552238806,11.844639619063653,7.3372981869892,0.7850270403201558
710,95,132.43157894736842,145.8,12.444371629495068,9.78944523533976,0.6173909833201958
711,36,132.58333333333334,160.27777777777777,7.133568615004512,6.581950725904327,0.3855835136478896
712,29,132.58620689655172,188.13793103448276,6.341063442449138,5.829948411900614,0.39333316858172307
713,89,132.51685393258427,452.2696629213483,15.954043732831144,7.219465281508994,0.891756117551034
714,163,134.79754601226995,110.17791411042944,20.899127133149957,10.700745118843031,0.858974267027137
715,58,132.93103448275863,535.2931034482758,10.082492304096697,7.450730474903128,0.6737305926379081
716,38,133.6578947368421,28.42105263157895,7.580636235645783,6.401773795239725,0.5355708424868539
717,87,134.5632183908046,4.310344827586207,12.378829124534462,9.165707642462422,0.6721289242775718
718,41,133.90243902439025,182.390243902439,7.467916965654067,7.024855735858398,0.3393189655446886
719,36,133.66666666666666,323.6111111111111,7.148558659451538,6.448989619860756,0.43144665867369136
720,136,133.78676470588235,468.29411764705884,16.1557441251991,11.284986854262927,0.715597995919143
721,54,134.7962962962963,102.24074074074075,9.762833283279214,7.240800975427294,0.6707648978329382
722,57,134.2280701754386,426.9824561403509,8.913084959615434,8.173582759717249,0.3988139820266932
723,47,135.31914893617022,16.425531914893618,9.105533547894886,6.707298670718983,0.6763091916759527
724,51,134.41176470588235,22.529411764705884,10.19424377394411,6.332128261335322,0.7836937395900914
725,45,134.82222222222222,34.68888888888889,8.331123657073,6.92854416811865,0.5553064284837353
726,94,135.0531914893617,62.170212765957444,11.962110148409467,10.117140904527496,0.5335546842675445
727,31,135.06451612903226,82.74193548387096,7.249832977442367,5.469979069315723,0.6563032032259691
728,123,133.71544715447155,119.00813008130082,18.472422341993735,9.15857708173746,0.8684382761334297
729,64,134.8125,154.359375,10.617962241598029,7.834537100939566,0.6749571393363342
730,63,134.71428571428572,459.22222222222223,11.628038637994623,7.007508112034753,0.7980140271336176
731,104,135.8846153846154,436.22115384615387,12.686227975079852,10.615057336138534,0.5476024313317922
732,102,138.64705882352942,571.3725490196078,20.13694410074725,7.30400861690654,0.9318994034271689
733,13,135.84615384615384,164.46153846153845,4.3616645597524775,3.756591133295642,0.5081397159034496
734,40,136.95,170.275,7.678216988172443,6.707830042758992,0.4866120165588007
735,145,135.35862068965517,214.53103448275863,22.38103411371209,8.70011626698859,0.9213529073378419
736,50,136.54,301.64,10.929387526932512,5.786993026272972,0.8483166575121202
737,64,136.28125,482.984375,11.9621569527804,7.027607685909017,0.8092338470928893
738,49,137.10204081632654,44.38775510204081,8.312741799904268,7.505069100977021,0.42997836107089876
739,81,137.1604938271605,53.55555555555556,11.29513533088817,9.22732832563964,0.5767376586800732
740,27,137.0,356.6296296296296,6.635317237498872,5.106277908033803,0.638573934630932
741,63,136.9206349206349,380.0,11.190032181126151,7.154742150499598,0.768886487360845
742,47,136.82978723404256,543.5531914893617,8.59453475297908,6.934928259358667,0.5906883561993516
743,44,137.1818181818182,242.77272727272728,9.760992113481777,5.977566178919017,0.790553252604083
744,59,137.0,253.59322033898306,11.383466205367077,6.955526691841394,0.7916150793703327
745,96,137.32291666666666,341.3125,11.977331029815744,10.302716727046729,0.5099826531745246
746,64,137.46875,400.3125,11.706596521150166,7.026910622100928,0.7998107682688548
747,34,137.5,491.0,7.392571411289448,5.7545281136978454,0.6277433712160546
748,16,138.5,362.0,4.898979485566356,4.0,0.5773502691896258
749,43,138.8139534883721,371.16279069767444,7.718759450569572,7.0678536062518935,0.4019258444687586
750,44,139.02272727272728,8.818181818181818,10.579251525725995,5.384866992537977,0.8607649556874666
751,32,138.9375,71.09375,7.527549648468683,5.35096919163613,0.7033422281262138
752,147,138.97278911564626,506.7755102040816,17.197477012100855,11.002784187118575,0.768549272559987
753,151,139.83443708609272,194.3774834437086,15.754990323030437,12.479475123184859,0.610395683363266
754,135,139.83703703703705,206.55555555555554,15.632583637149528,11.874961134310269,0.6503568626394928
755,32,140.5,175.5,6.324555320336759,6.324555320336759,0.0
756,32,140.5,314.5,6.324555320336759,6.324555320336759,0.0
757,47,141.36170212765958,249.89361702127658,10.793485595484594,5.629779882855201,0.8531959434935203
758,4,141.0,321.75,2.8284271247461903,1.7320508075688772,0.7905694150420949
759,65,141.04615384615386,422.8,9.245365502897874,9.04024650960981,0.2094756773447752
760,15,140.93333333333334,20.6,4.974602161647368,3.7712361663282534,0.6521405955174384
761,33,140.84848484848484,38.72727272727273,6.860031574732313,6.138860235732638,0.446319928878929
762,41,141.21951219512195,79.63414634146342,9.217601531752234,5.684926727822319,0.7871615593583885
763,57,140.94736842105263,148.49122807017545,9.104985163510351,7.995679187975657,0.4783578719271194
764,34,142.1764705882353,13.176470588235293,6.995797057561649,6.207485156834315,0.4611612334725445
765,46,142.0,385.1304347826087,8.900320227160968,6.606248777965541,0.6701248075383793
766,20,141.7,392.1,5.4478633986980824,4.639049944668172,0.5242966935960685
767,75,141.93333333333334,405.1066666666667,12.637453067081797,7.6342402648691445,0.7969112277476015
768,58,141.98275862068965,495.87931034482756,9.181730197498105,8.09487393164182,0.4719442734787625
769,68,142.4558823529412,165.52941176470588,10.274002633604262,8.557068224426835,0.5534452804006493
770,40,142.575,460.5,8.499567447043056,5.972215101046344,0.711536340492804
771,78,143.82051282051282,569.0128205128206,15.457987643769432,6.892524702098833,0.8950889709993695
772,35,142.65714285714284,229.4857142857143,7.442408272211908,6.027145051934515,0.5866535681805258
773,60,143.16666666666666,442.03333333333336,8.890401143633436,8.60805118961656,0.25001860224006517
774,30,143.56666666666666,236.06666666666666,7.1728121886009655,5.598381589188839,0.6251554888662705
775,28,143.92857142857142,49.892857142857146,7.367309491385073,4.753977479811571,0.7639461496965568
776,38,143.78947368421052,66.13157894736842,8.076716237351654,6.077696930059504,0.6585967810326142
777,146,144.54794520547946,102.65068493150685,16.291898977331446,11.738415182962475,0.6934484341665293
778,40,144.1,265.975,9.547934176565702,5.391377649540852,0.8253206762775372
779,39,143.97435897435898,366.2564102564103,7.384023358316851,6.702727851258686,0.4195465197311429
780,133,143.58646616541353,472.5338345864662,16.811684334680734,10.194905488345695,0.7951461436830869
781,28,144.32142857142858,57.035714285714285,7.456047744673051,4.768006149471788,0.7688063115354602
782,93,144.6021505376344,157.67741935483872,12.37312891878922,9.716332950903261,0.6191446602582642
783,35,144.62857142857143,1.9142857142857144,8.461144056887342,5.250700674684343,0.7841539993242236
784,102,144.95098039215685,301.7450980392157,11.489125293076059,11.30418940893166,0.17870116003670616
785,102,145.02941176470588,336.05882352941177,12.948050291385682,10.326264119998513,0.6032991384169367
786,90,145.1,348.7888888888889,12.190483556726914,9.495444627707652,0.62711991996776
787,29,145.10344827586206,434.82758620689657,7.10353671291595,5.112171406486839,0.6943207788666131
788,48,145.10416666666666,43.458333333333336,8.489502930036911,7.307093661550567,0.5090769269522248
789,50,145.5,327.32,8.62554346113913,7.480748625639014,0.49782321861203643
790,35,146.37142857142857,93.97142857142858,6.971367037566729,6.514351565689838,0.3561103117239162
791,42,146.0,428.2142857142857,7.6984592860571555,6.969250986641096,0.42481823043694633
792,114,146.07894736842104,560.0175438596491,17.85580198173557,8.564250682900523,0.8774686175175361
793,59,147.23728813559322,7.5423728813559325,9.50341908477713,7.902551678252268,0.5554524986858483
794,18,146.83333333333334,61.94444444444444,5.9773909134582395,3.9156769865207983,0.7555583998472133
795,25,147.64,587.32,5.879095292205985,5.495838293214368,0.355147680462303
796,180,147.9611111111111,246.66666666666666,21.068804638047233,11.175029019780448,0.8477434994140238
797,12,148.0,594.5,4.47213595499958,3.265986323710904,0.6831300510639732
798,72,148.80555555555554,20.0,11.035296904831233,8.37028842962187,0.6516713803726198
799,79,148.62025316455697,31.0,12.77910553617757,7.876084609183992,0.7874917548002789
800,16,148.4375,47.625,5.0420400923290005,4.03303009006218,0.6001591575484752
801,22,148.8181818181818,88.54545454545455,5.583923311245145,5.106466371302223,0.40459864888047453
802,108,148.2685185185185,213.03703703703704,12.647105277822138,11.388149977766378,0.4349490542515118
803,26,148.0,577.1153846153846,6.007884366082042,5.547001962252291,0.38411063979868787
804,103,148.4757281553398,189.85436893203882,13.978109892071984,10.053816058560173,0.6947468671740105
805,76,149.18421052631578,137.35526315789474,11.844272098616793,8.162387873327754,0.7246261185383902
806,36,149.30555555555554,236.55555555555554,7.5281028923878575,6.146906292199221,0.5773059284731019
807,29,149.3793103448276,419.58620689655174,6.43267520902677,5.794745251751724,0.4341724854553052
808,61,150.13114754098362,567.4426229508197,10.292503133049415,7.5984544746750275,0.6745257029040536
809,101,151.1881188118812,130.05940594059405,14.16185542393168,9.594107028449852,0.7355585457870712
810,57,149.5438596491228,546.3157894736842,10.891719270370258,6.740053063113534,0.7855299719632202
811,45,150.04444444444445,82.57777777777778,8.089265853234364,7.026287513851214,0.49552449111183267
812,61,150.04918032786884,265.9672131147541,11.009182857965992,7.109519852739543,0.7635227882301955
813,44,150.47727272727272,391.04545454545456,7.763021067900676,7.215110390625843,0.3690225758966071
814,37,150.54054054054055,469.13513513513516,7.901200555422502,6.138809458894991,0.62956672849655
815,111,149.78378378378378,503.5135135135135,14.470108427785373,9.958029238267713,0.7255406513976226
816,38,151.21052631578948,397.92105263157896,7.513249757041275,6.4567470326352305,0.5113351381872776
817,58,150.3448275862069,532.5862068965517,9.816197846395069,7.858675956123522,0.5992225817589927
818,99,151.37373737373738,202.97979797979798,12.032681001820396,10.645976720512461,0.4660561016288315
819,185,150.72972972972974,279.64324324324326,17.566526179898222,14.19844355255171,0.5888161377977179
820,53,151.49056603773585,367.39622641509436,8.902850860494933,7.640473807651644,0.5133065948730908
821,69,151.14492753623188,540.0289855072464,11.839796044157827,7.4904875933378205,0.7744350430169502
822,67,151.955223880597,477.5820895522388,10.31796962103336,8.312707014532462,0.5923872421225606
823,26,152.23076923076923,91.84615384615384,6.358802862217988,5.2209131243256675,0.5708522053089734
824,25,152.44,319.92,6.229132290364385,5.019752076461521,0.5921184607712485
825,22,152.5,374.54545454545456,5.749595745760691,4.935953440181175,0.5128352561983234
826,45,152.4,425.1111111111111,8.59694117039248,6.834679906651885,0.6065924046469755
827,83,152.6265060240964,432.50602409638554,12.657661554151144,8.43453737853893,0.7456317214970081
828,45,151.86666666666667,463.9111111111111,9.914606993228775,5.8538433315272425,0.8070916614560479
829,34,153.0,439.38235294117646,7.954975271305285,5.46888287053275,0.7262037314412714
830,34,153.1764705882353,351.2352941176471,7.161241084217152,6.061708323123113,0.5324513843588411
831,56,152.89285714285714,384.5892857142857,11.921042394544571,6.083263529245348,0.8599986695449355
832,90,153.98888888888888,412.8,14.002298266877368,8.268030878233805,0.8070546860772128
833,144,152.23611111111111,553.8194444444445,20.647998974425835,9.08123231326113,0.8980899928172579
834,32,153.25,587.5,7.896616677901352,5.257703399992264,0.7461148862358462
835,24,153.875,70.33333333333333,6.081140986576509,4.932066489508719,0.5849866175853743
836,16,153.75,153.5,5.291502622129181,3.872983346207417,0.6813851438692469
837,38,154.23684210526315,195.1315789473684,7.7856357596487245,6.332779597043247,0.5817149231351247
838,39,154.15384615384616,231.76923076923077,8.419364576711441,5.9817193841807095,0.703725878408912
839,108,154.75,98.81481481481481,14.014928562534372,10.101142536469085,0.6932037900641428
840,74,154.4189189189189,161.1216216216216,10.734430094352508,8.83469166424038,0.568006858528011
841,29,154.72413793103448,223.0344827586207,6.659618035875187,5.576963306395627,0.5465447395975173
842,112,154.33035714285714,291.7232142857143,14.529866821936348,9.938217859275671,0.7294956271608191
843,66,154.33333333333334,325.93939393939394,10.40691162912453,8.204522442351251,0.6151982415364114
844,92,154.34782608695653,334.3695652173913,11.455560793710324,10.531382315729346,0.39349932996812037
845,112,154.55357142857142,343.35714285714283,14.897050800524063,9.680156427817348,0.7601021985517059
846,50,154.96,238.44,9.2950196946392,6.979929002237015,0.6603793801322874
847,59,155.22033898305085,20.372881355932204,12.749946754013319,5.948661525363379,0.8844876329850222
848,71,155.80281690140845,526.6619718309859,10.243262046456636,9.150074683752146,0.44950578702995253
849,87,155.91954022988506,309.41379310344826,11.476917617926397,9.86636872690502,0.5108487532398399
850,17,155.8235294117647,394.52941176470586,5.1262686533392126,4.6308263932904286,0.4288993906838792
851,60,156.18333333333334,187.76666666666668,13.207026208152499,5.9244327307867595,0.8937417362712199
852,38,156.60526315789474,500.2368421052632,7.917250140699061,6.1241747085276925,0.6337682866564975
853,22,156.77272727272728,137.36363636363637,6.488166818241415,4.437208053000584,0.7295828734181616
854,5,156.6,301.8,3.098386676965933,1.7888543819998317,0.816496580927726
855,65,157.15384615384616,471.3538461538462,12.272393663837178,6.865086951275016,0.8289027992244413
856,77,157.3896103896104,10.207792207792208,11.701294965934244,8.577324991721325,0.6802032402587233
857,83,157.6144578313253,36.28915662650602,11.362028589305119,9.30385571771494,0.5740002002837468
858,42,157.11904761904762,399.9047619047619,8.381846024902393,6.69338080174971,0.6019193559201222
859,54,157.22222222222223,569.4629629629629,10.388093491546313,6.9826158251607096,0.7403923879359855
860,79,158.1139240506329,209.37974683544303,11.94732325060534,8.770615757285956,0.6790336155669873
861,52,157.6153846153846,370.71153846153845,8.463906645741371,7.847747215805371,0.37456283516408867
862,94,158.24468085106383,247.0531914893617,13.862153185810339,8.879050636100848,0.7679376208483268
863,85,158.1764705882353,420.3529411764706,11.48538167944756,9.49522849007829,0.5626092633521635
864,43,158.51162790697674,481.5581395348837,8.422083802704334,6.702181327345365,0.6055771688781608
865,46,158.43478260869566,561.9347826086956,8.500747511917167,6.937068906170344,0.5779756820456631
866,173,158.95375722543352,268.4335260115607,15.982744245069052,14.094914849352042,0.4714678017201405
867,36,159.63888888888889,349.1388888888889,7.903924839354341,5.813740368481299,0.6774692791729987
868,67,159.08955223880596,381.74626865671644,9.965733169493705,8.552059139431043,0.5134048765830467
869,50,159.46,227.08,8.441148523975261,7.619646421992969,0.4303148328037818
870,92,159.34782608695653,358.0869565217391,12.885753430571938,9.188165588510639,0.7011148336893013
871,96,160.66666666666666,547.8020833333334,14.593047039641421,8.473790820913063,0.8141367665816149
872,83,159.9879518072289,2.9518072289156625,13.501562328717055,8.037915804844666,0.8034796098431729
873,56,159.14285714285714,153.19642857142858,9.46635735526837,7.598020476219468,0.5964718157527333
874,33,159.21212121212122,505.8484848484849,7.548468063297999,5.667028505562809,0.6605840094724829
875,32,160.34375,132.59375,6.934571416965487,6.113956923548389,0.4718790896797053
876,52,159.82692307692307,141.5,9.8837444543222,6.724352831718614,0.7328923070804471
877,23,160.7826086956522,159.69565217391303,5.736199425557152,5.371948519395855,0.35066862173918956
878,72,160.84722222222223,199.47222222222223,11.081878902940138,8.44100716478069,0.6479362294424545
879,92,162.6195652173913,405.89130434782606,16.923705768732123,7.5955350573634,0.8936270083538342
880,86,160.24418604651163,534.6860465116279,12.835767316493314,8.6355338354018,0.7398506542207661
881,167,161.22155688622755,587.7724550898204,16.82306201863158,13.241858101555504,0.6167930999214833
882,63,161.0,18.38095238095238,10.515539476983003,7.798443418878229,0.670829789714052
883,85,160.49411764705883,46.294117647058826,11.405287954347507,9.503841607178261,0.5528454759482339
884,9,161.0,70.0,3.265986323710904,3.265986323710904,0.0
885,52,161.32692307692307,321.6730769230769,9.139391935619551,7.346732173355306,0.5948273315857905
886,45,161.24444444444444,541.1777777777778,9.920901429118311,5.905043775808278,0.80356839893429
887,35,161.68571428571428,64.37142857142857,7.672538363332149,6.007267024530602,0.6220759258704035
888,42,161.35714285714286,237.76190476190476,9.791595766346838,5.842019128336622,0.8025119380966403
889,24,161.125,331.3333333333333,6.081140986576509,4.932066489508719,0.5849866175853743
890,36,162.11111111111111,29.194444444444443,6.966726035403448,6.599329367497743,0.3204539782046621
891,42,162.07142857142858,58.04761904761905,7.556978971308387,7.058454083056878,0.35719144831276844
892,35,162.02857142857144,494.1142857142857,7.233835935500519,6.198467989218254,0.515530017771249
893,47,162.72340425531914,101.53191489361703,8.376826888113547,7.121520244897417,0.5265481181921969
894,87,162.48275862068965,186.55172413793105,12.82580892982369,8.817591136171135,0.7261956341513188
895,49,162.3877551020408,219.87755102040816,8.255258660257638,7.627891710085278,0.38238289456744595
896,56,163.07142857142858,277.82142857142856,9.850771458258421,7.295725310043562,0.6719188607326844
897,103,163.37864077669903,313.4660194174757,14.894818971992484,8.984720106424072,0.7975815765578065
898,29,163.0344827586207,471.7931034482759,6.9353489989359085,5.485759937053181,0.6118349991584467
899,108,162.97222222222223,126.39814814814815,14.420607160482978,9.699999220135359,0.739962193132786
900,19,163.42105263157896,214.26315789473685,5.574616218204308,4.440258752262813,0.6046203478626312
901,151,163.03973509933775,300.55629139072846,16.483882163547317,11.82965623234262,0.6964040741077693
902,64,164.0625,479.359375,11.68200597091943,7.1170099230928985,0.7929947947292814
903,73,163.6027397260274,257.52054794520546,10.103939502396289,9.409000179092326,0.364455121344401
904,56,163.76785714285714,500.05357142857144,9.752118459458487,7.444232244896335,0.6459908629546918
905,53,164.75471698113208,81.0,9.38390687996688,7.1663819329670755,0.6455848885535056
906,40,164.275,353.2,9.595234869156535,5.521002427614263,0.8178791595131426
907,129,164.4031007751938,396.38759689922483,17.894838881717508,9.501319482385332,0.8474012313502587
908,115,164.03478260869565,514.8869565217391,12.986018366184608,11.55291925230177,0.4566568528108419
909,85,165.68235294117648,145.12941176470588,14.310898049585411,7.999887312604627,0.8291631652918342
910,134,164.76865671641792,287.63432835820896,14.049101848893509,12.352416512104613,0.4763942866233932
911,48,164.45833333333334,462.8541666666667,8.854579061464387,7.040007629403127,0.6065180559061337
912,65,165.30769230769232,556.5230769230769,10.074422316058522,8.47428289703641,0.5407736966589054
913,124,165.05645161290323,576.9677419354839,15.158472245011916,10.726430306790968,0.7065937064531502
914,53,165.64150943396226,152.88679245283018,10.299350564360964,6.687202611794727,0.7605461217733083
915,50,165.24,245.8,10.214243330501684,6.326739538285249,0.7850726883294629
916,94,165.59574468085106,373.9468085106383,11.71479319766415,10.298594077973014,0.47661858253035155
917,41,165.6341463414634,487.7317073170732,7.991737800541557,6.548864756915747,0.5731443758168318
918,56,165.89285714285714,39.232142857142854,9.680556896647845,7.355137161233619,0.6501749772442991
919,26,166.07692307692307,66.57692307692308,6.882692887175247,4.912382029190007,0.7004212858225204
920,54,166.11111111111111,136.14814814814815,8.595153463973118,8.05195003368855,0.34986214657598824
921,69,166.04347826086956,208.30434782608697,10.669282492613755,8.431423744950063,0.6127817658670135
922,49,166.20408163265307,235.42857142857142,9.075027371601827,7.131271991763068,0.6184645184917142
923,86,164.8372093023256,413.5813953488372,12.92549083469996,9.197158091972145,0.702633499942261
924,52,165.59615384615384,529.5769230769231,10.791561052379604,6.244350582308413,0.81558822191658
925,28,166.75,5.321428571428571,8.299254863970388,4.709946198488872,0.8233635083001646
926,55,166.56363636363636,11.945454545454545,9.589337028750137,7.517581847685119,0.6208211901718017
927,45,167.53333333333333,224.11111111111111,10.668096727275113,5.450663896156139,0.8596215838006679
928,49,166.16326530612244,389.59183673469386,10.780706646370684,6.009400190718918,0.8302294927641191
929,70,166.75714285714287,162.72857142857143,10.053203441976255,8.976752204782837,0.45020633043152125
930,49,167.57142857142858,468.2040816326531,8.683837454125205,7.516382549949105,0.5008051975577159
931,74,167.86486486486487,24.135135135135137,11.950584843626393,8.010413304625361,0.7420950461701977
932,59,167.45762711864407,383.10169491525426,9.306688256171771,8.244453750830077,0.46394631092226607
933,10,168.2,274.0,3.9191835884530852,3.0983866769659336,0.6123724356957946
934,53,168.30188679245282,75.15094339622641,9.885799128175966,6.911513409173658,0.7149891686073804
935,77,167.96103896103895,505.23376623376623,13.820261859553918,7.257627496027131,0.8510133880894957
936,30,168.9,98.96666666666667,7.115392322911024,5.303465626042506,0.6666721159878828
937,95,168.7578947368421,195.01052631578946,12.612810509451606,9.796805543864869,0.6298281174155645
938,17,169.0,214.76470588235293,5.092739773303555,4.284233775234309,0.5406565679232267
939,46,169.2608695652174,267.9130434782609,7.791567746680932,7.598277179351253,0.2213592124970271
940,60,170.36666666666667,17.4,11.010150676650927,7.113283651005727,0.7632815767657706
941,10,169.8,91.5,4.09878030638384,2.9933259094191533,0.6831300510639732
942,67,169.7462686567164,105.7910447761194,10.643894844747269,8.108942708795261,0.6477654827969583
943,62,169.41935483870967,229.2258064516129,13.849238168551897,5.895981511876913,0.9048521024034268
944,158,169.15822784810126,567.9367088607595,17.74961588218293,11.593555000272051,0.7572094329366656
945,50,170.44,242.88,10.650658930158503,6.1217207020114,0.8183122700469805
946,14,169.5,252.71428571428572,4.20883424647321,4.120630029101703,0.2036532699906393
947,60,169.95,351.1,9.87413537097091,7.842286061840717,0.6076236541659062
948,113,168.23893805309734,524.141592920354,18.65342865386406,8.11321205440412,0.9004571110628864
949,29,170.6206896551724,131.20689655172413,6.887433663592846,5.734691101032145,0.5538280779420639
950,42,170.95238095238096,156.64285714285714,7.8994473213232315,6.921169474367945,0.4820227558546069
951,55,170.45454545454547,261.07272727272726,9.726231993553382,7.359038831932649,0.6538575730663011
952,106,170.66981132075472,361.0660377358491,12.692995113259203,10.757100712804322,0.5308221416310301
953,27,170.74074074074073,428.85185185185185,7.146421563136941,4.770881082589302,0.7445289178730833
954,65,171.23076923076923,202.84615384615384,10.905208920474742,7.7954298209339195,0.6992927092419591
955,31,172.38709677419354,508.35483870967744,9.601166559109112,4.301430475803124,0.8940279270881382
956,43,172.51162790697674,139.65116279069767,9.080049857483868,6.188796918237012,0.7317419087641249
957,98,171.24489795918367,478.5,14.969852104775306,8.4951996792586,0.8233822082485361
958,55,171.4,548.8363636363637,9.084678478655473,7.722941379489056,0.5266113094317311
959,56,171.26785714285714,64.69642857142857,10.187937522642102,7.000860767342874,0.7264951946184051
960,14,171.64285714285714,218.07142857142858,4.653822556464807,3.8828635683591024,0.5512523762486939
961,92,173.8913043478261,113.59782608695652,12.230106855522457,10.086352423254617,0.5655485737651966
962,133,171.70676691729324,181.21052631578948,14.04679844284351,12.13214771359981,0.5040150559534915
963,50,172.54,306.64,9.045687251444084,7.293582257646924,0.5915000881062432
964,172,172.22093023255815,593.1337209302326,16.980234494150327,13.16796381072787,0.6313626156872805
965,69,174.2753623188406,2.8260869565217392,11.910412528596686,7.396338317748749,0.7838124172628074
966,36,173.16666666666666,126.33333333333333,7.724252088660109,5.990950277408875,0.6312214760048686
967,117,173.04273504273505,169.82905982905982,15.686946022221875,9.825176150701347,0.7795595083127475
968,126,173.23809523809524,279.031746031746,13.422806932722887,12.062681053690223,0.438624297139223
969,108,172.8148148148148,295.5,14.161814189779689,9.733764629423368,0.7263503029504103
970,20,173.2,471.6,5.917248844364065,4.402972418023095,0.6680781245219055
971,8,172.875,487.125,3.4641016151377544,2.7386127875258306,0.6123724356957945
972,93,173.46236559139786,558.6344086021505,12.412728949987015,9.684239293213516,0.6255474090334412
973,74,173.94594594594594,236.71621621621622,15.34473540643439,7.110215568511054,0.8861674452806164
974,49,173.24489795918367,518.6530612244898,10.37012132661703,6.228933221453208,0.7995034046477177
975,37,174.0,10.216216216216216,7.514921362564645,6.565233431060629,0.48659734368693514
976,56,174.44642857142858,312.48214285714283,10.54265288230833,7.026583690985335,0.7455130399278324
977,77,174.07792207792207,319.3766233766234,11.637869072910178,8.402911136542798,0.6918599075658831
978,56,173.66071428571428,408.2857142857143,11.548282683872287,6.215469814306811,0.8428069781798245
979,76,174.3815789473684,580.8026315789474,11.833226833716294,8.421197715091617,0.7025271766099969
980,39,175.02564102564102,101.48717948717949,8.021309475317867,6.2719815648298125,0.6233851588658098
981,66,175.1818181818182,535.939393939394,10.135969909673006,8.352564154076449,0.566514471413302
982,41,175.65853658536585,133.4390243902439,7.977651886843074,6.7348982935410415,0.5359958298690547
983,141,175.5886524822695,387.36170212765956,19.37430946445964,9.860306300789624,0.8608036670748201
984,56,175.46428571428572,466.48214285714283,9.014498684945622,7.919173142129932,0.4777553922634944
985,42,176.85714285714286,91.71428571428571,9.60165789222234,5.579237726776027,0.8138534067014446
986,42,176.5,120.0,8.424934625044521,6.419575745655012,0.6476083680400974
987,78,177.89743589743588,353.85897435897436,13.838486093272163,7.5928128030628415,0.8360366114364297
988,140,177.65714285714284,149.77857142857144,18.456662855342334,10.147512227511333,0.8352949401821391
989,102,177.97058823529412,512.9313725490196,12.99977459173418,10.313469081417775,0.6087559667535531
990,31,177.06451612903226,529.8387096774194,7.195502663349808,5.459526276678449,0.6513918789098861
991,29,177.44827586206895,549.5172413793103,7.030811096771858,5.295032981496558,0.6578850380031548
992,25,178.0,360.36,6.228398290910224,5.37526322423252,0.5051612690890468
993,46,177.69565217391303,377.2826086956522,9.657491442017097,6.377192708053151,0.7509699706313551
994,142,178.83802816901408,190.96478873239437,13.956030289268679,13.093414778833276,0.34611937271009807
995,57,178.78947368421052,210.28070175438597,12.17154866124027,6.068849539676274,0.8668267342437294
996,33,179.4848484848485,28.606060606060606,6.683175152528593,6.227991553292183,0.36273812505500624
997,50,179.22,74.68,8.889607820931412,7.166733760231023,0.5916535350982359
998,74,179.13513513513513,501.35135135135135,11.41573479970932,8.60908550636464,0.6567113419311776
999,23,179.56521739130434,82.6086956521739,6.667281608803803,4.352291467154875,0.7575445159811209
1000,76,179.23684210526315,140.97368421052633,12.32838351552263,8.331756244049412,0.737067590283691
1001,85,179.18823529411765,477.4823529411765,13.359710253206975,8.413176151360235,0.7768040262506567
1002,55,180.12727272727273,125.21818181818182,9.569330029285977,7.526184955253777,0.6176026681622101
1003,151,179.86754966887418,266.8476821192053,14.327628173754842,13.537327013201567,0.32753007301031
1004,77,182.4805194805195,554.5974025974026,13.207815843527344,7.792330066303874,0.807418806764591
1005,37,180.75675675675674,99.13513513513513,7.107616178893226,6.651536046014601,0.3524458878006262
1006,102,181.50980392156862,173.84313725490196,13.168976778423087,10.216599064164209,0.6309689113917338
1007,34,181.94117647058823,182.23529411764707,7.325783690218665,5.899447563918196,0.5928686518227653
1008,28,180.75,214.60714285714286,7.136726050465485,5.059422252145524,0.7052812360562656
1009,82,180.6951219512195,346.8536585365854,12.932574494233691,8.126537085002923,0.7779086623732245
1010,31,181.41935483870967,131.19354838709677,6.670938955281228,6.103011751188125,0.4037587875111551
1011,149,181.54362416107384,230.8791946308725,20.137942069049537,10.39479129865831,0.8564804751089796
1012,52,181.8846153846154,200.48076923076923,8.899101182253313,7.783769217851661,0.4847204221705823
1013,52,181.1153846153846,109.78846153846153,11.693318224628383,5.8070586529971315,0.867971842695892
1014,168,180.64285714285714,160.39880952380952,16.66794964829663,13.457996252734963,0.5899803261339457
1015,49,183.3469387755102,464.9795918367347,10.998603404554789,6.301622008180819,0.819592090714151
1016,42,182.6904761904762,493.4761904761905,8.446519745519915,6.359849637255338,0.6580719591254464
1017,92,182.6086956521739,562.5869565217391,12.53471924382757,9.46188756612324,0.6558924331949082
1018,56,182.89285714285714,338.64285714285717,8.88691032093166,8.137991556912025,0.40179901436049315
1019,47,184.0,483.29787234042556,11.617331288999456,5.3911756911849205,0.8858021030452269
1020,122,182.2295081967213,286.9918032786885,13.679444436219447,12.161323661417816,0.4578649628070089
1021,61,183.4262295081967,363.91803278688525,9.257699826731423,8.396062481264693,0.421286749249837
1022,96,184.22916666666666,385.3854166666667,13.456818883258482,9.532244138761643,0.7058534318084796
1023,78,184.17948717948718,67.05128205128206,11.274027411190799,8.89426830935552,0.6145001767898762
1024,47,183.70212765957447,317.74468085106383,9.747404127834866,6.220584598778486,0.7698883622751986
1025,93,184.43010752688173,374.51612903225805,12.208137165906384,9.707414897510557,0.6064004824073119
1026,73,184.23287671232876,471.7671232876712,11.07879623548503,10.406343605687455,0.3430894516302724
1027,34,184.26470588235293,24.205882352941178,7.295372448833822,5.944003200772143,0.5797934431413934
1028,74,185.27027027027026,322.9189189189189,15.943133924907643,6.212617172761666,0.9209530634365961
1029,29,185.06896551724137,74.41379310344827,6.7284620161259525,5.500630044211442,0.5759048965827145
1030,52,184.51923076923077,81.48076923076923,9.316955886681015,7.313698858567094,0.6195109287345159
1031,81,185.02469135802468,117.38271604938272,10.921478980559394,9.606972624155112,0.47563958068480755
1032,143,188.03496503496504,296.8881118881119,19.779596555600683,10.246718913544484,0.8553534312680744
1033,26,186.03846153846155,33.38461538461539,7.122715522240896,4.750652453838061,0.7450827014533287
1034,30,186.2,212.73333333333332,6.455332326583624,5.956864956411217,0.385322258426216
1035,28,185.78571428571428,353.10714285714283,6.964677904979095,5.477541945209428,0.6176226815644565
1036,24,186.0,357.875,6.041120995521708,5.284082113681947,0.48469055673906053
1037,51,186.1764705882353,503.6078431372549,9.900356179713073,7.02129584496877,0.7050110823032131
1038,19,185.42105263157896,529.8947368421053,5.544698233777089,4.2956952169149805,0.6322808964466018
1039,120,186.18333333333334,310.81666666666666,17.200804268045772,9.287452663503744,0.8417016287256537
1040,52,186.5,509.5,10.122328707443682,6.586699885725429,0.7593263966019992
1041,78,185.94871794871796,517.6025641025641,13.28316257077125,7.874888626668493,0.8053148077192999
1042,40,187.05,125.275,8.610196939786311,5.951009045371586,0.7227034037771851
1043,90,186.98888888888888,303.77777777777777,17.530491693784167,6.718199658627051,0.923653199933568
1044,122,187.0,450.27868852459017,13.674835614152025,12.12308991058822,0.46267981554356824
1045,73,187.1095890410959,542.8219178082192,10.006786627727317,9.420917900274034,0.33714464326215554
1046,33,188.0,1.878787878787879,7.691002220225602,5.461275309609119,0.7041146544399703
1047,72,187.98611111111111,105.0,11.287837949216676,8.15975661478152,0.690973192344346
1048,105,187.98095238095237,58.84761904761905,14.314299196136355,9.48882500495911,0.7487156126359722
1049,36,187.86111111111111,143.38888888888889,7.3450056870841,6.163534948521058,0.54390564390978
1050,91,189.27472527472528,200.42857142857142,12.981765312911586,9.243229973067072,0.7021628212581401
1051,148,187.57432432432432,329.60135135135135,19.467452613209854,10.17724718858334,0.8524659887901263
1052,86,189.27906976744185,344.1046511627907,11.215424361479473,9.828880967064809,0.4816353108081463
1053,43,189.02325581395348,487.0,8.617745862837802,6.495453732918854,0.6571841918057637
1054,66,189.9848484848485,493.95454545454544,11.106060403904227,7.676048570849404,0.7227031638296088
1055,28,188.39285714285714,499.25,8.888687178153877,4.253619760304088,0.8780640741610064
1056,33,189.24242424242425,550.060606060606,7.459919008477959,5.706369062084574,0.644104946321166
1057,51,189.7450980392157,27.784313725490197,8.699499166147433,7.742515722044403,0.4559691708612116
1058,145,189.7655172413793,232.8206896551724,19.15800584519451,9.78197357599366,0.8598216063304331
1059,87,189.64367816091954,272.98850574712645,15.580689985034056,7.264417392151091,0.8846556868960244
1060,28,189.75,335.9642857142857,6.990217866013828,5.054207895503233,0.6908060503345348
1061,45,190.04444444444445,366.8,8.817590364341651,6.598033857442169,0.6633820889111776
1062,44,189.61363636363637,475.3863636363636,9.246175530947161,6.083100017220583,0.7531014115664227
1063,62,190.53225806451613,89.51612903225806,10.100177943993982,7.79771142852506,0.6355775462129892
1064,126,190.86507936507937,461.2063492063492,13.757089856761457,11.994381168080984,0.4897390337026
1065,77,190.88311688311688,191.2987012987013,11.09452246590673,9.493290686000469,0.5175157786563325
1066,26,191.15384615384616,556.1153846153846,6.35545666921016,5.22725041079467,0.5687907524169874
1067,140,192.03571428571428,50.84285714285714,16.826958397269095,10.91176119245032,0.761241047458685
1068,36,191.91666666666666,66.47222222222223,7.90223071692702,5.933723172183668,0.6604248244757248
1069,70,191.32857142857142,520.3857142857142,14.637842271965617,6.353634838568611,0.9008861685105176
1070,33,191.78787878787878,112.21212121212122,7.197092947388496,5.833928976526996,0.5856068872312961
1071,44,191.5681818181818,242.29545454545453,8.663075174624838,6.648859064975457,0.6410560115181936
1072,110,192.62727272727273,265.5090909090909,17.636657235440175,8.43135965855016,0.8783278195284614
1073,129,191.4418604651163,280.2015503875969,16.560646879179334,10.50296379811308,0.7731590542037395
1074,32,192.75,6.8125,7.134660683600376,5.790864955245202,0.5841406256148023
1075,63,192.74603174603175,82.11111111111111,9.102516192882549,8.871771012790248,0.22373333548119217
1076,9,192.88888888888889,169.33333333333334,3.885753375057407,2.7954428906961324,0.6945875203623408
1077,66,192.4848484848485,210.8030303030303,10.225865197899429,8.232675861778763,0.5931614253359236
1078,104,192.54807692307693,381.66346153846155,14.789680172714615,9.040129438811647,0.7914408437698917
1079,76,191.94736842105263,406.25,11.45920961674728,8.733485706015392,0.647415979445844
1080,37,192.97297297297297,118.24324324324324,7.43058770598685,6.310943081225064,0.5278791304721839
1081,54,193.27777777777777,289.27777777777777,8.91580915356266,7.876497402702492,0.4685622884982457
1082,49,192.87755102040816,317.14285714285717,8.471342124117577,7.395291753914935,0.48776033393889445
1083,65,192.98461538461538,356.6,10.244139652915962,8.21639826229784,0.5972456132403011
1084,80,193.0,536.1,11.279227341081288,9.023249447300255,0.6000156538932558
1085,80,192.5625,73.325,12.443975021936366,8.28220898392596,0.7463445656633294
1086,92,194.2826086956522,34.66304347826087,14.262305264781945,8.273370069983063,0.8145549135956822
1087,64,195.390625,219.671875,13.21692585059527,6.2569008750232324,0.880847236591927
1088,60,194.31666666666666,371.23333333333335,10.113897905343125,7.901488062684168,0.624217602260678
1089,63,194.74603174603175,445.7936507936508,10.14592125608475,8.01472974282118,0.6131764375080603
1090,17,195.58823529411765,133.11764705882354,5.181899763382574,4.0412010400023215,0.6259432312521288
1091,32,195.1875,350.3125,7.213364269691662,5.730826808823983,0.607298811647182
1092,31,195.83870967741936,295.4516129032258,6.5135634707132395,6.1662811037742395,0.3221659830059137
1093,100,195.74,472.52,14.30567052402437,9.339153647845201,0.7575054881670953
1094,63,196.0,501.25396825396825,9.662675236493644,8.376881153573931,0.4984266498834329
1095,89,195.92134831460675,525.8202247191011,12.94990743281527,8.860884511597792,0.7292540101163556
1096,107,195.69158878504672,548.8411214953271,15.143854753168569,9.146244768062148,0.7970165176092997
1097,119,196.50420168067228,249.0672268907563,16.237355435121785,9.633976845321554,0.8049653716698347
1098,143,195.37062937062936,257.986013986014,18.19139516501463,10.297232312022297,0.8243711713911783
1099,37,196.45945945945945,361.5405405405405,8.162387514896576,5.893067310695822,0.6919156159264662
1100,28,196.5,122.5,6.676183683170241,5.237229365663817,0.6201736729460422
1101,20,197.25,232.35,5.590562123769462,4.667506308541457,0.5504163163449792
1102,51,197.2549019607843,237.88235294117646,8.80528548837542,7.594503424353375,0.5060677675432306
1103,14,197.07142857142858,397.85714285714283,5.449353665897314,3.145851452097728,0.8165399631383785
1104,31,197.29032258064515,193.4516129032258,6.8575012356818705,5.700161964155581,0.5559284066053243
1105,26,197.53846153846155,597.1538461538462,6.510418041618965,5.021164213552168,0.6365315537797905
1106,132,197.59848484848484,43.128787878787875,15.980087486382308,11.269610170089564,0.7089802704259691
1107,75,198.22666666666666,61.333333333333336,12.300328868125655,7.9545848947048,0.7627470636283709
1108,62,197.67741935483872,492.93548387096774,12.015600175715404,6.736296736967738,0.828066942124993
1109,106,198.26415094339623,26.028301886792452,14.100350537412673,9.846651594138718,0.7157791467583795
1110,18,198.55555555555554,534.0,6.692378766540068,3.534970588625539,0.849114774731384
1111,138,199.15942028985506,17.818840579710145,18.967520604959308,9.726549896879954,0.8585079334309931
1112,71,199.11267605633802,205.74647887323943,10.512857711268646,8.624915427229906,0.5717672439318867
1113,46,199.32608695652175,286.8478260869565,9.689761564045698,6.188501979378117,0.7694857256265731
1114,88,199.29545454545453,341.96590909090907,10.860827402253697,10.448568965543146,0.27290245201391566
1115,69,199.43478260869566,86.47826086956522,10.545029399174672,8.404747710792577,0.6039343421864377
1116,49,199.57142857142858,169.53061224489795,8.222532369152981,7.56249259280567,0.3925564331647381
1117,61,198.8360655737705,450.88524590163934,11.868418024699396,6.589233520734828,0.8317231835946911
1118,60,199.23333333333332,459.35,9.835665564267238,7.993449722331607,0.5826817282050499
1119,99,201.3030303030303,2.787878787878788,17.696640338569672,7.582100052413643,0.9035661748209418
1120,47,200.0212765957447,10.553191489361701,9.68811532385717,6.25373373420364,0.7637554463875651
1121,18,200.33333333333334,279.0,5.333333333333333,4.216370213557839,0.6123724356957945
1122,81,199.91358024691357,325.18518518518516,12.100216965751914,8.54201037655712,0.7082730231256985
1123,28,199.64285714285714,366.35714285714283,6.162985436425169,5.776205440072356,0.3486810208071332
1124,41,201.0487804878049,69.73170731707317,9.299865393016983,5.66812259264958,0.7927980850812633
1125,75,200.45333333333335,76.76,11.706511590998735,8.286604165279918,0.7063499452967712
1126,41,200.29268292682926,486.8292682926829,7.389418283962793,7.13278128157005,0.2612555868334275
1127,74,200.78378378378378,224.0,10.484212383813174,9.278472730647943,0.4656010352519298
1128,81,200.69135802469137,304.2716049382716,10.913647066213434,9.638666469703779,0.46904254855760463
1129,32,200.46875,356.375,8.945320885510839,4.66000099305178,0.8535915549892321
1130,43,201.53488372093022,243.06976744186048,7.934561634998009,6.85506333810634,0.5035778548266563
1131,177,203.85875706214688,375.5819209039548,18.020154037819296,13.325139520022828,0.6732031531504467
1132,37,201.67567567567568,118.21621621621621,7.399836035604283,6.367195996971463,0.5095332677542531
1133,66,202.27272727272728,294.6666666666667,10.453879515699263,8.044764733572663,0.6385886657839336
1134,38,202.05263157894737,399.8157894736842,7.479803832160131,6.512499169729446,0.4918538022968365
1135,32,202.78125,500.0625,6.97713334832476,5.830221714454307,0.5493102217078081
1136,16,203.5,109.8125,5.301859257350197,3.7852065221398448,0.700207434242993
1137,47,203.12765957446808,231.68085106382978,8.640257724353864,6.9073017480842935,0.6007560892301368
1138,52,203.5,53.17307692307692,8.66202601888859,7.737869906627022,0.4494420804491715
1139,29,203.44827586206895,154.31034482758622,6.258786926641891,5.866529742934273,0.3484510929203089
1140,98,205.07142857142858,312.07142857142856,14.187112346252263,8.872758492983824,0.7802965046348836
1141,113,203.64601769911505,438.070796460177,14.855777290938953,9.671577711159884,0.7590507865999198
1142,62,204.2258064516129,182.43548387096774,9.971192896881934,7.980783048125429,0.5994876861523308
1143,105,203.6,529.3333333333334,15.64407775080724,8.644916272494717,0.8334466492754671
1144,52,203.53846153846155,134.92307692307693,11.477178964390196,6.0892607718153995,0.8476512716580764
1145,61,204.63934426229508,213.81967213114754,9.827977460328825,7.947959710151022,0.5882109112105663
1146,85,205.09411764705882,333.15294117647056,12.070705504923778,8.999004525736908,0.6664784218369788
1147,68,203.4264705882353,384.22058823529414,12.655880427531851,6.9889907455997164,0.8336900316920087
1148,46,205.02173913043478,493.2826086956522,8.221964339007732,7.12502856743214,0.499030002643857
1149,56,205.39285714285714,190.94642857142858,8.870551514101868,8.049721095368215,0.4201262104862587
1150,66,205.36363636363637,200.87878787878788,9.875571309917403,8.556472395856055,0.4993018760526197
1151,56,205.64285714285714,255.96428571428572,9.165041708743276,7.797302664661867,0.5255452493771461
1152,44,205.22727272727272,282.40909090909093,8.416438551164973,6.703145318116442,0.6047242882291219
1153,61,205.40983606557376,453.655737704918,10.42215501210083,7.568802687814541,0.6874598091959836
1154,21,206.23809523809524,13.380952380952381,5.896071403773382,4.711453411503854,0.6012200510191581
1155,79,206.0253164556962,36.278481012658226,10.557639843747308,9.667594042063932,0.4018704855084237
1156,87,206.28735632183907,64.06896551724138,12.316849545160387,9.162718492562245,0.6682715958397148
1157,52,206.30769230769232,80.51923076923077,9.926450360258258,6.789603768998838,0.7294903465782872
1158,36,205.94444444444446,357.44444444444446,7.599443103799396,6.140460457943898,0.5891625557918083
1159,49,206.14285714285714,365.55102040816325,8.388132654649759,7.4207121632841995,0.46622163087444457
1160,148,205.81756756756758,546.581081081081,15.978722675600391,12.046734453433224,0.6569622233525696
1161,24,206.41666666666666,246.0,6.535586064705352,4.8827932934320275,0.6647018662345192
1162,39,206.94871794871796,460.64102564102564,7.668030110260055,6.580468327278647,0.5133667173353939
1163,130,206.01538461538462,477.5615384615385,14.239774234559691,11.81634416865401,0.5580421477491407
1164,37,207.24324324324326,406.4054054054054,7.670168369232968,6.087006124297144,0.6084465567582296
1165,47,207.51063829787233,486.82978723404256,8.51973657701878,7.029708729340586,0.5649740182806521
1166,34,208.02941176470588,110.52941176470588,6.978198572039696,6.285885549859346,0.43425673273074245
1167,58,207.79310344827587,352.1551724137931,12.36025287052234,6.064213391201963,0.8713724469994366
1168,55,208.5818181818182,219.76363636363635,9.413947679948997,7.48660968772735,0.6062582683426573
1169,24,208.66666666666666,317.875,6.081140986576509,4.932066489508719,0.5849866175853743
1170,34,208.85294117647058,498.7352941176471,7.321169539393467,5.940226403450138,0.5845236057885087
1171,80,208.8,6.675,13.14071525891644,8.282004738230995,0.7763879983101283
1172,106,209.0188679245283,47.367924528301884,13.492225487386353,10.371202678067172,0.6396336415669495
1173,90,208.77777777777777,87.74444444444444,14.031280351787482,8.361239871177576,0.8030586514588666
1174,17,208.8235294117647,289.6470588235294,5.2803066611302425,4.198453534749996,0.6064580634294094
1175,86,208.2325581395349,343.0,14.00788842693559,8.030885664429443,0.8193373840583461
1176,65,209.53846153846155,235.98461538461538,10.074615464644944,8.254465826434418,0.5733177883651174
1177,107,210.09345794392524,302.13084112149534,13.573694707008071,10.150964781668298,0.6638779326272622
1178,90,209.23333333333332,445.5444444444444,11.747105027203283,10.44948306469567,0.45686338525402775
1179,70,210.97142857142856,117.24285714285715,9.916247923223008,9.003007807069533,0.4191767033120289
1180,16,210.125,360.375,4.69041575982343,4.415880433163924,0.3370999312316211
1181,93,210.29032258064515,387.8817204301075,12.640536294124153,9.532022861942172,0.6567782850647924
1182,74,210.5,528.5945945945946,14.32587010582793,6.852050776084903,0.8781970001596444
1183,74,210.94594594594594,71.36486486486487,9.96103610542353,9.597630012352104,0.2676462757020165
1184,53,211.32075471698113,284.9622641509434,8.787522511736926,7.956079815253557,0.4245943014180497
1185,51,212.3921568627451,454.47058823529414,9.957981113135153,6.832123003153602,0.7275117745332945
1186,30,211.2,463.6,7.751011717928508,5.025450296428002,0.7613334253137233
1187,54,212.38888888888889,13.61111111111111,8.566371229953948,7.962876829852851,0.3686941782006208
1188,77,212.14285714285714,148.7012987012987,10.751869389865822,9.1079582162621,0.5314261618860044
1189,63,211.52380952380952,185.71428571428572,9.12501565614038,8.883184115140937,0.22869570227689376
1190,29,211.51724137931035,204.6206896551724,7.165558506213006,5.30481829063488,0.672252790566695
1191,40,211.875,249.75,8.7964893625511,5.811348801657438,0.750699255759694
1192,24,211.875,335.1666666666667,6.089436999924889,5.3126558875482734,0.48872490870217966
1193,43,211.74418604651163,492.90697674418607,8.387650288347077,6.647010395223109,0.6099032772630738
1194,35,211.62857142857143,537.4571428571429,7.190708130117591,6.333571247781623,0.47348965760948647
1195,46,213.0,78.6304347826087,9.332735072602723,6.468789349540766,0.7208135585433321
1196,58,212.68965517241378,211.81034482758622,9.245549136444474,7.990717682707525,0.5030157589662734
1197,49,212.6122448979592,268.734693877551,9.71915988425231,6.462288407435511,0.7469306462543853
1198,47,212.38297872340425,470.63829787234044,9.048783089202018,6.739746831142426,0.6672614667181704
1199,26,213.0,138.5,6.201736729460423,5.203549084703927,0.5440588203494177
1200,35,213.45714285714286,279.0571428571429,8.350414531443928,5.73862367147786,0.7264434912524279
1201,71,213.74647887323943,365.5774647887324,10.886776575904557,8.44961355472224,0.630566188374697
1202,58,213.3448275862069,402.55172413793105,9.636724375059877,7.80463823887421,0.586588726545901
1203,24,214.0,179.29166666666666,5.7130455003342036,5.291502622129181,0.3769982222431136
1204,50,214.32,479.92,10.223023200898787,6.448953142478638,0.7759239820814122
1205,62,213.6290322580645,548.3387096774194,12.531242853015316,6.50271714672276,0.8548225852051082
1206,99,214.27272727272728,36.14141414141414,14.6902495580529,8.847738554183643,0.798280030872917
1207,48,214.54166666666666,242.39583333333334,8.134282351687698,7.503247856815062,0.38618143114053577
1208,75,215.38666666666666,347.25333333333333,11.516662634782904,8.419073159659938,0.6823409247577259
1209,74,215.59459459459458,356.31081081081084,11.023429165023181,8.695170860623323,0.614662762526084
1210,61,215.27868852459017,430.1475409836066,10.502470206196719,7.411263153456938,0.7085420710260388
1211,39,214.89743589743588,487.4871794871795,8.313481300720431,6.03810220476776,0.6873752154532192
1212,54,215.2962962962963,125.11111111111111,9.180732469971467,7.466028807676893,0.5819451880046151
1213,60,215.43333333333334,254.88333333333333,9.746522833881484,7.978078533899709,0.5744261818676218
1214,56,215.41071428571428,313.25,9.324227912591988,7.630002431149454,0.5747933881982474
1215,70,215.32857142857142,321.42857142857144,9.950993840088683,9.188355938894796,0.3839337799859448
1216,63,216.015873015873,25.841269841269842,10.156264481029933,7.924161954793809,0.6255001270825874
1217,60,216.13333333333333,90.15,10.945253117000862,7.327368087770109,0.7428514869671451
1218,13,216.07692307692307,167.15384615384616,4.748377429419916,3.5597537413447733,0.6618028466539135
1219,69,216.42028985507247,460.9855072463768,12.584691269667006,7.090426565572878,0.8261728040710316
1220,75,216.25333333333333,511.6933333333333,10.126515738006466,9.482024579119086,0.35105169377464307
1221,25,215.68,529.56,6.240788931570107,5.230349272428377,0.545530395430319
1222,35,216.31428571428572,50.17142857142857,7.44649699536197,5.941302067153899,0.6028356776063443
1223,121,216.07438016528926,293.09090909090907,13.585493448478418,11.571140987948821,0.5239846730847193
1224,72,216.83333333333334,202.97222222222223,11.874565672148226,7.936141658187977,0.7438639171305543
1225,85,217.8235294117647,227.78823529411764,10.77462602420626,10.154564732353089,0.33434229818199035
1226,37,217.27027027027026,303.64864864864865,9.011876059824294,5.339199761182985,0.8055979369746399
1227,78,215.17948717948718,330.55128205128204,12.946959194801398,7.891784216990645,0.7927496897203605
1228,80,217.0125,376.6,10.853222422784693,9.41515071794199,0.4974403528592954
1229,40,217.15,7.925,7.669736836249266,6.717524608267626,0.482586848426774
1230,42,217.28571428571428,18.904761904761905,7.707532192743851,7.151412471133539,0.3729604529877556
1231,64,217.8125,340.484375,12.446683478502626,6.634279473761242,0.8461052607281634
1232,110,217.3,392.3727272727273,15.465959362152857,9.48373824453633,0.789927092407872
1233,75,218.16,191.04,10.468396525411718,9.252250583150813,0.4678140530044838
1234,63,217.66666666666666,496.26984126984127,10.416139297394931,8.175998389838927,0.6195773784228596
1235,55,218.4181818181818,276.5272727272727,10.65956003712503,6.875532951607902,0.7641733270122198
1236,67,218.4179104477612,406.86567164179104,11.83379353025787,7.438144921590577,0.7777682241388133
1237,43,218.2093023255814,503.16279069767444,7.677789700415752,7.128136772715061,0.37155734814883984
1238,76,218.67105263157896,536.2894736842105,10.890693158800952,8.979786736547005,0.5658070648032393
1239,69,219.2173913043478,82.21739130434783,9.793535688719414,9.058290801732456,0.3801484404977109
1240,5,218.6,161.2,3.098386676965933,1.7888543819998317,0.816496580927726
1241,68,219.08823529411765,236.55882352941177,10.948212708326137,7.953038749085607,0.6872473580827203
1242,119,219.27731092436974,525.0252100840336,17.45843215661936,8.96564132375132,0.8580643498587153
1243,51,219.90196078431373,95.3529411764706,8.654597514054764,7.667738423736551,0.46373711232569675
1244,69,220.0,172.0,9.337473201948237,9.337473201948237,0.0
1245,62,220.32258064516128,284.1290322580645,9.975647812346768,7.949861034903772,0.6040758926560735
1246,41,220.7560975609756,123.73170731707317,10.243070719869708,5.613606485853416,0.8364525088300512
1247,63,220.1904761904762,270.8095238095238,11.105787079781988,7.605899154953835,0.7286755358140762
1248,47,220.46808510638297,369.0425531914894,8.22302853041575,7.539706276320893,0.39911382332085377
1249,150,220.94666666666666,549.8733333333333,19.038869155942905,10.622895354249248,0.8298689768230968
1250,87,220.80459770114942,452.6666666666667,13.236229947567875,8.580904198718795,0.7613942370300744
1251,47,221.29787234042553,489.8936170212766,9.198484042788232,6.747729088811415,0.6796142359766413
1252,146,221.85616438356163,111.91780821917808,16.46461797176442,11.435847941128447,0.7194240588586116
1253,111,221.61261261261262,38.666666666666664,16.120888078765137,9.222537778982431,0.8201934937442231
1254,57,222.03508771929825,48.719298245614034,10.097718244409394,7.496284998609322,0.66998553821351
1255,77,221.8181818181818,149.46753246753246,12.119968921644661,8.124968118241807,0.7420192027208099
1256,12,222.0,183.5,4.47213595499958,3.265986323710904,0.6831300510639732
1257,50,221.92,214.34,8.904551555951,7.356423151736898,0.5634621185911202
1258,49,223.73469387755102,266.2448979591837,11.745529539427105,5.484449583476656,0.8842893592358704
1259,48,221.91666666666666,316.0,8.808181507561164,6.997963567025274,0.607284447199445
1260,29,222.93103448275863,19.413793103448278,6.728462016125951,5.500630044211441,0.5759048965827146
1261,20,222.75,67.25,5.138093031466052,4.9396356140913875,0.2752409412815902
1262,53,223.11320754716982,336.79245283018867,9.090432087688276,7.539703875270373,0.5586389558952071
1263,79,222.64556962025316,361.2025316455696,11.549673121692086,9.268953281878876,0.5966124516147562
1264,70,222.85714285714286,444.6714285714286,13.535629248226863,6.935725764111037,0.8587438444353465
1265,92,223.15217391304347,464.4347826086956,14.055249956542909,8.470567617748591,0.7979964244885996
1266,74,223.1891891891892,517.5945945945946,11.163652902813755,8.659175896336851,0.6311535283844545
1267,85,223.34117647058824,2.2588235294117647,17.47449585019576,6.423447664813538,0.9299880037839503
1268,53,224.0188679245283,102.81132075471699,10.338766355130968,6.5708542815336415,0.772055624536961
1269,112,223.45535714285714,326.29464285714283,13.720503115998659,10.658920684677149,0.6296724038730793
1270,70,223.18571428571428,398.9428571428571,10.76145784336841,8.41349769434517,0.6235071453541688
1271,68,223.2058823529412,475.36764705882354,10.356034275828144,8.445323459402132,0.5787601337392709
1272,68,223.52941176470588,259.29411764705884,10.72687185265991,8.260882442821783,0.6379098568254147
1273,68,224.64705882352942,509.5882352941176,11.531569451800369,7.559137056379391,0.7551806247766081
1274,132,225.3560606060606,10.507575757575758,16.00186438841855,10.723892037358162,0.7422120019756799
1275,46,224.47826086956522,222.7391304347826,8.11023910014573,7.2529907135230935,0.4474669294358815
1276,123,225.91869918699186,248.260162601626,13.647400654618936,11.536033553690325,0.5343052115847302
1277,129,224.7674418604651,432.86821705426354,13.116768738036885,12.593257048138023,0.27969685719632903
1278,19,225.94736842105263,122.84210526315789,4.941766144970738,4.896717199837056,0.1347175576035976
1279,88,225.36363636363637,136.0340909090909,12.304930858673067,9.2096696686825,0.6631871715369385
1280,85,226.1529411764706,196.9764705882353,11.588591822234223,9.964832962926684,0.5104911820312247
1281,99,226.73737373737373,501.85858585858585,14.137697034166084,9.082949639665754,0.7663165640985526
1282,56,226.46428571428572,539.6964285714286,10.785729617987423,6.940687188491151,0.7654406416290643
1283,64,226.703125,163.328125,10.041472784398929,8.156960942665817,0.5832020281117806
1284,48,226.54166666666666,279.2708333333333,8.424691179566855,7.2679563592553,0.5057210426643549
1285,108,227.2685185185185,206.17592592592592,14.1392025410601,9.91392804772796,0.7129980676887916
1286,137,227.08759124087592,90.45255474452554,17.524449663762862,10.36159392972894,0.8064773315645819
1287,51,228.31372549019608,217.72549019607843,9.829573176115739,6.886403381794116,0.7135737664665429
1288,74,227.36486486486487,369.8378378378378,12.303058009998463,7.768800865621641,0.7754142870431242
1289,29,227.72413793103448,19.75862068965517,7.487257484742312,5.010139573290626,0.7431224046795106
1290,58,228.1551724137931,43.10344827586207,9.878701262703864,7.487434643018787,0.6523275882871102
1291,56,227.76785714285714,185.98214285714286,9.661132646778077,7.526773007054628,0.6269273773913399
1292,53,226.88679245283018,423.9433962264151,10.486630330870414,6.5904963915804675,0.7778366118680929
1293,44,228.0,547.0681818181819,7.932101854963598,7.07801448770083,0.45139307914193016
1294,25,228.2,99.4,7.179401851046017,4.627762857061393,0.7645293514993389
1295,67,228.4179104477612,237.19402985074626,9.788539909656361,8.978231137267263,0.3983842242073435
1296,87,228.66666666666666,491.1264367816092,11.049509962923256,10.337469583641315,0.3531701750712637
1297,45,228.9111111111111,145.37777777777777,8.815783631879551,6.522173646825219,0.6727947975232427
1298,47,228.93617021276594,273.70212765957444,9.351781061786323,6.747402560388317,0.6924041256386925
1299,56,228.51785714285714,442.0892857142857,9.534058923661235,7.64183478017567,0.5979544880689109
1300,61,229.55737704918033,174.21311475409837,9.94947987628504,7.898887531205634,0.6080489412313338
1301,44,229.45454545454547,333.02272727272725,9.552136862950848,5.999007110358616,0.7781909364518997
1302,106,230.11320754716982,457.2358490566038,15.367236303972051,9.138255508532353,0.8039785054230248
1303,73,229.8082191780822,469.93150684931504,11.039843955468733,8.55478425856674,0.6320828281509518
1304,81,229.40740740740742,524.5308641975308,10.887911689259077,9.569355683372383,0.4770111290653686
1305,68,229.80882352941177,50.80882352941177,11.355059568972775,7.685671252421922,0.7361210327654866
1306,27,229.59259259259258,109.37037037037037,6.105155671224163,5.6524922109149465,0.377877646828831
1307,76,229.75,153.92105263157896,11.997850942431299,8.259237717020104,0.7253378177149344
1308,29,230.24137931034483,380.7931034482759,6.443201935024447,5.79289923299766,0.43780182347682267
1309,59,230.20338983050848,126.59322033898304,10.516716515260713,7.214941550713805,0.7275590406594061
1310,54,230.72222222222223,257.31481481481484,9.265079493377105,7.47867587148493,0.5902922487870691
1311,31,230.32258064516128,264.16129032258067,7.832427801927133,5.1859897724645325,0.7493997828571711
1312,73,230.7945205479452,312.7671232876712,11.718066508339572,7.9789856095588485,0.7323641706838244
1313,46,230.43478260869566,323.19565217391306,10.14853171175783,5.969181067865637,0.8087287787496128
1314,100,229.79,556.44,14.40410407682391,9.002143397215177,0.7806481860264133
1315,40,231.325,193.25,8.987435276920666,5.8082705810905475,0.7631125257032957
1316,79,230.13924050632912,230.27848101265823,14.060109274170447,7.466567851584486,0.8473428553922958
1317,27,231.0,375.3333333333333,6.158402871356008,5.65685424949238,0.39528470752104744
1318,40,231.675,400.775,7.582875444051551,6.752777206453653,0.4549247429401157
1319,38,231.8421052631579,16.105263157894736,8.44319282815372,6.132699388672282,0.6873267334073374
1320,41,231.82926829268294,211.65853658536585,8.731860068918289,6.1094282457975,0.7144652932777813
1321,44,232.1590909090909,224.63636363636363,8.94571549914361,6.266713242963876,0.7136261172850971
1322,124,232.01612903225808,533.75,15.075950170360564,10.810774923773073,0.696983187989083
1323,37,232.24324324324326,134.78378378378378,7.540465571541948,6.361897386063689,0.5368135959353472
1324,73,230.63013698630138,360.7671232876712,13.249382437817967,7.448461143384328,0.827018835547816
1325,93,232.6236559139785,85.17204301075269,17.953378914881835,6.8100886231835975,0.925265254450378
1326,41,232.73170731707316,269.0243902439024,7.672962069252663,6.960764641797876,0.42074079101219697
1327,76,232.69736842105263,516.1184210526316,13.381117887589625,7.697787564353033,0.8179619100063041
1328,22,233.36363636363637,101.0909090909091,5.72696990952042,4.958855251720278,0.5002558283175846
1329,31,233.80645161290323,116.90322580645162,6.968326378158106,5.723436385035038,0.5704242460778911
1330,85,233.2235294117647,394.36470588235295,13.800361690443909,7.984473465475771,0.8156328253815418
1331,30,234.03333333333333,7.0,7.550837536095108,5.167243758431831,0.7291750393970614
1332,64,233.546875,23.59375,10.182885336320961,8.070505868738312,0.6097992643650617
1333,28,233.92857142857142,166.42857142857142,6.279217421667403,5.841442371503105,0.3668454297905025
1334,103,234.36893203883494,180.3398058252427,14.69303092636563,9.437184665614321,0.7664618356125948
1335,12,232.91666666666666,252.33333333333334,4.364045181411538,3.5213000580812746,0.5907030891845737
1336,14,233.78571428571428,278.14285714285717,5.395366948568033,3.480589789995085,0.7640921189949287
1337,32,234.5,285.0,6.843314393979375,5.93034974560141,0.49902032461824386
1338,86,234.56976744186048,448.6860465116279,12.643185511681038,8.906858076710785,0.7097248808288786
1339,48,235.35416666666666,325.6458333333333,9.594162408885953,6.7284093303219965,0.712863881463371
1340,66,234.8030303030303,439.6515151515151,13.670522807023378,6.277059105407006,0.8883497353673095
1341,56,235.60714285714286,106.51785714285714,9.239871717312916,7.75566121305479,0.5435621433160037
1342,27,235.03703703703704,161.4814814814815,7.505916813535819,4.659168597518737,0.7840222049896569
1343,64,235.234375,334.390625,10.968107696279768,7.508681712711528,0.7289262157015173
1344,42,235.6904761904762,200.83333333333334,8.304423258565723,6.583687748159719,0.6094911215292731
1345,55,235.6,216.03636363636363,11.100684169013698,6.461988108829327,0.8130991570985043
1346,64,236.703125,358.078125,12.260073151393904,7.083981495068318,0.8161719646380787
1347,56,235.44642857142858,368.25,11.624976962239705,6.309832981945654,0.8398733584169817
1348,18,236.77777777777777,31.5,5.258737584977436,4.268749491621899,0.5840132092439594
1349,59,236.8135593220339,155.74576271186442,10.565612741984364,7.410335552827055,0.7128037493205718
1350,39,236.33333333333334,171.23076923076923,8.59559124215297,6.126764600130338,0.7013877850975789
1351,25,236.4,206.76,6.343923269057182,5.039150479625989,0.6074902315288906
1352,38,236.73684210526315,526.0,7.5685310179771,6.659290284571204,0.4752225579593651
1353,43,237.2325581395349,556.3255813953489,8.22693790492989,6.771198670254935,0.567965853256933
1354,59,237.25423728813558,127.47457627118644,11.84926323752888,6.381216562578418,0.8426045661133493
1355,41,237.14634146341464,274.0487804878049,8.17380281742552,6.546525966585212,0.598777291677307
1356,65,236.6153846153846,376.53846153846155,12.613648455709663,6.823992859970836,0.8410221305539175
1357,113,237.26548672566372,499.3362831858407,16.936315785990733,9.057985599758565,0.8449620843861979
1358,74,236.52702702702703,548.3783783783783,11.677232406013143,8.307557312050603,0.7027548986675819
1359,20,237.3,264.5,6.2906103577220325,3.9734394832840088,0.775256865513561
1360,92,237.65217391304347,461.5217391304348,14.067567344159286,8.687036757069547,0.7865533612545085
1361,20,237.7,569.25,6.257452020932036,4.0993041123748775,0.7555356295547356
1362,89,237.97752808988764,13.168539325842696,13.106385625703506,8.842344387372254,0.7381293159255119
1363,73,238.04109589041096,96.6027397260274,10.586928812984784,8.845426901952917,0.5494835693536263
1364,48,238.72916666666666,112.75,8.812090601413983,7.05975316764169,0.5984716818862756
1365,86,237.8139534883721,82.88372093023256,18.67427366435161,6.242313142024786,0.9424761467480689
1366,53,239.0,195.71698113207546,9.699177513615169,7.187713726233791,0.6714341180280842
1367,121,238.1487603305785,240.93388429752065,13.605576499897992,11.388763882609057,0.5471021024185784
1368,65,238.2,317.4923076923077,10.741270922657455,7.780616837652236,0.6894150939811516
1369,60,238.56666666666666,492.6,10.261161639810181,7.452792587831998,0.68736643221471
1370,68,238.94117647058823,410.1764705882353,10.448138268230432,8.425476595593091,0.5913576992258254
1371,96,238.8125,188.77083333333334,14.792355999115653,8.3536474798527,0.8252775655226469
1372,71,240.80281690140845,403.5633802816901,14.332305588957626,6.665872487582029,0.8852611855238048
1373,84,239.41666666666666,513.9047619047619,13.744200801229278,7.92721316149781,0.8169081012656765
1374,61,237.98360655737704,542.016393442623,13.18281320811278,6.090162722201562,0.8868916592185392
1375,37,240.7027027027027,22.43243243243243,9.245920416623965,5.467229972083171,0.8064423820479834
1376,50,240.0,221.86,11.392783446185266,5.668411183773366,0.867438733348491
1377,39,240.07692307692307,226.87179487179486,9.62343331731727,5.17945398159277,0.8428090500579343
1378,9,240.0,425.0,3.265986323710904,3.265986323710904,0.0
1379,39,240.76923076923077,521.8205128205128,8.053668454063097,6.3590541538167615,0.6136414684451501
1380,45,240.35555555555555,268.75555555555553,8.384947331993736,7.2757209285276065,0.4970669700359597
1381,41,240.29268292682926,506.8292682926829,7.904478673356643,6.675347473973606,0.5355525135613196
1382,47,240.6595744680851,165.0212765957447,8.198222433143616,7.382556551826121,0.43484154930110924
1383,34,240.91176470588235,173.85294117647058,7.654681243266342,5.999507509629778,0.6210515263526013
1384,70,241.22857142857143,232.55714285714285,11.749624199289729,7.792003000981321,0.7484684483703037
1385,91,240.7912087912088,281.31868131868134,11.38335185240282,10.422300528383857,0.4021496296223877
1386,51,240.7843137254902,327.45098039215685,11.954450276199438,5.593633425180603,0.8837749429964491
1387,128,239.65625,562.6953125,17.157679888213714,9.879931391011104,0.8175684443336679
1388,49,241.28571428571428,77.93877551020408,9.264434424103387,6.7118593028519244,0.6893001494656418
1389,27,241.7037037037037,159.07407407407408,6.781537658690263,5.213919661066049,0.639440806312147
1390,117,241.23076923076923,309.2649572649573,14.11956711544065,10.817647165144834,0.6426667876285921
1391,27,241.59259259259258,335.3703703703704,6.105155671224163,5.6524922109149465,0.377877646828831
1392,75,242.56,354.28,10.709068516870897,9.214690345726831,0.5095234760774454
1393,138,241.20289855072463,470.94202898550725,14.014740690711635,13.177905626511526,0.34037731261121096
1394,67,242.62686567164178,536.2537313432836,10.675725988147734,8.134747602451645,0.6475941725695511
1395,35,241.65714285714284,118.54285714285714,7.6121633789778755,6.040498468915675,0.6085279696002263
1396,117,241.93162393162393,148.23931623931625,15.192941259997783,10.010872245634372,0.752216518604044
1397,88,241.875,385.1363636363636,11.852917560092818,9.603830065406903,0.5860839902522198
1398,134,241.4179104477612,438.1641791044776,18.57307030420964,9.894692970606588,0.846276409553796
1399,46,243.04347826086956,202.84782608695653,9.472163957460461,6.349183918269758,0.7420909534163616
1400,64,242.5,209.328125,10.368311594494289,8.063836458502573,0.6285878004443953
1401,10,243.0,529.5,4.381780460041329,2.6832815729997477,0.7905694150420949
1402,62,242.74193548387098,374.2903225806452,10.52522891730162,7.859589445308425,0.665118192346457
1403,65,244.33846153846153,217.3230769230769,11.850148314710017,7.056493694645421,0.8033721729929724
1404,93,243.5483870967742,3.903225806451613,12.269697774908867,9.781401421687752,0.6037154741204472
1405,37,244.45945945945945,15.91891891891892,7.308223465086184,6.390365038756121,0.4851923460566051
1406,48,244.64583333333334,92.3125,8.202140561976755,7.5601220728987695,0.3878428948863471
1407,28,244.57142857142858,99.42857142857143,6.283598615649686,5.787571189552665,0.3894207503181544
1408,13,244.84615384615384,267.38461538461536,5.559290874187449,3.0701214834142476,0.8336781884945116
1409,105,244.5047619047619,298.54285714285714,12.391377871803712,11.04558537390537,0.453231535486917
1410,27,244.88888888888889,84.81481481481481,7.0596042164023185,4.90738497218535,0.7188782610317885
1411,32,244.96875,169.28125,7.034299975882726,5.93610763457809,0.5365313865461468
1412,24,245.125,197.45833333333334,5.998194119902467,5.073843663554258,0.5333491322162696
1413,65,245.24615384615385,320.7692307692308,11.226849031371971,7.582227147684902,0.737483128368188
1414,86,245.06976744186048,571.453488372093,10.956651866253969,10.258393416092682,0.3512790251739301
1415,20,245.1,589.95,5.215361924162119,4.795831523312719,0.3929526239966879
1416,75,245.44,128.32,11.291315758795378,8.506283271902355,0.6576227702354728
1417,63,244.8095238095238,182.33333333333334,11.555701095780401,7.125599077106104,0.7872526178135176
1418,39,245.6153846153846,361.0,7.6128842226048095,6.655262167884444,0.48554738894191146
1419,120,245.41666666666666,396.6166666666667,13.522325833279664,12.034027387775405,0.45608213247858764
1420,25,245.44,486.6,5.887478237751711,5.4258639865002145,0.3881555064577865
1421,129,246.53488372093022,547.0077519379845,17.936305325895102,9.392657140761857,0.8519228405687926
1422,38,246.31578947368422,21.842105263157894,7.487210888773012,6.62132540473198,0.4668218157506519
1423,91,247.58241758241758,72.47252747252747,17.885218767932024,7.158976079960227,0.9163957993273237
1424,46,246.6304347826087,176.08695652173913,8.16132811140506,7.1959806452385155,0.4717789398789567
1425,26,246.96153846153845,236.84615384615384,6.244763570646292,5.4899018772001,0.47659891498722395
1426,63,246.73015873015873,331.015873015873,11.50293055035027,6.990188472877216,0.7941761506239958
1427,41,246.46341463414635,410.3414634146341,8.36316353161602,6.314890400962351,0.6556281385646097
1428,91,247.16483516483515,287.9010989010989,12.748474168166249,9.18942941651744,0.6931162451197251
1429,5,247.4,353.2,3.098386676965933,1.7888543819998317,0.816496580927726
1430,44,247.3409090909091,10.113636363636363,9.731880710657036,5.904298922600871,0.7949334799612782
1431,48,248.16666666666666,162.54166666666666,9.997483603693528,6.23790290923081,0.7814664201583661
1432,125,248.16,274.528,15.328560572555206,10.935679529572269,0.7007381577913161
1433,60,248.88333333333333,379.75,9.356204868166282,8.281122268174595,0.46541200220247914
1434,132,247.49242424242425,431.3333333333333,15.607662946544858,11.068014689835541,0.7050679190389855
1435,10,248.1,102.7,3.8587512539327755,3.508566482236332,0.41625220270706703
1436,70,248.1,155.9857142857143,11.749400074909884,7.669217952448386,0.757588270103803
1437,101,250.44554455445544,80.41584158415841,13.087477798383176,11.003272595454192,0.5414264195276381
1438,72,248.11111111111111,244.08333333333334,10.820718876992537,8.663015956018619,0.5992055340940649
1439,111,248.3063063063063,515.2072072072073,15.811396956852565,9.570547318549302,0.7960018198769898
1440,99,248.77777777777777,141.4848484848485,13.766134679786585,9.52417137795755,0.722036308573101
1441,44,249.0,228.5681818181818,8.392441761089767,6.690685196162982,0.6036790083707979
1442,94,250.5,108.7127659574468,12.261783257001213,9.827712662875209,0.5980064282206192
1443,98,249.6122448979592,503.7448979591837,13.94167618365377,9.13722553694082,0.7552912365998791
1444,124,250.21774193548387,526.1693548387096,14.402423802739564,11.216252481096541,0.6273029341410585
1445,62,251.25806451612902,169.29032258064515,9.797202006119443,8.107386334958735,0.5614353760559998
1446,44,250.97727272727272,405.77272727272725,8.195763221270477,6.8220384799943075,0.5541963228044852
1447,71,251.8732394366197,67.70422535211267,11.819671520716236,7.66493490347608,0.7612234532407152
1448,100,251.31,210.66,12.582478999509568,10.247634957730522,0.5802521573199627
1449,27,251.40740740740742,312.3703703703704,8.218638618610973,4.133398193789031,0.8643272681241425
1450,74,251.66216216216216,386.36486486486484,13.097637415202593,7.326998767603936,0.8288885511665925
1451,55,252.1090909090909,442.03636363636366,9.772522144451665,7.256023501333517,0.6698544795314728
1452,220,251.7409090909091,452.54545454545456,19.171963277384478,15.573333511249432,0.5832436354817789
1453,116,250.94827586206895,493.6810344827586,13.138628984012366,11.53924061974612,0.4781682651441891
1454,78,252.3846153846154,16.44871794871795,10.252878868818566,9.748519681447624,0.30978067627545447
1455,46,251.2173913043478,256.4130434782609,10.022012584959091,5.962524826803546,0.8037679974621986
1456,51,251.64705882352942,294.4313725490196,8.710550946277207,7.887631440437818,0.4242905111954616
1457,81,252.1358024691358,320.4938271604938,13.025496652322927,8.37198501212457,0.7660858524081221
1458,108,252.03703703703704,578.4444444444445,12.410346782075433,11.227649366939149,0.42604771012115494
1459,52,253.15384615384616,2.3653846153846154,10.37314887179235,6.818971637982476,0.7535700907032891
1460,57,252.6315789473684,40.31578947368421,9.196818683271841,7.89861096604299,0.5122411678070589
1461,105,252.64761904761906,305.87619047619046,13.772411866300075,9.87990196146788,0.6966933700414301
1462,26,252.26923076923077,328.53846153846155,6.395384536343968,5.268944726013319,0.566783525320765
1463,67,252.16417910447763,415.1194029850746,11.492191574676447,7.430372917918018,0.7628644992983241
1464,29,252.72413793103448,510.2068965517241,6.337898953017982,5.930423184253378,0.3527752989578432
1465,84,252.5595238095238,566.2380952380952,11.487655323941794,10.039140503635545,0.48609345197909287
1466,47,252.85106382978722,99.85106382978724,10.477891160626985,5.817593910582376,0.8316997533187847
1467,41,252.8048780487805,233.4878048780488,8.787608235281603,6.017905054207984,0.7287149207019328
1468,37,253.16216216216216,334.86486486486484,8.45944998658774,5.574596678721291,0.7521616703138435
1469,178,253.07303370786516,469.12359550561797,17.379474083947194,13.371337388135657,0.6387970801765509
1470,86,253.2674418604651,354.75581395348837,11.923844831674584,9.215899043017362,0.6345319983245609
1471,30,254.33333333333334,226.7,7.016171795692197,5.688194402053746,0.5854254903015716
1472,96,253.875,483.09375,12.586070681677766,9.816662694749068,0.6258262982016491
1473,98,251.6122448979592,551.6632653061224,20.822471519193662,6.483942177004233,0.9502816886372564
1474,66,253.95454545454547,151.63636363636363,11.384766317432723,7.55558206992391,0.7480368498239651
1475,96,256.875,240.02083333333334,13.025354565734963,9.526272128125967,0.6819875869810873
1476,33,254.6969696969697,374.75757575757575,7.228959496303518,5.794395464352927,0.59792349126461
1477,52,254.01923076923077,248.28846153846155,11.062313213063147,6.125252443805797,0.8327132417373587
1478,79,253.67088607594937,557.4683544303797,14.783273987384685,7.087833033462769,0.8775694819445157
1479,32,255.375,586.9375,7.225031919900171,5.611275590845959,0.629940115122487
1480,49,254.85714285714286,58.04081632653061,9.354757332829127,6.7106846338600175,0.6967075367911547
1481,41,255.4390243902439,270.0487804878049,7.6035977263637164,6.895734571035424,0.42133692684496993
1482,60,255.56666666666666,8.683333333333334,8.985964646071377,8.685824686848479,0.2562934261599725
1483,27,257.18518518518516,147.03703703703704,7.0205747543676145,4.8602846502056565,0.7216179014375311
1484,10,256.7,498.7,4.0,3.149603149604724,0.6164414002968978
1485,98,256.48979591836735,279.8673469387755,12.48102609494592,10.778945692854919,0.5041320822881381
1486,70,255.94285714285715,391.1857142857143,14.712925878969754,6.401786727502864,0.9003758070170813
1487,49,256.1020408163265,396.8775510204082,9.114005051213312,6.842085129503862,0.660618126548604
1488,98,256.9183673469388,539.8673469387755,14.886739183631605,8.991883436772389,0.7969694010860757
1489,67,257.5223880597015,32.582089552238806,9.986335223593086,8.595848612483977,0.5090092110334449
1490,102,257.55882352941177,217.98039215686273,13.11056275558664,9.904082245018955,0.6552320144340463
1491,40,257.45,291.725,8.606976427962874,6.0885102257031205,0.70682098723881
1492,58,257.51724137931035,331.0344827586207,12.998467069364743,5.703798209360922,0.8985820918851717
1493,111,254.9189189189189,51.729729729729726,17.03423284403452,9.658245677384508,0.8237244324809077
1494,66,258.2121212121212,88.45454545454545,12.053876575196034,6.96394497867745,0.8162244816274653
1495,74,257.9054054054054,160.40540540540542,10.3863098204978,9.197553189568364,0.46455205352479134
1496,105,256.1904761904762,533.0095238095238,17.879299756853797,8.311559626479395,0.8853786684624775
1497,90,258.3888888888889,255.3111111111111,13.524179416215299,8.862866256381857,0.7553384792022304
1498,43,258.3953488372093,365.4651162790698,8.345682657027426,6.563925175425223,0.6175832931875791
1499,92,258.05434782608694,515.0869565217391,13.260808860321243,9.068824398414023,0.7295929218279614
1500,86,260.36046511627904,571.0813953488372,12.795231731459923,8.905413096423986,0.7180469471094199
1501,49,258.6734693877551,379.8775510204082,8.091721797316913,7.741131780105465,0.2911645032849935
1502,51,259.3137254901961,71.70588235294117,10.192684936214604,6.493837052008474,0.7707748725662205
1503,65,259.5846153846154,101.0923076923077,10.13099599670354,8.216570607060612,0.5850006052414586
1504,116,258.87068965517244,116.15517241379311,13.398159968019801,11.134381267646868,0.5562155096533142
1505,168,258.69642857142856,137.875,18.042913825667785,12.28104266659985,0.732601880199046
1506,72,259.15277777777777,320.52777777777777,12.674024938860468,7.309427735770537,0.8169383149321754
1507,58,259.48275862068965,286.2413793103448,11.95836521824968,6.699858784174763,0.8283131253356858
1508,60,259.3666666666667,491.8,10.09273712969332,7.686278647897956,0.6480881524961586
1509,63,259.44444444444446,504.1904761904762,9.454829698203142,8.630425847178683,0.4083933108727736
1510,44,260.52272727272725,265.90909090909093,7.855450866250535,7.107392783840746,0.425896050014174
1511,62,258.66129032258067,298.03225806451616,13.091549716120957,6.338646828478565,0.8749692484543145
1512,36,260.44444444444446,372.6666666666667,7.41173376193524,6.156761227709648,0.5567537351528238
1513,48,260.4375,524.75,9.505184211453946,6.576901989006169,0.7219666229957487
1514,66,260.6969696969697,561.6363636363636,10.880271235646001,7.829909629062683,0.6943443945532314
1515,41,260.7560975609756,108.63414634146342,8.75834898541025,5.943052875555547,0.7345462882994993
1516,99,260.9191919191919,228.62626262626262,14.327824371110212,8.901841524767512,0.7835747641855073
1517,69,261.27536231884056,464.5507246376812,12.137932619506646,7.605985538043697,0.7793173835961348
1518,75,260.9866666666667,47.17333333333333,17.480818162680617,5.644239612892058,0.9464392663539108
1519,85,261.2,64.2235294117647,13.273563281570606,8.394473723254924,0.774625259405057
1520,44,261.75,302.8636363636364,7.68167929939224,7.413973951455386,0.2616967368465228
1521,57,261.10526315789474,548.8947368421053,11.558445436621607,6.591758280114029,0.8214378824349446
1522,24,262.1666666666667,395.4166666666667,6.354903026733255,4.802046643386645,0.6549821357373512
1523,43,262.25581395348837,246.72093023255815,7.829856018889549,7.063185923794722,0.4315610012209865
1524,61,263.1967213114754,331.2950819672131,11.940804533479996,6.613069913245675,0.8326356652291851
1525,66,262.22727272727275,455.72727272727275,9.967371842312083,8.540374695204813,0.5155937731444942
1526,68,263.11764705882354,7.132352941176471,10.941169296002377,8.030875835508217,0.67914378108163
1527,75,262.68,153.49333333333334,12.126092703107409,7.889999871854718,0.759366616846735
1528,268,262.7686567164179,434.57462686567163,21.18542114281787,16.353181302400326,0.635735098292942
1529,63,262.92063492063494,476.12698412698415,10.009787776407276,8.17376580818842,0.5772360513095294
1530,176,263.42045454545456,582.0340909090909,17.131180881345486,13.65959827673191,0.6035132238113958
1531,113,263.95575221238937,41.63716814159292,16.80436266015839,8.845155755883551,0.8502613919291633
1532,88,263.8181818181818,128.11363636363637,13.348041542007348,8.591945212234315,0.7652898476822486
1533,65,263.2153846153846,447.8615384615385,10.650970155403005,7.842693457344502,0.6766159905979662
1534,131,264.21374045801525,169.34351145038167,14.354239768778015,11.636060663461125,0.5855506783556085
1535,54,264.85185185185185,509.77777777777777,8.960717773697038,7.796567819546398,0.4929053129329948
1536,83,264.5542168674699,75.3012048192771,13.235461535446994,8.181588769001065,0.7860549197782997
1537,42,264.45238095238096,235.78571428571428,9.163441216904197,6.017703129935288,0.7541451405039308
1538,35,264.22857142857146,260.8,6.816092399618503,6.6295309274661545,0.2323624683003948
1539,80,263.8375,363.45,14.616838008294147,7.189266070976064,0.8706809446133233
1540,50,264.54,57.74,10.034871415007487,6.4338290064521955,0.7674179811849356
1541,93,264.78494623655916,276.35483870967744,16.207360418491984,7.739526051480348,0.8786145982774136
1542,67,264.8358208955224,315.7761194029851,10.65921256790296,8.075125517521547,0.652751116682505
1543,56,264.89285714285717,498.10714285714283,10.946084556106218,6.576051807913992,0.7994238024691923
1544,74,265.7567567567568,378.77027027027026,12.168488458119123,7.779150251622416,0.7689686509601356
1545,82,263.7926829268293,484.7073170731707,10.519076647493383,10.047351115481057,0.29610552035356824
1546,92,266.20652173913044,519.0978260869565,13.25273742344425,9.072597242715531,0.728935025338673
1547,82,266.1341463414634,289.3170731707317,13.546294342233526,8.178881484407706,0.797156594394758
1548,22,265.72727272727275,399.1818181818182,5.684918356215259,4.913706666104739,0.5029065981676718
1549,52,266.71153846153845,323.63461538461536,9.126289963233889,7.317859536323917,0.597533622801973
1550,34,266.7352941176471,461.0,7.062744009319358,6.082478096334383,0.5082559240684967
1551,43,267.30232558139534,470.74418604651163,9.655457922461645,5.936279299205263,0.7886746764107649
1552,107,266.58878504672896,553.5233644859813,15.931362652893174,9.11201337242092,0.8202853986469004
1553,37,267.2432432432432,119.67567567567568,7.858756642600758,6.030509439958158,0.6412144006164768
1554,85,267.4,250.9294117647059,15.88378987312282,6.991227416482194,0.89792496086753
1555,30,267.2,297.3,6.944647281072625,5.593914027002077,0.5925956471725571
1556,43,267.3255813953488,492.1162790697674,7.775360151207793,7.20166283475784,0.3769933095236022
1557,120,267.28333333333336,17.341666666666665,14.192719904151822,10.958154323002447,0.6355048820287565
1558,38,267.92105263157896,113.36842105263158,7.696928302674138,6.3213535552107665,0.5705215456103512
1559,81,268.14814814814815,102.90123456790124,12.926751613827253,8.213012928240042,0.7722242230428544
1560,28,268.5,154.0,8.0,4.47213595499958,0.82915619758885
1561,60,268.3833333333333,303.8,11.765166398411406,6.54648112906825,0.8308950834941954
1562,39,267.6666666666667,503.6923076923077,7.639694354377601,7.095244850919873,0.3707464432691811
1563,82,268.0975609756098,34.75609756097561,13.374078898323862,8.020136647754454,0.8002416362293069
1564,50,268.64,52.28,10.582346286017767,6.187563905351278,0.8112451005199913
1565,103,268.4271844660194,145.06796116504853,13.754556040684845,9.780754761797574,0.7030989743786236
1566,71,268.9577464788732,241.11267605633802,10.761583647792406,8.412699848473483,0.623611553471317
1567,42,268.9761904761905,264.7142857142857,8.791466906720805,6.314357240484515,0.6957984928010617
1568,79,269.24050632911394,271.8607594936709,14.44749794643178,7.162396698418299,0.86846331766771
1569,77,268.8051948051948,567.5714285714286,11.7218139272484,8.835502517399838,0.6571431429916594
1570,39,269.4102564102564,63.48717948717949,7.646441636937203,6.615089735801226,0.5015649034469912
1571,56,269.98214285714283,83.44642857142857,10.221882874654701,7.032928983622516,0.7256853131472717
1572,45,269.46666666666664,93.17777777777778,7.8216162633128175,7.488433749265249,0.28875725186302464
1573,176,270.16477272727275,540.8295454545455,16.78327513751778,13.832262638771875,0.5663432861235846
1574,14,269.7857142857143,446.7142857142857,5.018775010702015,3.5736649346885305,0.7021194280691284
1575,90,270.34444444444443,588.8,13.835734086900446,8.495147085541024,0.7893056669328661
1576,55,270.90909090909093,257.7818181818182,8.87119455339267,8.097632941914071,0.4084052048408584
1577,31,270.83870967741933,108.29032258064517,7.142384606950956,5.645057582776499,0.6126422450903566
1578,79,272.44303797468353,2.6202531645569622,16.421973271987028,6.59190620674363,0.9158994888756199
1579,118,268.73728813559325,28.093220338983052,18.411214950633575,9.160755229625035,0.8674273470662685
1580,33,271.57575757575756,69.96969696969697,7.404741146760995,5.823381633987775,0.6176671937692163
1581,69,271.463768115942,200.56521739130434,10.436220400340293,8.374167517867958,0.5967680079489931
1582,102,271.45098039215685,455.84313725490193,16.886408829290996,8.31637862324787,0.8703183996474314
1583,94,271.48936170212767,481.6063829787234,13.350506235559052,9.433204672260048,0.7076328728244621
1584,99,273.1111111111111,560.8484848484849,15.605905956528568,8.858708570634246,0.8232692813235937
1585,60,272.05,127.68333333333334,9.569151294801626,8.237327583592785,0.5089076444961643
1586,90,271.68888888888887,135.54444444444445,12.573344267627855,9.336766649037234,0.6697527327820136
1587,29,271.9655172413793,368.58620689655174,6.831418090422476,5.428596311048676,0.6070659505970888
1588,64,271.515625,401.90625,10.103553253298692,8.110097435158064,0.5963863214604522
1589,36,272.3333333333333,408.8611111111111,7.3886278612544665,6.44546203130777,0.4888836718396422
1590,107,270.1214953271028,529.4485981308411,15.020486412156915,9.41732312963575,0.7790472168080109
1591,45,272.7111111111111,58.044444444444444,8.906491310878591,6.747571501749313,0.6527173292675923
1592,28,272.10714285714283,318.5357142857143,6.805211869611918,5.269793550297233,0.6327255548406738
1593,35,272.2,521.0,8.175394187781022,5.550553500337655,0.734199260018594
1594,25,272.76,573.04,6.402487289320216,4.89703548180867,0.6441911507451396
1595,25,272.2,88.16,6.555958234833519,5.66831647167998,0.5024516028019083
1596,37,273.7567567567568,40.91891891891892,7.1003154904526955,6.67335427371822,0.34153986350515886
1597,51,273.8235294117647,287.7647058823529,10.330295823038021,6.396914334792811,0.7852031498011924
1598,61,273.6393442622951,294.59016393442624,9.584016591502495,8.39404447202707,0.48260549420484516
1599,134,272.3880597014925,331.04477611940297,15.71215752620227,11.54355865087753,0.6784034189699184
1600,79,274.0886075949367,467.30379746835445,15.147917023983617,6.886168395427943,0.8906982219576013
1601,57,273.63157894736844,504.0,9.786159664058669,7.715764258174487,0.6151163153199048
1602,57,273.05263157894734,512.859649122807,10.181946200623926,7.310414526470097,0.6960656781590924
1603,28,274.7857142857143,65.57142857142857,6.266908833057631,5.699206586794391,0.41589483143803146
1604,52,274.6923076923077,250.01923076923077,10.142130467669604,6.5575220092815325,0.7628609534503489
1605,75,272.92,430.3066666666667,14.85332099114345,6.839961824182909,0.8876594417179247
1606,84,274.17857142857144,492.6547619047619,13.307053184196109,8.746719498925614,0.7536294566735661
1607,131,274.98473282442745,10.007633587786259,13.964953877725188,12.708048057411283,0.4146176742715171
1608,69,274.7536231884058,152.81159420289856,10.727712686351186,8.708660987331962,0.5839480414521713
1609,58,275.1551724137931,266.51724137931035,10.0433245457853,7.5097797964529684,0.6639933961157862
1610,32,274.9375,77.6875,7.106599647424258,5.819900467467584,0.5738747799759525
1611,106,274.95283018867923,161.12264150943398,14.062849110233422,9.642556089147469,0.7279070144593702
1612,32,275.59375,301.625,6.9878243440923695,5.89743045199433,0.536409216294903
1613,68,276.30882352941177,22.5,10.512642396366834,8.510522106446306,0.5870492988917123
1614,47,275.59574468085106,193.40425531914894,8.028577194457762,7.501325177808032,0.35641411919047844
1615,20,275.9,233.7,5.447863398698083,4.639049944668171,0.5242966935960689
1616,210,275.5238095238095,389.72857142857146,17.287922994940597,15.57827749973894,0.43359569723622676
1617,151,276.0993377483444,444.3907284768212,18.468531408087237,11.117442518263527,0.7985211249318434
1618,56,276.4642857142857,348.82142857142856,8.749267389613061,8.180446680967702,0.35468336638062165
1619,68,275.44117647058823,423.97058823529414,11.655946852525819,7.566119838271109,0.7606851724970473
1620,85,276.9764705882353,95.36470588235294,12.138418615500596,9.068595059447675,0.6647132785929541
1621,61,276.8688524590164,112.49180327868852,10.695577581520821,7.316083083809514,0.7294550038461032
1622,51,276.4117647058824,122.01960784313725,10.132350736610734,6.816131715044821,0.7399064229309972
1623,53,276.6981132075472,277.64150943396226,10.036174292860089,6.811923153924179,0.7343814003327147
1624,22,277.22727272727275,400.59090909090907,7.053255341392255,4.070090745413237,0.8167078437425126
1625,126,274.91269841269843,595.5079365079365,18.886090179134648,9.075640365028752,0.8769693686245938
1626,29,277.0,51.724137931034484,7.055802205850677,5.333510382147832,0.6546822667056338
1627,32,278.46875,129.125,7.072368879269361,5.892026258897888,0.5531147878780668
1628,54,277.81481481481484,457.7962962962963,10.082820985307722,6.966455939587275,0.7229280702363057
1629,117,278.70940170940173,321.8290598290598,15.20909228678818,9.958539932290137,0.7558234827680507
1630,42,278.1904761904762,497.3809523809524,9.018040170904104,6.075797419907222,0.738970193777029
1631,36,278.22222222222223,510.1388888888889,8.315038055038723,5.536268201600061,0.7461178223582565
1632,24,278.3333333333333,546.25,5.9671762132448665,5.191181329489485,0.49312918087354496
1633,63,277.5238095238095,580.968253968254,9.700782729129257,8.297815746512093,0.518007791119451
1634,54,278.64814814814815,71.61111111111111,8.55834198471787,8.072734889155297,0.3320573218763351
1635,90,279.5111111111111,534.4111111111112,12.438141565972051,9.466186337039558,0.64868014026366
1636,34,278.47058823529414,573.9411764705883,7.10498390023801,6.401516335198671,0.43384076390996146
1637,64,279.109375,58.21875,10.405250559133291,7.938748613708356,0.6464503869172848
1638,77,280.3766233766234,88.03896103896103,14.73359087659977,6.947219114964045,0.8818540487531636
1639,26,279.0769230769231,297.7692307692308,6.049108692719231,5.602197371087115,0.3772303231292889
1640,26,279.03846153846155,356.3076923076923,6.303652095135837,5.199346212046313,0.5654028390314513
1641,107,279.70093457943926,145.06542056074767,12.390744704353839,11.524773028244308,0.36727750399202286
1642,96,279.5208333333333,519.3958333333334,13.31527696625213,9.426355451062372,0.7062772259144968
1643,143,279.5524475524476,555.9020979020979,18.205730821973845,10.220855359764062,0.8275386945044662
1644,24,280.0,40.291666666666664,5.7130455003342036,5.291502622129181,0.3769982222431136
1645,117,279.84615384615387,254.77777777777777,17.117105478624197,9.170184764137606,0.8443879428837248
1646,60,280.6666666666667,306.8333333333333,10.185533224419398,7.704935044850132,0.6540414829890044
1647,142,279.99295774647885,417.5422535211268,17.92708200161216,10.625452028421506,0.8054204160311146
1648,63,281.031746031746,439.14285714285717,13.391040608733075,6.204523027053814,0.8861837846088337
1649,105,278.0,474.43809523809523,15.33806634915663,9.56165585131479,0.7819080117281821
1650,84,280.2261904761905,484.1547619047619,13.669996485287772,8.779079631494417,0.7665243812506811
1651,83,280.33734939759034,371.4096385542169,12.9428887660431,8.1625056827537,0.7760628035065519
1652,30,280.76666666666665,17.566666666666666,7.207034125080975,5.530199233695181,0.641248150369744
1653,58,281.0689655172414,282.7413793103448,9.64560390624283,7.818338420181225,0.5856559313644208
1654,84,281.4642857142857,79.85714285714286,12.621537431664812,8.910525973992378,0.7082339038225793
1655,74,281.4864864864865,135.8783783783784,10.673434747069708,8.986496462841915,0.5395558365886102
1656,153,280.9281045751634,105.15686274509804,15.90645391398057,13.083885679640803,0.5686898861709808
1657,4,282.5,272.5,2.0,2.0,0.0
1658,50,281.58,403.8,10.015424460922327,6.367799688083689,0.7718544371393613
1659,47,282.6595744680851,121.59574468085107,9.33595645916374,6.74999376746861,0.6908371282071564
1660,86,282.4418604651163,265.8837209302326,13.334487087212517,8.586908126212549,0.7650571513888865
1661,113,283.85840707964604,432.53097345132744,16.64729669468806,8.92547643352196,0.8441216464030494
1662,93,282.6774193548387,503.5376344086022,12.326460347992267,9.83546504979443,0.6027702580946216
1663,26,284.15384615384613,575.0384615384615,6.247613502117264,5.373327737254546,0.5101914795633451
1664,67,283.85074626865674,292.34328358208955,10.16076251194356,8.425828885714859,0.5588754176067902
1665,19,284.1578947368421,383.8421052631579,5.271572221283753,4.5005385950383054,0.5207037318817046
1666,52,284.0192307692308,582.3269230769231,9.97766052928912,6.768104395458753,0.7347612751883323
1667,15,285.0,320.0,5.656854249492381,3.265986323710904,0.816496580927726
1668,46,284.5217391304348,52.130434782608695,8.537692270810338,6.804873136334785,0.603927925797008
1669,41,285.2439024390244,512.3414634146342,8.02656674115291,6.601978796525351,0.5687421104489756
1670,59,285.9830508474576,127.59322033898304,10.915016945180405,7.138351093639588,0.7565000905651099
1671,151,285.95364238410593,7.635761589403973,16.784887709200113,11.694986014198294,0.7173073597008154
1672,80,286.0375,229.45,12.533475293568186,8.35760115496761,0.7452167368084202
1673,139,286.0,330.48920863309354,16.088268634949895,11.04667635194451,0.7270077222446937
1674,87,285.60919540229884,452.57471264367814,12.87766432065202,8.915989412665734,0.721551510759696
1675,126,284.54761904761904,462.4920634920635,14.44100686222034,11.885339778773888,0.5680021283022109
1676,110,285.2818181818182,527.5,14.467417677563212,9.965640522926142,0.724919682191359
1677,94,285.97872340425533,567.5425531914893,12.077098224267768,9.990475997611135,0.5618709958269898
1678,37,285.9189189189189,73.45945945945945,7.7430803125053735,6.144189310050918,0.6085609751548041
1679,75,286.6933333333333,210.46666666666667,10.105326833597871,9.731728899016074,0.26939558605889014
1680,43,286.6046511627907,302.5813953488372,8.886255162574884,6.1764540736451785,0.7189546108583581
1681,15,286.26666666666665,374.6666666666667,4.77795383588526,3.981909289096598,0.5526820968472154
1682,55,287.27272727272725,33.836363636363636,9.89633259129114,7.110075931728542,0.69557278430074
1683,21,286.76190476190476,389.0,6.194713242933945,4.402858733371697,0.7034501912237078
1684,36,286.97222222222223,414.69444444444446,6.989593412101534,6.689583111458574,0.28983187519479103
1685,66,286.6666666666667,493.43939393939394,13.464174807248941,6.842429642177119,0.8612418887279752
1686,136,287.7647058823529,591.9852941176471,15.800904515295077,11.04140984555054,0.7153333167906827
1687,22,287.3181818181818,222.04545454545453,5.711717281236486,4.889295585159399,0.5169568062633081
1688,134,287.6194029850746,245.87313432835822,16.103268349154707,10.941732266466769,0.7337007305322985
1689,120,289.2916666666667,486.39166666666665,15.50457167372022,10.748303819312627,0.7207121085753654
1690,106,288.12264150943395,19.70754716981132,13.915603725781606,9.923845446200337,0.7010163911769485
1691,38,287.89473684210526,445.55263157894734,8.033629002502332,6.145365261026201,0.6440836406153642
1692,105,288.3047619047619,473.53333333333336,13.720396449212933,9.990433982717992,0.6854234407049308
1693,35,289.0,43.0,7.026480525229439,6.3425997373767355,0.430331482911935
1694,64,288.359375,84.4375,11.262605080634744,7.468254183385864,0.7485291885504165
1695,122,288.6967213114754,96.70491803278688,14.05700229542959,11.304784839334776,0.5943449587293655
1696,61,288.4918032786885,271.8524590163934,10.171987153428844,7.774548474548488,0.6448493457722403
1697,69,288.4347826086956,285.9130434782609,11.366158416565074,7.931661995142409,0.7162620800349815
1698,121,288.27272727272725,552.694214876033,16.287727327512222,9.847967347290625,0.7965102595970649
1699,65,289.0153846153846,203.4923076923077,11.39302275739725,7.390877346593363,0.7610275027923644
1700,132,288.280303030303,404.74242424242425,17.854120139821323,10.38659954207916,0.8133690481688611
1701,73,289.2739726027397,138.6164383561644,10.599381966343275,8.872899783671432,0.5470272106246203
1702,168,287.92261904761904,150.75,20.490312783351676,10.71286902589771,0.8524394026639796
1703,41,289.5121951219512,235.09756097560975,8.264316259417345,6.396269270714404,0.6332316706326058
1704,9,290.0,26.0,5.28447687855656,2.0184905548456555,0.9241763718304448
1705,105,289.6,161.34285714285716,12.436382308026895,11.218197703483659,0.4316384355432028
1706,116,289.9741379310345,259.3534482758621,14.261594978534376,10.705017336889574,0.6607358285993044
1707,56,290.17857142857144,420.23214285714283,11.475798092666196,6.530535573063883,0.822288892328033
1708,30,290.3666666666667,63.36666666666667,6.491019437140313,5.793482928640115,0.4509717590117594
1709,41,290.5365853658537,69.29268292682927,8.114032155307617,6.4912485152502635,0.5999962548640227
1710,112,290.91964285714283,343.08035714285717,13.106402030087771,10.981212216512278,0.5458989651629679
1711,126,291.1666666666667,501.1587301587302,18.958772306718114,8.813945650682204,0.885362853074241
1712,52,291.53846153846155,76.32692307692308,10.418599021695188,6.553612427146606,0.7773809414576326
1713,148,291.9662162162162,119.31756756756756,18.962597822167883,10.484425158565848,0.8332474475003226
1714,49,291.53061224489795,280.6326530612245,10.622979580907788,6.101074385331895,0.8186252948928467
1715,62,291.96774193548384,129.6290322580645,11.051845616704757,7.450446552652441,0.7386072756689687
1716,104,292.0,319.3173076923077,12.197745949679902,10.964462212844275,0.4381692524775864
1717,111,292.3693693693694,108.14414414414415,12.925008230792042,11.266467347547438,0.4900760081919534
1718,46,292.7608695652174,302.5652173913044,8.113645215163675,7.375850178746418,0.4166491364853457
1719,26,292.96153846153845,450.88461538461536,6.909877086417084,5.205173900745169,0.6576831076732513
1720,93,292.2795698924731,522.2150537634409,15.876354205838616,8.035826896441266,0.862445085884322
1721,117,291.7264957264957,539.7863247863248,16.430100189566673,9.56424843666247,0.8131046951514367
1722,51,293.0,29.50980392156863,9.090373355314938,7.747918498383737,0.5230186084816443
1723,42,293.26190476190476,38.904761904761905,9.376898491366552,5.950006123404306,0.772890990556208
1724,53,293.3018867924528,295.35849056603774,10.258265999557501,6.656588053468476,0.7608737643955878
1725,38,293.6578947368421,335.60526315789474,8.392250449790204,5.816877200511924,0.7208175666498016
1726,69,293.768115942029,411.0869565217391,11.106833092319933,8.0831993437878,0.6858232451127944
1727,78,294.0769230769231,6.17948717948718,15.281882503259922,7.053465682639769,0.8871103555793495
1728,63,294.3015873015873,227.03174603174602,10.185645963604422,8.011119667360427,0.6175766338037243
1729,57,294.43859649122805,211.98245614035088,9.500823953476267,7.740459120344543,0.5798622846583068
1730,67,294.17910447761193,424.46268656716416,12.362870630932525,7.354358233813469,0.8038184875735634
1731,133,295.8496240601504,365.77443609022555,14.179827720107983,12.118968428545818,0.5191838209662799
1732,77,295.3636363636364,90.76623376623377,13.255672502476774,7.789333795105822,0.8091350854349005
1733,75,295.1333333333333,267.3066666666667,12.562094645296963,7.904721536338,0.7772014443737223
1734,89,293.9550561797753,547.876404494382,16.982158069309566,7.18638861423395,0.9060489610615946
1735,73,297.54794520547944,140.0958904109589,11.553866190671426,8.313771537498948,0.6944238549856959
1736,97,294.8041237113402,443.7525773195876,14.649013739912343,8.864305669026333,0.796139751301704
1737,94,296.8191489361702,21.04255319148936,13.379106226981904,9.133780918605428,0.7307082025893407
1738,35,296.1714285714286,65.57142857142857,7.457446087660527,6.1183871334644095,0.5717326228500141
1739,35,295.74285714285713,218.14285714285714,8.50693806260274,5.2662348303922615,0.7853502022634629
1740,103,296.5242718446602,249.11650485436894,13.611000807023347,9.795455588105,0.6943142474743184
1741,144,299.8541666666667,533.4513888888889,24.60838523767423,8.147553185330992,0.9435997084324763
1742,17,297.29411764705884,257.70588235294116,5.552178461271106,3.9174385400182166,0.708642384639249
1743,51,297.3921568627451,429.5686274509804,9.826510648699964,6.648146990374592,0.736394715328542
1744,88,295.84090909090907,516.3863636363636,15.26684537706633,7.540379070727747,0.8695155812193383
1745,34,297.5,46.0,7.392571411289448,5.7545281136978454,0.6277433712160546
1746,65,297.5692307692308,79.2,10.354687204816024,8.401597670857832,0.5845174787024451
1747,66,297.5,276.22727272727275,10.61792537736421,8.105920161984118,0.6459042236641708
1748,108,297.43518518518516,585.9351851851852,15.656202426674694,8.915696023794377,0.8220139556817697
1749,90,298.1111111111111,290.5888888888889,13.800244770922431,8.878586241364339,0.7655600856017672
1750,27,298.0740740740741,84.96296296296296,6.642464240679049,5.353206359854846,0.5920425739673018
1751,107,298.7289719626168,154.01869158878506,13.286728623243278,10.394179269064816,0.6229045431946362
1752,113,298.24778761061947,166.24778761061947,14.488790304171669,10.065472514765599,0.7192922716228508
1753,134,297.92537313432837,325.57462686567163,19.425562296161488,9.586561004254113,0.869744452239188
1754,122,298.5,506.8114754098361,14.06421748374913,11.061213030570896,0.6176168990685297
1755,167,298.45508982035926,561.443113772455,16.111679819294384,13.70761059419463,0.5255103985925916
1756,102,299.5686274509804,33.21568627450981,13.668224823318932,9.647063169457823,0.7084089585163545
1757,151,299.158940397351,353.6953642384106,15.991392884781517,12.226432488609076,0.6445486208377643
1758,109,299.651376146789,101.6697247706422,16.078696822460394,9.160459801117739,0.821834354092816
1759,41,299.8536585365854,450.8780487804878,8.533760983324594,6.149294991536121,0.693367240579327
1760,87,300.5287356321839,71.7816091954023,12.331679868234538,9.624168094633301,0.6252274577616994
1761,33,300.24242424242425,434.7878787878788,7.307331518851183,5.802580464735403,0.6078177873468971
1762,30,300.8666666666667,212.1,7.136148987094561,5.400395033965402,0.653685855743415
1763,83,301.65060240963857,342.7951807228916,13.928583037883255,8.213798530530795,0.8076164511112632
1764,54,300.81481481481484,382.8333333333333,9.272245676446136,7.413382814350968,0.6006341625310453
1765,109,300.8807339449541,398.7155963302752,13.704627620722547,10.36671422385338,0.6540642967575452
1766,28,301.32142857142856,545.9642857142857,7.211563892059167,5.2404898612487045,0.6869774883836233
1767,56,300.69642857142856,570.5892857142857,9.383519214906622,7.657234527743415,0.5780093472846636
1768,95,301.9263157894737,54.357894736842105,15.577436568508274,7.889154632330829,0.8622707672462846
1769,104,300.40384615384613,130.95192307692307,15.41886917570828,8.913931651320024,0.8159529030856477
1770,153,301.54901960784315,491.8888888888889,17.79964869945779,11.411864273969542,0.7674334419378889
1771,23,301.95652173913044,552.3913043478261,6.193882567696608,4.665229164899033,0.6577921667504074
1772,113,301.5486725663717,595.4513274336283,16.081995161777293,9.212428792482429,0.8196663975980317
1773,95,301.77894736842103,10.821052631578947,12.06192246172408,10.123191275314726,0.5437172299405998
1774,44,302.0,41.59090909090909,8.046682902659459,6.943311310174589,0.5054110635124203
1775,46,302.67391304347825,89.67391304347827,8.712158247142405,6.928203230275509,0.6063028188858124
1776,84,301.04761904761904,418.9404761904762,13.626289669383022,8.391765935427406,0.7878625398033707
1777,54,302.7037037037037,225.07407407407408,8.527310548586224,8.174934643569074,0.28449749720295586
1778,117,302.44444444444446,264.4957264957265,15.95203727284828,9.610131466113472,0.7981648287852793
1779,40,302.75,218.125,7.461981582611571,6.889762757944987,0.3840424595008768
1780,21,303.4761904761905,587.8571428571429,6.088776041622918,4.377514589279838,0.6950636535037218
1781,38,303.5,19.0,7.455128930368747,6.407232755171875,0.511237358145545
1782,172,305.0755813953488,121.24418604651163,24.183753666750466,9.294067914063977,0.9232039431343063
1783,64,303.671875,540.390625,10.362413368099551,7.997269952216926,0.6359169783115863
1784,60,303.5833333333333,63.333333333333336,10.242767961989761,7.456327218406343,0.6856194097611006
1785,49,304.2857142857143,249.26530612244898,8.748971232068147,7.387435476664756,0.5357484863061105
1786,97,302.92783505154637,411.4020618556701,16.550520985267713,7.697111303176117,0.8852751631640219
1787,87,304.28735632183907,2.5517241379310347,15.55891973598818,7.465148743853091,0.8773786251186995
1788,23,304.60869565217394,469.95652173913044,5.59009971803031,5.242902365874442,0.34693096212529995
1789,113,304.78761061946904,527.6637168141593,17.932999759463037,8.217201910963945,0.888840456266888
1790,133,305.25563909774434,140.42105263157896,20.115244796577322,8.872022611381745,0.8974777962230236
1791,14,305.64285714285717,150.42857142857142,5.0090172473361845,3.808094398853908,0.6496331776267847
1792,52,305.13461538461536,169.25,9.668137892907538,6.884113233319828,0.7021376093920905
1793,56,304.9107142857143,454.55357142857144,10.565270854555559,6.755009534463674,0.7689076909446634
1794,53,305.3018867924528,84.0377358490566,10.396396262824894,6.525713299430442,0.7784634512280676
1795,63,305.8412698412698,158.79365079365078,10.63094856153014,7.7373627624876855,0.6857736299789663
1796,45,304.75555555555553,254.88888888888889,10.948673740356613,5.32036619168693,0.8739938133900875
1797,81,305.8641975308642,305.08641975308643,11.917420054220415,8.809648745424767,0.6734590970526122
1798,51,306.54901960784315,322.6862745098039,9.70969937349181,7.064873244624447,0.6859911480742836
1799,135,305.4592592592593,331.6592592592593,19.486738543862995,8.870123576011448,0.8903955095803908
1800,26,305.1923076923077,424.6923076923077,8.84455447713792,4.184913508228549,0.8809750476354121
1801,138,305.036231884058,441.84057971014494,15.055264880115113,12.354007571038265,0.5715356572922442
1802,73,306.3150684931507,110.26027397260275,11.240135165484423,8.392809131459533,0.6651809192203891
1803,82,306.6829268292683,297.0487804878049,12.95438076742738,8.32866425783733,0.7659311464701972
1804,104,306.41346153846155,314.5673076923077,13.406737527531567,9.957108227416843,0.6696305705018618
1805,114,306.3859649122807,361.8157894736842,16.29307995158958,9.182094596158132,0.8260765380486336
1806,77,306.4025974025974,431.27272727272725,12.286265655139076,8.017307897446507,0.7577523096704002
1807,36,306.8888888888889,407.22222222222223,7.859257856762327,5.917954832347888,0.6580301747537408
1808,89,306.92134831460675,510.13483146067415,13.03213221344127,8.89505451426152,0.7308408582398478
1809,81,307.5925925925926,37.32098765432099,14.983688148967806,7.147454239447243,0.8788947820801777
1810,46,307.7608695652174,71.1304347826087,9.027732280098382,6.757272408906587,0.6631329401271652
1811,102,307.3333333333333,179.00980392156862,13.265152788520044,9.82900539352084,0.6715443567630139
1812,62,307.7741935483871,272.2741935483871,10.110947962142099,7.984359762547063,0.6135257727514134
1813,35,307.3142857142857,570.1142857142858,7.36414053367147,6.0646555091971095,0.5672599346622794
1814,68,308.0882352941176,383.30882352941177,9.929149394083268,8.98346535304847,0.42592857069645806
1815,94,308.75531914893617,101.22340425531915,12.728448632134983,9.985965463513098,0.6200793671931598
1816,53,308.50943396226415,343.24528301886795,10.59650059530013,6.386537938432464,0.7979659361456358
1817,26,308.84615384615387,350.7692307692308,6.828533360959334,4.850255487302867,0.7039067252277533
1818,46,309.0217391304348,225.8695652173913,11.010337285702464,5.394570914386439,0.871747669468787
1819,42,310.0238095238095,117.21428571428571,9.740465120639067,5.887723613332443,0.7966353318292696
1820,63,309.6666666666667,282.4761904761905,10.597723763552853,7.533826771037919,0.7033021699407027
1821,169,309.603550295858,394.85207100591714,17.702115959353343,12.841584775754487,0.6882995942186236
1822,72,309.7916666666667,79.69444444444444,12.247023432770453,7.720098652867779,0.7762986430137836
1823,57,309.8421052631579,260.12280701754383,10.776614969935412,6.743143691273707,0.7800477303301582
1824,35,310.0285714285714,516.6285714285714,7.020400766184494,6.461478760781755,0.3910109506059195
1825,38,310.57894736842104,420.05263157894734,7.417023988203594,6.696544693876299,0.4299317208423625
1826,31,310.4193548387097,564.5483870967741,6.425754631219991,6.063143290049411,0.3311758133602729
1827,72,310.3611111111111,94.22222222222223,12.585019867537405,7.547380601641505,0.8002163259360844
1828,5,310.2,487.4,3.098386676965933,1.7888543819998317,0.816496580927726
1829,165,309.8787878787879,497.73333333333335,18.471887490730253,12.390055948047017,0.7416816839942201
1830,86,309.0348837209302,557.0697674418604,14.1941587651223,8.08735131039039,0.8218068658857818
1831,104,311.78846153846155,9.971153846153847,12.994242226456782,10.471444420427789,0.5921161376302303
1832,64,312.34375,152.578125,11.761431553892779,7.048435752214479,0.8005366266828946
1833,72,311.40277777777777,472.94444444444446,10.089677640379234,9.104212031701021,0.43104731318751444
1834,50,311.24,541.66,9.287459979106064,6.900136747666904,0.6693447248545955
1835,40,311.5,591.625,8.187077891821568,6.190456816200766,0.6544268593492185
1836,67,311.6865671641791,217.62686567164178,10.74868365929382,7.944435214245185,0.6735872317169618
1837,95,311.7578947368421,239.42105263157896,13.016445413624226,9.417668565208329,0.6903026149249855
1838,56,312.69642857142856,67.82142857142857,11.369829499739511,6.581315357945607,0.8154409380522732
1839,12,312.4166666666667,86.75,4.418071998329191,3.371873174730685,0.6461621652955031
1840,43,312.86046511627904,132.88372093023256,7.835518415344915,7.023717834795412,0.4432565756142023
1841,97,312.4742268041237,143.6701030927835,14.588400243031817,8.929497022081243,0.7907836980548133
1842,61,312.7704918032787,172.08196721311475,10.546458275712592,7.549984339407385,0.6982247165836004
1843,102,313.4117647058824,450.03921568627453,13.624987560371357,10.167940360422703,0.6656416440597938
1844,72,312.97222222222223,427.93055555555554,12.133508417859955,7.832951804240132,0.7637064833200659
1845,101,313.54455445544556,54.83168316831683,12.36469629320922,11.145106258232499,0.4330598996535512
1846,104,314.125,550.1826923076923,14.578790416581862,9.276823901818833,0.7714224970029191
1847,153,314.0980392156863,367.5686274509804,16.61197587053909,12.280865237714007,0.6734005576655248
1848,117,314.36752136752136,33.82051282051282,17.594263406815852,8.50366403779151,0.8754436145379955
1849,58,313.9655172413793,352.44827586206895,11.466230205813389,6.511126492141161,0.8231303887453651
1850,25,314.4,482.56,5.887478237751711,5.4258639865002145,0.3881555064577865
1851,156,314.6666666666667,162.6153846153846,14.911813985126608,13.52512696523684,0.42111449054801997
1852,131,314.9389312977099,249.8320610687023,14.266297405016584,11.807294952455855,0.5612658819174545
1853,75,314.3466666666667,263.32,15.084986400144247,7.253638686642179,0.87680203736094
1854,53,315.58490566037733,223.9056603773585,8.63664613390866,7.853591692684621,0.4160679972160463
1855,69,316.18840579710144,76.26086956521739,11.046336895373365,8.166912390683871,0.6733408650504472
1856,72,315.84722222222223,105.79166666666667,12.091391435924137,7.706946125110725,0.7705403930825815
1857,71,315.7464788732394,382.40845070422534,13.819423410104724,6.631270233089218,0.8773497562834862
1858,69,315.9710144927536,416.92753623188406,11.892106711326162,7.501829170181655,0.7759257561623057
1859,34,316.1764705882353,89.73529411764706,6.738825172526911,6.54608364387932,0.23745578198872783
1860,46,315.8478260869565,297.0869565217391,9.78837763573605,6.075653148495826,0.784047577133843
1861,237,316.59071729957805,336.253164556962,22.424861403540472,14.057825177790026,0.779111228098457
1862,75,317.24,62.68,11.017987263515472,8.726432451332991,0.6104991253092003
1863,76,316.5394736842105,230.97368421052633,12.018205759451122,8.191804844573905,0.7317097994904159
1864,22,317.04545454545456,454.77272727272725,6.026786168143852,4.73863988794276,0.6178917834714448
1865,28,317.0357142857143,579.75,6.990217866013828,5.054207895503233,0.6908060503345348
1866,64,317.421875,124.25,11.730830811713274,7.020680324367326,0.8011369381894672
1867,125,317.704,509.728,14.741561481567329,11.183057054543292,0.6515480578066145
1868,23,317.17391304347825,574.0,5.405311397537409,5.360360002581718,0.12869789041755736
1869,68,318.3529411764706,2.0,15.554136152712728,5.887614478905481,0.925591459548967
1870,43,317.86046511627904,83.81395348837209,8.230384656784969,6.891187056302395,0.5467649479505928
1871,38,318.39473684210526,426.39473684210526,9.147477944348143,5.560255843178242,0.7940551056346647
1872,86,317.6744186046512,496.04651162790697,17.497810335502972,6.470193976905544,0.9291226701836786
1873,64,318.875,14.578125,11.043406076842688,7.429369150335311,0.7398766540338556
1874,37,318.43243243243245,96.83783783783784,8.036550755055424,6.053907052702589,0.657680851536201
1875,119,318.38655462184875,114.67226890756302,13.906130802465862,11.062357705717023,0.6059506935882603
1876,59,318.6949152542373,391.2542372881356,9.876109494081895,7.7244975246172,0.6231030867990631
1877,21,319.0,130.0,8.0,3.265986323710904,0.9128709291752769
1878,130,318.6923076923077,180.03846153846155,13.49742806686661,12.424704492808175,0.3906863647920235
1879,184,318.1847826086956,271.6032608695652,22.148655620647467,10.731025957106858,0.8747912030798319
1880,85,318.2705882352941,466.7294117647059,12.233397334490279,9.33058612346251,0.6467356619385367
1881,159,320.44654088050316,142.9559748427673,23.514417033212624,9.287943495139524,0.9186857136214096
1882,63,320.3333333333333,24.650793650793652,10.683800242560658,7.557224384269241,0.7068598929546006
1883,19,319.7368421052632,169.8421052631579,5.894503054821655,4.200314913318668,0.7015891558358428
1884,148,320.4594594594595,520.8513513513514,15.15776617010717,12.777624616453632,0.537952048483736
1885,32,321.375,155.71875,7.3408527248000075,5.576401731654231,0.6503443873295108
1886,65,321.66153846153844,236.87692307692308,12.64487794428803,6.874777431498272,0.8392920714955165
1887,147,320.80272108843536,355.3673469387755,19.087786504505626,10.017863828066247,0.8512063940388509
1888,43,321.6511627906977,6.953488372093023,8.15111393385638,6.71312908026692,0.5671939511523241
1889,35,321.77142857142854,91.37142857142857,7.212967428889941,6.433271206842849,0.4522256843877143
1890,94,320.531914893617,282.8404255319149,13.553049564322894,9.047020126800314,0.7445860149744978
1891,41,321.9512195121951,32.48780487804878,8.048050142795333,6.556928765511663,0.5798508414628512
1892,43,321.3953488372093,38.95348837209303,7.730666820822676,7.2065195546222895,0.36194627059645523
1893,44,322.09090909090907,582.5454545454545,8.917695651725575,6.377542737656313,0.6989649677898818
1894,101,322.7821782178218,72.11881188118812,14.283075135261068,9.266080528387274,0.7610054491597502
1895,22,322.90909090909093,309.90909090909093,5.502816709244202,4.972652484064489,0.4282593998234223
1896,16,322.0,484.5,4.898979485566356,4.0,0.5773502691896258
1897,81,323.25925925925924,52.02469135802469,12.321262887679307,8.420436423472056,0.7300376499072335
1898,102,323.03921568627453,254.7450980392157,14.693928796814522,8.951105499056782,0.793039409691871
1899,159,322.937106918239,476.8805031446541,16.97769941997273,12.177690687218476,0.6967895066279652
1900,23,323.30434782608694,59.0,5.698971752065256,5.287033464951914,0.3732840862101264
1901,72,322.25,380.44444444444446,16.355964435460628,6.349955398173015,0.9215604707747262
1902,58,324.48275862068965,122.29310344827586,9.429491122182394,7.864052254807223,0.5517874188834485
1903,52,323.78846153846155,429.61538461538464,8.767986300882068,7.628461322226397,0.4929886777609036
1904,20,324.1,440.05,5.215361924162119,4.795831523312719,0.3929526239966882
1905,77,323.90909090909093,497.14285714285717,13.733383500859954,7.180445127182615,0.852427136134826
1906,4,325.25,2.75,3.4641016151377544,1.4142135623730951,0.9128709291752769
1907,25,324.88,11.48,6.898844053673313,4.699909650524822,0.7320411123516207
1908,57,324.7543859649123,97.0,11.849741049774517,6.186076284091001,0.8529190683891311
1909,125,327.312,293.24,21.24709523124949,7.909604303264179,0.9281254568301021
1910,126,324.4047619047619,418.9761904761905,15.246078768095717,10.623709552035038,0.7172500619988199
1911,107,324.33644859813086,453.7570093457944,12.43623465716095,11.041344867375509,0.46015876602441425
1912,85,325.5882352941176,136.9764705882353,15.855921631163085,7.008219970170023,0.897018076572829
1913,63,326.74603174603175,275.0,9.536777944614323,8.667697477522504,0.4170781210827669
1914,102,325.52941176470586,341.1764705882353,15.998849990580924,8.368661313126116,0.8522842450584431
1915,127,326.56692913385825,106.62992125984252,13.83075204873557,12.163844140073882,0.4759392760262868
1916,32,326.125,467.6875,6.84712566243898,6.025310793873587,0.47501691757714704
1917,27,326.5925925925926,153.62962962962962,6.105155671224163,5.652492210914947,0.377877646828831
1918,111,327.01801801801804,243.67567567567568,13.538599083221492,10.863201700863224,0.5968034977633542
1919,43,326.6511627906977,578.8837209302326,8.413609232990158,6.6245797939425,0.6164873589018578
1920,76,326.60526315789474,24.11842105263158,14.111913573440175,7.679749282064302,0.838953406753676
1921,46,326.7173913043478,63.91304347826087,8.675845093990592,6.942651607129053,0.5996962734612091
1922,155,327.47741935483873,404.5806451612903,18.77099847741925,10.573337421819378,0.8262657426530285
1923,42,327.35714285714283,505.4047619047619,10.097484545664713,5.593159772038508,0.8325724580547216
1924,135,326.97777777777776,84.82962962962964,14.816247110934727,11.774699161362266,0.6069822864555853
1925,68,327.80882352941177,381.8235294117647,10.191319188175827,8.55404087439637,0.5435978675801375
1926,36,327.72222222222223,47.083333333333336,8.054980896323157,5.734345198768069,0.7022803074022312
1927,34,328.20588235294116,117.0,7.902035800998275,5.525096228232539,0.7149270136447081
1928,209,327.9952153110048,165.95215311004785,19.18705491951806,14.128996442265784,0.6765663065361934
1929,100,326.9,285.91,19.493405677109067,7.399833451345513,0.9251478355728637
1930,64,327.046875,390.296875,10.435933729408283,8.375319378710193,0.5965899195902555
1931,80,327.9625,549.3,12.277069238686508,8.295243872756094,0.7372044738862802
1932,70,328.34285714285716,177.5,12.098673073455124,7.751396692079337,0.7678067097950163
1933,45,327.6666666666667,16.333333333333332,9.883490434591613,6.232972819022192,0.7760715252922243
1934,96,328.8125,38.625,12.690027945097839,10.04078470137183,0.6115131780224972
1935,124,329.1693548387097,260.4274193548387,19.38954951798522,8.379251919223542,0.9018003037661825
1936,32,328.9375,562.21875,6.97713334832476,5.830221714454307,0.5493102217078081
1937,46,329.5,147.30434782608697,9.169687879279351,6.3382894414406685,0.7226425328029256
1938,143,328.8951048951049,187.03496503496504,15.754636020600485,11.835174681714891,0.6600535614686892
1939,135,329.44444444444446,514.4074074074074,16.39609252293035,10.775319901429178,0.7537264490623257
1940,39,329.1794871794872,585.3076923076923,7.387464667907928,6.748997605070377,0.4066719342588185
1941,51,330.29411764705884,439.6470588235294,9.605317199216797,6.817504377079323,0.7044399565737518
1942,113,329.56637168141594,302.283185840708,14.10464923467282,10.574094473266522,0.6617907759987026
1943,147,330.421768707483,353.25850340136054,19.618652441480435,10.124860426372335,0.8565383510486568
1944,67,330.32835820895525,461.089552238806,11.908724633406646,7.4813534324114634,0.77803206071613
1945,17,330.5882352941176,575.1176470588235,5.181899763382574,4.0412010400023215,0.6259432312521288
1946,80,331.15,133.55,14.804390233432784,7.404730232509491,0.8659265152802348
1947,31,331.0,237.29032258064515,7.871666251128974,4.994631090846119,0.7729167238095294
1948,53,331.8867924528302,60.886792452830186,9.865092702878895,7.0847980850504,0.6958693224265013
1949,61,332.7049180327869,11.737704918032787,10.750192432846779,7.384414218664425,0.7267425344463471
1950,65,332.04615384615386,99.33846153846154,10.77208289517108,7.7818240993086185,0.6914684818154426
1951,51,332.0,332.5882352941176,8.61148274806452,7.6384061417373506,0.4617647511493229
1952,35,332.0,340.0,8.0,5.656854249492381,0.7071067811865476
1953,88,332.70454545454544,29.272727272727273,14.409417805201157,8.110604271917582,0.8265466078732767
1954,44,332.3636363636364,154.77272727272728,7.907328822774374,7.134117919674964,0.4312846395306015
1955,120,333.0,3.7583333333333333,16.18607468631054,9.654526147774734,0.8026345365297916
1956,118,332.3050847457627,74.52542372881356,15.81094871917071,9.817267353498776,0.7838772927515643
1957,7,333.2857142857143,221.0,3.0237157840738176,2.799416848895061,0.377964473009227
1958,54,332.94444444444446,318.037037037037,9.645680511276632,7.071112217723614,0.6801360802761244
1959,77,332.7142857142857,428.4025974025974,10.256851047296214,9.561224292256128,0.3619968801517115
1960,69,334.04347826086956,268.8550724637681,12.31939583833433,7.285847094467111,0.8063690371672306
1961,40,333.725,413.325,7.578026562993289,6.787747300140755,0.4446299187801381
1962,15,333.46666666666664,420.1333333333333,4.618802153517007,4.061745656460751,0.47609522856952347
1963,63,333.1587301587302,500.7936507936508,9.31210210613036,8.601053889539184,0.383255018500595
1964,6,332.5,580.0,3.265986323710904,2.0,0.7905694150420949
1965,72,334.15277777777777,113.38888888888889,10.480788109575293,8.79544602198444,0.5438275295831345
1966,84,333.7261904761905,392.9642857142857,15.126458338564584,7.613823184389293,0.8640856881033688
1967,33,335.06060606060606,67.57575757575758,7.222769176061988,5.756349017042373,0.6040154796483689
1968,43,335.0232558139535,85.5813953488372,9.55365056577456,5.918759071555344,0.7849741416486908
1969,24,334.625,146.29166666666666,6.21825270205921,5.071708018234314,0.5785932206157695
1970,50,334.9,19.04,9.92208447329091,6.567087612091028,0.7496224148973736
1971,61,335.0,446.37704918032784,10.433883019842959,7.514385214713659,0.6937761866734026
1972,61,336.5081967213115,295.8688524590164,10.205677294393112,7.718023136967651,0.6542850666951177
1973,55,335.8363636363636,552.5636363636364,8.719628983689288,8.138702821085568,0.35889694395757044
1974,69,336.15942028985506,136.82608695652175,15.372606300333116,5.937691002633184,0.922393539141004
1975,130,337.9076923076923,345.0923076923077,19.65109310086035,8.862645914400542,0.8925238740215219
1976,57,336.4736842105263,383.719298245614,9.252682493204908,7.942355005260432,0.5130076364603365
1977,63,336.3333333333333,520.936507936508,9.823413024504037,8.308029746172215,0.5335990193887051
1978,16,337.0,168.5,4.898979485566356,4.0,0.5773502691896258
1979,75,337.08,260.24,11.609374546530166,8.756621645268085,0.6565625152288167
1980,75,336.32,403.85333333333335,12.6276774574952,8.161649195170241,0.7630578503330996
1981,115,337.1391304347826,535.1565217391304,15.490313221919882,9.52665684360136,0.7885213573477594
1982,27,337.51851851851853,286.7037037037037,6.724611631831763,5.554361258586092,0.5637067132825837
1983,80,337.9125,467.025,11.35490203448165,9.291592962852194,0.5748068298814695
1984,91,338.02197802197804,95.5934065934066,14.88418971160166,7.954910709355196,0.8451977345519872
1985,35,337.8857142857143,186.6,7.8965544437294,6.030021775341696,0.6456577136331814
1986,107,337.67289719626166,457.21495327102804,13.542424428276835,10.268458588490928,0.6519711850404135
1987,115,335.04347826086956,543.8869565217391,17.241190787145023,9.073737939981424,0.8503097507523429
1988,51,338.8627450980392,31.50980392156863,10.576147422491598,6.343051486518396,0.8001869379495319
1989,69,338.07246376811594,48.10144927536232,12.137599703986528,7.515847070670162,0.785217376369843
1990,36,338.30555555555554,333.30555555555554,7.211102550927979,6.404088200439805,0.45967493365896966
1991,68,338.20588235294116,434.6764705882353,11.127124064083121,8.026356843559187,0.6925888704433331
1992,32,338.90625,527.40625,7.1575658542894525,5.743518176301848,0.5967326159694546
1993,201,339.35820895522386,275.82089552238807,20.044332355836268,13.282868165411747,0.7489075316337799
1994,105,338.96190476190475,511.8,15.867108685499808,9.041187454052519,0.8217786422078286
1995,48,339.9791666666667,144.08333333333334,8.842217777662714,6.88213599716662,0.6278592428141914
1996,150,339.75333333333333,177.3,16.129042721602698,12.126024483465466,0.6593763474337776
1997,63,339.8888888888889,393.53968253968253,13.7286897908658,6.409222127252803,0.8843371604708112
1998,72,339.77777777777777,418.9583333333333,11.034001852718845,8.34596453993494,0.6541255361222452
1999,29,340.13793103448273,440.0,7.705040343813538,4.804849057513167,0.7817450495400106
2000,79,341.3164556962025,503.65822784810126,15.088164449769991,6.807672831703685,0.8924264437721938
2001,96,340.9895833333333,21.072916666666668,15.569599901642501,8.154799405700805,0.8518632742282284
2002,19,339.94736842105266,88.6842105263158,5.447543815574656,4.478035086212478,0.5694466637667496
2003,118,340.73728813559325,107.16101694915254,13.653336656615938,11.095861475924393,0.5827033047378652
2004,64,338.78125,152.203125,11.416348271207038,7.279506226421408,0.7703355137925031
2005,145,340.71724137931034,303.3034482758621,22.277766657331846,8.664451395982345,0.9212680746520263
2006,50,340.5,319.36,8.168231142664855,7.74637979962253,0.3172120760611751
2007,63,341.07936507936506,408.1746031746032,12.28658812350816,6.785167095960398,0.8336840134940254
2008,87,340.6666666666667,356.44827586206895,13.56163250911625,8.90095820505677,0.7544706115321352
2009,67,341.64179104477614,447.0,11.495554573649573,7.602578941030674,0.7500779137160948
2010,47,342.70212765957444,126.59574468085107,11.397362716758463,5.583198131300276,0.8717968714724428
2011,44,342.1363636363636,135.86363636363637,9.148866867675302,6.272125425372383,0.7280132222646859
2012,58,341.7586206896552,327.2068965517241,9.642179539053222,7.9847403745910315,0.5605725147622516
2013,44,342.3636363636364,573.75,8.088376550635195,6.99406946993961,0.5022779731463752
2014,103,342.6116504854369,38.84466019417476,12.919343916631183,10.243641767021648,0.6093624570245822
2015,67,342.6268656716418,428.3134328358209,10.805725369762106,7.987177115563577,0.6735281344924314
2016,65,342.1384615384615,492.7846153846154,9.457856862607178,8.754336698006057,0.3784658226193047
2017,27,342.9259259259259,56.407407407407405,6.421500681256118,5.2654105708259085,0.5724125976557588
2018,91,343.16483516483515,67.57142857142857,12.60759435448887,9.2132431958669,0.6826244912162023
2019,127,342.84251968503935,80.1259842519685,14.248315940342223,11.410215040884138,0.5989164934882137
2020,88,342.97727272727275,238.36363636363637,11.725793948493017,9.573636540419896,0.5774026244335188
2021,108,343.4166666666667,6.87962962962963,13.852968075079117,10.039391267390426,0.6890534864401997
2022,43,343.3720930232558,246.1627906976744,8.219443739856004,6.6916533327802386,0.5806898847783214
2023,73,343.0,473.5068493150685,11.425653106040519,8.304248900751025,0.6868413534801512
2024,14,344.5,527.5,4.780914437337574,3.5456210417116734,0.6708203932499369
2025,19,344.8421052631579,452.0,5.833685718398605,4.1155364200581115,0.7087319067440508
2026,83,345.2530120481928,551.7349397590361,11.839673412602393,8.919265614907815,0.65763452254223
2027,27,346.5925925925926,102.66666666666667,8.389297458196026,4.19888819746437,0.8657334475177458
2028,47,345.59574468085106,149.6595744680851,8.857637703766796,6.789296017343595,0.6422555283618354
2029,179,345.89385474860336,288.23463687150837,18.968431570055625,12.290161833084701,0.7617023083341249
2030,61,346.0327868852459,387.73770491803276,9.413026378504735,8.257033044862013,0.4801394537997103
2031,24,346.0416666666667,434.875,6.235516440639984,4.848424858384149,0.6288213056449852
2032,62,345.7096774193548,586.0322580645161,9.273172663818597,8.583430682109745,0.37845514152993603
2033,51,346.52941176470586,30.666666666666668,9.344735069661333,6.988926397046936,0.663811527404077
2034,64,346.875,141.578125,9.890676545488462,8.41586960584136,0.5253452311500586
2035,76,345.61842105263156,397.4078947368421,13.794793246313503,7.143373083806765,0.8554828710463722
2036,91,346.64835164835165,412.02197802197804,14.25267684607924,8.252620093360223,0.8153115870397903
2037,32,346.25,501.125,7.40782478286962,6.072407429208176,0.5727518400257604
2038,102,346.45098039215685,565.2352941176471,13.25964052618366,9.836049476023433,0.670617159327112
2039,19,346.42105263157896,597.2631578947369,6.434032789782627,3.8010652988685116,0.8068364003724584
2040,155,347.65806451612906,93.90322580645162,17.39141038299053,11.683275573957305,0.7407468676704166
2041,86,347.01162790697674,461.3488372093023,12.493147214948777,8.981636007720999,0.6950876401915633
2042,35,347.3142857142857,514.9142857142857,7.266237858388312,6.077203273728994,0.5481779407945414
2043,138,347.3840579710145,539.963768115942,16.008234557415268,11.751980137441809,0.6790187414834065
2044,18,347.0,264.6666666666667,5.333333333333333,4.216370213557839,0.6123724356957945
2045,153,347.34640522875816,352.5882352941176,24.027887004919922,8.536836134837817,0.9347566300815985
2046,13,347.61538461538464,489.61538461538464,4.318667337728677,3.6794648440311994,0.523556754446835
2047,49,348.46938775510205,446.38775510204084,9.655564037438108,6.5731703094422205,0.7325018624314646
2048,52,349.11538461538464,495.9230769230769,9.00174405107812,7.557939546776344,0.5431922350879097
2049,56,349.26785714285717,507.0,9.112079518211946,7.826277473913144,0.512159456368675
2050,42,348.8333333333333,573.7619047619048,7.690877512044205,7.042312636277117,0.40192888174731406
2051,95,349.4526315789474,46.43157894736842,13.86604733780071,8.890019922225123,0.7674274123958494
2052,14,349.2142857142857,426.35714285714283,4.742873420478221,3.686025552052299,0.6292889820590859
2053,28,349.4642857142857,475.64285714285717,6.300458118368902,5.753272622258252,0.4076203922767482
2054,86,350.98837209302326,418.09302325581393,16.554594198182453,7.284271297632051,0.897990377654785
2055,46,350.3695652173913,453.2826086956522,9.903182821481861,6.074422986324127,0.7897872479229042
2056,37,351.35135135135135,147.43243243243242,8.857175874215047,5.426616911726326,0.7903308711974009
2057,142,349.8732394366197,304.64084507042253,18.685104946546144,10.35616292005765,0.8323522626677969
2058,42,350.4047619047619,401.6666666666667,9.19870222889608,5.962903060172061,0.761441971842805
2059,55,350.4727272727273,73.0909090909091,9.084946154746769,7.788778831074964,0.514770510885955
2060,45,350.93333333333334,439.1333333333333,7.843844739327884,7.277567491559743,0.37306262706261556
2061,49,350.8979591836735,469.53061224489795,8.417586222494913,7.531118988831055,0.44669026274096735
2062,74,351.2027027027027,531.2567567567568,11.528854500431205,8.335551771228081,0.690830784761109
2063,166,351.39156626506025,23.367469879518072,17.90685495176625,12.133125788957598,0.7354594169603911
2064,43,351.95348837209303,165.41860465116278,7.84556606321972,6.980335324992032,0.4565120439062833
2065,61,351.4918032786885,581.311475409836,10.327240342525606,7.62596989048945,0.6743274018672479
2066,47,351.21276595744683,84.63829787234043,10.160705946105585,6.048205356987106,0.8035372724762108
2067,171,352.1637426900585,273.53216374269005,16.44346222904895,13.577492319028776,0.5640983074174452
2068,26,352.53846153846155,511.5,9.176748383254704,3.8523426052600747,0.9076194780902771
2069,43,352.09302325581393,66.90697674418605,9.091359721351276,6.073238466374629,0.7441405203616963
2070,57,351.3859649122807,245.57894736842104,11.076839428664641,6.7496107124014335,0.7929056262393677
2071,40,353.175,252.375,8.25179785493205,6.161804294306886,0.6651355471914898
2072,198,354.22222222222223,328.0656565656566,22.59723063376194,12.204528508648098,0.8416075448837785
2073,173,350.78612716763007,343.97109826589593,28.07817685262371,8.90561960857329,0.9483679346240362
2074,55,352.96363636363634,394.09090909090907,9.533512035697807,7.396229740949607,0.6309619817416556
2075,26,352.96153846153845,408.34615384615387,5.970442478878632,5.8135706402047,0.2277259820131088
2076,69,353.5217391304348,431.81159420289856,10.84676936339945,8.290271815180347,0.6448514492052375
2077,210,352.6904761904762,134.44285714285715,23.556633747791015,11.90257578540497,0.8629584430283109
2078,53,354.52830188679246,61.301886792452834,9.425209875518966,7.208230270306328,0.6442892114686305
2079,117,353.4102564102564,122.44444444444444,16.148312507928626,9.488314751007385,0.8091710575760349
2080,22,353.90909090909093,387.09090909090907,5.502816709244202,4.972652484064489,0.4282593998234223
2081,65,355.15384615384613,457.4153846153846,10.750811141524574,7.855661700074456,0.6826943159507087
2082,92,354.17391304347825,545.6195652173913,12.926710695511469,9.250880473552138,0.6984685878923782
2083,43,354.4418604651163,445.93023255813955,8.740677616154715,6.222893662965511,0.7022338444586824
2084,120,354.4583333333333,111.41666666666667,12.815780515921947,12.193586328291325,0.307800458411342
2085,136,356.125,158.51470588235293,20.284693668186534,9.237779284526804,0.8902836696053157
2086,27,354.962962962963,403.6296296296296,6.812181022485615,5.385822508470194,0.6123116840432314
2087,45,354.8222222222222,492.31111111111113,8.840504727441424,6.650984860971793,0.6587854125676741
2088,43,355.48837209302326,565.5813953488372,8.986342993525408,6.166132820205995,0.7274439667872865
2089,70,356.0571428571429,14.085714285714285,12.69393608500273,7.410989284843804,0.8118822451768775
2090,73,355.94520547945206,79.76712328767124,10.221197481229057,9.641967765515727,0.33185461799627136
2091,108,355.212962962963,363.5833333333333,14.67726351748692,9.523871897111796,0.7608855783270425
2092,51,355.11764705882354,594.5294117647059,10.675506950222582,6.154404001254005,0.8170988506311052
2093,24,356.2083333333333,169.95833333333334,5.813562622387051,5.305368420762937,0.4088876715438055
2094,22,356.22727272727275,55.90909090909091,5.49379815626841,5.129722174423958,0.3579789930628062
2095,108,356.30555555555554,291.0925925925926,13.992144735501661,9.981278543657028,0.7008092486606561
2096,93,356.48387096774195,421.96774193548384,14.797823360101379,8.184259696048711,0.8331335530413294
2097,95,356.2421052631579,502.0315789473684,12.480594880300032,9.844951075710643,0.6146234361365118
2098,75,356.53333333333336,5.653333333333333,10.867364535866345,9.051690403217819,0.5533871656149226
2099,140,356.48571428571427,96.30714285714286,23.26050682243531,8.339691542047673,0.933516520332913
2100,36,356.27777777777777,262.30555555555554,7.754629381881496,5.9463896870415445,0.6418645470764207
2101,49,356.48979591836735,464.3061224489796,8.57165030514881,7.309851782268146,0.5222474767816336
2102,76,357.1578947368421,559.078947368421,10.990579457966518,8.895482047154871,0.5872944663492738
2103,42,357.8095238095238,72.07142857142857,7.481288665623518,7.100408962162514,0.3150079736229225
2104,49,357.81632653061223,438.3469387755102,8.171059796400963,7.876131576423642,0.266243670576554
2105,126,353.45238095238096,482.4761904761905,16.812963077468737,10.477922388989466,0.7820585321270384
2106,50,357.84,146.52,8.715440747358643,7.371912409902916,0.5334286759500454
2107,30,358.8666666666667,30.5,6.994974242189224,5.524420715332801,0.6134031038858059
2108,118,355.0508474576271,311.43220338983053,20.13530023709392,7.676545520252586,0.9244727497156603
2109,42,358.54761904761904,551.3333333333334,8.343523998435673,6.384514431112839,0.6437855334514478
2110,109,357.0550458715596,574.5871559633027,14.667631008522065,9.711089544344894,0.7494365166336788
2111,37,358.8378378378378,256.02702702702703,7.144996665991692,6.57413818787207,0.39167473633852246
2112,51,358.8627450980392,410.6470588235294,9.75317341729845,6.685712619934771,0.7280810984882595
2113,42,359.14285714285717,153.5,9.401786646795257,5.710797717414864,0.7943837449478325
2114,61,359.344262295082,399.6885245901639,11.374570746469406,6.901421693176172,0.7948993714392899
2115,110,359.04545454545456,472.1818181818182,14.985809446923282,9.474841563768829,0.7747609798560819
2116,179,359.83798882681566,338.39106145251395,19.176935483959173,12.35117415161599,0.7649715933567478
2117,64,360.21875,530.296875,11.747729285943025,7.040246826226805,0.8005351851568855
2118,74,360.4189189189189,48.08108108108108,10.82061196332519,8.69925038020058,0.5946944727169953
2119,74,360.35135135135135,487.56756756756755,10.450626016323655,9.087026099458628,0.4938981083097422
2120,34,360.5,515.6470588235294,6.597682302498801,6.571407079420678,0.0891578689526866
2121,86,361.98837209302326,20.41860465116279,11.969210688259205,9.853676735239668,0.567676079340151
2122,96,361.5833333333333,350.4375,13.220140384973917,9.611847399111367,0.6865729546795377
2123,61,361.5081967213115,443.9344262295082,10.553831056729077,7.636574372022521,0.690237218631632
2124,32,360.71875,496.28125,6.892024376045111,5.913438086257435,0.5136300122400211
2125,28,361.57142857142856,81.64285714285714,8.091442412442001,4.823199515226979,0.8029202296484188
2126,63,361.8095238095238,131.36507936507937,11.224514871780828,7.237168301305067,0.7643813102974041
2127,51,360.72549019607845,166.0,8.72583171429858,7.586575746598056,0.4940408424582106
2128,70,362.2,56.51428571428571,10.872939707857213,8.301044836320788,0.6458561700804138
2129,208,360.8701923076923,319.3269230769231,23.26428564015318,12.640939596804063,0.8394982021421717
2130,93,362.21505376344084,523.1397849462365,12.960364507666014,9.18671320055817,0.7053779549098288
2131,71,362.5492957746479,35.53521126760563,11.899800952532749,7.696585426835229,0.7626743308429391
2132,103,362.58252427184465,296.7669902912621,15.780191115077821,8.530251429357959,0.8413009328825977
2133,60,362.3833333333333,361.18333333333334,11.090630152366334,7.078773476707235,0.7698157961128678
2134,70,362.9714285714286,108.21428571428571,11.825420333564766,7.707897173190115,0.7583844915724121
2135,135,362.85925925925926,266.57037037037037,16.44964921954044,10.690507729105375,0.7600259315028067
2136,63,363.1111111111111,460.3809523809524,10.725345672133567,7.645092143604001,0.7013611200731122
2137,88,362.6363636363636,594.0681818181819,12.647869421667219,8.884380987932492,0.7117420592255309
2138,117,363.3162393162393,94.07692307692308,18.752742284483848,8.368063142565655,0.894917596419984
2139,99,362.62626262626264,122.05050505050505,16.237221877275218,7.924910868958321,0.8728041445180272
2140,113,364.9380530973451,305.5840707964602,14.463634164356218,10.935472275626756,0.6544945624636175
2141,39,363.43589743589746,407.0769230769231,8.49948975725865,6.085569038828444,0.6981081985520088
2142,63,363.8412698412698,417.63492063492066,11.188775870059162,7.269599150121991,0.7601714974435251
2143,88,363.46590909090907,428.4431818181818,12.201288145959742,9.59943898028875,0.6172638793820678
2144,73,361.71232876712327,451.7945205479452,12.578907764623356,7.562811136626384,0.7990763545408378
2145,115,364.0521739130435,571.7739130434783,20.319785249296046,7.627277583732935,0.9268782455229975
2146,73,364.93150684931504,75.94520547945206,13.221339445850294,7.205719832697563,0.8384316273601008
2147,56,365.05357142857144,502.05357142857144,9.56274921782139,7.437683343589275,0.6285407187997946
2148,52,366.4807692307692,493.8076923076923,9.137599131824823,7.3106162878680125,0.5999216370087226
2149,31,365.83870967741933,516.6451612903226,8.901407185084661,4.415363993965224,0.8683054484989773
2150,54,365.9074074074074,537.425925925926,9.34676586238954,7.441502883839077,0.6050887201430124
2151,135,366.97777777777776,150.7111111111111,16.046936232642334,10.820968921945402,0.7384279401223514
2152,83,366.43373493975906,398.7710843373494,13.322819842930562,8.146463082167436,0.7912700263893967
2153,24,366.7083333333333,446.9166666666667,5.831282061376234,5.402832031917722,0.3762317604554301
2154,70,366.48571428571427,27.228571428571428,11.627802594695938,7.772526359071153,0.7437631331739397
2155,60,367.5833333333333,86.61666666666666,12.316725523424923,6.405938663333487,0.8541048935711251
2156,114,366.4298245614035,278.1666666666667,15.673519874443498,9.38419686820095,0.800951388742839
2157,21,366.7142857142857,472.57142857142856,6.49353563909391,4.102096071855072,0.775196679940849
2158,145,367.8965517241379,11.779310344827586,15.041989223310592,12.437504611730075,0.5624190068041381
2159,88,368.67045454545456,118.75,14.704334170658441,7.731249964856534,0.8506203757790034
2160,35,368.65714285714284,328.65714285714284,7.317031877701963,6.146960723263681,0.542448011485782
2161,35,368.6,2.0285714285714285,8.240705579676296,5.358890773714476,0.7596816657305319
2162,94,368.6489361702128,41.09574468085106,12.505548778150168,9.787262967438545,0.6224826179883968
2163,56,368.5,410.73214285714283,12.121031091907332,6.112382310843596,0.863540744569541
2164,145,368.5793103448276,560.0068965517241,16.527995435220582,11.27798427552598,0.7310196142402873
2165,26,368.96153846153845,455.5769230769231,6.3298985690822045,5.446117401967997,0.5096532681623129
2166,132,369.4015151515151,355.43939393939394,18.4600244347201,9.852621284243632,0.8456565716161724
2167,50,369.34,441.68,9.01432066095916,7.203750621822273,0.6011381138127102
2168,23,370.2173913043478,209.3913043478261,6.013934515175301,4.820294404911255,0.5979667161426384
2169,40,370.475,384.475,8.624384035976133,5.999999999999998,0.7183306511920916
2170,184,369.1141304347826,483.32608695652175,19.38648942129233,12.296780648101945,0.7730899455366576
2171,82,370.4390243902439,49.47560975609756,11.111355703916622,9.575399734342033,0.5073042754302037
2172,90,370.15555555555557,71.58888888888889,15.396707433898106,7.730533829003435,0.8648153369953306
2173,41,370.3170731707317,143.34146341463415,10.389503104756002,5.1322704771998815,0.869469780387328
2174,94,370.70212765957444,424.6595744680851,14.778959888615482,8.246853502199924,0.829832127051
2175,56,370.51785714285717,514.3392857142857,10.24878483585703,7.069131026508112,0.724044661962356
2176,102,371.0098039215686,462.7549019607843,13.38016375688133,9.834347641846533,0.6780729969778563
2177,83,371.2530120481928,572.1807228915662,12.881781407532994,8.343939581660976,0.761868428840365
2178,84,371.92857142857144,111.66666666666667,13.540779036381572,7.995670691061975,0.8070462479328897
2179,81,371.28395061728395,336.4567901234568,10.974927046654626,9.602414499426436,0.48422939843261703
2180,59,371.54237288135596,531.2203389830509,9.481395134616069,8.021750314144994,0.5331008807920352
2181,47,372.3191489361702,21.53191489361702,8.568747474160642,7.151457125594881,0.5508599112260463
2182,89,371.0449438202247,254.77528089887642,15.173060906988463,7.733972411705476,0.8603419216300902
2183,101,372.2970297029703,266.2178217821782,12.677195538488775,10.285485551681372,0.584577864604794
2184,45,372.2888888888889,83.66666666666667,10.369171201722299,5.620446992174383,0.8403563299868595
2185,47,372.27659574468083,400.59574468085106,10.384403251515812,5.7746519030224075,0.8311227823968204
2186,62,372.3709677419355,450.30645161290323,9.169708775996444,8.796206954151955,0.28249807866306353
2187,74,372.2837837837838,501.5810810810811,11.50110497979893,8.514283784525844,0.6722751520768315
2188,82,373.219512195122,31.426829268292682,12.474862128230342,8.457019683379647,0.7351311634703503
2189,95,373.94736842105266,319.0421052631579,13.876826759786953,9.24251859576102,0.7459162258015897
2190,90,373.0777777777778,472.7888888888889,12.736257460952674,9.247226756084808,0.6876363541636172
2191,47,373.1276595744681,584.7446808510638,8.850206087864851,6.90573991562239,0.6254160957441314
2192,146,373.47945205479454,102.86301369863014,17.393043920049962,10.90543206001966,0.7790195549783331
2193,35,373.0857142857143,414.51428571428573,8.02706758391226,5.515142631718874,0.7265929606000775
2194,90,373.46666666666664,552.2111111111111,13.10258804512622,8.901447453455482,0.7337999697294237
2195,73,373.3424657534247,594.1780821917808,12.431057364661937,7.75055980027097,0.7818364665593821
2196,60,372.73333333333335,57.5,12.595066256392291,6.1935338501249655,0.8707404686545598
2197,20,374.25,326.4,5.928859703180825,4.253072139054142,0.6967121764893405
2198,42,374.9761904761905,408.42857142857144,8.257273082035816,6.712679914473375,0.5823453679474785
2199,28,375.42857142857144,258.42857142857144,6.771508716479841,5.316871136507766,0.6192642499289087
2200,112,374.70535714285717,302.35714285714283,14.695493741497573,9.80734649771582,0.7447254093178942
2201,19,375.7368421052632,455.7368421052632,5.547077831504345,4.384562391508194,0.6125557129903575
2202,35,375.8285714285714,72.62857142857143,8.826029550155258,5.09293010688972,0.8167192468930904
2203,34,375.7352941176471,120.97058823529412,7.9698925323386,5.514044654833633,0.7220322997822023
2204,204,375.75,167.87254901960785,18.123184893177807,14.859342960266233,0.5724954068750446
2205,142,375.61267605633805,278.34507042253523,18.78590489761225,9.910645889885178,0.8495192967238397
2206,76,376.64473684210526,390.4605263157895,13.520099164530343,8.510332258282446,0.7770346468547306
2207,42,375.7142857142857,509.54761904761904,7.72133716522259,7.0501925803130465,0.4077822002440074
2208,74,376.4864864864865,7.216216216216216,11.557621500762748,8.22949124939831,0.7021386887554273
2209,141,376.16312056737587,436.9645390070922,17.080051845482316,11.117509873021104,0.7591582533778497
2210,94,374.63829787234044,128.5212765957447,16.277822741942888,7.590312238823744,0.8846278322021593
2211,139,376.9568345323741,345.23021582733816,17.191006396142377,10.883033519890663,0.7740982100577807
2212,30,377.46666666666664,403.3666666666667,6.175219294351686,6.150700050491091,0.08902476018169433
2213,52,377.3269230769231,419.2307692307692,10.702863821421776,6.7569080659586325,0.7755242611932299
2214,65,377.7846153846154,16.015384615384615,10.774758931875853,7.97429016827029,0.6725079572588701
2215,10,377.0,23.8,3.919183588453085,3.0983866769659336,0.6123724356957945
2216,37,377.5945945945946,51.891891891891895,7.627560086230786,6.166903571942393,0.5884923506381449
2217,28,376.89285714285717,133.53571428571428,6.667839768874255,5.748923107700395,0.5065905704741487
2218,32,378.125,45.78125,7.7350577643639244,5.445480362828734,0.7102000107055728
2219,32,377.84375,352.65625,7.345887778796055,5.635306800994491,0.641482568627519
2220,173,377.09248554913296,362.19075144508673,20.151783807493427,11.166961323183681,0.832421773587852
2221,116,377.05172413793105,373.7931034482759,13.792534962335111,11.480282874975599,0.5542431446506524
2222,46,378.32608695652175,425.39130434782606,8.256554384466172,7.200832868937548,0.4892647013221773
2223,64,377.640625,524.46875,10.709657270734875,7.679271442877614,0.6970302158812557
2224,88,378.52272727272725,37.71590909090909,13.309909375237405,8.628778392982337,0.7613872883407659
2225,134,376.5074626865672,90.83582089552239,18.467745276856867,9.497984491766584,0.8576095986081123
2226,151,378.65562913907286,152.94701986754967,15.144685699051616,13.472836233743777,0.45672452493426086
2227,134,378.36567164179104,312.2014925373134,17.215162765731787,10.60898786932216,0.7875440566489862
2228,69,379.4782608695652,396.3188405797101,10.797804089931901,8.359979568362835,0.6329048290390995
2229,64,379.65625,449.59375,10.8793528308071,7.752962787400024,0.7015391850188754
2230,156,379.8525641025641,494.7435897435897,17.00078118905874,12.099347700067867,0.7024899822127404
2231,70,379.0285714285714,539.4857142857143,11.63692967169196,7.7529606234225215,0.745739498709541
2232,80,378.8875,546.7125,12.018723727021275,10.470209165701315,0.4910025174427688
2233,24,380.2083333333333,75.04166666666667,5.885971959984277,5.594620499258488,0.3107223990169953
2234,138,380.3768115942029,571.6521739130435,15.114827141454281,12.121414272015304,0.5973841745576318
2235,30,380.8,2.5,6.641132748731742,5.73195916015831,0.5050337055913178
2236,77,380.4805194805195,469.54545454545456,11.248960363534417,8.878308309625298,0.6140644330900052
2237,74,380.6756756756757,581.2837837837837,13.089811774441893,7.623499727128066,0.812902719751186
2238,52,380.90384615384613,110.96153846153847,9.500944893262256,7.126795754953765,0.6613080666208426
2239,47,381.02127659574467,485.3404255319149,9.671513722094382,6.195771185655335,0.7678575467714525
2240,31,380.7096774193548,593.2903225806451,6.385467371178643,6.170656619983661,0.2571953513471688
2241,71,381.46478873239437,413.88732394366195,11.497384225861145,7.974157280258946,0.7203962304538635
2242,68,380.70588235294116,478.7647058823529,10.33031116731893,8.524191094533464,0.5648946247213736
2243,78,379.65384615384613,80.41025641025641,13.170758909007315,8.062128001955209,0.7907623557277984
2244,139,381.48920863309354,515.3453237410072,15.859941143012456,11.419655993629922,0.6939414597456172
2245,59,383.20338983050846,160.83050847457628,9.981033833279461,7.802856237140527,0.6235689735674176
2246,95,383.4736842105263,96.63157894736842,13.15398624659108,9.290081259785214,0.7079565741419431
2247,9,383.0,204.0,3.265986323710904,3.265986323710904,0.0
2248,147,382.7755102040816,262.9183673469388,16.74233225812315,11.310358737245677,0.7373100092632211
2249,51,383.29411764705884,385.45098039215685,8.797324215926839,7.608576686646208,0.5019890661913535
2250,54,383.4259259259259,442.72222222222223,9.76265089545728,7.146467085259499,0.6812818898960818
2251,110,383.6181818181818,504.8,14.931799768775097,9.758710470414279,0.7568814519078674
2252,90,385.06666666666666,135.63333333333333,14.682012992802022,7.9773739086990645,0.8395105835931634
2253,234,380.3205128205128,142.21794871794873,30.819687829812924,10.30556639618234,0.9424374236335017
2254,139,383.61870503597123,337.7985611510791,16.04292031028949,11.36042976779377,0.7060847921267897
2255,166,385.6024096385542,118.13253012048193,18.857552525216747,11.778754688468673,0.7809309525509514
2256,90,383.2,327.53333333333336,12.073871960019215,9.67743390595735,0.597969737469179
2257,30,384.23333333333335,400.43333333333334,8.462200561786029,4.645672476963841,0.8358282200099963
2258,56,384.01785714285717,430.5892857142857,9.053116330207864,7.958454817304088,0.47666584757607716
2259,118,382.66101694915255,460.2881355932203,13.251319485179879,11.758085515625316,0.4611651553750739
2260,38,384.60526315789474,104.0,7.57031798285012,6.389740980169755,0.5362615558689009
2261,47,384.468085106383,176.91489361702128,10.107356124001578,6.099059548406012,0.7974176475805083
2262,58,384.3103448275862,406.7068965517241,9.403596672753423,8.032363406077101,0.519977569622438
2263,85,384.5529411764706,24.741176470588236,13.945144859482253,7.907838118359983,0.8236713397956249
2264,83,384.4698795180723,50.373493975903614,12.128409847944596,8.836112347168463,0.6849961903993486
2265,77,384.9220779220779,71.48051948051948,12.481919940742998,8.038528077856794,0.7650139141338063
2266,57,385.2280701754386,365.96491228070175,9.06603570885946,8.124510671856505,0.4437550940474809
2267,57,384.7719298245614,550.5964912280701,11.098217866747529,6.595260267564739,0.8042707779865903
2268,28,385.35714285714283,451.4642857142857,6.389731190284841,5.551972310845117,0.4950055560644715
2269,81,385.6296296296296,36.851851851851855,14.675940813311525,8.00905000343255,0.8379633483205704
2270,5,386.4,244.2,3.098386676965933,1.7888543819998317,0.816496580927726
2271,117,386.0,376.4871794871795,14.91136026150556,10.389384177775288,0.7173209541598177
2272,69,386.0869565217391,534.3768115942029,11.000149407553007,8.084402363362294,0.6781368119960278
2273,43,386.48837209302326,436.95348837209303,8.174561782982526,6.71168680469881,0.5708628202865969
2274,4,385.5,472.5,2.0,2.0,0.0
2275,77,386.8831168831169,351.0779220779221,12.154501236018545,8.237018112635631,0.7353451254389668
2276,27,387.5925925925926,482.9259259259259,6.421500681256116,5.2654105708259085,0.5724125976557585
2277,63,387.8095238095238,2.7301587301587302,11.746267784794126,7.690046043053617,0.7559061839551199
2278,86,388.24418604651163,128.32558139534885,12.820811453112967,8.768334465734133,0.7295624887042913
2279,64,388.375,394.40625,10.800765328621152,7.710566990569189,0.700257043564991
2280,38,387.63157894736844,476.92105263157896,8.05096596862335,6.07539947888403,0.6561649877183282
2281,52,387.5,594.5,8.7573974179757,7.539658613100071,0.5086939744308734
2282,71,387.7042253521127,171.30985915492957,10.717905021666517,8.6264673330157,0.5934578548449696
2283,54,386.24074074074076,422.68518518518516,10.484587123339615,6.633614832614038,0.7743957072363616
2284,67,387.67164179104475,521.5223880597015,11.768717723937105,7.338508701051391,0.7817750165134346
2285,56,387.2857142857143,556.8035714285714,10.54446806645685,6.951208185365191,0.7519431462384973
2286,81,388.0987654320988,65.25925925925925,14.77173125349128,7.167932128864966,0.8743773515051964
2287,63,388.1904761904762,566.4285714285714,10.545046298529144,7.730389036888767,0.6801397132926145
2288,91,388.7912087912088,87.04395604395604,12.987841571101015,9.408593030594215,0.6893636653655774
2289,69,389.1159420289855,541.5942028985507,11.417875828615639,7.905215684835704,0.7215576844432349
2290,56,389.42857142857144,42.94642857142857,8.92574559681966,8.241225651244601,0.3840567381915997
2291,64,390.015625,79.5,10.379008473682404,8.03257597867763,0.6332770476838746
2292,50,390.3,455.6,8.338800946816352,7.698337402931538,0.38433243540570083
2293,61,390.9016393442623,28.80327868852459,9.673362375021867,8.102596798171508,0.5462541537897974
2294,91,392.14285714285717,109.63736263736264,14.620872188232502,8.57657938183265,0.8098780064637517
2295,111,391.2432432432432,414.36036036036035,13.135005478372852,10.865947858769445,0.5618323605761258
2296,38,391.10526315789474,549.7105263157895,9.030877048280793,5.417223166000078,0.8001081969817512
2297,96,391.5,156.55208333333334,11.540295015459815,11.125564622902319,0.2656758738159713
2298,29,392.2413793103448,179.48275862068965,8.632919897442427,4.783360936055361,0.8324609052249017
2299,197,391.61421319796955,317.0812182741117,17.434886506544252,14.892331633815008,0.519996247383626
2300,59,391.54237288135596,427.3898305084746,9.939224752440362,7.660535368217818,0.6371525528955562
2301,112,391.2767857142857,469.0892857142857,13.844951336739962,10.459090667230262,0.6552127822162763
2302,35,391.9428571428571,60.8,7.006461225331087,6.417841130115439,0.4012034713310187
2303,72,392.2083333333333,101.59722222222223,10.244431660865812,9.17637951119637,0.4445719343346405
2304,36,391.6111111111111,440.8611111111111,7.721838578804744,6.062666493570752,0.6193278163495356
2305,21,391.85714285714283,502.0,5.617789656021407,4.712658152645074,0.5443145459415236
2306,83,391.8192771084337,51.68674698795181,15.2811388698207,7.035809631215255,0.8876989048238417
2307,81,392.2098765432099,331.55555555555554,11.985057521203803,8.824729334173528,0.6766432995419533
2308,40,392.475,433.675,7.899601169123744,6.715377976612991,0.5266362088978299
2309,70,393.04285714285714,341.3285714285714,11.074544906769349,8.221783286737221,0.6699527768040314
2310,139,392.9568345323741,359.52517985611513,14.8669453681368,12.677466290971422,0.5223545769086134
2311,26,392.38461538461536,461.84615384615387,6.633996220265914,5.204871359166709,0.6200332060060583
2312,156,392.85897435897436,493.53205128205127,16.044844644668547,12.664207761426377,0.6140067921704679
2313,94,394.28723404255317,561.1914893617021,11.793610234118335,10.426223677426508,0.46737909832190655
2314,162,392.9012345679012,582.9320987654321,15.12826232942362,13.653278314013535,0.4306868669967586
2315,62,393.85483870967744,92.16129032258064,12.063863289879349,6.741791758361558,0.8292742485702838
2316,47,393.3829787234043,370.5531914893617,8.691695326603622,7.021142521609594,0.5894580782970988
2317,104,393.74038461538464,448.0192307692308,12.988641663366572,10.298399004708674,0.6093813278834829
2318,122,393.5655737704918,525.5327868852459,17.748879661701032,9.077415330821697,0.8593213936266088
2319,87,394.17241379310343,254.71264367816093,11.3430468537373,9.841180323185588,0.4972699963225957
2320,106,394.10377358490564,513.0188679245283,12.391896189423225,10.937156856724378,0.4701142107877207
2321,27,393.9259259259259,594.5925925925926,6.421500681256116,5.265410570825909,0.5724125976557584
2322,53,394.7169811320755,477.0377358490566,9.166400804328177,7.337746849863493,0.5993264874565144
2323,36,394.55555555555554,123.61111111111111,6.831300510639733,6.813204318558174,0.0727392967453304
2324,112,394.61607142857144,164.98214285714286,15.397623338846643,9.977458349040697,0.7616514728679373
2325,83,394.89156626506025,378.8192771084337,12.64184703157123,8.573045071697162,0.7349252329004217
2326,4,395.0,15.25,2.8284271247461903,1.7320508075688772,0.7905694150420949
2327,45,395.46666666666664,39.22222222222222,8.017628147735635,7.258616633205472,0.4247042201559281
2328,62,395.5806451612903,174.0,10.518498297842934,7.71042694490645,0.68019096742934
2329,82,396.0975609756098,349.5121951219512,11.03310928906054,9.63574267471573,0.48709698196966844
2330,40,395.6,422.25,9.715561819621913,5.408128930517927,0.8307497791961777
2331,30,396.1666666666667,151.7,8.390289548769056,4.529745781318455,0.8417422805950486
2332,125,396.344,387.616,15.579280735269561,10.658768210804602,0.729329090486993
2333,170,394.65294117647056,402.3411764705882,16.33835646713862,13.528106484136469,0.5607328584158469
2334,37,396.1621621621622,542.8648648648649,7.565808666409083,6.408793732439409,0.5314762454572689
2335,81,396.98765432098764,533.5802469135803,11.919526963942989,8.703179370488181,0.6832746319964842
2336,43,398.0,96.48837209302326,8.009688784826487,6.963755095449,0.49408001048278233
2337,124,399.33870967741933,553.3951612903226,17.32662674886785,9.399851289074624,0.8400499769312066
2338,70,398.4,53.48571428571429,12.936215021815276,6.930651682641071,0.8443730028473049
2339,187,398.14973262032083,134.75935828877004,16.321259317177883,15.070944916843068,0.38385469517763665
2340,33,399.2121212121212,575.9090909090909,6.839380398692618,6.218822084763517,0.41621357338754483
2341,49,399.2448979591837,45.244897959183675,8.183813545755672,7.979813537078421,0.22188542612677034
2342,46,396.82608695652175,248.04347826086956,11.040156943992791,5.598203943500857,0.8619010624416485
2343,50,398.7,262.94,10.354057427937674,6.555600260767026,0.7740347441630053
2344,6,399.1666666666667,298.8333333333333,3.126943839882286,2.309401076758503,0.6741998624632421
2345,24,398.6666666666667,488.125,6.081140986576509,4.932066489508719,0.5849866175853744
2346,215,399.7720930232558,25.111627906976743,19.93240798243802,14.327525127271196,0.6952111959109835
2347,130,399.2076923076923,69.65384615384616,14.367096749689924,11.97795898303423,0.5522060255162696
2348,28,399.85714285714283,123.64285714285714,6.799991592076638,5.288118378056613,0.6286783602715025
2349,43,399.5581395348837,210.34883720930233,8.655781172400811,6.3103531340375865,0.6844781781995781
2350,35,399.3142857142857,418.6,6.8963856773163545,6.481800840871791,0.3414945592901394
2351,154,399.5779220779221,462.0779220779221,20.672742942580832,9.762199694732276,0.881477694197495
2352,78,399.7692307692308,323.1025641025641,11.13588074926333,9.243014501322131,0.5577321896044665
2353,49,400.0408163265306,330.38775510204084,10.107812842705599,6.328732961233502,0.7797243936258095
2354,90,399.6222222222222,368.03333333333336,14.948828892248,8.230576607595689,0.834780181432886
2355,58,400.05172413793105,428.7413793103448,9.410774428549578,7.946820125110114,0.5356525373278793
2356,42,399.14285714285717,59.5,12.214306604575745,4.701407361229195,0.9229541590753323
2357,50,400.48,411.64,8.163068131290627,7.83353806934691,0.2812600344003476
2358,65,401.10769230769233,184.2153846153846,11.587201172838453,7.553483446426388,0.7583207476806453
2359,17,401.11764705882354,254.64705882352942,5.647505916189933,4.08835828498336,0.6898809914976782
2360,14,400.7857142857143,474.64285714285717,4.742873420478221,3.686025552052299,0.6292889820590859
2361,46,401.04347826086956,102.02173913043478,9.723474167097267,6.159381630396194,0.7737796742161622
2362,79,401.0,338.56962025316454,11.454745535598546,8.995208985112221,0.6191378686481466
2363,29,401.1034482758621,498.9655172413793,7.085079885360113,5.1819660965386,0.68195799179624
2364,33,401.6363636363636,597.5454545454545,9.392140851112988,4.71645953108226,0.8647684190175172
2365,11,402.0,405.27272727272725,4.972652484064487,2.7453943400984544,0.8337788470424282
2366,182,401.6923076923077,439.7142857142857,17.597194042678936,13.740180921321313,0.6247603251189724
2367,18,401.6666666666667,519.0,5.333333333333333,4.216370213557839,0.6123724356957945
2368,5,401.2,581.4,3.098386676965933,1.7888543819998317,0.816496580927726
2369,24,402.6666666666667,36.125,6.081140986576509,4.932066489508719,0.5849866175853744
2370,110,403.1636363636364,114.78181818181818,17.882225002528102,8.012464207593517,0.8939991584588046
2371,89,402.7303370786517,157.51685393258427,11.678499136330467,9.734435285377522,0.5524669759653125
2372,92,402.9130434782609,176.45652173913044,11.506887913351195,10.622222279915764,0.384515340770421
2373,78,403.1666666666667,569.4358974358975,11.53205028172707,8.613590037144183,0.6649069943096377
2374,30,403.6333333333333,423.1666666666667,6.71347616240646,5.686271384769167,0.5316030766446032
2375,76,403.5,526.578947368421,10.698136362515216,9.083104477891208,0.5283347622438098
2376,70,403.1142857142857,539.2142857142857,10.019618347122076,9.041531341224296,0.4309353402251766
2377,76,405.0263157894737,61.776315789473685,10.961913661476684,9.018902594162139,0.5684049783693137
2378,97,404.37113402061857,106.20618556701031,16.848434509654993,8.138543979524503,0.8755957917927967
2379,66,404.3939393939394,354.8484848484849,11.418493977742827,8.126524543567324,0.7024850934434526
2380,43,403.4651162790698,491.4186046511628,8.93861215553222,6.113189702717282,0.729568120455549
2381,190,403.9526315789474,81.38947368421053,18.675634434047893,13.880689164137344,0.6690123597267651
2382,58,404.7758620689655,95.13793103448276,10.441625721987569,7.119819799011327,0.731474407791263
2383,55,405.23636363636365,308.1454545454545,9.112300006172745,7.6531010407319835,0.5427954771115806
2384,48,404.6875,363.625,9.91121602057821,6.294597974461949,0.7724311965490688
2385,90,405.4,346.56666666666666,11.775107487111596,9.850220488241291,0.5479224445377955
2386,44,405.4318181818182,416.90909090909093,9.446828988605198,6.1795771802093515,0.7563708866843902
2387,111,405.72072072072075,375.44144144144144,16.631527919806867,8.697069177164854,0.8523776855747366
2388,102,406.1666666666667,455.53921568627453,15.644396704039458,8.561168455471705,0.8369787113789827
2389,52,405.75,513.5192307692307,9.80598343232479,7.064962479881367,0.6934812751021542
2390,112,408.0892857142857,147.44642857142858,16.38662553829428,9.127159146194755,0.8305203208950067
2391,77,405.84415584415586,316.46753246753246,11.52787055131326,8.71788031494244,0.654289963634047
2392,61,407.72131147540983,497.5081967213115,9.843806949299607,8.033942846163937,0.577851603313544
2393,114,406.2894736842105,549.0526315789474,16.311832958170598,9.094751375930189,0.8301396987554575
2394,34,407.05882352941177,401.97058823529414,7.320638096708568,6.096112131230424,0.5536798634297387
2395,42,407.35714285714283,519.547619047619,8.5130424418347,6.467763389209944,0.650218129147066
2396,102,408.2450980392157,42.68627450980392,13.265164275733621,10.012220885727496,0.655983199073783
2397,137,408.26277372262774,166.83941605839416,14.56982822776586,12.117963751147949,0.5552008482870305
2398,74,408.1621621621622,408.6756756756757,11.49033078304744,8.261171316923663,0.6950439694195141
2399,99,408.92929292929296,31.95959595959596,15.657073002887154,8.408897033535078,0.8435395964298957
2400,25,409.44,435.36,6.556259607016492,5.231085926019945,0.6028208517882562
2401,34,408.9117647058824,445.47058823529414,7.7369668841080195,5.656936903459111,0.6822093178483728
2402,75,409.28,480.82666666666665,11.872978166667854,8.276308255660693,0.7170021482561886
2403,178,408.53370786516854,582.8539325842696,18.171082133400027,12.695769398428922,0.7154344357780094
2404,137,409.48175182481754,120.43795620437956,17.07663931879568,10.416172675313785,0.7924274372713086
2405,26,409.38461538461536,357.15384615384613,6.669001045407155,5.039270536651647,0.655003327349733
2406,94,409.6489361702128,428.0425531914894,11.526256202954494,10.921179978888185,0.31974233931403745
2407,43,409.7674418604651,490.6744186046512,8.366467976571682,6.709860238012278,0.5973315878839389
2408,81,409.5308641975309,507.0,10.60951987072514,9.760875902577219,0.39189233327371936
2409,41,409.2682926829268,558.9024390243902,7.562613493454762,6.8745173639178105,0.41676678398682543
2410,122,409.7704918032787,51.84426229508197,14.735532568409413,10.718168203716681,0.686246657240647
2411,82,410.0609756097561,187.20731707317074,10.748114393071251,9.799160454818187,0.4108349681103129
2412,66,409.6666666666667,395.8484848484849,10.083952524005065,8.495223025772518,0.5387749638587122
2413,32,410.40625,416.21875,7.419438472591168,5.79186349558016,0.6249888565944188
2414,43,410.5813953488372,543.4418604651163,8.805691224613817,6.300401920568824,0.6986208914817885
2415,46,410.6304347826087,255.8913043478261,8.193751007477376,7.080983492792159,0.5031602126912894
2416,40,410.85,524.45,8.438343802027454,6.098717396205931,0.691121415894209
2417,54,410.3333333333333,536.0185185185185,9.713569018261797,7.108444193204553,0.6815134374079016
2418,59,411.1186440677966,157.22033898305085,11.15107560523824,7.0979092336531995,0.7712582278772985
2419,176,411.14772727272725,326.9431818181818,16.174090812456548,14.377942574353273,0.4580061093223473
2420,56,411.92857142857144,461.69642857142856,11.178479293408765,6.973401994773355,0.7815649708334551
2421,37,411.2432432432432,573.4054054054054,8.396946913066119,5.682721867879966,0.736203263741585
2422,21,411.57142857142856,3.0952380952380953,5.425630528451305,4.962004663927373,0.40447525410921586
2423,105,411.55238095238093,68.96190476190476,14.343832480858048,9.446426235740946,0.7525189542605576
2424,173,411.728323699422,130.95953757225433,18.660869482657464,12.125479552216099,0.7601214206409912
2425,137,413.036496350365,23.759124087591243,23.23772484103814,8.592567475419491,0.9291241102714446
2426,39,413.0769230769231,109.84615384615384,8.324770643709623,6.107515372513477,0.679521393840002
2427,142,413.056338028169,337.2464788732394,17.85819906735604,10.967555117227281,0.7891918371133273
2428,110,413.0090909090909,364.3727272727273,12.652410906580068,11.743532170426011,0.3721675378308083
2429,38,412.7368421052632,439.7631578947368,7.941985203295125,6.238535955209067,0.6188446232105103
2430,58,412.98275862068965,141.1551724137931,10.253578877374654,7.2296066119205795,0.7091264879235974
2431,24,413.2083333333333,344.7083333333333,6.247108760764933,4.9245720533820805,0.61529595488524
2432,21,412.7142857142857,374.8095238095238,5.813785048252597,4.713602019929525,0.5853744942035155
2433,32,413.1875,529.6875,7.334291146000719,5.664201036836126,0.6352699239631332
2434,22,412.77272727272725,568.9545454545455,6.026786168143852,4.73863988794276,0.6178917834714448
2435,70,413.0571428571429,96.48571428571428,10.624106329182155,8.544923150327755,0.5942292569270436
2436,64,414.234375,59.96875,10.472259454245982,7.854123163851941,0.6614455614910402
2437,48,414.0833333333333,421.625,8.997286071654278,6.832842178310928,0.6505847121129936
2438,61,414.1967213114754,450.9836065573771,10.353106227673031,7.966705194339367,0.6386479809904282
2439,128,414.3671875,178.6015625,15.565917622593766,10.782158547416415,0.7212475932230572
2440,20,414.3,315.2,5.428370313213267,4.780459783600831,0.4737792545257989
2441,67,414.55223880597015,404.14925373134326,11.397245870144616,7.556830191515029,0.7485839463176385
2442,32,416.0,172.0625,8.257960357441151,5.17142057223452,0.77963466764759
2443,83,415.28915662650604,514.2530120481928,11.556043993998697,9.272288760717444,0.59681928073075
2444,21,415.6190476190476,262.4761904761905,5.875876393086047,4.52507946746466,0.6379094078906983
2445,99,416.5353535353535,350.57575757575756,15.470843135825538,8.545527241053172,0.833603439249549
2446,54,416.537037037037,458.037037037037,10.359340590857588,7.3264728083879485,0.7069800295569936
2447,18,415.8333333333333,546.4444444444445,5.042642844739138,4.651180660376771,0.3863084894560836
2448,118,417.45762711864404,75.15254237288136,16.70062971032484,9.283289207859742,0.8312728330034745
2449,86,416.5813953488372,104.04651162790698,12.672558535956819,8.960407324291413,0.7071418750780241
2450,64,416.40625,154.28125,11.782382137933038,7.229745580289566,0.7896120151746393
2451,68,416.27941176470586,499.04411764705884,10.974032913254971,7.981358876035457,0.6863250213144657
2452,49,417.8979591836735,245.57142857142858,10.867606537854101,6.280351630405034,0.816110073071013
2453,39,417.0,320.0,7.414469567970387,6.65640235470275,0.4404881959216033
2454,82,417.9024390243902,415.4146341463415,12.956604807233399,8.61954341554678,0.7466095330226875
2455,57,416.8421052631579,443.96491228070175,10.23225624951649,7.539711797505567,0.6760484089778592
2456,59,417.79661016949154,541.1525423728814,10.197055406024765,7.469901926373488,0.6807080569847896
2457,63,417.984126984127,357.3333333333333,10.748183679209497,7.677806121024324,0.6998036851357604
2458,126,420.07936507936506,397.5238095238095,19.040861894793334,8.681444176357216,0.890011763028062
2459,73,417.82191780821915,433.94520547945206,10.713010983449815,8.768986397896324,0.5744550698591048
2460,63,418.984126984127,15.365079365079366,10.953961888733897,7.561464667292844,0.7235280715233177
2461,98,418.1938775510204,490.1224489795918,11.962208880385507,10.547412765845937,0.47175840361951604
2462,31,418.83870967741933,1.8709677419354838,7.473897088270878,5.252358737132325,0.7114266316320902
2463,85,418.54117647058825,581.4117647058823,13.155107830541866,8.46117264125286,0.7657105228890548
2464,122,419.3524590163934,592.1147540983607,13.432666051080808,11.692279986126811,0.49228108550766
2465,37,419.64864864864865,111.91891891891892,7.445691295731766,6.608367400270828,0.46072586921574926
2466,51,419.6078431372549,427.05882352941177,9.300592293835066,7.457243362160001,0.597588363990001
2467,81,419.5432098765432,534.4938271604939,13.111206651845178,8.291992221369176,0.7746130443935856
2468,87,419.82758620689657,29.03448275862069,16.032898771892256,7.067231467605138,0.8976075011773194
2469,96,419.7083333333333,166.64583333333334,15.778927422519448,7.809656021403342,0.8689259366149223
2470,100,420.59,188.31,12.138308847299413,10.55813706709535,0.49337017823378265
2471,66,420.1212121212121,302.3636363636364,10.050769319365854,8.378962533157248,0.5522722791517698
2472,26,419.6923076923077,463.0769230769231,8.524222464719916,3.946431015803631,0.8863756814561284
2473,248,419.5483870967742,87.37903225806451,19.7285188522956,17.1237738020099,0.49661563139303316
2474,45,420.75555555555553,7.2,8.354825625198082,6.881598284219515,0.5670730637078203
2475,75,420.81333333333333,118.97333333333333,10.923020486368557,8.836971647505566,0.5877773837869205
2476,15,420.46666666666664,278.6666666666667,5.148879227269528,3.609268690575713,0.7131795312507127
2477,85,421.0235294117647,54.28235294117647,11.129002990278234,9.75172587259718,0.4818670540671999
2478,40,422.375,153.85,8.09069937300873,6.413313001530187,0.6096415681461931
2479,87,422.0,389.32183908045977,15.22805341799501,7.648207620796242,0.8647255982375625
2480,84,422.4404761904762,408.0357142857143,11.959926087795582,9.346617620561366,0.6239120086536815
2481,111,422.92792792792795,342.5315315315315,13.511796853157007,11.046131112151677,0.5759036803751046
2482,47,422.3829787234043,454.78723404255317,9.41582064103707,6.406028896201687,0.7328897895371204
2483,12,423.1666666666667,238.0,4.320493798938574,3.590109871423003,0.5563486402641867
2484,174,423.91379310344826,524.7068965517242,19.397558535670303,11.54650260723526,0.8035365198157842
2485,96,424.0416666666667,574.1666666666666,13.068935161668216,9.366467398004962,0.6973846322156156
2486,49,424.1224489795918,160.44897959183675,8.455136906747107,7.460407627087058,0.4705898520512528
2487,178,423.9157303370786,257.3258426966292,16.247977642694597,14.384363949147161,0.4650168948402759
2488,61,424.0163934426229,440.6393442622951,9.408721345111113,8.345825114056106,0.46171035896544704
2489,54,423.8333333333333,447.74074074074076,10.150087909800824,6.8456725433000045,0.7383254070598247
2490,127,424.251968503937,65.61417322834646,14.520276362444068,11.427285994532111,0.6169680630134181
2491,120,423.6666666666667,136.15,15.503441454006614,10.008605895482054,0.7636984208461872
2492,75,424.70666666666665,464.85333333333335,12.167881013861336,8.274163567613583,0.7332117698689107
2493,19,424.7894736842105,580.8421052631579,5.57942347007946,4.3738337363417035,0.6208591115127354
2494,44,424.6363636363636,420.70454545454544,8.737129054081803,6.478299237939429,0.6709885295686016
2495,38,426.0,426.3157894736842,8.075039999395932,6.4021586066990155,0.6094388827941641
2496,71,424.49295774647885,485.6056338028169,13.475178293446898,6.861873715264459,0.8606344808324163
2497,84,424.79761904761904,507.5,13.125959463316441,8.440635968910387,0.7658249794441935
2498,127,424.76377952755905,554.7401574803149,15.493958463181533,10.811720170874255,0.7162903889949247
2499,159,427.0,125.45283018867924,18.2099629543748,11.621250932755387,0.7698864278907256
2500,169,426.3786982248521,18.27810650887574,21.330955408524822,10.405518737396054,0.8729481162170142
2501,91,425.86813186813185,177.6153846153846,11.437648762113373,10.406408668710093,0.4149634004953388
2502,45,425.8,146.95555555555555,8.430894918695653,6.829963830917423,0.586276017401156
2503,88,426.35227272727275,308.8863636363636,12.699428821295504,8.923187095619348,0.7115408235163946
2504,26,427.3076923076923,59.19230769230769,6.814830551686846,4.8426826941330665,0.703586719111532
2505,82,427.2439024390244,295.6707317073171,10.611365438713268,9.819355603398742,0.3790843567022507
2506,35,426.8857142857143,513.4571428571429,7.43193680719021,6.174783230769531,0.5565047607153736
2507,66,427.42424242424244,366.6515151515151,10.4706754425728,8.07332312163071,0.6367851490025647
2508,91,427.16483516483515,385.35164835164835,15.436863860026374,7.731333360682117,0.8655423426208468
2509,90,427.77777777777777,317.2,12.408589910293673,9.369993222055605,0.6555848506252494
2510,98,427.8265306122449,357.03061224489795,13.027281967182466,9.743527178694919,0.6637748265536703
2511,71,427.88732394366195,432.38028169014086,11.887886580873968,7.723609872741061,0.760187114467229
2512,66,428.1363636363636,533.1515151515151,10.475489874562893,8.232927787268203,0.6183244571547157
2513,68,428.45588235294116,266.54411764705884,10.550167029504834,8.184414034553452,0.6310261498607609
2514,86,429.6279069767442,165.77906976744185,12.09109374658626,9.342074401358131,0.6348432337170579
2515,62,428.83870967741933,193.5,9.953772985154796,7.96705166325384,0.599459352080794
2516,12,429.3333333333333,444.25,4.654746681256314,3.39934634239519,0.6831300510639732
2517,59,428.47457627118644,454.77966101694915,11.113721109455946,7.01352966700387,0.7757263513009811
2518,50,429.1,564.92,8.505750247130502,7.54915973691373,0.46073833135076225
2519,96,428.9166666666667,591.5729166666666,15.795084753988897,8.061376044163836,0.859953467426134
2520,133,430.5563909774436,78.3157894736842,15.23721836627922,11.396489706668243,0.663768959454082
2521,184,429.5652173913044,330.08152173913044,19.83291600467463,12.092153966644373,0.7926312939033969
2522,47,429.29787234042556,397.1063829787234,9.536038722387572,6.422653284899911,0.7391746861039097
2523,28,430.32142857142856,172.03571428571428,6.968964707814747,5.455278316775176,0.6222783004767847
2524,23,430.17391304347825,558.7391304347826,5.99014055336468,5.0153896134929035,0.5467833767751353
2525,87,429.9655172413793,376.9655172413793,12.386412049288936,9.233167944039783,0.6665870915589476
2526,34,430.5,464.2647058823529,8.134506237061004,5.509606141668302,0.7356950546812648
2527,34,430.7647058823529,502.1764705882353,7.161241084217151,6.061708323123112,0.5324513843588411
2528,73,429.93150684931504,115.31506849315069,13.780476279588582,7.00661518004235,0.8610944281720371
2529,41,431.4634146341463,415.8780487804878,8.574543688362684,6.189942817910911,0.6919998578188212
2530,70,430.8142857142857,544.2285714285714,9.872368781181457,9.052545473308209,0.39898422127003985
2531,115,434.295652173913,150.7478260869565,16.139766581279115,9.460935247660617,0.8101751611452481
2532,37,430.9189189189189,472.5945945945946,7.890377608181678,6.016335050380356,0.6469998463936554
2533,118,431.29661016949154,482.9830508474576,16.128736422100214,9.673172573232192,0.8001891628433654
2534,21,431.42857142857144,514.6190476190476,6.258173505705088,4.157977767102647,0.7473704562401328
2535,75,431.97333333333336,5.173333333333333,11.497771478817642,8.479140805451062,0.6753913575958562
2536,112,431.57142857142856,89.94642857142857,16.544772277923084,9.000005672687232,0.8390989484247429
2537,129,431.8217054263566,106.81395348837209,13.346834609814549,12.432498204586565,0.36375633357669745
2538,91,431.94505494505495,184.67032967032966,12.791168321751549,9.265610419833179,0.6894055180887267
2539,40,431.5,421.85,7.72269383052313,6.6332495807108005,0.5120938461947475
2540,42,431.64285714285717,583.5714285714286,8.508590966259609,6.2909990370792155,0.6732990659151498
2541,51,433.3333333333333,143.31372549019608,10.580564797370773,6.984090723367597,0.7511893708361373
2542,89,433.4269662921348,435.91011235955057,15.538589950748937,7.655538250024671,0.8702110784452995
2543,106,432.16037735849056,347.4811320754717,14.009313694388146,9.954671485629776,0.7036212217759821
2544,58,432.6896551724138,405.8965517241379,9.261137158054051,7.94605442155221,0.5136499133424332
2545,82,433.1219512195122,495.2682926829268,13.591357843547252,7.703814482732011,0.8238436368925328
2546,59,433.45762711864404,132.22033898305085,11.171298157179914,6.80154310481299,0.7932923619315466
2547,35,434.22857142857146,280.34285714285716,6.850892562897199,6.603459642861852,0.26632564011302007
2548,43,433.90697674418607,457.86046511627904,8.783920666238183,6.439140642410161,0.6801640071744746
2549,36,434.3888888888889,256.25,7.956096084519705,5.768949818421934,0.6886456320917163
2550,65,434.4307692307692,449.9846153846154,11.142565435985366,7.467446828200598,0.7422048984646671
2551,34,434.55882352941177,468.3529411764706,7.587810608214574,5.893184915116999,0.6299141921218178
2552,94,434.7340425531915,21.19148936170213,13.235215910964085,9.223235981592682,0.7171966518311782
2553,113,435.14159292035396,391.4513274336283,18.344349902195813,8.044816084834101,0.8987094136356035
2554,73,435.2328767123288,577.0958904109589,9.877757401364429,9.59687530822907,0.23677634299070754
2555,58,436.7413793103448,444.08620689655174,11.981318383800756,6.287671366481463,0.851231970934225
2556,29,436.2413793103448,475.3103448275862,6.821083363160039,5.617054366409449,0.5673392060958834
2557,28,436.5,523.5,6.369570517030843,5.606119105813881,0.47471266327754136
2558,67,436.4925373134328,550.8059701492538,12.69500335925626,7.2540814039561266,0.8206631179523243
2559,53,436.3207547169811,556.0754716981132,12.266881040083247,5.783315126813419,0.8818886933372129
2560,52,437.09615384615387,196.19230769230768,8.846254955766518,7.570457092861328,0.5173382308551987
2561,59,437.06779661016947,316.49152542372883,9.869091490065085,7.605811980211893,0.637234548303438
2562,39,437.64102564102564,353.0,7.892686941995321,6.377251164481508,0.5891894145493147
2563,54,437.1111111111111,502.05555555555554,9.127203358253594,7.562273865549844,0.5599265067501451
2564,75,436.73333333333335,562.8933333333333,12.27130693511757,8.261670768186857,0.7394139368378118
2565,51,436.1372549019608,592.1176470588235,11.939315849731164,5.6280511069623795,0.8819258945058753
2566,71,437.80281690140845,92.95774647887323,15.274669779892772,6.239808251480999,0.9127552241524526
2567,112,437.0,363.1875,14.524721403013995,10.129798877948383,0.7166648084258972
2568,115,437.6521739130435,374.75652173913045,16.25119639672179,9.890115331513575,0.7934943053108596
2569,50,437.3,422.0,9.848599077679502,6.533383212940327,0.7482809238456645
2570,31,438.0,2.129032258064516,7.034209758863014,6.079735299314563,0.5029600853395552
2571,55,438.23636363636365,464.03636363636366,10.363575259596384,6.83635955541494,0.7515706374717749
2572,90,438.47777777777776,541.6,12.94539988168672,9.327608279951145,0.6934190057586018
2573,18,439.44444444444446,24.944444444444443,5.812277383175391,3.9309031433326367,0.7366168331524112
2574,32,439.09375,81.15625,7.433433169348781,5.496619080564464,0.6732163679933464
2575,88,438.72727272727275,159.9090909090909,13.467319965684755,8.667592555632957,0.765360444377973
2576,71,438.943661971831,269.6056338028169,10.628953238338628,8.693949957995414,0.5752896298016638
2577,43,437.30232558139534,310.48837209302326,10.7886197031885,5.140056344168576,0.87921068539231
2578,22,439.22727272727275,384.54545454545456,5.49379815626841,5.381326758890452,0.20131005767452317
2579,93,438.0967741935484,10.440860215053764,15.04365476941135,8.145112773517853,0.840744686594689
2580,57,439.4736842105263,166.91228070175438,10.70671967139971,6.875103378160615,0.7665959600098066
2581,23,439.8695652173913,201.17391304347825,5.809686580702411,5.494274323386356,0.32501387591649944
2582,30,440.06666666666666,347.6,6.739742736034476,5.74555684051825,0.5227450910303716
2583,36,439.8333333333333,534.3611111111111,8.100220179103056,5.799426405283421,0.6981422184761279
2584,81,440.82716049382714,260.358024691358,12.80529624383055,9.000093230349792,0.7113465179829417
2585,64,440.453125,277.8125,9.419463941787402,9.174750285395616,0.2264601706301793
2586,62,440.5806451612903,288.03225806451616,11.757808622077647,6.840651952330515,0.8133343886767989
2587,85,440.9529411764706,407.1411764705882,11.318974193279656,9.559567013299576,0.5354589545688292
2588,60,441.3,456.96666666666664,9.541668698264061,7.985327002788092,0.5473711244809686
2589,65,439.7076923076923,488.67692307692306,12.631317794031762,6.609808930656468,0.8521562883557287
2590,30,440.8,245.73333333333332,7.58468028266714,4.996149907539728,0.7523917145061098
2591,26,441.5,449.34615384615387,6.354058486366913,5.365231035606769,0.5357469298095197
2592,95,441.5052631578947,480.5473684210526,12.391138848208533,9.880452143202383,0.6034769116534249
2593,133,441.81954887218046,587.0300751879699,14.854801653898782,11.551883410997318,0.6286935394497205
2594,197,441.9035532994924,113.73604060913705,21.63421499445893,12.253525770416363,0.8241334486270635
2595,56,441.98214285714283,342.0892857142857,10.053704091485802,7.126737049984175,0.7053423704162485
2596,46,441.5652173913044,472.60869565217394,10.48302666046074,5.542438850053265,0.8488050365807296
2597,112,441.24107142857144,131.59821428571428,13.562689349179225,11.450420563763068,0.5359356191349431
2598,60,442.28333333333336,391.26666666666665,9.853350943509382,7.862734021646276,0.6026897033772928
2599,34,442.5882352941176,518.3235294117648,7.689813177893903,5.657618032458536,0.67727611756244
2600,44,442.77272727272725,578.3409090909091,8.61791339589981,6.752116174430206,0.6213945602831188
2601,146,443.67123287671234,98.27397260273973,17.120576348732477,11.326263800388922,0.7498935087162829
2602,117,443.46153846153845,437.7435897435897,14.136714790143804,10.550687324952548,0.6655734739919211
2603,222,443.43243243243245,175.2117117117117,27.20338041272033,10.897406392687438,0.9162573477070967
2604,225,445.64,185.30666666666667,27.15109094569606,11.049985138888319,0.9134365089837531
2605,33,443.8181818181818,356.3636363636364,6.670567342549544,6.4862180383840915,0.23347096242330567
2606,52,445.03846153846155,2.826923076923077,9.12022844280738,7.254389490427014,0.6060618522639849
2607,47,445.1063829787234,365.21276595744683,8.180058258765612,7.557607428479022,0.3826187832167054
2608,25,444.68,462.92,5.872508670827601,5.507525933761424,0.34704379715392536
2609,135,444.8666666666667,334.8740740740741,16.608210205382857,10.505004418569913,0.7745450447516291
2610,91,445.5274725274725,374.6263736263736,13.611828400132195,8.737312914399237,0.7667957242927199
2611,44,445.34090909090907,383.15909090909093,10.38999008929466,5.812369838064454,0.8288842459654531
2612,72,444.5416666666667,572.7638888888889,12.638596418427506,8.538248241954975,0.7372964578388308
2613,101,445.0495049504951,13.287128712871286,17.01587321573609,7.816761509726186,0.888239547291893
2614,73,445.1506849315069,23.73972602739726,10.38125117950954,9.241892939429182,0.45547521171995986
2615,56,445.64285714285717,251.44642857142858,9.796588063937438,7.421791209303732,0.6527314232683111
2616,65,445.7692307692308,428.6923076923077,10.66032530857547,7.777075806646582,0.6839439419623852
2617,56,445.39285714285717,143.03571428571428,8.90222491607183,8.279269889973202,0.36750246552004634
2618,75,446.50666666666666,201.96,13.171081973002776,7.280312851519281,0.8333472654792263
2619,45,445.9555555555556,269.75555555555553,8.20115904032959,7.0315165478807975,0.5146825349064837
2620,51,445.3333333333333,295.15686274509807,10.485979138599433,6.27711564008427,0.8010332275763921
2621,31,446.258064516129,311.51612903225805,6.832048379062802,5.802822653001825,0.5278247980228475
2622,25,446.24,412.68,5.993871251740861,5.298443867547758,0.4675305328410962
2623,49,446.2857142857143,468.59183673469386,9.054764651652663,7.015927031067521,0.6321664407710147
2624,54,446.3333333333333,319.5925925925926,9.616019290830812,7.199961335421591,0.6628563897853814
2625,44,446.70454545454544,452.02272727272725,7.758407911395099,7.2514802754013035,0.35554051976352286
2626,145,448.5310344827586,120.46896551724137,21.759194406471533,8.847934712370026,0.9135930638866513
2627,104,446.61538461538464,534.625,14.241531571585549,9.596894087602935,0.738852929396131
2628,122,447.4016393442623,546.5409836065573,14.933080663880396,10.62791502757561,0.7024807132238622
2629,99,448.4141414141414,555.5757575757576,14.605669607348327,9.06318975223096,0.7841863056343101
2630,114,446.62280701754383,564.3508771929825,17.636739823916876,8.330722247219564,0.8814108229046247
2631,70,447.4,278.3285714285714,13.174203388194833,7.0088834145767365,0.8467344710707492
2632,83,448.56626506024094,258.4698795180723,12.6090732322226,8.718419395027999,0.7224337540980723
2633,21,448.14285714285717,422.8095238095238,5.316632771645401,4.992156306471802,0.34400025467068873
2634,51,450.11764705882354,457.19607843137254,10.93975298473002,6.28372527454066,0.8185791769530567
2635,25,448.44,482.68,6.180301161566536,5.179563451907827,0.5455531551937658
2636,71,448.2112676056338,503.6619718309859,14.084458372429074,6.4992775925468305,0.8871660595804868
2637,105,446.8285714285714,154.1809523809524,16.364621681262033,8.417968625382343,0.8575501065881135
2638,31,449.7096774193548,232.1290322580645,7.020309963513199,5.58254240950935,0.6063487354533175
2639,95,449.87368421052633,443.89473684210526,14.793951374547758,8.509505843944524,0.8180116227320963
2640,58,449.55172413793105,497.48275862068965,10.433669568179063,7.167066274657709,0.7267357615462247
2641,112,448.8392857142857,521.9017857142857,17.266305065155624,8.401953442020444,0.8736194205568037
2642,141,455.16312056737587,161.0,25.013823895297758,7.557573921319327,0.9532648658918345
2643,36,450.02777777777777,353.0833333333333,6.928203230275509,6.590303389483075,0.3084876157214383
2644,78,450.2435897435897,387.15384615384613,11.847252282517621,8.47661496454077,0.698620862291209
2645,93,451.3225806451613,585.763440860215,15.702357645338353,7.781586454235888,0.8685691262284309
2646,82,451.0487804878049,168.1341463414634,13.347226887990692,8.124859558653993,0.7933773328911626
2647,55,450.8727272727273,395.7090909090909,8.720490918482666,8.251379857067544,0.32356516608039193
2648,44,451.22727272727275,527.9545454545455,8.31610212497661,6.966232544222355,0.5461613261629076
2649,60,450.6166666666667,148.01666666666668,10.29548158362279,7.961208246181088,0.6340743822507285
2650,39,451.3076923076923,290.35897435897436,7.806396799447481,6.364685042434703,0.5790153809172235
2651,44,451.70454545454544,409.6136363636364,7.966918721134611,7.110644411167986,0.4510053031288154
2652,57,451.859649122807,463.3333333333333,8.807864182167052,8.29577030427163,0.3360070472696305
2653,97,452.77319587628864,19.350515463917525,12.389583346250308,10.1817566351426,0.5697764057194948
2654,59,452.33898305084745,310.77966101694915,10.496871133942266,7.74248788761431,0.6752383570249705
2655,17,452.94117647058823,533.4117647058823,5.376453790166786,4.375969374207331,0.5809857966628691
2656,31,453.48387096774195,417.64516129032256,6.942882452744934,5.811854502505428,0.5470570377634734
2657,68,454.25,425.20588235294116,10.133688914194641,8.669461347915048,0.5177880577223135
2658,258,454.7674418604651,192.77131782945736,24.79248540315222,13.807185024408865,0.830572792121623
2659,29,455.51724137931035,501.58620689655174,7.024372696025294,5.399556979579815,0.6396228964935278
2660,147,455.94557823129253,7.802721088435374,14.463996573267849,13.314622583753996,0.39065887850951075
2661,302,455.22847682119203,129.51986754966887,26.709226037272163,14.75183927701633,0.8336371558815179
2662,53,455.77358490566036,253.69811320754718,10.091360827343864,6.709554473853792,0.7469492644810221
2663,157,455.5732484076433,374.38216560509557,15.461362755670754,13.610647388136751,0.4744162721344857
2664,13,458.15384615384613,584.3846153846154,4.738956625909506,3.5986906120722595,0.6506420303241719
2665,119,456.97478991596637,68.27731092436974,12.637270914777137,12.0223868291358,0.30813203548433366
2666,84,457.1190476190476,318.0,10.941053696977166,9.82077079516675,0.4407958144727579
2667,89,457.0449438202247,539.5280898876405,11.641514183652097,9.890574407918312,0.5274353230151032
2668,238,456.3529411764706,573.8571428571429,20.476088160263945,15.292886854025575,0.6649749647266178
2669,84,458.6309523809524,263.98809523809524,11.815212137679117,9.356959419559422,0.610596685640165
2670,69,457.8550724637681,296.72463768115944,10.309753546168068,8.559274311196553,0.5574487691264373
2671,47,456.9148936170213,469.3829787234043,10.509904566209627,5.958589190403586,0.8237522851769348
2672,32,458.15625,286.375,6.910158200998827,5.840298677051427,0.5344883724417774
2673,142,458.40845070422534,387.9788732394366,22.067891847843537,8.68343934408404,0.9193299713582357
2674,61,458.37704918032784,530.8688524590164,10.361847173476782,7.629771851387389,0.6766191336980343
2675,88,458.42045454545456,548.6363636363636,13.671256190796885,8.332182580950326,0.7928112643815485
2676,47,456.51063829787233,270.4468085106383,10.806827090094286,5.544355346039468,0.8583635510634782
2677,38,458.0263157894737,450.63157894736844,7.690851849641868,6.268935419149262,0.5792979489564124
2678,55,458.27272727272725,487.23636363636365,10.3071778754634,6.814818681743882,0.7502342456159252
2679,54,458.68518518518516,495.3703703703704,10.856023953859417,6.312503792688704,0.8135644519371953
2680,344,458.1860465116279,102.40697674418605,23.5744504497994,19.067066368484024,0.588080837302924
2681,22,459.09090909090907,249.0909090909091,5.502816709244202,4.972652484064489,0.4282593998234223
2682,102,461.46078431372547,153.73529411764707,15.36897761481746,8.562445944627667,0.8304284576528321
2683,76,460.1842105263158,169.30263157894737,12.134308109515391,8.105407138145138,0.744184255025711
2684,49,459.6326530612245,337.7142857142857,8.801318510460268,7.094848537922076,0.591762985057011
2685,61,459.04918032786884,514.2295081967213,9.452200365738353,8.305873796768717,0.47733050809359157
2686,216,461.2962962962963,142.91666666666666,19.17982106759641,14.589068202010488,0.6491660420575694
2687,57,459.7719298245614,232.9298245614035,9.29642055756351,7.891739374239433,0.528552112601044
2688,32,460.34375,328.78125,7.095586857700679,5.744249049686599,0.5870476852510162
2689,50,459.76,356.58,8.41004383910354,7.552957210547176,0.43981635126550533
2690,28,459.5357142857143,520.4285714285714,7.082388528087328,5.129245606550641,0.6895633269607355
2691,114,459.8421052631579,558.7719298245614,12.89370302600518,11.318136843140458,0.4790210062809311
2692,84,459.20238095238096,201.73809523809524,13.39567806574149,8.59363681682623,0.7671037230941358
2693,62,461.0967741935484,421.1290322580645,10.751798789913138,7.438913119560484,0.7220162029205838
2694,10,461.7,180.2,4.477016006518517,2.876860733052088,0.7662148937541975
2695,198,461.050505050505,210.4949494949495,21.55764654430578,12.331874960265433,0.8202244678160272
2696,40,461.85,218.675,8.859712113161548,5.920768638605848,0.7439098112414718
2697,105,462.32380952380953,23.961904761904762,12.54131545726364,10.89277926708748,0.49559879454166506
2698,206,462.21844660194176,403.9271844660194,18.486317420859255,14.870638427344705,0.5940701515438608
2699,93,461.61290322580646,443.494623655914,13.758981609466064,9.001313392133671,0.7563098028751648
2700,87,463.4022988505747,472.1954022988506,12.755946024243505,8.724013225300398,0.7295594649785434
2701,57,463.2105263157895,524.8421052631579,9.54232015922845,7.762547608186632,0.5815839477087966
2702,38,462.8157894736842,115.92105263157895,7.238060906752617,6.682217113853521,0.38430682870946115
2703,30,462.93333333333334,293.53333333333336,7.5993318972776835,5.2180391425128,0.7269933881103987
2704,41,463.5609756097561,322.0,8.795587476692194,5.987190094110944,0.7325587307675346
2705,112,465.66964285714283,428.5892857142857,17.936982588911633,8.34725376402319,0.8851185824908953
2706,140,460.9,460.15,15.605811184257819,11.669071458769332,0.6639929199736594
2707,25,463.48,569.36,8.666478450069226,3.9714167842831247,0.8888231638466783
2708,103,464.0485436893204,12.844660194174757,15.629227529022122,8.6328880854662,0.833608734267022
2709,30,463.3666666666667,257.3666666666667,6.491019437140313,5.793482928640115,0.4509717590117594
2710,67,464.089552238806,275.34328358208955,10.596862084509135,8.123497392457326,0.6421313718968389
2711,41,464.0243902439024,302.5853658536585,7.309538466115669,7.123006031986013,0.22447019066716792
2712,94,464.2340425531915,481.4468085106383,13.136923340333432,9.1529316000375,0.7173302906422315
2713,23,464.4782608695652,236.04347826086956,6.712487804209372,4.407543468351772,0.7542229017656444
2714,115,464.69565217391306,348.54782608695655,13.814856136632313,10.791936507941905,0.6243015862659594
2715,36,464.8611111111111,249.38888888888889,7.3450056870841,6.163534948521058,0.54390564390978
2716,33,465.030303030303,285.45454545454544,7.375275195078608,5.865667090431799,0.6061963621611408
2717,55,465.1090909090909,509.6909090909091,10.285566924941214,6.937180147902758,0.7383134610573708
2718,60,465.46666666666664,242.25,9.516734911682242,8.042427836770266,0.5346356378417907
2719,84,465.48809523809524,311.4166666666667,13.424367270936038,8.086239571302585,0.798228050799291
2720,43,466.0,518.2093023255813,9.535889136037946,6.1222690270079125,0.7666845976352051
2721,16,465.6875,329.875,4.712429170543843,4.3566628642353615,0.381170670721425
2722,90,465.7111111111111,536.0222222222222,14.655450169536556,8.58209462948676,0.810606925422346
2723,34,467.05882352941177,226.76470588235293,7.1243915375868205,6.141142683121393,0.5069280438698658
2724,37,466.2162162162162,262.27027027027026,7.054764770960827,6.721490262800781,0.3037274875163283
2725,104,465.0769230769231,435.7980769230769,16.505814358243803,8.276675579203404,0.8651924206411288
2726,161,466.22360248447205,413.53416149068323,24.848179763319322,8.821783003176536,0.9348559207080179
2727,77,467.7792207792208,452.14285714285717,14.348997036249978,6.910362129834091,0.8763955436611784
2728,27,467.51851851851853,298.037037037037,6.814245903901388,5.18381628264803,0.6490658817132932
2729,44,467.77272727272725,503.6363636363636,9.455596110302658,5.97072469960713,0.7754175834192318
2730,87,468.0,566.4827586206897,13.752926490506223,8.263022695145258,0.7993849220867809
2731,114,468.89473684210526,133.19298245614036,14.433804704032998,10.287832094969309,0.7014084608041269
2732,196,469.1224489795918,387.1887755102041,20.294725300481314,12.833619947090158,0.7746727522265919
2733,232,468.7068965517241,93.75431034482759,24.26423409221622,12.567460287104696,0.8554158788099797
2734,42,469.5952380952381,556.3809523809524,8.875836493858946,6.148172525270812,0.7212387598845172
2735,72,469.2083333333333,161.98611111111111,12.594799588271119,7.439096661138018,0.8069291259263769
2736,61,469.3606557377049,219.63934426229508,10.421472366998774,7.801918738984197,0.6629780708547244
2737,157,469.88535031847135,374.36942675159236,16.837380865489333,12.125422559829232,0.6938194684820495
2738,91,470.6703296703297,461.0,12.152872405003999,9.708814530093822,0.6014764669921582
2739,28,469.7857142857143,514.6785714285714,6.950353170105531,5.252670748721784,0.6548699826571195
2740,96,469.71875,339.0,13.428803799919276,9.8438612090619,0.6801846598561357
2741,67,470.1194029850746,528.9701492537314,13.468790707041316,6.616807574083789,0.8710075597283882
2742,132,469.9318181818182,578.2348484848485,13.552418757124062,12.43087365571735,0.3983259947146559
2743,47,470.74468085106383,149.72340425531914,9.343109795286713,6.650296550917556,0.7023961956151528
2744,70,470.8285714285714,326.0,10.088131528775127,8.850470425233292,0.47991474492169633
2745,221,471.68325791855204,198.59276018099547,18.339519144584497,15.72963508894739,0.5141659809919462
2746,32,471.0625,314.0625,7.2340083555453845,5.704745665838185,0.6149053458187719
2747,93,469.63440860215053,551.0752688172043,17.551475555873445,7.249500399930915,0.9107118785942333
2748,84,472.25,17.464285714285715,13.8378754150412,8.319079369065951,0.799112256359517
2749,82,472.7560975609756,24.646341463414632,14.711640327204144,7.633686612912444,0.8548425224415533
2750,95,470.2105263157895,543.4526315789474,13.540368945905195,10.092086472220842,0.6666921521639004
2751,78,471.61538461538464,288.7564102564103,10.347965784074516,9.616400557754373,0.36931700769560905
2752,35,472.51428571428573,270.6,7.216523722691879,6.168000838149844,0.5191135770400497
2753,32,473.03125,344.59375,9.44939063613577,4.478031554791641,0.8805806421049565
2754,16,472.5,509.0,4.898979485566356,4.0,0.5773502691896258
2755,92,473.30434782608694,173.2173913043478,13.00231700027507,9.050909273299961,0.7179451054615061
2756,64,472.65625,244.53125,11.211407302329725,7.609079859041284,0.7344240552417599
2757,15,472.53333333333336,300.3333333333333,4.9408901464808626,3.8891364514742977,0.6167836191996371
2758,44,473.8181818181818,183.86363636363637,7.9059684652820055,7.1309911321493695,0.43178687682937494
2759,37,474.2432432432432,308.5135135135135,7.566989168699686,6.363472273577435,0.5411102175571959
2760,84,472.6904761904762,418.98809523809524,17.367096803992037,6.6397964160487986,0.9240297976117565
2761,118,473.96610169491527,235.40677966101694,13.202705794533038,11.496747430147808,0.4916600689913975
2762,93,474.1182795698925,494.89247311827955,12.280706689454378,9.656527745313884,0.6178233280784929
2763,176,475.71590909090907,396.0681818181818,19.538995634384904,11.67546541148122,0.8018339945638537
2764,67,474.5970149253731,560.9253731343283,11.1117297651544,7.783846867177323,0.7136453196744239
2765,139,472.23741007194246,33.24460431654676,16.189938912650394,11.179284470371528,0.7233246298186057
2766,66,474.030303030303,117.77272727272727,12.78972543392872,7.148212096779716,0.8292332423562054
2767,46,474.4782608695652,349.4130434782609,9.250974155665387,6.313172747444424,0.730947879087481
2768,192,475.4479166666667,444.5625,20.187760733339488,12.403564560063312,0.7889868189412896
2769,141,478.531914893617,130.47517730496455,19.837158658067224,9.446751959941876,0.8793288919406076
2770,66,474.7121212121212,225.25757575757575,9.90495692012972,8.576999649793617,0.5001651546796938
2771,77,475.68831168831167,278.38961038961037,10.776678365450865,9.274154397470744,0.5093214775015874
2772,12,475.75,362.4166666666667,4.418071998329192,3.3718731747306854,0.6461621652955032
2773,44,475.0681818181818,515.5454545454545,8.482185613837164,6.656479967634642,0.6197997621138502
2774,61,475.6393442622951,529.8524590163935,13.72949615015649,5.952489962428661,0.9011271674563122
2775,114,476.0438596491228,212.57894736842104,13.427635542047717,10.960360649443988,0.5776932378542778
2776,46,475.5869565217391,569.3260869565217,8.931375854260612,6.670470420703806,0.6649834397578289
2777,41,475.5609756097561,3.3902439024390243,9.403210968894182,5.631841311854949,0.800803278737167
2778,51,476.4313725490196,45.72549019607843,8.566805869791962,7.612899737817134,0.45858432124569837
2779,82,476.4512195121951,88.08536585365853,15.168910476182534,7.277980305091548,0.8773801580361995
2780,39,476.6666666666667,248.30769230769232,9.494224032055591,5.330412103965872,0.8275192369158347
2781,28,476.35714285714283,314.7857142857143,6.45326046305662,5.568526790852321,0.5053724966333766
2782,85,477.7647058823529,434.70588235294116,13.483374657601146,8.244741989444968,0.7912640110520115
2783,41,477.1463414634146,298.0975609756098,7.794776098705441,6.872723402195009,0.47179384128907337
2784,81,477.77777777777777,422.4691358024691,15.292519688623615,6.97439018929612,0.8899462267328551
2785,47,477.1276595744681,539.1063829787234,8.624982263946128,7.126350632782777,0.5633105588652825
2786,34,477.9117647058824,39.294117647058826,8.627924096892901,5.115459150266692,0.8052792569023345
2787,109,477.5045871559633,142.52293577981652,13.761817954841938,10.181740189640779,0.672767132653366
2788,99,476.6969696969697,161.46464646464648,13.839310639089957,9.328700299768954,0.7386650871177421
2789,36,477.6111111111111,521.0833333333334,7.426778180019377,6.3666571989922165,0.5148888466772162
2790,29,478.58620689655174,304.2758620689655,6.278954609436002,5.818841337079276,0.3757492863864437
2791,53,479.0943396226415,285.0943396226415,9.104668411404372,7.622547679450446,0.5468767891990441
2792,49,479.734693877551,15.183673469387756,9.558367003368021,6.542811506634546,0.729002123708022
2793,43,478.2093023255814,319.3488372093023,9.836417399785983,5.7499644540514785,0.8113513401454628
2794,36,479.4166666666667,328.5833333333333,8.130896420704936,5.686208564607188,0.7147954966341316
2795,53,479.8679245283019,545.1132075471698,11.053931651358315,6.13419300121735,0.8318949513436986
2796,32,480.125,564.1875,6.956165317953668,5.899090105202543,0.5299359775412641
2797,41,479.4878048780488,595.780487804878,8.05560257548823,6.4613119484530595,0.5972042286497513
2798,40,481.625,10.525,11.082797395081165,4.7446392802385065,0.9037273648383858
2799,36,479.80555555555554,75.52777777777777,8.560030795234917,5.4055249463048165,0.7753886734067607
2800,51,480.47058823529414,83.56862745098039,9.358232562491414,6.9070135270632225,0.6747261556157178
2801,28,480.2142857142857,229.67857142857142,7.456564795976872,4.870951863408554,0.7571479635258405
2802,8,480.5,0.5,4.47213595499958,2.0,0.8944271909999159
2803,16,481.0625,238.375,7.121980778849248,2.82221363218695,0.9181348542820819
2804,48,480.6875,293.1458333333333,8.80472495271495,7.017172321949032,0.6040082982245466
2805,44,481.0681818181818,28.795454545454547,9.218119188409963,6.389673819595957,0.7207793347460221
2806,57,480.7368421052632,97.05263157894737,9.276833448933163,7.917243423832752,0.5211870992858799
2807,32,480.90625,177.03125,7.641967428360681,5.333299525047738,0.7161989849411932
2808,38,481.1578947368421,182.60526315789474,7.433597195484846,6.5177637977795335,0.48085872694784626
2809,53,479.35849056603774,188.69811320754718,11.362013613395172,6.012066673601234,0.848536140096571
2810,38,480.39473684210526,490.3421052631579,8.273254468587288,5.984913405876463,0.6904239628412658
2811,57,480.96491228070175,527.6140350877193,10.789484924157659,6.881805917268185,0.7701811155057143
2812,67,481.46268656716416,311.1044776119403,10.421669526694576,8.522013510819692,0.5756153879768374
2813,71,481.67605633802816,168.81690140845072,12.72903699597184,7.186341743411406,0.8253900643394845
2814,17,481.0,266.0,5.487954724560283,3.880570000581328,0.7071067811865475
2815,85,483.98823529411766,108.47058823529412,13.477691158053812,8.335989854916265,0.7857825869147252
2816,15,482.4,247.4,4.618802153517006,4.026578365477733,0.4898979485566357
2817,157,483.2738853503185,64.1656050955414,15.714073571392463,12.998366916218114,0.5619370926428524
2818,135,483.3851851851852,573.4,13.6294217705165,13.095708181071583,0.2771000550569378
2819,111,482.94594594594594,481.84684684684686,15.40710023151004,9.584199311813897,0.7829665568514762
2820,41,483.2439024390244,558.5121951219512,8.679150086451703,6.394442239318392,0.6761553999300073
2821,40,483.775,34.275,9.38709112960707,5.537374840522562,0.8074817738022777
2822,138,485.55797101449275,51.210144927536234,18.612975691995103,9.885561575127394,0.8473020683844141
2823,208,484.15384615384613,155.28365384615384,23.710433626536677,12.111471772010308,0.8596950077331122
2824,71,483.88732394366195,207.8732394366197,13.783203637998222,6.712378794015234,0.8734036432115505
2825,38,483.3421052631579,302.0,9.093554058715828,5.357038015420876,0.8080581102233613
2826,57,483.7894736842105,413.43859649122805,9.89359646850771,7.394634184541842,0.664356107762075
2827,39,483.97435897435895,24.205128205128204,8.635646959109184,5.784443761660783,0.7425115296825642
2828,68,484.61764705882354,43.661764705882355,10.77725355158705,8.14060753297391,0.6553206139936488
2829,43,484.7674418604651,232.7674418604651,8.091432564292857,6.8849622363413285,0.5253352510046504
2830,35,484.37142857142857,262.51428571428573,6.927047500916516,6.483361173320495,0.3521363543463662
2831,139,484.46762589928056,377.50359712230215,16.520546346902485,10.773196661041297,0.758125237372644
2832,206,482.6504854368932,404.752427184466,23.941274803908986,11.173674010327932,0.8844094934947947
2833,115,483.6434782608696,428.17391304347825,17.4242223119671,8.657775796247083,0.8678183314889868
2834,12,484.5,439.3333333333333,4.464216783173839,3.409739589526534,0.645460725553083
2835,75,484.4,536.1866666666666,10.545062516386349,9.146446235982905,0.4976678976653263
2836,46,485.3695652173913,78.58695652173913,9.234915183567372,6.5323022689002235,0.7068651025748696
2837,33,485.42424242424244,283.57575757575756,6.683175152528592,6.227991553292183,0.36273812505500597
2838,18,485.3888888888889,328.27777777777777,5.693388843125944,3.935296437229382,0.7226591383582849
2839,28,486.2857142857143,7.928571428571429,6.651302350738228,5.459028610072927,0.5712935295814011
2840,19,485.8421052631579,296.3157894736842,5.078879192343082,4.855815829335072,0.29310519088027426
2841,51,486.52941176470586,526.2549019607843,10.942793517135069,6.050916770456544,0.8332084269069087
2842,51,485.72549019607845,548.9411764705883,9.138662158683148,7.233383698114921,0.6111503750202931
2843,68,486.22058823529414,90.73529411764706,10.219217595870113,8.772802026495228,0.5128784749923345
2844,27,486.77777777777777,335.85185185185185,6.279895262539075,5.525643597361729,0.4751695976985267
2845,35,486.54285714285714,360.48571428571427,7.918272524356869,5.667931723824261,0.698301173648581
2846,64,487.25,172.71875,10.933924747565305,7.627821747693044,0.716459305610895
2847,24,487.375,247.375,6.005121810152689,5.3639393526177965,0.4496051695459652
2848,29,487.44827586206895,313.6896551724138,6.258786926641891,5.866529742934273,0.3484510929203089
2849,20,487.75,323.75,5.138093031466052,4.9396356140913875,0.2752409412815902
2850,63,486.0,116.0,12.653139294851595,6.406318999857844,0.8623558100049654
2851,24,488.5,505.5,5.5377492419453835,5.5377492419453835,0.0
2852,43,488.0232558139535,543.0930232558139,7.962452539569614,7.171400644021364,0.4345406296179404
2853,74,488.7027027027027,72.56756756756756,12.090477957906236,7.912230789921217,0.756132664624785
2854,205,486.3121951219512,124.18536585365854,23.28111072619809,12.121244370590244,0.8537719404588622
2855,33,488.5151515151515,195.3939393939394,6.683175152528592,6.227991553292183,0.36273812505500597
2856,37,489.18918918918916,237.48648648648648,9.8733265496656,5.402320192033688,0.8370259951324264
2857,93,488.5483870967742,290.4623655913978,12.971917113721474,9.621458810579115,0.6707157549858551
2858,108,489.0462962962963,563.8518518518518,15.75766796591617,9.09493530211948,0.8166203390047947
2859,55,489.74545454545455,588.9454545454546,11.441642136766236,6.2729564193423775,0.8363101355153036
2860,35,489.7142857142857,15.257142857142858,7.903571292368505,5.704463845553229,0.6921457563346501
2861,41,490.0487804878049,57.68292682926829,7.838269391515414,6.767048309352234,0.5046321016264156
2862,62,489.9032258064516,216.0483870967742,9.472844414670535,8.324885600194115,0.4771611277826007
2863,8,490.5,537.5,4.47213595499958,2.0,0.8944271909999159
2864,84,490.4166666666667,36.095238095238095,12.823483740807246,8.797571654543423,0.7275528775714819
2865,60,489.6666666666667,515.2333333333333,11.733989190545062,6.607920155940349,0.8263590978801862
2866,75,491.08,329.05333333333334,11.910013408321946,8.163557404862193,0.7281324481841
2867,137,491.007299270073,476.57664233576645,19.541002485797776,9.289131351249996,0.8797880495468372
2868,22,490.95454545454544,494.27272727272725,5.519507436970437,5.0760656626865766,0.3927174551425361
2869,43,490.69767441860466,4.348837209302325,8.340946122929669,6.622417729541997,0.607963712374536
2870,23,491.6521739130435,113.43478260869566,6.011807652457726,5.0675906492174345,0.5380082300522845
2871,35,491.37142857142857,262.14285714285717,7.045255764349428,6.338245088882085,0.43661744836091027
2872,97,491.5979381443299,305.29896907216494,13.518862414434432,9.364721349478518,0.721211248655107
2873,39,491.5128205128205,341.43589743589746,7.781661120634613,6.460367520056575,0.5574594463900074
2874,51,491.0980392156863,499.54901960784315,9.69628390559547,6.801502253262641,0.7127142097133904
2875,56,490.98214285714283,529.5357142857143,13.3337748334194,5.673177107017712,0.9049705574252946
2876,44,492.15909090909093,22.181818181818183,8.397937011521462,6.673887147157746,0.6069951314806253
2877,97,491.5360824742268,82.42268041237114,13.895214354290307,9.201206656421679,0.749340130555001
2878,53,492.37735849056605,227.69811320754718,10.603286378613797,6.43573325890102,0.7947350784274577
2879,45,491.73333333333335,281.5777777777778,8.748866547829282,6.653360855348493,0.6493583000812935
2880,91,492.56043956043953,152.57142857142858,14.315106485043803,8.52361028764357,0.8034089291761464
2881,36,492.3333333333333,320.0833333333333,7.86048032289147,5.952736456089605,0.6530679365692765
2882,35,493.0857142857143,41.6,7.949028846351388,5.613093438639154,0.7080764816836247
2883,42,493.54761904761904,90.30952380952381,8.336924951076076,6.559097457549389,0.6172684440299746
2884,68,493.25,357.75,9.578139947630044,9.147185351215743,0.29658505688507947
2885,72,492.8333333333333,365.72222222222223,10.916466480781382,8.694607045332292,0.6046817877850907
2886,41,492.8292682926829,549.8048780487804,7.677005764797154,6.877870701772838,0.44424493841202367
2887,48,493.5625,11.6875,10.491180904298453,5.885869227787586,0.8277953398362304
2888,134,493.53731343283584,208.65671641791045,18.47472000072444,9.828420109925338,0.8467488060367442
2889,13,493.84615384615387,255.23076923076923,4.706787243316417,3.508232077228117,0.6666666666666667
2890,97,494.11340206185565,349.08247422680415,14.044645830949142,8.835281379280655,0.777336209693557
2891,25,493.8,373.24,6.132060986158655,5.17264227083518,0.537065445407951
2892,56,493.7142857142857,169.55357142857142,10.367983327501875,6.866795533894729,0.7492319178650183
2893,16,493.9375,242.3125,5.326818938165629,3.7416573867739418,0.7117639563193815
2894,51,494.52941176470586,312.6078431372549,9.958950292009611,6.5012648614184005,0.7575249285340993
2895,42,494.23809523809524,63.142857142857146,8.12124050657178,6.918056923105928,0.5237901786728435
2896,95,494.34736842105264,106.41052631578947,12.4336813946798,10.207200716992805,0.5710266827581799
2897,37,495.2972972972973,333.9189189189189,9.145958897843665,5.138058603352925,0.8272835637552292
2898,58,495.0689655172414,202.24137931034483,13.245342689903575,5.617167756309516,0.9056218027854686
2899,35,495.1142857142857,287.0571428571429,9.448665898540348,4.787340713288292,0.8621409991271212
2900,34,496.55882352941177,6.823529411764706,7.309217670860837,5.893011638790794,0.5915833744251252
2901,53,495.1132075471698,29.452830188679247,9.52166725835793,7.124435061268037,0.6634349250745002
2902,26,495.0,416.5,6.201736729460423,5.203549084703927,0.5440588203494177
2903,25,495.44,505.4,5.887478237751711,5.4258639865002145,0.3881555064577865
2904,26,495.96153846153845,1.3076923076923077,7.911916220516598,4.352015999279863,0.8351261901761544
2905,18,496.1111111111111,220.66666666666666,5.519734119150257,4.163532681472669,0.6565304757541406
2906,33,496.57575757575756,115.75757575757575,6.9903169399935035,5.963042424416516,0.5218402784930367
2907,25,496.36,247.76,6.133815898011921,5.155686426587271,0.5417573775069718
2908,23,497.0,343.0,5.897678246195885,4.86335007099463,0.5656854249492381
2909,75,496.81333333333333,529.1733333333333,12.810922547158812,7.876677044825169,0.788651297871372
2910,123,496.5528455284553,568.0731707317074,16.748511563299683,9.63939781988855,0.8177753319741392
2911,78,497.79487179487177,44.01282051282051,14.03049786128199,7.739842121325822,0.8340795690342057
2912,44,497.72727272727275,476.1818181818182,11.221498951222452,5.080698621035895,0.8916300383212523
2913,27,497.48148148148147,496.77777777777777,6.369668330846143,5.385358418911969,0.534024178882251
2914,72,497.875,69.375,11.948811329913653,8.003701714548114,0.7425122709176296
2915,60,498.7,76.63333333333334,10.520355081286102,7.545264597914813,0.6968609403805668
2916,104,497.7019230769231,186.70192307692307,12.258174595901055,11.00217280649509,0.44093789517301707
2917,100,498.25,158.69,14.171702400612824,9.60756218134781,0.7351173533996508
2918,75,498.3066666666667,319.05333333333334,14.011142268360944,7.207704450576512,0.8575344078404222
2919,59,498.1864406779661,377.3050847457627,9.453961227086756,8.165716305140265,0.5039464389943228
2920,75,498.8666666666667,57.74666666666667,12.303950204295077,7.909162649400476,0.766021534185387
2921,45,499.53333333333336,84.66666666666667,9.725565334493409,6.115194285280097,0.7775871322601916
2922,42,499.3333333333333,252.14285714285714,8.33081592162747,6.42301350238658,0.6368417663604258
2923,158,498.84177215189874,539.6708860759494,17.81874742403341,11.598957841016396,0.7591281053459306
2924,38,499.57894736842104,547.2894736842105,8.492123238714246,5.723564375358878,0.7387449556953157
2925,13,499.61538461538464,11.615384615384615,4.318667337728677,3.6794648440311994,0.523556754446835
2926,46,499.7173913043478,301.3695652173913,8.160231403068188,7.237559537638094,0.46190256512166183
2927,81,500.87654320987656,18.790123456790123,12.590272805001092,8.382409550881016,0.7461440120785362
2928,61,499.91803278688525,172.7704918032787,10.192824474352832,7.955324920693586,0.6251771639600804
2929,25,500.0,588.12,5.900297019168136,5.556626232309998,0.3363035378926748
2930,38,500.39473684210526,165.57894736842104,7.9921485009830375,6.312571110727013,0.6133044838180085
2931,154,500.5779220779221,197.30519480519482,18.106404581415347,11.178563056769969,0.7866637285494973
2932,71,499.5774647887324,290.2957746478873,14.801011452921136,6.879073261780232,0.8854311926293734
2933,156,499.04487179487177,555.0192307692307,19.813689348732495,11.430731947981819,0.8168071347433371
2934,47,500.51063829787233,90.72340425531915,9.776420789334718,6.130145284049421,0.77899213163421
2935,95,500.6736842105263,225.42105263157896,13.154101295927076,9.418228405528598,0.6981087096563605
2936,6,500.0,364.5,3.265986323710904,2.0,0.7905694150420949
2937,82,500.9634146341463,50.91463414634146,13.000576597846186,8.934349712888105,0.72644255827259
2938,106,500.89622641509436,145.64150943396226,12.25499840304386,11.106756860634755,0.4226258951164385
2939,37,503.43243243243245,255.8108108108108,9.275485522009609,5.16962734909457,0.8302823192510103
2940,18,501.5,333.5,5.416025603090641,4.2163702135578385,0.6276459144608479
2941,7,502.0,339.7142857142857,3.0237157840738176,2.799416848895061,0.377964473009227
2942,47,502.1914893617021,4.872340425531915,8.94727766742358,6.838008081929489,0.6449133303342997
2943,35,502.2,64.45714285714286,7.229404604477371,6.12097388571944,0.5321064635877428
2944,53,502.1698113207547,179.28301886792454,8.90003953798872,7.805966925816674,0.48036068982824576
2945,42,502.76190476190476,525.1190476190476,8.961777810245403,6.209086215516786,0.7210904835403129
2946,81,502.2716049382716,583.0123456790124,13.064395983185609,8.158343223253283,0.7810475786781845
2947,112,502.30357142857144,105.79464285714286,18.244727628595104,8.069915501872249,0.8968597989201004
2948,31,502.4516129032258,306.8709677419355,6.82445057067746,5.788792708888983,0.5296071586415749
2949,58,503.4310344827586,386.2931034482759,11.084212862179166,6.86570077301784,0.7850656459118931
2950,24,503.1666666666667,267.5416666666667,6.426385968277768,4.714800225301215,0.6795137366436659
2951,36,503.55555555555554,281.47222222222223,7.409857674586351,6.193998238669864,0.54886157834794
2952,33,503.42424242424244,314.8181818181818,7.652335278148035,5.491297218304163,0.6964579845021008
2953,208,503.52884615384613,477.28846153846155,24.576888661883192,12.304515427858794,0.8656475388043758
2954,6,504.1666666666667,493.8333333333333,3.126943839882286,2.309401076758503,0.6741998624632421
2955,26,504.84615384615387,408.11538461538464,6.35545666921016,5.22725041079467,0.5687907524169874
2956,81,503.7901234567901,502.5308641975309,12.719904723222793,8.29711011920592,0.7579665545337424
2957,31,504.61290322580646,590.741935483871,6.741070998980903,5.803063642143996,0.508855618853663
2958,60,505.1666666666667,378.9,9.899586807694929,7.801307791590762,0.6156192033029302
2959,58,505.48275862068965,153.43103448275863,10.42989847332925,7.7258064854300414,0.6717956819497763
2960,94,505.6276595744681,358.72340425531917,14.758372333997944,9.068490843455612,0.7889447365846589
2961,53,506.0,261.7358490566038,8.876842951579528,7.638677805879444,0.5094210502464489
2962,71,506.5633802816901,530.5774647887324,10.353681779387426,8.995703312938808,0.4950912066959788
2963,30,506.3666666666667,596.6333333333333,6.491019437140313,5.793482928640115,0.4509717590117594
2964,35,506.9428571428571,1.8857142857142857,8.245824024967208,5.764622792966768,0.7150277958247765
2965,51,506.4313725490196,14.803921568627452,10.291464852338217,6.506644604651002,0.7747750690862093
2966,90,507.3888888888889,188.62222222222223,13.098431844519743,9.018196789709563,0.7252416704205463
2967,43,506.3255813953488,248.62790697674419,8.124070432523817,6.795675055206736,0.5479875671526759
2968,41,507.4634146341463,295.5853658536585,8.424467131967837,6.129703686493657,0.685993902159665
2969,25,506.76,334.8,6.132060986158656,5.172642270835181,0.537065445407951
2970,9,507.0,509.0,3.265986323710904,3.265986323710904,0.0
2971,36,507.5,543.6111111111111,7.7295180035647935,5.930272479362251,0.6413791259693615
2972,196,507.3316326530612,562.7142857142857,24.63696736001733,10.85690567031772,0.8976665214967213
2973,30,507.7,95.56666666666666,6.742240107901618,5.677242923840028,0.5394134537660215
2974,12,507.4166666666667,285.9166666666667,4.163331998932266,3.80058475033046,0.40824829046386296
2975,66,508.04545454545456,164.0151515151515,10.973606896620009,7.895004719473622,0.6945401557843744
2976,16,507.625,214.875,4.69041575982343,4.415880433163924,0.3370999312316211
2977,30,507.3666666666667,241.63333333333333,6.491019437140313,5.793482928640115,0.4509717590117594
2978,33,508.0,392.0,7.76350401496978,5.3796028312199144,0.7210001614144307
2979,73,508.8493150684931,43.42465753424658,10.61371344303185,8.77366284731539,0.5627390385371432
2980,104,508.27884615384613,83.66346153846153,12.255389675281076,11.189760915712228,0.40785177338271417
2981,39,508.2564102564103,372.0,7.754872662104894,6.495739054616925,0.5462330711524974
2982,49,509.1224489795918,52.36734693877551,9.748372598377593,6.455406422761797,0.7493240479424915
2983,43,508.93023255813955,268.6046511627907,7.6353226259239,7.17601910789585,0.34160144133957027
2984,58,510.48275862068965,146.51724137931035,10.830908097094753,7.196204943094147,0.7473648945323271
2985,20,509.4,353.25,6.756449154335,3.7403736210285037,0.8327823772634101
2986,98,510.09183673469386,171.23469387755102,14.100137654598589,9.161057631638425,0.7601786927369788
2987,32,509.5,497.0,6.843314393979375,5.93034974560141,0.49902032461824386
2988,40,509.75,518.35,7.956528691801118,6.3979411670119,0.5944776664270057
2989,55,510.54545454545456,21.727272727272727,8.759474216455638,8.014380146786108,0.4035933007574398
2990,60,510.46666666666664,35.11666666666667,10.080261328740608,7.590747173724583,0.6579852779770193
2991,156,510.53846153846155,106.19871794871794,18.59174014914251,10.933337197012648,0.8088064163461622
2992,60,510.4,206.96666666666667,9.399807402649907,8.082852818279997,0.5104699748033992
2993,51,510.4117647058824,219.68627450980392,8.701845305062847,7.430073543506759,0.5205185900074011
2994,42,511.1666666666667,28.428571428571427,8.152177528433924,6.6380376238019565,0.5804925091434107
2995,55,510.3272727272727,415.23636363636365,10.86952820566764,6.647646788591061,0.7911782793504498
2996,4,510.5,586.5,2.0,2.0,0.0
2997,91,511.7142857142857,179.8021978021978,13.039304806392119,8.973734609918559,0.7255148400248919
2998,45,511.6222222222222,409.44444444444446,9.351843619214,6.130901988563456,0.7551238379510049
2999,38,511.5,70.10526315789474,8.837718209916785,5.489854657012756,0.7836642545006738
3000,56,511.89285714285717,196.96428571428572,8.885083247487158,8.193712732228553,0.38674307966324
3001,81,512.2345679012345,338.0,12.290401521408878,8.477508240852341,0.7240318109389016
3002,44,512.2727272727273,376.4318181818182,8.585239985261037,6.573508178086941,0.6432270068705881
3003,22,512.0909090909091,427.09090909090907,5.502816709244202,4.972652484064489,0.4282593998234223
3004,36,512.3055555555555,434.44444444444446,8.115719482902817,5.669871511228802,0.7154847748482509
3005,60,512.1666666666666,63.11666666666667,9.562539450765511,8.092936242818858,0.5326801549878041
3006,97,512.5876288659794,155.5979381443299,13.62279523248323,9.223391671890376,0.735931741687166
3007,110,512.7181818181818,476.2,17.65598038597538,8.150358279310613,0.8870776371636274
3008,50,512.58,523.76,10.44184007208511,6.107698085940202,0.8110870536811985
3009,52,512.0961538461538,535.9038461538462,11.684923585107535,5.956038543337704,0.8603403880062316
3010,70,512.4857142857143,75.84285714285714,12.681394251569182,7.013121451203404,0.8331650049250624
3011,54,512.4444444444445,141.37037037037038,11.742999217727302,6.633697869558286,0.8251548478421492
3012,42,512.6190476190476,283.95238095238096,7.707899996070077,6.924181303293388,0.4393362958599346
3013,37,512.8108108108108,465.9189189189189,8.766892963676327,5.370484064362859,0.7904032203014432
3014,22,513.0,262.40909090909093,6.375625549198586,4.466143770493766,0.7136496188694905
3015,38,513.2631578947369,294.8157894736842,9.075725566813318,5.927742457601147,0.7572349841441341
3016,60,513.9833333333333,303.3,10.352599711657996,7.405801876394007,0.6987594356359165
3017,14,513.6428571428571,309.14285714285717,4.9437078791371425,3.6321351113335303,0.678393698847119
3018,17,513.2941176470588,330.70588235294116,5.552178461271106,3.9174385400182166,0.708642384639249
3019,38,513.7894736842105,441.10526315789474,7.393983130181437,6.49051595823555,0.4790080821576626
3020,29,513.0689655172414,529.4137931034483,6.7284620161259525,5.500630044211442,0.5759048965827145
3021,60,513.1666666666666,548.2166666666667,10.610676355050908,7.488969114602805,0.7084154951658926
3022,89,514.0,13.898876404494382,14.245058439448687,8.148487001831676,0.8202382683125706
3023,98,514.6122448979592,134.6326530612245,13.629910017879842,9.477555250656069,0.7186714485608233
3024,18,514.0555555555555,214.77777777777777,5.033222956847167,4.575835618216445,0.41652044217833617
3025,24,514.0,490.7083333333333,5.7130455003342036,5.291502622129181,0.3769982222431136
3026,44,514.3181818181819,55.45454545454545,8.229795578232157,6.985656043661552,0.528673962061955
3027,96,514.3854166666666,91.05208333333333,12.761841138652235,10.085398944162524,0.6127488043793472
3028,32,514.15625,351.375,6.910158200998827,5.840298677051427,0.5344883724417774
3029,36,514.7777777777778,382.75,7.2141002975730215,6.45927155299437,0.44532784531649566
3030,33,514.7272727272727,420.8484848484849,6.860031574732313,6.138860235732638,0.446319928878929
3031,95,515.0105263157894,317.7157894736842,13.930912757911058,8.897291874242399,0.7694786198663612
3032,55,515.2545454545455,539.9090909090909,11.386168576474882,6.320591419471566,0.8317760444732452
3033,86,515.7906976744187,561.5930232558139,13.467914798794995,8.452828931381129,0.7785140751870988
3034,64,515.390625,571.078125,10.290294499475632,8.00442231607388,0.6284359382780087
3035,99,516.4646464646464,3.686868686868687,14.097444687822367,9.009338782681724,0.7691435796739462
3036,38,516.921052631579,82.0,7.455128930368747,6.704693027071233,0.4372507264340965
3037,32,516.375,112.65625,6.99885518634799,5.863053903942027,0.5461059238635052
3038,114,516.2719298245614,392.3859649122807,12.694901844165301,11.506330357528709,0.4224760030487928
3039,33,516.7272727272727,23.87878787878788,7.647021001711416,5.458468539660759,0.7003462732112117
3040,28,518.5714285714286,71.42857142857143,8.02452085557632,4.958493407795901,0.7862427905623598
3041,36,517.4722222222222,200.25,7.1008883170446655,6.472895238081608,0.41116411744906955
3042,37,517.5675675675676,435.64864864864865,8.381037801132182,5.847775772885382,0.7163522047592354
3043,76,517.421052631579,163.85526315789474,11.34994926548915,8.608842528259098,0.6516826776122867
3044,31,518.3548387096774,186.25806451612902,6.632930606045125,5.915118158963094,0.4524682789019464
3045,24,518.25,325.3333333333333,5.9671762132448665,5.191181329489486,0.49312918087354485
3046,98,517.4897959183673,369.11224489795916,11.95734252636081,10.602384061878718,0.46237595045020113
3047,76,518.25,39.921052631578945,10.685792163489857,9.077352773431514,0.5276229222811976
3048,59,520.1016949152543,59.79661016949152,9.051789460432175,8.474315918548493,0.3514587101464629
3049,88,519.3181818181819,427.21590909090907,11.7021035855608,9.693698802118494,0.5601779042779017
3050,86,518.6511627906976,505.19767441860466,13.174679225511337,8.476769792500425,0.7655186109278774
3051,55,518.9636363636364,528.8727272727273,10.344147666890002,6.869571001146213,0.7476418236052889
3052,63,519.5555555555555,478.4920634920635,10.457613226999383,7.915265449206273,0.6535420073179213
3053,121,520.9586776859504,50.81818181818182,17.414068345852137,9.03595722336526,0.8548420194934141
3054,61,520.327868852459,67.04918032786885,11.73515298506183,6.9708744905279225,0.80445285691933
3055,84,520.5595238095239,144.97619047619048,11.554731323403283,10.269860926730889,0.4582926364316974
3056,22,519.9090909090909,155.72727272727272,6.4372284501206884,4.281434913937045,0.7467495617646092
3057,46,520.3260869565217,95.02173913043478,8.693592803804684,6.97320607409573,0.5971781121386918
3058,112,520.4017857142857,175.66964285714286,15.820785543189967,9.393125466045959,0.8046713059479172
3059,72,520.2083333333334,214.29166666666666,12.713579262234324,7.263180517636486,0.8207460978593142
3060,43,520.3255813953489,295.9767441860465,7.923410586337332,6.893102308412268,0.49311070961016035
3061,18,520.1111111111111,417.27777777777777,5.076445469458138,4.46191816837747,0.4769224904060804
3062,66,520.2272727272727,470.1969696969697,11.10181494877194,7.994283343984212,0.6938827865005004
3063,50,520.58,595.62,8.84340289713983,7.190370310273239,0.5821557135596179
3064,38,521.5,76.0,7.844935080723684,6.2013702985091035,0.6124704110694542
3065,34,520.7647058823529,274.88235294117646,7.360101798298756,5.842379634068263,0.6081911548710625
3066,36,521.3888888888889,355.8611111111111,7.345005687084101,6.16353494852106,0.5439056439097798
3067,6,521.0,247.5,3.265986323710904,2.0,0.7905694150420949
3068,105,521.7714285714286,379.3142857142857,12.085719327299989,11.411565349060451,0.3293183159725583
3069,29,521.6896551724138,485.1034482758621,6.749756218088641,5.574349402214312,0.563876143162267
3070,127,523.1574803149606,107.71653543307086,14.451324093570438,11.47388447406442,0.6079599493209037
3071,34,521.5,123.3529411764706,7.760721934417766,5.668426293808755,0.6830203382650373
3072,44,521.7727272727273,302.4318181818182,8.191249868486159,7.135242816809769,0.491139231441076
3073,79,521.5569620253165,332.7721518987342,11.385916483822239,9.644825490781873,0.5314593328821694
3074,178,522.0280898876405,546.5112359550562,21.495109370993852,11.397398154544254,0.8478525002958155
3075,60,522.4166666666666,9.0,12.540075554993372,6.258492414094623,0.8665563049756042
3076,25,522.76,29.2,6.132060986158656,5.17264227083518,0.5370654454079513
3077,20,522.3,513.1,5.4478633986980824,4.639049944668172,0.5242966935960685
3078,64,522.5625,571.25,11.024086325798718,7.543674216278014,0.7292097947223412
3079,95,523.2947368421053,16.389473684210525,13.278445685613727,9.619751113004186,0.6893130147814048
3080,86,523.453488372093,84.52325581395348,13.51717107153632,8.236957615224277,0.7928860486267052
3081,60,523.7166666666667,436.93333333333334,9.590674165525483,7.949638157079844,0.5594078803010956
3082,75,522.44,129.37333333333333,12.116851173757489,8.05073122073811,0.7473555078402232
3083,50,523.54,318.48,8.48281606540515,7.547836219772147,0.4563905795878521
3084,36,524.5833333333334,150.77777777777777,7.568555483809809,6.113206104504149,0.5895785065436285
3085,75,523.96,162.94666666666666,16.39060346458723,6.151179314208779,0.9269086888486602
3086,56,524.3214285714286,289.64285714285717,9.250495450007826,7.811540863624694,0.5356412082121016
3087,47,524.6170212765958,325.78723404255317,9.397092140067452,6.380336418277919,0.7341667277798202
3088,12,522.9166666666666,337.3333333333333,4.364045181411538,3.5213000580812746,0.5907030891845737
3089,63,524.6666666666666,137.0,9.776363923475598,8.397496444238778,0.5120442553947473
3090,16,525.0,408.5,5.865300866195303,3.405619730534902,0.8141614619221464
3091,65,524.8153846153846,531.4615384615385,11.981106812243626,7.237153664464836,0.796948565660276
3092,13,525.3846153846154,259.38461538461536,4.318667337728677,3.6794648440311994,0.523556754446835
3093,39,525.9487179487179,94.17948717948718,8.755717312784757,5.89744744753677,0.739138118711282
3094,6,525.8333333333334,500.1666666666667,3.1269438398822857,2.309401076758503,0.674199862463242
3095,88,526.5454545454545,43.89772727272727,11.547771149893899,9.85778073269082,0.5208434022403114
3096,126,527.2698412698413,199.76190476190476,17.182237330312525,10.159064837854926,0.8064854774579789
3097,8,526.875,272.875,3.4641016151377544,2.7386127875258306,0.6123724356957945
3098,235,527.8936170212766,557.6127659574468,21.14727751416644,14.755295864453808,0.7163513513098206
3099,94,526.8723404255319,116.82978723404256,13.759027602106622,8.727978904622923,0.7730495672893015
3100,43,527.5348837209302,241.27906976744185,8.61646856064049,6.333942498544042,0.6779616557088389
3101,23,526.6086956521739,295.4782608695652,7.931943179171041,3.6140826072992716,0.8901659425434225
3102,123,527.0731707317074,178.82926829268294,21.153005917609974,7.650808693570845,0.9322988237778032
3103,23,527.2173913043479,307.9130434782609,5.733826014124253,5.0375140067593245,0.4776307722564946
3104,64,527.296875,388.078125,10.865952432763931,7.610733553929712,0.713730633625909
3105,47,527.5531914893617,426.8510638297872,8.305236651336735,7.168599621592135,0.5049610579323597
3106,58,527.1896551724138,469.2931034482759,9.802720025259104,7.621978200430306,0.6288371058819447
3107,62,527.4032258064516,478.1774193548387,10.449537276403017,7.718357311995883,0.6741094263008439
3108,39,527.7692307692307,301.64102564102564,7.866710423146979,6.374707216956253,0.585960479351714
3109,31,528.6451612903226,19.870967741935484,6.806632691665241,5.87244142228717,0.5056259524740906
3110,54,528.574074074074,26.296296296296298,8.835645745478143,7.793279485449559,0.47119857454067343
3111,51,528.7254901960785,34.627450980392155,9.61188243919797,6.758367967350687,0.7110649153259554
3112,36,528.3888888888889,397.1388888888889,7.345005687084099,6.163534948521058,0.5439056439097799
3113,24,528.3333333333334,403.625,5.8878405775518985,5.225471802196961,0.4608033675980933
3114,64,528.234375,523.609375,11.119813009378483,7.418183479562705,0.7449555998691512
3115,73,529.4109589041096,162.97260273972603,14.787154770051583,6.553977085558722,0.8964123891727159
3116,24,529.3333333333334,220.95833333333334,5.964572350907737,5.0942766364386545,0.5201266126331177
3117,30,528.9666666666667,277.5,7.416483273635086,5.129457223473701,0.7222526530801152
3118,67,529.0746268656717,505.04477611940297,10.59764919970673,8.338992479580876,0.6171163548527588
3119,64,530.28125,123.234375,11.890894523044055,7.050680548134404,0.8052408500715004
3120,86,529.6511627906976,338.7093023255814,11.755254207415796,9.376047502660333,0.6031803539361418
3121,39,530.0,363.0,7.414469567970387,6.65640235470275,0.4404881959216033
3122,65,529.8923076923077,534.9230769230769,12.139497442144723,7.01964686354293,0.815860654624478
3123,74,530.7162162162163,88.08108108108108,10.02598440912217,9.502743540782772,0.31883117642718134
3124,99,530.9494949494949,99.61616161616162,12.324053329205567,10.730038597903166,0.49188842918923487
3125,78,531.3076923076923,141.03846153846155,10.743230166703327,9.74381752416423,0.4211892017080782
3126,103,531.0485436893204,229.5242718446602,13.186661299881603,10.330780616270264,0.6214843803681044
3127,58,530.3965517241379,322.0689655172414,9.674841594598886,7.688669114173357,0.6069925861898959
3128,37,530.5405405405405,330.35135135135135,7.468964514867377,6.596241767292143,0.46908419987980227
3129,25,530.24,432.68,6.349803146555018,5.122499389946279,0.590936840285279
3130,46,531.0,148.80434782608697,8.074417056047436,7.2663614338039775,0.43604684655438725
3131,59,531.6610169491526,131.10169491525423,9.022079309164555,8.306915358143184,0.39019603420070914
3132,52,531.7115384615385,288.71153846153845,9.277603609022368,7.1812980503566575,0.6331285605244595
3133,43,532.4186046511628,484.9767441860465,7.691712314125429,7.072851665842221,0.3929920045009381
3134,26,532.0,510.1923076923077,5.892363356775149,5.744217127084807,0.22282733713747394
3135,23,532.6086956521739,540.0434782608696,6.193882567696608,4.665229164899033,0.6577921667504074
3136,36,533.1388888888889,203.38888888888889,7.581272328941268,6.308400337066526,0.5546209537938734
3137,153,533.8169934640523,181.2941176470588,22.910888693310916,9.577751587184224,0.9084269396915238
3138,48,533.7708333333334,477.5416666666667,9.063183524698934,6.781640571577816,0.6634027408088952
3139,33,533.5454545454545,527.6969696969697,7.342042919427963,5.740709577116773,0.6234096447782128
3140,58,534.1379310344828,37.672413793103445,11.062568828431376,7.008238666310614,0.7737351914217727
3141,27,533.925925925926,209.40740740740742,6.421500681256118,5.2654105708259085,0.5724125976557588
3142,37,534.0540540540541,240.21621621621622,7.848360698972891,6.228778599482757,0.6083867313918564
3143,57,533.7368421052631,246.91228070175438,9.483635722553018,7.808319685665849,0.5675388063976289
3144,24,534.3333333333334,307.875,6.081140986576509,4.932066489508719,0.5849866175853743
3145,175,535.16,346.08,19.09317883171573,12.114275255138674,0.772937768179199
3146,50,533.58,389.36,9.899549418163504,6.534747226736364,0.7511728836244921
3147,44,535.0454545454545,8.159090909090908,8.103457224495767,7.01203905826037,0.5012293002603262
3148,69,534.8260869565217,110.31884057971014,10.583334965475398,8.394179540734463,0.6090254234513098
3149,19,534.8421052631579,365.3157894736842,5.078879192343082,4.855815829335072,0.29310519088027426
3150,97,534.7628865979382,403.03092783505156,15.792210164061869,8.046289566201331,0.86046471363413
3151,137,535.0,465.26277372262774,17.013043958718193,10.445150541105694,0.7893452731637406
3152,56,535.6607142857143,18.464285714285715,9.522475446037461,7.466319760589466,0.6206681023980428
3153,125,535.616,48.992,13.45903475063013,11.884025562970253,0.4694152125797179
3154,64,535.671875,426.765625,10.604043070443112,7.71055821975215,0.6864957574698677
3155,23,536.4782608695652,225.65217391304347,7.031547361993568,4.07603391436928,0.814845578590997
3156,29,536.4827586206897,291.1034482758621,7.682379596435288,5.090040376765899,0.7490085028398799
3157,23,536.7826086956521,299.0869565217391,5.733826014124253,5.0375140067593245,0.4776307722564946
3158,54,536.5555555555555,515.7037037037037,8.851970074458444,7.85302875603686,0.46148041676463314
3159,59,537.4067796610169,92.32203389830508,11.303424127636747,7.17767475867696,0.7725121040023905
3160,37,537.0,136.45945945945945,7.622124257549193,6.267561778000155,0.5690752671337818
3161,39,537.0769230769231,153.43589743589743,7.6367262222576615,6.475356997164964,0.5301191584190774
3162,97,537.4123711340206,217.61855670103094,12.723975186117206,10.519501880114111,0.5625746474705668
3163,25,536.96,312.24,6.402487289320216,4.897035481808672,0.6441911507451396
3164,75,537.0,325.8933333333333,12.292668119980467,7.930632554483792,0.7640547217612436
3165,52,537.4423076923077,2.8846153846153846,10.503557845128928,6.600215644850373,0.7779073056352724
3166,51,537.3921568627451,125.94117647058823,8.707691306316779,7.541607453761861,0.4998954432277927
3167,74,538.2567567567568,370.5135135135135,11.118938868600393,8.533756827730521,0.6410520412188493
3168,67,538.2985074626865,418.089552238806,9.519318904338046,8.984657425049454,0.3304198301903183
3169,35,537.7428571428571,509.48571428571427,7.618724484522373,5.834095463908739,0.6431294125235572
3170,86,538.3139534883721,532.8139534883721,15.345674581735988,7.291782206585841,0.8798947849417452
3171,43,538.8604651162791,116.81395348837209,7.933291158504147,7.022381209528899,0.4652509841375733
3172,57,538.9298245614035,282.96491228070175,12.113977340912756,6.288006524526577,0.8547315169515142
3173,125,537.424,547.472,15.290596686773977,11.240493448350772,0.6779320420980416
3174,68,539.9117647058823,26.5,11.583791729956609,7.548862121538534,0.7584987124504907
3175,75,540.2133333333334,273.97333333333336,11.862063445366966,8.300515762842684,0.7143847617951874
3176,66,539.030303030303,489.04545454545456,9.831418493467279,8.891177421147152,0.4267627040127346
3177,73,538.6849315068494,144.75342465753425,13.327573314949257,7.205851628887094,0.8412332072259701
3178,55,539.7272727272727,233.5818181818182,10.32217503414887,6.991622501896242,0.7356700778676877
3179,22,539.9545454545455,411.09090909090907,6.005960538612905,4.606266840617432,0.641707776881674
3180,67,540.4626865671642,202.49253731343285,9.828352554531337,8.754087597445448,0.4545967737111464
3181,49,540.5510204081633,355.2448979591837,9.14042796720515,6.982653474570388,0.6452982998168244
3182,79,539.493670886076,556.9240506329114,13.991310433983374,7.48659019129641,0.8447959694505076
3183,68,540.8970588235294,179.91176470588235,12.18494685899878,7.174137335872798,0.8083002477298196
3184,81,541.0617283950618,361.641975308642,12.36700040966045,9.010679289467728,0.6849323212678939
3185,55,541.5272727272727,441.6181818181818,9.094914190211286,7.785293850298994,0.5169672095063854
3186,18,541.3888888888889,20.055555555555557,5.732547492943267,4.447457088021404,0.6309474155196088
3187,89,541.4269662921348,39.50561797752809,12.600814562458732,9.101730043490122,0.6915664637018657
3188,90,540.7666666666667,99.57777777777778,14.015248543577334,8.423803332387406,0.7992147386814923
3189,44,541.6590909090909,250.02272727272728,7.932141939026091,7.0281700211306966,0.46361482778971025
3190,28,541.7142857142857,308.14285714285717,6.910717551719273,5.2135168965452925,0.6564030872743748
3191,81,541.7037037037037,316.037037037037,11.671139561528614,9.066958772939875,0.6296609608751422
3192,29,541.7241379310345,9.586206896551724,6.278954609436001,5.818841337079276,0.37574928638644345
3193,14,542.2857142857143,109.5,4.20883424647321,4.120630029101703,0.2036532699906393
3194,57,541.1228070175439,171.12280701754386,9.911088280630139,7.461480012167832,0.6582016837217155
3195,25,542.12,208.44,7.374269390775276,4.220444402225297,0.8200301352030006
3196,25,542.4,291.04,6.013280646736604,5.212950782770064,0.49847115663273783
3197,97,541.9896907216495,384.659793814433,11.260602057019264,11.033451382594773,0.19984345212957783
3198,127,542.3307086614174,473.5748031496063,15.688277298053482,11.040688540896165,0.7104436994790191
3199,55,542.290909090909,482.9818181818182,10.030995994575308,7.285212829312836,0.6874094041823647
3200,42,543.0952380952381,597.0952380952381,10.1170161861838,5.257513513164058,0.8543668473150253
3201,21,542.8571428571429,148.1904761904762,5.316632771645399,4.992156306471802,0.3440002546706884
3202,23,543.0869565217391,195.2173913043478,5.733826014124253,5.0375140067593245,0.4776307722564946
3203,41,542.0,227.46341463414635,7.792666618783837,6.916523476301972,0.46067624313805283
3204,42,542.2142857142857,330.9047619047619,7.582922932386977,7.084552899005269,0.3565471824094343
3205,35,542.1714285714286,571.5142857142857,7.5513071793813955,6.008684589397907,0.6056718915551587
3206,35,543.3428571428572,153.74285714285713,7.332157120192668,6.158674198492342,0.5426577127290606
3207,44,543.2045454545455,259.0681818181818,9.367065840476394,5.9898173804319015,0.7688285003269292
3208,43,543.1162790697674,591.2325581395348,7.483344223147204,7.360279031809814,0.18061002574408216
3209,32,543.53125,2.4375,7.489182022738426,5.90203588859739,0.6155794457849697
3210,53,544.1698113207547,121.9245283018868,9.700367367439698,7.110408589987043,0.6802242712389452
3211,13,543.6923076923077,350.9230769230769,5.027797348006521,3.3564315165966745,0.744542610271342
3212,33,544.0909090909091,501.93939393939394,7.400647233808833,5.8109114887181645,0.619255391209095
3213,14,544.5714285714286,24.071428571428573,4.762642876551309,3.7811142097495236,0.6080340810939341
3214,42,544.9761904761905,137.14285714285714,9.55429364564301,5.806307377251864,0.7941536111631398
3215,83,545.0240963855422,495.2168674698795,11.468431866830823,9.290623552259731,0.5862860774648825
3216,179,545.3519553072625,537.8491620111732,19.140857919091065,13.21236088393548,0.723551838532498
3217,66,545.1363636363636,282.56060606060606,11.909924586145532,7.048134083333122,0.8060946530197597
3218,12,545.5,301.5,3.8297084310253524,3.8297084310253524,0.0
3219,38,545.1842105263158,408.2894736842105,9.383771455827594,5.287335207569619,0.8261465919176261
3220,66,545.2424242424242,516.2272727272727,10.423703595247705,8.113080124515786,0.6278555364028998
3221,49,545.4489795918367,559.7551020408164,10.909879352865604,5.901730753234684,0.8410528948974494
3222,82,545.9268292682926,417.9024390243902,13.285814231835122,8.026201985088353,0.7968947346344135
3223,45,546.3555555555556,19.044444444444444,8.37202527837919,6.8790652284443565,0.5699595193105012
3224,53,546.7735849056604,142.88679245283018,9.66870796832362,7.056394059066696,0.683641827103744
3225,49,546.6122448979592,234.16326530612244,8.975292325759257,7.036329553209499,0.6208029839067208
3226,28,546.3214285714286,374.0,6.507452556531642,5.451081150953975,0.5461806047563829
3227,32,546.96875,522.375,6.818611649613198,5.978370193602867,0.4809056431092729
3228,39,546.5128205128206,31.564102564102566,8.577906643154089,5.869727903022509,0.7292152135108477
3229,40,546.65,103.525,8.374671001512837,6.057630363138705,0.6905050594866494
3230,90,544.3333333333334,131.4111111111111,14.693991466337895,8.73588865483405,0.8040799750238764
3231,16,547.625,449.8125,4.928175409000944,4.230908547595703,0.5127897968540643
3232,40,547.6,553.975,8.874999884581806,5.98868742285594,0.7380173917587838
3233,70,547.4,93.77142857142857,10.676635433351144,8.558160368007561,0.5978896768272032
3234,50,547.48,169.68,10.864435850550425,6.260929136260415,0.8172541387411443
3235,82,548.1951219512196,179.79268292682926,12.210810696243284,8.858741660427048,0.6882395613165841
3236,61,548.0,322.3114754098361,10.774582022342951,7.287675192373703,0.7365559654511452
3237,96,548.0625,567.4895833333334,12.61020430766505,9.895378275125955,0.6198605672246861
3238,37,548.5405405405405,331.7027027027027,7.978849516476614,5.870695058207923,0.6772183005147582
3239,72,548.1944444444445,436.4861111111111,9.938791524012936,9.436993313301384,0.3137333051783378
3240,50,548.8,507.2,9.57645621831177,6.774325523530577,0.7068196699930983
3241,144,548.8888888888889,44.076388888888886,19.065203308275247,10.13817948686833,0.8468928894873161
3242,47,549.2553191489362,126.0,8.662883386634675,7.1098342749246655,0.5713252142259317
3243,99,548.7575757575758,366.80808080808083,12.1999026721993,10.395045809443872,0.5234445643681461
3244,88,549.1931818181819,393.8863636363636,11.705630270379627,9.917475442204328,0.5312106740310435
3245,75,548.6133333333333,53.61333333333334,11.598214961700503,8.479213061754676,0.6822926686983827
3246,44,550.1136363636364,160.88636363636363,7.6859250277305975,7.296616068759633,0.3142272133533102
3247,28,548.8214285714286,295.0357142857143,7.611488670689626,4.640541775597489,0.7926507463271865
3248,57,549.3333333333334,349.9824561403509,9.551317633195987,7.762266872156375,0.5826953321787937
3249,52,548.9038461538462,444.4423076923077,9.378036155557522,7.17938452274364,0.6433727317717056
3250,97,549.5257731958762,466.08247422680415,12.638481847893035,9.908074234975103,0.6208103390931055
3251,43,549.5116279069767,26.6046511627907,8.595170137505821,6.583388638006402,0.6429115020112424
3252,36,549.1388888888889,194.5,7.618678126258614,5.989100421213697,0.6180897302533216
3253,81,549.8024691358024,201.8395061728395,12.711298404768142,8.264384171732129,0.7597968936577545
3254,9,550.3333333333334,264.1111111111111,3.885753375057407,2.7954428906961324,0.6945875203623408
3255,51,549.9803921568628,269.45098039215685,9.301094607944481,7.125894624252452,0.6426796078025083
3256,125,550.96,117.224,18.87089862316419,8.678523443205066,0.887976281407234
3257,59,551.1525423728814,187.08474576271186,12.302172374866723,6.38057296982581,0.854984125395559
3258,41,550.0731707317074,275.4390243902439,7.904831386074629,6.692019367026035,0.5322721205690045
3259,63,550.7777777777778,340.3333333333333,10.209975796613223,7.911088319240894,0.6321585165615439
3260,83,550.566265060241,455.578313253012,11.391253535267957,9.431994740213147,0.5607233259900077
3261,129,551.5581395348837,5.3023255813953485,13.424319492864896,12.401856089775325,0.3827909452504052
3262,126,550.7301587301587,254.1904761904762,13.532920970547876,12.126459916259465,0.4439104783258626
3263,38,551.1842105263158,282.07894736842104,8.124454472253499,6.076966975138401,0.6637160621750007
3264,5,550.6,412.2,3.098386676965933,1.7888543819998317,0.816496580927726
3265,20,550.9,99.8,6.768652709609111,3.973076955799023,0.8096000198899194
3266,50,551.64,149.24,8.74142068654534,7.372405603385993,0.537305682730355
3267,40,552.175,237.575,7.797308638747283,6.679968412508922,0.5158119921593305
3268,20,551.85,405.3,5.556341125566584,4.574611819197062,0.567586589848995
3269,46,552.1739130434783,420.1521739130435,10.649358422307355,5.61033450731493,0.8499745755963046
3270,37,552.3243243243244,311.7027027027027,7.901940210821242,5.934555287138524,0.6602736763354621
3271,75,553.36,169.68,12.445862042125807,8.073114931365627,0.7610795454499989
3272,29,551.5862068965517,212.0344827586207,9.18880802038623,3.997449220182037,0.9004137470502687
3273,8,553.125,222.875,3.4641016151377544,2.7386127875258306,0.6123724356957945
3274,137,553.2481751824818,477.8905109489051,14.629644110931968,12.760879610424956,0.48903922501709807
3275,83,553.2168674698795,533.1204819277109,13.166489281894897,8.325950533230822,0.7746753199792085
3276,28,553.6428571428571,243.21428571428572,6.453260463056621,5.568526790852322,0.5053724966333766
3277,13,553.7692307692307,381.38461538461536,4.296689244236598,3.9041777047536983,0.4175631381707138
3278,34,553.3529411764706,430.11764705882354,7.243216815076969,5.972789840123666,0.5657095264523421
3279,58,553.7241379310345,520.0862068965517,9.489875444867586,7.890559694532454,0.555567609170985
3280,71,554.2535211267606,141.45070422535213,10.622895963474049,8.626984464830546,0.5835011683990593
3281,28,554.5357142857143,177.42857142857142,6.397417943748406,5.7668637163014065,0.43291210584315115
3282,49,555.4285714285714,196.9795918367347,8.896696839946037,7.104560120744486,0.6019131436400039
3283,105,554.9142857142857,327.0571428571429,13.155686660723498,10.299145512166541,0.6221897985450218
3284,25,554.44,442.4,6.510725718169367,4.926748483814448,0.6537476361664324
3285,111,554.1891891891892,500.9189189189189,12.669021398204837,11.312434879756685,0.4502134391392252
3286,57,554.1929824561404,552.2280701754386,9.788418841552705,7.484776733091778,0.6444382432058824
3287,65,554.3692307692307,588.0,12.054906509325074,6.924166456869586,0.8185847640184177
3288,38,554.2368421052631,33.23684210526316,8.058376248659261,6.070132268167623,0.6577115312062203
3289,10,555.0,162.5,4.381780460041329,2.6832815729997477,0.7905694150420949
3290,15,555.2,299.2,4.822171018673366,4.0,0.5585038992742907
3291,63,554.984126984127,491.7936507936508,9.762477016821704,8.281313899735652,0.5295479767592575
3292,53,555.7358490566038,347.41509433962267,9.336068685934386,7.339633326122767,0.6180244423081508
3293,94,555.1063829787234,562.3191489361702,13.211749319023692,9.224191798525494,0.7159213292414223
3294,42,555.6428571428571,448.0952380952381,8.635836493391935,6.339461173372479,0.6790546948286315
3295,22,556.0454545454545,385.8636363636364,5.627559105651694,4.972652484064487,0.46819513088513764
3296,138,556.6739130434783,98.1376811594203,18.554728651698404,9.710671136888687,0.8521160349857914
3297,13,557.1538461538462,130.23076923076923,4.706787243316417,3.508232077228117,0.6666666666666667
3298,56,555.9464285714286,155.83928571428572,9.989350147284052,7.351150539010949,0.6770915688247676
3299,26,558.3461538461538,202.42307692307693,7.727525344320055,4.238611261447821,0.8361451547667882
3300,37,556.918918918919,215.54054054054055,7.308223465086185,6.390365038756121,0.4851923460566055
3301,42,556.9761904761905,393.6190476190476,7.808917185600638,6.895425257802212,0.4693365147931575
3302,78,556.7435897435897,410.85897435897436,10.889378147902931,9.262552676193469,0.5258062380343029
3303,22,556.7727272727273,419.27272727272725,5.752469825293227,4.87869376909045,0.5298294826821934
3304,102,556.9607843137255,595.7156862745098,15.196676791152838,8.680489790884963,0.8208041383421034
3305,67,558.4626865671642,21.582089552238806,11.83223553685995,7.518299197855245,0.7721764371917241
3306,118,557.2033898305085,73.38983050847457,12.514550686409883,12.068495736619319,0.2646042226457711
3307,20,557.95,303.1,5.215361924162119,4.795831523312719,0.3929526239966882
3308,44,557.0454545454545,335.4318181818182,8.832889828719972,6.554656996981261,0.670318079741864
3309,27,557.4074074074074,340.9259259259259,6.421500681256116,5.2654105708259085,0.5724125976557585
3310,156,558.1410256410256,49.76923076923077,19.44673653847402,10.394170033198932,0.8451720725896188
3311,117,557.2905982905983,231.9145299145299,15.602378766805561,9.999331261333493,0.767636864370945
3312,60,557.9,265.56666666666666,9.314709660167393,8.338969131074087,0.44556950512367355
3313,112,557.75,289.3392857142857,12.955806804475213,11.232202640958842,0.498372842727646
3314,83,557.277108433735,401.3855421686747,11.481328681959383,9.441954002422069,0.5689462940055915
3315,7,559.4285714285714,121.28571428571429,4.155374705678736,1.9054711331003737,0.8886656215775005
3316,122,558.6147540983607,276.0983606557377,14.036457810438867,11.170330944739096,0.6055485119795174
3317,72,558.0555555555555,374.65277777777777,12.75186155085807,7.428957511239179,0.8127746015709394
3318,32,559.03125,482.25,7.602427806168378,5.356068189632939,0.7096833826344956
3319,124,558.0887096774194,465.7741935483871,18.549353416164507,8.865250346194793,0.8783991610784183
3320,40,559.225,453.95,7.764547828512109,6.577370068556876,0.5314290886657159
3321,62,559.741935483871,514.9354838709677,11.115786269309405,7.4801271980569695,0.7397077112838926
3322,35,559.8857142857142,353.6,7.711542824411046,5.888753126912647,0.6456559943763208
3323,43,559.9302325581396,424.27906976744185,7.584740067373161,7.18744649515111,0.31940187360735905
3324,96,560.40625,508.375,15.735729478119863,8.103262272572463,0.8572145508074793
3325,117,559.3675213675214,542.9059829059829,13.247814261747681,11.480404007709716,0.4990233500090562
3326,152,559.8092105263158,573.375,15.29962981391614,12.860976131636097,0.5416455004740768
3327,39,560.3076923076923,522.9487179487179,8.149228668631674,6.220921820202447,0.645954942542997
3328,94,561.436170212766,63.58510638297872,12.670781386422613,9.646629239762786,0.6483661344810524
3329,27,561.3333333333334,176.66666666666666,7.0972086322983605,4.807401700618652,0.7356469741582815
3330,57,561.1929824561404,552.4912280701755,9.212823303182406,8.08293248308471,0.47983869868349005
3331,33,561.060606060606,220.57575757575756,7.222769176061988,5.756349017042373,0.6040154796483689
3332,82,561.5243902439024,255.35365853658536,12.561636645380998,8.293367393955402,0.7510776108052105
3333,10,561.0,329.8,3.919183588453085,3.0983866769659336,0.6123724356957945
3334,31,561.258064516129,416.8709677419355,7.130066057331312,5.788577673594128,0.5838595194285561
3335,60,561.65,14.933333333333334,10.717061180573506,7.167995201407435,0.7434067214501315
3336,97,561.9587628865979,88.25773195876289,13.241395895702842,9.537130482425054,0.6937134106039253
3337,57,562.7017543859649,159.28070175438597,9.560347177985946,7.855274201533788,0.5699900955574407
3338,32,562.09375,358.65625,7.211967327498201,5.65298834839578,0.6209698669667681
3339,43,561.7209302325581,384.6744186046512,7.969035769245585,6.939523700493971,0.4916180115909754
3340,49,561.8367346938776,560.9183673469388,10.80815758868534,6.06408008803233,0.8277716752362316
3341,14,562.6428571428571,78.21428571428571,4.742873420478221,3.6860255520522984,0.629288982059086
3342,34,562.3235294117648,306.55882352941177,6.8194714099715,6.324555320336758,0.37400662077154806
3343,36,560.3611111111111,379.6388888888889,10.31243947643025,4.586535521975788,0.8956509945042507
3344,37,562.2972972972973,490.35135135135135,7.547926077700477,6.252914208895034,0.5600953939591388
3345,93,563.3118279569892,3.6559139784946235,14.703935647806544,8.762093023516575,0.8030577498563194
3346,159,562.6100628930818,113.27044025157232,15.566358281998236,13.448150928718524,0.5036221560009152
3347,69,563.4057971014493,347.5507246376812,10.023783812201389,8.910587764077643,0.458014876546713
3348,77,563.2077922077922,498.46753246753246,11.583218515835727,8.55413870531741,0.6742599219048514
3349,36,562.3888888888889,588.8611111111111,7.345005687084101,6.16353494852106,0.5439056439097798
3350,99,563.2828282828283,319.62626262626264,13.29732904309928,9.506490815915607,0.6992090019720769
3351,49,563.7551020408164,473.9795918367347,12.056130103232862,5.448253195041444,0.8920649039354586
3352,119,563.4033613445379,534.0504201680673,15.7257436071033,10.155428950758607,0.7635204044266365
3353,36,563.4722222222222,209.33333333333334,8.109835538479626,5.8496343355632545,0.6926214969167518
3354,49,564.1632653061224,369.55102040816325,8.047375361609609,7.8451973663969605,0.22274593526232564
3355,69,564.8550724637681,97.42028985507247,10.140862121821225,8.719491962545563,0.5105680563773191
3356,182,564.054945054945,142.73076923076923,18.449359070510074,12.86770835827447,0.7166227449996204
3357,35,564.0285714285715,449.6,8.512322559229133,5.360851797483079,0.7767772386937315
3358,27,564.1851851851852,465.25925925925924,6.72817083179805,5.156457706453502,0.6423658375719924
3359,26,565.1923076923077,20.846153846153847,6.593437007762377,5.130828879695446,0.6280510693310268
3360,72,564.9027777777778,397.09722222222223,12.218188047749475,7.671887390888495,0.7782882731305344
3361,65,564.8923076923077,458.2307692307692,9.889147733697751,8.368312997644413,0.5328467661834169
3362,58,565.8103448275862,229.58620689655172,9.08393642171903,8.134309928691668,0.44514016636102977
3363,50,564.94,296.04,8.588290081310298,7.594608184710198,0.466922858826402
3364,111,565.6846846846847,409.27927927927925,15.200856811264043,9.448089370454976,0.7833746597911116
3365,47,565.2765957446809,26.76595744680851,8.761643904746927,6.911685467081986,0.6145765957304633
3366,46,565.7826086956521,41.41304347826087,8.324531357108183,7.021631712075446,0.5371500168414011
3367,31,566.4193548387096,247.41935483870967,6.878668854054158,5.721351480824172,0.5551463090980266
3368,40,566.025,333.675,7.31634735686586,6.92611444849722,0.3222256889028982
3369,34,565.8529411764706,438.70588235294116,8.653410187868985,5.050350024808222,0.8120230210624748
3370,54,566.1481481481482,525.4444444444445,9.016962399287857,7.769679174010856,0.5074627759797926
3371,129,566.8604651162791,53.93798449612403,17.086446039853918,9.805377274857612,0.8189472927183445
3372,25,566.12,179.64,6.931792926680798,4.618034952403247,0.7457635274771623
3373,92,566.8260869565217,267.0869565217391,13.185450683334931,9.125683852637431,0.7217991964808942
3374,57,567.3859649122807,83.10526315789474,9.998133692354806,7.355821754394197,0.6772863809718997
3375,27,568.0,125.0,6.347936380926978,5.443310539518174,0.5144957554275266
3376,31,567.3548387096774,276.38709677419354,6.7241877121699485,5.873862537542208,0.4867482042101363
3377,23,568.0869565217391,31.565217391304348,7.0786221656291595,4.038906779267536,0.8212433457062593
3378,69,567.768115942029,151.84057971014494,11.288766923910662,7.999527035331298,0.7055831093778305
3379,49,567.734693877551,217.48979591836735,10.870945903962534,5.879814859608618,0.841103460376905
3380,47,567.3404255319149,445.6595744680851,9.702243532831844,6.667524083278812,0.7264544018446806
3381,41,568.4146341463414,568.5121951219512,9.083088902399693,5.9520836418337035,0.7553748863695837
3382,67,568.1194029850747,577.6567164179105,11.748034163234973,7.284511795651013,0.7845526624064031
3383,42,568.6190476190476,199.42857142857142,8.367107559237464,6.367123677659983,0.6487862491893489
3384,64,568.40625,286.546875,10.934087478910337,7.534583581959669,0.7246746186602943
3385,132,568.6060606060606,422.50757575757575,14.2395141708529,11.94789964666914,0.5440288317089162
3386,69,568.8115942028985,544.6666666666666,11.627190865046027,8.012604903194225,0.7246410969897271
3387,73,568.6027397260274,560.8767123287671,10.21731069388812,9.328992110833854,0.40783085989386547
3388,48,568.8541666666666,6.854166666666667,10.264506923804062,6.321340210400233,0.7878677190242691
3389,51,568.9411764705883,207.90196078431373,9.041740091972251,7.2327239395919,0.600098513232926
3390,42,568.9285714285714,241.8095238095238,7.481288665623518,7.100408962162514,0.3150079736229225
3391,53,568.6981132075472,492.35849056603774,10.065149014696921,6.7690373616622646,0.7400768404359086
3392,124,569.3145161290323,515.9274193548387,15.416780095694858,10.47936869644313,0.7334551643969345
3393,24,569.4583333333334,162.04166666666666,6.095588112429879,4.97877997184531,0.5769433197803512
3394,101,569.2970297029703,377.81188118811883,12.404769066864853,10.448615317771369,0.5389991393018873
3395,5,569.8,353.6,3.098386676965933,1.7888543819998317,0.816496580927726
3396,120,570.0583333333333,170.45,13.233986116849492,11.59743507625388,0.48169805292024487
3397,72,568.5,235.61111111111111,14.2267698362935,6.73806271571673,0.880730054086104
3398,20,570.7,366.9,5.4478633986980824,4.639049944668172,0.5242966935960685
3399,63,570.2063492063492,464.42857142857144,10.688495034978335,7.707519687130583,0.6928265254303269
3400,26,571.2307692307693,313.6923076923077,6.01330644810815,5.51328927038047,0.3992359635093797
3401,30,571.0666666666667,438.56666666666666,6.555585697230324,5.962276462116936,0.41571350910678523
3402,95,571.9052631578948,183.25263157894736,13.066943774817261,9.64450784811241,0.6747083539338519
3403,86,571.3372093023256,343.59302325581393,12.98226356064961,8.584233472960939,0.7501851816192117
3404,44,571.1136363636364,396.3863636363636,9.44726748906142,6.307967921935932,0.7444278569232231
3405,125,571.976,552.248,15.24452972551922,10.796436145680705,0.7059947482475343
3406,75,572.0533333333333,92.04,11.29534543217773,8.574228466165566,0.6509810777508409
3407,46,572.1086956521739,227.54347826086956,11.095714128519065,5.337783554171904,0.8766837507478735
3408,27,571.4074074074074,257.0740740740741,6.421500681256116,5.2654105708259085,0.5724125976557585
3409,58,572.0862068965517,531.3793103448276,10.152241537901393,7.326900987587604,0.69220307044668
3410,25,572.32,24.36,7.554136610795001,4.235920214716823,0.8279907159480056
3411,44,572.0454545454545,20.022727272727273,9.947331519615519,5.745369729165744,0.8163348002069004
3412,145,572.4275862068965,113.28275862068965,20.273092732154335,9.877732859119769,0.8732716505038516
3413,35,573.1714285714286,330.0,6.961116495013057,6.377511510081695,0.4008078096414061
3414,68,572.8088235294117,404.55882352941177,10.32050366269363,8.576301539297928,0.5562777715547539
3415,161,572.1987577639752,473.22360248447205,21.909968400643344,9.73241999350344,0.8959273811044901
3416,29,573.7931034482758,5.896551724137931,8.999885889295639,4.496097845308959,0.8662719296756254
3417,43,573.7674418604652,100.76744186046511,7.470873676376285,7.354134093414836,0.1760901812651246
3418,34,573.4705882352941,127.47058823529412,7.514691493021794,5.858776281406462,0.6262242910851494
3419,33,573.6060606060606,135.9090909090909,7.665865941424827,5.631177951059251,0.678524044057136
3420,39,573.4358974358975,412.9230769230769,7.6367262222576615,6.475356997164964,0.5301191584190774
3421,26,573.7307692307693,51.76923076923077,6.8545681954789695,4.922786788473657,0.6958614409419452
3422,23,573.6521739130435,524.9565217391304,6.6852666159233225,4.407742422237104,0.7518608145439601
3423,84,574.7380952380952,446.76190476190476,12.665489047518816,8.611171848895893,0.7333117335889244
3424,60,574.1666666666666,456.93333333333334,9.251467982651176,8.31232726800531,0.43899933984273476
3425,193,575.2176165803108,64.11398963730569,19.745215252988633,12.9390854451012,0.7553667083156338
3426,78,574.9615384615385,143.55128205128204,10.45155607877334,9.919250828816226,0.3150674483217804
3427,41,575.7560975609756,150.9268292682927,8.191157067584506,6.3832215207368534,0.6266733720479574
3428,75,574.64,268.26666666666665,11.854069688469748,8.330045260568815,0.711470396775333
3429,90,575.0777777777778,495.65555555555557,13.418673562583827,8.701834052094801,0.7612258124204004
3430,79,575.3291139240506,194.84810126582278,12.573597854723463,8.088427717737988,0.7656254163911952
3431,38,575.9473684210526,218.42105263157896,7.807409867865519,6.1691329674978315,0.6128956720128362
3432,12,575.5,363.5,3.8297084310253524,3.8297084310253524,0.0
3433,44,575.7272727272727,479.4318181818182,9.77198332647837,5.749961815116093,0.8085605522884656
3434,65,575.6923076923077,566.0923076923077,9.895861603798219,8.382538559665026,0.5314731149284786
3435,37,575.8648648648649,519.8378378378378,7.213720300148495,6.674324503885112,0.37941546949160265
3436,130,576.6153846153846,80.58461538461539,13.265993176079625,12.680439400722838,0.2938207414391751
3437,158,576.4810126582279,291.9746835443038,15.306534723458054,13.211916256925727,0.5049385740118223
3438,5,575.2,436.6,3.098386676965933,1.7888543819998317,0.816496580927726
3439,29,577.3448275862069,212.82758620689654,6.932582096724819,5.334579262896272,0.6386542260066143
3440,9,577.1111111111111,317.6666666666667,3.885753375057407,2.7954428906961324,0.6945875203623408
3441,32,576.90625,559.5625,7.277252709977355,5.686692183961362,0.6239879912437686
3442,17,577.1176470588235,572.4705882352941,5.487954724560282,3.880570000581328,0.7071067811865475
3443,18,577.0,16.333333333333332,5.333333333333333,4.216370213557839,0.6123724356957945
3444,50,577.92,131.96,8.676694641420587,7.469067552214481,0.5089104694699117
3445,90,577.6222222222223,158.44444444444446,12.660693441275324,9.118759776288275,0.6937231775360138
3446,61,577.4426229508197,354.3114754098361,10.695008937324785,7.315738899425775,0.7294510771603813
3447,39,577.7948717948718,528.5384615384615,7.869704570592142,6.503377350807728,0.5631108318965871
3448,35,577.9142857142857,278.3142857142857,7.266237858388312,6.077203273728994,0.5481779407945414
3449,49,577.6938775510204,346.44897959183675,9.238903733048652,6.836247969433939,0.6726712624895368
3450,77,577.6753246753246,371.06493506493507,10.187769561970113,9.713463089059475,0.3015715728701209
3451,45,578.9333333333333,89.24444444444444,8.757457415106987,6.730676143671056,0.6397715884300418
3452,46,578.5,3.0652173913043477,8.811635351470496,6.700427236738912,0.6494470984308394
3453,37,579.0,36.2972972972973,7.996420778879424,5.949776513128683,0.6681184191563546
3454,150,579.68,175.85333333333332,17.601814863412628,11.642746056509536,0.7499879814655925
3455,28,578.8214285714286,339.60714285714283,6.372167003623255,5.540903367404507,0.4938489054053847
3456,6,579.0,533.5,3.265986323710904,2.0,0.7905694150420949
3457,64,578.828125,539.359375,9.435430752963269,8.656418659355323,0.39787976280242926
3458,34,577.0,597.5882352941177,9.893551078413477,4.351351060919278,0.8980874600910819
3459,69,579.6086956521739,397.9855072463768,10.234211339189404,8.770609680816357,0.5153341906932732
3460,27,579.074074074074,8.62962962962963,7.179420891696686,4.817714584918325,0.7414166107226491
3461,62,579.0967741935484,105.46774193548387,12.206428634178149,6.843727548821876,0.8280421590794619
3462,30,579.8666666666667,382.1,7.136148987094561,5.400395033965402,0.653685855743415
3463,35,580.0857142857143,516.3142857142857,9.324974715029443,4.971751799096234,0.8460111663000104
3464,115,580.2086956521739,50.63478260869565,15.328511688037132,9.874719001846929,0.7648520420720291
3465,57,580.3859649122807,547.8421052631579,10.12796895368949,7.219108982463109,0.7013781159769992
3466,77,579.987012987013,422.84415584415586,13.10688640218916,7.847577052292577,0.8009457392006765
3467,94,580.7446808510638,441.75531914893617,14.701503362930856,8.34833400845476,0.8231280496679706
3468,27,581.0,497.2962962962963,7.224503524218594,4.841376038112275,0.7422413132692847
3469,77,581.4675324675325,115.8961038961039,11.379405797275368,8.63893716585061,0.650888945197885
3470,43,581.3953488372093,141.1860465116279,9.08807096273296,6.185411772822363,0.7326479742945035
3471,19,581.6315789473684,219.0,5.49275196357403,4.361920651150207,0.607757077802168
3472,14,581.5,270.2857142857143,4.20883424647321,4.120630029101703,0.2036532699906393
3473,23,581.5652173913044,318.0869565217391,6.684191903933675,4.511090109819482,0.7379189175020892
3474,84,582.7142857142857,404.95238095238096,14.745781356431873,7.526493206584298,0.8599271958341137
3475,46,581.6304347826087,523.7826086956521,8.667149292243808,6.841687620577577,0.6139029163547215
3476,55,581.5818181818182,28.545454545454547,10.50040003138343,6.693387325686946,0.7704990262296934
3477,37,581.7837837837837,151.6216216216216,8.23184880969463,5.742972624699435,0.7164359899488395
3478,107,583.2149532710281,196.97196261682242,13.176407565095037,10.785268490225702,0.574465556775775
3479,88,582.3068181818181,432.34090909090907,11.218954838689724,10.128550324023841,0.4300460711092157
3480,48,582.2291666666666,556.2291666666666,8.174953533880897,7.626024247928887,0.3602590414184958
3481,58,582.3103448275862,388.5689655172414,9.425975686519307,8.044020989343839,0.5212751226675737
3482,84,582.5595238095239,470.3333333333333,12.192053081957868,8.975911851960186,0.6767531169141895
3483,75,582.56,481.1333333333333,10.568476107210785,9.393185561540717,0.45830922252311446
3484,45,583.3111111111111,93.4888888888889,9.028364611685447,6.412159771269979,0.7039759221798872
3485,21,582.7142857142857,108.0952380952381,6.427926165279261,4.439223865089014,0.723222351793873
3486,72,582.4722222222222,210.97222222222223,12.901045227200447,7.556050307088978,0.8105330670444633
3487,59,582.8983050847457,323.49152542372883,10.052459372794095,7.4652926475117045,0.6696981034057989
3488,37,583.8648648648649,354.4594594594595,7.443746844130377,6.4892210715564245,0.48991874140292613
3489,74,584.0135135135135,570.8918918918919,12.514815279330888,7.665314503816172,0.7904711978459033
3490,31,584.6129032258065,487.9032258064516,7.337388464160677,5.459755708733747,0.66806750070794
3491,82,584.1585365853658,503.8536585365854,11.356362466232989,9.247040011032489,0.5804993202719196
3492,58,584.6896551724138,512.1206896551724,9.255867926452522,8.034602071668832,0.4964681104864692
3493,69,584.6521739130435,562.1739130434783,12.694605554106051,7.344016371653981,0.8156719322500945
3494,27,585.2962962962963,122.92592592592592,6.242947695539188,5.535725766644488,0.46231326416777213
3495,56,585.6785714285714,3.482142857142857,8.958114297083101,8.129823182277041,0.41997140887061873
3496,129,585.7441860465116,65.27131782945736,15.420284666710835,10.837311421408684,0.7113916307528801
3497,46,586.0869565217391,78.28260869565217,8.051139123497228,7.566938211665169,0.3415617693856241
3498,54,586.1851851851852,239.2962962962963,8.844713795574881,7.8009431572873815,0.47126938072391455
3499,95,586.2105263157895,256.0210526315789,12.979964745413984,9.51365049172631,0.6802837305756815
3500,74,586.1891891891892,308.72972972972974,10.343717019300094,9.172293388064844,0.4622488934702616
3501,7,586.5714285714286,348.85714285714283,4.505936460652527,1.964637859424637,0.8999413360911781
3502,40,586.15,396.45,8.685445632675977,5.9466826182191515,0.7288511956710426
3503,23,586.9565217391304,526.7391304347826,5.950825636033386,4.8979915018672076,0.5679288720450452
3504,79,586.7215189873418,544.7721518987341,12.317549444472352,8.306101546632794,0.7384295011165447
3505,68,586.6176470588235,85.54411764705883,9.89235847280046,9.01014796421027,0.4128059657699096
3506,24,586.875,160.04166666666666,6.102128171243438,5.521435864332704,0.42575657842442277
3507,32,586.75,217.90625,7.099532936860595,5.740732277195269,0.5883490997041103
3508,28,586.9285714285714,316.7142857142857,6.776315762473821,5.194179807334581,0.6422207453194425
3509,59,587.2372881355932,382.3728813559322,10.871755577173547,6.960036199351287,0.7682130102110544
3510,27,586.7407407407408,536.5555555555555,6.481029573175071,5.275830749972669,0.5808059083048841
3511,93,586.1827956989247,138.4516129032258,14.431914672705261,10.026170440746665,0.7192782270635731
3512,59,587.5084745762712,166.27118644067798,9.64213458983162,7.82134591902626,0.5848196867898204
3513,45,587.3111111111111,267.8888888888889,8.570262875074533,6.733331623048603,0.6186557205076318
3514,48,588.375,409.3958333333333,8.564445270049944,7.318469747053774,0.5194223383881945
3515,22,587.9090909090909,417.09090909090907,5.502816709244202,4.972652484064489,0.4282593998234223
3516,93,588.3333333333334,495.741935483871,12.935298764765571,9.23680585183319,0.7000666530260797
3517,50,587.38,518.94,9.637188910877601,6.796807331097285,0.7089401343114536
3518,87,588.6896551724138,107.24137931034483,12.44013734730567,9.006362430572329,0.6898250289019423
3519,81,588.2098765432099,425.7654320987654,12.228159344063265,8.467692108960032,0.7214420706056892
3520,69,588.9565217391304,96.6231884057971,11.138935760089048,7.912495181160159,0.7038529524409088
3521,100,591.04,151.72,15.346769905873638,8.653129691399021,0.8258837350893942
3522,192,588.828125,297.0625,17.10687530074391,14.401492788184541,0.539705202864498
3523,31,589.1290322580645,20.193548387096776,8.036547509883148,4.935037072402836,0.7892482415598405
3524,70,589.2714285714286,478.6714285714286,13.145034168815492,7.396076950092771,0.8266939989404374
3525,174,591.1436781609195,56.55747126436781,22.76709759705015,10.136438704582462,0.8954196528333219
3526,24,590.7916666666666,522.375,7.231523537220311,4.253699121884096,0.8087037345436656
3527,162,590.8827160493827,177.22222222222223,14.925993872001351,13.945468798620624,0.35646794794511977
3528,18,590.7777777777778,539.0555555555555,5.033222956847167,4.575835618216445,0.41652044217833617
3529,95,590.7263157894737,573.021052631579,14.426440560120911,8.812590214193774,0.7917357041357919
3530,42,591.1904761904761,113.88095238095238,11.097335065440383,5.223025315620717,0.8823168936086963
3531,88,591.1136363636364,451.875,12.120213741411426,9.366681182957112,0.6346315507996978
3532,42,591.9047619047619,7.428571428571429,7.583252397545674,7.1167744158751916,0.34531792853741405
3533,9,592.0,347.0,3.265986323710904,3.265986323710904,0.0
3534,22,592.1818181818181,502.8181818181818,5.862690723160744,4.769992078265299,0.5813994906676944
3535,80,592.4375,75.9375,14.161158189634898,7.398418664021145,0.8526733165114849
3536,18,591.7222222222222,234.16666666666666,5.550914494236674,4.157657238129662,0.6625654585447002
3537,58,592.1896551724138,373.51724137931035,10.188434210757793,7.260784738275956,0.7015200520832988
3538,29,593.0344827586207,379.7241379310345,7.098710923523671,5.429100149410703,0.6442667611957588
3539,191,592.4816753926701,438.9319371727749,16.314922892877217,15.017801885787499,0.39075478314302703
3540,31,592.6129032258065,30.161290322580644,7.118669186069698,5.535327053154023,0.6287853631157243
3541,7,593.0,34.714285714285715,3.0237157840738176,2.799416848895061,0.377964473009227
3542,38,593.0526315789474,87.8157894736842,7.6160489828848155,6.483835224613522,0.5246168778273462
3543,74,593.4594594594595,124.64864864864865,14.39522463063393,6.972365792975026,0.8748728309564169
3544,89,593.3370786516854,198.02247191011236,11.90376969917351,9.60933938529107,0.590207208685968
3545,113,593.858407079646,509.7787610619469,14.790525793234947,10.056220643822707,0.7332959296125515
3546,28,593.1785714285714,543.7142857142857,6.232344876179211,5.84796491703681,0.34575456778661107
3547,22,593.5909090909091,100.4090909090909,5.502816709244201,5.187397315522584,0.3336970359328848
3548,45,593.4888888888889,141.22222222222223,8.580442729557356,6.797508809966812,0.6102491324901329
3549,59,593.5593220338983,389.03389830508473,9.960853852110299,7.593145059761275,0.6472254839442972
3550,167,593.8203592814372,468.8922155688623,17.60671848877009,12.206140850813947,0.7206817127582724
3551,79,593.8227848101266,562.1518987341772,12.099206893306334,8.47801733165446,0.7134476664393536
3552,103,594.495145631068,159.81553398058253,12.33222659033487,10.980676226184977,0.45516912754798583
3553,73,594.1643835616438,207.95890410958904,10.498813346981676,8.858116616752582,0.536774876841411
3554,40,594.475,336.6,8.052882898023924,6.3072241937887235,0.6217375889384753
3555,121,594.0661157024794,488.5123966942149,13.696790929648309,11.641826762732858,0.5268351699773719
3556,39,594.0,529.5897435897435,7.358929688062399,6.700505834281467,0.41344911529736145
3557,31,594.8064516129032,14.129032258064516,7.289326892588814,5.441769183866963,0.6653412921552375
3558,84,595.1428571428571,580.9404761904761,11.070783718205734,9.773981705848072,0.4696312389453001
3559,113,594.8230088495575,224.26548672566372,14.278935840844277,10.114645569726742,0.7058500316533174
3560,127,594.7165354330708,257.53543307086613,16.852401116469014,10.146074240913368,0.7984545335627569
3561,46,595.695652173913,132.3913043478261,8.044509938965248,7.475001799490139,0.3695637812420562
3562,57,595.719298245614,409.0701754385965,9.66481420462047,7.8308398499268135,0.5860952625496748
3563,119,594.218487394958,399.5378151260504,13.371049464133732,11.444780053291051,0.5170796153755208
3564,29,596.4827586206897,96.58620689655173,7.468473627985849,4.880817277089639,0.7569068904985224
3565,15,596.4,415.4,4.618802153517006,4.026578365477733,0.4898979485566357
3566,14,596.2142857142857,596.3571428571429,4.742873420478221,3.686025552052299,0.6292889820590859
3567,88,596.4659090909091,116.70454545454545,16.216437939471003,7.3591647518275956,0.8910990026629177
3568,42,596.8571428571429,516.7619047619048,9.24589942179146,6.183216375301313,0.7434852922866034
3569,47,596.9574468085107,549.2765957446809,10.537117027151869,5.810220500660174,0.8342375983010563
3570,58,597.3448275862069,52.39655172413793,14.745339255225804,5.167992360695905,0.9365690522220144
3571,42,597.2619047619048,270.4047619047619,10.695947016992584,5.011585755637098,0.8834369907936147
3572,60,597.2666666666667,452.68333333333334,15.832926544724925,4.970869958111555,0.9494369555869159
3573,23,597.3478260869565,534.0434782608696,6.214086039314813,4.9106835914090565,0.6127841411766677
3574,35,597.2285714285714,568.4285714285714,8.415319527025481,5.401771186559202,0.7667905906756584
3575,24,597.2916666666666,4.5,6.345581823718532,4.799911131890732,0.6540887482653511
3576,10,598.5,62.0,5.656854249492381,2.0,0.9354143466934853
3577,15,598.0,69.0,5.656854249492381,3.265986323710904,0.816496580927726
3578,67,597.2686567164179,80.07462686567165,17.487785314459284,5.198363918434853,0.954797552932998
3579,28,597.4285714285714,146.0,7.406560798180411,4.948716593053935,0.7440238091428449
3580,40,597.65,191.75,11.993688097105874,4.515688854354435,0.9264144057228576
3581,16,597.625,300.75,4.837183752516743,4.165531580049303,0.5083541641390434
3582,21,598.2380952380952,313.6666666666667,9.806529171109826,2.7953255671930046,0.9585134240972818
3583,32,597.40625,383.8125,8.688706755395362,4.775274852691415,0.8354308441798207
3584,33,597.4848484848485,478.8181818181818,9.200917400601835,4.950504011699736,0.8429163647548256
3585,42,596.9285714285714,499.3095238095238,9.092259861742285,6.008098743849606,0.7505684756199541
3586,26,597.3846153846154,523.6153846153846,7.110311501722097,4.716800194654116,0.7482874533035639
3587,25,597.48,540.04,7.091707015969891,4.568992405295003,0.7647959448754235
3588,13,597.7692307692307,574.3846153846154,4.296689244236598,3.9041777047536983,0.4175631381707138
3589,8,598.5,15.5,4.47213595499958,2.0,0.8944271909999159
3590,11,598.5454545454545,178.72727272727272,6.410747983365108,1.9649396885733192,0.9518683762700559
3591,6,598.3333333333334,248.83333333333334,3.0550504633038935,2.6666666666666665,0.487950036474267
