Object,area,centroid-0,centroid-1,axis_major_length,axis_minor_length,eccentricity
1,15,0.7333333333333333,134.26666666666668,7.363895509260306,2.738154008294703,0.928298842340985
2,37,1.1081081081081081,223.2972972972973,12.958099582006987,3.777601126412139,0.9565634180601584
3,12,0.8333333333333334,464.8333333333333,4.854930889924544,3.1949059190896785,0.7529528759900531
4,12,0.75,540.0833333333334,5.294328785763617,2.862220279862641,0.8412668804818468
5,21,1.0476190476190477,555.2380952380952,7.736212592003456,3.514336525802265,0.8908635798015979
6,23,1.434782608695652,128.6086956521739,6.667281608803803,4.352291467154875,0.7575445159811209
7,31,1.5483870967741935,300.6774193548387,8.293499697073555,4.934995350736376,0.80369329241267
8,13,0.7692307692307693,366.38461538461536,5.577731984746022,3.1587439438471296,0.8241900378028242
9,48,1.8958333333333333,154.70833333333334,11.254965280465958,5.488566993908055,0.8730350908858855
10,35,1.7714285714285714,198.97142857142856,8.636807150560369,5.322406525587944,0.7875529384013623
11,34,2.088235294117647,511.0,7.062744009319357,6.38878775641669,0.4263126884389957
12,32,1.84375,57.09375,7.5148833462590074,5.476794527104246,0.6847340610348954
13,64,1.90625,326.796875,14.869941993616527,5.552841061698037,0.9276594813285449
14,19,1.5789473684210527,388.1578947368421,6.169170661855025,3.8893352790386007,0.7762322790298583
15,75,2.7066666666666666,443.84,15.01580241876782,6.892945665152801,0.8884124438252816
16,40,2.125,564.05,8.489539342378915,6.2640020557308675,0.674965308787407
17,27,2.4444444444444446,63.407407407407405,6.435808454486937,5.293717242116964,0.5687056075990726
18,55,2.2545454545454544,95.52727272727273,11.560386456120451,6.260972690783246,0.8406437210210458
19,44,2.159090909090909,176.88636363636363,9.193612376040946,6.263350349039183,0.732030404180474
20,17,2.1176470588235294,245.58823529411765,5.181899763382574,4.041201040002321,0.625943231252129
21,50,2.44,356.46,10.004287312064204,6.6926105054508565,0.7432855882265454
22,67,2.6865671641791047,428.6119402985075,11.945714667518796,7.260964024491639,0.794067165166539
23,58,2.5517241379310347,498.7241379310345,10.8704466846246,7.116315768243925,0.7559338898569227
24,50,2.42,579.62,9.66530814745303,6.928854047732428,0.6971978586786337
25,40,2.975,17.975,9.201289699147386,6.141357168604039,0.7446588674134673
26,77,3.2337662337662336,186.83116883116884,11.187479251397832,9.255578982726947,0.5617370141129158
27,78,2.8205128205128207,210.97435897435898,13.754551086626204,7.234475564955138,0.8505033760920899
28,67,2.8507462686567164,339.95522388059703,12.289185114153728,7.52246129900603,0.7907645521437748
29,126,3.253968253968254,400.5952380952381,18.756363716262562,8.698081287114862,0.8859711938809406
30,53,3.0754716981132075,453.0188679245283,9.41733856752044,7.511620987631753,0.6031373445834831
31,89,3.056179775280899,472.4269662921348,14.440254108063723,8.029122951232244,0.8311664626856494
32,46,3.0,522.2391304347826,8.653037298541175,7.055156204077304,0.5789842831460247
33,93,3.10752688172043,107.48387096774194,15.281121047303296,8.529349191192985,0.8297316371282445
34,53,3.150943396226415,413.41509433962267,10.445337595785457,6.64461326837153,0.7715802655839211
35,89,3.2808988764044944,531.8089887640449,13.033247268779673,9.022850414367012,0.721614712091839
36,118,4.211864406779661,589.2118644067797,16.818601998403786,9.382816262221727,0.8299194447354474
37,51,3.7254901960784315,23.764705882352942,9.509310760266748,6.884989050401764,0.6897725906254161
38,76,3.486842105263158,120.15789473684211,10.917591414406624,9.232910750211504,0.533672587376709
39,81,3.9382716049382718,145.28395061728395,10.902528416513308,9.971869511268624,0.40427326360793286
40,22,3.6818181818181817,193.72727272727272,6.107778821811488,4.658680320288245,0.6466988672278723
41,135,4.192592592592592,254.78518518518518,16.05086124991229,11.005768716577034,0.7279022781474658
42,80,3.175,291.525,12.108950261129305,9.103478652333763,0.6593940432644994
43,42,4.0,505.5,9.334492434650791,5.84812656504461,0.779415645832139
44,82,4.475609756097561,11.926829268292684,13.411739774440925,7.977456416717111,0.803865247347066
45,71,4.563380281690141,39.67605633802817,12.175429096190777,7.613099460511507,0.780397384789182
46,113,5.787610619469026,80.65486725663717,17.297895253034287,9.149466005559669,0.8486622028885531
47,94,5.202127659574468,348.9255319148936,13.000129132475681,9.468816212952632,0.6851912042656167
48,67,4.432835820895522,460.04477611940297,10.453294742974263,8.318145126795638,0.605633310251034
49,92,5.173913043478261,570.1521739130435,14.297921880802999,8.336521831199244,0.8124303260194427
50,70,4.928571428571429,51.114285714285714,11.697876268913912,7.7541099688762225,0.7487391450306792
51,94,5.074468085106383,283.0744680851064,13.916839991685139,8.704086974522243,0.7802758024249039
52,39,4.769230769230769,384.0769230769231,8.389204571278496,5.875428064853118,0.7137939168615876
53,137,5.094890510948905,484.7883211678832,14.4981194391171,12.144286085313736,0.5462140916437824
54,80,5.1875,3.275,11.76915395339633,9.050663800034533,0.63922992808788
55,112,5.526785714285714,31.491071428571427,13.274780485140779,11.150734349840523,0.5425958750212735
56,83,5.674698795180723,136.89156626506025,11.250650222087113,9.853110081353616,0.48270794302634307
57,71,5.661971830985915,170.54929577464787,12.469973418153817,7.467223958794531,0.8008863713080036
58,118,5.52542372881356,267.14406779661016,12.809713455547167,11.885441771549798,0.37296346354200915
59,118,5.779661016949152,71.44915254237289,13.274859318382946,11.561652943309479,0.49138310241588606
60,54,6.12962962962963,437.6666666666667,10.781800074482463,6.480929271205007,0.7991745673198529
61,61,5.311475409836065,516.5901639344262,10.966094532907155,7.303500240560944,0.7459451233471626
62,12,5.666666666666667,538.5,4.464216783173839,3.409739589526534,0.645460725553083
63,25,5.68,559.8,6.914286613571402,4.57758021506858,0.7494626391669681
64,70,7.185714285714286,332.64285714285717,11.565618911739302,7.847717073776989,0.7345648905501937
65,42,7.166666666666667,113.04761904761905,7.470577207252718,7.124420651148588,0.3008736398893019
66,64,6.265625,45.59375,15.315644506844096,5.950756430066369,0.9214314195811659
67,50,8.26,197.74,8.370145770741622,7.679678364133236,0.39771659148827115
68,24,7.875,207.95833333333334,7.393138534796441,4.289179194305537,0.8145048497040452
69,78,6.653846153846154,276.3076923076923,15.470729362383654,7.182169219124035,0.8857081644766803
70,131,6.473282442748092,377.3358778625954,19.780872135358656,9.061278065022925,0.8889095075671409
71,24,7.708333333333333,510.0,6.141458070008828,5.1885818547279685,0.5350107055684983
72,43,8.372093023255815,576.4883720930233,11.136868438266328,5.228206376833599,0.8829588911160143
73,42,8.380952380952381,86.61904761904762,7.5292325242104265,7.2768386647211685,0.2567489045740994
74,72,8.569444444444445,179.45833333333334,10.657211107058956,8.774142682601017,0.5675982024237127
75,85,9.094117647058823,297.22352941176473,12.338967379507316,9.377532687310238,0.6499308928504637
76,46,8.630434782608695,358.3695652173913,7.946423598261731,7.410710101515866,0.3609521761757598
77,69,8.057971014492754,369.17391304347825,9.700965652766786,9.235561283751805,0.30602043350242214
78,97,8.030927835051546,416.64948453608247,16.30634422034566,8.253608678922143,0.8624399729702772
79,31,8.258064516129032,527.258064516129,7.598674510624751,5.180609006421866,0.7315591414187305
80,79,10.025316455696203,152.74683544303798,12.858516321417344,8.056920366930362,0.7793551577539842
81,40,9.5,213.85,7.72269383052313,6.6332495807108005,0.5120938461947475
82,85,9.541176470588235,496.4470588235294,11.342708974252835,9.975283200226055,0.47600141161691084
83,101,10.326732673267326,429.8514851485148,17.203075846099548,7.726330132482234,0.8934689712653591
84,36,9.75,464.6388888888889,7.585761316301761,6.239019238195126,0.5688164719420395
85,41,9.951219512195122,191.73170731707316,9.030548938258521,5.958466272246691,0.7514305515948215
86,55,10.636363636363637,341.1090909090909,9.236287399441636,7.7191242620155,0.5491270937526158
87,94,9.372340425531915,61.829787234042556,14.880547936414873,8.275462605922854,0.8310978567961931
88,44,11.113636363636363,205.0681818181818,10.086853960320717,5.63848980364485,0.8291717693749343
89,33,11.727272727272727,6.7272727272727275,7.933465116334882,5.450712704678571,0.7266071025107924
90,94,11.648936170212766,95.84042553191489,12.20800785800588,9.990957387401158,0.5746578655089494
91,23,11.608695652173912,147.04347826086956,6.022986689186563,4.8838689340851404,0.5852240823811456
92,120,10.783333333333333,159.76666666666668,19.67099004723767,8.227794054661379,0.9083225321085745
93,86,10.63953488372093,223.8372093023256,13.540554340313284,8.713085299515532,0.7654623419086073
94,61,11.655737704918034,232.68852459016392,9.396064500360291,8.293975327250566,0.4699230889299239
95,26,11.73076923076923,489.9230769230769,6.264943593794257,5.388367603942343,0.510155170148737
96,154,11.746753246753247,447.56493506493507,18.352650411405662,11.105555746223352,0.7961342790408895
97,119,11.672268907563025,473.672268907563,14.80230915430049,10.415364054038035,0.7105655296769557
98,41,12.365853658536585,513.560975609756,7.822407857145373,6.922856180508616,0.4655848921672127
99,45,11.8,586.8666666666667,10.984165110412464,5.5639020225096,0.862217370382414
100,70,12.542857142857143,23.042857142857144,10.49741630533269,8.660405201806332,0.5651276170751184
101,41,12.609756097560975,186.73170731707316,8.165029475983898,6.40027074253812,0.6209328455298713
102,40,12.7,12.075,8.304495934347644,6.411345200221517,0.6355824044847677
103,23,13.434782608695652,88.82608695652173,5.656854249492381,5.337742348947063,0.33112056982017035
104,34,13.058823529411764,102.79411764705883,8.340861979923467,5.470991823762254,0.7548248260951453
105,104,13.39423076923077,523.0961538461538,14.223591535976514,9.913909302785209,0.7170666157013883
106,91,13.021978021978022,541.0769230769231,12.464693559852632,9.4393029371338,0.6530866449398183
107,93,13.612903225806452,138.5268817204301,14.292665389947533,8.797537889922552,0.7881149003942644
108,90,13.411111111111111,166.11111111111111,14.957171936474888,8.11330535060223,0.8400972655204625
109,37,14.405405405405405,70.62162162162163,7.63222188028849,6.2008411487771955,0.5830231153413248
110,27,14.0,83.29629629629629,6.051726877000932,5.751786591496003,0.3109164717692307
111,163,13.503067484662576,243.98159509202455,16.60974141554551,12.692222610683311,0.6450465236594267
112,42,14.0,351.5,8.002767199492453,6.658578641998613,0.5547238426657009
113,23,13.826086956521738,419.5652173913044,7.450234997526362,4.184164312716586,0.8273986364752084
114,68,13.191176470588236,506.8529411764706,13.284736807972676,6.633003603272606,0.8664320125733412
115,39,14.205128205128204,336.2307692307692,8.973297670280303,5.547533636356957,0.785999714011965
116,82,14.75609756097561,459.5853658536585,11.41928819278327,9.315328654935296,0.5783991758070507
117,105,14.352380952380953,577.2285714285714,15.141081164623408,9.13815833799553,0.7973372100109326
118,111,14.252252252252251,592.8108108108108,15.205301934196847,10.044984161980798,0.7507171309372495
119,37,14.783783783783784,1.6486486486486487,9.49727420536987,5.098778873310215,0.8436665056879556
120,95,17.94736842105263,215.44210526315788,13.808565704682838,9.23176922593675,0.7436637693430287
121,109,15.311926605504587,289.39449541284404,14.470907694564325,9.759266406559227,0.7383607520148044
122,14,15.428571428571429,28.357142857142858,4.736736307736685,3.8560927893333488,0.5807496412612704
123,91,16.34065934065934,35.40659340659341,11.720161791094197,9.932945603567413,0.5307806142325754
124,80,15.0125,52.8125,14.341093964629406,7.574168198401068,0.8491545869591577
125,125,15.672,326.56,13.440404465623367,11.87167148300742,0.46884151220299497
126,105,16.78095238095238,374.0952380952381,13.054373734974822,10.376898174792077,0.6067428225906605
127,148,15.027027027027026,386.8716216216216,17.87057533732852,10.887116963798452,0.7930010383480324
128,119,16.03361344537815,396.7563025210084,15.080600002895999,10.334432140371563,0.7282797893162667
129,80,15.4375,177.6,13.845370709261257,7.955074476278048,0.8184584957448499
130,39,16.384615384615383,502.53846153846155,9.333537639178454,5.456793369343549,0.8112902196404961
131,144,17.03472222222222,256.22222222222223,17.69359485155222,10.985574322921565,0.7839067352048288
132,125,16.528,267.168,14.829396006622943,10.913885013081066,0.6770218883742751
133,7,16.714285714285715,280.0,3.0237157840738176,2.7994168488950604,0.3779644730092273
134,21,16.333333333333332,297.85714285714283,5.5692312854981045,4.822894035696703,0.5000627357089005
135,81,16.814814814814813,487.679012345679,12.47350467353916,8.97965523909462,0.6940795257550355
136,39,17.82051282051282,469.4871794871795,11.05223081164023,4.7821099333143655,0.9015462347632298
137,48,18.0625,496.75,8.569814242427496,7.382125970903426,0.5079097879271595
138,79,18.354430379746834,17.60759493670886,11.29112357236637,9.08393632117906,0.5939253688528447
139,101,18.485148514851485,59.64356435643565,12.702275953087993,10.43898224451689,0.5697474612396137
140,31,18.0,224.0,7.52452088095832,5.578845848013117,0.6710389809690618
141,28,17.785714285714285,534.5,6.0,5.8901508937395155,0.1904761904761901
142,46,18.17391304347826,7.282608695652174,9.030270510373573,6.65917214657493,0.6754260137880945
143,40,18.2,148.4,8.533685761489608,6.259089975719276,0.6797360524978044
144,122,18.139344262295083,204.62295081967213,16.67832768542524,9.651409142540407,0.8155549281442215
145,64,19.5,230.71875,12.108795513483216,6.900104797222194,0.821754018749873
146,24,18.958333333333332,597.3333333333334,6.809439783974742,4.671827722943823,0.7275250974586314
147,97,18.917525773195877,193.84536082474227,11.8989122621171,10.541362288875087,0.46385766084705193
148,154,18.7012987012987,363.9805194805195,16.801982205460234,11.763912308135696,0.7139955218455699
149,36,19.38888888888889,172.38888888888889,8.643844595011878,5.374838498865699,0.7831672607820583
150,56,20.0,551.6964285714286,9.277274226049126,7.793805708668939,0.5424369569326971
151,15,19.533333333333335,102.26666666666667,5.202077201401587,3.766010785314122,0.6898591042223657
152,53,20.132075471698112,142.16981132075472,9.235348070219008,7.513882819258367,0.5814244581534838
153,42,19.928571428571427,186.02380952380952,8.39679348631911,6.434528436510568,0.6424736093355448
154,132,19.03030303030303,433.5984848484849,16.630958447401063,10.512567135058895,0.7748800404196842
155,36,19.86111111111111,443.3888888888889,7.3450056870841,6.163534948521058,0.54390564390978
156,117,21.068376068376068,479.45299145299145,13.521365307169097,11.888482790503312,0.47638486759931803
157,13,20.076923076923077,507.15384615384613,4.748377429419916,3.5597537413447733,0.6618028466539135
158,136,20.50735294117647,420.1764705882353,15.822131810381382,11.177017308261346,0.7077962420581254
159,93,21.204301075268816,95.56989247311827,12.518386983206339,9.683481377884178,0.6337466696566186
160,44,20.431818181818183,120.6590909090909,8.150048996678196,6.980954529656611,0.5160579218429154
161,48,20.875,575.9583333333334,11.599202495190125,5.277062664443554,0.8905167415016748
162,46,21.52173913043478,249.7608695652174,8.669175363428378,6.9226370151860745,0.6019488302367749
163,142,21.570422535211268,344.5211267605634,16.39525681144382,11.415793048089087,0.717764138908778
164,100,21.88,354.77,13.224150350367003,9.954147251818625,0.6583351917681083
165,27,21.037037037037038,456.3333333333333,7.081240777727064,5.0093253471215995,0.7068055794358326
166,53,21.660377358490567,26.452830188679247,8.665976007797383,7.8139298183259,0.4324057393476319
167,109,21.24770642201835,76.72477064220183,14.937153595824128,9.677818183068363,0.7617233323434546
168,48,20.895833333333332,107.66666666666667,8.63483456603933,7.426635159674274,0.5101617918343108
169,38,22.05263157894737,179.76315789473685,8.561530212544712,5.9000850624193415,0.7246290962084484
170,82,23.170731707317074,468.3414634146341,16.6670761985263,6.876864101331903,0.9109115384218603
171,100,22.18,542.25,12.929071378457305,10.109436843403104,0.6233848661037605
172,71,22.802816901408452,153.22535211267606,11.104023793527304,8.418530359312888,0.6520786512282837
173,132,24.083333333333332,274.1287878787879,16.614572173047122,10.476703560459862,0.7761298012490989
174,110,23.445454545454545,335.09090909090907,14.007929763471774,10.355405963421303,0.6734276542157527
175,45,23.533333333333335,2.2888888888888888,9.061574135075684,6.408441394606619,0.7070029345883607
176,65,23.723076923076924,10.753846153846155,10.327005416872048,8.299372647304752,0.5950924669751982
177,48,23.0625,113.8125,9.72908276973491,6.484850175060377,0.7454667541066732
178,35,23.428571428571427,222.2,8.060567140364729,5.577241676905454,0.7219772619537905
179,27,23.77777777777778,387.1111111111111,6.962431152550529,4.960944688169818,0.7016411179224183
180,86,24.674418604651162,499.8255813953488,14.88193751937121,7.916483787045121,0.8467741986803375
181,99,23.32323232323232,586.969696969697,12.265974877653974,10.739378438283367,0.4831416803804515
182,24,24.125,33.0,6.077325358632581,4.9815777104569365,0.5727944638276179
183,36,25.083333333333332,204.75,9.2979849528955,5.032420252076196,0.8408696222664523
184,118,23.152542372881356,285.8135593220339,15.489649488764488,10.028261000691078,0.7621360412292144
185,111,24.9009009009009,297.8198198198198,14.063766423038386,10.258928659932167,0.6840254721222873
186,165,23.975757575757576,523.3333333333334,15.607828588004743,14.169194812166616,0.41934674898861957
187,92,26.77173913043478,163.6195652173913,16.357502388896986,7.452761017780972,0.8901757573796574
188,14,24.642857142857142,391.7142857142857,4.74024689744533,3.7660484032669737,0.6072856123196265
189,123,25.821138211382113,400.3008130081301,14.204187754138864,11.51266835977619,0.5857216673730095
190,181,25.640883977900554,84.62983425414365,20.91386710037075,11.383360237526693,0.8388924302172834
191,80,25.3875,489.7,10.891689155266562,9.53564928806889,0.4832222051626312
192,114,26.780701754385966,511.219298245614,15.74975816413602,9.415508310727459,0.8016309420825114
193,79,28.075949367088608,103.92405063291139,12.973801049159201,8.656727933114343,0.7448366505260692
194,30,26.4,182.96666666666667,7.432185279146061,5.77796194160768,0.628976432337079
195,115,25.252173913043478,236.2173913043478,14.841254455354632,10.215848256772658,0.7253869771705278
196,74,27.2027027027027,243.8108108108108,13.316026591252562,7.907870885536195,0.8045675438899385
197,90,26.8,462.93333333333334,16.38011685367768,7.263500432059675,0.8963070367617428
198,45,26.755555555555556,118.91111111111111,10.270089691848264,5.942175969479214,0.8156182157815197
199,43,26.837209302325583,188.67441860465115,8.265873312266992,6.673231426501925,0.590109502307205
200,53,27.245283018867923,215.8490566037736,10.442625416734266,6.579117651548485,0.7765746511839708
201,35,27.17142857142857,253.71428571428572,7.211030204916876,6.2834592152975,0.49063044347621076
202,37,26.89189189189189,531.3783783783783,7.967298553050285,5.935791606141894,0.6670428509221629
203,94,26.170212765957448,170.53191489361703,15.166646825159406,8.346447250703022,0.8349565165807026
204,62,27.225806451612904,196.41935483870967,10.76915184613666,7.544000596346858,0.7136332848805202
205,146,27.60958904109589,326.56164383561645,21.126993913312702,9.232160586712023,0.8994692265378396
206,7,28.857142857142858,471.2857142857143,3.582070095417669,2.4713456540351713,0.7238845965239823
207,40,27.5,547.625,8.699296109212783,5.802779265510222,0.745021823459158
208,110,27.972727272727273,578.1,14.675103498894488,9.844074365152471,0.7416373738939613
209,49,28.367346938775512,72.14285714285714,11.4205008574329,5.712928284728327,0.8658899855273486
210,68,29.397058823529413,28.426470588235293,10.162110537325445,8.650340758624944,0.5247852371722926
211,49,27.918367346938776,146.75510204081633,9.610618154771464,6.561980813307381,0.7306198525425744
212,36,28.63888888888889,154.36111111111111,8.971869729559803,5.22806982065424,0.8126744451706216
213,80,28.85,225.5875,12.195256016107717,8.694436767358113,0.7012291295602133
214,31,29.64516129032258,591.6451612903226,6.704735331907345,6.057623887926261,0.42862093913793153
215,55,30.4,91.43636363636364,12.083250615358324,5.879648048821715,0.8736277293090912
216,51,29.705882352941178,478.15686274509807,8.726206773434123,7.610431973573946,0.4892649753572458
217,66,26.757575757575758,596.5,12.70556536009513,7.1472261837622515,0.8267787747714905
218,121,29.446280991735538,18.8099173553719,13.486305692797643,11.516760843656469,0.520339237364808
219,158,31.481012658227847,65.9620253164557,24.283338292223693,8.944951584047754,0.9296841924078494
220,65,30.892307692307693,180.2,11.787238132679736,7.124502227973555,0.7966619956526749
221,118,30.10169491525424,382.5169491525424,12.358301142027388,12.278572545664648,0.11340731906516427
222,144,28.90972222222222,428.31944444444446,15.988985112610594,11.691892442880123,0.6821130977379808
223,26,29.76923076923077,444.3076923076923,6.013306448108151,5.513289270380471,0.3992359635093795
224,26,30.653846153846153,1.6923076923076923,7.020609937945446,4.919569123366056,0.7134241720576056
225,141,31.113475177304963,52.340425531914896,22.433559325388362,8.593745540828921,0.923717061447157
226,69,31.304347826086957,109.97101449275362,11.816447622703658,7.65037615748125,0.7621210766235287
227,87,31.114942528735632,124.34482758620689,11.787876859467087,9.937211153745336,0.5379094455976599
228,132,30.803030303030305,139.65151515151516,15.371334533351984,11.449788145848343,0.667199297231989
229,56,32.589285714285715,160.35714285714286,11.524612236001717,6.448749803976684,0.8287876311649521
230,147,30.156462585034014,264.05442176870747,16.959463672963395,11.421073372287863,0.739247679091834
231,71,30.788732394366196,280.40845070422534,9.979066953835826,9.120066454677042,0.40589490769260445
232,121,32.603305785123965,501.35537190082647,14.970403877007042,10.563139917172377,0.7086088324238239
233,81,31.666666666666668,8.62962962962963,12.141047614017104,8.556575849544718,0.7094416156843303
234,93,31.419354838709676,36.956989247311824,12.188562053956979,9.771250738641967,0.5977617703886309
235,60,31.583333333333332,202.53333333333333,9.198736700790821,8.393709205150909,0.40911017506713837
236,28,31.714285714285715,257.2857142857143,7.734532857918001,4.941851821834651,0.7692620078741701
237,67,31.34328358208955,392.4925373134328,10.755211772728064,7.99198764975889,0.6692020909219555
238,49,31.306122448979593,517.8571428571429,8.639401558282819,7.490411431531373,0.49829801148518266
239,14,32.0,188.07142857142858,5.158414420743431,3.6481677607814307,0.7069869675464386
240,78,32.256410256410255,290.11538461538464,11.535008498624084,8.854183778850627,0.6409384143707015
241,82,31.951219512195124,321.280487804878,14.925263987897004,7.104662774729418,0.8794366807216867
242,22,31.772727272727273,493.0,6.352854658404022,4.542353269659285,0.699114440884116
243,119,32.529411764705884,304.26050420168065,15.555882303688966,9.885424046893982,0.7721188124247622
244,22,32.40909090909091,338.8181818181818,6.149648918286458,4.559976801448893,0.6709506875880111
245,146,32.37671232876713,349.6917808219178,17.243068364088167,10.991079190163036,0.7705164208561198
246,103,34.04854368932039,97.03883495145631,13.894758498565224,10.455642204889084,0.6586056986605273
247,174,32.867816091954026,415.7701149425287,16.93551999377032,13.728686755874941,0.585538585773337
248,100,33.02,211.21,13.556174114685952,9.516204252343396,0.7121936661639041
249,100,33.65,248.16,13.082062158533537,10.342632628120601,0.612337460383102
250,70,33.128571428571426,404.6857142857143,11.799689803699478,7.646259197813276,0.7616359940631854
251,148,33.189189189189186,456.11486486486484,15.207576157048932,12.58269534011499,0.5616182207517257
252,119,35.621848739495796,59.18487394957983,19.997353780648666,7.929972200509983,0.9180126592110491
253,100,33.72,536.33,12.998351175164707,10.089899242663144,0.6304319158415262
254,36,34.638888888888886,174.86111111111111,6.979893596691991,6.699703250925603,0.28048809356980126
255,111,34.36036036036036,485.2972972972973,12.77256443625326,11.584407718731162,0.42118259045220235
256,19,33.73684210526316,573.8421052631579,6.127430226101148,4.0652946984107885,0.7482132239250875
257,53,34.45283018867924,230.77358490566039,8.922160334101031,7.78433286604969,0.48866454797738146
258,52,35.21153846153846,273.2692307692308,10.158993842798175,6.690684442056147,0.7524957059593538
259,84,34.666666666666664,564.7738095238095,10.956181061308374,9.925148956695748,0.4235024939595423
260,43,35.97674418604651,147.88372093023256,9.197012408465447,6.1021707536959,0.7481808126592997
261,94,36.138297872340424,196.10638297872342,15.53483210893122,7.787809590584975,0.8652661525392799
262,54,35.5,528.9444444444445,10.105624012901504,6.921058782288531,0.7286634089185341
263,109,36.706422018348626,555.2385321100918,13.299239579295932,10.710388259247704,0.5928153754150189
264,46,35.73913043478261,579.8478260869565,8.157906267847377,7.306196848905713,0.44486617154375
265,37,36.13513513513514,24.18918918918919,8.172717327326165,5.790597189577859,0.7056829301878821
266,33,35.78787878787879,597.0,8.664283474207448,5.054067537518735,0.812240970477135
267,34,35.294117647058826,113.32352941176471,10.717124765188846,4.468418756018803,0.9089331226096108
268,50,35.62,153.36,10.242035670480508,6.584580876912734,0.7659520773952426
269,48,36.604166666666664,236.625,9.907112805988218,6.278973223251803,0.7735097772773549
270,37,36.45945945945946,296.0810810810811,7.184191075941736,6.660632391768943,0.3747559358016925
271,30,37.0,30.566666666666666,6.618984958766948,5.806713959246296,0.4799759676872665
272,30,37.13333333333333,254.83333333333334,7.313913681014654,5.232377832092956,0.6987145772668628
273,30,37.56666666666667,15.1,7.652575451823934,5.17754554234249,0.736373212421008
274,140,36.614285714285714,45.30714285714286,18.052839926763138,10.437817386942372,0.8159082035927036
275,42,37.095238095238095,185.33333333333334,9.076591538367692,6.193484497273536,0.731018202721814
276,115,37.0,312.55652173913046,16.513688229047936,9.016604664447579,0.837780009601353
277,25,37.2,318.4,7.179401851046017,4.627762857061393,0.7645293514993389
278,6,37.0,338.5,3.265986323710904,2.0,0.7905694150420949
279,47,37.93617021276596,397.63829787234044,8.683065357739979,7.054437057279426,0.5830500319642117
280,21,38.142857142857146,478.0,5.617789656021407,4.712658152645074,0.5443145459415236
281,53,37.716981132075475,2.7735849056603774,10.335569106947439,6.953935181657981,0.7398099560647822
282,73,39.054794520547944,118.06849315068493,10.945214812341117,8.605334126730314,0.6179481619259781
283,35,38.285714285714285,205.82857142857142,7.497822281001068,6.090324194788481,0.5832689722132792
284,160,38.625,467.85625,15.01306835379645,13.72323407962699,0.4055206155689137
285,76,37.98684210526316,520.1052631578947,14.093960268958435,7.292477530672212,0.855732415782342
286,159,38.79874213836478,590.2830188679245,18.248471348900466,11.280616214112662,0.7860462139811021
287,33,39.09090909090909,104.54545454545455,6.903873585092848,6.094336488458431,0.46985875406161653
288,96,39.520833333333336,166.15625,15.715217720479997,7.861363063752601,0.865887436818578
289,38,39.1578947368421,179.81578947368422,8.524493226297118,5.81030188824974,0.7317241773936766
290,94,37.212765957446805,223.2659574468085,16.507064412266793,7.531574258940202,0.8898446142424209
291,39,39.0,334.2307692307692,7.358624325205789,6.746213571136997,0.3994007003604562
292,129,40.30232558139535,510.38759689922483,14.32279095774875,12.09712290483392,0.53538751728671
293,78,40.07692307692308,572.7820512820513,11.56733019307784,8.718304767342994,0.6572178233814917
294,90,41.28888888888889,125.08888888888889,15.68903026311051,7.4381405163840615,0.8804719907171679
295,63,40.888888888888886,157.3968253968254,11.835407009105321,7.0147048216994135,0.8054320724026518
296,39,40.02564102564103,189.46153846153845,8.866053667979191,5.837538268848726,0.7526555319291138
297,40,40.6,218.4,8.049091366313572,6.61000213137154,0.5706246946774358
298,36,41.0,321.1111111111111,8.747372169480979,5.788624317280775,0.7497194499923056
299,103,40.320388349514566,344.93203883495147,14.53674284461206,9.675102352807356,0.7463426439167485
300,73,40.465753424657535,137.41095890410958,10.619637375736723,9.517590714463575,0.4435985816604862
301,37,41.24324324324324,248.94594594594594,8.10535660870494,5.9829971480787885,0.6746328239256728
302,68,40.661764705882355,381.75,11.574564453567506,7.58630009027408,0.7552571782151005
303,82,40.74390243902439,406.5731707317073,12.330627419543916,8.683660209070277,0.7099668812348519
304,45,40.71111111111111,420.9555555555556,9.60450018397764,6.01368775490583,0.7797168380530012
305,22,41.13636363636363,561.3181818181819,5.461902806155025,5.1412139175522755,0.33760957853461004
306,33,41.54545454545455,98.0,7.412906347717888,5.692951872505473,0.6404757563636008
307,33,41.484848484848484,109.78787878787878,6.996031209075724,6.022569354382053,0.5088501209041788
308,73,41.465753424657535,241.23287671232876,10.57540572863116,9.209156855711264,0.4916217592748852
309,49,41.91836734693877,25.775510204081634,8.576417627465082,7.471132580053976,0.4910611744728061
310,89,42.06741573033708,261.6629213483146,11.138722647292381,10.414660518179545,0.3546584005404364
311,110,41.61818181818182,288.25454545454545,15.143379133903453,10.077864737287154,0.7464010335793804
312,36,42.05555555555556,306.0833333333333,7.7164142874209,6.061427320538499,0.6188314062186538
313,114,40.86842105263158,390.3070175438597,15.274987283445412,9.732120027416359,0.7707581231101134
314,54,42.24074074074074,524.5370370370371,9.84955221512882,7.136243024764622,0.6892489263883137
315,218,42.0045871559633,545.2293577981651,24.455252054476567,11.855301412075496,0.8746387470358942
316,55,42.54545454545455,11.272727272727273,10.423343324526176,7.05458270059622,0.7361612980524389
317,87,42.60919540229885,34.12643678160919,13.704010489578215,8.194866504225354,0.8015032750018355
318,45,42.4,131.4,9.99917649196577,5.854421172096939,0.810679388036485
319,64,42.46875,172.8125,11.354235498661692,7.3145889317808335,0.7648429588968109
320,69,42.88405797101449,269.7971014492754,12.549195229807504,7.256612558367494,0.8158573483107405
321,90,42.24444444444445,358.7,13.53882939415259,8.47962553732851,0.779566906124741
322,77,42.4025974025974,374.64935064935065,11.53745127728464,8.785426950945645,0.6481997537482663
323,38,42.71052631578947,484.60526315789474,7.594452300447945,6.4208520733337,0.5340290725411692
324,71,43.23943661971831,490.88732394366195,12.02071455515308,7.7542561113382105,0.7641197051452111
325,32,43.125,205.0,8.28176867370901,5.211747080890639,0.7771595347992584
326,39,42.97435897435897,231.28205128205127,7.961402937426895,6.287911041563446,0.6133652677822585
327,15,43.733333333333334,399.06666666666666,5.009954596189145,3.910430418155317,0.6251156929423434
328,50,43.34,144.36,9.459230479404544,6.95411811357156,0.6778855783164345
329,32,43.21875,566.65625,7.011141090852574,6.01561722553543,0.5136358269560892
330,73,44.9041095890411,192.84931506849315,12.72478854310199,7.474671342902012,0.8092893096930179
331,61,44.39344262295082,296.1639344262295,11.829899276712931,6.8591819445592215,0.8147464226888319
332,49,45.83673469387755,332.46938775510205,10.041119332734404,6.568302908328628,0.7563730527095428
333,135,44.22222222222222,454.6148148148148,15.906525365857801,10.975896188931715,0.7237857724413784
334,93,45.68817204301075,4.225806451612903,15.010363489816976,8.15542351058881,0.8395259956842149
335,27,45.0,113.92592592592592,6.440611887195306,5.649089174796331,0.4802997300517987
336,63,45.25396825396825,150.63492063492063,10.47185737439973,7.819458550897049,0.6651478172020105
337,88,45.61363636363637,18.136363636363637,12.80948560100427,8.870494556617835,0.7214234367415971
338,32,45.71875,178.4375,7.058985772214374,5.774304708592632,0.5752072708384683
339,100,45.11,326.36,17.68123177370968,7.298413729322235,0.9108319155639099
340,49,46.12244897959184,504.3061224489796,9.420733406598462,7.134301779563506,0.6530695719833568
341,112,44.875,582.6517857142857,15.41421696385452,10.003449766353322,0.7608092727123684
342,109,45.944954128440365,76.55045871559633,13.031922823058045,10.711690805530571,0.5695483744021477
343,37,45.24324324324324,184.27027027027026,7.582422066377067,6.278414602774961,0.5606951588304959
344,98,45.33673469387755,211.70408163265307,13.806954550721812,9.39548445088324,0.7327580437501471
345,42,45.80952380952381,221.66666666666666,8.82249867407768,6.156336459059457,0.7162929937276907
346,37,46.16216216216216,255.78378378378378,8.916733027959822,5.319408686798938,0.8025649436233643
347,86,45.906976744186046,497.86046511627904,13.230754483226216,8.525444818768195,0.7647174650497631
348,87,46.701149425287355,413.8045977011494,11.643455540979755,9.558010290650063,0.5710846029591622
349,76,45.81578947368421,424.4736842105263,13.670070006524696,7.437204548852911,0.8390526573157151
350,64,46.5625,530.34375,9.910427221363065,8.592456417699537,0.49828776899368865
351,68,44.39705882352941,537.0735294117648,13.227088562654535,6.9171450990841254,0.8523615447488195
352,25,46.32,554.0,6.104680791221041,5.258751984767569,0.5078772048026179
353,52,46.11538461538461,106.75,12.53896297820293,5.437038686617658,0.9010999152715592
354,14,46.5,160.0,5.1042495809135255,3.497477734233398,0.7283465046557625
355,45,47.422222222222224,66.68888888888888,8.253800728675401,6.928716995976222,0.5434249575361052
356,83,47.506024096385545,352.71084337349396,12.25897162071283,8.783526263959885,0.6975893453242394
357,32,47.625,564.0625,7.225031919900171,5.611275590845959,0.629940115122487
358,170,45.99411764705882,277.4294117647059,21.369804021400267,10.90081051383663,0.8601130634477941
359,46,47.93478260869565,285.1304347826087,8.581114039667865,7.133987833275496,0.5557354882163885
360,94,47.840425531914896,339.8723404255319,12.563884290724141,9.967596315548635,0.6087617664904105
361,28,48.25,387.75,6.827256445061942,5.499610194414058,0.5925449747523875
362,43,48.06976744186046,571.4651162790698,7.934561634998009,6.85506333810634,0.5035778548266563
363,103,48.737864077669904,58.359223300970875,11.944952519386291,11.238742953179957,0.33874563059530854
364,73,48.397260273972606,96.15068493150685,10.357705084511164,8.948529149698132,0.5035792808432399
365,28,48.5,117.5,6.676183683170241,5.237229365663817,0.6201736729460422
366,29,47.96551724137931,128.68965517241378,6.725960313483173,5.51749849201325,0.5718922733274491
367,92,48.608695652173914,201.52173913043478,13.728121172859474,8.8976501766653,0.761527046654354
368,83,48.65060240963855,301.9879518072289,11.860223765810655,9.169422339713234,0.634255035438168
369,49,48.10204081632653,405.48979591836735,9.158097552183582,6.90177190211234,0.657304537465922
370,68,49.661764705882355,26.220588235294116,10.20878807453541,8.512682723823911,0.5519785562387772
371,50,49.66,264.46,10.165160917080687,6.317776786960373,0.7834040731288743
372,125,49.976,317.08,15.054740345457574,10.907390940589414,0.689258632425121
373,98,50.744897959183675,467.4795918367347,14.413946110353015,8.802043802654541,0.7918916438911016
374,85,49.05882352941177,519.564705882353,11.813590859456896,9.327329253615767,0.6136961919127446
375,45,49.93333333333333,135.15555555555557,8.250607074817852,7.036594043745297,0.5221433593054832
376,64,50.09375,171.484375,10.584347751763522,7.863017958757214,0.6694122671469419
377,65,48.87692307692308,371.4307692307692,12.740435253151022,6.610651847154734,0.8548521008064077
378,42,49.76190476190476,399.2857142857143,8.563735825018503,6.284655586384669,0.679291608573981
379,74,50.432432432432435,225.3108108108108,13.011795337747019,7.511713097494763,0.8165319260170921
380,63,49.42857142857143,251.31746031746033,13.113846511318032,6.293070907258223,0.8773342089302948
381,65,50.784615384615385,309.4923076923077,12.780015870091933,6.797420258513457,0.8468204528636654
382,83,50.674698795180724,381.34939759036143,11.570386264069043,9.382000723450467,0.585235704601224
383,54,51.611111111111114,393.6111111111111,11.482300208750287,6.078396612012349,0.8483904505068731
384,62,50.33870967741935,141.59677419354838,11.262582628848985,7.171252694100712,0.7710847485717638
385,33,51.121212121212125,187.1818181818182,7.262389003944845,5.8937362109879565,0.5842936080337772
386,53,51.24528301886792,10.924528301886792,8.554643618714723,7.906897859017702,0.3817118282747427
387,29,50.10344827586207,90.13793103448276,7.771857393482305,4.85143293285454,0.7812399633135657
388,108,50.2962962962963,235.50925925925927,12.645737675240847,11.022436109976507,0.490159935217866
389,88,51.30681818181818,429.0568181818182,14.838104317070902,7.704785404342003,0.8546183106745213
390,59,51.779661016949156,157.79661016949152,9.144336680949097,8.2560752539449,0.4299302059210343
391,55,51.92727272727273,179.85454545454544,9.545161812154157,7.461015043807792,0.623712144159316
392,145,53.80689655172414,244.75172413793103,17.951530913278013,10.759807314553465,0.8004638441591289
393,72,50.94444444444444,362.30555555555554,11.813412762718615,8.014574371382865,0.7346649909095834
394,41,51.65853658536585,452.6829268292683,9.273244558430589,5.647890444402279,0.7931301023335589
395,25,50.8,597.96,9.591836387999757,3.318293945063302,0.9382530208803418
396,85,51.976470588235294,106.82352941176471,13.835113331334515,8.757526807685524,0.7741576998701064
397,38,52.36842105263158,148.18421052631578,8.016428084602149,6.153397808293934,0.6409310514089179
398,45,52.422222222222224,347.6222222222222,8.791547252117496,6.906969507532433,0.6186870488346562
399,59,53.28813559322034,419.271186440678,10.926692886927126,6.938029516285772,0.7725437651178169
400,18,53.111111111111114,497.5,6.0,3.9752319599996264,0.7490277191169142
401,32,52.40625,526.9375,6.996509763522374,6.070068049778033,0.49728863688436653
402,87,53.60919540229885,121.82758620689656,10.906739426304926,10.851541042660479,0.1004802086254452
403,12,52.833333333333336,152.58333333333334,6.295642853834958,3.0236829917725494,0.877114214526513
404,90,52.62222222222222,579.6444444444444,12.739124472364628,9.18862106413779,0.6926317207438241
405,54,50.77777777777778,164.38888888888889,13.07472989512757,5.63626539050225,0.9023133156704798
406,54,54.5,284.24074074074076,11.571269019874677,6.097412205325317,0.849899930149193
407,40,54.75,272.075,7.948820510235017,6.521215568900257,0.5717894497541429
408,95,55.589473684210525,461.5157894736842,15.021263148496102,8.50003697008931,0.8244965428413321
409,61,53.868852459016395,535.5245901639345,11.016256990361276,7.412649742032107,0.7397491132507235
410,50,54.84,128.94,10.079469670213193,6.549587098989701,0.7601096646884805
411,87,53.13793103448276,213.44827586206895,16.335596540756974,7.135546403664777,0.899553955678358
412,49,55.44897959183673,404.8775510204082,9.63716618249693,6.832291951488858,0.7052563473964174
413,61,54.295081967213115,445.26229508196724,10.244904264198505,7.9066552026621615,0.63590823827608
414,123,54.4390243902439,558.0487804878048,13.673726835975398,11.612507594249761,0.5279797601362123
415,44,54.95454545454545,388.27272727272725,8.26635425249545,6.999264348618157,0.532043211375846
416,68,55.9264705882353,5.6911764705882355,11.562011241692034,7.776383811382714,0.740023926471233
417,24,55.666666666666664,23.666666666666668,6.052537268530523,5.273636037639828,0.490733068282242
418,38,55.55263157894737,101.10526315789474,8.014783835456733,6.1699229502624835,0.6382637497488112
419,87,54.701149425287355,195.7816091954023,13.685593981077174,8.626729624225694,0.7763101529050759
420,66,54.96969696969697,329.1363636363636,12.18839186005129,7.013665011030664,0.8178453381453267
421,73,57.12328767123287,334.972602739726,13.979810392404778,6.914950712152845,0.8690988878058029
422,47,55.787234042553195,410.59574468085106,9.645590122401059,6.388662857046519,0.749203146169139
423,140,55.81428571428572,481.3142857142857,14.7448512935408,12.221759331114928,0.5594217214336035
424,182,55.17032967032967,510.2692307692308,18.313038593573264,13.27551988593826,0.6888312305821008
425,51,56.3921568627451,355.54901960784315,9.741117307248928,6.775375445114129,0.7184835279548077
426,44,55.04545454545455,586.9318181818181,11.035292747285109,5.586213839095034,0.8624082109589697
427,113,58.24778761061947,15.238938053097344,17.389473976617584,8.39683354023525,0.8756927380627688
428,40,57.05,230.9,9.717967009529197,5.344260210890014,0.8352067775847447
429,86,57.616279069767444,264.8139534883721,11.910632435446514,9.399118743204472,0.6142174378131279
430,59,57.440677966101696,288.864406779661,11.765616538242096,6.689186587480871,0.8226577952074493
431,62,56.32258064516129,370.30645161290323,10.0857893674617,8.073031347969001,0.5994179018452638
432,51,57.431372549019606,398.7450980392157,8.750616913776557,7.475317738602954,0.5198430344178028
433,65,57.292307692307695,94.44615384615385,10.05981250947142,8.366723717525671,0.5552286060965118
434,60,57.1,137.05,11.345755662454444,7.10918385713505,0.7793457517811911
435,62,57.5,182.0483870967742,12.75972357490937,6.53455280876423,0.8589118931230456
436,35,55.82857142857143,294.85714285714283,8.552964056706235,5.460906492720987,0.7696374447281827
437,60,58.233333333333334,379.0833333333333,11.451298764827312,6.684723956637419,0.8119316793534114
438,87,57.367816091954026,524.4022988505748,16.28450556136076,7.140048331006627,0.8987523812321802
439,18,57.22222222222222,545.6111111111111,6.318284641858518,3.5873949658833086,0.8231804147720326
440,21,57.42857142857143,593.1904761904761,5.767159369534862,4.678382743709163,0.5847536397031423
441,62,58.17741935483871,114.53225806451613,10.888865845889281,7.586663991332758,0.7173277173943299
442,35,58.114285714285714,144.42857142857142,7.106462332222827,6.257031086598281,0.47410076895197106
443,98,58.285714285714285,170.77551020408163,12.395661053932736,10.173516600170322,0.571313279558208
444,54,58.72222222222222,218.46296296296296,10.870284889205537,6.743091245220128,0.7843462085405312
445,73,58.9041095890411,342.36986301369865,10.586395024679696,9.054054567331423,0.5182093578150245
446,50,58.06,363.68,8.457459732555435,7.6769378577791905,0.41959371870281675
447,30,58.06666666666667,72.0,7.1073260763919155,5.423541733289087,0.6462901944752695
448,122,58.221311475409834,86.20491803278688,16.20050351937049,9.862478941866879,0.7933421019863395
449,61,58.91803278688525,159.52459016393442,10.482124247520796,7.816000618579901,0.6663373114341231
450,70,58.97142857142857,203.7,11.86773441578805,7.656246098847384,0.7640717874058247
451,38,58.86842105263158,349.86842105263156,7.650948854532388,6.477777132919772,0.5321290830086004
452,169,59.66863905325444,255.59171597633136,18.701437687255588,12.438168407707304,0.7467618186718084
453,20,58.35,597.35,5.999999999999999,4.39089968002003,0.6815016100086958
454,80,60.0875,225.7125,11.770298549504886,9.187767522936308,0.625044442130877
455,88,60.65909090909091,451.52272727272725,14.975313101967245,7.796237542051793,0.8537970568977657
456,35,59.05714285714286,473.42857142857144,7.299515518643141,6.0436787460060035,0.5607928477972087
457,36,59.638888888888886,580.25,8.300878200640712,5.5785403517544365,0.7405128607833921
458,57,59.64912280701754,191.4561403508772,10.227103279954122,7.157534794231716,0.7142805901879048
459,44,60.65909090909091,236.5,8.94433344109017,6.463416959993245,0.6912381642603971
460,59,59.96610169491525,298.8474576271187,15.417995676441533,5.181106979576153,0.9418467035237188
461,66,60.74242424242424,421.24242424242425,11.038312392543938,7.6931219935487105,0.7171223495182406
462,131,60.38931297709924,431.381679389313,15.381806929974164,11.089634503705119,0.6929789129569084
463,47,61.38297872340426,109.87234042553192,10.899061039053288,5.577955902687235,0.8591146587333045
464,31,61.58064516129032,120.61290322580645,7.094537553123922,5.719647115862931,0.5916371590925381
465,73,61.42465753424658,276.7808219178082,10.540065447056442,9.167746291756862,0.4934048993955289
466,48,61.458333333333336,457.6875,9.186108955084157,6.808704562607941,0.6712889968545079
467,39,61.76923076923077,31.923076923076923,7.690007368954911,6.517756030060618,0.530696802371111
468,40,62.1,103.9,8.915745312127294,5.881282643206342,0.7515718282877883
469,49,62.08163265306123,133.48979591836735,8.55276749905654,7.270785987321418,0.5266065110412433
470,112,62.49107142857143,151.58035714285714,15.770674057413292,9.120375427475375,0.8158154427770985
471,36,62.361111111111114,184.88888888888889,7.35230010988687,6.402582745283884,0.4915892886484985
472,149,61.651006711409394,306.26174496644296,16.674854531764474,11.60095559884853,0.7183173900823618
473,59,61.983050847457626,533.8644067796611,10.461417659398583,7.407438513033239,0.7061400908011135
474,39,61.743589743589745,549.9487179487179,7.635543700157341,6.755005280132019,0.46620064382805615
475,37,63.486486486486484,241.67567567567568,7.749896518590003,6.323205797895695,0.5781811615706103
476,39,62.82051282051282,374.43589743589746,7.971230302308531,6.290516558969491,0.6141972685171839
477,48,63.458333333333336,293.1666666666667,8.347017446193242,7.473625460960928,0.44533347741090273
478,19,63.1578947368421,336.8421052631579,5.271572221283753,4.5005385950383054,0.5207037318817046
479,72,63.09722222222222,394.6111111111111,11.3168857920799,8.368020971613648,0.6732357662267631
480,112,63.973214285714285,585.8928571428571,17.138303814586195,8.812197107937633,0.8576814585602957
481,212,66.91509433962264,19.04245283018868,24.034236974105667,12.147829609246557,0.862862610058622
482,43,63.883720930232556,95.86046511627907,9.263828335092754,6.308182509106535,0.7323320578328092
483,26,63.84615384615385,144.23076923076923,6.634693601847697,5.112209596979312,0.6374075346633145
484,88,64.06818181818181,386.39772727272725,12.122337968168688,9.423756504086136,0.6290217441427083
485,99,64.02020202020202,413.8484848484849,13.868069198290854,9.365193949476668,0.7375374259277099
486,125,64.432,443.912,16.467176314977884,9.79929672024638,0.8036660447091631
487,117,64.31623931623932,506.28205128205127,15.186049466075596,9.940756018941459,0.7559772453079553
488,84,64.25,524.2619047619048,12.808829331210964,8.470014604458326,0.7501534802101022
489,37,63.729729729729726,596.8648648648649,8.489447846845588,5.843289360584942,0.7254258884249849
490,99,64.71717171717172,3.6565656565656566,13.226147232828735,10.106652751770818,0.6450482286303992
491,96,63.354166666666664,67.82291666666667,15.707966903288021,8.421268424431043,0.8441452896589157
492,65,64.47692307692307,284.0615384615385,9.825719236896894,8.816155091087062,0.4415169661484251
493,138,63.97826086956522,317.3550724637681,14.983403968926323,11.737234591986818,0.6215821234700365
494,93,63.73118279569893,355.21505376344084,19.374238144128395,6.534501711220151,0.9414051415827348
495,43,64.25581395348837,368.13953488372096,7.507093721088248,7.317156935251282,0.2235213847434351
496,105,63.77142857142857,541.8571428571429,12.060039791038765,11.519864451166757,0.2959304501475971
497,57,65.57894736842105,163.21052631578948,11.150103279626618,6.917281888724978,0.7843027415098554
498,123,67.0569105691057,60.5609756097561,17.743649017302122,9.199393779884318,0.8551011468564008
499,123,64.5040650406504,78.51219512195122,13.56393300496737,11.704387521949885,0.5053659245173318
500,60,64.95,126.76666666666667,9.840822026531017,7.973734637192551,0.5860551068391696
501,102,63.627450980392155,212.80392156862746,14.175781042680061,9.41294620831189,0.7477183148388975
502,19,65.05263157894737,246.3684210526316,5.706236008175414,4.175323993751543,0.6816134345207245
503,36,65.88888888888889,170.38888888888889,7.255845056085025,6.451691054317316,0.45757397232775693
504,77,65.79220779220779,178.5974025974026,11.439384534691781,8.714023595459171,0.6478636366757347
505,80,66.3375,198.05,10.498625176517027,9.76301026338715,0.3677308624365707
506,43,66.16279069767442,232.88372093023256,9.170608497973276,6.228521282357931,0.7339689834551555
507,32,66.09375,378.875,7.141122609322994,5.75445417729744,0.592161558218216
508,109,65.98165137614679,404.4036697247706,13.572479093615442,10.332144898599152,0.6484502753651655
509,57,65.96491228070175,470.43859649122805,10.11975887766018,7.324671085601732,0.6900109030030354
510,79,65.77215189873418,479.9873417721519,11.212161964949034,9.484753733120916,0.5332869362754045
511,36,66.44444444444444,189.08333333333334,7.371318941019356,6.23189349844348,0.5340949774977795
512,63,66.22222222222223,463.2063492063492,10.23946039687892,8.255800256836,0.5915436419202798
513,60,66.08333333333333,574.5333333333333,9.662435161650514,8.089610076594806,0.5468620912032672
514,51,67.7843137254902,101.2156862745098,9.748954291569465,6.957758869283713,0.7004588003768503
515,53,66.98113207547169,138.64150943396226,11.640782451432058,6.026361474309072,0.8555659405097378
516,92,66.98913043478261,328.95652173913044,12.556340596363416,9.420241893441569,0.6611680406074034
517,78,66.76923076923077,492.3333333333333,12.121123302958377,8.50865671181429,0.712207182213556
518,44,67.75,108.95454545454545,8.94964003775612,6.491811196891066,0.688357909794168
519,36,67.52777777777777,119.75,8.03669905041734,5.750286024249171,0.6986091828864206
520,70,67.74285714285715,342.57142857142856,9.95054950527457,9.08789468739611,0.40727447170495773
521,22,67.54545454545455,360.54545454545456,6.360655221850945,4.4541649958098,0.7138797918270151
522,75,68.54666666666667,516.52,11.779491641621375,8.325202633401448,0.7074594036106882
523,41,68.14634146341463,225.3170731707317,8.318689138022185,6.329905505446233,0.6488388618845745
524,145,68.54482758620689,51.793103448275865,20.197288177706586,9.482511079795563,0.8829355185595208
525,186,69.13440860215054,267.7741935483871,18.02914149834375,13.679748235935897,0.6513730849574935
526,14,69.07142857142857,534.6428571428571,4.653822556464807,3.882863568359103,0.5512523762486937
527,63,69.95238095238095,145.03174603174602,9.804730504844732,8.223404245763838,0.5445659441347801
528,11,69.72727272727273,238.27272727272728,4.408856601084415,3.190896140869863,0.6900655593423541
529,29,69.51724137931035,335.9310344827586,6.9664967910426645,5.414619175850557,0.6292079317714688
530,42,69.69047619047619,429.64285714285717,7.65709264745433,7.26930912059703,0.3142015620401954
531,30,69.93333333333334,547.0333333333333,8.433526538981692,4.588399273610487,0.8390420982816184
532,164,70.11585365853658,34.8780487804878,21.152085289268378,10.285675368136653,0.8738072721614623
533,17,70.23529411764706,84.6470588235294,6.38062060146558,3.5887847862310056,0.8268307951391513
534,74,69.89189189189189,90.5,11.781472648277832,8.209036655274495,0.7172896730655584
535,52,68.8076923076923,157.32692307692307,11.772636270759994,5.9507102430003735,0.8628443897133703
536,55,69.16363636363636,207.25454545454545,9.006300210498209,7.83718269223308,0.4927182115562378
537,56,70.53571428571429,219.42857142857142,11.107546243834438,6.586161133915247,0.8052431519589194
538,59,70.22033898305085,354.10169491525426,8.895004993949062,8.553184621462638,0.27455411761700815
539,34,69.8529411764706,374.2647058823529,7.321169539393467,5.940226403450138,0.5845236057885087
540,57,69.33333333333333,421.5438596491228,11.924674281931717,6.536851604265075,0.836361279732964
541,73,70.86301369863014,435.3972602739726,15.318517276005831,6.341637253033373,0.910283676823013
542,48,69.64583333333333,486.25,9.66346110920993,6.8271937826857325,0.707717328337227
543,88,69.64772727272727,564.4772727272727,13.153110325097746,8.681331895887341,0.7512469580154684
544,50,70.72,168.34,11.705147320188297,5.745043621478318,0.8712646940816043
545,92,70.65217391304348,291.64130434782606,14.149446404226332,8.716234885253463,0.7877364306130199
546,103,68.29126213592232,553.9126213592233,17.063841861756178,8.48105692999674,0.8677395465913186
547,25,71.76,577.44,7.827784287784598,4.155309031096552,0.8474714193883623
548,84,70.58333333333333,594.1904761904761,11.029703590811955,9.996986696361056,0.42248593782920735
549,59,70.76271186440678,454.93220338983053,10.070520994200324,7.5901366437680196,0.6572203281158596
550,52,71.57692307692308,474.75,8.523548552919978,7.967760961560779,0.35519067474287497
551,30,70.63333333333334,558.2333333333333,8.0884468426314,4.825778567758497,0.8025193368586715
552,19,71.47368421052632,177.1578947368421,5.914083034239258,4.075984490274024,0.7245714031149351
553,39,71.33333333333333,369.3333333333333,8.830779715441459,5.773523095440686,0.7566713843939155
554,35,72.05714285714286,571.3714285714286,7.070060461925336,6.510239984559468,0.38999222727392635
555,54,71.24074074074075,585.3518518518518,9.640627494603091,7.393830316578667,0.6417129298055818
556,54,72.0925925925926,73.14814814814815,8.698032589882802,8.073984283278369,0.3719467080457347
557,66,72.56060606060606,191.1818181818182,10.834566959732713,7.906283080358747,0.6837379305149718
558,68,71.73529411764706,280.0,11.695997313239982,7.48096868884128,0.7686930481479599
559,77,72.55844155844156,24.571428571428573,13.017286389110607,7.952681597419459,0.7916827911757773
560,44,71.93181818181819,183.5,9.118009374510288,6.414917087904535,0.7106521026252298
561,61,72.52459016393442,231.04918032786884,9.21096726723592,8.609651639383888,0.355391795886241
562,50,73.32,346.7,10.522073345300877,6.384948904737517,0.7948433213680793
563,31,72.74193548387096,415.35483870967744,7.118001551020142,5.696268729338924,0.5996500254319553
564,97,76.0,441.08247422680415,16.508502084134335,7.523140326406466,0.8901267263528321
565,109,73.1743119266055,114.08256880733946,14.94590075754805,9.70893127817775,0.7602719215458722
566,149,73.38255033557047,129.51677852348993,15.889970936159411,12.230794471326146,0.6383842193028572
567,32,73.34375,424.84375,6.829287708209454,6.170865368690138,0.42840161812859334
568,64,72.65625,540.109375,9.360923102489142,8.86234096722108,0.3220051096314502
569,75,73.72,8.16,12.955866564821218,7.67864060589813,0.8054404359836117
570,104,73.23076923076923,43.75,19.28028979519176,7.035288017162508,0.9310485413853805
571,50,74.12,212.78,8.677089761753216,7.388052061705947,0.5244462705776015
572,29,73.58620689655173,332.2758620689655,6.278954609436002,5.818841337079276,0.3757492863864437
573,85,73.05882352941177,362.6235294117647,12.010836722280965,9.819802490574366,0.5758170820745695
574,31,73.25806451612904,448.0967741935484,7.784535548236844,5.142340925105635,0.7507519958306915
575,75,72.82666666666667,529.1333333333333,13.91673071642888,6.967504379440036,0.8656459297198443
576,60,73.66666666666667,522.75,11.618882963117946,6.896166634074551,0.8048111656207834
577,117,74.65811965811966,380.2307692307692,15.0778442733216,10.036924089397964,0.7462429572658079
578,57,75.10526315789474,66.24561403508773,9.282882864063652,8.08624354887766,0.49112014807488114
579,46,74.21739130434783,460.0869565217391,10.292020719426466,5.746587666898836,0.829603016793557
580,50,74.42,504.88,8.551168524482348,7.5249396586220145,0.4749928887501717
581,57,74.57894736842105,512.4912280701755,10.084023315549949,7.638839604868183,0.6528130762483509
582,79,75.24050632911393,150.62025316455697,12.508917696992805,8.424826829062537,0.7391820684320878
583,34,75.3529411764706,224.6764705882353,7.79047805706509,5.583013822111589,0.6974372487377426
584,41,75.02439024390245,338.8048780487805,7.950785830399955,6.594194301983958,0.558690210289273
585,51,75.92156862745098,480.1764705882353,9.181269200145186,7.181795773368033,0.622999107404983
586,34,75.32352941176471,534.3823529411765,7.656731853634063,5.775864999382834,0.6564710503610172
587,125,75.944,99.896,14.893248402856774,10.988717851087278,0.6749842091528047
588,114,76.37719298245614,408.3157894736842,13.05310934748893,11.235461887675559,0.5090281908201801
589,52,76.57692307692308,2.5576923076923075,10.131497308948815,6.836906816912281,0.7379850880727591
590,58,77.3103448275862,89.6896551724138,11.062193704126207,7.070650686475401,0.769063350142948
591,60,76.66666666666667,205.28333333333333,9.460148830856989,8.483908015127595,0.44242619217665424
592,32,77.4375,596.8125,6.781259677356306,6.11469681899777,0.4323514896997062
593,46,77.97826086956522,36.869565217391305,9.13832897916396,6.5702124814044485,0.6950379257483699
594,43,77.23255813953489,55.72093023255814,8.497074050231728,6.52116019688065,0.6410974315922934
595,96,77.30208333333333,162.57291666666666,13.171399011866605,9.70235929287187,0.6763032799871644
596,100,76.95,467.51,13.004381492980905,10.014212998784066,0.6379659948474256
597,62,77.62903225806451,556.4516129032259,11.153547555674702,7.215865874280271,0.7625264690395109
598,46,77.32608695652173,566.3695652173913,9.211544596013892,6.37590558693962,0.7217396278613605
599,101,79.73267326732673,580.0,14.554870366710048,8.957681288621218,0.7881820292252485
600,17,79.0,70.47058823529412,5.144443196407887,4.351163990746054,0.5335019720892372
601,128,78.296875,172.8984375,15.540791094767188,11.012884128887622,0.7055664869794362
602,72,78.51388888888889,267.125,12.016402077053545,7.718498359464255,0.7664279942252216
603,97,78.43298969072166,293.37113402061857,14.153036711516114,8.824367773667339,0.7818262017057518
604,43,78.25581395348837,369.90697674418607,9.612447418317057,5.898087993121186,0.7896258927403488
605,62,79.90322580645162,572.6935483870968,10.971216639456564,7.364646943121819,0.7412130524106461
606,97,77.73195876288659,81.83505154639175,16.152278728008305,8.129965924043145,0.8640928486480106
607,61,78.8688524590164,257.655737704918,10.11561862259541,7.709554256023545,0.6474079806296027
608,114,78.6140350877193,280.99122807017545,16.76781844944093,9.333927220040872,0.8307422815323958
609,53,78.28301886792453,349.188679245283,11.254031142378908,6.10175708363909,0.8402597034271952
610,33,79.0909090909091,358.0,7.951068253293792,5.408728393307019,0.7329785162960946
611,48,78.70833333333333,448.0625,8.905842391674097,7.042420998270609,0.6121209354775644
612,22,78.4090909090909,454.72727272727275,5.682050898624542,5.207615218420615,0.4000284080488572
613,112,79.30357142857143,195.9375,13.233553774387872,10.99579434492546,0.5564178788766734
614,104,79.25,544.1153846153846,16.38992636393579,8.5035958386514,0.8548770533004859
615,92,79.6195652173913,589.25,11.83201297031446,9.990906559057725,0.535719227261115
616,71,79.97183098591549,18.661971830985916,12.844114854255867,7.164401866079412,0.8299777727494598
617,38,80.44736842105263,61.26315789473684,7.986652916927512,6.130851197294697,0.6408847485292652
618,83,79.80722891566265,118.97590361445783,14.934875642806682,7.264940691128455,0.8737132468238382
619,141,79.38297872340425,241.08510638297872,16.39150008088783,11.114078413474315,0.7350258101328286
620,23,80.0,364.0,5.897678246195885,4.86335007099463,0.5656854249492381
621,59,79.61016949152543,417.3898305084746,9.734272133096827,7.735541528985362,0.6070406639603804
622,34,80.79411764705883,435.2352941176471,7.4901272577947875,5.839407992559005,0.6262603512379371
623,83,80.56626506024097,185.6024096385542,12.719185253460942,8.660041224178562,0.7324094377045594
624,28,80.75,215.57142857142858,8.189069707284839,4.326042941686018,0.8490762090450396
625,42,80.19047619047619,334.85714285714283,7.74655382321893,6.875634558060101,0.46066645989589017
626,31,80.25806451612904,341.51612903225805,7.119869050055808,5.539797701235969,0.6281704168252773
627,36,79.25,475.0,9.190272947014975,5.020512904677305,0.8375990366678331
628,52,80.92307692307692,516.7692307692307,9.602761670844481,7.216023278898089,0.6597867170181755
629,23,80.47826086956522,26.47826086956522,6.341040000017197,4.694353886324863,0.6722624258840715
630,84,80.78571428571429,139.1904761904762,11.177942767140841,9.711324900454526,0.49517443129635674
631,55,79.9090909090909,498.8909090909091,9.622162008893534,7.268893188922319,0.6552265637752274
632,74,81.33783783783784,76.16216216216216,12.636579329255163,7.697996914810858,0.7930292168993718
633,77,81.06493506493507,221.32467532467533,12.418335463002528,8.146687461798065,0.7547427337166258
634,104,80.45192307692308,486.4423076923077,16.497433588079716,8.305132000834062,0.8640420538154621
635,54,82.18518518518519,148.57407407407408,9.02580883120924,7.705826891629135,0.5206754056475215
636,47,81.93617021276596,510.59574468085106,10.33482952196077,5.903539498228684,0.8207917333029888
637,44,81.9090909090909,523.0,8.379240369934914,6.783784768219779,0.586989915524021
638,39,82.71794871794872,179.0,8.140403274901649,6.222330589664326,0.6447705112029497
639,52,82.25,209.34615384615384,9.807331503484255,6.859514208112539,0.7147038695273666
640,96,82.05208333333333,231.20833333333334,12.097767345457145,10.363695192013733,0.5158784299527821
641,88,82.57954545454545,316.875,12.01293974808408,9.52851428051748,0.608977426600896
642,97,81.56701030927834,429.5670103092784,15.918886579983152,8.336480326600565,0.8519120486767647
643,36,82.72222222222223,66.5,7.906473412245091,5.946782440222444,0.6590022671730893
644,64,82.34375,422.734375,13.44661196282618,6.474495769647229,0.8764480473687692
645,55,81.45454545454545,493.1272727272727,12.274799591969037,5.903833109956606,0.8767360356627452
646,43,82.95348837209302,32.116279069767444,8.509711032290337,6.447203256366781,0.6526855336123474
647,4,82.5,39.5,2.0,2.0,0.0
648,41,83.95121951219512,56.19512195121951,8.344108134448335,6.429493117562462,0.6373881621345694
649,96,84.16666666666667,157.79166666666666,13.623994386657971,9.087421053123736,0.745043469833702
650,32,83.875,480.3125,8.065532764890518,5.209096007799964,0.763467297465297
651,98,83.1734693877551,531.9387755102041,12.103914283889813,10.616445732110256,0.48029234096340867
652,38,83.28947368421052,556.9473684210526,8.558865590810717,5.720943916856847,0.743781210906899
653,130,84.5923076923077,47.51538461538462,14.214272171725248,12.56241809067514,0.46788558018661647
654,80,84.85,351.85,14.742131430678942,7.0675003275973065,0.8775919732326082
655,117,84.1025641025641,381.52991452991455,14.38964851287071,10.549184888805184,0.6801108591373536
656,81,84.70370370370371,131.77777777777777,12.128986651682947,8.890364134031294,0.6802449032439161
657,10,85.0,301.5,4.381780460041329,2.6832815729997477,0.7905694150420949
658,69,84.08695652173913,505.1159420289855,12.096672956193972,7.575777884365814,0.7796066029356573
659,78,85.41025641025641,546.8461538461538,13.373469765304115,7.780757130169242,0.813328014261706
660,40,85.375,20.4,8.83750593908418,5.92355372868786,0.7421133797921309
661,15,85.46666666666667,282.46666666666664,4.843115243301094,4.063087395632666,0.5442225546226341
662,105,85.4095238095238,326.0190476190476,12.504786126783632,10.798069539635778,0.5043232718523293
663,55,85.83636363636364,344.23636363636365,9.337005829177865,7.661462529851058,0.5715774588816483
664,35,85.71428571428571,440.0571428571429,8.275127737894021,5.706478211173527,0.7241962115678968
665,82,86.01219512195122,122.82926829268293,13.014310870338576,8.387733062710193,0.7646036807350085
666,74,85.08108108108108,371.27027027027026,12.671051172814709,7.857360063803789,0.7845202064857213
667,90,85.17777777777778,449.5888888888889,14.925034085641713,8.08772271884991,0.8404495930700513
668,8,85.875,60.875,3.4641016151377544,2.7386127875258306,0.6123724356957945
669,99,86.37373737373737,88.96969696969697,11.812349775674043,10.822565191092446,0.4007038157466837
670,149,86.74496644295301,273.6979865771812,15.289930147845816,12.67719437020966,0.5590699542248749
671,127,86.28346456692914,459.62992125984255,15.081151495551644,11.020882694693377,0.6826216645633777
672,50,87.24,28.22,10.390737927447715,6.255922419843423,0.798445423810614
673,53,86.56603773584905,203.52830188679246,10.488794546485291,6.588780710742408,0.7780734553232005
674,56,88.71428571428571,211.19642857142858,11.866057018090787,6.034573605361059,0.8610279650599748
675,6,88.5,541.0,3.265986323710904,2.0,0.7905694150420949
676,147,88.9047619047619,9.02721088435374,20.086439494659345,10.059537928046757,0.8655558573176668
677,132,87.5,260.5833333333333,16.643721766213236,10.963975008686496,0.7523659411169706
678,37,87.86486486486487,499.56756756756755,7.809457498820882,6.040279903861104,0.6338487222947904
679,75,86.52,2.4266666666666667,14.887549015811326,6.727191577771327,0.8920853359897062
680,150,88.54,172.14,22.908985425718587,8.758187793766465,0.9240367692791958
681,51,88.29411764705883,219.11764705882354,9.852400572905502,6.9614597262924836,0.7076381838777221
682,61,88.98360655737704,524.6229508196722,9.605683355555986,8.314085707447603,0.5008429451217049
683,60,88.93333333333334,572.7166666666667,10.792352318868168,7.287174294827771,0.7376196080784014
684,68,89.3970588235294,585.3529411764706,13.462839347122873,6.60667469194499,0.8713093699724994
685,66,88.42424242424242,36.89393939393939,11.908927912369892,7.225555845879669,0.7949046528705848
686,48,89.20833333333333,65.33333333333333,8.777093648300928,7.105660058483892,0.5870251813538361
687,62,88.3225806451613,71.79032258064517,11.119846425189026,7.124243310238521,0.7678095013843629
688,130,88.96923076923076,310.0230769230769,14.606881644361764,11.493139826238835,0.6171691677829023
689,45,89.08888888888889,488.46666666666664,9.167114516177028,6.324364924180925,0.723907529458434
690,38,89.02631578947368,536.3157894736842,8.160605091902823,5.912340574713692,0.6892770945862163
691,105,88.03809523809524,562.5904761904762,18.809375077436798,8.349272845110795,0.8960818282569256
692,42,89.26190476190476,567.1190476190476,9.918063901420318,5.461827069086308,0.8347066206656646
693,96,87.125,593.625,17.50515399723161,7.443313567661894,0.9050961434660303
694,78,89.73076923076923,240.62820512820514,11.559183904978006,8.714176853454227,0.6570181613376522
695,86,89.20930232558139,406.04651162790697,10.881200729158689,10.473831546940813,0.27106121441470155
696,146,90.04794520547945,293.73972602739724,15.978026949073403,11.690931728863909,0.6816396156673616
697,104,90.0,414.8942307692308,13.529747982089749,9.907145948400757,0.6810368842125005
698,33,90.21212121212122,494.3333333333333,7.5795151611667855,5.586122157388957,0.6758899399945985
699,68,90.38235294117646,554.3823529411765,10.604183049021808,8.263465730350639,0.6266948992745993
700,36,90.5,77.58333333333333,8.937746984147553,5.164516860551127,0.8161556814418102
701,27,90.44444444444444,136.25925925925927,6.819039147935914,5.518147392083286,0.5874967421904852
702,96,90.70833333333333,143.36458333333334,12.914166224447694,9.690362747172,0.6610215808476984
703,50,90.54,424.26,9.138947935552242,7.088894880816433,0.6311269758922277
704,127,88.39370078740157,473.3070866141732,15.304288897063424,10.987221452023665,0.6961278826628675
705,110,90.77272727272727,515.8727272727273,13.479670342377911,10.73541947305601,0.6047497201627932
706,34,90.91176470588235,17.558823529411764,7.044560023303666,6.2746086627342255,0.4545862874207416
707,88,91.70454545454545,187.82954545454547,13.81353861217205,8.304272659207525,0.7991218342038791
708,93,90.94623655913979,229.1290322580645,12.143701730597739,10.02376852761958,0.5645053523120103
709,132,90.10606060606061,337.0530303030303,15.024065258193978,11.811309475621881,0.6180238394785789
710,50,91.2,437.74,9.087408357362522,7.0553107193473625,0.6302612200532309
711,38,91.21052631578948,448.5,9.881731441916548,5.187041577849221,0.8511563677955835
712,91,90.81318681318682,152.27472527472528,12.974933528959603,9.09506978867133,0.713188438784463
713,66,91.87878787878788,376.8787878787879,12.793288800374633,6.8742668669196005,0.8433696433628667
714,75,92.52,579.8,13.408588227117786,7.3604819875421,0.8358631494012991
715,32,91.5625,46.65625,7.408794920661225,5.536843218259339,0.6644487334623701
716,71,91.4225352112676,116.43661971830986,10.428940815006971,8.703617877497969,0.5509110994622131
717,130,91.27692307692308,355.87692307692305,17.262488058428318,10.112380226399255,0.8104550331985914
718,45,91.71111111111111,432.15555555555557,9.997212759137994,6.14093198875413,0.789100269697978
719,38,91.28947368421052,481.39473684210526,7.594452300447945,6.420852073333698,0.5340290725411693
720,48,92.3125,596.0833333333334,10.876809009803218,5.804143461340277,0.8457208438797962
721,55,92.85454545454546,23.381818181818183,10.01880732193378,7.130451216908354,0.7024768513142289
722,88,93.30681818181819,57.97727272727273,13.946636885210676,8.66416561897756,0.7836228048437943
723,61,91.45901639344262,194.65573770491804,10.56420265105409,7.551944150713591,0.6992658374169506
724,27,92.55555555555556,529.8888888888889,7.1108046822509365,4.869092493386192,0.7287821419084441
725,45,93.11111111111111,541.2444444444444,7.925047896043621,7.3057079692411975,0.38754610109843174
726,51,93.56862745098039,547.5882352941177,9.265858412205422,7.242496026925604,0.6237392428878392
727,38,93.52631578947368,29.842105263157894,7.545218155161857,6.401210835891218,0.52938802169953
728,40,94.425,51.3,9.726407509888245,5.354156978609197,0.8348507800778477
729,92,93.8804347826087,84.23913043478261,12.447345209103496,9.846999959860433,0.6116966932748309
730,36,94.0,181.58333333333334,7.118052168020874,6.420453428086074,0.43174472639735834
731,28,93.78571428571429,213.78571428571428,6.6211076550374575,5.69261199974037,0.5106859615976872
732,101,94.16831683168317,384.9504950495049,17.378074540072966,7.804868041069315,0.8934706595590987
733,27,94.62962962962963,93.0,6.635317237498872,5.106277908033803,0.6385739346309321
734,94,94.29787234042553,126.7127659574468,12.194243822624589,9.964141740633194,0.576469792211232
735,75,94.4,202.86666666666667,11.53341745036847,8.404909525852037,0.6847861611465773
736,72,94.30555555555556,258.47222222222223,13.749277902447648,6.839920880762578,0.8674783611950428
737,18,95.0,420.05555555555554,5.076217927055793,4.614514053732973,0.4166964414396389
738,59,93.49152542372882,466.8474576271187,9.261511661344947,8.300710409412115,0.4435316687323268
739,42,94.69047619047619,499.42857142857144,9.613708984122763,5.8113346923461355,0.7966171689185876
740,61,94.77049180327869,220.60655737704917,10.180634993564267,7.7704179851684705,0.6460976639436686
741,33,94.48484848484848,247.57575757575756,7.001158153430075,6.197050553825932,0.4653124693990787
742,107,95.25233644859813,507.41121495327104,14.467125148754166,9.678302329333098,0.7432751195896299
743,28,94.92857142857143,534.6428571428571,7.191042374129044,5.115316275059509,0.7028424095287797
744,51,95.11764705882354,302.8235294117647,9.412767742661705,6.866634435777866,0.6839785033072491
745,48,95.39583333333333,488.5625,8.872796997681938,7.236760025049097,0.5785991761082304
746,20,96.05,34.85,5.999278814277687,4.605285410108575,0.6408814874115232
747,92,95.8804347826087,172.0,14.85286386644229,8.163452846384363,0.8354138145910865
748,75,95.58666666666667,275.0933333333333,15.776126609198394,6.464333452748252,0.9121959938361767
749,51,95.52941176470588,39.8235294117647,12.114638924023854,5.55347279391068,0.8887407854674612
750,29,96.6896551724138,64.27586206896552,6.795382261980981,5.5735230531414395,0.5720873219452001
751,69,97.30434782608695,459.3478260869565,11.203325171267062,8.043066836503941,0.6961278596349465
752,42,96.9047619047619,575.0,7.9773049065200246,6.663929614149179,0.5497016969864426
753,32,96.8125,44.625,7.3377372955657,6.111064668391603,0.5535335861704876
754,63,97.04761904761905,452.5238095238095,11.008658066680168,7.764528679888064,0.7088979183961842
755,29,98.03448275862068,474.7241379310345,6.674789379839628,5.7538782913041855,0.5068548104775265
756,14,96.78571428571429,597.7857142857143,4.592903864145437,4.036457505877987,0.47710462350466337
757,5,98.8,57.4,3.098386676965933,1.7888543819998317,0.816496580927726
758,81,97.11111111111111,72.67901234567901,12.417076830691503,8.90108994382947,0.6972350046517165
759,41,97.7560975609756,209.7560975609756,8.232091673336468,6.535998913084204,0.6079624771569685
760,96,97.67708333333333,312.3229166666667,16.00818195666426,7.87832288964091,0.8705140800412126
761,64,97.140625,406.015625,11.049513182268115,7.489188603238882,0.7352606284236415
762,96,98.11458333333333,135.88541666666666,12.305036249464921,10.206171858756123,0.558609984197049
763,42,98.5952380952381,196.23809523809524,8.607135921805154,6.683904610187358,0.6300508748850246
764,163,99.52760736196319,393.0122699386503,20.7774760359654,10.260995130051658,0.869546055741941
765,96,98.29166666666667,427.4791666666667,11.289587118775309,11.038289441697646,0.20981662119913558
766,42,98.61904761904762,516.8809523809524,9.151047406495973,6.062771443590405,0.749042337768392
767,41,98.36585365853658,375.2439024390244,7.47853658729052,7.060888223546554,0.3295052832264536
768,40,98.05,446.15,9.180816499123317,5.6667987796837345,0.78677222425017
769,58,98.43103448275862,481.51724137931035,8.89053931710556,8.340690001417851,0.3462197740745954
770,45,98.42222222222222,557.3555555555556,8.902233472668724,6.4882508961910315,0.684690385680371
771,7,98.28571428571429,180.85714285714286,3.582070095417669,2.4713456540351713,0.7238845965239822
772,159,99.55974842767296,13.459119496855346,15.808924615841542,13.02176532165729,0.5670300622248087
773,39,99.15384615384616,29.358974358974358,8.20447757928895,6.142737782687419,0.6629027232782996
774,38,98.92105263157895,549.921052631579,9.256242500062303,5.430557047789154,0.8098106602993805
775,14,100.21428571428571,51.785714285714285,4.592903864145437,4.036457505877987,0.47710462350466337
776,43,102.0,61.04651162790697,10.734022020277108,5.326731168405391,0.868181120479653
777,70,99.65714285714286,239.77142857142857,11.30881127222521,8.065432150384586,0.7009616820882012
778,27,99.03703703703704,399.9259259259259,7.4699705115130115,4.785876722497376,0.7678062193250825
779,68,100.58823529411765,468.13235294117646,11.257042636314743,7.907035197661889,0.7117746848610519
780,36,100.5,533.0,8.579364745233951,5.390841050791931,0.7779310288963462
781,66,100.07575757575758,540.1515151515151,10.851499929642742,7.868101713590294,0.6886747217763166
782,40,101.5,86.5,8.721321442112341,5.859910605406154,0.740636184157232
783,154,100.44805194805195,345.26623376623377,14.644345328843173,13.545581150778467,0.38003995344153946
784,23,101.08695652173913,4.913043478260869,8.506905151429486,3.5014516972876844,0.9113640969020023
785,34,101.02941176470588,23.205882352941178,7.324263940750529,6.001337965837351,0.573254144029907
786,47,100.63829787234043,154.59574468085106,9.551401550329713,6.289044239872072,0.7526314444911114
787,91,100.87912087912088,417.16483516483515,12.381799985796981,9.490335445113729,0.6422745955918061
788,121,100.98347107438016,497.297520661157,15.726062306575146,10.278641040128468,0.7568354060268436
789,74,101.86486486486487,363.93243243243245,11.360500310425977,8.426519746270335,0.6706892654227821
790,45,102.08888888888889,67.22222222222223,7.744806275199803,7.512307627026633,0.243184477991976
791,111,101.009009009009,119.77477477477477,15.985284744647595,9.172034620075753,0.8190095600999904
792,95,102.02105263157895,227.4,13.647958260020406,8.979968158658732,0.7530427931156534
793,44,101.61363636363636,233.88636363636363,10.601050019837741,5.454353296391507,0.8574839797369381
794,26,102.03846153846153,34.07692307692308,7.144958846725348,4.5641231231568336,0.7693817353661786
795,57,102.91228070175438,45.526315789473685,10.69603957398801,7.364269965127473,0.7252321941867369
796,88,102.05681818181819,108.75,10.956416601245156,10.330704922006985,0.3331018641306648
797,169,102.33727810650888,269.88757396449705,17.206688245661127,12.935519309498028,0.6594222737332754
798,57,102.89473684210526,202.68421052631578,8.963586251318981,8.129686011486498,0.4211995055085501
799,12,102.91666666666667,208.91666666666666,5.485458865381723,2.649689066157795,0.8755989883658382
800,107,103.07476635514018,218.26168224299064,14.378886192733532,9.778238699226705,0.7331736618287048
801,178,103.13483146067416,255.32584269662922,16.61482415815908,14.141444138836022,0.5249482534376038
802,28,103.07142857142857,409.92857142857144,6.843486269994641,5.223901286585216,0.645997891980529
803,144,102.66666666666667,585.2083333333334,16.58126686554683,11.398363928416654,0.7262561423584566
804,86,102.65116279069767,291.74418604651163,15.741376531890888,7.5947435981745715,0.875912436930193
805,21,103.19047619047619,576.047619047619,5.602338368222782,4.700240723391253,0.544164764908731
806,46,104.41304347826087,56.108695652173914,8.752902622633655,6.655378883237905,0.6494989415316015
807,74,103.24324324324324,79.0945945945946,10.594391476009715,9.098193818434552,0.5123536520788625
808,17,103.58823529411765,102.3529411764706,6.4421971176788855,3.6175035025674127,0.8274546350513258
809,42,103.61904761904762,128.66666666666666,7.997879963412735,6.742251283660397,0.5379060227641016
810,120,103.3,173.725,16.698781345026312,10.143998303972715,0.7943430969937648
811,87,103.72413793103448,185.1264367816092,11.622855968428546,9.707751469053601,0.5499016133604857
812,37,103.62162162162163,303.0810810810811,9.207651224046353,5.398849306815812,0.81006230352276
813,38,104.23684210526316,404.4736842105263,7.91855734316697,6.204282835530103,0.6213769508361398
814,96,105.25,442.4479166666667,14.6410948410519,8.421892448308691,0.8179967367350878
815,48,103.77083333333333,553.4791666666666,8.250253513353062,7.5334428656391825,0.4076986648659203
816,68,104.36764705882354,317.52941176470586,14.534885631439275,6.266299661338097,0.9022939503975491
817,55,104.89090909090909,374.09090909090907,9.632158772037805,7.41428351460094,0.6383543196351582
818,74,103.62162162162163,382.9054054054054,13.285369878376592,7.164867347842661,0.8421104679346079
819,118,103.02542372881356,523.4322033898305,13.477071099607958,11.658121172761227,0.501713697650252
820,38,104.89473684210526,27.789473684210527,8.494671163648093,5.822499776705912,0.728138824286064
821,14,105.71428571428571,95.14285714285714,5.613395058396714,3.2071349029490928,0.8207162296029479
822,72,104.30555555555556,245.61111111111111,11.975539731305485,8.014263749875326,0.7430648479528731
823,60,103.81666666666666,331.56666666666666,10.049892597969324,7.813925808904202,0.6288664148167714
824,33,105.27272727272727,399.3333333333333,7.727915307974388,5.5138347509948415,0.700659553989365
825,90,104.75555555555556,433.84444444444443,12.568675834615533,9.255428443113052,0.6765589150636704
826,78,105.3076923076923,451.6666666666667,12.079501395515251,8.50479493562429,0.7101321858015098
827,71,106.01408450704226,545.887323943662,11.797239795280147,8.229059271252458,0.7165448035517173
828,63,105.55555555555556,38.73015873015873,10.42435772096351,7.969641134430816,0.6445987366161117
829,30,105.6,424.1666666666667,8.137703743822469,4.909854037205859,0.7974792501140178
830,63,105.28571428571429,475.25396825396825,10.732294305168594,7.496267353034639,0.7156319014083905
831,9,107.11111111111111,387.22222222222223,4.312594463574638,2.660928660904759,0.7869526281849772
832,75,105.8,511.0933333333333,10.957361945783266,8.830827145742898,0.5920157561595035
833,19,105.84210526315789,530.8421052631579,5.271572221283754,4.5005385950383054,0.5207037318817048
834,78,106.26923076923077,592.8717948717949,12.099442112815616,8.355942676183858,0.7232315554867038
835,92,106.80434782608695,308.79347826086956,14.13849348901326,8.342104921812965,0.8073828928721517
836,53,107.18867924528301,117.28301886792453,12.10216458733767,5.755031013809691,0.8796955436105655
837,32,106.1875,280.03125,7.379217358501501,5.609726033951224,0.6496819904046445
838,105,105.55238095238096,297.45714285714286,18.971990486158425,7.767441416200828,0.9123476995638542
839,74,106.87837837837837,464.3918918918919,12.085995247276632,7.83562019654763,0.7613660089663618
840,122,107.05737704918033,490.05737704918033,15.07449054047704,10.610787583862562,0.7103087029636287
841,68,106.8970588235294,560.4117647058823,10.760215256409335,8.212981295082976,0.6460761535465854
842,24,107.41666666666667,8.041666666666666,6.690655804128373,4.5930639035173915,0.7271398646108289
843,60,107.61666666666666,50.06666666666667,9.461816392848846,8.297698977776589,0.48055094104704343
844,98,107.1938775510204,137.75510204081633,11.965534541577842,10.540479191429256,0.47329623686391403
845,136,107.5220588235294,195.2941176470588,15.705967891651857,11.868946058723084,0.6549218996355455
846,80,107.625,322.575,13.66475857849136,7.70288082418174,0.8259767887981521
847,19,107.47368421052632,235.3684210526316,6.622348419446912,3.563498005043304,0.8428798181127267
848,32,107.40625,337.59375,8.296150270234781,4.8880098909150504,0.8079944218757951
849,66,108.68181818181819,72.71212121212122,11.677545969011264,7.391108998391915,0.7742062371622328
850,35,109.48571428571428,177.94285714285715,7.900884372923603,5.740129558658185,0.6871481234583733
851,127,109.37795275590551,211.1811023622047,16.71456040471385,10.121415420598606,0.795811205418924
852,76,108.6842105263158,416.67105263157896,14.590502560391881,6.836500102403011,0.883432613176044
853,73,108.93150684931507,536.5479452054794,10.379681879798529,9.044014530058705,0.49071694209827915
854,18,109.33333333333333,408.3888888888889,4.853406592853679,4.786813161897337,0.16508685218121663
855,121,109.48760330578513,17.09917355371901,15.692317897196723,10.016742759882405,0.7697699365907787
856,72,109.44444444444444,63.875,12.43897293470689,7.6793599742153065,0.7866785190688704
857,24,110.0,99.875,6.077325358632581,4.9815777104569365,0.5727944638276179
858,34,110.05882352941177,397.05882352941177,8.05356036265221,5.736879969347021,0.7018336874958923
859,76,109.28947368421052,503.5,11.2327692477449,9.006428468193054,0.5975931763166137
860,129,110.55813953488372,83.33333333333333,17.830875332077344,9.535496748700547,0.8449948376365286
861,65,110.3076923076923,128.56923076923076,12.86590163505558,6.753929031726261,0.8511343147588372
862,63,110.26984126984127,166.9047619047619,9.346526154398356,8.899736570655184,0.30548385056358235
863,63,110.96825396825396,329.44444444444446,10.434152454753804,7.820370385195188,0.6620072594762463
864,29,110.93103448275862,375.41379310344826,6.728462016125951,5.500630044211441,0.5759048965827146
865,13,110.46153846153847,390.3076923076923,4.574174999174925,3.679464844031199,0.5940885257860048
866,42,110.78571428571429,554.4761904761905,10.095455049754706,5.451511308527111,0.8416672038414413
867,29,110.55172413793103,565.7931034482758,6.813252423651551,5.447886976208487,0.6005309429264336
868,53,110.77358490566037,106.88679245283019,8.296396125984177,8.234373854783913,0.12204806385504231
869,62,111.11290322580645,266.61290322580646,9.777185174438047,8.416498756219724,0.5088918635826111
870,7,112.42857142857143,23.714285714285715,4.155374705678736,1.9054711331003737,0.8886656215775005
871,127,111.92125984251969,31.64566929133858,16.100915111942868,10.745763164140396,0.7446987380714777
872,100,109.91,285.96,14.831075438665579,8.847824666696924,0.802558541964029
873,44,111.88636363636364,93.25,7.963092428638686,7.040196416615625,0.46729148053780395
874,77,112.84415584415585,115.25974025974025,12.530108832525956,8.422050319999341,0.7404195194460875
875,53,111.94339622641509,184.58490566037736,10.166394114873095,6.803612578786365,0.7430591597986027
876,111,112.009009009009,367.02702702702703,12.577001768914382,11.342525617896548,0.43205648418054543
877,46,112.1086956521739,543.5869565217391,8.56411134092918,6.946871347220803,0.5848231936159685
878,84,111.25,578.452380952381,14.910177605668208,7.321386722518685,0.8711410670736182
879,59,112.52542372881356,43.355932203389834,10.626776083353372,7.361170209742642,0.7212256199859739
880,41,112.09756097560975,403.1219512195122,7.839398400263892,6.6264384385940325,0.5343333460811409
881,66,112.92424242424242,437.969696969697,11.659730502552032,7.332281137760347,0.7775225060344095
882,72,112.19444444444444,451.43055555555554,12.93113101831621,7.279604433662396,0.8264896781482713
883,52,112.3076923076923,529.7307692307693,9.713851003618714,7.074140622252364,0.6853084304630451
884,75,112.66666666666667,339.53333333333336,13.02665994054505,7.417360844971074,0.8220616335887165
885,69,113.85507246376811,427.60869565217394,9.690313298826336,9.162398157460537,0.32556008334467285
886,40,113.0,464.925,9.072786591272454,5.76147059952811,0.7724893840864707
887,134,113.11194029850746,519.0820895522388,14.495556899177108,12.126955854454344,0.5478170881200056
888,53,113.39622641509433,596.7924528301887,11.109493832569946,6.132244506132052,0.8338557944705985
889,37,113.97297297297297,172.2972972972973,7.861213202010502,6.161546712555365,0.6210249240691095
890,108,114.43518518518519,225.53703703703704,13.038211916409109,10.638379859957785,0.578138621626323
891,133,114.62406015037594,274.96992481203006,15.428919202420467,11.38937225784052,0.6746000642286445
892,69,114.42028985507247,310.4782608695652,11.727273682509164,7.658438894190435,0.7573189989964441
893,37,114.43243243243244,387.43243243243245,7.664294324929796,6.109723126221121,0.6037587653867996
894,116,113.6896551724138,480.7241379310345,13.607198975679202,11.201108234967075,0.567787505143488
895,147,114.72789115646259,353.6190476190476,14.277022650849512,13.291348208461663,0.3651191827052628
896,34,114.17647058823529,381.3235294117647,7.143722418245544,6.209583360643943,0.49439673219538616
897,56,115.17857142857143,395.35714285714283,11.004916688587459,6.615841571384357,0.7991200812447545
898,30,114.86666666666666,408.1,7.398931147986698,5.139199687004565,0.7194089372812125
899,49,115.3061224489796,413.9591836734694,8.567627340216987,7.307274563811043,0.5220847627373462
900,39,114.92307692307692,551.5897435897435,8.712367047409568,5.771223502906056,0.7491349624069544
901,64,114.890625,589.796875,10.439551562090513,7.884427733352214,0.6554416401517623
902,117,115.88888888888889,55.837606837606835,14.58826737677963,10.506761598198404,0.6937457634985995
903,50,115.4,65.32,11.720966685854599,5.644514146415675,0.8764053701171439
904,37,115.62162162162163,178.24324324324326,7.768650281027339,6.167032906592245,0.6081321259530877
905,40,115.35,420.225,8.413918102031689,6.1673318519683615,0.6802376178534969
906,35,115.91428571428571,567.8,7.284702780612977,6.132220299882646,0.5397986499827183
907,24,115.20833333333333,574.2083333333334,5.710613899670604,5.354126134736337,0.34778442088045736
908,79,116.18987341772151,198.79746835443038,12.661174124507456,8.04297097935449,0.7723091606470186
909,112,116.84821428571429,498.85714285714283,14.216719406676033,10.360144467789711,0.6848015386970511
910,64,117.171875,187.296875,12.726725902970955,6.414642257417643,0.863686577186848
911,67,116.71641791044776,215.34328358208955,12.421421863843547,6.887060516688989,0.8322168677781473
912,163,116.9079754601227,258.16564417177915,16.854763100949828,12.795901481580945,0.6508736437361754
913,47,116.95744680851064,538.1489361702128,10.75191454158587,5.9009287589560815,0.8359367045199023
914,26,116.92307692307692,545.7307692307693,6.9292846976266445,4.767659353332066,0.7256680679140173
915,77,117.68831168831169,560.2337662337662,11.183626796054831,9.346384030876832,0.549155321150979
916,93,117.49462365591398,24.623655913978496,16.332175063726496,7.496515079989757,0.8884347886188958
917,48,117.375,292.2916666666667,8.665845424054806,7.068145346690596,0.5785702993378723
918,50,117.42,343.68,9.398788600709045,7.354044658497915,0.6227184261486025
919,33,117.57575757575758,454.3333333333333,7.023245561994378,5.976077939810085,0.5253280918441942
920,42,119.04761904761905,95.33333333333333,9.613527603556799,5.744921522251683,0.801803890475263
921,111,117.48648648648648,130.3963963963964,15.519975464634257,9.83653913891051,0.7734980934349779
922,40,117.975,434.2,8.092423085386738,6.439152786438585,0.6056890306111229
923,40,118.125,443.55,9.07143536783084,5.605270766632755,0.7862540218722222
924,64,117.078125,460.890625,12.588433093712133,6.800168361528499,0.8415419280610404
925,91,117.74725274725274,511.56043956043953,15.332546762513514,7.623527938772973,0.8676290203398092
926,111,117.87387387387388,103.94594594594595,14.633648278554942,10.03265482867944,0.7279896869980251
927,42,118.69047619047619,120.23809523809524,8.64716772130021,6.303884679706039,0.684501452290341
928,144,118.55555555555556,300.61805555555554,15.717670283973904,11.917038123393205,0.6520294150593702
929,155,118.4258064516129,324.10967741935485,17.65084673398342,12.178748177874708,0.7238275171338092
930,31,118.29032258064517,579.5483870967741,6.8575012356818705,5.700161964155581,0.555928406605324
931,69,118.8840579710145,246.9855072463768,9.883606686702745,8.967425379582995,0.42047756143392984
932,64,118.75,376.828125,11.832899959867293,6.9469289826348914,0.8095246260695118
933,44,119.29545454545455,403.3181818181818,8.62708791961928,6.495628432869518,0.6580959534226192
934,66,119.03030303030303,528.1060606060606,10.27782790530655,8.333325075188982,0.5853149107565753
935,98,119.37755102040816,45.173469387755105,13.44526289900495,9.662333172496409,0.695380042139104
936,76,119.39473684210526,78.63157894736842,12.478691098520951,8.10695452565206,0.7602215989717267
937,78,119.44871794871794,88.3974358974359,11.549528602156943,8.68467858880823,0.659219100842353
938,55,118.89090909090909,469.1636363636364,9.868397919779115,7.116911196315302,0.6927456146864783
939,19,119.26315789473684,506.5263157894737,7.7802859885255495,3.4989674484697715,0.8931684775516638
940,31,120.48387096774194,409.7096774193548,6.682906270558152,5.906710763289614,0.4677636309113802
941,114,120.87719298245614,487.640350877193,15.639401862869555,10.051272011619917,0.7661271505653439
942,49,120.81632653061224,384.3061224489796,9.61455785096645,6.581568608147083,0.7289734272790575
943,43,121.09302325581395,585.4186046511628,10.464554171610823,5.380178802333083,0.8577101210767433
944,92,120.28260869565217,69.20652173913044,12.99864573057315,9.81729364640136,0.6554309381743522
945,49,120.87755102040816,112.75510204081633,9.45891938335687,6.720571298988404,0.7036962315923373
946,50,119.36,169.36,10.698570426674372,6.282785276092804,0.809402230753526
947,89,120.70786516853933,284.30337078651684,11.718407620683099,9.828781322092071,0.5445210477618533
948,64,121.046875,361.453125,9.309672981074462,8.888738745483082,0.29729625742214594
949,89,121.84269662921348,313.7191011235955,12.257906713974817,9.852619477520545,0.5949311387107009
950,50,121.78,422.2,10.079150397204804,6.672055700496379,0.7495337924313592
951,69,122.02898550724638,447.2173913043478,12.858517150371817,7.714411116735278,0.8000407778739603
952,91,120.10989010989012,475.2087912087912,16.5055772977648,8.243174731880558,0.866361428901177
953,38,122.57894736842105,124.84210526315789,7.377726238629146,6.713459658729936,0.414688925709805
954,63,122.0,191.76190476190476,10.865739183413778,7.651960013184723,0.7099736852309206
955,46,121.6304347826087,266.7391304347826,8.249951415495604,7.220973648486207,0.4836261170833454
956,23,121.3913043478261,398.1304347826087,5.74995664258358,5.311862329366276,0.3828534027670034
957,54,123.0925925925926,536.074074074074,9.61921556047638,7.137886942110081,0.6703505163841191
958,60,122.31666666666666,548.2666666666667,10.617346007124697,7.302721516172654,0.7258903411023927
959,17,122.6470588235294,9.0,4.7527082062880375,4.53818859340845,0.2970442628930021
960,63,123.14285714285714,25.07936507936508,15.126466570434848,5.366045420964687,0.9349629163189991
961,46,122.71739130434783,372.6304347826087,10.53644679502689,5.683551674349455,0.8420379761696557
962,96,123.28125,392.40625,14.785565988293486,8.39528370013896,0.8231647095898236
963,31,123.0,542.0,7.549418804619164,5.258463368968652,0.7175190960564862
964,55,123.21818181818182,554.6727272727272,10.019250598609636,7.36411261676131,0.6780710625884271
965,72,123.94444444444444,204.02777777777777,11.480390933342315,8.254628739232908,0.6949895566231921
966,63,123.93650793650794,415.031746031746,10.553636205252106,7.727531376789455,0.6810734942611235
967,41,124.41463414634147,136.4878048780488,8.526650241108205,6.180748264586395,0.6888813253980464
968,112,124.0625,177.16071428571428,12.608764321031597,11.764371629955466,0.3597952380614515
969,37,125.24324324324324,185.32432432432432,8.15365460352367,6.482545415025,0.6065467376112512
970,63,124.55555555555556,332.0952380952381,10.087037955767634,8.557555785439181,0.5294013161315033
971,62,124.08064516129032,348.8225806451613,9.133010727534431,8.83430420959107,0.2536588224577549
972,57,123.66666666666667,567.4035087719299,9.336144865786522,7.997642398401277,0.5159275712568361
973,48,125.0625,61.458333333333336,8.254034494779866,7.4462946119444515,0.43144343207923214
974,19,124.73684210526316,92.15789473684211,6.27506632630675,3.833479458809703,0.7917026722706746
975,100,125.43,339.71,13.188965686755825,10.023331986598938,0.6499480686836419
976,57,123.91228070175438,427.05263157894734,12.513395302689863,6.077146731052325,0.8741526251749963
977,81,124.74074074074075,520.7037037037037,11.08906229490076,9.552169685738036,0.5079193347266631
978,99,124.21212121212122,38.38383838383838,15.956680348880129,9.101228914398558,0.821387142272956
979,84,125.57142857142857,166.5952380952381,13.698327037811342,7.9961617545592505,0.8119458769255593
980,168,124.20238095238095,214.42261904761904,19.13724307316127,13.139019803278345,0.727065542007927
981,74,125.51351351351352,455.2567567567568,12.529526310290503,7.788194064572166,0.7833449206358286
982,63,126.06349206349206,461.8095238095238,12.030572361824664,7.083493873945202,0.8082852506960493
983,55,125.2909090909091,497.0181818181818,9.002595128679745,7.848180815074059,0.4899176482931048
984,37,125.37837837837837,509.2432432432432,7.658730916817797,6.438772595254992,0.5414854500024705
985,88,126.32954545454545,51.02272727272727,14.283696439051054,8.08214435402847,0.8245219096990807
986,64,125.953125,81.75,9.905267258613122,8.372605585207445,0.5343425720199714
987,91,126.71428571428571,117.17582417582418,15.647150589830073,8.867956641304584,0.8238927207976516
988,63,126.26984126984127,291.41269841269843,10.181825838089964,7.927986652577602,0.6274697237876455
989,56,125.92857142857143,366.4642857142857,10.062607773541401,7.3532615490072875,0.6826440153474053
990,162,126.29012345679013,593.5432098765432,16.666750036518515,13.745602541705368,0.5655237250395094
991,97,126.80412371134021,102.76288659793815,12.291409496196197,10.519769007979077,0.5172017339769245
992,78,125.55128205128206,254.71794871794873,15.106778216157661,7.168919336905234,0.8802286292986958
993,52,126.17307692307692,276.6730769230769,10.431528390744676,6.545228809355376,0.7786594564262019
994,50,126.54,307.28,8.629946051579664,7.584459845422385,0.4770914054908172
995,52,127.38461538461539,400.4423076923077,9.943430110523856,6.697904556484697,0.7390951769042572
996,41,126.17073170731707,503.8048780487805,8.654747248322929,6.130316093783828,0.7058931557032098
997,67,127.22388059701493,197.13432835820896,10.79074942709425,8.261967411286644,0.6432540744368097
998,71,127.33802816901408,356.67605633802816,10.78860286548089,8.583488356886738,0.6058130429543186
999,57,127.03508771929825,407.2280701754386,9.254817125256181,7.837488761838587,0.5318237473193704
1000,52,126.90384615384616,431.6923076923077,11.701319897294002,5.8861838230274115,0.8642655247663571
1001,113,126.72566371681415,575.8230088495575,14.469577967312235,9.97192095668837,0.7246048232319864
1002,65,125.64615384615385,270.3538461538462,14.492125421870869,6.363548574569547,0.8984362961183326
1003,73,127.67123287671232,381.06849315068496,10.432269727971281,9.032300940309517,0.5003832732817336
1004,44,126.8409090909091,13.227272727272727,8.307024751953794,6.764756818374872,0.5803857030335225
1005,37,127.75675675675676,237.13513513513513,8.807700129839228,5.412362335324053,0.7889141140727391
1006,38,127.86842105263158,319.0263157894737,7.755601072509575,6.30659097113635,0.5820318580875454
1007,86,125.8953488372093,437.80232558139534,13.766268688082537,8.150680940125422,0.8058819374362922
1008,40,128.775,68.475,7.672550498170566,6.746255913691877,0.47632070762559897
1009,77,128.3116883116883,243.66233766233765,10.888313688202278,9.107639352967624,0.5480279133689545
1010,78,128.9102564102564,468.56410256410254,11.718768846549695,8.806405111512078,0.6597573584474499
1011,88,128.25,528.0113636363636,13.606753200853326,8.30331923427459,0.7922203278853216
1012,14,128.64285714285714,56.0,5.437578714083935,3.2676651736867046,0.799293220845847
1013,42,129.4047619047619,223.64285714285714,9.219941586206922,5.810259637591873,0.7764458322237641
1014,58,129.20689655172413,282.8448275862069,9.239661444152434,8.130819513277276,0.4749902375303076
1015,30,129.03333333333333,389.1,7.761483866371997,4.883467731124687,0.7772494775506421
1016,38,128.71052631578948,544.0526315789474,9.001899864714217,5.399972652044886,0.8000972352845588
1017,112,129.95535714285714,22.071428571428573,13.695848621958772,11.346311362940739,0.5600645882072325
1018,83,131.13253012048193,31.180722891566266,12.942049319248913,8.74751602368501,0.736994415424182
1019,71,129.80281690140845,74.95774647887323,11.505824166452122,8.231286539440124,0.6987133614859692
1020,67,129.76119402985074,144.73134328358208,11.33193133609647,8.171522989920076,0.6928248150447246
1021,32,129.09375,262.53125,7.521563857052751,5.636472934759621,0.662145683556684
1022,111,129.17117117117118,230.12612612612614,15.89214481134077,9.078993726982043,0.8207495780877866
1023,98,130.19387755102042,489.3673469387755,12.08429809209708,10.424903401229308,0.505747171715501
1024,62,129.5483870967742,558.6774193548387,12.025735160837863,6.749093883111481,0.827666058217162
1025,109,130.38532110091742,127.22935779816514,16.36486257527945,8.555361989547512,0.8524624227964638
1026,21,129.61904761904762,186.76190476190476,7.264110052887357,3.6519876135555984,0.8644353582421801
1027,53,130.30188679245282,372.60377358490564,9.688759588007915,7.012610744273313,0.690022108187494
1028,58,129.77586206896552,449.01724137931035,11.751652088702606,6.5274308367671665,0.8315513189886633
1029,34,130.35294117647058,552.3529411764706,7.486343710912011,5.918388480148103,0.6123872465350418
1030,75,130.98666666666668,565.88,10.524174626108836,9.462654877361631,0.43767117743833683
1031,64,130.796875,94.890625,11.001018299959592,7.721789550612875,0.7122598426171514
1032,70,130.64285714285714,513.6714285714286,11.167234746912591,8.112362117642203,0.6872264755179277
1033,31,131.29032258064515,63.645161290322584,7.472059663950883,5.3429482957203644,0.6990661904974356
1034,78,131.57692307692307,252.37179487179486,12.723345052441953,8.15332937884071,0.7676940927034016
1035,86,130.48837209302326,328.66279069767444,15.968639411274797,7.37182615785442,0.8870652970505034
1036,86,131.91860465116278,348.5581395348837,14.037277377215638,8.189861236265893,0.8121586952348688
1037,124,131.53225806451613,478.63709677419354,14.11737430387773,11.455176764681655,0.5844579043249983
1038,62,131.79032258064515,135.25806451612902,9.768412149069272,8.102335658844286,0.5585921858268972
1039,147,131.52380952380952,5.761904761904762,15.480301488152268,13.01236785074401,0.5416938352744983
1040,82,132.70731707317074,40.9390243902439,12.804092264167231,8.23382364808297,0.7658142189782216
1041,30,132.26666666666668,270.56666666666666,6.5885293450584514,6.1032007051285335,0.37669502861176274
1042,29,132.06896551724137,425.37931034482756,6.31709698813193,5.865647409345603,0.37124417452955843
1043,70,132.5,500.0,11.71464844843524,7.6360898942083555,0.758355535118268
1044,120,132.65,586.475,16.32536794341522,9.718317490463255,0.8035114205676483
1045,115,132.71304347826086,86.07826086956521,14.524577450173242,10.520552196246964,0.6894559744969332
1046,23,133.0,413.17391304347825,5.40531139753741,5.36036000258172,0.12869789041755691
1047,31,133.0,507.7096774193548,8.579237111186208,4.643729579657276,0.8408454045038194
1048,66,133.0,533.7272727272727,11.72065638249518,7.2098256472886675,0.7884191565104989
1049,132,133.50757575757575,111.99242424242425,17.32970455828138,9.959651343824335,0.8183532201885874
1050,62,133.24193548387098,202.69354838709677,10.576124875668881,7.553892732454269,0.6999007405652897
1051,7,133.28571428571428,210.0,3.0237157840738176,2.799416848895061,0.377964473009227
1052,110,133.36363636363637,311.3727272727273,13.616353988438204,10.39239367086829,0.6461283010159257
1053,45,133.51111111111112,365.22222222222223,8.945255558624027,6.639216302724497,0.6701725573306149
1054,41,134.0,455.5853658536585,8.775989106484882,6.011132224652182,0.7285880947917998
1055,52,134.46153846153845,15.403846153846153,9.11700542469438,7.344343652344053,0.5925069360557796
1056,49,134.20408163265307,52.40816326530612,8.505214091401314,7.629347236620547,0.4419899321476281
1057,45,133.33333333333334,58.68888888888889,9.252688491430815,6.334666731101487,0.7288909170209869
1058,24,134.20833333333334,183.29166666666666,7.327189940229072,4.194051186810153,0.8199776167656269
1059,87,133.98850574712642,191.86206896551724,13.527387081692808,8.472528849298993,0.7795627576098952
1060,58,132.6551724137931,444.36206896551727,11.974169702604835,6.362493921312431,0.8471514059403518
1061,31,135.32258064516128,68.64516129032258,7.106580821696793,5.565815198780913,0.6217803008858807
1062,57,134.42105263157896,288.2631578947368,9.057137383301754,8.219946698803499,0.4199102362341594
1063,49,133.9795918367347,540.734693877551,8.591132876746508,7.461355070244012,0.495698106109736
1064,50,134.58,548.24,8.51465163658726,7.520419370458134,0.46893482475892373
1065,101,134.25742574257427,176.21782178217822,11.961277346700417,11.068620300727263,0.37906244721476245
1066,147,132.91156462585033,298.0204081632653,16.620979550770002,11.364957643765637,0.7296958826881306
1067,80,135.6125,277.1625,10.650016213500304,9.661891877483447,0.4206596829320476
1068,68,135.16176470588235,396.70588235294116,9.730999306411757,9.034518879904311,0.3715158073708297
1069,32,134.75,434.46875,7.71888255447723,5.329467807406953,0.7233844045496836
1070,67,135.71641791044777,463.86567164179104,10.446808035608367,8.21206728230772,0.6181198512020658
1071,79,135.126582278481,521.5316455696203,15.327548169031859,7.45511133436368,0.8737438108923491
1072,55,135.98181818181817,141.5090909090909,10.732888051223048,6.533713461774605,0.7933572584906826
1073,88,136.5681818181818,266.1931818181818,13.554085476109336,8.643274170933449,0.770294971342189
1074,43,135.7906976744186,360.06976744186045,9.33361379671155,5.969902667863647,0.7686969126065115
1075,26,136.07692307692307,555.0,6.126101825322724,5.594575836704825,0.40743131152106477
1076,19,136.68421052631578,63.36842105263158,5.691319941432348,4.501401663531356,0.6119143649591854
1077,97,135.97938144329896,158.08247422680412,13.200189307985392,9.63617471361074,0.6834441900050979
1078,98,135.25510204081633,166.5612244897959,16.838834601449474,7.91829402147125,0.8825385645453497
1079,80,137.3875,246.6,11.121991429175088,9.356217539655429,0.540668383804
1080,58,137.17241379310346,330.08620689655174,10.911736444119683,6.912868674804474,0.7737214066990662
1081,43,136.62790697674419,439.9767441860465,9.414805313864512,6.12451052018622,0.7594899094418615
1082,90,137.5888888888889,99.33333333333333,12.63322771792147,9.352814425297572,0.6722386603460516
1083,93,137.06451612903226,339.6666666666667,11.504406966260996,10.712165133226922,0.3646726342709817
1084,78,137.75641025641025,373.02564102564105,11.708243074080427,8.497856174860184,0.6879045752443709
1085,43,137.74418604651163,75.13953488372093,7.507093721088248,7.317156935251282,0.2235213847434351
1086,94,137.9255319148936,238.22340425531914,14.336781913213539,8.56733285772707,0.8018114395887708
1087,70,137.97142857142856,429.54285714285714,11.30487009076108,8.310941521013696,0.6778885246721508
1088,47,138.25531914893617,495.3404255319149,8.438908446580102,7.294294660686581,0.5028654356354241
1089,31,138.4516129032258,256.19354838709677,7.018683057325421,5.614321539688548,0.6001186945549926
1090,98,137.3265306122449,320.4795918367347,13.425589583903493,9.47607654167188,0.7083892284743967
1091,63,138.06349206349208,353.3333333333333,11.401929895825063,7.124387103608551,0.7807524584992335
1092,22,138.95454545454547,80.81818181818181,6.659058765672487,4.452215809180721,0.7436264124385313
1093,125,139.2,578.152,14.278934450979405,11.720681163850228,0.5711621689577042
1094,69,140.44927536231884,4.855072463768116,14.101765565870785,6.87849553964267,0.8729691152249295
1095,33,139.9090909090909,56.78787878787879,6.839380398692618,6.218822084763517,0.41621357338754483
1096,69,138.9855072463768,208.56521739130434,9.86078789901844,8.913308680304931,0.42771329795599294
1097,74,138.82432432432432,474.7432432432432,13.98425938726791,6.839868834917202,0.8722209974655972
1098,26,139.76923076923077,482.88461538461536,6.732079640162446,4.937939421494008,0.6796960226195854
1099,91,139.23076923076923,568.8791208791209,14.095090214437406,8.509899930489533,0.7971742981034428
1100,98,140.72448979591837,47.43877551020408,13.012083504227375,10.649470123332517,0.5746072701753955
1101,37,140.02702702702703,120.75675675675676,8.05663748969793,5.869970435593657,0.6849520699360303
1102,29,140.10344827586206,192.3793103448276,6.567599974770199,5.721731558020917,0.49091787137495235
1103,117,139.65811965811966,220.92307692307693,15.615598239976444,9.822367364917804,0.7773972129278411
1104,49,139.91836734693877,539.265306122449,9.567342002279224,6.7346563633595995,0.7102779198450597
1105,112,140.40178571428572,29.196428571428573,13.974685872813549,10.80710941648408,0.6339979903746089
1106,68,141.14705882352942,38.220588235294116,13.401223879953225,6.632383689011378,0.8689449207211448
1107,93,140.23655913978496,128.7311827956989,12.858499508240643,9.385696282600053,0.6835308964995639
1108,32,140.59375,364.46875,7.564672487762672,5.442378170697669,0.6945477222849931
1109,56,140.41071428571428,458.26785714285717,9.276277864354268,7.952772305972175,0.5147777928307415
1110,22,140.1818181818182,516.0454545454545,6.246005376084607,4.559503233301208,0.6834609435527762
1111,59,140.5084745762712,524.271186440678,11.879336044969676,6.378605138534042,0.8436143021643522
1112,29,140.27586206896552,546.2758620689655,6.391201135717009,5.827412046367451,0.41066416378704923
1113,80,140.7,560.6375,12.27421761325578,8.270494663709151,0.7389043472865806
1114,68,141.0735294117647,199.26470588235293,10.796591394851331,8.094449916018606,0.6617520958383403
1115,65,141.12307692307692,228.6,11.902820598501096,7.139092994361857,0.8001637401236728
1116,84,142.04761904761904,489.1904761904762,11.810417303171386,9.426008913213447,0.6025121292400345
1117,91,140.98901098901098,501.9230769230769,14.659691016321286,8.356555357989347,0.8216195400790667
1118,30,141.96666666666667,172.66666666666666,6.746402831426245,5.670728343628801,0.5417249013180155
1119,46,141.54347826086956,399.32608695652175,9.338020413212698,6.374560624515043,0.7307493969667133
1120,38,141.02631578947367,553.2894736842105,8.34032704347295,5.932318889927604,0.7029074429667468
1121,47,142.2340425531915,70.44680851063829,9.516766808107292,6.497044955959844,0.7307038619256117
1122,37,141.8108108108108,162.8108108108108,7.494338877412812,6.689064005281973,0.4509505971787197
1123,52,142.40384615384616,312.5192307692308,8.427891763074465,7.818215051004144,0.3734268196699798
1124,42,142.26190476190476,436.7142857142857,7.72133716522259,7.042469160889963,0.4100146012324369
1125,84,142.0,152.26190476190476,16.361733732068714,6.80027813104505,0.9095379520345175
1126,49,142.30612244897958,347.2448979591837,10.850010843988334,6.284246863879968,0.8151906763988712
1127,118,144.20338983050848,19.64406779661017,17.647986439093515,9.295271110726146,0.8500485483690944
1128,110,143.11818181818182,90.16363636363636,13.145240036264832,11.109612542085396,0.5345396842768753
1129,136,143.0808823529412,183.125,15.51819773611966,11.722589433931883,0.655253333563383
1130,118,142.28813559322035,387.50847457627117,14.271909589839593,10.528413955707247,0.6751266519655621
1131,77,142.6103896103896,445.3636363636364,12.04833007440728,8.325039751298698,0.7228830277865795
1132,79,143.34177215189874,62.949367088607595,11.27774877665138,8.995985141048282,0.6030867436225134
1133,59,143.64406779661016,279.8474576271187,9.398826257269262,8.057528863855904,0.5148322013152107
1134,75,142.94666666666666,510.5733333333333,11.071501226175338,8.903012881972922,0.5944429016101674
1135,60,143.56666666666666,135.63333333333333,10.755367697655787,7.391425897574404,0.7264386189544869
1136,115,143.4608695652174,144.61739130434782,14.044103487697994,11.065649617678735,0.6157758314628159
1137,91,144.27472527472528,260.8241758241758,12.175867358902725,9.67277249276838,0.6073666609962485
1138,105,143.88571428571427,423.9714285714286,13.33676833887208,10.461903584041954,0.6202038570901842
1139,48,144.60416666666666,77.14583333333333,8.196915040326207,7.569458034283903,0.38371382969597617
1140,35,144.5142857142857,83.2,7.938080873476126,5.757048439958627,0.6884915452116016
1141,180,145.12777777777777,112.56666666666666,16.19291143376982,14.746432572628349,0.41312992649502883
1142,56,143.58928571428572,251.30357142857142,11.113610573249948,6.570489593290192,0.8065168759992968
1143,49,144.46938775510205,355.7755102040816,9.652474434679489,6.500254671849091,0.7392520517636278
1144,75,143.8,534.04,12.296043020032728,8.028806016432604,0.7573936723791179
1145,77,144.62337662337663,270.76623376623377,11.32416467147896,8.753252274174024,0.6344412062858904
1146,132,145.38636363636363,328.65909090909093,14.4041695254446,12.016371270860757,0.5514186397663854
1147,59,144.77966101694915,473.35593220338984,11.522266603390053,6.9885878378704,0.7950614301643877
1148,26,145.26923076923077,192.34615384615384,6.458964791992076,5.156497466643327,0.6021972256327986
1149,22,145.77272727272728,319.77272727272725,6.995672033882734,4.039402324782523,0.8164511737374501
1150,111,145.5045045045045,371.35135135135135,17.832009120995814,8.498478798372467,0.8791280703910384
1151,37,145.67567567567568,543.2162162162163,7.399836035604283,6.367195996971463,0.5095332677542531
1152,43,145.95348837209303,549.6279069767442,8.40765561836501,6.569207369767673,0.6241101110303254
1153,141,145.85106382978722,591.8936170212766,18.20175010397068,10.402742023423459,0.8205851592724736
1154,44,146.22727272727272,203.4090909090909,8.772063638949149,6.571387290305215,0.6624267147830565
1155,65,146.30769230769232,236.1076923076923,15.844748267261561,5.789690872097492,0.9308501083549209
1156,92,146.32608695652175,412.6630434782609,13.108010981011926,8.990884425519594,0.7276886399055275
1157,40,146.725,516.9,8.690597064170642,5.958483252324255,0.7279557133806132
1158,38,146.1578947368421,598.0263157894736,14.64141138653102,3.2376315735314445,0.975244707639394
1159,36,147.16666666666666,49.666666666666664,7.374278424427028,6.553880610170081,0.4583946866031041
1160,25,146.96,555.24,6.402487289320216,4.897035481808672,0.6441911507451396
1161,46,147.2826086956522,126.28260869565217,12.05326601594847,5.106471994594645,0.905821857086041
1162,15,147.66666666666666,197.53333333333333,5.148879227269528,3.609268690575713,0.7131795312507127
1163,66,147.65151515151516,395.56060606060606,10.110164056584987,8.378961070794418,0.5595951916338416
1164,29,147.55172413793105,503.8965517241379,6.702189065296934,5.869653968845968,0.4827075320188596
1165,46,148.5,521.5869565217391,11.02218647158189,5.449290800186448,0.8692385486702922
1166,55,147.0909090909091,3.381818181818182,12.53303536458771,5.995760189706817,0.8781439481110183
1167,140,147.9142857142857,100.59285714285714,16.339340199888586,11.185406061966653,0.728948050769479
1168,75,146.21333333333334,215.44,12.181654209447533,8.332758023428063,0.7294430158356423
1169,94,147.2659574468085,343.5425531914894,16.17572656541036,7.723551578487658,0.8786437714048438
1170,63,149.11111111111111,55.285714285714285,11.755294395159806,6.964185276141317,0.8056221672349998
1171,130,148.76923076923077,463.03076923076924,15.497813961575726,10.87819648940451,0.7122576418278598
1172,30,148.93333333333334,67.76666666666667,6.888662982480874,5.668988747996314,0.5681214722644256
1173,66,149.1969696969697,209.06060606060606,10.594473467079991,8.37304678644141,0.6126915523615846
1174,53,149.58490566037736,252.0754716981132,9.77967793704217,7.158614383823785,0.6813167006817067
1175,77,149.0,527.5844155844156,12.421134296701915,8.207779279150577,0.7505695613024702
1176,122,149.29508196721312,583.5,15.18663649402604,10.327701714829427,0.7331639308498551
1177,36,150.0,17.444444444444443,7.829477081668875,5.924048476845619,0.6538386701192902
1178,71,148.8732394366197,42.225352112676056,11.838468568112008,7.805246824437379,0.7518692807520903
1179,105,148.82857142857142,160.25714285714287,16.814406809135697,9.414018847855337,0.8285749608792274
1180,34,149.38235294117646,226.52941176470588,7.27903766097953,6.054970648448354,0.5550204579946817
1181,69,148.44927536231884,243.7536231884058,11.524550671430282,7.781333501482341,0.7376381305622527
1182,43,149.06976744186048,316.3255813953488,8.953587561804056,6.420446138371174,0.696990000738906
1183,100,150.04,438.98,14.251475564446023,9.229487755883202,0.7619666257537749
1184,76,149.14473684210526,484.38157894736844,11.73054953470072,8.580450134546536,0.6818823053807582
1185,41,149.5609756097561,232.3658536585366,8.210027043953104,6.336440854875751,0.635873940399997
1186,98,148.9795918367347,9.183673469387756,16.280048449231725,8.214305083006526,0.8633750570432493
1187,72,152.68055555555554,80.33333333333333,13.976795749914132,7.311696722392417,0.8522522151304237
1188,32,150.4375,360.90625,7.7670301822160726,5.474496976759103,0.7093684395441502
1189,35,149.94285714285715,430.34285714285716,8.32822213766455,5.494849323406294,0.751453025522185
1190,165,149.47272727272727,452.1818181818182,18.542063427420608,11.850182065394092,0.7691259214267716
1191,59,150.32203389830508,476.22033898305085,10.424521314121382,7.587571409046025,0.6857278669291954
1192,86,151.0,493.2325581395349,13.487543151479205,8.314314395604107,0.7873987901469787
1193,49,150.77551020408163,509.9183673469388,9.938681268047215,6.406586891117754,0.7645104244350799
1194,142,150.54225352112675,572.1338028169014,16.105583540653672,11.401109717845987,0.7063147170796827
1195,56,151.125,73.67857142857143,9.799196915462323,7.449916107989093,0.6496214617107083
1196,34,151.05882352941177,133.7941176470588,7.564081782297619,5.733640395825079,0.6522443491553785
1197,99,151.6161616161616,180.4747474747475,15.217970769382916,8.520053209260666,0.8285818872884162
1198,60,151.15,276.71666666666664,10.03184871820962,7.873006637694283,0.619747625601831
1199,61,150.88524590163934,354.0327868852459,9.610102906702956,8.353363522158558,0.4944127340742062
1200,110,151.14545454545456,383.3636363636364,17.094282105499047,8.391794415528247,0.8712089601449846
1201,37,151.72972972972974,220.83783783783784,7.772955600350442,6.119733598872993,0.6165560464756383
1202,28,151.46428571428572,322.42857142857144,6.645618567363629,5.373692416173669,0.5883494116958797
1203,44,151.3409090909091,544.3863636363636,8.878003598258045,6.369417701908339,0.6966222981162997
1204,47,151.5744680851064,139.29787234042553,9.852461817184325,6.068350404338393,0.787806948258194
1205,79,151.62025316455697,192.0632911392405,11.67620920347538,8.634844907936746,0.6731294403568071
1206,85,151.96470588235294,284.05882352941177,12.642400232958504,8.639189701738925,0.7300905304480414
1207,37,151.9189189189189,340.0,7.418396017624641,6.493035619464885,0.4836501803282976
1208,44,152.0681818181818,500.47727272727275,7.73231640733193,7.36956284528631,0.3026995131809149
1209,65,151.90769230769232,536.1538461538462,10.374361998290594,8.34150229069693,0.5945621380470402
1210,96,151.85416666666666,559.7083333333334,12.723360087801327,10.136471403826313,0.6043987596863979
1211,60,152.65,150.33333333333334,9.929108800640172,7.81931501564803,0.616296398874766
1212,46,152.97826086956522,201.2391304347826,8.402081477397838,7.037471835392001,0.5463043955044956
1213,60,152.28333333333333,423.4,9.09394389859725,8.523833640136427,0.34849994835624604
1214,71,153.14084507042253,62.28169014084507,10.23806270168825,8.904225191019375,0.4935493679780131
1215,79,153.51898734177215,90.84810126582279,10.758261728857738,9.530035336801172,0.46400205564882535
1216,93,152.83870967741936,266.4516129032258,11.751791250687806,10.646862769201205,0.4233250580126905
1217,10,153.0,374.5,5.656854249492381,2.0,0.9354143466934853
1218,130,153.52307692307693,32.00769230769231,13.849591076200483,12.004908208931385,0.49864557816422217
1219,64,153.59375,127.375,9.702008360872831,8.4249871670854,0.4959070948981905
1220,48,153.45833333333334,312.8541666666667,10.018948868308469,6.130737423181511,0.7909241241185624
1221,82,152.6219512195122,367.9146341463415,12.046152561135465,8.834469578487376,0.6798133570239567
1222,34,154.02941176470588,13.294117647058824,7.674857055694,5.855500029318517,0.6464624441787249
1223,55,153.78181818181818,163.23636363636365,10.701584226010693,6.641646403899077,0.7841093218453614
1224,49,154.79591836734693,306.9591836734694,9.477509766335462,6.584930909634468,0.7192073737768021
1225,63,154.52380952380952,330.12698412698415,10.74667539307134,7.871225058360441,0.6808385784239196
1226,65,153.72307692307692,404.81538461538463,9.966597933773064,8.525211628975446,0.5180038208978844
1227,74,155.8108108108108,110.95945945945945,11.03247876154202,8.740030762136527,0.6102496559125419
1228,68,155.94117647058823,213.35294117647058,12.00657954142837,7.493099891583583,0.7813582065881366
1229,33,155.36363636363637,240.84848484848484,6.948745596395849,6.239302236306684,0.44019257136655165
1230,46,155.3695652173913,516.8913043478261,8.193751007477378,7.080983492792158,0.5031602126912897
1231,49,155.6530612244898,42.97959183673469,9.928436332630527,6.3167861401920264,0.7714980210575462
1232,42,155.97619047619048,234.71428571428572,7.807772944165761,6.969980757916898,0.45065603312964975
1233,19,155.68421052631578,356.7368421052632,6.6528767901112555,3.581215295367796,0.8427560065087388
1234,81,155.6172839506173,469.8888888888889,11.850659579034557,8.957157363224509,0.6547607629432705
1235,69,156.3913043478261,226.36231884057972,11.639886682155069,8.030222450166484,0.7239157664640332
1236,71,157.0281690140845,248.2112676056338,10.73661090147284,9.15891207411234,0.5218221582848827
1237,86,155.9418604651163,257.6744186046512,11.693095637223694,9.785394082511672,0.5474287287346252
1238,52,156.32692307692307,507.28846153846155,9.882193567923213,6.810121382521531,0.7246372194836862
1239,73,157.12328767123287,21.164383561643834,10.983299023644038,8.950768190943094,0.5795404087866424
1240,49,155.73469387755102,50.06122448979592,10.969897910888383,5.822691716474705,0.8475045425399826
1241,93,155.247311827957,120.10752688172043,14.496989518319108,8.960278756987039,0.786116316917637
1242,59,157.05084745762713,320.50847457627117,10.132390121181112,7.492637155305742,0.6731853238437824
1243,120,155.65,414.225,14.97096383059558,10.565679122343834,0.7084661940989775
1244,50,157.3,447.14,10.82335338775805,6.104213417280423,0.8257847511880011
1245,86,158.67441860465115,480.83720930232556,13.396572174527536,8.690688588512193,0.7610230846851029
1246,51,157.13725490196077,2.627450980392157,9.262016091392837,7.052103709325767,0.6482817861628856
1247,27,157.74074074074073,198.37037037037038,6.729073867637169,5.1680355017146224,0.6404308141967929
1248,119,157.6386554621849,345.672268907563,16.108862171772394,9.55960221231785,0.8048801052934382
1249,98,159.5204081632653,69.74489795918367,14.093946079708626,9.020754496291183,0.7683377332219292
1250,34,157.47058823529412,135.02941176470588,8.142697253484618,5.511323083446985,0.73612791713212
1251,70,158.54285714285714,273.64285714285717,10.191297289962458,8.854948481432757,0.49503412385412887
1252,29,158.3448275862069,572.5862068965517,7.005261640494672,5.285772319659345,0.6562504138931463
1253,12,157.75,581.5833333333334,4.418071998329191,3.371873174730685,0.6461621652955031
1254,151,158.5562913907285,433.27814569536423,15.465130267277654,12.709365082753079,0.5697647735969485
1255,75,160.06666666666666,497.9066666666667,13.284292884860259,7.444712239370225,0.8282121885085766
1256,138,158.64492753623188,553.2536231884058,16.180940568122566,11.433501056538207,0.7076102093677826
1257,96,160.8125,57.208333333333336,15.008289529364514,8.669542526857445,0.8162843643087583
1258,112,160.00892857142858,81.08035714285714,17.308418924753266,8.99363503039438,0.8544033000971912
1259,134,159.13432835820896,299.7761194029851,16.941311595593536,10.210754345473696,0.7979577936704698
1260,46,158.93478260869566,369.6304347826087,10.300403247915543,5.732868052391781,0.8308025002013913
1261,64,159.203125,379.5,12.783572881970846,6.570396344311321,0.8578070635462801
1262,44,158.75,487.3863636363636,8.522818452166192,6.63122431224803,0.6281957541101362
1263,18,159.16666666666666,492.27777777777777,6.710700320565251,3.4574782036266116,0.8570587525014811
1264,75,158.85333333333332,542.9066666666666,11.2419690034435,8.77959247554957,0.6245738835790592
1265,62,159.11290322580646,191.4516129032258,9.82884807023667,8.11554113039001,0.5641301420150636
1266,69,160.8985507246377,361.92753623188406,13.877945233484223,6.713195388493902,0.8752166052626966
1267,56,158.03571428571428,388.7142857142857,10.620363518952548,6.981295794492586,0.7535854283935984
1268,16,159.8125,126.5,5.301859257350197,3.7852065221398448,0.700207434242993
1269,119,159.2016806722689,143.1764705882353,16.28979463308159,9.665727728836906,0.8049365218067688
1270,23,159.7391304347826,336.4782608695652,6.351163650196406,4.732060748486359,0.6669864103739492
1271,127,159.93700787401573,532.4094488188977,15.54094677056581,10.76085982199849,0.7214948163467595
1272,49,160.0,151.71428571428572,9.760641109526281,6.420255528356555,0.7532189670490176
1273,39,159.7948717948718,163.94871794871796,8.103532477483451,6.282005759577092,0.6316935663456777
1274,126,159.8968253968254,178.0952380952381,14.44017440280733,11.449996788498186,0.609317309110231
1275,49,161.12244897959184,219.59183673469389,8.54510495935668,7.395131511444678,0.5010417145438272
1276,8,161.875,249.875,3.4641016151377544,2.7386127875258306,0.6123724356957945
1277,39,160.25641025641025,402.5128205128205,7.724912761893528,6.647874125007916,0.509322135136265
1278,49,160.6530612244898,462.6530612244898,9.823846405354432,6.481331676152649,0.7514807746158011
1279,156,160.75,99.25641025641026,17.229143276529268,11.603583238888316,0.7392001659432963
1280,67,159.92537313432837,205.16417910447763,11.567347493158191,7.53132557609198,0.7590048882045498
1281,43,161.32558139534885,356.25581395348837,8.726407433359187,6.309071512106341,0.6908625480454188
1282,180,163.42222222222222,12.011111111111111,16.06231247117387,14.549265631778514,0.42370245036543175
1283,71,162.16901408450704,43.40845070422535,12.273926165666808,7.751356500163963,0.7753511829262958
1284,33,161.3030303030303,234.84848484848484,9.138971986189768,5.06684781445515,0.8322356411790868
1285,43,161.6046511627907,242.27906976744185,8.757670247467797,6.304154831325165,0.6941360605236012
1286,9,163.0,561.0,3.265986323710904,3.265986323710904,0.0
1287,109,161.3577981651376,567.2935779816514,15.242144086117081,9.392178952605102,0.7875912674092197
1288,55,162.3272727272727,34.74545454545454,9.084403098502747,7.906011972074879,0.4925500067348878
1289,35,162.0857142857143,89.37142857142857,7.57629532221225,5.946475049737902,0.6196490659931493
1290,27,162.07407407407408,226.0,7.220154527076466,4.73795776433317,0.754575888157482
1291,128,162.0,396.1875,18.07466934298892,9.552163531976225,0.8489436069346685
1292,92,162.09782608695653,421.92391304347825,12.197404064146108,10.087625890155362,0.5621569674221149
1293,84,161.91666666666666,510.5357142857143,15.397011401095346,7.4667865640143,0.8745416666941654
1294,16,162.875,1.875,5.867708639805398,3.6152448490182634,0.7876480070835765
1295,72,162.20833333333334,329.3888888888889,10.417569632249826,8.801770079789243,0.5349295154754757
1296,37,162.83783783783784,63.486486486486484,8.063397196322295,6.023926333706122,0.664744792119782
1297,25,162.96,253.88,6.136573662722048,5.231296558405583,0.5227624322825849
1298,40,162.7,291.85,8.531023721019812,5.985117732459177,0.7125996874908606
1299,71,163.18309859154928,474.16901408450707,11.467600838828572,7.986386383234777,0.7176242971640612
1300,88,164.0340909090909,25.568181818181817,12.644829839754657,9.156062741987984,0.6896998586905045
1301,63,163.66666666666666,212.93650793650792,10.67165100057985,7.730824714225845,0.6893522517882961
1302,42,163.45238095238096,321.3809523809524,8.642893203258078,6.361283672097475,0.6769671612076968
1303,48,163.1875,157.14583333333334,9.332779045576908,6.531701476286976,0.714273457200132
1304,72,163.63888888888889,169.43055555555554,13.079761638410147,7.369654726716601,0.8261573082920286
1305,116,163.8448275862069,311.86206896551727,13.347562519321432,11.137749833091505,0.55109769145121
1306,30,164.23333333333332,413.3666666666667,6.283778480530452,6.123063431436929,0.22471808759223103
1307,83,164.90361445783134,107.98795180722891,13.443492291500721,8.056344222503778,0.8005434943291242
1308,66,164.65151515151516,198.6818181818182,11.422783380405143,7.801679883762922,0.7304250174510013
1309,114,164.32456140350877,523.5175438596491,15.006837306858879,9.789857500708997,0.7579094149097376
1310,30,164.93333333333334,547.7666666666667,7.4331757492953106,5.247762322285492,0.7082198467090369
1311,41,165.7560975609756,231.41463414634146,8.99768904244068,5.928230085205334,0.7522643438341884
1312,16,165.5625,249.25,4.999309771558982,3.9930441780670143,0.6017040856918728
1313,117,165.73504273504273,377.3333333333333,17.8180507393903,8.729103563131398,0.8717773583939764
1314,64,165.390625,407.75,11.195261292450034,7.514966290261719,0.7412191253901801
1315,139,165.68345323741008,442.9352517985611,14.633235976337522,12.233794335371597,0.5486868505251309
1316,41,165.8780487804878,488.0243902439024,7.560093868301312,6.868979168196782,0.4177025179891314
1317,161,165.46583850931677,264.0807453416149,15.419017880794563,13.380962340874865,0.4968752793537127
1318,137,166.38686131386862,118.48905109489051,14.375785085696682,12.81958494448301,0.45253131731077517
1319,104,164.60576923076923,130.01923076923077,15.779577227861076,8.912654816761906,0.8252126593083816
1320,53,167.26415094339623,163.30188679245282,9.922733873100126,6.8915217962907604,0.719474889091135
1321,75,166.66666666666666,500.7733333333333,10.61763210938937,9.067123735458134,0.5203246501737007
1322,28,166.46428571428572,593.7857142857143,6.470028721212882,5.777856549436311,0.45001958377634704
1323,104,166.7596153846154,186.33653846153845,13.356245688735749,10.631456196845347,0.6053079808145929
1324,38,167.0,237.60526315789474,7.57031798285012,6.389740980169756,0.5362615558689007
1325,162,167.16666666666666,346.62345679012344,18.22370301558378,11.842524043798848,0.7600694900677374
1326,71,166.90140845070422,388.7887323943662,11.250784826608232,8.118022218797739,0.6923606241751508
1327,65,166.90769230769232,461.87692307692305,10.94444985217084,7.747576046292223,0.7063126719273473
1328,31,166.7741935483871,540.8064516129032,7.218358894083165,5.625068238784908,0.6266852836115429
1329,98,166.85714285714286,49.224489795918366,14.314349957669753,9.355081207009096,0.7568870972107632
1330,44,167.8181818181818,243.8181818181818,7.603826787755086,7.387727146876381,0.2367108326548853
1331,24,167.58333333333334,402.0416666666667,6.582197168554528,4.747187751225338,0.6927099526772297
1332,38,167.60526315789474,469.0263157894737,8.167390813927947,6.211203253164575,0.6493519075433013
1333,33,168.24242424242425,32.45454545454545,7.352165197332681,5.773727843472302,0.61910291483729
1334,36,167.91666666666666,177.5,8.48935523354762,5.399358289728499,0.7716765947018023
1335,45,167.46666666666667,298.9555555555556,8.391900815838422,7.081584582796653,0.5365643239327003
1336,22,167.86363636363637,598.1363636363636,8.809790467759111,3.243427711409546,0.9297617649548688
1337,26,168.65384615384616,357.88461538461536,6.78927846358518,4.8124978767497595,0.7053714156435726
1338,35,168.68571428571428,424.8,7.484486377965685,6.070236385882767,0.5849872625013284
1339,64,168.53125,431.53125,10.149519608554513,8.213160275774937,0.5875103491242416
1340,45,168.62222222222223,482.0,8.94955704009621,6.513215181148317,0.6858217471454268
1341,3,167.0,587.0,3.265986323710904,0.0,1.0
1342,37,169.24324324324326,194.56756756756758,7.247937753347168,6.783453653268705,0.3522259433082637
1343,13,169.6153846153846,202.76923076923077,4.296689244236598,3.9041777047536987,0.41756313817071367
1344,70,168.9857142857143,225.5857142857143,10.480731828832797,8.624169591816807,0.5682449018341624
1345,112,168.48214285714286,278.5,15.01236273131564,9.930954797127459,0.749928897673933
1346,60,170.81666666666666,294.35,13.053715084630339,6.231859918583687,0.87868540731756
1347,35,168.6,319.14285714285717,7.67994648292415,5.802994791487687,0.6550292223092047
1348,99,168.23232323232324,558.4848484848485,13.993025639937061,9.452416464441777,0.7373516298668702
1349,46,169.8913043478261,99.26086956521739,9.20821225821926,6.6083337267901054,0.696397224311654
1350,96,169.45833333333334,136.89583333333334,12.96150493639906,9.598506874933586,0.6720127922435265
1351,88,168.86363636363637,513.3181818181819,13.797930975228583,9.008567637836343,0.757450457291279
1352,44,168.4318181818182,535.6590909090909,9.591947722104718,6.080275117787051,0.7734201912064829
1353,92,170.4891304347826,64.56521739130434,12.928402413764045,9.926006154206114,0.6407286400496655
1354,93,168.94623655913978,150.05376344086022,12.581127039827297,9.669214751329175,0.6397907254813859
1355,77,170.45454545454547,2.935064935064935,12.639285621002758,7.934300910738021,0.7784156949792597
1356,51,170.49019607843138,38.94117647058823,10.106495719680355,6.813904464888364,0.7385393314646505
1357,44,170.9318181818182,157.9318181818182,8.265560376350834,6.972995082834179,0.5369401041347073
1358,84,170.21428571428572,209.85714285714286,11.852037508452888,9.349885740521696,0.6145418110106374
1359,48,170.77083333333334,476.1875,9.338055215233606,6.787091695721915,0.6868272640702663
1360,17,170.2941176470588,491.2352941176471,4.9921624135295675,4.35040978552533,0.4904879621851718
1361,68,170.5,75.75,10.575408363480435,8.209508637139932,0.6303846955985867
1362,97,171.340206185567,417.35051546391753,13.29415138699023,9.441326131586402,0.7040136442804594
1363,84,170.14285714285714,286.85714285714283,12.973566800564653,8.954125328006858,0.723635600795158
1364,33,171.42424242424244,248.66666666666666,7.375658035932239,5.957150254293704,0.5896250222150624
1365,49,172.0,303.40816326530614,9.563712160312425,6.706108745963866,0.7129611537053873
1366,44,172.45454545454547,379.04545454545456,9.907239464564933,5.749192792211362,0.8144012305307584
1367,52,172.44230769230768,506.5576923076923,10.07563674613704,6.877362300128608,0.7308169832105633
1368,53,173.0188679245283,56.24528301886792,9.689630036270556,7.159326866447558,0.6738536639406825
1369,95,172.18947368421053,255.44210526315788,14.050508546602256,8.704349640073588,0.7849933087256082
1370,73,173.32876712328766,520.2602739726027,11.76584586221309,7.95265591088074,0.7369839369317042
1371,54,172.66666666666666,595.0,12.288391132060458,5.769899451619085,0.8829108424306304
1372,33,173.0909090909091,122.78787878787878,7.783460108939976,5.539567032782002,0.702473315582564
1373,25,172.88,178.36,6.421175977223025,4.929959337513235,0.6407305752283418
1374,110,173.27272727272728,23.745454545454546,13.467461628279764,10.785544638940623,0.5988522814106171
1375,94,173.72340425531914,169.5744680851064,13.741018358507587,8.891742945343175,0.7624094609719654
1376,63,173.46031746031747,235.71428571428572,10.041004263735829,8.149745041091613,0.5841490466907069
1377,77,173.54545454545453,405.93506493506493,12.166071149446791,8.172837991904629,0.7407570789301217
1378,56,172.32142857142858,528.9821428571429,11.456046359648473,6.321232585297081,0.8339888220744279
1379,114,173.94736842105263,107.4298245614035,16.303148632795804,9.461650297048669,0.8143620063036243
1380,53,173.8679245283019,198.49056603773585,9.527425889815609,7.34362043624604,0.6370923684658192
1381,28,174.32142857142858,243.57142857142858,6.607900076511807,5.374632730428984,0.5817541132500874
1382,47,174.0212765957447,320.1063829787234,9.426050462064016,6.508879127680508,0.7233130199577728
1383,150,174.19333333333333,458.49333333333334,19.15968658103343,10.396841887211652,0.8399643777882111
1384,37,174.3783783783784,554.6486486486486,8.528780647074594,5.842015773694063,0.7285650008388476
1385,85,173.12941176470588,566.7764705882353,14.27029455288781,7.934852031690569,0.831155651630558
1386,82,176.0731707317073,49.63414634146341,13.329534526663853,7.9017546804503755,0.8053493476748419
1387,110,174.7,370.1545454545454,12.98364155270658,11.213757524396318,0.5040344623788334
1388,93,173.06451612903226,548.0,15.827961972328572,7.664356192229656,0.8749413684807135
1389,42,174.92857142857142,32.785714285714285,7.863205487349509,6.8048551700594855,0.5010735122350901
1390,67,175.3134328358209,145.77611940298507,12.186514799071993,7.4138924116828235,0.7936546478164845
1391,91,174.9120879120879,273.7032967032967,14.415796136111727,8.326701528202761,0.8163131794948778
1392,140,173.82142857142858,583.6357142857142,16.926847399433967,11.671323673857607,0.7242709252460352
1393,140,175.78571428571428,351.74285714285713,16.369590477989068,11.11824100715278,0.7339523843076937
1394,41,175.34146341463415,534.1219512195122,7.93926754033244,6.672560055391304,0.5418885828337497
1395,4,176.5,99.5,2.0,2.0,0.0
1396,48,176.1875,205.08333333333334,8.11883696786757,8.025638614968646,0.15108532017434836
1397,51,176.0,227.41176470588235,9.392394490030325,7.110577969048176,0.6533488371500721
1398,104,174.89423076923077,310.66346153846155,13.17513628383633,10.32368663781648,0.6212991957194329
1399,96,175.02083333333334,391.4270833333333,12.912595428312251,10.480435681903082,0.5841518457385104
1400,46,176.91304347826087,139.2391304347826,8.08205935145502,7.418605270749208,0.39678802736374247
1401,29,176.86206896551724,153.79310344827587,6.549225569870734,5.775787850248225,0.4714291423335608
1402,92,175.9891304347826,186.27173913043478,13.89899907659448,8.889643647375994,0.7687172512099949
1403,82,176.4878048780488,264.8780487804878,11.910795943023032,8.880777929028795,0.6663854464544541
1404,55,176.83636363636364,502.56363636363636,11.167662357511634,6.569149921546788,0.8086939469008242
1405,142,177.5281690140845,10.070422535211268,18.117221805218293,10.333093456496815,0.8214042287903729
1406,62,176.30645161290323,127.74193548387096,11.311838385452816,7.061249956418152,0.7812363059296026
1407,46,176.69565217391303,160.3695652173913,8.456512424683751,7.339181090942602,0.4967856551788222
1408,47,177.2127659574468,290.3829787234043,8.665828254769332,6.913016315885156,0.6030109602453573
1409,36,176.77777777777777,399.44444444444446,8.088110116036246,5.653776684682094,0.7150989818638431
1410,71,177.54929577464787,40.816901408450704,10.026560009915382,9.156995040100838,0.40734614149239334
1411,31,178.09677419354838,133.51612903225808,7.258756744385456,5.581795793679869,0.6392799569778184
1412,51,176.94117647058823,326.47058823529414,9.032810128327869,7.291273307529557,0.5902797057339723
1413,131,177.50381679389312,428.9236641221374,14.858652738923787,11.433723123836447,0.6386476354015131
1414,99,177.3838383838384,496.42424242424244,16.359041297488425,8.333533554209913,0.8605212506955161
1415,94,179.88297872340425,560.4574468085107,12.86037864498165,10.721862232655228,0.5521983107936521
1416,101,176.76237623762376,572.049504950495,18.271881092810062,7.5260383472020544,0.9112327524350039
1417,88,178.5909090909091,591.625,11.495185981100267,10.136626417486465,0.4715956535983467
1418,64,178.84375,176.171875,10.9571474072438,7.50517417825399,0.7285835490614293
1419,37,178.59459459459458,418.7837837837838,9.314189821961902,5.117865215751309,0.8355136346084727
1420,90,176.66666666666666,470.84444444444443,14.88329995955195,9.139061442095459,0.7892686374289857
1421,118,178.54237288135593,541.1610169491526,15.616578653256985,9.912375681402423,0.7727305912321806
1422,72,179.41666666666666,248.93055555555554,10.872596191662488,8.540006661674301,0.6189104095385863
1423,53,179.0,378.6792452830189,8.515056759288392,8.100694777382191,0.30815016051801297
1424,32,179.6875,232.4375,8.023820023313242,5.195508852218182,0.7620564079379109
1425,56,180.08928571428572,240.875,9.693084673546904,7.51822461410836,0.6311907224828746
1426,86,180.38372093023256,17.837209302325583,12.085076677659313,9.440578851448791,0.6243101416852737
1427,89,179.5056179775281,338.9325842696629,11.690874547132744,9.957928580024069,0.5239169584419404
1428,52,179.5,515.3076923076923,9.472209560842131,7.199956681328418,0.6497900390778978
1429,40,179.65,527.825,7.444565613831316,6.879567051883451,0.3821364603940565
1430,59,181.864406779661,2.135593220338983,13.084113679555628,5.950132201352397,0.8906139995602683
1431,39,180.64102564102564,577.4358974358975,7.648377404469325,6.957040781714225,0.41546311238357786
1432,109,180.03669724770643,116.91743119266054,14.01617398772957,10.684967552066768,0.6471870306786585
1433,26,181.15384615384616,534.1923076923077,6.593437007762378,5.130828879695448,0.6280510693310266
1434,35,181.37142857142857,167.9142857142857,7.227058620526506,6.294136502151699,0.49143791246524343
1435,111,181.16216216216216,300.68468468468467,13.719306732610237,10.652737181105854,0.630144600845588
1436,132,183.03787878787878,315.93939393939394,15.37439671165948,12.201620086340743,0.6083975170622978
1437,74,180.71621621621622,385.7972972972973,13.800311790563075,7.1459714522771005,0.8554942444053032
1438,31,181.4516129032258,522.3225806451613,6.95813601061457,5.952338785241681,0.5178850927118988
1439,27,182.1851851851852,162.40740740740742,6.393645419337794,5.422028232912698,0.5299419389223797
1440,122,181.6639344262295,193.80327868852459,14.029417830165361,11.586949665885019,0.5638110440086812
1441,89,181.80898876404495,282.59550561797755,12.43326314571627,9.243825325479287,0.6687632805555934
1442,101,181.68316831683168,413.0693069306931,13.01573460318238,10.552872880237565,0.5853535975101049
1443,70,182.0,474.3,13.75414121335228,6.608276157128919,0.8770181755645788
1444,144,182.95833333333334,30.52777777777778,19.008657215072716,9.987088591485756,0.8508573040066228
1445,35,182.31428571428572,271.54285714285714,8.002714325792981,5.580928910260409,0.7167020537395133
1446,49,183.3469387755102,145.08163265306123,8.545586967526416,7.34302721996889,0.5115103702140003
1447,82,182.8658536585366,224.4512195121951,12.653831684581226,8.372044710430416,0.7498381429419111
1448,34,182.88235294117646,506.3235294117647,7.5884364737725,5.845211453439671,0.6377073220747167
1449,181,185.1657458563536,106.04972375690608,17.061453957322765,13.762269373122127,0.591057615800208
1450,41,183.0487804878049,263.1951219512195,8.73887171870546,6.390504348733692,0.6820844732921492
1451,32,183.53125,346.75,6.93439745585441,5.907495825156365,0.5236851027366769
1452,42,182.76190476190476,487.4047619047619,7.805510839365449,7.086065377345407,0.41934159422280215
1453,20,184.65,172.35,5.554590990237857,4.607224645181567,0.5585892152911892
1454,49,184.22448979591837,234.77551020408163,10.999659420696215,5.9527848578738825,0.8409074104862113
1455,71,183.08450704225353,326.90140845070425,15.000855221729188,6.461177013309511,0.9024853376856353
1456,93,184.86021505376345,395.258064516129,13.199623495621669,9.957129794022325,0.6564729887797217
1457,48,184.04166666666666,493.2916666666667,11.57685785514663,5.5305943001490245,0.8785075599665891
1458,89,183.77528089887642,153.4943820224719,12.094039467269058,9.688629717950658,0.5985200448863752
1459,19,184.47368421052633,277.0,5.936358778655609,4.194123195833239,0.707698626973933
1460,29,184.82758620689654,428.44827586206895,7.9205048641249025,4.904846285563651,0.7851865518955401
1461,123,184.21951219512195,460.6016260162602,14.32468348586708,11.02903375357486,0.6381258096780935
1462,74,185.7027027027027,129.04054054054055,13.557168491202367,7.267514641243061,0.8441771250738835
1463,91,186.2087912087912,137.86813186813185,12.461604984194395,9.35953019744576,0.6602232608003206
1464,37,184.86486486486487,178.3783783783784,7.33104642255973,6.600359309205082,0.43520835549024695
1465,39,184.84615384615384,184.82051282051282,7.61963978610574,6.572730566315976,0.5058800342101527
1466,122,186.47540983606558,204.81967213114754,16.839722542236252,10.141232632647586,0.7983295085562366
1467,74,183.8918918918919,256.1081081081081,11.2727636339583,8.530358764547046,0.6537357280089999
1468,103,184.41747572815535,403.81553398058253,13.892597049936212,9.606460706040888,0.7223950742462801
1469,31,184.58064516129033,512.2258064516129,6.76822978112159,5.933521245502852,0.4810875639043201
1470,23,185.1304347826087,518.1739130434783,5.623495581486513,5.304893298468844,0.33181510624656063
1471,48,185.875,531.5833333333334,9.34966361574264,6.847579559816285,0.6808877377533198
1472,59,185.1864406779661,122.38983050847457,10.107757430683607,7.693151210362349,0.6486186502878032
1473,36,186.27777777777777,340.3888888888889,8.791808772986023,5.243493297033582,0.8026824385006689
1474,49,185.73469387755102,478.9795918367347,10.800636462854557,6.135304566037421,0.8229938514247498
1475,56,185.41071428571428,597.3214285714286,14.04085057666071,5.338770857375324,0.9248914309629426
1476,43,186.13953488372093,332.48837209302326,7.4766303215152705,7.362399107263236,0.1741362697494009
1477,153,186.41830065359477,363.3267973856209,17.688228877484402,11.318498300013768,0.7684675751861394
1478,112,186.59821428571428,372.5357142857143,15.175591890347981,10.061856269790933,0.7485937843765822
1479,127,186.23622047244095,72.69291338582677,16.95125925318881,9.72785308708004,0.8189450073816007
1480,49,186.55102040816325,422.6530612244898,8.895089120410212,7.019773710220918,0.6141695878310733
1481,142,187.11971830985917,290.50704225352115,16.63861450416305,10.977424975730159,0.7514799278297277
1482,136,188.47794117647058,587.5441176470588,14.886150862221918,12.806664046310377,0.5097758073561546
1483,31,188.1290322580645,196.58064516129033,7.998763916627893,5.032568699016238,0.7772690973697952
1484,41,188.4390243902439,266.5609756097561,9.481400854713389,6.178930569599857,0.7584857496198202
1485,59,187.47457627118644,353.5762711864407,11.043284556386054,7.014034854271483,0.7723968045540234
1486,52,187.6153846153846,523.5576923076923,9.94807592916819,6.644857297397042,0.7442025454204345
1487,39,188.76923076923077,507.87179487179486,7.758448783313013,6.423045940714165,0.5609088011466289
1488,35,188.02857142857144,565.3142857142857,7.838161153986098,5.741930018416128,0.6807015477572405
1489,53,189.58490566037736,8.18867924528302,9.6966886379516,7.153745917434835,0.6750724599895243
1490,62,189.4516129032258,167.8709677419355,11.143380546930366,7.168834463993571,0.7655917518644677
1491,87,189.42528735632183,249.19540229885058,11.452570705702703,9.795636354242625,0.518096685741831
1492,28,188.71428571428572,416.64285714285717,6.6457243260457375,5.495606892871744,0.5622920257325654
1493,73,189.013698630137,500.7260273972603,10.283901729139368,9.209680174191652,0.4449742060755817
1494,55,188.4909090909091,540.8545454545455,11.296452351850162,6.820781247361798,0.7971369665186353
1495,114,189.80701754385964,558.4824561403509,17.07369331399962,8.859158402541704,0.8548484962684376
1496,113,189.47787610619469,44.23893805309734,13.812975596095663,10.449917004725238,0.6539601130346577
1497,109,186.9724770642202,548.816513761468,15.806843260093235,9.123830714674645,0.8165974153867465
1498,170,189.63529411764705,575.6529411764706,15.875099006105204,13.741178474629356,0.5007695507052957
1499,64,189.265625,161.515625,11.629191437300065,7.374218196841401,0.7732406224284205
1500,40,189.75,344.725,8.264752631853948,6.409669565138538,0.6312949658366946
1501,99,188.92929292929293,385.5959595959596,16.850708261078225,8.094644961610395,0.8770636571484991
1502,49,190.48979591836735,491.3265306122449,10.273492216350633,6.148899116601198,0.8011072417360066
1503,41,189.97560975609755,516.0243902439024,9.17381235490854,5.803084449289788,0.7745026611145714
1504,81,190.41975308641975,234.08641975308643,13.099927548896291,8.139007632011367,0.783571414684615
1505,95,190.6315789473684,273.3578947368421,11.855547786861257,10.279442032605855,0.49820802091425637
1506,95,190.58947368421053,15.789473684210526,13.900887710628774,9.514071926562409,0.7290861868970953
1507,25,190.88,131.92,6.260642749433999,5.26037568657976,0.5422311929473347
1508,41,191.4878048780488,155.73170731707316,7.984381464028833,6.697139332764749,0.5444705166112808
1509,56,190.875,260.6607142857143,10.933606661857063,7.136934720209339,0.7575715772250465
1510,85,191.01176470588234,300.6470588235294,12.978564646607904,8.886694002949286,0.7288054184163779
1511,59,190.67796610169492,326.52542372881356,10.663758117937357,7.1831524059616765,0.7390922559466369
1512,56,191.03571428571428,409.7857142857143,8.797413633366812,8.18494156762848,0.3665954674407304
1513,97,191.23711340206185,470.36082474226805,12.34389999013011,10.06505095302436,0.578916791667037
1514,5,191.4,82.2,3.098386676965933,1.7888543819998317,0.816496580927726
1515,63,190.85714285714286,175.36507936507937,10.108815702071261,8.156432466403906,0.5907381856189577
1516,88,191.82954545454547,310.8636363636364,11.246693608431551,10.349546973055695,0.39137756858723244
1517,82,190.5609756097561,433.3292682926829,10.437193255496133,10.188592256855525,0.21695664587283559
1518,35,191.6,478.42857142857144,7.489023302872886,6.058173713631618,0.587890622857063
1519,71,191.6338028169014,117.66197183098592,11.464403980879766,8.015958986601193,0.7149220508747327
1520,117,191.25641025641025,221.51282051282053,14.529273826999916,10.43250141093911,0.6960088225532923
1521,65,192.73846153846154,531.6769230769231,11.72931743900557,7.323103586789583,0.7811512475945449
1522,10,192.2,63.0,3.9191835884530852,3.0983866769659336,0.6123724356957946
1523,107,192.5607476635514,146.2429906542056,12.698288599331823,10.907949198697295,0.5119598230901782
1524,150,193.38,187.19333333333333,15.869296815209207,12.122856132653439,0.6453122337321622
1525,42,193.04761904761904,199.21428571428572,8.303749559188606,6.413572410032381,0.6351720911883342
1526,68,193.1764705882353,2.5588235294117645,12.533226358730818,7.179211266640455,0.8196851708119984
1527,152,192.44078947368422,26.138157894736842,21.724630681021864,9.66790564768496,0.8955203902429608
1528,29,192.3793103448276,279.9655172413793,8.651468653084788,4.339475057115349,0.8651064809301388
1529,44,193.11363636363637,318.6818181818182,9.786725453361013,5.864602170611742,0.8005690684605066
1530,73,193.65753424657535,351.986301369863,11.983923410536528,7.919926177484535,0.7504922598896013
1531,88,192.5,485.82954545454544,14.388378973153765,8.901513759980462,0.7856588770535378
1532,40,193.5,538.575,7.693265334736568,6.80614931435835,0.46618117788329994
1533,95,194.1157894736842,71.12631578947368,14.726796092358223,8.355211876234012,0.8234784408654653
1534,21,194.33333333333334,283.85714285714283,5.5692312854981045,4.822894035696703,0.5000627357089005
1535,25,195.0,293.84,5.959514067796807,5.534852489067071,0.37072609537457996
1536,41,194.65853658536585,566.9024390243902,7.629991884661711,7.05791455090473,0.37991220259711445
1537,58,195.0344827586207,127.03448275862068,10.420098134799098,7.129640999565015,0.7292755313874139
1538,56,194.33928571428572,339.48214285714283,9.433249744152423,7.729054862036275,0.5733054875818235
1539,57,194.87719298245614,513.7543859649123,11.753203468671813,6.32646063703798,0.8427689853898644
1540,51,196.01960784313727,135.41176470588235,9.555234815709118,6.8669501204340815,0.6953632507807188
1541,47,195.95744680851064,360.02127659574467,9.098887351943455,7.23346180225883,0.6066315588822919
1542,143,195.979020979021,379.2027972027972,15.262402739155986,11.996019462378161,0.6182455787903586
1543,104,195.84615384615384,418.2307692307692,12.871152833088255,10.892250320984022,0.5327814196493628
1544,96,196.42708333333334,523.5729166666666,11.966653390771397,10.342262860205393,0.503050690034983
1545,37,196.48648648648648,234.86486486486487,7.65558777513319,6.5771598781439,0.5117541713361682
1546,80,196.5625,427.075,11.689840614907872,8.899164365155322,0.6484310722157746
1547,10,196.7,140.1,3.8587512539327755,3.5085664822363323,0.41625220270706703
1548,68,197.26470588235293,259.95588235294116,11.789029048036529,7.691596883395649,0.7578431018918237
1549,64,197.234375,324.515625,11.136946218431568,7.405107455517631,0.7469202437434249
1550,64,195.578125,333.203125,11.961404454332298,7.4442589275145075,0.782733844133363
1551,158,197.83544303797467,34.11392405063291,17.072481545490085,11.870219424161068,0.7187353279786588
1552,33,197.3939393939394,153.6060606060606,6.985454948859755,6.034833341870689,0.5036391064069321
1553,51,197.23529411764707,160.76470588235293,9.820318566847648,6.743588915247832,0.7269432197437372
1554,78,197.44871794871796,174.14102564102564,16.136956773216877,6.231218212011784,0.9224377566841673
1555,42,196.83333333333334,209.28571428571428,8.33240018012063,6.418838892342917,0.6376249748392301
1556,64,198.640625,300.578125,11.66983686110538,7.0993552619365445,0.7936682141277105
1557,13,197.53846153846155,307.0769230769231,4.954563439032981,3.544675889852363,0.6986776863076011
1558,80,197.225,401.575,12.576055660279756,8.181859448166142,0.7594289305249332
1559,118,197.38983050847457,104.8135593220339,14.62234715236155,10.666564006954479,0.6840127748987546
1560,34,197.73529411764707,113.29411764705883,7.51596260010576,5.886609780333856,0.6217517818472281
1561,55,198.05454545454546,267.96363636363634,8.827635574175737,8.195591876283546,0.37157809807132497
1562,96,197.17708333333334,501.5416666666667,12.691885626923872,10.903509771820923,0.5118195596386145
1563,71,197.64788732394365,547.3943661971831,12.605468325236314,7.262418041663435,0.8173564214079512
1564,89,198.52808988764045,556.3258426966293,16.09045997705573,7.240124689270778,0.8930467898962856
1565,71,200.74647887323943,116.4225352112676,15.640345991884171,6.734522159747618,0.9025493052354465
1566,38,199.0,240.18421052631578,7.7581086253921,6.249663027135031,0.5925070151773435
1567,58,198.6206896551724,480.12068965517244,10.419810261206266,7.167652018074578,0.7258177978233338
1568,35,198.37142857142857,509.0285714285714,8.170260001141658,5.701943321026059,0.7162048943724774
1569,28,197.67857142857142,598.1071428571429,11.677959440264248,3.0359677281283823,0.9656155729386667
1570,7,199.0,17.714285714285715,3.0237157840738176,2.799416848895061,0.377964473009227
1571,44,199.0909090909091,218.3409090909091,9.408733719832899,6.092647855280407,0.7620209466348074
1572,41,199.7560975609756,230.41463414634146,8.837230017967302,6.03694542358735,0.7303001273087846
1573,152,198.89473684210526,590.9868421052631,18.26748588915265,11.136141195676888,0.7926973143357453
1574,48,199.6875,224.5,9.460308913834986,6.476114209525207,0.728959979348016
1575,53,198.47169811320754,253.26415094339623,10.965004101686782,6.294488830903882,0.8188184426547984
1576,58,200.36206896551724,143.94827586206895,11.665709195055122,6.785777913371831,0.8134135340988556
1577,50,200.2,311.7,8.100416644653773,7.90842905911257,0.2164258966612748
1578,61,199.81967213114754,347.1967213114754,13.425477534234396,6.091705641417715,0.891132998345059
1579,41,200.9268292682927,353.4878048780488,7.653796049767204,6.981833379798002,0.4097334216380934
1580,123,200.16260162601625,437.5528455284553,13.849617766651724,11.845072500948646,0.5181933552738671
1581,51,200.27450980392157,540.5686274509804,8.686218631495768,7.518208702543853,0.5008519336465291
1582,116,200.81034482758622,10.267241379310345,12.506949285235523,12.11707655295212,0.24773625670508245
1583,38,202.0,316.94736842105266,10.152518890230082,5.235298906782222,0.8567902789182209
1584,65,200.64615384615385,493.6,10.1933830897997,8.217762930087366,0.5916621529879136
1585,33,201.63636363636363,2.3333333333333335,7.339859069165634,5.819738157686651,0.6093581780193631
1586,49,202.08163265306123,342.0,9.226477602436933,6.880182946871775,0.6662820247503364
1587,70,201.32857142857142,531.6285714285714,10.12483805757569,9.062250769082945,0.445962935601338
1588,92,202.17391304347825,125.96739130434783,13.928391492177488,8.852600210019935,0.7720354196380053
1589,71,201.28169014084506,291.76056338028167,10.065429866162534,9.274771193131588,0.38850148648165395
1590,100,201.77,372.49,17.717285029491762,7.470596440964206,0.9067559566945882
1591,45,201.95555555555555,486.73333333333335,8.886684258227366,6.602332429668918,0.6693506207126789
1592,115,202.35652173913044,198.95652173913044,13.169518439418454,11.156389725662528,0.531374131800056
1593,57,203.1578947368421,332.9298245614035,12.067580729611823,6.49974515543567,0.8425538509448821
1594,142,202.70422535211267,409.3098591549296,16.0761745924522,11.658321479066224,0.6885461616030657
1595,59,202.54237288135593,514.457627118644,9.431046711546585,8.022084228779654,0.5258071556858132
1596,98,204.18367346938774,189.51020408163265,12.440982315719694,10.6840959237939,0.5123405995121241
1597,56,203.66071428571428,207.73214285714286,9.630153041244965,7.614764750018131,0.6121766222958162
1598,48,203.41666666666666,214.60416666666666,9.42975047748063,6.642922327076009,0.7097394495277253
1599,18,202.94444444444446,235.27777777777777,5.073580633715947,4.579828483240234,0.430308860995469
1600,118,203.66101694915255,566.6864406779661,13.53152076927832,11.165694023813131,0.5648964552467802
1601,106,204.38679245283018,21.27358490566038,13.72523021837425,9.952166082939389,0.6886434603575863
1602,9,205.0,157.0,3.265986323710904,3.265986323710904,0.0
1603,106,203.96226415094338,163.68867924528303,13.274348294750247,11.065467849939994,0.5523718568793469
1604,72,204.31944444444446,323.31944444444446,11.817863643076238,7.843284468852055,0.7480162610266724
1605,136,204.00735294117646,362.50735294117646,14.618422204466999,12.061362805934298,0.5650164214340817
1606,62,204.06451612903226,423.2741935483871,10.697713879894236,7.476784739686304,0.7152054686898482
1607,82,204.73170731707316,453.3658536585366,11.523568591320585,9.187050342103916,0.6036624144968963
1608,69,204.66666666666666,306.40579710144925,11.827904025328657,7.593364371731142,0.7667152566153914
1609,36,204.47222222222223,505.9166666666667,7.734204110017079,5.930408173606817,0.6419138257477832
1610,18,204.38888888888889,537.2777777777778,5.976943369250331,3.96647678478411,0.7480612936515689
1611,38,204.97368421052633,554.3157894736842,8.919676783020167,5.514677257594144,0.78597383222598
1612,82,204.4878048780488,149.609756097561,13.75765298434173,7.7519570445771775,0.8261398811335339
1613,40,204.925,247.2,7.274161531872653,6.953889128266577,0.29346041009804796
1614,32,204.78125,460.53125,6.48074069840786,6.381124509050109,0.17465953275144283
1615,154,205.57792207792207,477.81168831168833,22.943779909189335,9.97836579070494,0.900476316117247
1616,101,205.46534653465346,97.43564356435644,12.440651587396664,10.416863390635395,0.546706085866273
1617,44,205.36363636363637,107.5,8.627261811112342,6.782337776064999,0.6180333964776351
1618,158,205.27848101265823,176.94303797468353,17.21271139860795,11.917414210694522,0.7215510467769747
1619,21,205.1904761904762,241.14285714285714,5.3166327716454,4.992156306471801,0.34400025467068907
1620,13,205.69230769230768,286.46153846153845,4.574174999174924,3.6794648440311994,0.5940885257860044
1621,41,205.4878048780488,431.5365853658537,8.234462816695792,6.572230747961609,0.6024757899273719
1622,38,205.42105263157896,499.2368421052632,7.304773679693477,6.7870541623843605,0.36976361008301073
1623,91,205.52747252747253,43.32967032967033,12.626443870704414,9.488451408541406,0.6597620623791232
1624,12,206.0,1.0,4.320493798938574,4.0,0.3779644730092273
1625,17,207.0,128.0,5.487954724560283,3.880570000581328,0.7071067811865475
1626,103,206.18446601941747,137.3009708737864,13.736853414998649,9.816977159639764,0.6994870652940784
1627,59,206.23728813559322,271.0169491525424,9.304111347252944,8.274069645507353,0.4573402981800952
1628,83,206.55421686746988,546.7710843373494,12.086995789064114,9.033126615904276,0.6644389123989352
1629,93,206.69892473118279,76.60215053763442,11.685182732217374,10.245925661628029,0.4807994567372421
1630,97,206.79381443298968,262.35051546391753,11.930236172735226,10.521102161832884,0.4714636615685692
1631,51,206.2156862745098,443.5686274509804,9.39301211152458,7.0384567932346105,0.6621978425163503
1632,91,206.26373626373626,523.6483516483516,11.948728755565908,9.783602844959772,0.5740808205130093
1633,54,207.40740740740742,221.14814814814815,9.082840049034777,7.801636258084447,0.5120722469520586
1634,44,207.8409090909091,490.5681818181818,8.407879431029135,6.7224891962678806,0.6006044088192446
1635,47,207.63829787234042,579.3404255319149,8.35145586928247,7.158342512430188,0.5150883642966263
1636,58,207.77586206896552,117.15517241379311,10.245535324645248,7.44950452601693,0.6865340676414848
1637,44,207.61363636363637,281.54545454545456,8.554750308023156,6.608137925073843,0.6350725912405727
1638,113,208.81415929203538,399.6991150442478,14.460811197130504,10.400763362071958,0.6947638841416806
1639,39,207.74358974358975,416.2307692307692,8.281899667214294,6.048392386388611,0.6831109424432052
1640,14,207.92857142857142,516.7142857142857,4.923636727197415,3.790784388032628,0.6381458095618924
1641,95,210.02105263157895,35.410526315789475,14.73682391793515,8.284182691227665,0.8270409613418215
1642,23,208.6086956521739,252.34782608695653,6.041438422612473,4.879655796198477,0.589596860704585
1643,64,208.21875,299.453125,10.877919387860617,7.705198799590191,0.7058775534972739
1644,37,208.97297297297297,313.72972972972974,7.36181777103333,6.407468132704222,0.4924072088890167
1645,51,209.68627450980392,510.7843137254902,10.167955174667187,6.769268150641814,0.7461790830691596
1646,114,209.1578947368421,229.87719298245614,13.201549901638636,11.26202775594919,0.5217740006223431
1647,107,210.10280373831776,337.85046728971963,12.89366289126769,10.907960778772836,0.5331924973815011
1648,25,210.8,355.64,8.92241188758441,4.029511894546582,0.8922119624985969
1649,119,209.64705882352942,64.96638655462185,13.503816455130472,11.258855810524325,0.5521366736747502
1650,81,210.55555555555554,27.19753086419753,11.914325517957655,9.324988824266969,0.6224364937695791
1651,36,211.05555555555554,195.05555555555554,8.16496580927726,5.568872927174075,0.7313103409735259
1652,39,211.15384615384616,319.3076923076923,7.238303966388312,7.065309106545524,0.21732148269664742
1653,30,211.0,324.7,8.748333174572933,4.54899256246186,0.854176050201992
1654,27,211.40740740740742,480.6666666666667,6.349416869007285,5.469744197189461,0.5078319656133359
1655,74,210.95945945945945,535.4594594594595,12.451031778919054,7.894594347531673,0.7732908896989941
1656,90,211.77777777777777,212.4777777777778,12.557764764722414,9.246865383606389,0.6766046997640448
1657,49,211.28571428571428,448.734693877551,9.699508810398104,6.698877821868988,0.7231978295107724
1658,35,211.45714285714286,553.6,6.91936738211865,6.636810453105933,0.28284937252265874
1659,34,211.0,559.2647058823529,7.062744009319357,6.082478096334383,0.5082559240684966
1660,99,209.83838383838383,595.7979797979798,15.505193288391636,8.545356660967888,0.8344202667598928
1661,122,211.84426229508196,291.8606557377049,13.958661127674068,11.319415787558066,0.5851512446281063
1662,50,212.02,505.3,8.85471559120373,7.471787724426705,0.5366260335979707
1663,46,212.52173913043478,529.2608695652174,9.01072329217332,6.696334237246042,0.6691229831278587
1664,87,212.17241379310346,3.6551724137931036,13.084951155552107,8.567055370415002,0.755866457174838
1665,110,212.45454545454547,107.04545454545455,16.042868914453983,8.851104985988185,0.8340321492126069
1666,64,212.296875,132.1875,11.290035708797308,7.3015366495061595,0.7627241402596341
1667,92,212.4891304347826,156.2391304347826,12.684390364037275,9.2931872863727,0.6806082535987191
1668,44,212.63636363636363,169.6818181818182,7.798043089166889,7.348499257322439,0.33462404338032264
1669,74,212.5810810810811,202.74324324324326,10.814393808720475,8.910804076054493,0.56662428072495
1670,69,212.56521739130434,274.71014492753625,12.811124981542536,7.132220234272195,0.8306996500773856
1671,45,211.9777777777778,307.9111111111111,10.581235316719585,5.648286305115192,0.8456093957540098
1672,53,211.83018867924528,329.77358490566036,9.235193910025838,7.5782318894713905,0.5715291214111526
1673,41,212.8780487804878,412.3170731707317,10.066922224947016,5.572652817759087,0.8328088123782403
1674,80,212.9125,420.9125,12.372476209157552,8.406951436390619,0.7336864472051733
1675,84,212.46428571428572,429.4166666666667,12.796218795285425,8.96190501284653,0.7137939948498272
1676,56,211.26785714285714,10.303571428571429,12.196614765102662,6.418065741601317,0.8503503360122258
1677,83,212.73493975903614,83.2289156626506,12.20259270428854,8.785350025649693,0.6940179935128499
1678,29,213.27586206896552,176.48275862068965,6.27689143714005,5.924729316797607,0.33024440145318906
1679,90,213.93333333333334,441.0888888888889,13.614311385396231,8.927342218248244,0.754993572936226
1680,68,213.01470588235293,542.75,9.960057522121906,9.076454662616237,0.41177540242923827
1681,79,213.30379746835442,16.569620253164558,11.191857923585435,9.196764821321732,0.5698667793272809
1682,131,214.26717557251908,145.12213740458014,14.283037824765904,12.143680949942317,0.5264324522304489
1683,61,214.70491803278688,162.9016393442623,11.861169235143768,6.711436651293443,0.8245201200275246
1684,133,213.6315789473684,244.52631578947367,13.861344042026833,12.433123963948098,0.442103973644927
1685,102,213.3921568627451,389.1372549019608,14.2662500432089,9.413503910828858,0.7514023469776205
1686,92,213.84782608695653,519.2391304347826,14.422374539541284,8.283882657609754,0.8185907816393264
1687,103,213.84466019417476,184.873786407767,14.144589770244256,9.515868375278247,0.7398637326110866
1688,75,213.58666666666667,48.88,11.235683821582663,8.546080853251654,0.6491978813885847
1689,88,213.51136363636363,121.18181818181819,14.20571274430738,8.771514177347774,0.786599253590759
1690,58,214.63793103448276,221.5,9.819493331429229,7.5450860567281985,0.6399958714665489
1691,67,213.82089552238807,473.910447761194,11.646559789367569,7.559689981445607,0.7607098279730679
1692,31,214.5483870967742,490.19354838709677,7.018683057325421,5.614321539688548,0.6001186945549926
1693,78,213.76923076923077,573.1025641025641,11.814884492761646,8.503599239010716,0.6942477248370792
1694,53,214.58490566037736,56.0,9.715966757683852,7.4157993761441965,0.6460926025389024
1695,65,215.35384615384615,283.4307692307692,9.402226548427336,8.98090181833148,0.29599711228357667
1696,44,215.3181818181818,303.22727272727275,8.03977181627622,7.12277824789294,0.4637944484545002
1697,170,213.8470588235294,348.17058823529413,18.377982285114168,11.950802075267445,0.7596961257601752
1698,70,215.4,261.1,11.351697221136732,8.299163394992261,0.6822762147656608
1699,6,216.66666666666666,334.3333333333333,3.6514837167011076,2.10818510677892,0.8164965809277259
1700,152,215.85526315789474,457.2828947368421,18.521215272419038,10.744961471363098,0.8145143297665736
1701,57,215.94736842105263,40.63157894736842,10.43739675305937,7.028946296992404,0.7392431232383073
1702,72,216.93055555555554,252.98611111111111,14.254764918180864,6.687408333115292,0.883126494268046
1703,74,216.6891891891892,408.0135135135135,13.615466529433537,6.950808501641282,0.8598728326792424
1704,87,213.1264367816092,496.82758620689657,12.80685565644923,9.377776866323485,0.6810395555111046
1705,66,217.72727272727272,126.5,10.848492591031528,8.122106297395446,0.6629256435592501
1706,26,217.57692307692307,189.8846153846154,6.921870234299089,4.907923436599666,0.7051623697399175
1707,45,217.7111111111111,320.8666666666667,7.6583885279077695,7.577481175039618,0.14497403469163558
1708,23,217.43478260869566,506.39130434782606,6.667281608803803,4.352291467154875,0.7575445159811208
1709,68,218.08823529411765,196.64705882352942,10.46322836142578,8.53661486967321,0.5782379663157285
1710,77,218.92207792207793,314.61038961038963,13.474151033851996,7.574688751148115,0.8270254695709124
1711,49,217.87755102040816,382.2244897959184,8.769631733060596,7.234158058476331,0.565263899773989
1712,34,218.44117647058823,448.47058823529414,6.9451633614802075,6.225297202504919,0.44334712297371176
1713,71,217.8732394366197,550.2676056338029,10.600656945946982,8.844386697991109,0.5512738005083491
1714,103,218.6601941747573,26.679611650485437,16.362428223338753,8.305133972392749,0.8616084978010999
1715,53,219.28301886792454,276.1509433962264,10.928318704573861,6.166040260852365,0.8256204660613717
1716,59,218.83050847457628,329.4406779661017,10.857923052833263,6.988833992344276,0.7653097732502794
1717,35,218.5142857142857,338.48571428571427,8.944150732942495,4.990984148286291,0.8298298188351033
1718,73,217.53424657534248,395.86301369863014,12.623341798639046,8.159583811826874,0.7630084015765153
1719,76,218.44736842105263,433.8421052631579,11.470472919602159,8.558515969431351,0.6657952063568522
1720,67,218.67164179104478,480.7313432835821,10.929573927948521,7.935862768136372,0.6875988592149007
1721,48,219.83333333333334,500.3541666666667,11.034881967918253,5.547971797443076,0.8644221134330625
1722,41,218.53658536585365,556.9512195121952,8.621525328626783,6.3591729730184055,0.6752460362586608
1723,53,218.9245283018868,211.16981132075472,11.532145836848406,6.231730184969914,0.8414216933797424
1724,90,220.07777777777778,268.25555555555553,12.623264686528417,9.47747705720747,0.6605359150543529
1725,33,219.33333333333334,403.09090909090907,7.900646086855703,5.362899525296395,0.7343301061252722
1726,45,219.46666666666667,487.24444444444447,9.488145109030379,6.485980411329942,0.7298682724788532
1727,38,219.68421052631578,308.05263157894734,7.3812520948368,6.7654981455837175,0.39985442622834544
1728,21,219.61904761904762,424.7142857142857,5.453041275270223,4.953885832468186,0.4179654436725211
1729,49,219.71428571428572,512.265306122449,9.500631491093769,6.593098414997129,0.7200094775812304
1730,47,219.9787234042553,520.0425531914893,10.606213052579504,5.847686162619599,0.8342771205502324
1731,62,219.58064516129033,529.983870967742,11.185230573551904,7.098964687808232,0.7727807498187075
1732,62,220.3548387096774,297.5806451612903,9.976125577734251,8.153975980130168,0.5761429153006259
1733,40,220.95,472.025,8.180358458098139,6.247538354986084,0.6455425838821998
1734,67,220.29850746268656,541.7910447761194,13.332099722897693,6.607056923059443,0.8685650811606137
1735,128,220.640625,111.953125,15.875609771997416,10.72909371136538,0.7370644458555821
1736,14,221.21428571428572,256.7857142857143,4.592903864145437,4.036457505877987,0.47710462350466337
1737,29,220.72413793103448,567.4137931034483,6.278954609436001,5.818841337079276,0.37574928638644345
1738,144,221.17361111111111,61.15277777777778,18.71958121820999,9.941462681588048,0.8473261192397068
1739,54,221.55555555555554,49.407407407407405,9.066323799444422,7.677795853606901,0.531835405850961
1740,43,221.97674418604652,181.34883720930233,7.631150347741594,7.376621437306545,0.2561159688884879
1741,34,222.35294117647058,283.5,6.597682302498801,6.571407079420679,0.08915786895268597
1742,50,222.04,597.46,13.434960095702007,5.068594206177362,0.9261037133240078
1743,24,222.33333333333334,43.041666666666664,5.964572350907738,5.0942766364386545,0.5201266126331177
1744,64,222.359375,205.75,10.061833647365672,8.212374650656168,0.5777826630184788
1745,156,220.35256410256412,465.52564102564105,20.859282688537455,10.249137980129047,0.8709641221391395
1746,58,223.29310344827587,37.01724137931034,10.054438757692179,7.400697955823802,0.6769132967758813
1747,156,223.40384615384616,136.40384615384616,15.336964451778469,13.164428443241686,0.5130705926863084
1748,78,223.53846153846155,290.97435897435895,13.914028051899075,7.599358573023978,0.8376774573508898
1749,81,224.19753086419752,341.87654320987656,10.753908879081816,9.859699718587903,0.3992364799930421
1750,41,223.0487804878049,444.0243902439024,7.8364891324052675,6.655670132966336,0.5278817887055913
1751,63,223.71428571428572,506.8412698412698,11.064442426562954,7.393410439120564,0.7439695162766238
1752,31,223.74193548387098,579.6129032258065,6.741070998980902,5.803063642143996,0.5088556188536629
1753,63,224.22222222222223,160.03174603174602,13.8102297492452,6.127860224183635,0.8961660116083235
1754,136,222.22794117647058,173.06617647058823,15.048688933697981,11.868903547143601,0.6147780404557637
1755,28,223.21428571428572,322.0,7.426092178648807,4.7932873827679945,0.7637893035923894
1756,32,223.96875,438.5,7.0910569025591155,6.016750535352843,0.5291979227585889
1757,71,224.69014084507043,22.816901408450704,12.07702502382783,7.633481841891803,0.7749142237879488
1758,30,224.96666666666667,144.76666666666668,9.19244353597866,4.251677270868744,0.8866095128762377
1759,76,224.31578947368422,189.1315789473684,11.008971086999775,8.960937477794904,0.580911329689397
1760,42,224.26190476190476,198.52380952380952,8.552690287478029,6.431481983322957,0.6591819282865726
1761,68,224.41176470588235,244.89705882352942,9.718292374127136,8.909451315470951,0.3994125995160548
1762,86,224.3139534883721,492.80232558139534,12.092040509140585,9.293599006930236,0.6397637726517783
1763,10,224.3,549.0,4.084960009089611,3.5032986918244076,0.5143021576087596
1764,29,224.72413793103448,120.37931034482759,6.71531362239893,5.50286245297543,0.5731509517792832
1765,44,225.3181818181818,327.8863636363636,8.235711660023501,6.861040730037532,0.5531462942755656
1766,29,223.93103448275863,450.44827586206895,6.33266194299747,5.8650810997525555,0.377121932270611
1767,23,224.95652173913044,517.1304347826087,6.353073730740286,4.684516235112535,0.6754976162746597
1768,30,224.56666666666666,523.7333333333333,6.650819527469634,5.8558555359121565,0.474099501585724
1769,74,225.09459459459458,536.2432432432432,11.705801749163898,8.424098758145728,0.6943353650788898
1770,18,226.0,1.3333333333333333,5.333333333333333,4.216370213557839,0.6123724356957945
1771,78,225.14102564102564,151.74358974358975,12.170968608074906,8.25459857085587,0.7348585978888416
1772,150,225.02,374.87333333333333,18.104628865611268,10.756051127653567,0.8043874749743043
1773,84,225.5595238095238,390.6190476190476,11.787390135920939,9.289660736290916,0.615545211019972
1774,15,225.4,426.6,4.618802153517006,4.026578365477733,0.4898979485566355
1775,40,225.625,300.725,8.7536352000324,5.925695805958465,0.7360371530922707
1776,43,225.72093023255815,333.95348837209303,8.328245691845124,6.630556733258833,0.6050955321869704
1777,54,225.94444444444446,399.1111111111111,9.15565345166436,7.567062152917264,0.5629504177802636
1778,47,226.06382978723406,405.6595744680851,9.0649659139586,6.600495958226753,0.6854364421883069
1779,39,225.3846153846154,432.0769230769231,8.012521065873175,6.193836350198571,0.6343820595771006
1780,95,226.31578947368422,559.3578947368421,12.249868255537365,10.097469953762197,0.5661647200082072
1781,72,226.86111111111111,309.02777777777777,10.398843313172978,8.993130902365985,0.5020814980080528
1782,76,227.1184210526316,383.4342105263158,12.775631102655042,7.750391505493763,0.7949657627308385
1783,95,227.30526315789473,263.0,13.576609723383486,9.081818966041352,0.7433242483145777
1784,36,227.36111111111111,528.6388888888889,7.517107666564528,6.235046782395422,0.5585845573147953
1785,126,230.23015873015873,163.9126984126984,16.373073022865338,10.626439668334584,0.7607719800378344
1786,86,228.47674418604652,212.17441860465115,11.66720576009877,9.742473533551461,0.5502035432008257
1787,27,228.25925925925927,270.0740740740741,6.51805777823952,5.296733823012965,0.5827875489819847
1788,78,228.9102564102564,275.38461538461536,14.446044478607256,7.038041001892718,0.8732931967837072
1789,38,228.18421052631578,321.0263157894737,7.9374911389195475,6.191684313753432,0.6257102207802753
1790,30,228.06666666666666,472.1666666666667,7.314604045818203,5.251762760954119,0.6960604399194882
1791,58,227.68965517241378,477.41379310344826,11.010035811563121,6.869363019158143,0.7814895604477197
1792,43,227.86046511627907,543.9302325581396,8.461943561400606,6.499128374459568,0.6403994289262382
1793,126,229.03968253968253,103.81746031746032,17.28966889856935,9.949131259538028,0.8178454561658256
1794,116,227.92241379310346,365.26724137931035,15.103914124193027,10.286165015837792,0.7322588166178581
1795,15,227.8,448.3333333333333,5.00967901960713,4.4066621921885165,0.4756592083702481
1796,120,228.75833333333333,592.6666666666666,14.697358200383226,10.649355522318668,0.6891947279565906
1797,96,229.375,32.96875,13.924349934150088,9.220277684430174,0.7493542271101706
1798,24,228.66666666666666,201.41666666666666,5.978160075788583,5.135437003737711,0.5119201518509484
1799,39,229.76923076923077,443.7692307692308,7.773095637493541,6.673942527862465,0.5126541711961651
1800,116,230.20689655172413,485.41379310344826,16.415683973214033,9.258591399209127,0.8257687281663179
1801,23,229.2173913043478,577.0869565217391,5.733826014124253,5.0375140067593245,0.4776307722564946
1802,105,229.9904761904762,45.733333333333334,12.491199519172921,10.77263909941842,0.5061962757597376
1803,29,230.10344827586206,89.34482758620689,7.911264070415333,4.68602909759618,0.8057000996839673
1804,65,230.1846153846154,112.13846153846154,9.89751593770207,8.558542265979343,0.5022608006044457
1805,63,230.53968253968253,180.66666666666666,11.77558900244752,7.3317632822255625,0.7825212234268152
1806,128,229.8125,252.34375,15.59972868661062,10.580422482308432,0.7348367627279598
1807,27,229.85185185185185,315.0740740740741,7.295473450125049,4.834681654417698,0.7488884469983206
1808,64,230.28125,520.171875,9.396122220730314,8.844467534176268,0.33760155372349193
1809,166,230.29518072289156,61.066265060240966,20.52070842680168,10.609839409937557,0.8559667608277755
1810,85,230.21176470588236,95.97647058823529,11.65769516264753,9.306924064174313,0.6021933648349768
1811,56,231.39285714285714,193.82142857142858,11.429121106983992,6.554923909290396,0.8191857776145214
1812,39,230.12820512820514,437.87179487179486,8.545761437181454,5.895055895386887,0.7239788270765084
1813,82,229.32926829268294,457.8536585365854,14.353374272533419,7.833691767425589,0.8379327253305519
1814,36,230.16666666666666,513.1944444444445,7.964807709387562,5.884179343590929,0.6739551043045212
1815,47,231.17021276595744,119.29787234042553,8.197355692479382,7.450899225037166,0.41692834211000135
1816,66,230.63636363636363,289.6515151515151,12.07919575127589,7.440940385621758,0.7877360655384682
1817,71,231.8732394366197,301.8169014084507,11.696605013401753,7.82026221978864,0.7436289989693149
1818,24,231.75,325.2083333333333,6.479942233986865,4.723971231892597,0.6844983545335459
1819,42,231.28571428571428,336.54761904761904,9.111599787772175,6.204312092125523,0.7323535629981985
1820,87,231.11494252873564,348.7816091954023,11.81340410629157,9.520577501361844,0.5920338029855319
1821,100,230.35,498.69,17.845330894251457,8.99591936795092,0.8636424113327624
1822,44,232.0909090909091,173.0681818181818,9.658117700484436,5.905741890480624,0.7912602012601622
1823,57,232.33333333333334,186.6315789473684,9.634212493049008,7.845267119883827,0.5804256122930812
1824,32,232.09375,205.625,6.569627942963063,6.399168984410313,0.2263179420758603
1825,97,232.11340206185568,281.6701030927835,14.307490044276246,8.918196212848168,0.7819639944922394
1826,23,232.47826086956522,526.695652173913,6.307982502230531,4.820943150195152,0.6449074164430882
1827,57,232.17543859649123,533.859649122807,8.713217343331406,8.520888670984952,0.20894782252135188
1828,137,233.95620437956205,551.4233576642335,19.944008009701633,9.152928734649846,0.8884717767979287
1829,158,231.373417721519,127.72151898734177,18.441637632073896,11.404138507811256,0.7858707621127735
1830,49,232.83673469387756,152.91836734693877,9.497801812598365,6.666507556009055,0.7122754533585197
1831,41,233.7560975609756,501.9024390243902,9.087633441795536,5.777887543011125,0.7718565473558657
1832,70,233.14285714285714,4.785714285714286,10.213074612777824,8.789792596677616,0.5092118984441943
1833,20,233.15,136.95,6.11898614931727,4.261221480334413,0.7176602626839157
1834,53,233.20754716981133,451.4339622641509,10.17671310289408,6.6994827134004264,0.7527425742897015
1835,103,233.02912621359224,19.194174757281555,13.82271744012224,9.58179489650406,0.7207531317522216
1836,40,233.5,26.825,8.682977797527935,5.976277818813054,0.7254497378929273
1837,24,233.95833333333334,70.08333333333333,6.234634316266344,4.931914373433356,0.6117500692089524
1838,64,234.09375,233.0625,10.243473557663226,8.054075022834981,0.6178906383972022
1839,21,233.38095238095238,262.14285714285717,10.186109713918963,2.668042792519972,0.9650870056005412
1840,96,233.63541666666666,422.0416666666667,12.209852389641354,10.27610451813399,0.5400639615146582
1841,104,233.84615384615384,433.7307692307692,17.354458418618112,8.360603810334398,0.8763057390427027
1842,73,236.24657534246575,507.0,15.510428621225731,6.209943851176425,0.9163526239122197
1843,58,235.0344827586207,199.43103448275863,9.32485592138398,8.050714636576057,0.5045871668438648
1844,57,236.24561403508773,545.1228070175439,12.181051159693165,6.181014580512403,0.8616937655472054
1845,119,235.45378151260505,144.25210084033614,14.72055711364772,10.578336417932675,0.695413526935344
1846,78,234.8846153846154,467.6794871794872,12.242490464705712,8.23115626552434,0.7402394923453454
1847,7,236.0,296.2857142857143,3.0237157840738176,2.799416848895061,0.377964473009227
1848,43,235.6046511627907,479.4651162790698,8.656757691021758,6.326818879884261,0.6825347100923018
1849,16,236.5,519.5,4.47213595499958,4.47213595499958,0.0
1850,85,236.58823529411765,319.8235294117647,11.944474736774973,9.111123325103408,0.6466465362068776
1851,50,236.24,539.5,9.305950209725252,7.087855154707559,0.647991396274297
1852,106,237.0566037735849,369.91509433962267,14.042265125753163,9.871202339870988,0.711225749991321
1853,51,236.86274509803923,445.2352941176471,9.172187138898968,7.152225922447173,0.6260620748058808
1854,29,236.93103448275863,32.55172413793103,6.909803883582484,5.483314573228293,0.6084975583547189
1855,28,237.39285714285714,286.60714285714283,6.990451021143846,5.118087436805361,0.6811390174640333
1856,65,236.6769230769231,312.2,12.052454667601866,7.094784677599216,0.8083815326415745
1857,86,235.52325581395348,329.72093023255815,12.465304415608053,9.426018546105377,0.6543632348005134
1858,105,236.2,392.53333333333336,16.508533533523515,8.836669806603751,0.8446753757418193
1859,73,236.58904109589042,399.8904109589041,10.897024546024785,8.594611899188786,0.6147631158429324
1860,42,237.52380952380952,206.9047619047619,8.665474821221311,6.263508728151664,0.6910447808328948
1861,124,235.93548387096774,241.1451612903226,16.61938157570837,9.852402209513633,0.8053305428511708
1862,80,239.1,512.425,14.002484880409678,7.488685944402954,0.8449715763762418
1863,40,237.575,524.5,8.401306663693347,6.174791198298267,0.6780889358369551
1864,142,237.88732394366198,80.63380281690141,18.440472029405797,9.975757813878065,0.8410413427933114
1865,40,237.7,176.8,8.173904264549748,6.253582099403145,0.6439510220437785
1866,55,237.5090909090909,359.6545454545454,8.96650884308322,8.032891073680831,0.4443016937265904
1867,109,237.7981651376147,383.22935779816515,13.444362751611479,10.655301485025708,0.6098096620410178
1868,57,238.68421052631578,119.70175438596492,8.998117695960856,8.272614795427163,0.39338997267284476
1869,56,238.80357142857142,169.83928571428572,9.933719054783205,7.270628725713318,0.6813969450879471
1870,56,238.10714285714286,224.75,9.163135458810276,7.9280057450853345,0.5014154471764284
1871,30,238.5,249.5,6.531972647421808,5.796550698475776,0.46097722286464426
1872,43,238.37209302325581,353.06976744186045,7.750510507715799,7.202014550591479,0.3694993472023746
1873,56,237.875,457.60714285714283,9.810853345828725,7.301608258271158,0.6679146983306571
1874,31,237.7741935483871,564.2903225806451,7.166177173823627,5.57912662814998,0.6275999987432881
1875,81,238.3827160493827,38.71604938271605,12.886138015873966,8.13423053813468,0.7755885209478453
1876,91,238.82417582417582,110.54945054945055,12.551149505877335,9.355068770522713,0.6666671767678556
1877,162,239.0,340.641975308642,17.21706079166728,12.749860699596608,0.6720162191355339
1878,57,239.2982456140351,530.1754385964912,10.334281205454232,7.487248856040325,0.6892684814778194
1879,60,238.18333333333334,587.05,10.03434741301918,7.733095168412462,0.6372435371593925
1880,82,239.20731707317074,13.036585365853659,12.221183307259901,8.688760121843876,0.7032334724229655
1881,138,239.29710144927537,54.46376811594203,17.026346749543205,10.771839345049514,0.7744320369993185
1882,66,238.9090909090909,97.0,11.65287516308588,7.4560995529652825,0.7684992954158926
1883,99,239.1919191919192,215.06060606060606,12.105747235327089,10.713663459397205,0.465578907213426
1884,124,239.09677419354838,259.80645161290323,15.334577343079962,10.630368947153011,0.7207176873200787
1885,23,239.08695652173913,1.2608695652173914,7.081688494905789,4.26674062778,0.7981163973343501
1886,29,239.58620689655172,195.13793103448276,6.341063442449138,5.829948411900614,0.39333316858172307
1887,33,240.24242424242425,431.6666666666667,7.010033152918653,6.151285629942235,0.4795814550118153
1888,114,239.97368421052633,557.938596491228,18.803846461307316,8.054208059294972,0.9036234794694867
1889,105,240.6,594.8761904761905,13.929963034988969,9.713437551807592,0.7167742103783767
1890,71,240.08450704225353,65.8169014084507,10.929651542411108,8.49219669599463,0.6295166941609203
1891,82,240.5121951219512,187.7560975609756,10.514683425219697,10.198011259906421,0.24357182269795208
1892,32,240.4375,500.8125,6.781259677356306,6.11469681899777,0.4323514896997062
1893,25,240.68,151.24,5.993871251740861,5.298443867547758,0.46753053284109647
1894,111,241.0990990990991,272.3063063063063,13.682424375650847,10.360944573985885,0.6531311720566685
1895,138,240.92753623188406,304.5144927536232,15.333799172002793,11.685689637037308,0.6474745879672602
1896,50,241.3,450.48,8.516445109733649,7.638308889596822,0.4422550169339264
1897,44,241.5,463.27272727272725,8.067893720848652,6.947262972561019,0.5084356953167426
1898,57,240.73684210526315,475.3157894736842,9.35399917865774,8.06394248696478,0.5067636859672489
1899,67,240.73134328358208,494.34328358208955,11.940719589539485,7.268194830484311,0.7934082587261514
1900,75,241.34666666666666,27.533333333333335,11.17761280084364,8.739203807300038,0.6234680125822787
1901,89,240.43820224719101,160.53932584269663,13.576776704851078,8.550636025919763,0.7767584081684074
1902,54,241.24074074074073,487.51851851851853,9.395594258393224,7.412028874964537,0.6145428316816659
1903,125,241.416,578.504,15.431724402738821,10.450106696006275,0.7358143257696462
1904,45,242.4,129.2,8.735870168848155,6.729381278619075,0.6376622415431777
1905,16,242.3125,286.5,6.835263821247007,2.9524004630049383,0.9019039820274257
1906,78,242.0,424.1794871794872,10.67796641894503,9.710102760259076,0.41601270120959005
1907,62,242.56451612903226,439.2258064516129,9.739244703004728,8.136349447635412,0.5496136836931075
1908,35,242.17142857142858,469.51428571428573,7.5013452597524735,6.070943082111214,0.5873763621680601
1909,61,241.39344262295083,569.2950819672132,9.704376889870382,8.165565088583826,0.5403643267012733
1910,23,242.2608695652174,481.7391304347826,6.210529424330074,4.821994453306185,0.6302128082393543
1911,89,242.58426966292134,231.76404494382024,11.593472823259635,10.36862177808295,0.4473680548031413
1912,29,243.31034482758622,43.44827586206897,7.0173306411661756,5.258897272049762,0.6620998502169704
1913,38,243.23684210526315,207.18421052631578,8.92564321139789,5.558097700610374,0.7824517892263237
1914,75,243.90666666666667,536.4933333333333,10.098700010248072,9.852723948945627,0.2193652840675459
1915,25,244.28,562.76,7.1797633533123895,4.599456292914678,0.767863148649176
1916,50,244.96,515.68,10.926728081344724,5.870486643912296,0.8434171025084847
1917,112,244.60714285714286,375.3125,13.345870804051811,10.954391898654738,0.5712047959822161
1918,66,244.74242424242425,521.9090909090909,12.235832445147913,6.86667712184441,0.8276842204735053
1919,34,244.91176470588235,115.67647058823529,7.2965688209608395,5.942534531576173,0.5802637421266296
1920,157,244.56687898089172,136.64331210191082,16.880221296881974,12.448440984562737,0.6753938526415169
1921,36,244.88888888888889,222.08333333333334,7.054778707607901,6.542961431971186,0.37394475279279477
1922,106,245.08490566037736,403.2641509433962,15.37540602237268,9.06720415442268,0.8076068407815558
1923,97,245.4742268041237,72.1340206185567,11.998395263789384,10.517941647054183,0.48119721707950436
1924,88,246.0909090909091,181.27272727272728,15.32754869652101,7.392768616376493,0.8759956283650764
1925,66,244.87878787878788,197.07575757575756,12.338052693838607,7.298200608672609,0.8062905827929266
1926,59,245.05084745762713,353.0,9.226940920830627,8.475797483003555,0.39520635976657004
1927,47,245.93617021276594,395.63829787234044,9.626879973701218,6.213819095236025,0.763789409161961
1928,54,246.2037037037037,3.2962962962962963,10.101007588579364,7.048321528393532,0.716308231521791
1929,94,246.0212765957447,20.74468085106383,12.515514041071446,10.000689324535498,0.6012467606445444
1930,49,245.75510204081633,48.673469387755105,8.300608678419897,7.598714496439131,0.4024530283716413
1931,76,245.89473684210526,93.65789473684211,11.497353140022575,8.563875095200139,0.6672249989148952
1932,67,245.34328358208955,246.55223880597015,12.375757439179878,7.448397936226663,0.7986062093471499
1933,66,246.37878787878788,257.24242424242425,11.823257646746764,7.319879978373918,0.7853054150422757
1934,106,246.69811320754718,417.6981132075472,15.816101941931926,8.820572745353918,0.8300454546135051
1935,45,246.46666666666667,33.75555555555555,7.793584943519974,7.416017642829342,0.3074813984143654
1936,38,246.97368421052633,215.52631578947367,9.050311011855383,5.3475251952041285,0.8067693790184496
1937,173,246.60693641618496,326.8901734104046,16.380476281201027,13.556049133743103,0.5613572805277729
1938,94,246.53191489361703,82.95744680851064,14.927878424201447,8.210423176672338,0.8351606820735746
1939,77,247.1818181818182,457.05194805194805,10.691868378160624,9.398543854417783,0.4767542537101477
1940,43,247.0,528.6279069767442,7.52051457912846,7.3717628860126325,0.1979082783981175
1941,76,246.93421052631578,586.8026315789474,10.773300934921759,9.077519536020445,0.5385491850935953
1942,55,247.3272727272727,296.9818181818182,8.701950454486344,8.086619420967313,0.36935557146543585
1943,111,247.97297297297297,366.31531531531533,18.059527731238568,8.056031246282298,0.8949920670201708
1944,81,248.0493827160494,434.01234567901236,12.308994360987006,8.45337485299495,0.7268804136922974
1945,50,247.74,478.88,8.818534797525137,7.285701340628662,0.5634055458432918
1946,14,247.64285714285714,598.0714285714286,5.425725409671771,3.762092571101351,0.7205715694577286
1947,88,246.8409090909091,101.8409090909091,14.480688735512363,7.795669545495159,0.8427217596458125
1948,106,248.0,174.33018867924528,15.43539143476615,9.202366191156422,0.8028462527835175
1949,70,248.9142857142857,201.92857142857142,12.401508054644298,7.487359825350059,0.7971768124841454
1950,65,247.8,238.3230769230769,9.98032212203134,8.360532027585256,0.5461281835383874
1951,19,248.31578947368422,426.94736842105266,5.447543815574656,4.478035086212477,0.5694466637667497
1952,62,246.5,544.8870967741935,10.910040425874412,7.369901681040274,0.7373457642823092
1953,97,245.82474226804123,9.515463917525773,18.62212168733348,7.354055895810627,0.9187199540670391
1954,44,248.45454545454547,189.4318181818182,8.333213501320516,6.734924322809534,0.5889046216746497
1955,41,248.90243902439025,226.4878048780488,7.737642487458839,6.9122425410044,0.4494078630921666
1956,82,248.59756097560975,570.2317073170732,13.403281927733794,7.97093800759669,0.8039473588528466
1957,41,249.1219512195122,250.90243902439025,7.8734253701547265,6.703432121599845,0.5245174202399459
1958,46,248.1086956521739,551.804347826087,10.163567640664885,5.918683579048949,0.8129431119859845
1959,130,248.8,121.33076923076923,16.571056169519743,10.585637379411631,0.7693704956856089
1960,27,249.22222222222223,442.9259259259259,7.299106394781408,4.783530905378283,0.7553180314084064
1961,82,249.5609756097561,465.6829268292683,11.095413784912346,9.401833327578533,0.5310154805321664
1962,36,249.30555555555554,473.1388888888889,8.141946500551363,5.841956886915477,0.6965445531232167
1963,74,249.0810810810811,487.05405405405406,10.885059234028684,8.838569256895617,0.5836700665216261
1964,133,249.4812030075188,346.25563909774434,16.136795558661674,11.206701043543944,0.7195108557001385
1965,46,250.06521739130434,53.82608695652174,8.204016150461294,7.550609203450732,0.39108342249328826
1966,137,251.1824817518248,63.70802919708029,19.06304880348874,9.265889614884973,0.8739224033660911
1967,34,250.5,88.11764705882354,7.202092400461399,6.128251838130376,0.5253296285847219
1968,120,251.325,107.29166666666667,19.313515625067748,8.402598988159522,0.9003999409075806
1969,58,251.3793103448276,207.55172413793105,12.59615484681618,6.007953375708275,0.8789210656032264
1970,59,250.0,289.52542372881356,9.471636571435841,8.099369895316277,0.5184328974387961
1971,60,250.13333333333333,495.05,10.266962579100955,7.839963963877397,0.6456767599968007
1972,29,250.89655172413794,519.7931034482758,8.16867531283511,4.609143757583181,0.8256066011541598
1973,156,249.75641025641025,163.7948717948718,16.991798159854188,12.694225383315656,0.6647346128270689
1974,94,250.35106382978722,358.8191489361702,12.681063459720047,10.177868137967677,0.5965126491423741
1975,76,250.55263157894737,409.63157894736844,10.98955131420051,8.953858953959541,0.5797968131041
1976,102,250.0,448.8529411764706,15.72120291138311,8.74181485078039,0.8311471409602601
1977,33,251.12121212121212,595.2424242424242,7.303386152155916,5.890439852703621,0.5911857274751393
1978,70,251.88571428571427,27.65714285714286,11.637917052015963,7.946999751965709,0.7305547438825526
1979,79,253.59493670886076,335.1012658227848,15.24430617582333,6.98363800030306,0.8888931808354938
1980,88,252.1818181818182,502.27272727272725,12.906989981238619,8.865646748480001,0.7267640036611663
1981,53,251.9811320754717,533.7358490566038,8.837656420215472,7.781214968905219,0.47411791565026024
1982,13,252.0,71.84615384615384,4.666384888647108,3.8430756913220914,0.5672205306887107
1983,46,252.2826086956522,540.3260869565217,9.620689800645923,6.333663680970253,0.7527226259462466
1984,52,251.71153846153845,44.42307692307692,8.796882595046698,7.6432709187085015,0.49505558000276334
1985,40,252.15,232.225,7.595975472697516,6.688135511349764,0.47407570768875607
1986,50,252.24,557.74,9.478977995495741,6.787177333833818,0.6980754906676663
1987,44,252.9318181818182,16.795454545454547,7.788494533259657,7.364232131651986,0.32554358982329773
1988,91,253.23076923076923,217.93406593406593,12.439120113619845,10.095993292322902,0.5841684667978148
1989,30,253.9,97.1,7.323156511194499,5.408454373714324,0.6742081117821875
1990,3,254.33333333333334,223.33333333333334,2.3094010767585034,1.3333333333333333,0.816496580927726
1991,143,253.75524475524475,304.55944055944053,14.924239460165882,12.582606790585514,0.5377588613790061
1992,26,253.07692307692307,311.84615384615387,6.759031256564451,4.898568142382612,0.689018116106601
1993,27,253.40740740740742,440.7037037037037,6.556236779631799,5.530373609990886,0.5370841681848593
1994,39,253.53846153846155,563.9230769230769,8.204000890628066,6.223332896861117,0.651588158049464
1995,85,253.91764705882352,579.2941176470588,12.407824861569225,8.935737501514586,0.6937981234806533
1996,96,253.1875,144.48958333333334,12.321013255358297,10.031370606760278,0.580629840251353
1997,57,253.9298245614035,245.26315789473685,10.506381261296887,6.979242640196927,0.7474784458705173
1998,63,253.95238095238096,429.4920634920635,11.791393924970993,7.288087300997666,0.7861110333396232
1999,53,254.16981132075472,589.3962264150944,9.31396791364638,7.346755392982219,0.6146640715652578
2000,52,254.46153846153845,546.4615384615385,9.8461213133,6.9894714858726505,0.704332174320765
2001,35,255.0857142857143,570.2,7.489129012058945,6.109568249210203,0.5783460284122502
2002,109,255.85321100917432,80.5137614678899,13.962633983191102,10.962814812370466,0.619300852621588
2003,90,254.85555555555555,153.23333333333332,12.523803416890166,9.285261244044346,0.6710533619748266
2004,90,255.22222222222223,256.0888888888889,12.116980875925247,9.493624066143127,0.6213949532196458
2005,51,256.54901960784315,122.82352941176471,11.479959469088634,5.979318131123977,0.853649213461793
2006,84,256.51190476190476,417.8809523809524,12.118430503624108,9.142280013879951,0.6564020886847941
2007,46,255.80434782608697,91.04347826086956,8.78141802315209,6.710185100361204,0.6450568628244754
2008,53,254.58490566037736,129.71698113207546,11.334400440269116,6.1691941572030045,0.8388975118508701
2009,124,255.94354838709677,280.86290322580646,14.537711379856178,10.903388282354804,0.6614296577207021
2010,51,256.0,341.3529411764706,9.850719101266431,6.729337195695103,0.7302953234126116
2011,101,255.75247524752476,400.5940594059406,13.274595586069017,9.900989741487415,0.6661027504429166
2012,43,255.69767441860466,484.1860465116279,9.069214940737783,6.116169878025835,0.7383771412804687
2013,34,256.6764705882353,490.61764705882354,7.012950044914022,6.172423226266116,0.47470221335002866
2014,30,256.1,552.9333333333333,7.516056104991568,5.398560565759593,0.6957640719365897
2015,111,256.26126126126127,318.72972972972974,14.166563450355289,10.473598865989741,0.6733561677328233
2016,28,256.7857142857143,425.10714285714283,7.392681231217581,4.884513107284695,0.750629982079916
2017,72,256.6111111111111,471.05555555555554,10.868662706760043,9.132526220286167,0.5421802917534858
2018,125,255.568,5.416,14.799916429067649,11.357798804901131,0.6411409172281662
2019,24,256.75,29.791666666666668,7.0566811263605285,4.454451747382162,0.7755884414161229
2020,123,257.2032520325203,190.6341463414634,13.154786606460828,11.941023788507865,0.4195499942153821
2021,27,256.55555555555554,327.0740740740741,6.812208487977921,5.001219537335752,0.6789814963375519
2022,96,255.90625,525.5208333333334,12.178642397068968,10.425918021284097,0.516839821517133
2023,143,257.5524475524476,38.93706293706294,18.056146829834187,10.276985175300124,0.822221091442875
2024,36,257.44444444444446,437.05555555555554,7.495048630953996,6.196139705833183,0.5626463006175231
2025,85,258.90588235294115,162.28235294117647,12.553309985557691,8.905222609310586,0.7048137576081043
2026,79,257.9493670886076,227.83544303797467,11.883629826698913,8.625910096755213,0.6878372683554267
2027,23,258.7826086956522,240.7826086956522,6.169544815167831,4.799283810238364,0.6283891123031216
2028,102,257.02941176470586,266.2450980392157,13.551606865317535,10.229068565464557,0.6559281906020384
2029,122,258.3524590163934,292.9344262295082,15.48402359942591,10.212097599726635,0.7516828024165048
2030,60,258.1166666666667,362.76666666666665,10.35067259042011,7.503867094396749,0.6887865459326187
2031,177,257.50847457627117,378.42937853107344,16.722877311682126,13.519352855430519,0.5885859969092663
2032,69,258.1449275362319,173.15942028985506,9.650647614969868,9.113168259740897,0.3290675191505212
2033,55,257.5272727272727,236.23636363636365,11.043772292903942,6.614188554668069,0.8008188539254912
2034,41,258.219512195122,355.1219512195122,8.341715952419104,6.2813718403703165,0.6580123226168835
2035,61,258.59016393442624,477.9672131147541,9.75311227947402,8.226806688956458,0.5371200800432577
2036,25,258.24,504.88,5.896179918424343,5.477505122733295,0.3700993139629802
2037,50,259.04,21.56,8.765828297869037,7.378147074454292,0.539954468443407
2038,54,259.25925925925924,516.6296296296297,8.774811556343636,7.908682808743428,0.4332084684286339
2039,122,259.6475409836066,51.0,15.841467808768753,10.219457378563632,0.764091413122323
2040,42,259.57142857142856,412.04761904761904,8.96735296360123,5.955557656004404,0.747610221837433
2041,67,259.3731343283582,444.53731343283584,10.512455836405755,8.199898046885057,0.6257578751862011
2042,75,259.44,462.53333333333336,10.062157377843125,9.516876822733012,0.32472410784848244
2043,59,259.89830508474574,560.4745762711865,9.57403482151921,8.136088986301514,0.5270927705003225
2044,44,259.47727272727275,596.25,9.089224978474723,6.150794280611791,0.7362471570839784
2045,98,258.4387755102041,60.66326530612245,17.365621540335077,7.590928397255572,0.8994012935306933
2046,55,260.43636363636364,139.47272727272727,11.60247468008918,6.161203822108056,0.847356168542993
2047,128,260.15625,210.3515625,13.224365095135786,12.693423642503006,0.2805094256590358
2048,71,260.22535211267603,536.830985915493,11.525074884723354,8.262521208289183,0.6971586099543823
2049,66,260.93939393939394,247.45454545454547,9.832668227408128,8.798217225494168,0.4464782678573942
2050,36,260.3611111111111,589.6944444444445,7.1702883271553235,6.4036488342100615,0.44989575099945545
2051,75,261.2266666666667,115.37333333333333,13.821228023099236,7.379356366102728,0.8455383655969745
2052,14,260.5,368.7142857142857,4.20883424647321,4.120630029101703,0.2036532699906393
2053,77,261.2987012987013,545.974025974026,11.636256294175514,8.460187351229692,0.6865802193974102
2054,147,263.2108843537415,74.31972789115646,16.77327224063951,11.783071773765478,0.7116926864935541
2055,49,261.7142857142857,432.18367346938777,8.128285397822793,7.730365343022626,0.30905237625792087
2056,47,261.0,568.2127659574468,8.305735347947676,7.26936325800562,0.4837212517395257
2057,59,260.8135593220339,577.2203389830509,11.831763949427586,6.686576840841139,0.8249965374766568
2058,39,262.12820512820514,11.435897435897436,7.313726869496972,7.003746358359289,0.2880458663976115
2059,87,260.48275862068965,133.73563218390805,16.673044463706937,7.7557046365763185,0.8852243768982685
2060,47,261.97872340425533,406.93617021276594,9.116167844360607,6.695002081344595,0.6787064123895334
2061,34,262.0882352941176,554.5294117647059,7.433916271546775,6.049667806014956,0.5811550738817759
2062,22,262.27272727272725,1.6818181818181819,5.857600473582453,4.8210201928794145,0.567988188479356
2063,27,263.0,17.14814814814815,6.330321474967665,5.539582579389779,0.48396548445303555
2064,67,263.1194029850746,125.19402985074628,10.338488801512089,8.406737447386831,0.5820548257913949
2065,81,262.34567901234567,349.8641975308642,14.100390720543317,7.480618637907495,0.8476688966499846
2066,67,264.04477611940297,425.1940298507463,11.45713947702917,7.56530525626813,0.7509899611207429
2067,42,263.1666666666667,511.0952380952381,7.782072694313955,6.886305540044239,0.46579340323262325
2068,137,263.75912408759126,95.24087591240875,16.227650624787675,10.781341918723038,0.7473941094799941
2069,70,263.6142857142857,530.6142857142858,11.680534158472348,8.339494144676115,0.7001812524827803
2070,166,264.2469879518072,107.41566265060241,20.68397108417392,11.375268779753908,0.835193795322056
2071,91,263.84615384615387,147.30769230769232,11.877255297943108,9.859672390046546,0.5575690823103577
2072,92,263.5869565217391,200.95652173913044,13.060449544834855,9.034448242162892,0.7221456976728744
2073,83,264.0,222.14457831325302,10.96676397337949,10.206210171798627,0.36591263640232846
2074,97,264.1546391752577,273.02061855670104,12.227649422152897,10.324244310324676,0.535814109047731
2075,134,264.26119402985074,339.74626865671644,15.253746712520865,11.42170354723129,0.6628183829981052
2076,115,263.6695652173913,453.2695652173913,12.520061293042856,11.897723130542238,0.31135789983518103
2077,31,263.6774193548387,468.4516129032258,8.442865707913768,4.783993419706873,0.8239713438656778
2078,23,264.82608695652175,22.695652173913043,7.051056482588803,4.468646647186848,0.77353333394156
2079,52,264.71153846153845,438.84615384615387,9.311643016024254,7.3515157370482145,0.61375421041094
2080,28,265.0357142857143,476.89285714285717,6.889764110782676,5.375732269797901,0.6254688934762559
2081,86,264.3139534883721,484.51162790697674,12.764531499315805,8.84223829153414,0.7212072285448677
2082,96,264.5625,496.0,11.448122174579709,10.811012842277838,0.3289477117130801
2083,29,264.7241379310345,593.1724137931035,6.571831712185351,5.736803033105697,0.48783078594680473
2084,90,264.8777777777778,85.94444444444444,13.872248178371025,8.410648136892902,0.7952412814348031
2085,37,265.0,233.1081081081081,7.385902499881175,6.55676568007118,0.46034398862141135
2086,23,264.95652173913044,266.1304347826087,5.724509793224737,5.1723898844612535,0.4284793311319948
2087,91,265.2197802197802,325.1098901098901,12.964056102693204,9.493788370873101,0.6809647387375397
2088,158,265.9177215189873,33.424050632911396,19.020598813998955,10.930899611216764,0.8183729735611425
2089,69,265.28985507246375,155.82608695652175,10.292942768450207,8.522496049354338,0.5607367865124074
2090,28,265.85714285714283,215.17857142857142,6.973523476536163,5.260807235698584,0.656418101373384
2091,134,265.7761194029851,312.73880597014926,15.548835904937597,12.031545825948292,0.6334412620536662
2092,48,265.4375,357.0208333333333,8.80064454784659,6.938723064417567,0.6151199895225199
2093,34,265.6470588235294,504.94117647058823,7.038481856234249,6.226096002259959,0.46638964282012235
2094,36,265.3888888888889,520.5,7.218487003533338,6.677185290563057,0.379938499792826
2095,48,266.6666666666667,561.6666666666666,10.270594469071485,6.241741239135331,0.7941442512440045
2096,87,268.6551724137931,585.2068965517242,13.194652092617446,8.843659419139241,0.7421392332864374
2097,51,266.0,193.23529411764707,9.294515798241159,7.298985034598969,0.6191151827491416
2098,94,265.78723404255317,258.8829787234043,12.894308439358749,9.610820185946588,0.6666692573469202
2099,99,265.93939393939394,401.1818181818182,16.2780583320819,7.947603068313239,0.8727092702342792
2100,128,267.03125,282.390625,15.372469807508438,10.722879313283421,0.7165479525307714
2101,91,267.1868131868132,61.48351648351648,12.039789036662556,9.798939101851502,0.5810335105474661
2102,97,267.1546391752577,240.20618556701032,11.982841205827315,10.43429334601626,0.491691342248048
2103,65,266.75384615384615,418.03076923076924,9.969273547908035,8.738846095499524,0.4812597738463041
2104,24,267.0416666666667,597.8333333333334,7.903985856451212,4.04822414054982,0.8588811008871438
2105,23,267.6521739130435,140.3913043478261,6.041438422612472,4.879655796198477,0.5895968607045851
2106,129,267.83720930232556,175.71317829457365,13.120739750988943,12.66860312957965,0.2602535481534231
2107,219,267.986301369863,299.986301369863,18.113245483822084,15.86516372187269,0.48251553376767436
2108,87,267.02298850574715,574.8735632183908,14.60234834989127,8.00152662618173,0.8365034670313847
2109,70,267.0571428571429,251.22857142857143,12.637372266704826,7.3665325482588075,0.8125320782944904
2110,44,267.72727272727275,369.15909090909093,7.787328928482775,7.282526629544759,0.35418216447240847
2111,43,267.72093023255815,461.72093023255815,8.573899116547999,6.505511310527753,0.6513730651998827
2112,26,267.7692307692308,515.8461538461538,6.634693601847697,5.112209596979312,0.6374075346633145
2113,21,267.6666666666667,545.4761904761905,6.086567197386404,4.723315448071894,0.6307047478375687
2114,105,268.6,7.295238095238095,13.77205665719615,9.954879026322297,0.6910241268871752
2115,63,267.015873015873,363.04761904761904,13.017125720188762,6.307453276353037,0.8747633534942789
2116,65,268.53846153846155,470.61538461538464,11.681467744466385,7.411976401421428,0.772916879955045
2117,47,269.3404255319149,432.8723404255319,9.550840779425268,6.333503356040716,0.748499206019466
2118,41,269.9024390243902,319.0975609756098,7.627944859512346,7.070903866657096,0.37512645533912814
2119,46,269.32608695652175,330.2826086956522,9.707698892945611,6.3106936556628055,0.7598734616580263
2120,46,269.69565217391306,186.19565217391303,9.31973116069116,6.440720126098146,0.7227741380215733
2121,80,269.7375,443.875,12.520484119151561,8.745569016483351,0.7156092078462637
2122,65,270.32307692307694,489.0769230769231,10.454164536637034,8.284806443449213,0.6098866982155677
2123,54,270.5,510.27777777777777,9.174334372322093,7.625783663280146,0.5559609874622523
2124,70,270.8,529.3142857142857,12.540846212579789,7.222458789519031,0.8175097288781344
2125,126,271.1746031746032,551.8253968253969,14.798814776728193,11.33419450397458,0.6429772367726956
2126,170,271.2352941176471,47.258823529411764,15.393060120246655,14.362190768259689,0.35979792692654544
2127,47,271.36170212765956,200.4255319148936,10.463751203241372,5.796940891858362,0.8325152212612023
2128,65,270.5076923076923,410.9076923076923,11.197725827086977,7.43048583427369,0.7481133352591419
2129,34,270.55882352941177,522.4411764705883,7.159532884148048,6.281233290442954,0.47989769689152867
2130,83,270.3855421686747,538.3614457831326,12.14831461643536,8.75079338784024,0.6936317018014306
2131,63,271.5079365079365,593.968253968254,10.638358608375297,7.77553773004564,0.6824884546759703
2132,115,271.8695652173913,226.76521739130436,13.271549818598249,11.238077967978112,0.5319438579731696
2133,167,272.4191616766467,117.26347305389221,17.106967512685117,12.506472942733875,0.6822973172528413
2134,46,271.7173913043478,502.9130434782609,8.618385036611455,6.863467219406305,0.6048030298355743
2135,57,271.1929824561403,568.3684210526316,10.341776919886032,7.438592670112942,0.694724358061658
2136,47,273.0,190.4468085106383,10.93095483785728,5.675705932405248,0.8546330868350265
2137,65,273.9384615384615,420.6923076923077,11.49018636300497,8.467144761980729,0.6759992601963845
2138,58,272.3103448275862,479.7931034482759,9.341605286372763,8.095861406313446,0.49892419321415254
2139,69,273.0289855072464,29.0,11.639985290994828,8.081391840162023,0.7197064173549507
2140,24,272.7083333333333,77.41666666666667,6.5845193471767205,4.601291421376529,0.715312757164942
2141,21,273.04761904761904,92.42857142857143,5.9176717526058855,4.947958651328695,0.5485272709911463
2142,59,273.0,165.0,9.473315972075868,7.9160005150473065,0.5493226797509067
2143,79,272.45569620253167,344.873417721519,11.37416259615159,9.283789749181091,0.5777448475709912
2144,57,273.2105263157895,452.89473684210526,9.07291588054631,8.200726259460804,0.427809605887933
2145,25,272.2,562.76,6.132060986158656,5.17264227083518,0.5370654454079513
2146,179,273.4078212290503,130.268156424581,18.201973188995215,12.774998160741067,0.7123278400952429
2147,102,273.2549019607843,150.55882352941177,13.322628692050701,9.996119506074827,0.6610846236082365
2148,121,273.92561983471074,267.297520661157,13.544368147939268,11.73976727760649,0.4987189669991161
2149,88,273.4431818181818,401.46590909090907,16.8019141323873,6.940525059349198,0.9106950022564764
2150,57,273.719298245614,215.40350877192984,10.709959110954781,6.838443120475244,0.7696114247959922
2151,68,274.1617647058824,336.2352941176471,10.337593609091602,8.391537129602057,0.5840056861713105
2152,52,274.0769230769231,367.09615384615387,9.230716156964483,7.174562885802586,0.6291933976007871
2153,75,274.2266666666667,428.56,11.232858160140347,8.934385995115946,0.6061116441757571
2154,37,274.1081081081081,472.7027027027027,8.01241090395256,5.9851252611403085,0.6648444660486953
2155,57,275.0877192982456,516.3333333333334,10.742455591436347,7.03104525578865,0.7560532925026395
2156,26,275.0,240.5,6.201736729460423,5.203549084703927,0.5440588203494177
2157,100,275.33,255.05,15.283588473212168,8.361191504893073,0.8370869154112567
2158,140,276.5642857142857,462.6928571428571,14.21135394853777,12.770688320285233,0.438716077750865
2159,46,276.6521739130435,525.6086956521739,8.6480274588181,6.887284185611966,0.6047709808504438
2160,201,276.2636815920398,20.28855721393035,20.52529218342162,12.79260620042749,0.7820141990673293
2161,35,275.48571428571427,195.17142857142858,8.166271005635352,5.6501559943490545,0.7220035441813193
2162,42,275.92857142857144,323.7142857142857,7.844586089815297,6.868038444321174,0.4831942539377408
2163,60,275.4,440.46666666666664,13.16569048097732,6.007230341956715,0.8898366804410213
2164,59,276.47457627118644,542.7457627118644,9.822077206613837,7.865882176917366,0.5988824660959365
2165,40,276.125,557.275,7.806770469639636,6.632822539037401,0.5273882903336782
2166,51,275.11764705882354,575.2156862745098,9.730915389411837,6.723559205566583,0.7229041989343502
2167,38,275.9736842105263,587.7631578947369,7.053429851985137,6.85745948524838,0.23408430669222102
2168,42,276.85714285714283,34.642857142857146,9.67783838680448,5.620600042625856,0.81406755612506
2169,90,276.22222222222223,57.87777777777778,11.324834619320805,10.257088959907328,0.4238840878490863
2170,50,276.66,179.88,8.268886591500621,7.814442688823131,0.32694980417947855
2171,60,276.6333333333333,316.78333333333336,10.124609220651404,7.619496871417762,0.6585100340486426
2172,142,276.2535211267606,352.76056338028167,17.402217378126107,10.567302817870823,0.7945193230146498
2173,107,275.94392523364485,377.05607476635515,12.849580898881108,10.654417982425386,0.5590044879522856
2174,37,276.81081081081084,507.2432432432432,8.23165886950001,5.724900795228073,0.7185517229930349
2175,86,276.51162790697674,86.17441860465117,11.834651952861487,9.401187839143807,0.6074236581400531
2176,160,276.0125,99.18125,17.608396216983216,12.606199176029667,0.6981825450037125
2177,52,277.40384615384613,207.53846153846155,8.502926299773181,7.814544660180208,0.39416009017959386
2178,17,277.29411764705884,520.5882352941177,5.300439353437239,4.092631588351591,0.6354638360916526
2179,42,277.26190476190476,581.2142857142857,8.96547075643107,6.11614111905061,0.7311763395527788
2180,86,277.43023255813955,142.37209302325581,13.16817316547008,8.50876649800764,0.7632007065988785
2181,98,276.9387755102041,394.234693877551,15.538818210983585,8.22463801413559,0.8484370884028507
2182,88,276.14772727272725,497.82954545454544,13.725249597248308,8.938365790085316,0.7588759467492278
2183,60,277.98333333333335,415.1166666666667,10.80068536614507,7.2610586968649065,0.7402991597301165
2184,25,278.6,135.92,6.297092951232983,5.05215007333827,0.5969226473890912
2185,45,278.31111111111113,483.6222222222222,8.51358928368185,6.75590514282883,0.608513266697989
2186,48,279.1666666666667,476.2083333333333,9.119234696096939,7.04987018806821,0.6343122433858813
2187,40,280.175,342.075,9.595063050069845,5.670517177928688,0.8066841613738491
2188,69,279.5507246376812,562.8695652173913,11.478204169132253,7.805315929286828,0.7332010339480415
2189,42,279.7857142857143,569.3571428571429,8.786469053867139,6.049287555802091,0.725257559112125
2190,96,279.5208333333333,308.4166666666667,13.608216943978547,9.45330855926782,0.7193222894659754
2191,122,282.10655737704917,2.8442622950819674,20.508457126928864,7.822665958178061,0.9243952074645134
2192,67,279.86567164179104,300.46268656716416,9.837333002179264,9.338865266481555,0.31428409941183205
2193,63,278.3333333333333,331.5238095238095,13.631320737228975,6.376065804255571,0.8838602105168089
2194,44,280.8181818181818,439.52272727272725,8.352371381231537,6.760229450790836,0.5872874213623044
2195,84,280.35714285714283,450.6547619047619,13.985386083692033,7.921290587448416,0.8241320520863941
2196,42,280.6666666666667,531.3333333333334,7.995284051706366,6.785549859870147,0.5288841459396668
2197,20,280.1,536.7,5.4478633986980824,4.639049944668172,0.5242966935960685
2198,128,280.4140625,161.890625,17.26523782302503,10.054948662319761,0.8129158768563738
2199,90,280.15555555555557,197.8,15.291376369473799,8.164420331192062,0.8455329890219888
2200,14,280.7142857142857,258.64285714285717,4.74024689744533,3.7660484032669737,0.6072856123196266
2201,41,281.1463414634146,512.0487804878048,8.553848507843538,6.232270360697196,0.6849473594172469
2202,65,280.95384615384614,551.5076923076923,13.857260029621933,6.096891348581894,0.8980084885533203
2203,16,281.1875,381.8125,5.244535484642193,3.9204397139005818,0.6642297420901242
2204,46,281.19565217391306,493.0,8.750522682232926,6.700957613577018,0.6431050303727182
2205,50,282.64,575.3,9.865959651126145,6.6414787632236605,0.7394867749174259
2206,150,281.85333333333335,11.046666666666667,19.1209951604124,10.139453725584207,0.8478234791458301
2207,52,281.78846153846155,63.63461538461539,9.171031214159159,7.219213152409638,0.6167287707731184
2208,4,282.5,238.5,2.0,2.0,0.0
2209,6,282.1666666666667,291.1666666666667,3.1269438398822857,2.309401076758503,0.674199862463242
2210,63,282.3333333333333,401.25396825396825,10.10289035113669,8.157842988150966,0.5899002202168122
2211,76,281.9342105263158,430.7236842105263,11.429366983719213,8.649598472239655,0.6536613464062473
2212,45,282.24444444444447,584.4444444444445,9.028356939316602,6.426940259544237,0.7023198122558042
2213,147,282.5442176870748,387.7755102040816,18.68635189020127,10.608508953084582,0.8232256601562025
2214,93,283.6774193548387,410.1182795698925,12.791245769082995,9.66540167758827,0.6550029762667282
2215,41,282.9024390243902,506.1219512195122,7.839398400263892,6.6264384385940325,0.5343333460811409
2216,63,282.8412698412698,521.5555555555555,11.216896611036585,7.450268536529161,0.7475544610453941
2217,111,283.9189189189189,153.63063063063063,14.464446734978427,9.919756277100772,0.7277875305669839
2218,58,282.98275862068965,187.82758620689654,9.714346538877631,7.704413499736032,0.6090961028633132
2219,89,283.76404494382024,324.4719101123595,11.207050974959756,10.536919713422073,0.3406104897448859
2220,158,283.7974683544304,42.234177215189874,15.061761113488792,13.634078795566479,0.424961420997967
2221,48,283.7708333333333,211.625,8.694140978287873,7.046628144383036,0.585734357886058
2222,73,284.3424657534247,420.26027397260276,12.753589075426241,7.437544434499427,0.8123482328893992
2223,13,284.38461538461536,255.3846153846154,4.318667337728677,3.6794648440311994,0.523556754446835
2224,42,284.7142857142857,500.1190476190476,8.705937271709505,6.2341200335685985,0.6980214624524846
2225,104,284.1826923076923,175.96153846153845,18.410107040446068,7.68932058552707,0.9085995151160997
2226,36,284.97222222222223,182.08333333333334,9.435581753320085,4.871881471790801,0.8563892253758134
2227,124,285.38709677419354,367.6774193548387,19.235664632925516,9.15058592544445,0.8796025205946812
2228,90,284.5,471.23333333333335,11.56654118069977,10.799671425231145,0.3580581150121225
2229,11,285.3636363636364,58.45454545454545,4.0,3.468869823334348,0.49792959773196904
2230,98,285.4591836734694,79.56122448979592,12.205371507583491,10.412092179114412,0.5217889995427327
2231,89,286.59550561797755,131.2808988764045,14.483621156144013,8.006073260494995,0.8333356035258059
2232,56,285.4107142857143,137.94642857142858,10.211397240530816,7.07992412245732,0.7206149433131903
2233,35,285.4,296.9714285714286,7.5059074902734295,5.8993709187720285,0.6182726277355337
2234,112,284.5892857142857,357.79464285714283,13.837903233745159,10.670191906333974,0.6367328968011954
2235,75,286.18666666666667,447.6933333333333,14.216882809007505,7.242790965693034,0.8605002592467967
2236,148,282.7432432432432,594.8783783783783,17.518023500455968,11.349025156138632,0.761769209027618
2237,106,286.89622641509436,203.68867924528303,13.21846901531911,10.489976635861344,0.6084596121729055
2238,47,286.0,342.0,8.168439523882096,7.38024966423108,0.42857142857142866
2239,48,286.7291666666667,462.875,8.674560823541134,7.233836009170671,0.5518947078034677
2240,36,285.80555555555554,536.5555555555555,7.133665986124316,6.464504771758777,0.42285634801236316
2241,40,286.675,550.025,7.316347356865859,6.926114448497219,0.32222568890289843
2242,44,287.0681818181818,311.3636363636364,8.393320885300207,7.01286415738513,0.5494461401449497
2243,120,286.6666666666667,376.675,14.13983001352998,11.06032380828121,0.6230142053858883
2244,153,287.22222222222223,103.43137254901961,16.142095719560473,12.238584598139527,0.6520474384713661
2245,175,287.3257142857143,121.71428571428571,17.67456780324374,12.675751070979492,0.6968935320554366
2246,60,285.93333333333334,317.06666666666666,12.223828413607276,6.676011535774824,0.8376891239831343
2247,41,286.9268292682927,348.5365853658537,7.961457657793651,6.686047770903726,0.5428928647670102
2248,56,287.0892857142857,557.7857142857143,9.194268444350085,7.784804613814602,0.5320675547316884
2249,53,286.8867924528302,566.566037735849,8.652525692196894,7.930744233314605,0.39984811063146963
2250,36,287.3611111111111,586.7777777777778,8.416578813049725,5.622987747379435,0.7440852097233971
2251,73,287.35616438356163,146.21917808219177,11.459967324624774,8.269910716956996,0.692273991876831
2252,107,287.95327102803736,332.89719626168227,13.37862406363413,10.243072410645912,0.6432815147859463
2253,26,287.6923076923077,511.03846153846155,6.303652095135837,5.199346212046312,0.5654028390314514
2254,43,288.0232558139535,516.4651162790698,8.473294146908833,6.70218986873506,0.611844497762798
2255,151,287.17218543046357,90.0794701986755,14.306107451513357,13.660195307144763,0.29708639914280777
2256,45,288.6222222222222,170.62222222222223,8.379990110683348,6.944859565666147,0.5596291261337815
2257,23,288.60869565217394,288.4782608695652,5.656854249492381,5.223185188758681,0.3839896028838194
2258,96,288.6041666666667,436.3333333333333,13.651956064258076,9.147278651636137,0.7423301515196157
2259,18,288.6666666666667,486.0,5.333333333333333,4.216370213557839,0.6123724356957945
2260,51,288.70588235294116,495.03921568627453,9.305977708739295,7.269995530721057,0.6242585461707899
2261,48,288.5833333333333,531.1666666666666,10.085382799740705,6.408028679747941,0.7722014037067023
2262,194,289.13917525773195,31.448453608247423,18.863746400488836,13.187484066176921,0.7150322556034556
2263,74,289.72972972972974,424.7162162162162,11.283108597641785,8.684663579213737,0.6383998910501245
2264,35,289.51428571428573,505.9142857142857,7.119340991047986,6.292389651527729,0.46778101750498363
2265,4,290.25,254.0,2.8284271247461903,1.7320508075688772,0.7905694150420949
2266,33,290.030303030303,282.27272727272725,6.715705421601928,6.324362099875363,0.3363777378766511
2267,44,290.1363636363636,306.25,8.63366969489768,6.451106292163681,0.6645955628931335
2268,79,289.69620253164555,524.5949367088608,12.43079758487646,8.500555311712453,0.7296411454387345
2269,59,289.64406779661016,541.7966101694915,10.880871200139131,6.918591761574636,0.7718134286046697
2270,72,289.2638888888889,579.6527777777778,11.142276853833346,8.401442400788346,0.6568573515147916
2271,45,289.53333333333336,396.93333333333334,8.403614100711804,6.782439993729392,0.59043378413493
2272,44,290.72727272727275,402.6818181818182,10.026908585379385,5.840011328723493,0.812878077459155
2273,97,291.5670103092784,475.7525773195876,14.654173562872312,8.519096042451944,0.8136588518966743
2274,23,291.5217391304348,501.04347826086956,6.0201078283208895,4.905947476174323,0.5795638343518572
2275,64,291.609375,572.46875,9.844582897678643,8.418857186146655,0.5183367037546343
2276,31,291.2258064516129,589.7741935483871,7.332606041952526,5.407995581448231,0.6753175508538404
2277,93,290.81720430107526,195.65591397849462,14.874433783264823,8.22137978126049,0.8333677965261029
2278,108,291.8333333333333,236.42592592592592,14.106237430183759,10.024062530912273,0.7035840326027467
2279,42,292.4761904761905,339.8095238095238,8.52546461634421,6.7656856978494195,0.6084586616557072
2280,60,292.96666666666664,454.05,12.414623594652422,6.507893404063633,0.8515878612578021
2281,49,292.2244897959184,363.7959183673469,8.647008627342405,7.48340965454416,0.501024065854226
2282,39,292.7435897435897,553.6666666666666,7.602232130335151,6.935005267711974,0.40967227750052093
2283,32,293.125,152.0,7.650482599037539,5.405563430561502,0.7076481223961559
2284,131,294.4580152671756,188.42748091603053,17.510383151500218,9.83641449680268,0.8273087161168676
2285,36,293.1111111111111,392.0,8.060765556533335,5.863623737413909,0.6861843888950981
2286,38,292.94736842105266,448.4736842105263,7.365893995928981,6.569770786657162,0.45219788158099555
2287,39,292.84615384615387,459.5128205128205,8.082180795263623,6.196740241578649,0.6419859991058989
2288,22,292.8636363636364,535.0454545454545,5.627559105651695,4.972652484064488,0.46819513088513776
2289,48,292.8958333333333,561.6041666666666,9.056775278077069,6.779449289840818,0.6630783300682755
2290,33,292.8484848484849,166.12121212121212,7.0437060688655055,6.047453686621139,0.5127108676933115
2291,60,293.1666666666667,247.13333333333333,10.121714509681768,7.678238068003754,0.651567505246002
2292,31,293.19354838709677,277.80645161290323,7.753012562252838,5.141398680582186,0.7484878502093183
2293,42,293.64285714285717,548.0714285714286,8.74648598042323,6.282656453277237,0.6957269450520054
2294,100,294.59,142.62,13.777989921875067,9.323464683941753,0.7362656046138035
2295,56,293.67857142857144,384.73214285714283,8.887338265629545,8.154747845876528,0.39757611428340767
2296,108,293.7037037037037,409.02777777777777,15.065700194757172,10.294563536637641,0.7301271364902041
2297,35,294.37142857142857,432.14285714285717,8.53557595867793,5.284349649380199,0.7853145092678276
2298,112,294.16964285714283,216.53571428571428,12.601056847561193,11.47747790142035,0.412771642166332
2299,81,294.679012345679,271.65432098765433,11.198434399185192,9.397796803697416,0.5438131758135428
2300,75,295.38666666666666,345.05333333333334,12.5582720567631,8.03069822988227,0.7688120764402053
2301,94,294.6063829787234,354.21276595744683,11.266579981502531,10.981089216572958,0.22368980307538236
2302,61,295.24590163934425,496.26229508196724,12.314540826257096,6.375302248211454,0.8555590511493798
2303,55,294.8909090909091,511.5090909090909,9.460959905846089,7.53949313072419,0.6041036851984467
2304,44,295.5681818181818,517.3863636363636,9.424190980034258,6.352808677337073,0.7386438196448264
2305,36,295.0833333333333,584.1666666666666,7.8913882795809736,5.797834070562983,0.678387882249033
2306,63,293.8888888888889,82.06349206349206,16.756031786245945,5.199698078118221,0.9506328134729659
2307,58,294.7068965517241,324.6034482758621,10.818161790611773,6.961040108780266,0.7654808467752363
2308,81,295.75308641975306,486.95061728395063,11.538786565371115,9.008360953805274,0.6249027222521505
2309,25,295.24,567.76,6.95502079947419,4.63297805724152,0.7458317950399967
2310,129,295.9612403100775,315.2480620155039,14.213034415248346,11.744883983567647,0.563162770532478
2311,61,297.8524590163934,398.9672131147541,10.547989726408375,7.411598790663201,0.7115306096659055
2312,42,296.3095238095238,504.9047619047619,7.916984027222574,6.819127674028263,0.5080476459780466
2313,28,295.92857142857144,542.75,6.839603526794111,5.411196548459635,0.6116138061248373
2314,5,297.4,183.2,3.098386676965933,1.7888543819998317,0.816496580927726
2315,80,296.3125,262.075,12.142438264231208,8.573721070768153,0.7081166137530545
2316,6,296.1666666666667,302.8333333333333,3.126943839882286,2.309401076758503,0.6741998624632421
2317,120,297.4166666666667,225.29166666666666,16.861482565195015,9.249406295256776,0.8361161956667713
2318,73,296.8082191780822,252.84931506849315,13.960785171791908,6.966223203077239,0.8666105881985532
2319,47,296.8936170212766,423.3829787234043,8.334808905083955,7.5514499574319665,0.42324864324000777
2320,77,297.61038961038963,378.6623376623377,13.046075125509995,7.821975050869553,0.8003257771201867
2321,65,298.2769230769231,442.81538461538463,12.129156046644196,6.823299769906101,0.826760851445126
2322,40,297.575,480.225,8.021884812634385,6.445879618238758,0.5952550863890449
2323,43,298.06976744186045,538.0232558139535,8.761768472238947,6.439756313169474,0.6780848602403814
2324,77,296.4415584415584,596.1038961038961,13.689367349890237,7.522077951538752,0.8355047377639611
2325,48,298.6041666666667,364.9583333333333,9.813583693087224,6.744789560088858,0.7263820122923168
2326,104,296.99038461538464,465.91346153846155,13.353993170184747,10.583529803286316,0.6098242077774076
2327,42,297.8333333333333,524.1666666666666,7.550885578253257,7.144761650861353,0.323538344147383
2328,31,297.7096774193548,555.6451612903226,7.183725709382021,5.541510706992675,0.6363531464482939
2329,162,298.0987654320988,97.88888888888889,18.507537178177188,11.599550065859505,0.779222527124353
2330,87,297.91954022988506,157.32183908045977,11.612326861880463,10.240325313561836,0.47153086493918034
2331,37,298.3783783783784,164.3783783783784,7.454546481647892,6.406050236375312,0.5113911130049614
2332,26,298.53846153846155,243.80769230769232,6.12084135088635,5.744287564077744,0.3453334261105844
2333,100,298.39,332.25,13.514249380093219,9.724786048682514,0.6943940242348938
2334,70,298.7857142857143,531.1142857142858,10.749886035624291,8.462302432907242,0.6166987192502207
2335,55,298.6727272727273,577.3636363636364,9.35719490832898,7.548318907119338,0.590980172024882
2336,60,299.1333333333333,589.1166666666667,9.6765362563702,7.966330639443157,0.5676606823255816
2337,82,297.1707317073171,75.29268292682927,12.008817202137696,8.851076291809305,0.6758402551247022
2338,20,298.6,137.05,6.052571743000827,4.19122598959158,0.7214464117637669
2339,149,298.255033557047,175.68456375838926,17.87755894682973,11.190321673083652,0.7798693130974119
2340,109,298.7155963302752,202.40366972477065,15.10865488443493,9.300865097442287,0.7880599609104171
2341,39,300.0769230769231,411.12820512820514,8.292417860798851,6.193974981746471,0.6648865178770981
2342,36,299.19444444444446,417.8611111111111,7.454337474633335,6.356741418073606,0.5223072109242466
2343,28,299.2142857142857,458.35714285714283,6.710636568090708,5.468649957823948,0.5795696855949722
2344,39,300.5897435897436,82.41025641025641,8.025527391378004,6.205857885008845,0.6340832272620834
2345,52,300.1923076923077,238.51923076923077,10.290574543761569,6.490133052455574,0.7760371952659729
2346,27,299.2962962962963,448.4074074074074,6.379575188806031,5.414308619897403,0.5288838366440414
2347,66,299.969696969697,562.530303030303,10.656041764179662,7.908261584230343,0.670246272708579
2348,31,300.80645161290323,88.29032258064517,6.799734978568975,5.908672232497779,0.4948889060357739
2349,130,301.1384615384615,295.18461538461537,15.702798146963156,11.103051457032237,0.7071388502130307
2350,23,301.5217391304348,323.7391304347826,6.351163650196406,4.732060748486359,0.6669864103739492
2351,37,300.72972972972974,287.6756756756757,7.945616426362879,6.0773663656706605,0.64418425747043
2352,81,300.55555555555554,372.4074074074074,13.436922059310268,7.894573898557492,0.8092035148598203
2353,41,300.3658536585366,427.8780487804878,9.243670846474032,5.757657774448024,0.7823208330874111
2354,92,301.9347826086956,434.04347826086956,15.933808318061418,7.54797824226187,0.8806817742883649
2355,12,301.9166666666667,511.8333333333333,4.894994431930091,2.9693109114997,0.7950060587397373
2356,34,301.55882352941177,519.0882352941177,6.956730863627789,6.371847101385602,0.4013483561744146
2357,44,300.75,570.5909090909091,8.90929270483815,6.56723958226915,0.6757592083133701
2358,66,302.40909090909093,230.54545454545453,13.874691706535252,6.309713882360438,0.8906118511556813
2359,57,300.5964912280702,548.421052631579,10.098311992654848,7.231992725609955,0.6979376015013415
2360,82,300.9146341463415,392.1585365853659,13.774481593697296,7.814217244849357,0.8235135168547771
2361,57,301.1929824561403,474.36842105263156,10.115630062443065,7.256775702631877,0.6966795450553593
2362,36,302.22222222222223,582.1666666666666,7.822480957858512,5.870529162826407,0.6609056948126827
2363,179,302.22346368715085,65.57541899441341,16.19103973626173,14.548682351547335,0.4388428870908573
2364,83,302.10843373493975,306.144578313253,11.620565553976586,9.290823540539602,0.6006453127186305
2365,94,302.74468085106383,358.36170212765956,13.921892375625747,9.103539924889933,0.7565800868701442
2366,86,302.4651162790698,493.5,11.68399044675829,9.441361970655352,0.589100585413811
2367,135,302.47407407407405,278.0740740740741,16.867786553928333,10.866256352306902,0.7648556738835826
2368,25,303.32,593.84,6.5831470541198795,4.871773277137674,0.6725660121035715
2369,126,303.6190476190476,120.5952380952381,17.315682325060195,9.352956923560047,0.8415727957778887
2370,73,303.05479452054794,265.47945205479454,12.234436927195317,7.987365343420451,0.757479238535419
2371,80,303.2,346.3375,11.724670505019425,8.7561179496811,0.6650358543486797
2372,66,304.0151515151515,452.90909090909093,11.75467021254046,7.210745731053304,0.7897439167850878
2373,32,303.5625,555.0,7.0611366942846026,5.751334504671721,0.5801558665354443
2374,95,303.90526315789475,214.55789473684212,12.43117437052377,9.900836762091252,0.6047014288167616
2375,45,302.84444444444443,385.35555555555555,8.34047617848252,7.019332234436566,0.5401036624036354
2376,31,303.38709677419354,405.64516129032256,6.565444094995018,6.050777250398018,0.38811786883811344
2377,107,304.4766355140187,141.5981308411215,12.535811504696365,11.584672616494647,0.38208723274484513
2378,77,304.16883116883116,191.23376623376623,12.107433554149031,8.29499340622092,0.7284342184880485
2379,69,305.5507246376812,243.68115942028984,11.705964230341896,7.60042450707153,0.7605512068414184
2380,85,304.8705882352941,253.03529411764706,12.531085363072267,8.851813293632764,0.7078244369615184
2381,72,304.43055555555554,335.2638888888889,14.664152683246822,6.531474331773994,0.8953296326126389
2382,25,305.44,458.36,7.1619798970196396,4.509417252227449,0.7768928967438724
2383,35,305.14285714285717,469.1142857142857,7.927417730552466,5.908151335820287,0.6667508507190544
2384,51,304.7647058823529,502.078431372549,9.325594112784621,7.121497334007489,0.6456295123657059
2385,8,305.25,598.375,3.9722133299273006,2.6403638502198645,0.747102836415358
2386,128,305.7265625,4.3046875,15.150046407285302,11.047373137180697,0.6843034986148887
2387,43,305.6511627906977,77.46511627906976,7.784417929776808,7.310018408546793,0.34375927662538713
2388,82,306.5975609756098,163.32926829268294,13.506521234873798,8.010912368107634,0.8051181882884861
2389,58,305.55172413793105,173.06896551724137,9.87120791058767,7.590307115976639,0.6393281984438296
2390,38,305.39473684210526,446.4736842105263,7.319607598399003,6.721781562617362,0.39582630405672914
2391,61,303.88524590163934,508.24590163934425,12.143372343052883,7.302571009142479,0.7989761697973793
2392,22,305.3636363636364,564.3181818181819,6.584695909186757,4.368988530000363,0.7481705191472277
2393,133,306.16541353383457,29.39097744360902,15.315363493050436,11.132811852580971,0.6867381985066034
2394,16,306.0,127.125,5.491121612710071,3.6874901266889313,0.740971222810684
2395,88,305.65909090909093,150.22727272727272,13.593976365684515,8.537065802699669,0.7782104506385741
2396,24,305.9583333333333,259.125,6.328070582190595,5.001107703536243,0.612713258281591
2397,41,306.4878048780488,367.5121951219512,7.922133210022181,6.718443670603554,0.5299003387729264
2398,41,306.7560975609756,586.0243902439024,7.497813023439521,7.080857327761782,0.32882839092979366
2399,86,305.74418604651163,109.9186046511628,11.904805406934434,9.341417847466126,0.6199058083209718
2400,48,307.6041666666667,156.4375,10.973022985143434,5.717515963225299,0.8535249124569718
2401,46,306.5217391304348,463.7173913043478,9.402619556550183,6.369157778356011,0.7356321779544736
2402,53,306.4339622641509,537.188679245283,9.96408428029911,6.824090932155416,0.7286663569160522
2403,49,307.2040816326531,233.9387755102041,9.45189946293461,6.594410734534659,0.7164085514521368
2404,55,307.27272727272725,378.6909090909091,10.667577130999552,7.185372294716503,0.7391223805306606
2405,89,306.76404494382024,416.7191011235955,11.409535666081709,10.06861944737783,0.47036103659318534
2406,87,306.264367816092,544.7586206896551,12.85531949368082,9.687090222785264,0.6573937879046982
2407,29,307.13793103448273,559.0689655172414,6.557275308233215,5.819194139819546,0.46092156887896224
2408,35,307.77142857142854,38.42857142857143,7.075877029805959,6.24157595335612,0.4710767945988372
2409,125,307.032,90.568,19.25322959464133,8.605508827258685,0.8945517294439452
2410,47,307.40425531914894,102.7872340425532,8.483288624414932,7.188426118963181,0.5310138439308734
2411,60,307.26666666666665,181.05,12.386003645807303,6.224344884532327,0.8645594681094094
2412,51,308.45098039215685,388.03921568627453,9.018251643534388,7.583537789590938,0.5411750263946112
2413,90,308.14444444444445,397.9111111111111,14.661308560222272,8.080649447877565,0.8344030633335552
2414,40,307.85,270.35,7.984950507977867,6.412531901296399,0.5958749613488121
2415,80,308.075,285.175,13.781537163049586,8.067789872293599,0.8107405331481402
2416,47,306.93617021276594,425.06382978723406,8.66051755089795,6.984264716631441,0.5913038110522133
2417,93,309.0430107526882,439.06451612903226,14.21999497192041,8.622105786688484,0.7952079754665677
2418,79,308.11392405063293,515.6455696202531,10.14468006051026,10.042039468145296,0.1418907533252372
2419,73,308.4109589041096,569.4383561643835,11.888842796283466,7.872395684459545,0.7493565736142838
2420,43,308.83720930232556,221.46511627906978,8.454833648254011,6.638697539170433,0.6192479217931925
2421,46,308.4347826086956,408.54347826086956,8.44483178018296,7.118530329316746,0.5379994485920351
2422,17,309.3529411764706,525.5882352941177,5.366359905713176,4.0470547254255615,0.6566991163647707
2423,51,308.7843137254902,594.3921568627451,8.897168039168085,7.355682696659783,0.5625779162275657
2424,63,309.44444444444446,578.6984126984127,10.351063939662916,7.85493606228005,0.6512619320114986
2425,62,310.7096774193548,71.24193548387096,9.052777378830616,8.836553780036676,0.2172534875879018
2426,32,309.90625,136.9375,8.057365212786038,5.0374339526970875,0.7804676395530513
2427,54,310.72222222222223,185.4814814814815,12.805279884001727,5.783720160014907,0.8921866820101997
2428,114,309.1140350877193,206.140350877193,14.618503026108762,10.823333701264168,0.6721820443031121
2429,75,309.84,358.6666666666667,13.069447198411469,7.3622124494038355,0.8262423897101993
2430,33,310.8484848484849,264.57575757575756,7.070332436713211,6.038240912772424,0.5202319080299345
2431,100,310.83,310.27,13.426096314637592,9.543119916991238,0.7034054114525832
2432,66,311.1363636363636,473.8030303030303,10.344005141735789,8.338934550453233,0.5916961068617131
2433,149,309.6040268456376,528.6644295302013,20.394659904410737,12.655042294688453,0.7842004005138963
2434,61,310.8196721311475,553.4754098360655,9.537435287448714,8.217284010985379,0.507618160527355
2435,21,311.1904761904762,98.42857142857143,5.767159369534862,4.678382743709163,0.5847536397031423
2436,102,311.0882352941176,197.01960784313727,12.769275590129947,10.438953237473626,0.5759207674544577
2437,35,311.0571428571429,257.9714285714286,8.208836269820994,5.47002098206679,0.7456322553341346
2438,118,310.83898305084745,299.72033898305085,12.630067011359857,11.93918058205146,0.3262072467426011
2439,66,310.56060606060606,338.3939393939394,10.486883632365744,8.302893211699915,0.6108572417293247
2440,104,311.11538461538464,489.1057692307692,13.461972263113644,10.095630366217899,0.6615093174061007
2441,7,310.2857142857143,504.14285714285717,3.5820700954176696,2.4713456540351717,0.7238845965239822
2442,20,311.45,214.4,6.103748593852899,4.3063038795513195,0.7086921018394675
2443,46,311.0652173913044,324.9347826086956,7.85983063546203,7.46003846592251,0.3148701428435938
2444,44,311.45454545454544,371.77272727272725,7.790275568262337,7.279942100302589,0.3559868596931286
2445,27,311.74074074074076,460.6296296296296,7.973811511631914,4.367381676328868,0.8366645221420018
2446,49,311.57142857142856,227.3877551020408,8.125957227798036,7.864405197544961,0.2516712866143089
2447,77,312.3766233766234,346.45454545454544,10.276411988426316,9.572107586119612,0.3638335587152683
2448,48,311.8541666666667,446.2083333333333,8.622676664521942,7.184338864285744,0.5529849170992085
2449,11,312.09090909090907,547.6363636363636,4.346129984141888,3.067356324605907,0.7084437526351621
2450,159,311.9622641509434,56.23270440251572,17.80689245524514,11.625723686160974,0.7574633046017482
2451,39,312.8205128205128,423.46153846153845,7.747785950229611,6.931672127571516,0.4467378651164407
2452,53,311.8490566037736,481.1320754716981,9.44129052848145,7.322200089213797,0.6312852060341778
2453,57,313.6140350877193,522.4035087719299,9.519785262698452,7.865034067444151,0.5634096619184815
2454,26,313.0,540.7307692307693,6.4836703907961475,5.250855713037127,0.5866252432684512
2455,64,313.40625,561.53125,9.584363620715836,8.745497354976377,0.40913126479482437
2456,90,312.5888888888889,170.42222222222222,12.100875237890701,10.084699507472498,0.5526914549370456
2457,63,312.87301587301585,432.23809523809524,10.738700341369404,7.5144971193088415,0.7143794549434129
2458,29,312.51724137931035,465.7241379310345,8.110663931424229,4.566929517404445,0.8264043350875229
2459,73,312.5890410958904,24.575342465753426,14.128381051401611,6.893013691947072,0.8729083690921208
2460,25,313.16,143.12,5.9870077615142385,5.656477531429632,0.3276704452529436
2461,69,313.1159420289855,236.56521739130434,11.56887312680006,7.747449149030543,0.742649298501122
2462,27,313.8888888888889,571.925925925926,6.907044797001721,4.9896190938491385,0.6914799559160649
2463,97,313.64948453608247,45.48453608247423,13.180887099852187,9.516441190225187,0.6919056663483821
2464,175,315.2628571428571,83.37142857142857,17.65452182664461,13.275945329002056,0.6591795890456006
2465,54,314.31481481481484,108.11111111111111,8.924942504366538,8.002725662485584,0.4427001468839064
2466,66,315.3333333333333,403.2121212121212,13.104777581457858,6.592728564229164,0.8642408663087285
2467,37,314.3783783783784,414.1081081081081,7.964986366784101,6.428414614504823,0.5904363651340473
2468,53,314.7358490566038,65.66037735849056,10.781327774676067,6.292337887686874,0.8120176145549457
2469,125,314.784,119.832,16.16122997816391,10.406947948024726,0.7650715402206479
2470,117,315.2735042735043,249.6239316239316,16.59473210200001,9.692341258515109,0.8117095329574009
2471,70,314.24285714285713,273.9142857142857,11.500667064391605,7.88048247335109,0.7283365302076475
2472,31,314.5806451612903,408.8709677419355,6.572343780022583,6.06802657878323,0.3841594474412163
2473,69,315.1304347826087,586.0869565217391,10.019342425960351,8.831884925654817,0.4722148424930809
2474,139,315.46762589928056,17.841726618705035,19.29847871550454,9.569890135915587,0.8683863062052114
2475,73,315.16438356164383,150.4794520547945,11.394550810029855,8.731875686735318,0.6424587033291348
2476,5,314.2,156.4,3.098386676965933,1.7888543819998317,0.816496580927726
2477,46,315.30434782608694,218.0,9.045256965742487,6.685901946318486,0.6735286864697086
2478,93,315.4623655913978,284.4731182795699,12.738403259413408,9.842847885130846,0.6347824988527269
2479,103,313.5728155339806,499.68932038834953,16.520861152771435,8.117757289977124,0.8709542856675754
2480,101,315.08910891089107,382.1287128712871,14.223716661141227,9.42225633479912,0.7491213497224992
2481,143,315.8811188811189,130.04895104895104,15.860999683955626,11.898017801896396,0.6612756516755365
2482,67,316.3880597014925,188.2089552238806,10.266766749619702,8.978852208771498,0.4849263341787277
2483,52,314.88461538461536,316.0576923076923,11.664092676292606,6.024786673807855,0.8562725637263633
2484,47,315.531914893617,356.72340425531917,10.601643507847033,5.7448300707943485,0.8404551691535868
2485,103,317.621359223301,365.50485436893206,13.715085817715568,9.838018529626954,0.6967503858295837
2486,30,315.8,513.8666666666667,7.6890495525806015,5.13362177546375,0.7444720561773935
2487,39,315.6923076923077,577.8974358974359,8.584381466445235,5.949329574516574,0.7208980296086199
2488,71,316.3943661971831,99.32394366197182,12.21314243189848,7.514954540233182,0.7882797418275602
2489,57,316.4736842105263,258.7719298245614,11.409250952191817,6.542951757594998,0.819221124555882
2490,74,314.7837837837838,332.1081081081081,12.891551584541237,7.655236013980555,0.8045993564268997
2491,41,315.7560975609756,390.3170731707317,8.292155204326674,6.316588757923181,0.6478654756397237
2492,30,316.46666666666664,419.56666666666666,7.276026208566775,5.244414844069244,0.6931638032754442
2493,57,316.70175438596493,595.421052631579,8.71119033420532,8.334832080573403,0.2907600581299123
2494,94,316.4255319148936,35.255319148936174,12.557404032756423,9.7144922411626,0.6336660247982173
2495,62,316.0967741935484,162.24193548387098,9.7885438881322,8.183459410650249,0.5486925958927605
2496,66,317.1212121212121,209.66666666666666,10.558388545810242,8.177481999264918,0.6325727409327105
2497,37,317.0810810810811,267.3783783783784,9.339080268401448,5.168171305378973,0.8329210125484555
2498,26,316.38461538461536,494.84615384615387,8.745108984159998,3.9429351369528436,0.8925880188815409
2499,94,318.36170212765956,10.904255319148936,16.279134757158772,7.706370213113949,0.8808532533794382
2500,60,318.31666666666666,243.51666666666668,10.866478953411885,7.28771200488656,0.7417649624019451
2501,12,317.5,437.0,4.8607479883182965,3.1155195918807777,0.7675786521898157
2502,100,316.42,508.39,15.76463367305032,8.47468731898281,0.8432153575385192
2503,96,318.9583333333333,3.5833333333333335,14.776201641754705,8.917677733205917,0.797350701871589
2504,29,318.2068965517241,230.75862068965517,7.23246753612041,5.10629913594163,0.7081874276882766
2505,67,317.64179104477614,396.8805970149254,10.361430193230609,8.532724880697955,0.5673040651397396
2506,74,317.5945945945946,536.0135135135135,10.60759812042616,9.258031564859015,0.4881252387938882
2507,59,318.5762711864407,176.23728813559322,9.914640292338534,8.010216460333098,0.5892949076857478
2508,29,318.8965517241379,181.55172413793105,7.826008207623636,4.862408137383455,0.7835617175355146
2509,62,318.6774193548387,224.75806451612902,10.204365791336077,7.761263036147987,0.6492411823560623
2510,46,319.2608695652174,517.7391304347826,9.006288230598905,7.090436935539676,0.61660042717423
2511,54,318.9074074074074,72.5,9.587725307373093,7.41953235252872,0.6333598474299682
2512,60,319.01666666666665,482.98333333333335,9.669973049578426,8.054981833097951,0.5532894481765138
2513,75,319.38666666666666,325.38666666666666,10.871079356381383,8.903666552140356,0.5737603551051776
2514,108,319.22222222222223,465.3888888888889,15.891010523577041,9.47350988165607,0.8028691537945245
2515,3,320.3333333333333,526.6666666666666,2.3094010767585034,1.3333333333333333,0.816496580927726
2516,19,319.7894736842105,27.57894736842105,6.014860219822239,4.187947953299525,0.7177829986212765
2517,59,319.864406779661,196.25423728813558,10.121802448420498,7.552107030219823,0.6658084175970097
2518,103,320.3009708737864,375.0,12.416328465621447,11.044350817210724,0.4569309926369745
2519,30,320.3666666666667,408.6666666666667,6.693042642763638,5.733610668092022,0.5158941379799651
2520,100,320.08,429.69,13.892160265183753,9.487248450760086,0.730492204968843
2521,239,319.5313807531381,453.5230125523013,21.832702669766242,14.352236380915327,0.7535650665880789
2522,45,320.5111111111111,236.77777777777777,8.084356567635606,7.2836172415836735,0.43391875796259444
2523,60,320.1333333333333,303.68333333333334,11.61409258565514,6.774262409267011,0.8122715035347575
2524,74,319.7027027027027,543.5945945945946,13.713580789025235,6.951712505844531,0.8619920704431638
2525,139,321.0287769784173,141.44604316546761,15.571400571994648,11.75179758505018,0.656065500864341
2526,143,320.5944055944056,292.4895104895105,15.736980785290521,12.193383496862356,0.6321775453035778
2527,63,320.7936507936508,318.04761904761904,11.823646616742238,7.175222615632655,0.7948136245595363
2528,47,320.9574468085106,579.7872340425532,9.01673191572884,6.72788320855677,0.6657718221503887
2529,37,321.81081081081084,218.75675675675674,7.190071728000647,6.540910590366827,0.4152348895375963
2530,49,321.40816326530614,309.7755102040816,8.440978288039751,7.497784628620403,0.45934073232851536
2531,134,322.03731343283584,352.46268656716416,15.169526666034542,11.924727096711736,0.6181025070838001
2532,18,321.72222222222223,497.94444444444446,5.639627193084545,4.297232837686707,0.6476110478560806
2533,80,321.9625,549.1,17.870137673134877,6.088980172673055,0.9401594040668411
2534,82,321.6463414634146,554.9756097560976,14.145491200843063,7.486034480172323,0.8484865126635263
2535,155,322.5741935483871,564.5870967741936,18.990040005776628,10.761695655340322,0.8239227655489245
2536,41,321.8292682926829,64.60975609756098,9.311820882779427,5.771809699473627,0.784730707066739
2537,86,321.8837209302326,442.0232558139535,11.712020487472676,9.445011423213472,0.5913194651712407
2538,138,323.3478260869565,53.29710144927536,14.438702121468403,12.640017714354297,0.4833518582690112
2539,89,323.19101123595505,165.74157303370785,13.28238981657062,8.745719060590819,0.7526291176189946
2540,38,322.60526315789474,185.52631578947367,8.970075038181422,5.561324979431259,0.7846125169650989
2541,102,322.55882352941177,275.27450980392155,13.145056555061423,10.034517066728633,0.6459637128834542
2542,98,323.4387755102041,414.68367346938777,13.794349949974073,9.28317746481898,0.7396701873778853
2543,81,322.7654320987654,490.69135802469134,10.373675343166978,10.08639850426952,0.23370674837978572
2544,33,322.93939393939394,588.3333333333334,7.053813439440974,5.932541399632026,0.540972464186643
2545,88,322.92045454545456,41.60227272727273,13.981028757593121,8.117795481187947,0.8141680238729598
2546,139,324.136690647482,154.6546762589928,14.06144116714947,12.875045200775679,0.4020272296080846
2547,99,323.5858585858586,262.7171717171717,13.112123506965956,10.235986063381937,0.6249678088727285
2548,204,323.6029411764706,337.2401960784314,21.2827983265145,12.552198287935672,0.8075629493220919
2549,35,323.9142857142857,384.34285714285716,7.7044548672751985,5.924538016446816,0.6392780961705335
2550,33,324.3333333333333,399.1212121212121,7.229445976207053,6.112169719700987,0.5340470020405361
2551,69,323.94202898550725,77.46376811594203,9.971245587517402,9.036531830086721,0.4227227034468974
2552,63,324.8095238095238,213.55555555555554,11.424123431065023,7.5992375366491505,0.7466721954885285
2553,53,323.8867924528302,596.0,9.261120472657506,7.832454731955101,0.5336029661526929
2554,133,323.65413533834584,472.5864661654135,17.460450969993506,10.148586530915468,0.8137373351120336
2555,17,324.88235294117646,511.5882352941176,5.181899763382574,4.041201040002321,0.625943231252129
2556,44,324.59090909090907,93.25,8.99572919208694,6.504480091545559,0.6907819572053797
2557,105,324.7809523809524,203.33333333333334,12.807466320180847,10.682182979840908,0.5516752022115113
2558,5,324.2,268.4,3.098386676965933,1.7888543819998317,0.816496580927726
2559,88,325.5568181818182,100.44318181818181,11.32401652421219,9.964923863763785,0.475008151040418
2560,18,325.27777777777777,113.88888888888889,5.076445469458138,4.461918168377471,0.4769224904060803
2561,86,325.27906976744185,391.8255813953488,12.65823244172369,9.031677951313803,0.7006528876686688
2562,31,325.35483870967744,482.6774193548387,7.4694672284032215,5.365223510688811,0.6957466080321223
2563,67,325.4776119402985,531.1492537313433,11.950188214243774,7.135692500266647,0.8021521638497771
2564,33,325.45454545454544,583.2727272727273,7.481867507564484,5.960351569383789,0.6044546519892652
2565,88,325.52272727272725,29.352272727272727,12.070662429389222,9.56013681668563,0.6105025848071067
2566,68,326.22058823529414,173.3235294117647,9.432893251522177,9.335709560728267,0.143175182831037
2567,36,326.1388888888889,536.9166666666666,8.51814265884364,5.40774581312682,0.7726351262725776
2568,22,326.22727272727275,570.2272727272727,5.9696200579570915,4.7272727272727275,0.6106658672991556
2569,90,327.8888888888889,128.94444444444446,13.891656276957196,8.538636052436136,0.7887926950560102
2570,69,326.463768115942,192.82608695652175,12.24720521228702,7.401107408296553,0.7967493581492757
2571,43,326.5348837209302,223.02325581395348,8.610306241336371,6.804382367237785,0.6127714173246185
2572,85,326.63529411764705,239.83529411764707,14.289740510300485,7.695295459151689,0.8426134258540066
2573,68,327.7352941176471,298.04411764705884,10.58741139184811,8.227736466088654,0.6293469299175902
2574,41,326.5121951219512,248.53658536585365,8.90696598872733,5.898177937224715,0.74932862052684
2575,34,327.02941176470586,358.8529411764706,8.293716435181983,5.360667779509682,0.7630386042261622
2576,65,327.3076923076923,365.96923076923076,9.73914284281957,8.685306009239891,0.45244230260241675
2577,103,326.7864077669903,505.2135922330097,14.157024586551863,9.429468639141554,0.7458955913697496
2578,69,327.6811594202899,121.1304347826087,11.001163554648413,8.012869302686704,0.6851886783905061
2579,25,327.6,134.92,6.602976335680838,4.781035819823865,0.6897235128151317
2580,57,325.63157894736844,230.19298245614036,10.459943347785078,7.075844712104163,0.7364695886091748
2581,64,327.578125,576.359375,11.140789512225398,7.312232664808237,0.7544584600919233
2582,67,327.6268656716418,5.462686567164179,12.79879828395746,6.813107229345281,0.8465407145243792
2583,79,327.69620253164555,322.24050632911394,14.10241868382923,7.2451197386074835,0.8579398473058583
2584,54,327.85185185185185,182.61111111111111,10.388671465700938,7.451631253137667,0.6967805893972406
2585,97,328.6185567010309,255.94845360824743,13.286186919626626,9.53742160683574,0.6962030524468683
2586,77,328.3376623376623,309.68831168831167,12.623490781211318,7.985132413647258,0.7745102543798118
2587,86,328.5581395348837,376.1162790697674,13.297604156276105,8.337143301182937,0.7790467635916424
2588,50,328.84,477.72,8.756047513772637,7.656868285177433,0.48508630930880253
2589,38,328.4736842105263,542.8421052631579,7.545218155161857,6.401210835891218,0.5293880216995299
2590,24,328.6666666666667,36.75,5.656854249492381,5.527707983925667,0.21245914639969976
2591,46,329.1521739130435,140.69565217391303,8.247385569258203,7.321635073989939,0.4603215694483625
2592,203,330.79802955665025,18.379310344827587,18.81368519518157,14.33645370262181,0.6475504035386905
2593,171,329.4795321637427,67.13450292397661,19.321771894260106,11.746289224491195,0.7939904507642623
2594,194,330.19072164948454,425.66494845360825,20.03877199086921,12.67627805066774,0.7744888431095069
2595,71,329.8169014084507,592.7746478873239,11.148455801120704,8.29709996247221,0.6679149633791086
2596,144,330.4861111111111,438.8263888888889,16.48426931104508,11.70494545040628,0.7041335184398099
2597,20,330.0,490.5,5.656854249492381,4.47213595499958,0.6123724356957945
2598,84,330.3690476190476,497.01190476190476,11.86954738382386,9.038492339398937,0.6481815372954692
2599,21,331.04761904761904,95.28571428571429,6.070250460448589,4.52507705856734,0.6665599171687614
2600,62,331.56451612903226,148.7741935483871,11.244968463071471,7.185820207052694,0.7691856525259412
2601,38,331.57894736842104,190.97368421052633,9.256611619066186,5.300856048957982,0.8197956299171653
2602,48,332.0,221.66666666666666,9.182111007353997,6.7757700426483485,0.6748754888826315
2603,153,331.88235294117646,347.58169934640523,17.574282961193795,11.468313343050438,0.7577351326689336
2604,53,331.49056603773585,484.47169811320754,10.18385548071222,6.65960353947896,0.7565486982460481
2605,41,332.0,563.0,8.62581718133471,6.035275159168291,0.7144605210856775
2606,45,332.8,4.0,11.138245827636638,5.275681303534962,0.8807106935526763
2607,98,331.66326530612247,43.326530612244895,12.09252232235802,10.503920059655485,0.49546242611830904
2608,90,332.23333333333335,269.8888888888889,11.580240449993342,10.001469349302099,0.5040631291796325
2609,149,330.6711409395973,280.51006711409394,19.157758152245762,10.228266521875433,0.8455496231391241
2610,33,332.27272727272725,303.7878787878788,8.359037031501163,5.300497957932223,0.7732478565402158
2611,47,331.8510638297872,569.9148936170212,8.428003917014745,7.263144488179924,0.5072702534896747
2612,69,333.28985507246375,231.04347826086956,11.247084763203427,7.906035338164174,0.7112483107637543
2613,35,332.8285714285714,244.68571428571428,7.44649699536197,5.941302067153899,0.6028356776063443
2614,29,332.9655172413793,250.27586206896552,6.674789379839628,5.753878291304186,0.5068548104775265
2615,31,333.0967741935484,325.80645161290323,6.968326378158106,5.723436385035038,0.5704242460778911
2616,49,333.57142857142856,58.142857142857146,8.87939765035385,7.285236078112315,0.571696583233296
2617,118,333.1949152542373,211.364406779661,12.832055126725068,11.940348185930231,0.36626795856405164
2618,36,333.80555555555554,238.77777777777777,7.601708854791523,6.248294405740763,0.5695463986130452
2619,22,333.3636363636364,262.5,5.878318081391838,4.904788148525445,0.551180080608649
2620,103,333.6019417475728,465.59223300970876,15.254855073988164,9.255626588970236,0.794905566381384
2621,72,334.0833333333333,32.666666666666664,10.655258407979911,8.648630041371103,0.584106295040504
2622,76,334.10526315789474,360.9342105263158,11.242100727092227,8.699679495215598,0.6333711012383173
2623,22,334.3181818181818,503.09090909090907,5.895363636838824,4.733044726476494,0.5961920350725447
2624,58,335.0,51.44827586206897,9.358100062445645,8.015311971698713,0.5161294206332321
2625,74,334.81081081081084,135.67567567567568,11.076291841275301,8.57593053067204,0.632867552658118
2626,13,334.38461538461536,157.6153846153846,4.318667337728677,3.6794648440311994,0.523556754446835
2627,110,334.9727272727273,314.2,17.26547737547055,8.225046514802711,0.8792357827931284
2628,45,334.24444444444447,336.46666666666664,8.396088670105401,6.934509603338178,0.5637852278144548
2629,126,334.2857142857143,391.3095238095238,15.45792695714646,10.860917257118885,0.711573663846408
2630,64,333.953125,456.390625,10.221302808277532,8.249145798293169,0.5904773062444435
2631,130,334.74615384615385,288.76153846153846,15.817092222912764,10.580184481900314,0.7433449187619344
2632,140,335.09285714285716,413.26428571428573,16.453224422821172,10.861802476157276,0.751122770769586
2633,59,336.40677966101697,574.5084745762712,10.664761056692303,7.170133722336717,0.7402605080741184
2634,32,336.03125,144.15625,7.223292816818318,5.8666677835463705,0.5833965579279168
2635,74,335.68918918918916,175.2027027027027,12.433989252225542,8.170704431706584,0.7537802732104155
2636,142,336.53521126760563,200.46478873239437,14.659932073086166,12.421197750800571,0.5311322965220904
2637,100,336.77,371.84,12.523778789653331,10.314017879945204,0.5672367452130546
2638,15,337.53333333333336,26.866666666666667,4.618802153517007,4.061745656460751,0.47609522856952347
2639,66,338.1060606060606,126.54545454545455,12.200121947688244,7.574181632362092,0.7839465251934368
2640,49,337.40816326530614,487.0408163265306,9.13074092566288,7.926873138482125,0.49629799264078617
2641,37,337.05405405405406,565.2702702702703,10.280000227235442,4.956366515046323,0.8760959402748731
2642,52,337.4423076923077,168.98076923076923,11.563739795628411,5.743690547948889,0.8679232356341999
2643,132,337.1969696969697,185.6060606060606,15.85715054589833,10.987253474617614,0.7210437637220929
2644,27,337.55555555555554,434.2962962962963,6.08167276575676,5.650626522907974,0.36976895853305364
2645,91,337.04395604395603,474.2637362637363,13.437970118256354,8.97812932746919,0.7440566952860044
2646,41,336.8536585365854,492.7317073170732,8.839366539683947,6.3384642165017935,0.6969988713626345
2647,34,338.3235294117647,249.41176470588235,7.689813177893903,5.657618032458536,0.6772761175624399
2648,50,337.1,329.78,9.176933392199516,7.545163584385267,0.5692161793618521
2649,98,337.7244897959184,449.01020408163265,13.55613986718224,9.415283587298665,0.7194539335944352
2650,59,338.35593220338984,4.3559322033898304,11.182314131393143,7.177186962121901,0.7668437893347089
2651,65,338.55384615384617,151.63076923076923,10.094994107779376,8.437207984830307,0.5490623871568667
2652,41,338.8536585365854,322.0975609756098,7.874581008207335,6.606237349851633,0.5442363794412403
2653,21,338.7142857142857,346.4761904761905,5.701842479085009,4.84841550749014,0.5262589643060204
2654,106,337.2641509433962,111.95283018867924,15.861555577390916,8.949258737606707,0.8256308687179503
2655,39,339.43589743589746,216.35897435897436,10.160306286458706,5.240337901304773,0.8567296541741949
2656,99,338.6868686868687,258.77777777777777,14.406487524301335,9.009155416455718,0.7803411457431221
2657,78,339.61538461538464,14.935897435897436,15.111593033790818,6.776805632015398,0.8938075301462601
2658,31,339.38709677419354,37.935483870967744,6.714750428158523,6.00507535484857,0.4474458470946956
2659,172,339.15697674418607,100.81395348837209,18.31966091320341,12.027104651891989,0.7543142767573023
2660,30,338.56666666666666,303.8,6.899688585839356,5.50907006435693,0.6020584885948701
2661,54,339.72222222222223,352.85185185185185,10.069527617833131,6.916190749717685,0.7268052343120417
2662,48,340.2083333333333,43.791666666666664,9.017413498965018,6.877307968950825,0.6467881740406268
2663,159,339.23899371069183,382.8993710691824,18.52905284770992,11.653306467304644,0.7774693857988518
2664,35,340.0,480.8285714285714,6.961116495013056,6.3775115100816935,0.4008078096414063
2665,60,339.8,500.1333333333333,9.309052270369122,8.222961837628278,0.46875232073717193
2666,29,340.55172413793105,31.689655172413794,6.9350662299395,5.366915895723991,0.6333310498284037
2667,59,340.1525423728813,232.23728813559322,9.972869246978764,7.958421843289875,0.6026478640200071
2668,91,340.7362637362637,242.67032967032966,14.44961517595679,8.738237338134452,0.7964241664043191
2669,58,340.32758620689657,272.3103448275862,12.209764515476202,6.492024563876336,0.846927995831971
2670,62,340.2903225806452,461.5483870967742,10.910561473006311,7.751756006514989,0.7037155156259813
2671,66,341.2121212121212,163.4090909090909,9.444579800044156,9.012240660915472,0.2990942611427984
2672,48,341.0,582.5,9.171739968378695,6.871136680766737,0.6623846457107717
2673,44,341.6363636363636,132.70454545454547,8.475914003248128,6.816499610027805,0.5943317104513415
2674,64,341.71875,141.28125,10.234046841417811,7.983297266647793,0.625689286691722
2675,124,342.06451612903226,223.1048387096774,14.172225360619368,11.508864394429072,0.583557546827442
2676,122,340.7950819672131,594.8688524590164,15.526148596066143,11.183631777884655,0.693652849514016
2677,199,342.14070351758795,59.97989949748744,21.8127950998008,11.849107934288847,0.8395915406627166
2678,27,342.25925925925924,156.7037037037037,6.936124706783007,5.084732909114284,0.6801426376989053
2679,42,342.2142857142857,280.64285714285717,8.101077395667286,6.717205099528854,0.5589901577367192
2680,140,340.84285714285716,296.75,18.730632872801703,9.733433038498418,0.8543772976943271
2681,97,342.22680412371136,363.0,13.254432124624007,9.489662181349951,0.6981398358259504
2682,119,342.10084033613447,422.546218487395,12.58116054924237,12.396999141307443,0.1704742654150629
2683,59,341.93220338983053,561.5593220338983,9.394712716930709,8.013719156107538,0.5219058305508821
2684,35,342.48571428571427,48.65714285714286,8.392989299673689,5.346768621999236,0.7708210249487869
2685,91,342.4175824175824,441.13186813186815,11.653666142221754,10.08222740758633,0.5015045805771318
2686,29,343.3103448275862,2.310344827586207,6.683976126558476,5.726616985029031,0.5157020085379149
2687,107,343.2710280373832,312.3644859813084,14.821146458656502,9.635652656738579,0.7598241082307164
2688,33,342.93939393939394,454.93939393939394,6.818147125882215,6.2232358204175,0.40852775409933234
2689,34,343.02941176470586,576.4411764705883,7.827411784175352,5.704802674052817,0.6847014791920133
2690,124,342.03225806451616,120.66129032258064,17.889722727266463,9.22352022950826,0.8568435654856998
2691,35,343.14285714285717,431.8857142857143,7.275706504946321,6.123725436466655,0.5399961865747204
2692,58,343.41379310344826,569.7241379310345,9.467322438365272,7.908890128559349,0.5496602911405065
2693,67,343.46268656716416,26.08955223880597,10.787317855566132,8.160126271265776,0.6540451265381845
2694,144,343.55555555555554,340.86805555555554,15.21003374474477,12.543003682729267,0.5656385998731587
2695,28,344.25,147.67857142857142,7.1088209308489025,5.287197829804734,0.6684559608588303
2696,48,344.9166666666667,287.5833333333333,8.095587938692079,7.587658864103898,0.3486351171151457
2697,34,343.61764705882354,493.55882352941177,6.760510505717869,6.482181815799507,0.28397992497062424
2698,128,344.9375,72.484375,14.268923653534028,11.686805017609265,0.5737378407391909
2699,126,347.2857142857143,267.6111111111111,15.259597298608465,11.313277302370455,0.6710769860572
2700,43,345.5581395348837,303.5348837209302,8.652425848324924,6.342299611723984,0.6802197376381399
2701,21,344.6666666666667,320.8095238095238,6.502219679571409,4.132450642039062,0.7720641516361587
2702,115,345.90434782608696,329.2260869565217,14.303754594538054,11.08716945917369,0.631810338479914
2703,29,344.82758620689657,468.9655172413793,7.0533450836308615,5.195868860398095,0.6762707589523915
2704,73,345.5753424657534,16.84931506849315,12.305539003221647,7.725363079114326,0.7783782507402237
2705,56,345.64285714285717,35.625,10.212499063089195,7.0700406739494985,0.7216166084458822
2706,41,346.2926829268293,114.2439024390244,7.844503743562297,6.738666527841667,0.5119247177065758
2707,72,346.3888888888889,475.40277777777777,11.518375231537084,8.345353992496719,0.6892482314729742
2708,53,344.54716981132077,487.2641509433962,10.524326541866365,6.651126434254512,0.7749875984377177
2709,131,345.35114503816794,193.3587786259542,17.284709073492763,9.846936497774928,0.8218592374048315
2710,28,346.10714285714283,242.10714285714286,7.044702547703585,5.0431528337117175,0.6982246196003731
2711,48,346.0208333333333,355.0208333333333,10.643376531401495,6.003164203589333,0.8257555460029872
2712,14,346.5,42.285714285714285,4.20883424647321,4.120630029101703,0.2036532699906393
2713,63,346.25396825396825,585.9047619047619,10.74392201650563,8.07665071942468,0.6594580378883592
2714,34,346.2647058823529,7.029411764705882,8.006049009922759,5.6311106918988205,0.7108367722416649
2715,124,346.58870967741933,88.87096774193549,13.87871205467508,11.512490569479985,0.5584961284321462
2716,69,347.8985507246377,461.4927536231884,10.219371734689851,8.946318296398102,0.48334958490839114
2717,76,347.69736842105266,498.4605263157895,13.556150173497349,7.427081553074902,0.8365599305702949
2718,47,347.6170212765957,529.0,8.684026923473462,6.893294487818088,0.608191826357622
2719,10,348.2,506.0,3.9191835884530852,3.0983866769659336,0.6123724356957946
2720,57,347.50877192982455,556.0701754385965,12.534206036339848,6.093393462538343,0.8738802964516739
2721,49,349.16326530612247,141.85714285714286,8.2602084197871,7.618158927835954,0.38654153809502206
2722,82,348.7560975609756,151.21951219512195,13.05680717585352,8.162491691153752,0.7805028703643683
2723,100,348.42,232.61,13.551702239167469,9.417821745018507,0.7190533361587138
2724,110,347.27272727272725,257.09090909090907,16.57612177940286,8.62875003985362,0.8538293545569122
2725,65,349.96923076923076,480.83076923076925,13.342966814150474,6.388657193690309,0.8779221794483258
2726,90,348.74444444444447,133.4,12.284110968952836,9.576946363693903,0.6262520812997194
2727,55,349.3818181818182,248.5818181818182,9.233457846222835,7.987145664844698,0.5017336544463529
2728,37,349.0,564.5675675675676,7.399573295426367,6.3913179159150495,0.5039352798754971
2729,58,349.2413793103448,594.1206896551724,12.9274590987811,5.8714685139022995,0.8909069804163056
2730,30,349.46666666666664,1.9,7.129091127089213,5.409708734354075,0.6512984680523337
2731,154,349.04545454545456,413.38961038961037,15.288173305258063,13.162997549974047,0.5086182051716531
2732,173,350.1098265895954,103.42196531791907,18.915640315390775,12.0821146724561,0.7694253443994645
2733,52,349.65384615384613,184.75,9.976297307859781,6.657744590407991,0.7447386150822309
2734,26,350.0,335.03846153846155,6.201736729460422,5.460996722861184,0.47393605540767264
2735,164,350.6158536585366,366.9512195121951,17.938535141816935,13.215107192001076,0.6762325736774352
2736,14,349.7857142857143,424.7857142857143,5.656854249492381,3.155817433482076,0.829925002758732
2737,94,349.5531914893617,452.0744680851064,14.054344734478619,8.705642153869668,0.7850541728664717
2738,127,350.3937007874016,204.10236220472441,15.024112112024449,11.169702781082865,0.6687895497477873
2739,66,350.469696969697,276.9848484848485,10.426149505749123,8.135485967042616,0.6254100027696408
2740,56,350.60714285714283,322.5357142857143,10.26952778803989,7.013548334129187,0.7304674609895502
2741,17,350.4117647058824,466.6470588235294,7.128709264001875,3.068680228857498,0.902605905481929
2742,76,350.6578947368421,511.92105263157896,10.468672725316713,9.448634687847383,0.43055820891098107
2743,98,350.2244897959184,435.9795918367347,12.380543436660421,10.255459801970082,0.5602065455575169
2744,70,350.85714285714283,571.9428571428572,10.29677796067977,8.691400650131857,0.5362025397256249
2745,80,351.9375,581.15,14.344629056786157,7.2944579800836715,0.8610531750501207
2746,62,351.5967741935484,9.580645161290322,10.201823358412483,7.848845892836313,0.6388188736018177
2747,55,351.9818181818182,37.872727272727275,8.614234115197144,8.390663565617658,0.22634850898532607
2748,51,350.2156862745098,283.98039215686276,9.801607061926992,7.459799370927236,0.6486589506967594
2749,88,351.82954545454544,351.85227272727275,13.150969899178696,8.845221372250611,0.7400146046131584
2750,111,351.8918918918919,26.036036036036037,14.184699887083625,10.192340804140951,0.6954807879027668
2751,112,352.0,47.169642857142854,13.548985442810165,10.920176215270478,0.5919462916486538
2752,64,351.734375,310.859375,10.018745472228737,8.16574715887629,0.5793950261975626
2753,37,352.27027027027026,193.16216216216216,9.567829353981256,4.948614119271283,0.8558561823920414
2754,65,352.3692307692308,241.09230769230768,12.734508781532872,7.151602770549882,0.8274140603836658
2755,67,353.43283582089555,296.56716417910445,11.601099626708848,7.622726250111921,0.7538301885816098
2756,200,352.44,379.39,17.064495485236648,15.254894094497615,0.4481563791771128
2757,73,352.67123287671234,487.36986301369865,10.265766421825932,9.2490632669958,0.43389844110833475
2758,95,352.4421052631579,59.49473684210526,14.143615461098133,9.134599705060335,0.7634675764315927
2759,10,352.8,421.4,4.603066923192716,2.7589445265552444,0.8004714123777823
2760,48,351.9791666666667,445.6458333333333,10.688127447071755,5.751815028284187,0.8428491287094549
2761,137,353.57664233576645,160.28467153284672,13.694329186738974,12.848710277590296,0.3459568275851563
2762,69,354.95652173913044,15.36231884057971,12.39279227467615,7.560265870430894,0.7923602524237385
2763,89,354.0,116.2247191011236,11.938630184619072,9.544008425000495,0.6007693586953365
2764,20,354.15,129.6,5.777985997437533,4.527126882849187,0.62137544957463
2765,108,353.5833333333333,403.68518518518516,13.772917633973128,10.162507639422342,0.6749519947679667
2766,64,353.625,472.203125,11.721425344654678,7.102677779519987,0.7954975277144759
2767,62,353.258064516129,556.983870967742,11.406214488678247,7.3389924417537475,0.7655129236162984
2768,79,354.7848101265823,591.5189873417721,13.352690713092723,8.034544929057423,0.7987091445579816
2769,87,354.98850574712645,124.42528735632185,15.436175191993827,7.654971399806899,0.8683732669444996
2770,207,355.6328502415459,177.31400966183574,19.239390153284514,14.202991828977494,0.6745549525606522
2771,38,354.1842105263158,253.76315789473685,7.256144675367216,6.791056438628164,0.3522545767669557
2772,99,354.34343434343435,343.32323232323233,11.73868562968204,10.990261748493209,0.35135327655634147
2773,68,355.38235294117646,494.8382352941176,12.719316471268598,7.024496848726161,0.8336653118677149
2774,65,354.73846153846154,71.98461538461538,11.047811487026834,7.745069272350537,0.7131120296703208
2775,73,354.93150684931504,504.73972602739724,10.182403001089973,9.217805957026515,0.4248404748499545
2776,55,356.4727272727273,4.109090909090909,11.184572950702037,6.359911037608315,0.8225917244292249
2777,75,355.06666666666666,427.96,10.397152577689132,9.40722278350388,0.4258614760622257
2778,39,355.43589743589746,91.15384615384616,8.528019555984974,5.918915966071966,0.7199218268140253
2779,42,356.0,259.73809523809524,9.136573040997952,5.887582070397868,0.7646909511182842
2780,63,357.85714285714283,272.95238095238096,11.899159617904262,6.965872455941448,0.8107382845927091
2781,63,356.7936507936508,284.7936507936508,11.895571349533663,6.973154660658765,0.8101681579951542
2782,142,357.11267605633805,82.16901408450704,14.5992788264077,12.597932907083868,0.5053495322919186
2783,75,355.72,318.97333333333336,13.360947919131744,8.135885093694762,0.7932237859532678
2784,73,357.17808219178085,564.7808219178082,10.785402633860205,8.789105091767356,0.5795910865924243
2785,62,357.85483870967744,33.20967741935484,9.589267008072976,8.52542051023849,0.4577933671525262
2786,74,357.9054054054054,134.59459459459458,11.194515404706564,8.556126183627127,0.6448441105337187
2787,100,357.32,331.25,12.933554367863266,10.469229743086407,0.5871713117484663
2788,96,359.7604166666667,66.1875,14.746643598861906,8.576456132364196,0.8134842147284591
2789,54,358.7962962962963,168.7962962962963,10.70819686894089,6.588936246354835,0.7882797169176404
2790,72,357.9166666666667,189.72222222222223,9.945325343071723,9.55512325214412,0.2773627293999471
2791,31,357.61290322580646,197.29032258064515,6.521756284986931,6.067731976447673,0.36658865969026466
2792,124,358.08870967741933,227.15322580645162,15.6055802815817,10.41539400278631,0.7446862364658788
2793,61,357.78688524590166,239.39344262295083,12.180267130210664,6.582013263648732,0.8414189568570298
2794,27,358.2962962962963,414.4074074074074,7.562860521494541,4.845980274434764,0.7677410520724175
2795,124,355.5403225806452,548.6290322580645,17.410291818387527,9.439569062449229,0.840260254155046
2796,38,358.5,313.2368421052632,7.326419057593795,6.70857840646882,0.40193206386701125
2797,60,359.6333333333333,22.35,10.41024064082021,7.575120154543474,0.6859375352939345
2798,33,359.1515151515151,298.1515151515151,8.255343625356716,5.113216770404731,0.7850892363352326
2799,93,358.9032258064516,575.0645161290323,12.348480615494529,9.686909707965803,0.6201773057283501
2800,70,359.65714285714284,107.62857142857143,11.456326782951702,8.140295656603474,0.7036464790070717
2801,57,359.5438596491228,47.14035087719298,11.009701743827769,6.972514145388792,0.7739011909225741
2802,5,360.4,207.8,3.098386676965933,1.7888543819998317,0.816496580927726
2803,74,359.85135135135135,436.2837837837838,10.241371064610512,9.338199716205951,0.4106090883273288
2804,73,357.94520547945206,459.6849315068493,13.3236020804673,7.337002075336855,0.8347183783792652
2805,26,359.7307692307692,474.2307692307692,6.8545681954789695,4.922786788473657,0.6958614409419452
2806,24,360.0833333333333,488.0416666666667,6.018101737488466,5.193928755930596,0.5051167804092223
2807,43,360.1860465116279,498.27906976744185,8.547901972223162,6.4207868128177115,0.6601275343929794
2808,143,360.44055944055947,360.83216783216784,17.413497808082628,10.834286415824941,0.7828762142448988
2809,62,358.85483870967744,443.2096774193548,12.248207020220434,6.751740764707925,0.8343446173607459
2810,98,360.3775510204082,451.7959183673469,11.700713055683918,10.739175111952234,0.39699151862007165
2811,99,360.4949494949495,466.8484848484849,13.504572633038066,9.40267597924525,0.7177909472442108
2812,87,361.7816091954023,482.5287356321839,14.43403633956839,8.110414427803281,0.8272084900772481
2813,86,360.95348837209303,94.74418604651163,12.354525901719212,9.87151531813353,0.6013042297750563
2814,43,361.1860465116279,337.72093023255815,8.699056390555304,6.391565338464772,0.6783462572879194
2815,27,360.7037037037037,370.81481481481484,7.661353761285791,4.531609312533646,0.8063127958339598
2816,19,361.63157894736844,504.2631578947368,5.212526051472713,4.66479582459468,0.44622584327971115
2817,68,361.8235294117647,557.0,10.479626317976704,8.30501535136661,0.6098828871496438
2818,117,361.2991452991453,265.20512820512823,13.013309894234391,11.794609799060174,0.4225283212394704
2819,18,360.94444444444446,325.3333333333333,5.797891878802555,4.123315863759732,0.7030150020887047
2820,29,361.3448275862069,592.7241379310345,6.53899001499186,5.600258366301522,0.5162451143930842
2821,51,362.3921568627451,39.96078431372549,9.05316004780087,7.277833458799096,0.5947647670092977
2822,114,362.7280701754386,58.07017543859649,16.035940814751257,9.144493597701395,0.8214712745959689
2823,114,360.6842105263158,251.49122807017545,16.803546986586692,9.247577729601305,0.8349440331619801
2824,46,361.9130434782609,101.71739130434783,9.05112907721158,6.6056580582320805,0.6836437147865569
2825,78,361.9871794871795,510.9871794871795,10.543891537305706,9.521934960821755,0.42948086385441797
2826,76,361.9868421052632,200.46052631578948,13.06746419128131,8.010059125849724,0.7901005063710294
2827,20,362.9,303.05,5.215361924162119,4.795831523312719,0.3929526239966882
2828,76,364.0394736842105,8.513157894736842,12.204300244496258,8.135431730892087,0.7454123044668683
2829,37,363.05405405405406,128.02702702702703,7.100132958077501,6.6507426551574484,0.3501148597963325
2830,53,363.45283018867923,238.1320754716981,10.471983507698726,6.7281603497661076,0.766292814523329
2831,96,361.4270833333333,543.5729166666666,16.793733043722597,7.602656875546266,0.8916588414595462
2832,107,363.2710280373832,584.2149532710281,12.130949521926473,11.412825627680261,0.33895570174923345
2833,43,364.1860465116279,321.1162790697674,7.971123413750244,6.905870364978216,0.49941829818793565
2834,84,362.82142857142856,349.0595238095238,11.887381474758214,9.372169117329488,0.615145950122396
2835,61,364.55737704918033,29.049180327868854,9.732924447354302,8.23816320580662,0.5325124221640174
2836,38,364.8421052631579,49.578947368421055,8.435154305397312,5.851862415316488,0.7202188522684965
2837,92,363.25,118.33695652173913,14.995853464949226,8.158959079582834,0.8390326906431813
2838,99,364.07070707070704,410.16161616161617,12.427985640970265,10.51582702722397,0.5329592550770289
2839,119,365.02521008403363,426.3193277310924,13.313904620232114,11.551380274505613,0.49723173695943146
2840,57,364.7719298245614,568.7894736842105,11.597417824445223,6.582319006614619,0.8233267757771078
2841,47,364.8723404255319,190.89361702127658,8.426354916189052,7.267051196565616,0.5061945603565068
2842,38,365.3157894736842,247.60526315789474,8.65465722812714,5.559046900904156,0.7664377844602251
2843,80,364.3625,293.6375,14.13333889294164,7.512904347671618,0.8470123497210185
2844,18,365.05555555555554,333.27777777777777,5.073580633715947,4.579828483240234,0.430308860995469
2845,109,365.5229357798165,400.9633027522936,14.977738113059683,9.743723595341624,0.7594659399869228
2846,39,364.87179487179486,20.512820512820515,10.109587011899132,5.3197618829152455,0.8503548916484351
2847,84,365.95238095238096,228.85714285714286,15.145402628383659,7.352787991115339,0.8742478497252478
2848,64,365.28125,475.515625,10.463648111453756,7.889393953255867,0.6568959970493501
2849,60,365.9166666666667,491.1666666666667,9.330991203183633,8.171722438418607,0.482744107018818
2850,121,365.26446280991735,215.04132231404958,16.08742114666966,9.710635661505309,0.7972746764383457
2851,75,366.72,136.66666666666666,10.01057098012921,9.533604995349371,0.30499557387452203
2852,31,366.0967741935484,172.67741935483872,6.408491563693642,6.17646481960917,0.2666484498914686
2853,111,367.39639639639637,313.6306306306306,12.85985424699088,11.770290566213447,0.4028317985562269
2854,31,366.4516129032258,440.5806451612903,6.425754631219991,6.06314329004941,0.33117581336027324
2855,50,365.98,500.32,9.675781109583676,6.724169831244872,0.719059486131491
2856,35,366.74285714285713,203.94285714285715,9.028914390344605,4.9796658802340215,0.8341588116982778
2857,74,368.4594594594595,327.4594594594595,13.202536415305472,7.563597466578076,0.8196324554912193
2858,73,366.9178082191781,342.35616438356163,10.8184729455512,8.984059058913207,0.5571127057402694
2859,51,366.96078431372547,533.7450980392157,9.94147781603616,6.640994862117738,0.7441533556884353
2860,196,367.3979591836735,375.5408163265306,18.22767290537716,13.995900051639964,0.640644046004683
2861,60,367.3333333333333,457.95,11.583886936684364,6.752465154322203,0.8125304330458595
2862,58,366.51724137931035,519.8793103448276,10.65667069320967,7.104464770623691,0.7453545117976766
2863,128,367.453125,86.6953125,18.368636504580078,9.243791708498641,0.8641479878315103
2864,44,367.9318181818182,100.79545454545455,9.87332992503744,5.842704074493587,0.8061095629474628
2865,105,367.84761904761905,181.59047619047618,11.900543890245622,11.772780908055726,0.14613873312200698
2866,44,368.15909090909093,259.3863636363636,8.497027848771822,6.65431112739488,0.6218530289730582
2867,124,367.14516129032256,283.10483870967744,14.389633383833267,11.69668929949777,0.5824657186594047
2868,34,368.05882352941177,551.6764705882352,7.456032617423916,5.86874600609323,0.6168078304472628
2869,91,368.7362637362637,272.61538461538464,11.648254584235518,9.953901265750831,0.5193853340959778
2870,69,368.5072463768116,447.81159420289856,10.431384842056955,8.485795575843037,0.5815831504653606
2871,44,368.8863636363636,507.29545454545456,8.369536043008786,6.953241016939717,0.55660130777939
2872,93,369.8817204301075,576.8817204301075,11.180187035155186,10.9964233932616,0.18056281188315312
2873,85,369.54117647058825,35.4,12.34306871829639,9.407274881993109,0.6473999944568115
2874,53,369.1698113207547,108.47169811320755,10.23617046546165,6.72024690308278,0.7543089341772355
2875,58,369.1896551724138,241.94827586206895,10.09190262398375,7.512106336992281,0.6677677575280401
2876,23,369.04347826086956,335.39130434782606,6.022986689186564,4.8838689340851404,0.5852240823811456
2877,109,369.57798165137615,360.25688073394497,14.003193212698482,10.147790978498648,0.6890887869827399
2878,75,369.8933333333333,433.5466666666667,11.694809154392107,8.398484979653036,0.6959008862327117
2879,58,369.5689655172414,43.327586206896555,9.980497701738907,7.717647272238336,0.634073495011597
2880,109,368.4678899082569,73.71559633027523,13.893110731815216,10.57872119956367,0.6482395401618639
2881,23,370.17391304347825,189.04347826086956,6.183178339704587,4.955650890824854,0.5980308748354181
2882,96,368.5625,540.6666666666666,14.671824684702633,9.104794486619273,0.7841564345986785
2883,88,370.78409090909093,115.9090909090909,11.245538384567743,10.345211628154166,0.3920610427652012
2884,36,370.5,208.63888888888889,6.967005782115255,6.736053048995841,0.25534310974795293
2885,14,370.5,299.2857142857143,4.20883424647321,4.120630029101703,0.2036532699906393
2886,71,370.2112676056338,467.16901408450707,12.183053728792935,7.523243233387062,0.7865575056580497
2887,53,370.1698113207547,195.60377358490567,9.86192734258178,6.949632426943946,0.7095122235588379
2888,18,370.77777777777777,248.5,5.258737584977436,4.268749491621899,0.5840132092439594
2889,57,371.50877192982455,292.8070175438597,8.8714853851386,8.322322017799555,0.34637015749199684
2890,46,371.4130434782609,495.82608695652175,8.005986539271095,7.401184058563727,0.3812882061196052
2891,70,371.22857142857146,515.4142857142857,11.896327442625866,7.770525519372191,0.7571967005928282
2892,70,372.0857142857143,20.65714285714286,10.844958128513843,8.561705528580651,0.6137966875489922
2893,90,371.44444444444446,125.86666666666666,13.203254515619655,8.944658165740158,0.7355609159509854
2894,32,372.0,175.5,7.615773105863909,5.291502622129181,0.7191949522280762
2895,55,371.2,481.92727272727274,9.177054520394805,7.797595576585276,0.5272923774757651
2896,67,371.04477611940297,558.223880597015,10.383211540533793,8.450714812111837,0.58102940975787
2897,22,371.8636363636364,96.13636363636364,5.825797200636191,4.862804112501721,0.5507020099079908
2898,91,370.84615384615387,394.5164835164835,13.047964678305766,9.246590742519675,0.7055485963097095
2899,89,370.64044943820227,566.6629213483146,17.183810047460298,6.755685237951028,0.9194775752925238
2900,164,372.7073170731707,54.579268292682926,17.651597098957787,11.91120485082186,0.7380054611688759
2901,55,374.1818181818182,80.23636363636363,12.211736173694467,6.638438937348788,0.8393370307410489
2902,30,372.46666666666664,214.4,7.100552295253128,5.568157623900186,0.6205251414557144
2903,38,372.1842105263158,235.0,7.54294101743725,6.442706957516127,0.5200476368380297
2904,70,372.2,351.5,11.356466428873215,8.0350543757528,0.7066821025765461
2905,47,372.78723404255317,440.78723404255317,9.013872362474215,6.679867864295636,0.671432980870026
2906,18,371.77777777777777,488.5,5.504331078371788,4.572987636423299,0.5565739545857464
2907,148,372.27702702702703,166.42567567567568,15.824372183336804,12.23872825315256,0.6339060789131309
2908,57,373.3859649122807,201.96491228070175,9.066355972764685,8.045577774375749,0.4609804114551042
2909,51,373.078431372549,321.2352941176471,9.225890135002588,7.163133329120474,0.6302201348256853
2910,21,373.3333333333333,343.6190476190476,6.237071096074329,4.3259052941747935,0.7203799930722175
2911,51,373.078431372549,406.05882352941177,10.024392705819352,7.000344469956253,0.7157749467600311
2912,69,372.94202898550725,253.8840579710145,10.231859050540193,8.870872741800362,0.4983334829623833
2913,48,373.7708333333333,501.875,8.879663980459975,7.098917040625087,0.6007221921824077
2914,20,373.25,530.4,5.928859703180825,4.253072139054142,0.6967121764893405
2915,56,373.9642857142857,102.98214285714286,10.326683062499171,7.003455749620812,0.7348863770653792
2916,47,374.1914893617021,262.6595744680851,8.661644671775719,6.9391648893581594,0.5984808666816213
2917,36,374.47222222222223,285.0,8.715539741797784,5.335865981691776,0.7906840703683204
2918,32,373.21875,331.21875,7.332848930502224,5.540584496461757,0.6550515840723335
2919,54,374.2037037037037,548.3518518518518,9.869730776001584,7.145264636631127,0.6898446797665998
2920,49,374.48979591836735,7.469387755102041,8.808738058528217,7.155822847285576,0.5831631611284505
2921,72,374.69444444444446,27.38888888888889,11.778350879279575,7.833062639712548,0.7468086329197742
2922,58,374.3448275862069,475.7068965517241,9.665571365360972,7.8689496571447775,0.580694540825826
2923,89,373.76404494382024,525.5730337078652,14.728258954215166,8.16893275063429,0.8320881046288402
2924,88,376.79545454545456,334.875,16.355303653095984,7.270305922046832,0.8957675203581983
2925,94,375.1914893617021,456.6063829787234,11.678372241355687,10.596917574561802,0.42027497125159136
2926,96,374.0833333333333,227.36458333333334,12.806153279151365,9.743267297745927,0.6489547458714894
2927,33,375.27272727272725,301.3333333333333,6.790928381496834,6.179656832519278,0.41463668771658246
2928,48,375.7083333333333,367.6458333333333,10.00159501868164,6.1318872728326514,0.7900123426750094
2929,39,375.6923076923077,507.87179487179486,8.043063341524658,6.3077543201090736,0.6204477965912369
2930,86,376.2674418604651,243.6046511627907,14.086816198753395,7.98604162710347,0.8237755993475023
2931,59,376.49152542372883,466.8474576271187,11.09225082312884,6.960813354269927,0.7785856113656933
2932,77,376.87012987012986,93.12987012987013,13.143916313182224,7.600176247743062,0.8158754494642805
2933,107,377.3457943925234,188.6448598130841,12.431641130457463,11.65988989302053,0.3468505622129061
2934,108,375.74074074074076,422.4259259259259,14.302571942165649,9.905808921014087,0.7213321013073782
2935,63,377.25396825396825,536.9206349206349,14.093228176188719,5.8873456624388805,0.908565292109429
2936,41,377.0975609756098,84.3170731707317,7.950313488168805,6.685072579430267,0.5412581523381748
2937,57,377.4561403508772,208.43859649122808,10.3896961460685,7.52294410349877,0.6897187313608317
2938,83,376.6024096385542,218.44578313253012,12.74812412758626,8.839568194350806,0.7205514425262622
2939,43,377.25581395348837,445.90697674418607,9.174151439493594,6.088353171232359,0.748050236756606
2940,48,377.7916666666667,72.29166666666667,8.682998061323149,7.062812644041767,0.5816947825396843
2941,130,377.0923076923077,153.7,14.072623878075568,11.819813989583237,0.5427172965971733
2942,41,377.1463414634146,270.1463414634146,7.231367984470799,7.1838274312215,0.11447797027778912
2943,58,377.3448275862069,490.94827586206895,9.930599998564507,7.546861721096873,0.649969497340843
2944,51,377.3529411764706,276.80392156862746,9.20633825999581,7.074381453077881,0.6399397288084974
2945,30,377.9,450.53333333333336,8.356904863287454,4.910977159539437,0.8091115920143521
2946,54,378.1296296296296,483.98148148148147,8.782002366643356,8.051354434627514,0.39934283279595695
2947,36,377.5833333333333,542.8055555555555,7.7380160908696105,6.242003937060798,0.5910059173634549
2948,59,377.5593220338983,566.9491525423729,14.208955975146191,5.726042091258062,0.9152051586166301
2949,44,378.6136363636364,288.40909090909093,9.066935445423532,6.237498225078804,0.7257685405910761
2950,58,378.37931034482756,432.7241379310345,8.695515931486039,8.552440894484072,0.1806572547846739
2951,31,378.7096774193548,520.0322580645161,7.423961817308516,5.403421670852949,0.6857519507544999
2952,41,379.3658536585366,234.6341463414634,7.887938412202878,6.716175914907826,0.524437692791938
2953,36,378.9166666666667,497.94444444444446,7.223354675038859,6.368009288649215,0.47202319497710543
2954,68,379.4852941176471,513.7058823529412,10.790499804860247,8.062325974585779,0.6646342003991987
2955,105,379.4952380952381,555.5904761904762,11.84757715405928,11.424233082341049,0.2649306952042889
2956,69,379.1449275362319,12.623188405797102,12.68380878623717,7.12558830882381,0.8272824811661249
2957,43,380.09302325581393,101.88372093023256,8.128035911295312,6.968284583721372,0.5147926991796041
2958,91,379.45054945054943,309.4725274725275,12.635283482902206,9.368614477793347,0.6709920690809608
2959,64,379.875,324.4375,9.823572182374967,8.496171465882073,0.5019856233626048
2960,41,379.1463414634146,340.9268292682927,9.262749721653133,5.6583613842483125,0.7917287949350226
2961,71,379.4225352112676,348.6901408450704,10.086809609369055,9.14384883772175,0.4221726228945698
2962,87,380.0574712643678,357.3103448275862,13.63153664149229,8.457533198012563,0.7842549266295877
2963,49,379.734693877551,44.40816326530612,9.928185133639028,6.299222399840422,0.772940313188217
2964,129,379.74418604651163,115.33333333333333,16.317863376836037,11.304942697004146,0.7211340810972734
2965,221,379.63800904977376,133.18552036199094,18.294469569127205,16.161093287405023,0.46864456372101665
2966,20,380.05,282.1,5.215361924162119,4.795831523312719,0.3929526239966882
2967,70,380.98571428571427,440.7857142857143,13.06986955035766,7.209952003711074,0.8340778042742788
2968,80,380.075,180.375,12.370705760475822,8.54550402186614,0.7230597547055867
2969,122,380.87704918032784,259.4590163934426,17.887843043530598,9.000123772944814,0.8642037976508011
2970,58,380.2931034482759,316.9310344827586,11.934260085644821,6.334254670032756,0.8475207606697641
2971,107,380.30841121495325,392.4859813084112,13.01410871729674,10.778375148210591,0.5604223993813199
2972,32,381.5,89.40625,7.074615381468486,5.814567241359369,0.5696438636326554
2973,90,381.26666666666665,172.35555555555555,12.827827831055162,9.127352383460845,0.7026582411321631
2974,46,380.8695652173913,473.5869565217391,9.601556920167171,6.654808428436303,0.7208445174343261
2975,33,381.7878787878788,107.72727272727273,8.328028511996994,5.257663248033253,0.7755212405845413
2976,56,382.32142857142856,5.571428571428571,9.36421222530815,7.6535505173637155,0.5761851374453253
2977,80,381.825,367.775,14.298424491340956,7.419909505204297,0.8548155453710101
2978,65,383.4153846153846,502.53846153846155,13.126521574409484,6.543526951578164,0.8668916287349628
2979,186,382.5483870967742,35.94086021505376,17.711509583917273,13.648993683030977,0.6372846680146985
2980,74,382.5405405405405,162.09459459459458,10.96581129768757,8.829490030450497,0.5930257785270777
2981,28,382.5,293.5,6.676183683170241,5.237229365663817,0.6201736729460422
2982,67,382.92537313432837,462.46268656716416,10.856437993332941,8.516679716995625,0.6201516427598344
2983,46,383.0,545.9130434782609,8.466692147110559,6.917103079493062,0.5766685253010614
2984,6,383.0,576.1666666666666,3.8297084310253524,1.8856180831641272,0.8703882797784891
2985,7,382.2857142857143,51.0,3.0237157840738176,2.799416848895061,0.377964473009227
2986,76,381.8421052631579,194.77631578947367,15.695067411800922,6.636592523582139,0.9062016735730678
2987,5,382.6,445.8,3.098386676965933,1.7888543819998317,0.816496580927726
2988,117,383.8290598290598,78.84615384615384,18.041815205406657,8.668964799831741,0.8769985953634045
2989,45,384.55555555555554,238.22222222222223,8.821378870464223,6.746965720134172,0.6442172821332421
2990,33,384.06060606060606,336.1515151515151,7.427657511661035,5.755961921799396,0.6320392616530311
2991,84,383.45238095238096,566.0595238095239,14.503537201997332,7.624032179901003,0.8506903735406738
2992,75,384.4533333333333,214.06666666666666,12.31989331664644,7.943609996567148,0.7643689447883769
2993,113,384.08849557522126,226.2566371681416,14.142481280472717,10.250687992064481,0.6889431470972398
2994,40,384.775,342.7,7.91195646292618,6.59931397410069,0.5516226089959115
2995,16,384.8125,359.9375,5.190457315814832,4.053905876152564,0.6244927834819298
2996,106,384.27358490566036,423.02830188679246,15.086555626661646,9.211179160330941,0.7919734907425254
2997,17,384.52941176470586,436.6470588235294,5.642747160029356,3.915220895555067,0.7201194248383056
2998,103,384.9514563106796,203.67961165048544,14.354007715647418,9.820270839265055,0.7293428695730579
2999,71,385.2112676056338,494.16901408450707,10.499253419482041,8.889151627322509,0.5321564009681626
3000,96,385.4166666666667,525.0520833333334,13.050001928447713,9.817141595798414,0.6588534951563859
3001,111,383.7027027027027,534.4054054054054,16.68908174251153,9.109350829226125,0.8378979202336747
3002,176,386.2613636363636,250.2784090909091,21.44277815767869,10.615662275229694,0.868853461339477
3003,73,384.7260273972603,453.6986301369863,11.154919073115083,8.660012456741459,0.6303140842418845
3004,38,386.07894736842104,299.9736842105263,7.496896226609498,6.431947929644979,0.5137363573465676
3005,226,383.91150442477874,403.8938053097345,21.455473697169456,14.082981193352273,0.754428929206532
3006,61,386.59016393442624,468.1967213114754,11.075091352598548,7.678134299290719,0.7206687670438744
3007,81,385.6666666666667,478.58024691358025,11.676805979082067,8.949434559188084,0.6423298689440432
3008,39,385.4102564102564,485.79487179487177,9.128094674627958,5.6094141692110195,0.7888997545886306
3009,40,386.8,118.4,7.26636084983398,7.155417527999327,0.17407765595569744
3010,128,386.4296875,149.46875,16.953867452642474,10.71081938208885,0.7751619296830224
3011,66,386.8636363636364,506.8636363636364,13.399463093884393,6.361242652137761,0.8801268319149631
3012,49,386.734693877551,125.18367346938776,9.01729085603047,7.180049118995893,0.6049631510950264
3013,47,387.3404255319149,104.97872340425532,8.106373346550852,7.437664445691954,0.39771674097829496
3014,4,386.5,233.5,2.0,2.0,0.0
3015,44,387.15909090909093,275.54545454545456,8.270723888830581,6.8935292985116075,0.5525411726001733
3016,63,387.6031746031746,432.3174603174603,10.177969939284408,8.076464925186125,0.6085387632883985
3017,20,387.8,542.45,5.748067223857133,4.634622227325477,0.5915173364037126
3018,24,387.0416666666667,553.5416666666666,6.09558811242988,4.97877997184531,0.5769433197803513
3019,30,388.1333333333333,179.03333333333333,7.541297877161252,5.153633421095674,0.7300552511604985
3020,78,388.37179487179486,349.93589743589746,12.837119704331075,7.838605052100499,0.7919235622609437
3021,40,388.325,447.975,7.956898303511586,6.433332681244958,0.5884650270299773
3022,145,388.0137931034483,92.71724137931035,17.642972697899626,10.725177773878027,0.7940129589709792
3023,84,388.3333333333333,308.9761904761905,12.127833328211322,9.03354864750032,0.667219802064849
3024,91,389.2307692307692,186.3186813186813,11.141136425710641,10.82083135919189,0.23806088125217692
3025,72,389.8611111111111,197.40277777777777,10.439292445107853,8.938379609058764,0.5166036528453353
3026,17,389.11764705882354,261.4117647058824,5.181899763382574,4.041201040002321,0.625943231252129
3027,112,390.0892857142857,320.73214285714283,12.780811616276116,11.817827994639881,0.3808084368748961
3028,150,389.98,369.47333333333336,17.32147614082406,11.311440515031013,0.757332191983245
3029,35,389.34285714285716,358.9428571428571,7.5857560075207875,5.890218428997439,0.6301369250089488
3030,72,389.6388888888889,391.5416666666667,11.555859972676181,7.9939638676060945,0.7221206715196625
3031,45,390.31111111111113,489.31111111111113,8.472349038634457,6.835350599415698,0.5908473056727018
3032,177,391.55367231638417,567.5197740112994,18.650788523002944,14.654774186994,0.6185498542078666
3033,13,390.53846153846155,1.1538461538461537,4.3616645597524775,3.7565911332956423,0.5081397159034495
3034,51,390.0,238.50980392156862,10.710385569039632,6.793294354766089,0.7731102271621745
3035,33,390.45454545454544,267.2121212121212,6.8391495990600895,6.119047747977225,0.44664981142922944
3036,139,390.27338129496405,331.1223021582734,15.082738251974089,11.919257114944738,0.6127740417832238
3037,19,390.8421052631579,497.42105263157896,7.029111832940027,3.492597176811044,0.8678215320800826
3038,113,390.5840707964602,45.30088495575221,14.861538215185574,9.951101186580294,0.7427331234800915
3039,54,390.81481481481484,221.33333333333334,10.020409155060825,6.955288409082215,0.7198668146776457
3040,68,390.3235294117647,79.33823529411765,15.550064537537335,5.9888874722472805,0.922859886257217
3041,109,391.38532110091745,292.7522935779817,12.796346852149817,10.935040611031244,0.5193791107670488
3042,43,390.90697674418607,340.9767441860465,9.02150928687856,6.2765831629020505,0.7182981870266624
3043,98,391.765306122449,441.07142857142856,13.658647416098473,9.349716261004419,0.728987279295716
3044,58,391.41379310344826,457.2586206896552,11.24230781277143,6.7879766362737834,0.7971445272162152
3045,75,391.82666666666665,549.0533333333333,14.038356998091945,6.98557875711817,0.8674028450602045
3046,124,392.0967741935484,27.516129032258064,13.314668519127858,11.977847126620906,0.43671926288982227
3047,69,390.9130434782609,113.85507246376811,13.36777499947193,6.96819127551261,0.8533931292551543
3048,71,391.9154929577465,173.8450704225352,12.18719187473044,7.590910861406971,0.7823335446315723
3049,39,391.94871794871796,281.38461538461536,7.339723031408172,6.833292274644108,0.36501565655262314
3050,160,392.16875,512.55,19.24318574453626,11.131225332427542,0.8157176745941999
3051,55,392.2,6.781818181818182,9.36864128036994,7.48268294335813,0.6017366364813592
3052,138,391.94202898550725,139.05797101449275,13.734998208578226,12.86705577657068,0.3498440068656482
3053,36,392.3888888888889,272.97222222222223,7.5351030369715435,6.3867146058666275,0.5306439039655781
3054,33,391.6969696969697,597.3939393939394,8.982312710908026,4.846340961410024,0.8419582589541701
3055,80,392.1875,161.1875,12.271122262869849,8.431758915534763,0.7265419895596741
3056,105,393.0857142857143,209.86666666666667,14.8270398085623,9.20169445073797,0.7841255204575994
3057,48,392.8958333333333,301.3333333333333,8.323603655757125,7.37786554225844,0.4629607781203648
3058,88,393.1931818181818,425.79545454545456,12.520833169851471,9.398183024966247,0.660752727580453
3059,49,393.2244897959184,473.6938775510204,9.278909082781897,6.7916678748679855,0.6813617774983457
3060,82,394.1463414634146,55.36585365853659,13.919660175136238,7.905095341090856,0.8230915936718568
3061,88,393.14772727272725,126.9090909090909,13.946372944219307,8.703134462326936,0.7813901129152914
3062,60,393.95,152.9,10.202076737306859,7.517820844240852,0.6760113310189212
3063,100,393.12,408.17,14.796099875067297,8.748864411284105,0.8064551199285632
3064,78,392.5769230769231,167.4102564102564,16.210933807666322,6.66852813025682,0.9114730010512494
3065,41,393.9512195121951,353.3658536585366,8.74661749827022,6.100775884759418,0.716583649292566
3066,67,393.5223880597015,535.7014925373135,10.142087559184656,8.520554878758967,0.5424029776586426
3067,49,394.2244897959184,108.75510204081633,9.007762024573124,7.162288327006292,0.6064468044658209
3068,110,394.25454545454545,230.22727272727272,13.447621758355703,10.7258464977728,0.603184437957405
3069,20,394.75,347.05,5.700651850964228,4.388914270534129,0.638168270197698
3070,28,394.7857142857143,360.4642857142857,6.427616519835271,5.8250016165769765,0.4227507872329878
3071,108,394.60185185185185,525.8703703703703,12.721030340577727,10.993255020036377,0.503183469692082
3072,90,394.31111111111113,556.9,11.688353299984316,10.179848265813822,0.49139030718946064
3073,28,394.64285714285717,50.17857142857143,7.4037217836749605,4.934386391037826,0.7455284769677246
3074,11,393.90909090909093,190.1818181818182,4.271760045262084,3.411211461689767,0.601929265428846
3075,143,394.7972027972028,583.7412587412588,14.53484841286426,12.642001048696686,0.4934541944554272
3076,68,395.44117647058823,76.1470588235294,10.75038265980859,8.59710657871695,0.6003966242693043
3077,102,396.38235294117646,481.0686274509804,16.027426226664037,8.722367888938182,0.8389457011425906
3078,26,395.6923076923077,489.11538461538464,6.550150142548242,5.231416869184454,0.6017675375723146
3079,22,396.0,88.22727272727273,6.352854658404022,4.542353269659285,0.699114440884116
3080,126,395.36507936507934,99.17460317460318,14.151646879929189,11.9695160036782,0.5334941574307874
3081,32,395.625,311.25,6.857271942911281,5.977275424552706,0.49009399656949676
3082,63,395.77777777777777,448.7936507936508,9.921601413427055,8.119833240786832,0.5746497399205682
3083,75,394.85333333333335,467.2,11.565623840418882,8.445837282600024,0.6831762778118078
3084,73,396.1506849315069,543.8493150684932,12.757647329560257,7.433409062287516,0.8127138664798391
3085,63,396.58730158730157,180.36507936507937,9.947489861527124,8.284578633633146,0.55352724181277
3086,41,396.7317073170732,268.9268292682927,8.50531505197592,6.292295992632448,0.6728185794068823
3087,28,396.32142857142856,276.9642857142857,6.827875052715501,5.317713930645268,0.6272423420040941
3088,78,397.5128205128205,433.85897435897436,11.428613218688165,8.900550797555255,0.6272780942029303
3089,163,396.33742331288346,66.21472392638037,14.961450993242222,14.232099834013828,0.3084168415045408
3090,76,397.10526315789474,218.21052631578948,12.087199973556356,8.179725365106504,0.7362347444320767
3091,141,396.5248226950355,244.65248226950354,15.433679890987872,11.909877614744069,0.6360097687617434
3092,77,397.8831168831169,341.4025974025974,12.564982738265938,7.82504603205049,0.7824080212877602
3093,29,397.37931034482756,146.79310344827587,6.426872883207249,5.788046998637297,0.43464716750129434
3094,52,397.15384615384613,372.75,10.206264334725116,6.609405369292708,0.7619947457558451
3095,136,397.36764705882354,498.2279411764706,15.489136022074494,11.683513399610513,0.6565255908052202
3096,85,398.0,19.176470588235293,11.39692498388101,9.665588224287097,0.5298563953161037
3097,46,397.60869565217394,120.52173913043478,8.59742172463464,6.875976053122151,0.6003040524228557
3098,117,398.3162393162393,36.84615384615385,12.945196335729813,11.897654719880643,0.3940739424940381
3099,120,399.3666666666667,380.7,17.74503918128923,9.160920987728193,0.8564364235858523
3100,21,398.7142857142857,485.4761904761905,6.065464068747746,4.5554468215652255,0.6602490759879494
3101,31,398.7741935483871,454.48387096774195,7.030898457910735,5.719635444823983,0.581565004356383
3102,77,399.35064935064935,460.06493506493507,13.653254583685307,7.422018750262003,0.8393392138200968
3103,71,399.0845070422535,572.5633802816901,12.63987201370535,7.354132748765949,0.8133174444135622
3104,47,398.78723404255317,83.1063829787234,8.734271000148585,6.909652180519961,0.6116912238852287
3105,22,399.3636363636364,152.6818181818182,6.711484251073143,4.171601627592539,0.7833652026279186
3106,31,399.5806451612903,235.90322580645162,6.95277983379848,5.8628228979720465,0.537546094114416
3107,65,398.5692307692308,262.5230769230769,10.33374206858627,8.277269063160508,0.5986718994805185
3108,31,398.4193548387097,288.83870967741933,8.777748600776505,4.896858710967362,0.8299271153212346
3109,113,399.3805309734513,420.0088495575221,14.97543192543356,9.75281700372598,0.7588594160859184
3110,28,400.07142857142856,107.46428571428571,6.833686246249096,5.187771890299835,0.6509193102641955
3111,46,400.2391304347826,159.19565217391303,8.051919219435849,7.441660910745845,0.38188564410768655
3112,76,399.7368421052632,353.86842105263156,13.620605200855508,7.542118143823517,0.8326972310621035
3113,107,399.9626168224299,594.1214953271028,11.955077753958696,11.545716060151673,0.25944330107338404
3114,18,400.0,2.7222222222222223,5.8613311316376935,3.882897903721768,0.7490972162467124
3115,50,400.22,114.32,8.3513254165162,7.704710493422224,0.38582167347573376
3116,44,400.54545454545456,127.1590909090909,8.762748935663765,6.48451554353332,0.6725966572520036
3117,35,400.37142857142857,133.94285714285715,7.938284044910574,5.6652875617228915,0.7004856143861626
3118,51,401.70588235294116,283.05882352941177,10.097028516556891,6.637887401968476,0.7535330828094445
3119,133,400.9172932330827,391.3233082706767,18.175838617004768,9.643642950490523,0.8476380846532194
3120,119,400.8151260504202,516.1428571428571,16.187584161364185,9.615096406619628,0.8044800272971263
3121,66,401.3636363636364,48.15151515151515,10.935842578054997,7.791804281315132,0.7016705831057692
3122,119,400.7731092436975,195.47899159663865,14.224804313317945,10.763336844999682,0.6538088604295913
3123,34,400.9117647058824,294.7647058823529,7.035884578703113,6.198961529394952,0.4730243589959894
3124,79,401.60759493670884,173.37974683544303,12.29393208919828,8.312692808616259,0.7367527460640456
3125,84,400.79761904761904,186.4047619047619,12.944822822046206,8.987433767986815,0.7196973815652231
3126,74,401.6756756756757,365.1756756756757,11.41423532928178,8.348689875901323,0.6819188116564142
3127,60,401.6666666666667,473.98333333333335,9.257666466160797,8.341466060937146,0.43374985295540885
3128,62,401.9516129032258,141.2258064516129,9.074054556558364,8.719751287773487,0.2767073003372954
3129,93,403.35483870967744,92.45161290322581,13.781650090706679,8.802071189919229,0.7694720379219384
3130,52,402.1730769230769,439.9423076923077,8.882625954903425,7.480041921753726,0.5393244739204621
3131,74,404.94594594594594,373.47297297297297,10.483358899117059,9.32231807234523,0.4574231468627109
3132,118,403.8305084745763,537.3983050847457,14.303030697969499,10.596684884859343,0.6716485652594092
3133,56,403.57142857142856,56.69642857142857,9.688230018505267,7.387968371585917,0.6469039065034583
3134,249,402.90763052208837,405.4618473895582,22.604426641892708,15.028639725400131,0.7469734794448586
3135,43,403.4651162790698,465.25581395348837,9.417974889459423,5.992465697990964,0.7714584993606692
3136,48,404.125,101.60416666666667,8.362626757017525,7.548257808596416,0.430442407426702
3137,71,404.3521126760563,450.8732394366197,11.445116683425185,7.897728323544102,0.7237595704569723
3138,106,404.0,557.877358490566,12.12149766971412,11.498907148978533,0.31636515093393197
3139,134,405.32089552238807,29.70149253731343,16.816068738477764,10.429449054928085,0.7844379329502094
3140,83,404.5542168674699,151.36144578313252,13.194520545518687,8.267141008903664,0.7793742717096002
3141,83,404.3855421686747,527.9518072289156,11.510966628227395,9.458739056572554,0.5698979984994015
3142,81,404.58024691358025,577.6172839506173,12.37464188875778,8.544837766282374,0.7233210105338235
3143,110,404.90909090909093,229.6909090909091,12.59446602966574,11.236727883452959,0.45164910174906514
3144,189,404.968253968254,251.14814814814815,19.88825829564742,12.369314610210337,0.7830644501238396
3145,42,405.2857142857143,492.3333333333333,8.874155568661088,6.146910633439503,0.7212493158005608
3146,14,405.5,40.714285714285715,4.20883424647321,4.120630029101703,0.2036532699906393
3147,40,405.325,68.575,8.242843485661343,6.282955615861883,0.6473044245666162
3148,53,405.54716981132077,120.20754716981132,8.531702974858206,7.899984781626786,0.37763048966380736
3149,28,405.7142857142857,127.42857142857143,7.06002648714221,5.201344555451399,0.6761853007336063
3150,95,405.5684210526316,217.1263157894737,11.529854145508178,10.546920528542223,0.40402300394129304
3151,41,405.609756097561,239.14634146341464,7.566702900389837,6.960855842380158,0.3920767951861415
3152,75,404.25333333333333,273.1333333333333,11.402833013084424,8.5337043765778,0.6632650472297746
3153,151,405.8344370860927,7.311258278145695,16.286582578772293,11.897615104918073,0.6828951898786861
3154,101,406.9009900990099,428.1089108910891,14.490314622559504,9.312027299490964,0.7661699272340536
3155,110,405.45454545454544,82.22727272727273,19.02634710620781,8.388979395506341,0.8975494430752423
3156,54,406.8703703703704,134.62962962962962,9.07778692115249,7.631595304472366,0.5415182930199813
3157,88,406.71590909090907,204.79545454545453,12.246517419118423,9.158616113789137,0.663862400066356
3158,114,407.87719298245617,109.75438596491227,13.63298363364294,10.852526775978957,0.6052318128581929
3159,99,407.4646464646465,263.979797979798,11.809998939837813,10.799009642412868,0.40482206861332487
3160,44,407.59090909090907,279.75,8.367687750914518,6.669777652560847,0.6038640849906877
3161,48,407.6666666666667,434.9583333333333,8.695453738631247,7.205335665817497,0.5597929632430751
3162,29,406.9655172413793,478.3448275862069,7.209477686084444,5.109002788825683,0.7055592917023072
3163,55,408.09090909090907,469.6545454545454,9.233265372519107,7.739842225011932,0.5452765282636451
3164,109,407.9816513761468,567.7889908256881,13.24506583235008,10.856739612899808,0.5728190994694863
3165,58,408.41379310344826,511.7241379310345,11.105279939695194,6.86005766960641,0.786390752464776
3166,53,408.2641509433962,519.9056603773585,9.32950701280405,7.299752981687892,0.6227295471619113
3167,88,409.60227272727275,175.6931818181818,11.268786868719427,10.525941014603575,0.35706551824422533
3168,74,409.2162162162162,185.6081081081081,11.542083250832603,8.29242088335314,0.6955776065238156
3169,151,408.5629139072848,358.6291390728477,15.417433689945964,12.87789296147241,0.5498229427568714
3170,113,409.2920353982301,386.2300884955752,13.495079141764379,11.321078038106938,0.544279165061602
3171,81,408.77777777777777,497.7901234567901,12.661598148829347,8.66190189388999,0.7293806297456549
3172,81,408.44444444444446,504.8024691358025,13.868342787890738,7.7893775662897875,0.8273640237642426
3173,76,408.3157894736842,583.4342105263158,14.28997278172102,7.065502928828539,0.8692130040389721
3174,115,408.55652173913046,486.10434782608695,15.239458159518072,9.910188951831785,0.7596792278002741
3175,29,410.2068965517241,125.3103448275862,8.198124778463216,4.879160573817453,0.803610421661284
3176,41,409.6341463414634,457.780487804878,8.562442110902339,6.141925802001486,0.6967541088962336
3177,37,410.3783783783784,463.2432432432432,8.15367168703422,5.799274938273232,0.7029421264466091
3178,74,410.0135135135135,77.16216216216216,11.901725704432678,8.132740900982233,0.7301147938602918
3179,64,411.0,141.0625,10.44995331324995,8.107772551749118,0.630896665522913
3180,10,410.0,292.2,3.9191835884530852,3.0983866769659336,0.6123724356957946
3181,86,410.7093023255814,589.6395348837209,13.80229679062666,8.064880884553725,0.8115273698836833
3182,57,411.859649122807,69.19298245614036,9.846514634683599,7.610819514314038,0.6344723801397606
3183,52,409.6730769230769,311.71153846153845,11.727489269353317,5.741344516515377,0.8719679438687412
3184,72,411.09722222222223,596.7777777777778,14.61331894909037,6.56240099529284,0.8934966518925741
3185,18,411.3888888888889,89.44444444444444,6.141456334279151,3.805265425478232,0.784915275648566
3186,33,411.57575757575756,234.54545454545453,7.9544124100174445,5.291160306540104,0.7466780867479457
3187,10,412.0,13.2,3.9191835884530852,3.0983866769659336,0.6123724356957946
3188,67,411.7313432835821,147.88059701492537,12.01583093614443,7.404990599145188,0.7875353036779019
3189,64,411.921875,371.625,13.104805378705448,6.4549531165030745,0.8702763206566058
3190,116,411.4396551724138,418.1034482758621,12.366625457443714,12.026229231960324,0.23300888114063395
3191,140,412.15,60.707142857142856,17.031045660765265,10.79072797505066,0.7736676591549925
3192,100,412.15,157.4,12.576621223722762,10.941142472109854,0.4931243895582423
3193,32,412.15625,257.5625,8.30308769516939,5.0105498427145365,0.7973961380828856
3194,27,411.85185185185185,398.1111111111111,6.04277549953789,5.784002587802844,0.2895050678678211
3195,96,412.65625,442.4166666666667,13.169373862882757,9.612449702435,0.6835439091928851
3196,42,412.45238095238096,452.42857142857144,8.290098775883255,6.540290213205145,0.6144857765023859
3197,78,412.79487179487177,529.3333333333334,11.677508692441076,8.656116994077033,0.6712135711497708
3198,110,414.3363636363636,476.77272727272725,13.009469905897676,11.016050208174901,0.5319565625396294
3199,37,413.94594594594594,577.1621621621622,7.680555208869243,6.186380758706392,0.5926500054515987
3200,137,414.2992700729927,97.35766423357664,13.868196879697036,12.857014578351844,0.3748480935406737
3201,72,414.4583333333333,52.80555555555556,13.750279582835377,6.804196891954101,0.8689837509998121
3202,138,415.0144927536232,331.6231884057971,15.13439339441346,11.651070683517336,0.6382361875089065
3203,31,415.06451612903226,571.4193548387096,7.1724188544761995,5.645318695749484,0.6168418131747623
3204,66,416.3181818181818,195.92424242424244,12.423981911445521,6.897055532989402,0.8317565900071824
3205,39,415.4102564102564,492.2307692307692,7.844645405527362,6.543236064712445,0.5516099203907632
3206,106,416.8018867924528,124.81132075471699,12.96237059946849,10.73814095265769,0.5601240735563096
3207,39,415.79487179487177,353.84615384615387,9.376333683193517,5.402432165402812,0.8173246170939851
3208,99,417.62626262626264,268.1010101010101,12.73593795967434,9.998170743312796,0.6194500475751883
3209,63,416.3015873015873,435.53968253968253,9.913629736333553,8.062343117347341,0.5819026545679314
3210,89,416.64044943820227,518.1460674157304,12.445214659043772,9.613256499023933,0.6350804281413166
3211,93,416.97849462365593,85.05376344086021,12.502942279758118,9.72797713898689,0.628196123231888
3212,65,416.6,188.7846153846154,9.614839305106152,8.69342818106601,0.42717745088506387
3213,33,416.3030303030303,392.0,7.270162189176721,5.823910039880011,0.59857045312048
3214,58,416.91379310344826,468.44827586206895,10.964501510314793,6.950370461737548,0.7734170396494445
3215,32,416.96875,498.4375,7.175594335869652,5.91039092844419,0.5670554274018994
3216,107,417.7196261682243,381.66355140186914,12.552253929673611,11.312388687207232,0.4333541838729415
3217,27,417.9259259259259,485.5925925925926,6.421500681256116,5.265410570825909,0.5724125976557584
3218,224,415.39732142857144,42.598214285714285,22.663685706508026,12.779672981854986,0.8258545083666804
3219,62,418.0,106.1774193548387,10.781403958053014,7.442225400496894,0.7235389910150252
3220,141,418.01418439716315,114.98581560283688,16.67844046253717,11.336587709300522,0.7334762384782626
3221,145,416.3724137931035,239.26896551724138,16.818925659833255,11.980830162102306,0.701832329864837
3222,47,417.9574468085106,341.82978723404256,9.235159267697188,6.445033101514988,0.7162146903418664
3223,100,417.58,403.45,19.032219308111934,7.0336497075082836,0.9292047225679335
3224,93,417.96774193548384,425.2795698924731,14.005316253317321,8.59626349535045,0.7894726449072851
3225,113,418.94690265486724,455.9380530973451,17.719633645460878,8.43696697900957,0.8793713048681793
3226,82,418.1951219512195,509.9756097560976,12.042709941555037,8.89578246760364,0.6740495844519786
3227,64,418.421875,583.921875,11.40007308513771,7.388709031591297,0.7615312308438781
3228,35,418.22857142857146,593.0,7.606437590322671,5.879058740506184,0.6345209418119585
3229,88,418.17045454545456,249.72727272727272,13.384438876669114,8.682376141405104,0.7610511877476799
3230,143,418.53146853146853,367.7062937062937,18.6022119784362,10.30184860055664,0.8326517385496324
3231,44,418.72727272727275,550.4090909090909,8.169488820799444,6.923665095687841,0.5307908359811365
3232,44,418.5681818181818,10.681818181818182,8.331935151286114,6.753659340387439,0.5856346760613423
3233,95,419.4736842105263,144.43157894736842,15.874612871505647,7.858963950755414,0.8688559863504696
3234,114,419.859649122807,258.29824561403507,13.754961241655304,10.764277855207007,0.6225573178773679
3235,97,419.5257731958763,408.9896907216495,19.837286719234754,6.414837438974879,0.9462716742614274
3236,35,419.0857142857143,567.3142857142857,7.266237858388312,6.077203273728993,0.5481779407945415
3237,140,420.15714285714284,72.58571428571429,14.587213837074495,12.313197193439391,0.5361717500685494
3238,133,419.82706766917295,178.0,16.288046304621783,10.598411262055597,0.7593465118358143
3239,130,418.5230769230769,283.2153846153846,16.94752374358913,11.109243228696043,0.7551879306423047
3240,51,419.62745098039215,503.2549019607843,9.762185462256932,6.992169254723244,0.6978433654227055
3241,22,421.1363636363636,489.59090909090907,6.621070729585919,4.482778902794698,0.7359393869863935
3242,28,420.67857142857144,465.0,7.376370916107261,5.176218092455147,0.7124433417483651
3243,62,421.2741935483871,309.56451612903226,9.938028043519171,7.949332936273382,0.6001461445167997
3244,33,421.6666666666667,337.6060606060606,7.775736479283188,5.416432271340203,0.7174779131722514
3245,71,421.4366197183099,415.0422535211268,11.230486650522247,8.285926037962541,0.6750122739604795
3246,36,421.77777777777777,480.44444444444446,7.205697053743418,6.404389242903001,0.45830450706058773
3247,30,422.1,291.93333333333334,7.588665323458495,4.984748154530391,0.7540059646949389
3248,45,422.06666666666666,494.8666666666667,7.829373806308707,7.580004047270863,0.25037295586579156
3249,20,421.95,522.15,5.897988831245638,4.56220645592697,0.6337731044611763
3250,36,422.3888888888889,92.5,7.7295180035647935,5.930272479362252,0.6413791259693614
3251,246,422.020325203252,206.6910569105691,18.705229774944772,16.901296005215613,0.42846173999930937
3252,94,423.21276595744683,350.01063829787233,11.461419658902564,10.590800637108604,0.38229782086576275
3253,122,422.0,528.7868852459017,13.602731399796673,12.791249402254772,0.3402246457005482
3254,43,423.2093023255814,297.5581395348837,8.096523904896516,6.780145110594367,0.5465686107259417
3255,62,423.5483870967742,388.33870967741933,10.726822377938406,7.558223924560846,0.7095949985976122
3256,42,423.2857142857143,84.14285714285714,10.918344414038483,5.044087279273077,0.8868888860894728
3257,20,423.55,273.25,5.985542185750804,4.187276530466729,0.7145688521824596
3258,103,422.5533980582524,396.4854368932039,15.27697074325083,8.907404164609881,0.8124284571903743
3259,110,423.45454545454544,574.5818181818182,12.889335167291458,11.274160360655939,0.48468449738318226
3260,52,423.3076923076923,596.4423076923077,9.375710821766768,7.363443959292087,0.6190209486549727
3261,11,424.0,455.90909090909093,4.596473335205269,3.0472374405751204,0.7486626258930315
3262,57,424.1578947368421,98.59649122807018,10.248430483819332,7.208721896922824,0.7107965594579836
3263,89,424.87640449438203,430.0,12.98582469166582,8.910308996579591,0.7274538846620845
3264,59,425.91525423728814,486.864406779661,11.912841169626128,6.75332072434733,0.8237905988787066
3265,58,423.98275862068965,153.0,9.670503606945838,7.789961508069428,0.5925436427259707
3266,34,425.5,467.7352941176471,6.770835123504018,6.497011239956697,0.28150987979316755
3267,81,425.85185185185185,475.3703703703704,13.554008606206471,7.762822673527416,0.8197422532675633
3268,62,425.69354838709677,583.1612903225806,9.891360281610789,8.166625382326034,0.5642087365191787
3269,109,425.61467889908255,60.63302752293578,12.689607436895846,10.958785555366466,0.5041721110506908
3270,59,425.49152542372883,170.94915254237287,11.232920568281683,7.0313580436203775,0.7798552304185767
3271,95,425.8421052631579,240.8736842105263,14.408722307593692,8.474594336219457,0.8087465991892818
3272,55,425.6909090909091,460.74545454545455,8.99675019104408,7.999006552982628,0.45771387227489313
3273,53,426.20754716981133,512.7169811320755,9.220529107733535,7.44993965709837,0.5892193478098425
3274,105,425.8666666666667,193.53333333333333,14.798336658625946,9.21398318352174,0.7825112799588655
3275,50,426.76,319.24,9.663922791114622,6.750214536396259,0.7156136433887753
3276,160,426.20625,4.98125,16.20637115257004,14.410665635741664,0.4575234471920043
3277,159,425.937106918239,440.188679245283,18.66382058255442,11.034992218830713,0.8064880108642348
3278,119,427.3697478991597,131.0252100840336,14.04289966244752,10.815226860924904,0.6378552810831373
3279,137,427.95620437956205,368.2554744525547,15.349110666318051,11.929289161826006,0.6292568435372878
3280,35,428.3142857142857,82.88571428571429,7.36414053367147,6.0646555091971095,0.5672599346622794
3281,140,428.49285714285713,144.8,18.15481550774585,10.783141623268516,0.8044983388227736
3282,18,427.8333333333333,310.44444444444446,5.042642844739138,4.651180660376771,0.3863084894560836
3283,88,427.72727272727275,379.2386363636364,11.273497630549414,10.255274148856852,0.41531010984462047
3284,45,428.35555555555555,496.93333333333334,9.17652110997709,6.5935886234605805,0.6954978902724717
3285,6,427.0,539.5,3.265986323710904,2.0,0.7905694150420949
3286,25,428.96,19.24,6.402487289320216,4.897035481808672,0.6441911507451396
3287,93,429.5268817204301,520.6559139784946,13.857519907170014,8.876623217455322,0.7679050978793889
3288,59,428.22033898305085,534.1694915254237,10.07786235875034,7.472906513560552,0.6709340517450728
3289,55,429.07272727272726,589.9272727272727,9.03272679257722,7.870811991237083,0.49063337184317474
3290,77,429.4155844155844,179.84415584415584,10.84070883723804,9.19922650480635,0.5290644544633417
3291,82,429.6951219512195,354.7317073170732,14.716991621186331,7.331225133944835,0.8670925974561259
3292,79,429.39240506329116,448.69620253164555,12.32042310006251,8.250105988547975,0.7426962508632837
3293,26,429.15384615384613,507.4230769230769,7.6271325898135025,4.519999862086586,0.8054813514031155
3294,131,430.12213740458014,420.9770992366412,14.144496055071425,11.979271822286977,0.5317186197286851
3295,85,430.5529411764706,337.38823529411764,12.169775360544309,8.95899695822127,0.676799043657324
3296,75,430.2266666666667,502.5733333333333,14.269234117388631,6.959947472090821,0.8729783219072601
3297,32,431.4375,491.96875,7.875871189025331,5.233787157869598,0.7472576939186435
3298,24,431.2916666666667,296.7083333333333,6.165086667499928,4.9601227296636266,0.5938844246982015
3299,75,432.04,323.02666666666664,12.674638023027583,7.614672670188285,0.7994141896717952
3300,56,431.39285714285717,404.30357142857144,10.945783701388391,6.587017439953913,0.7986575140095555
3301,45,431.77777777777777,463.75555555555553,8.546476797751971,7.071885286540005,0.5615216302594487
3302,58,430.82758620689657,482.7931034482759,9.86021840252201,7.635785816816599,0.6326922678760794
3303,13,431.15384615384613,527.4615384615385,4.3616645597524775,3.756591133295642,0.5081397159034496
3304,44,431.1363636363636,572.4545454545455,8.296216978911607,6.790797640862917,0.5744474405790216
3305,43,431.06976744186045,596.6046511627907,8.469666527018878,6.800308615905284,0.5961116143477257
3306,10,431.5,347.2,4.09878030638384,2.9933259094191533,0.6831300510639732
3307,72,432.90277777777777,471.05555555555554,11.207673224599006,8.31121726918174,0.6708811170867476
3308,94,433.3085106382979,411.3829787234043,14.496783409496453,8.308879364932999,0.8194481592227456
3309,91,433.13186813186815,188.8131868131868,14.287437126173582,8.187339398737649,0.819524148392496
3310,146,433.3972602739726,230.56849315068493,15.860011955934958,11.832028332770738,0.6659134934130231
3311,113,432.94690265486724,243.76106194690266,16.07295968913496,9.502332116116305,0.8065250656588414
3312,86,432.66279069767444,388.86046511627904,11.327877651550658,9.83418003961565,0.4963199594235624
3313,33,433.2121212121212,584.4242424242424,6.647231869617579,6.473920410228124,0.2268604553200894
3314,52,433.4423076923077,202.09615384615384,8.84418491136051,7.788204728859758,0.4738571031382406
3315,202,433.65346534653463,256.0,17.314757411146484,15.41699504217245,0.4551862483624261
3316,36,433.5,359.5,8.461618502560434,5.533826392230708,0.7565019143903671
3317,37,433.43243243243245,578.972972972973,8.27020234141527,5.8035490875998335,0.7124310753454397
3318,98,434.6938775510204,397.40816326530614,13.015583990475497,9.738470381612823,0.6634550214491857
3319,71,433.16901408450707,454.59154929577466,12.084954395795139,7.929933887682652,0.754602353110519
3320,65,434.32307692307694,514.1692307692308,10.237755910794668,8.325035959890746,0.5820262479805535
3321,62,432.7096774193548,538.8548387096774,12.275168799493244,6.901774186924569,0.8269639608323959
3322,12,434.9166666666667,21.166666666666668,4.894994431930091,2.9693109114997,0.7950060587397373
3323,70,435.5571428571429,429.87142857142857,10.69419280635895,8.346278372388502,0.625218713891764
3324,19,435.57894736842104,524.578947368421,6.39321061180375,3.7530396782584834,0.8095614074735058
3325,142,435.8521126760563,12.084507042253522,15.214205285766306,12.021417060211087,0.6129209082312381
3326,102,436.6666666666667,49.85294117647059,13.905199437494009,9.429410741251967,0.7349500781606667
3327,132,435.7348484848485,97.07575757575758,17.45142404649478,9.788097044105786,0.8278993494900478
3328,20,435.75,126.95,5.700651850964227,4.388914270534128,0.638168270197698
3329,91,435.38461538461536,150.7912087912088,15.833619709189728,7.555743878314041,0.8787967587876934
3330,170,436.9764705882353,171.31764705882352,16.101586120294545,14.12583453206738,0.47995227604906004
3331,52,435.8269230769231,530.4230769230769,8.85894822680387,7.586860775917254,0.5163021596281878
3332,39,436.7692307692308,340.3076923076923,8.036851931802932,6.203067350661884,0.635831376097811
3333,65,436.26153846153846,381.5076923076923,10.416879415907092,8.151979948491345,0.6225574598490445
3334,53,436.9811320754717,496.50943396226415,8.887309341530862,7.7037805873433065,0.49860493028135733
3335,59,437.2881355932203,595.2372881355932,12.120769191840932,6.3574390883466725,0.8514055861251896
3336,7,437.7142857142857,121.0,3.0237157840738176,2.7994168488950604,0.3779644730092273
3337,61,436.24590163934425,196.59016393442624,11.941285385360375,6.8025996530207635,0.821873083419801
3338,30,437.3333333333333,485.96666666666664,8.54018697999275,4.66936656566392,0.8372944296312959
3339,56,437.35714285714283,507.98214285714283,10.09751727042627,7.190863113728561,0.7020357535509701
3340,38,437.44736842105266,574.8684210526316,8.379031067012685,5.911361344789658,0.7087152743571388
3341,56,437.98214285714283,183.05357142857142,9.431071537858651,7.6441115028628825,0.5857051795881401
3342,8,438.375,286.125,4.47213595499958,2.345207879911715,0.85146931829632
3343,25,438.2,316.76,6.132060986158656,5.17264227083518,0.5370654454079513
3344,46,438.2391304347826,332.9782608695652,8.004744319495689,7.298112267608439,0.4108047492508398
3345,63,437.8095238095238,363.8253968253968,10.593937423153989,7.690556231848556,0.6877587038892569
3346,111,437.72072072072075,439.27927927927925,14.711207405272608,9.703893880985166,0.7515940600743859
3347,80,437.975,478.4875,10.58307407709313,9.87856482889895,0.3587581050100937
3348,84,437.0,545.5714285714286,12.487797316318472,8.683424264773624,0.718668592919659
3349,99,439.2323232323232,463.2828282828283,13.108731261306682,9.900389384732582,0.6554350627228399
3350,51,438.6078431372549,588.0,8.14150424867265,8.056201047168903,0.14437924224415646
3351,155,437.7806451612903,136.39354838709679,15.762856351325615,12.925614351729598,0.5723569637962601
3352,34,439.0,323.0,7.311588714064921,5.9960349550549505,0.572259223892983
3353,50,439.18,568.3,8.784088929448014,7.348563239133814,0.5478499744771477
3354,50,440.12,24.6,9.722806096749842,6.593681945999828,0.7349082387848738
3355,122,440.4754098360656,39.278688524590166,14.616859176846347,10.631533403763632,0.6862695320704989
3356,55,440.3636363636364,404.6727272727273,8.711549367767187,8.143454412085541,0.35520534442807017
3357,56,439.9642857142857,2.0714285714285716,12.394796901472253,5.950615606622933,0.8772193458581904
3358,95,441.0315789473684,418.4842105263158,11.84889537380134,10.309145001622419,0.4929614619126474
3359,11,440.1818181818182,158.72727272727272,4.854444919780395,2.858303992038103,0.8082777398868201
3360,146,441.06849315068496,208.2876712328767,14.405910748274039,12.921339314212657,0.4421379522581632
3361,16,440.5,471.5,4.47213595499958,4.47213595499958,0.0
3362,72,441.2083333333333,490.15277777777777,10.63426143916975,9.265235151296451,0.4908170102247156
3363,52,441.3076923076923,502.2692307692308,8.926356531548064,7.772697963249456,0.4917114934400323
3364,77,441.3636363636364,517.3636363636364,12.259722868008126,8.433867908812573,0.7257742004825067
3365,27,441.0,524.925925925926,6.79869268479038,5.097674232321556,0.6616621276226292
3366,72,442.47222222222223,538.2361111111111,12.214995797787223,7.965244015593103,0.7581438596558173
3367,29,442.2068965517241,128.0344827586207,7.17174321819287,5.172883822040042,0.6926365070301003
3368,52,441.86538461538464,310.28846153846155,8.682486746985383,7.760405359518568,0.44846608189360554
3369,51,441.5882352941176,389.4901960784314,9.314242526253658,7.185303385355282,0.6363119469662506
3370,103,442.24271844660194,110.10679611650485,11.6994228979175,11.228361023829533,0.2809024830585068
3371,208,442.52403846153845,373.22115384615387,19.949309305727134,14.304470758060772,0.6970310921891765
3372,54,442.3888888888889,531.1851851851852,9.870645712989736,7.265472349572989,0.676906950251017
3373,116,444.13793103448273,57.98275862068966,16.067605168689752,9.755925419453721,0.7945644598772407
3374,46,442.5217391304348,148.65217391304347,8.767629201314985,6.850147399733718,0.624155862621655
3375,82,443.4878048780488,94.95121951219512,13.379740757620894,8.10694596946952,0.7955316487097969
3376,82,443.719512195122,189.90243902439025,12.271715069942676,8.878243784244104,0.690353593265854
3377,93,443.19354838709677,343.7956989247312,12.075183726565657,9.972982194821466,0.5638059580352915
3378,18,443.6111111111111,496.77777777777777,5.412760806053256,4.261315592620488,0.6166057354471535
3379,63,444.0,8.11111111111111,11.938754854454036,7.073224612788525,0.805600490106608
3380,9,443.8888888888889,16.666666666666668,3.885753375057407,2.7954428906961324,0.6945875203623408
3381,39,443.87179487179486,30.128205128205128,7.351063379359722,6.687148025724324,0.41530014054349734
3382,54,443.44444444444446,73.74074074074075,8.768836849693182,8.003545829524631,0.40857209383298265
3383,67,443.7164179104478,66.28358208955224,10.79472116503131,7.929107299972827,0.6785701215401615
3384,44,443.84090909090907,165.3181818181818,9.682852147815883,6.07822783567549,0.7784302238985766
3385,11,444.1818181818182,227.1818181818182,3.8138503569823694,3.6725472503134826,0.26967994498529707
3386,15,444.4,292.6,4.618802153517006,4.026578365477733,0.4898979485566355
3387,73,445.972602739726,383.28767123287673,11.766403087915421,7.906771949802454,0.740570497058884
3388,12,444.1666666666667,424.8333333333333,6.463573143221772,2.3094010767585016,0.9339916624531052
3389,234,444.6752136752137,448.4145299145299,20.69811404607394,14.830281872341718,0.6975829647097199
3390,25,444.24,509.44,5.90586377597421,5.438894470352927,0.3897250889973369
3391,112,444.0357142857143,549.25,17.064208948889863,8.771272537563691,0.8577807330939076
3392,74,445.05405405405406,594.8783783783783,11.563256189206271,8.28264947608485,0.6978023026431428
3393,181,443.9337016574586,238.27624309392266,19.824992472133804,12.306353554417479,0.7840089900377175
3394,51,445.0,271.2352941176471,9.851188197755592,6.623609251174126,0.7402183770681968
3395,45,445.06666666666666,481.75555555555553,8.144343423324905,7.069359450646891,0.49654930845896267
3396,103,444.43689320388347,81.47572815533981,14.769926557248604,8.924135908917817,0.7968251952412276
3397,66,445.1969696969697,248.8030303030303,10.184992497587013,8.427598819077561,0.5615355257353376
3398,36,445.77777777777777,333.8333333333333,7.822480957858512,5.870529162826406,0.6609056948126828
3399,108,445.99074074074076,395.1296296296296,16.27606679889926,8.919650054926526,0.8364636219421911
3400,64,446.125,47.921875,11.017243934129096,7.451354228990568,0.7365936215023033
3401,91,446.46153846153845,180.45054945054946,13.606191361690712,8.71754411903706,0.7677878042260442
3402,80,446.3,411.125,10.816021047213491,9.577248493499312,0.4646989522388362
3403,90,447.03333333333336,141.16666666666666,11.118207823380033,10.516173222259868,0.324599746164429
3404,23,446.39130434782606,475.2173913043478,6.013934515175302,4.820294404911255,0.5979667161426386
3405,46,447.3478260869565,101.65217391304348,10.254633346888484,5.913631654433945,0.8169708296609809
3406,132,447.5151515151515,119.75757575757575,16.92314265272042,10.248262965580542,0.7957868503858058
3407,185,449.28648648648647,256.35135135135135,20.4237203425185,11.92020968834573,0.8120086756792531
3408,63,447.4761904761905,522.0793650793651,10.835858843636943,7.508599981194252,0.7209952581484048
3409,54,448.31481481481484,504.0740740740741,8.894154755566555,7.9324768837045765,0.4522813954985135
3410,55,448.4,87.45454545454545,10.894958571347614,6.623477654602287,0.7939832129550716
3411,88,449.3181818181818,128.11363636363637,14.642594075084107,8.406966360133184,0.8187539160227031
3412,79,448.746835443038,150.56962025316454,15.22126162025151,7.005967745325248,0.8877763403295533
3413,19,448.42105263157896,265.3157894736842,6.1500392196854365,3.874021492851951,0.7766615031450171
3414,40,448.55,327.45,8.5759374839959,5.9307079063627866,0.722326546508163
3415,50,448.86,496.2,8.855125098685619,7.439970395547819,0.5422951414596572
3416,38,448.2105263157895,512.7105263157895,8.050011549361916,6.0948710043195256,0.6532691664695318
3417,90,448.93333333333334,23.7,11.282405490784765,10.193494314586625,0.4286178050463529
3418,36,448.77777777777777,529.7222222222222,7.799269005295855,6.131162701270546,0.6180736794988249
3419,63,449.53968253968253,174.33333333333334,12.039387958542196,6.890020810190861,0.8200513433766378
3420,66,450.72727272727275,33.03030303030303,10.598534494210346,8.437627882251585,0.6051483895725316
3421,72,450.0138888888889,165.93055555555554,12.04444482857484,7.786454882397656,0.7629335937677437
3422,33,450.6666666666667,317.3939393939394,7.775736479283187,5.416432271340202,0.7174779131722514
3423,92,450.5978260869565,487.6195652173913,12.065015586323339,9.822847293859642,0.5806412632829896
3424,78,450.38461538461536,568.6153846153846,10.331747630577746,9.656045350211903,0.35570201412614383
3425,36,450.0833333333333,1.8888888888888888,8.505679063164791,5.558807179124584,0.7568914023179283
3426,32,450.4375,93.15625,7.098908811157875,5.714225117272252,0.5933505841874465
3427,51,450.2156862745098,349.4313725490196,8.431361401655037,7.772141639743702,0.3876339986703744
3428,45,450.35555555555555,369.22222222222223,12.022606697317377,4.9012107150401425,0.9131310131025101
3429,62,449.9032258064516,403.9032258064516,11.100637377074863,7.314944980109046,0.752172539667384
3430,91,450.83516483516485,458.3076923076923,16.112447011668042,7.351457263435404,0.8898467591226911
3431,57,450.6666666666667,227.98245614035088,10.075218122150568,7.379814590221161,0.6807972189124646
3432,46,451.0217391304348,243.5,8.252829781464474,7.2391282825997,0.48018137734415983
3433,39,450.6923076923077,341.53846153846155,7.636188453019336,6.834783605617312,0.4459623519378542
3434,134,450.7761194029851,557.0746268656717,14.399317657266216,11.990353787622183,0.5537200152636599
3435,127,451.496062992126,11.141732283464567,15.177580586705163,11.149507472306082,0.678496384877038
3436,149,451.61073825503354,279.71812080536915,15.306356259503618,12.850442118212305,0.543283365704599
3437,43,452.9767441860465,309.9767441860465,9.246094015224342,6.226677169793692,0.7392431063940379
3438,136,451.6029411764706,213.22794117647058,15.178770222914729,11.902222187367608,0.6205888532778078
3439,78,451.6025641025641,358.06410256410254,11.559266318007374,8.805334805232947,0.6478646027686769
3440,71,452.84507042253523,112.45070422535211,11.833947650789161,7.704916414597229,0.7590040549703395
3441,30,452.6,322.8,7.136166672437371,5.39213549748095,0.6550255595665929
3442,44,452.77272727272725,48.95454545454545,7.85543254362621,7.234760972513034,0.38959038301406335
3443,69,453.4927536231884,396.42028985507244,10.917289967662624,8.201280688084877,0.660052513821794
3444,171,451.8362573099415,467.57894736842104,16.253983613000337,14.789114358577844,0.414879658671356
3445,104,453.3269230769231,537.1346153846154,13.741977982679634,10.042427436424715,0.6826080157847658
3446,57,453.35087719298247,584.5964912280701,9.772246100969596,7.539266589434673,0.6362319621213071
3447,97,453.17525773195877,40.27835051546392,13.32463462714088,9.482556608253509,0.702528071995336
3448,146,453.16438356164383,70.34246575342466,16.192859593076477,11.77076528471608,0.6867318401558437
3449,73,453.4246575342466,104.27397260273973,10.590773246403218,9.012694045786454,0.525173948315311
3450,93,454.19354838709677,133.43010752688173,13.056635266566262,9.185511540526559,0.7106824733954453
3451,77,453.16883116883116,155.35064935064935,12.723402858695037,7.806307068725194,0.7896642239901979
3452,53,453.811320754717,515.6603773584906,9.223704823347127,7.497085313619387,0.5825340608917325
3453,39,453.7435897435897,548.8205128205128,8.444334201012882,5.986967408001372,0.7052162829345378
3454,80,453.1,57.3875,13.305419110385218,7.810462361281558,0.8095770494657213
3455,27,454.81481481481484,345.6666666666667,6.583256481339754,5.274063040920982,0.598486552318198
3456,39,454.7692307692308,529.6153846153846,7.725487885539974,6.615479475124927,0.516447812868973
3457,43,454.4186046511628,82.04651162790698,8.173775988471217,6.86937438377951,0.54194140057622
3458,34,454.5882352941176,96.8529411764706,8.192074994971714,5.308862865418357,0.7615989698417507
3459,26,454.0769230769231,221.19230769230768,6.764883266832604,5.175010442922128,0.64405227163663
3460,22,454.22727272727275,262.22727272727275,5.9696200579570915,4.7272727272727275,0.6106658672991556
3461,49,454.6938775510204,497.7755102040816,9.619587625650224,6.652809088867039,0.7222904471531242
3462,37,455.13513513513516,198.13513513513513,8.665524076692646,5.541001958373837,0.7688487527916403
3463,42,455.1666666666667,236.95238095238096,7.909079284019425,6.915409034370626,0.48527181810147596
3464,126,455.63492063492066,270.1031746031746,14.641478068972038,11.07938826468458,0.6537479003940103
3465,34,455.2647058823529,337.2647058823529,7.85357594143318,5.580139239184067,0.7036748901750531
3466,80,455.3125,577.4375,12.288953489581946,8.4591147368322,0.7253776627870062
3467,67,455.7164179104478,522.3731343283582,11.410685749106324,7.539830665075974,0.7505890698993861
3468,51,457.05882352941177,29.333333333333332,10.5620579397591,6.351006311890509,0.799020435409559
3469,58,456.3965517241379,89.60344827586206,10.489291403645735,7.180762554717961,0.7289374279365581
3470,65,456.61538461538464,166.96923076923076,11.337341233099869,7.608066898360846,0.7414005956559603
3471,64,457.453125,182.4375,12.233319655901889,6.800605410294328,0.8312435429840607
3472,100,456.98,366.22,13.938265697784477,9.70690214939682,0.7176333809520936
3473,184,455.8695652173913,413.9891304347826,19.305202575100104,12.486177023907057,0.7626784636905665
3474,71,456.8732394366197,426.19718309859155,11.054893810054379,8.260391992733439,0.6645814153172384
3475,121,456.6528925619835,448.39669421487605,15.192610749710767,10.30342022014042,0.7348900359577328
3476,98,456.7755102040816,591.8673469387755,12.598725585405672,10.873134318134579,0.5051450512394251
3477,13,457.61538461538464,257.53846153846155,4.907725735659753,3.279400065550629,0.7439711284387782
3478,73,457.54794520547944,16.0,14.053459993816078,6.800316480603223,0.8751293123090123
3479,24,457.375,52.666666666666664,5.8878405775518985,5.225471802196961,0.4608033675980933
3480,24,458.3333333333333,328.125,6.081140986576509,4.932066489508719,0.5849866175853744
3481,118,457.09322033898303,507.73728813559325,13.891200268898634,11.094114196174818,0.6018046689205953
3482,55,456.8545454545455,543.709090909091,9.23160289298686,8.201631802546595,0.45901237187947264
3483,70,458.9142857142857,2.842857142857143,11.818149666462462,7.822411007566487,0.7495938120461553
3484,169,457.9526627218935,379.88757396449705,15.298971865389865,14.121172577804032,0.38476521109203926
3485,74,460.14864864864865,79.33783783783784,13.015992109009057,7.44521881737003,0.8202497976548876
3486,50,459.36,118.5,10.97158744397618,6.14090131488727,0.828688914608729
3487,70,458.5857142857143,146.07142857142858,10.814467449227115,8.307799870457062,0.6401959564010391
3488,14,458.5,321.0,5.606119105813881,3.0237157840738176,0.8420753583206845
3489,17,458.2352941176471,572.5294117647059,5.8708134405647785,3.7162300998566393,0.7741510707769541
3490,56,458.625,352.9107142857143,10.32510872120504,6.980606319595253,0.7368276196440731
3491,50,459.52,472.64,9.290661105697403,7.071323512545691,0.6486091278834363
3492,69,458.8695652173913,490.5652173913044,10.542851618575003,8.766746328335469,0.5554728994194424
3493,27,457.6296296296296,568.1481481481482,7.215906907286086,4.858699040569913,0.7393405095052249
3494,31,459.5806451612903,126.35483870967742,7.394315296490058,5.410174765598999,0.6816624842082712
3495,89,460.2584269662921,175.96629213483146,12.913998135249692,8.977269010769136,0.7188569860085079
3496,126,459.26984126984127,291.8015873015873,14.975057287959444,10.953743410234855,0.6818780470015908
3497,38,459.2894736842105,359.4736842105263,7.506770253098027,6.535874267821016,0.4918783180701624
3498,107,459.6261682242991,242.92523364485982,14.567029616190142,9.685693237399972,0.7469277882952265
3499,37,459.6756756756757,262.64864864864865,8.497749299235288,5.715824766100611,0.7399807231572096
3500,87,460.08045977011494,391.04597701149424,11.882737306348972,9.951430431710312,0.5464840214190239
3501,52,460.65384615384613,101.15384615384616,9.347144321394527,7.28726737646473,0.6262466462140374
3502,80,460.1625,158.4875,11.432583404472565,9.309728067982356,0.5804227109205744
3503,44,460.59090909090907,339.9318181818182,7.657438451359805,7.340592450249582,0.28468050165006437
3504,90,461.31111111111113,46.74444444444445,11.582480662245487,10.046962244911875,0.49756359614075246
3505,75,460.7866666666667,221.08,13.25049244766374,7.660757498443723,0.8159312845928459
3506,130,460.5,230.63076923076923,15.855569098017742,10.711083937236662,0.7373226014759191
3507,34,460.97058823529414,347.61764705882354,7.306497778267987,5.883459034969563,0.5929537122278945
3508,97,461.8041237113402,23.608247422680414,12.478090479769222,9.968559887911047,0.6014837347352051
3509,94,460.29787234042556,209.39361702127658,15.744790170636733,8.123436457257865,0.85662206775405
3510,90,461.56666666666666,401.43333333333334,12.32448374113783,9.369477067287653,0.6496507174948397
3511,69,461.8695652173913,499.8550724637681,11.71855165838388,7.9442274462844535,0.7351367142067813
3512,104,462.75961538461536,110.11538461538461,14.014422567379402,10.250549778124805,0.6819180095892563
3513,55,462.0181818181818,516.9454545454546,10.157985383679652,7.378019223049932,0.6873493029684256
3514,134,464.7686567164179,57.91044776119403,13.992593638925758,12.319091183824842,0.474230283874196
3515,58,461.98275862068965,66.43103448275862,9.735240207654828,7.677066199003,0.614925528977331
3516,74,462.7972972972973,526.1351351351351,11.993483263365631,7.936658285970029,0.749726728064826
3517,76,463.36842105263156,38.21052631578947,11.362603034454477,8.718392389357863,0.6413023167839783
3518,26,463.6923076923077,268.61538461538464,8.268815076309657,4.044802225627975,0.8721921264951129
3519,31,463.7096774193548,275.2258064516129,8.175203735755828,4.889259413712463,0.8014515989472795
3520,85,463.18823529411765,91.6,12.21323973253237,9.940610503053064,0.5809757695271021
3521,80,462.85,250.925,12.586036673560363,8.783033692967003,0.7162541554468699
3522,86,462.4418604651163,282.75581395348837,11.776194169247946,9.851767579548492,0.547839715377837
3523,101,463.25742574257424,563.5346534653465,16.050417586166542,8.197901158167177,0.859723715503829
3524,47,463.4255319148936,576.8510638297872,9.10873122005205,6.747113910233185,0.6718024327527286
3525,61,462.88524590163934,196.31147540983608,12.62156953831015,6.517207918410229,0.856374759314283
3526,93,464.5483870967742,204.25806451612902,16.318769275779683,7.454025326590096,0.889581647886807
3527,73,464.7671232876712,543.027397260274,10.27123241850913,9.241368500093808,0.4364404007830132
3528,158,463.82278481012656,552.9303797468355,16.910489141188542,12.35496641730381,0.6827953947066452
3529,81,465.41975308641975,74.93827160493827,12.846853207282708,8.489894810742781,0.7505144510049463
3530,73,464.4931506849315,190.46575342465752,11.811808330818417,8.10690705953743,0.7272815857419973
3531,105,465.9047619047619,419.03809523809525,14.011653437614743,10.017151217340807,0.6992106423088411
3532,79,465.46835443037975,583.8987341772151,12.177749363783338,8.57008586437335,0.7104481292381262
3533,90,465.3888888888889,593.0444444444445,12.011461620613211,9.703727149952915,0.5893575685817669
3534,161,467.45341614906835,165.5776397515528,18.59166013748608,11.21258717438809,0.7976673387510678
3535,105,466.0857142857143,258.8,11.94602203851891,11.424358135832609,0.29228395147663777
3536,47,465.1914893617021,315.72340425531917,8.208390577621724,7.35157075545574,0.44482685254978427
3537,39,466.2307692307692,394.0769230769231,8.389204571278496,5.875428064853117,0.7137939168615877
3538,155,465.3677419354839,452.1225806451613,17.685391493313176,11.551715034402914,0.7572040863204612
3539,46,466.0652173913044,154.7608695652174,9.092179448837049,6.763179019550308,0.6683513325776294
3540,52,466.13461538461536,218.0,9.262362159049964,7.34293581656526,0.6095190786749343
3541,44,465.52272727272725,359.5,8.582050416406098,7.171544832068131,0.5492703864872737
3542,145,465.9862068965517,465.048275862069,15.726365539879163,12.138556019765426,0.6357922580891534
3543,37,466.2972972972973,508.5945945945946,7.483180493525183,6.346850117519189,0.5297581640721767
3544,134,466.47014925373134,124.35074626865672,16.36300558616356,10.534981817979444,0.7651691844390319
3545,68,466.13235294117646,147.48529411764707,9.766220294518817,9.3485842598823,0.2893059704497091
3546,70,468.1857142857143,384.15714285714284,11.003322975679744,8.765676675220854,0.6044553222596482
3547,129,466.38759689922483,533.4418604651163,15.68762184723117,10.856304179625546,0.7218687877981829
3548,5,467.0,50.2,3.335641688875783,2.0575457524521585,0.787091262435293
3549,18,466.72222222222223,184.77777777777777,5.64995362482042,4.300904221649018,0.6484840594170026
3550,146,467.36986301369865,331.9657534246575,15.467302587355778,12.674273108261492,0.5731883876658476
3551,102,469.97058823529414,84.7843137254902,12.962295184266955,10.320603241494558,0.60503110189552
3552,49,467.6734693877551,97.79591836734694,10.003319694176197,6.472077012214984,0.7624960080548006
3553,108,467.99074074074076,409.537037037037,12.535226094473673,11.070162187078282,0.46913916153756535
3554,26,467.84615384615387,226.76923076923077,7.356365189379466,4.5782981857245915,0.7827321356159628
3555,39,467.6666666666667,240.10256410256412,7.458905230677243,6.858135991304491,0.39319265129498443
3556,24,467.6666666666667,341.7916666666667,6.341725099006881,4.828074206803778,0.64837779520896
3557,159,468.0314465408805,429.57232704402514,14.664057559895026,13.888522301998066,0.32089968751684056
3558,143,469.0,490.34965034965035,16.372317794663065,11.445440889951879,0.7150505707881226
3559,84,466.85714285714283,572.25,15.955028042203017,6.949893938093349,0.9001438713229479
3560,91,468.4725274725275,31.252747252747252,11.543243720253264,10.390433486626037,0.4356189562683011
3561,42,467.92857142857144,353.14285714285717,7.859117057894014,6.81157429501006,0.498812597617651
3562,32,468.25,293.78125,8.157972299346476,5.116821568424638,0.7788442889235399
3563,67,468.7761194029851,500.14925373134326,10.053739825093542,8.753833446124316,0.4918070800093975
3564,31,469.19354838709677,558.3548387096774,7.30485636353577,5.497151815865645,0.6585535492413633
3565,35,469.62857142857143,212.62857142857143,7.096808596138901,6.348726498907656,0.44688994563796147
3566,35,469.1142857142857,246.25714285714287,6.8580313391333,6.670867063280102,0.23202951457905283
3567,115,469.2086956521739,367.2695652173913,14.090850229505108,10.801235678041882,0.642193571342687
3568,76,469.2236842105263,474.86842105263156,11.284908635254935,8.83739727275811,0.6218751238252972
3569,87,473.18390804597703,198.89655172413794,14.75133414092467,8.314688056830308,0.8260091675312462
3570,68,470.97058823529414,66.92647058823529,9.948234005101986,8.73077383775517,0.47935613539937183
3571,37,470.43243243243245,109.27027027027027,7.7204287224153765,6.1877567142200585,0.5980237491523999
3572,28,470.42857142857144,116.28571428571429,6.467260387777846,5.62529384403887,0.49338517082967565
3573,110,470.1727272727273,518.5363636363636,14.471264749821733,10.341987788457304,0.6994752713366538
3574,66,470.6818181818182,102.95454545454545,11.588385202873342,7.487084601354702,0.763265266081849
3575,59,471.06779661016947,234.16949152542372,9.665753469557593,8.025765452653884,0.5572719504838947
3576,130,471.4846153846154,268.4923076923077,14.461816797649313,12.161302357460377,0.5411517835977575
3577,129,470.93798449612405,281.2248062015504,18.125442533000996,9.906214044133332,0.8374353512187731
3578,35,471.74285714285713,590.7142857142857,8.59077859364905,5.2541288615408686,0.7911663573466486
3579,42,472.4047619047619,153.35714285714286,8.681725088159816,6.169340002753955,0.7035838700821503
3580,84,471.2857142857143,176.1547619047619,12.931771500454445,8.442180976908888,0.7575089420710918
3581,67,472.86567164179104,223.16417910447763,10.093351646633677,8.855461350594483,0.4798402559334426
3582,28,472.2142857142857,337.7857142857143,7.1411192737443185,5.024869498538354,0.7105438441638052
3583,67,472.7761194029851,377.07462686567163,9.313647339472729,9.155740972215249,0.18336071253945055
3584,48,472.5,539.5416666666666,9.226928113872281,6.7455679131057735,0.682298102358078
3585,63,473.4920634920635,569.4126984126984,11.633473551736035,7.021484529506937,0.797318542805005
3586,50,473.22,92.68,8.889607820931412,7.166733760231023,0.5916535350982359
3587,85,475.22352941176473,191.25882352941176,13.658970548626332,8.434317628781665,0.7865764374139802
3588,43,472.8139534883721,397.1162790697674,9.270695331552844,6.219277360100232,0.7415900036899125
3589,44,473.02272727272725,547.0227272727273,7.97918991751663,7.106181641106518,0.4548083025245025
3590,63,473.73015873015873,53.507936507936506,10.55478866467159,7.6012897463681846,0.6937929635617625
3591,74,474.0810810810811,74.70270270270271,11.040592882566322,8.639444754175294,0.6226300009293652
3592,31,473.5483870967742,241.80645161290323,6.48966335266817,6.218262440524155,0.2861678350294646
3593,37,474.0,126.08108108108108,8.56125463809102,5.628571207286772,0.7535007881219993
3594,25,474.8,169.32,7.358818394761555,4.583600313391098,0.7823239389697111
3595,85,474.29411764705884,303.7176470588235,16.167629112526782,6.998814829539698,0.901446459715109
3596,83,474.30120481927713,581.3253012048193,11.755033120043127,9.071324638982576,0.6359902744541391
3597,91,475.04395604395603,297.25274725274727,16.060285663763942,7.359148634183903,0.8888386651627581
3598,45,474.7111111111111,359.2,7.974513335408181,7.292968118467086,0.40450775218768037
3599,26,474.88461538461536,478.61538461538464,6.878396539832196,5.199120724420298,0.6547306029562847
3600,50,474.36,525.94,10.080450793316679,6.5186894237661885,0.7627728956083385
3601,49,475.7959183673469,119.87755102040816,9.283694795207442,7.0745727112006325,0.6475266647946993
3602,68,476.02941176470586,204.66176470588235,11.640535066609777,7.503380006978061,0.7645278937691775
3603,107,475.5514018691589,310.4485981308411,15.81562024373018,9.10306100093523,0.817749646017664
3604,83,475.4096385542169,343.6144578313253,11.012703679971967,9.74466101686316,0.4658639308911514
3605,109,475.4770642201835,457.23853211009174,13.834898628641383,10.359045785085748,0.662838992773927
3606,55,474.92727272727274,182.70909090909092,10.952907755251953,6.6205360549848855,0.7966395500089702
3607,51,475.6666666666667,391.54901960784315,8.43498434585479,7.662968684913262,0.41794015768288195
3608,14,475.64285714285717,406.2142857142857,4.742873420478221,3.6860255520522984,0.629288982059086
3609,40,475.525,420.4,8.683212303640772,5.901849209349684,0.7335041187368114
3610,24,476.5833333333333,498.25,6.8040719915626555,4.682608947569167,0.7255145295635574
3611,72,476.05555555555554,20.40277777777778,14.71309848238532,6.715794334362683,0.8897490457911669
3612,77,475.06493506493507,147.02597402597402,13.73870891204686,7.410119956341411,0.8420748254790655
3613,25,476.32,158.84,5.848917438541653,5.504740211592493,0.3379741401904116
3614,119,478.1344537815126,217.0672268907563,15.897626403237503,10.277480597474037,0.7629318355421832
3615,105,476.55238095238093,288.56190476190477,13.197924090824145,10.288924395957212,0.6262944811936931
3616,109,475.8807339449541,323.27522935779814,13.12301542642751,11.130504977804563,0.5297293758007774
3617,7,475.2857142857143,437.14285714285717,3.5820700954176696,2.4713456540351717,0.7238845965239822
3618,149,477.9731543624161,505.91946308724835,17.306100958758655,11.407389093348222,0.752007808211872
3619,62,475.16129032258067,512.983870967742,12.761993044994936,6.744281403266918,0.8489543699774571
3620,99,475.8686868686869,559.10101010101,14.141805134395867,9.244955304185272,0.7567258638463948
3621,147,476.2721088435374,138.64625850340136,16.5009423889434,11.688186883493874,0.7058769205269361
3622,81,477.74074074074076,229.50617283950618,11.52171345256771,9.550450286484384,0.5593836901929915
3623,10,475.8,334.0,3.9191835884530852,3.0983866769659336,0.6123724356957946
3624,60,478.1166666666667,429.25,12.130190184497167,6.401096909396401,0.849431043264006
3625,33,475.90909090909093,596.3636363636364,8.827905618252522,4.805504737658191,0.8388556763066104
3626,97,477.02061855670104,5.247422680412371,11.817932271556863,11.482379216134328,0.23660284670817006
3627,43,478.1162790697674,238.06976744186048,8.015907354766416,6.915425454366616,0.5056942910754085
3628,120,477.76666666666665,247.325,18.248981641044058,8.64177207639686,0.8807679146539523
3629,19,478.1578947368421,154.31578947368422,5.84502823813456,4.110208831745895,0.7109946380280647
3630,119,478.03361344537814,467.47899159663865,15.576579323349184,9.981520495474285,0.7677052640249292
3631,55,478.05454545454546,164.4909090909091,8.942324490657963,8.030877784715381,0.43984241617198033
3632,51,479.4901960784314,316.15686274509807,10.697240936790227,6.355272615075148,0.8043883078859164
3633,64,479.140625,529.78125,11.84681431159006,7.05839637713163,0.803128807431315
3634,106,479.6509433962264,102.69811320754717,14.58784677306486,9.489534187695979,0.7594980424569835
3635,72,480.8611111111111,128.84722222222223,11.844228871187271,8.254892778989497,0.717115007784204
3636,221,479.26244343891403,446.1628959276018,18.550691851604036,15.729946548153872,0.5300859288899544
3637,53,480.0,91.41509433962264,8.942042728565289,7.533572657188094,0.5387135425731403
3638,35,480.51428571428573,517.3142857142857,8.319957187819833,5.528658742849473,0.7472832205801628
3639,43,480.0,536.4883720930233,8.41898575076296,6.577085257212394,0.6242550319264841
3640,69,478.6666666666667,589.8695652173913,10.096935329517624,8.794045757605966,0.4913505946920944
3641,130,480.7692307692308,114.13846153846154,18.325411081114517,9.242320711818978,0.8635025200000286
3642,30,480.8333333333333,581.6,7.500045361346722,5.158637591454135,0.7258867998662959
3643,40,480.4,38.175,9.658374366610083,5.297716922827158,0.8361438589436987
3644,172,481.3837209302326,488.3313953488372,17.058999562021057,13.497400692425524,0.6115331995460315
3645,68,479.8529411764706,543.3088235294117,10.406964401736115,8.633018126680803,0.5584437505428632
3646,34,482.1764705882353,157.5,7.1459138348480975,6.016838991620578,0.5394819931627577
3647,69,481.57971014492756,209.7246376811594,9.938501865863689,9.144477883853956,0.3916688032164889
3648,146,480.94520547945206,254.64383561643837,19.241422219426816,9.978997635587113,0.855004496751723
3649,50,481.48,575.8,10.926435260927088,5.862304366780117,0.8438845022761672
3650,77,482.1168831168831,21.584415584415584,13.191720709129475,8.143784559108656,0.7866960048468356
3651,151,481.4834437086093,266.44370860927154,15.872547637827152,12.629482765471964,0.6057160455708154
3652,33,482.0,436.4848484848485,7.057599090150948,6.130298637265376,0.49549700841400274
3653,76,482.0131578947368,477.4868421052632,11.170854356627796,8.720583583680778,0.62496218478593
3654,37,482.56756756756755,150.54054054054055,8.101974282327605,5.825319374793857,0.6950100890050313
3655,83,482.33734939759034,182.50602409638554,11.03178323419008,9.797774056913633,0.45957193013322767
3656,54,482.7037037037037,328.1111111111111,9.191495036258502,7.990003137482567,0.4943161293681039
3657,48,482.125,417.875,8.717057434871462,7.083754396068431,0.5827780395365622
3658,97,484.9896907216495,522.3917525773196,12.70452849269308,10.57197237741495,0.5545625388625895
3659,31,482.7741935483871,196.09677419354838,6.842773253560451,5.9852900227251284,0.4846868257807679
3660,53,482.0943396226415,386.3207547169811,11.024165882339888,6.204075314462066,0.8266131909894603
3661,60,482.7,30.95,9.219860403436893,8.369438898425022,0.419485584394466
3662,18,483.05555555555554,234.22222222222223,5.033222956847167,4.575835618216445,0.41652044217833617
3663,109,482.6238532110092,279.95412844036696,12.876821853119294,11.095916683698293,0.5074234505084824
3664,102,482.6666666666667,335.7843137254902,14.04744425422662,9.554290028274615,0.7330781984700335
3665,70,482.5285714285714,378.4714285714286,10.776795393823768,8.263879321954192,0.6418603097462607
3666,111,484.05405405405406,400.3873873873874,17.687653177918172,8.192282112661374,0.8862726545693992
3667,141,483.49645390070924,567.7872340425532,15.638823426676819,11.569426397187637,0.6728391584891892
3668,52,483.9807692307692,122.88461538461539,8.866335000645043,7.581349553528474,0.5185102574497709
3669,30,484.3666666666667,162.93333333333334,6.648695590133646,5.930651290331878,0.45203099715436157
3670,117,482.8888888888889,171.52136752136752,17.293552807032636,8.749700288565641,0.8625618837263507
3671,20,484.0,320.4,6.113000619480415,4.203715431167062,0.7260252092870444
3672,65,483.5230769230769,392.66153846153844,11.57080036125618,7.373429770053984,0.7706616315695816
3673,102,484.6470588235294,54.40196078431372,12.596465759712338,10.314934321125428,0.5739715057733226
3674,55,483.5090909090909,427.58181818181816,12.435772772131221,5.9945003877523195,0.8761509585198194
3675,71,486.80281690140845,203.01408450704224,13.116331025154942,7.180664299902439,0.8368319658032419
3676,144,485.6666666666667,346.4583333333333,14.527874521551897,13.174966822536295,0.42139964107034555
3677,20,485.25,92.0,6.344450811066836,4.141007595495735,0.7576185641032736
3678,18,485.44444444444446,422.55555555555554,5.334348140325254,4.509418296698436,0.5342048197273574
3679,55,484.23636363636365,556.7818181818182,8.92319726405117,8.0652517706529,0.42784476308332486
3680,82,485.9268292682927,585.3658536585366,13.850022822717381,7.821069896007744,0.8252981328273086
3681,120,485.85,410.05,15.568380114595966,9.887308730933116,0.7724388762092887
3682,39,485.84615384615387,513.3589743589744,7.901914391428157,6.5273600150789255,0.5635998754808454
3683,33,486.54545454545456,1.7272727272727273,8.434151499766077,5.021723365427795,0.8034268268644974
3684,26,486.7692307692308,434.0769230769231,6.1214542563413366,5.523054331478849,0.4312228240539999
3685,74,486.55405405405406,67.24324324324324,12.032571766390271,8.084486747067626,0.7406568215353571
3686,76,485.57894736842104,293.0,12.080984320616453,8.696798570718164,0.6941037288555474
3687,30,486.73333333333335,455.3,8.310202227862222,4.657906663683735,0.8281513035086524
3688,91,486.95604395604397,469.7692307692308,11.121624742110612,10.611940969293261,0.29925930181601723
3689,74,486.9864864864865,532.5405405405405,10.505908123355002,9.216725418898948,0.4799611546123578
3690,84,486.6190476190476,549.7142857142857,12.45053980524363,8.784387540047144,0.7086674047897641
3691,82,486.4512195121951,595.7560975609756,12.496576006323094,8.50921128870976,0.7323546233421947
3692,37,487.4054054054054,147.3783783783784,8.44854088925611,5.678231902961461,0.7404638745645975
3693,44,488.20454545454544,176.1818181818182,9.443591109585137,6.10381876237247,0.7630452295529776
3694,120,487.8833333333333,301.78333333333336,15.694949838378312,10.101138253446148,0.7653690754473129
3695,12,487.0,383.1666666666667,4.320493798938574,3.590109871423003,0.5563486402641867
3696,82,487.5731707317073,14.024390243902438,11.481163464064254,9.249384774457335,0.5924409322554215
3697,52,487.78846153846155,36.03846153846154,9.500854742334486,7.384617507569884,0.6291817299378122
3698,54,487.8333333333333,86.87037037037037,9.894571480490372,6.995691879616415,0.7071903233088135
3699,118,488.3135593220339,106.64406779661017,13.704559603758254,11.321579019576365,0.5634976261320285
3700,31,487.61290322580646,153.38709677419354,6.842360559258245,5.747369664856796,0.5426346349837301
3701,35,488.1142857142857,210.0857142857143,7.250615737399726,6.316806219627647,0.4909111822110754
3702,45,488.02222222222224,272.24444444444447,9.383360150096646,6.356950833419788,0.7355498330449309
3703,105,487.84761904761905,500.3333333333333,14.6839706440682,9.384043931086458,0.7691509086417533
3704,47,488.6595744680851,26.361702127659573,8.280639412159182,7.333580006742516,0.464392156990058
3705,64,488.21875,220.265625,9.758511346033952,8.403982690327643,0.5082744388236468
3706,30,488.23333333333335,259.1,8.056653368073086,4.972513656318318,0.7868114450644746
3707,124,488.6693548387097,357.6532258064516,14.714262886197368,10.857335162044764,0.6749337942662448
3708,72,488.1388888888889,461.0416666666667,11.707907076139835,8.03669659396125,0.7271928260864587
3709,88,488.8863636363636,6.295454545454546,15.919577519119596,7.666937305456453,0.8763887715945976
3710,23,489.1304347826087,20.82608695652174,5.879028735726314,5.020220770807024,0.5204041439252234
3711,40,488.8,80.525,8.24741242935465,6.2713784944082605,0.6494484909273794
3712,29,489.2758620689655,126.51724137931035,6.6048614416701605,5.65517791083216,0.5166205460380457
3713,104,488.25,191.0,15.7448288153567,8.558867432608096,0.8393452956849219
3714,27,489.4074074074074,418.74074074074076,6.025659376849023,5.679488253754414,0.33406370115253947
3715,40,489.45,448.425,8.308981830372852,6.231438111907541,0.6614785280046476
3716,110,489.3181818181818,137.4909090909091,14.409375557347916,9.915259723585022,0.7256047865020889
3717,35,489.48571428571427,198.25714285714287,7.607324574059821,6.0032338707182,0.6142150972043152
3718,36,489.0833333333333,441.19444444444446,8.05679084346671,5.900552208595341,0.6809068429823539
3719,138,492.1666666666667,541.4202898550725,18.54416169954209,9.59935796011636,0.8555933637327939
3720,82,491.0731707317073,560.9512195121952,11.46284670870832,9.45290739622671,0.5656343185046108
3721,167,490.64071856287427,311.7305389221557,16.620831821162298,12.911255226143695,0.6297330492029638
3722,106,490.92452830188677,322.5943396226415,14.28747854670256,10.030730471263098,0.712113430000244
3723,31,490.5483870967742,331.5483870967742,6.970994021807009,5.801112051736005,0.5545076881839605
3724,66,490.6515151515151,377.8939393939394,9.347024866964967,9.06346738859908,0.24444426640043296
3725,45,491.02222222222224,402.93333333333334,7.850018498130724,7.410831225682359,0.3297946078912699
3726,80,491.2,427.325,12.642473552251548,8.163201729751638,0.763594098710628
3727,90,490.7111111111111,492.6,11.92640457784453,10.41361334894721,0.4874406225364193
3728,45,490.24444444444447,576.5555555555555,8.103036246851309,7.124436378105334,0.4763966607518333
3729,5,489.6,586.2,3.098386676965933,1.7888543819998317,0.816496580927726
3730,24,491.7916666666667,31.416666666666668,6.473175448118296,4.826224617889533,0.6664240035162746
3731,164,490.4756097560976,43.896341463414636,18.605157361665746,11.434152817768702,0.7888630763819386
3732,27,491.18518518518516,60.111111111111114,6.974189195321701,4.908761436467335,0.7103517038137136
3733,109,491.58715596330273,96.13761467889908,12.981513618857683,11.152437477620758,0.5118052933582937
3734,29,491.1034482758621,143.93103448275863,7.5599449480843814,4.980642962520228,0.7523006061764465
3735,95,491.69473684210527,160.09473684210528,13.095750575253891,9.554464865454117,0.6838900060392612
3736,61,490.7049180327869,183.13114754098362,10.315988523941115,7.765658676427872,0.6582734242033762
3737,61,491.57377049180326,281.42622950819674,10.583028666186053,7.576221222201663,0.6982192020393301
3738,81,491.5061728395062,509.320987654321,11.467189327521442,9.430191098279368,0.5689633175174317
3739,45,492.4,214.48888888888888,7.8927682045542715,7.701948619558102,0.2185600953263879
3740,74,492.2027027027027,386.4864864864865,10.721277870069148,8.783542655320511,0.5734184244639435
3741,41,492.7560975609756,66.78048780487805,8.382134253261565,6.387294349571527,0.6475618541506245
3742,22,492.3636363636364,268.45454545454544,6.1163688105001555,4.756373663325936,0.628701599368826
3743,89,492.0449438202247,289.8876404494382,14.635118406367186,7.924170526207676,0.8407335833582315
3744,12,492.1666666666667,392.8333333333333,4.854930889924544,3.1949059190896785,0.7529528759900531
3745,31,492.6774193548387,568.9354838709677,7.103199586472353,5.787092995016581,0.579859667141409
3746,79,492.7721518987342,120.15189873417721,11.418360582455273,8.891239805466698,0.6274222773793589
3747,39,493.3076923076923,131.43589743589743,10.143120477163071,5.007497319541574,0.8696413099033449
3748,30,493.43333333333334,153.33333333333334,6.9444254414400115,5.543109813037424,0.6023792826533625
3749,36,492.5,591.5,9.452266561654511,4.852169178451725,0.858188949065058
3750,30,493.3333333333333,274.1,6.64921913790411,5.772068411325233,0.49642057739174456
3751,59,493.8813559322034,76.55932203389831,9.67014612948562,7.89571648162893,0.577339267021874
3752,73,493.56164383561645,262.16438356164383,10.819137508449163,8.63179630255979,0.6028869101879236
3753,53,492.54716981132077,340.22641509433964,10.32181345532853,6.9824988229793234,0.7364611407873523
3754,24,494.1666666666667,148.5,5.954511741477062,5.300881575376625,0.4555124228755271
3755,32,495.5625,326.59375,7.858152632802318,5.2006069068505845,0.7496712834620626
3756,44,494.9318181818182,20.863636363636363,8.009348271918107,7.072757169458791,0.4692549057893397
3757,28,495.14285714285717,27.25,6.31040032724245,5.706715588846109,0.42682348952070387
3758,29,494.3448275862069,50.724137931034484,8.107309837016409,4.882733584190256,0.7982976600596197
3759,28,495.10714285714283,127.0,6.678750907973367,5.378187292586873,0.5929104041176168
3760,90,495.0777777777778,167.56666666666666,14.519047067695258,8.162681606646297,0.8269978717601519
3761,84,494.67857142857144,453.3333333333333,11.989296245820844,9.032598811503998,0.6575755890842988
3762,112,494.79464285714283,519.2053571428571,15.05962697777979,10.56278520128543,0.712770300674756
3763,31,495.35483870967744,34.903225806451616,7.230544430270737,5.588580725547401,0.6345121916953878
3764,60,494.7,55.71666666666667,12.5305054241917,6.239283295100854,0.8672186577404715
3765,55,495.4909090909091,84.85454545454546,8.763755477745097,8.010358676403943,0.4056406141198898
3766,77,497.8961038961039,115.02597402597402,14.608953545897915,7.434923561815027,0.8608083602619607
3767,53,495.1509433962264,206.83018867924528,8.917270626888367,7.74814341381642,0.4950020432236984
3768,24,495.25,597.625,7.048050856777224,4.443157186837811,0.7762628720492084
3769,61,496.1967213114754,13.508196721311476,9.589756887563402,8.325739535418506,0.49623037417813304
3770,114,497.42105263157896,550.6140350877193,14.462453734672993,10.848388806541609,0.6613164011536782
3771,107,495.69158878504675,587.2523364485982,18.28126606845574,8.148302846446958,0.895173059432479
3772,20,496.5,180.0,5.656854249492381,4.47213595499958,0.6123724356957945
3773,74,496.7567567567568,197.56756756756758,10.983912907718196,8.795508048859984,0.5989816822473962
3774,48,496.3125,471.4375,8.715892649592323,7.07636078697583,0.5838080922551844
3775,121,496.6611570247934,532.1322314049587,13.696377257382066,11.37395423271472,0.5571151806881546
3776,31,497.4516129032258,91.90322580645162,7.340109756556332,5.376172040257976,0.6808342152663742
3777,54,497.55555555555554,186.72222222222223,9.128159808606263,7.6390909704116154,0.5474003651824536
3778,51,497.5882352941176,280.3529411764706,10.528130417402215,6.254538690254922,0.8044068770815764
3779,61,498.08196721311475,346.57377049180326,11.769589415106026,7.410906686116894,0.7768662136499906
3780,82,497.7560975609756,462.2073170731707,12.070575640607343,8.789031190102419,0.6854317585615434
3781,57,497.7543859649123,173.24561403508773,11.300846737566971,6.492295169106704,0.8185071455071601
3782,102,497.87254901960785,443.7549019607843,12.61965984197289,10.51579479557412,0.5528410835137209
3783,68,497.6470588235294,578.6176470588235,12.42730839647072,7.182114400695877,0.8160863370997808
3784,18,497.94444444444446,211.44444444444446,5.3903892081831195,4.289579735563818,0.6055819705981726
3785,13,498.38461538461536,428.15384615384613,5.662493079343035,2.875331819658001,0.8614835440852888
3786,66,498.45454545454544,502.1212121212121,10.320896039370803,8.238788485370119,0.6023091645822767
3787,42,498.8095238095238,510.2142857142857,8.089822155279387,6.69765872310871,0.5608584077879217
3788,34,498.6470588235294,7.794117647058823,7.797101768131252,5.662449602892178,0.6874571742908194
3789,87,499.2183908045977,64.51724137931035,12.470644798705704,9.106785391674629,0.6831717017484082
3790,85,499.2352941176471,270.4117647058824,13.14954430456144,8.582282595427266,0.7576443079622966
3791,145,499.4206896551724,333.55172413793105,15.35166551534425,12.256602177580573,0.60214190156709
3792,105,499.06666666666666,434.5238095238095,13.85743064093014,9.833180290522227,0.7046085551208641
3793,33,499.8787878787879,149.9090909090909,8.07357246419803,5.293947089165358,0.7550101675693794
3794,118,498.02542372881356,355.20338983050846,15.495978637887674,10.02449804334822,0.7625666599648668
3795,36,499.75,1.5555555555555556,10.473850074552328,4.361978871742574,0.9091523225026457
3796,21,499.6190476190476,111.0,6.031754185975989,4.381861234666205,0.6872029525603175
3797,19,500.63157894736844,161.0,5.49275196357403,4.361920651150207,0.607757077802168
3798,117,499.70940170940173,403.2649572649573,13.523643950635295,11.152589319974021,0.5656092269619105
3799,90,499.94444444444446,559.2111111111111,11.640016253740823,10.375869293122289,0.4532243920377144
3800,102,503.04901960784315,137.77450980392157,17.2568886653971,8.000904964381625,0.8860260660911742
3801,54,500.01851851851853,288.98148148148147,9.880603600412837,7.148666959325336,0.6903190496332657
3802,50,501.62,38.1,9.553602314565543,6.718503018911869,0.7109496609427337
3803,48,500.1875,99.14583333333333,8.744035575126208,7.5258929093596265,0.5091315185050915
3804,59,501.23728813559325,155.47457627118644,10.824207462450577,7.051376502133416,0.7586958093444315
3805,34,501.05882352941177,203.05882352941177,7.088704443695371,6.173340335801114,0.49151334686336345
3806,73,500.8904109589041,216.78082191780823,11.408525091864274,8.186681922208031,0.6964623184474705
3807,12,500.5833333333333,598.1666666666666,5.176698236986772,2.9404489126020366,0.8230173129766362
3808,79,501.4810126582278,22.49367088607595,12.492543789289675,8.16170844536775,0.757076375001576
3809,54,501.462962962963,31.814814814814813,10.432306471908467,6.672500497063281,0.7687081200393336
3810,51,501.8627450980392,128.33333333333334,10.975196527042705,6.171977954076623,0.8268945942882695
3811,63,501.1904761904762,388.1904761904762,10.348092073803267,7.803771513987375,0.6567290674113098
3812,59,501.35593220338984,105.88135593220339,10.136298005095705,7.703390125847711,0.6499457244369317
3813,16,501.5,221.875,6.324555320336759,3.122498999199199,0.8696263565463043
3814,203,502.2610837438424,490.90147783251234,18.002667797824543,14.493684063607901,0.5931589862023693
3815,128,502.5703125,48.6875,15.034631725261734,10.900378311015329,0.688729939729763
3816,87,501.3333333333333,144.39080459770116,15.355480447953601,7.402188081813145,0.8761408872214685
3817,75,502.4266666666667,227.49333333333334,10.656180089954141,9.13084901135939,0.515550015572525
3818,58,504.3448275862069,207.6551724137931,12.305165691463928,6.2437808900254055,0.8617039567888561
3819,70,503.12857142857143,469.5285714285714,10.51394232359189,8.521034985513582,0.585806443835352
3820,123,503.5609756097561,522.5447154471544,13.565445561582962,12.146171544947965,0.44531134451532456
3821,108,503.31481481481484,74.55555555555556,12.65820078871554,10.970736457353443,0.4988470576880129
3822,73,503.13698630136986,88.82191780821918,11.492549563563506,8.22566675193181,0.6983677983413193
3823,54,502.35185185185185,122.20370370370371,10.353354011519773,6.783449990317045,0.7554611244932794
3824,50,503.4,343.46,9.91955540492845,6.715416634026125,0.7359943639812211
3825,87,504.0574712643678,455.08045977011494,12.708814856273168,8.96396039267007,0.7088750369692939
3826,48,502.75,565.3333333333334,10.850915857218506,5.956496225280949,0.8358620911668204
3827,27,504.2962962962963,132.92592592592592,6.3316655263542465,5.542007988111544,0.48360856002957525
3828,68,503.7647058823529,577.25,13.16165324621958,6.664419137643925,0.8623273422219194
3829,137,504.6569343065693,176.84671532846716,17.02171106079638,10.454041320323588,0.7891821171867537
3830,63,503.25396825396825,189.04761904761904,13.488685656598696,6.421919366351436,0.8793929083282053
3831,34,504.7647058823529,198.7058823529412,7.8886243149698645,5.6124602647586395,0.7027240790548147
3832,104,504.83653846153845,281.9807692307692,15.909953170352312,8.547241822946061,0.8434382820983835
3833,119,504.30252100840335,591.0168067226891,16.915070885848145,9.26952852876037,0.8364756331789378
3834,52,505.0769230769231,266.5576923076923,9.828051765346867,6.852282626679022,0.716860348103233
3835,23,505.0869565217391,352.7391304347826,6.10955270134929,4.906346051180518,0.5958962662289919
3836,34,504.6470588235294,362.2352941176471,6.875971131489258,6.339958157735183,0.38708153917627414
3837,28,505.60714285714283,112.10714285714286,6.539041073734755,5.478727228115254,0.5459024762389723
3838,45,505.02222222222224,14.466666666666667,9.452792271700124,6.047693346334309,0.7685593401328372
3839,62,506.0483870967742,97.85483870967742,11.681457692807315,7.287277973334274,0.7815577240814978
3840,43,506.2093023255814,569.6744186046511,9.249070986149086,5.9970568866323095,0.7613035874028048
3841,40,507.125,193.7,7.5945260651440325,6.770020224921628,0.45315017048411543
3842,31,507.0,212.0,7.184212081070996,5.564866749122019,0.6324555320336758
3843,74,507.35135135135135,448.05405405405406,11.859428341931636,8.029145703748698,0.7359587598840841
3844,32,506.6875,481.46875,7.488951071014713,5.416409036986367,0.6905827792024687
3845,39,507.43589743589746,4.3076923076923075,8.250452395893412,6.274961128942315,0.6492680720743692
3846,169,507.4260355029586,506.03550295857985,18.732309184610642,11.951529071548014,0.7700223940738635
3847,10,507.7,598.2,5.984461215054327,2.916543153377041,0.8732052306105036
3848,29,508.0344827586207,22.724137931034484,6.674789379839628,5.7538782913041855,0.5068548104775265
3849,56,508.05357142857144,28.892857142857142,9.423875723936264,7.807750924758682,0.5599780903127771
3850,9,507.1111111111111,34.888888888888886,4.0171906061502325,2.8906758369544234,0.6944132079458367
3851,83,508.06024096385545,531.2650602409639,12.470906477686224,8.537252402824349,0.7289438177038592
3852,57,507.0,547.8070175438596,10.26661046722088,7.291003264101953,0.7040337216116433
3853,44,508.79545454545456,116.8409090909091,8.102270536730346,6.993939921153577,0.5048494594347531
3854,82,508.5243902439024,315.0853658536585,12.60827577469075,8.724951505708948,0.7218956240566026
3855,60,508.55,554.4666666666667,10.612704287092978,7.508621484907015,0.7067007782264306
3856,28,509.4642857142857,201.92857142857142,7.548085797573264,5.297850235614764,0.7122952388272215
3857,77,508.6363636363636,245.06493506493507,10.637343272218237,9.251963335540712,0.4934703847464609
3858,58,509.32758620689657,273.62068965517244,9.916582878523117,7.574067399630344,0.6454790734104109
3859,54,509.1296296296296,348.27777777777777,9.044152744491921,7.676072824123038,0.5288212665393803
3860,5,508.8,416.4,3.098386676965933,1.7888543819998317,0.816496580927726
3861,28,509.4642857142857,123.07142857142857,6.382548569922608,5.832510248031735,0.40611602533840013
3862,16,509.6875,392.125,4.712429170543843,4.3566628642353615,0.381170670721425
3863,138,508.963768115942,539.8768115942029,17.485690299520932,10.230028899860578,0.8109961600927168
3864,47,510.2340425531915,42.97872340425532,8.744140682591368,6.923362023181904,0.6108173017506054
3865,160,508.775,60.575,16.003543579493762,13.31114543903882,0.5551318304236281
3866,61,509.8032786885246,107.19672131147541,9.917511713840044,7.905880424161995,0.6037632157415705
3867,32,510.34375,188.03125,6.651894833471745,6.391091074646949,0.2772681989021656
3868,77,509.4155844155844,339.961038961039,13.304771280380704,7.4859577287328865,0.8266937734723195
3869,73,509.8904109589041,357.26027397260276,10.249852257979525,9.267344279344549,0.42722745607689133
3870,125,512.296,90.896,17.17905231689813,9.493221239035622,0.833443633867982
3871,75,510.58666666666664,130.14666666666668,10.161970290963104,9.460268015056148,0.3651512524260427
3872,69,510.231884057971,237.63768115942028,12.435391315616782,7.1319063654918144,0.8191937689586373
3873,86,510.3488372093023,330.56976744186045,11.783937544792666,9.471989695444936,0.5948926621797566
3874,20,510.7,591.1,5.531194495739182,4.879127734575574,0.4710415176572699
3875,52,511.1923076923077,17.134615384615383,10.61299283312911,6.704048387411509,0.7752267026009012
3876,63,511.23809523809524,79.01587301587301,9.783931858356281,8.303668963642403,0.5288670251525829
3877,55,510.6363636363636,518.3636363636364,9.260237674419685,7.828749614549431,0.534108998439793
3878,89,511.685393258427,576.056179775281,11.70933775695651,9.882396802984292,0.536381374072992
3879,54,511.72222222222223,69.81481481481481,9.2329597132049,7.722425581044742,0.5481231722453772
3880,70,511.15714285714284,253.17142857142858,13.02861430339056,7.41551773047829,0.822218734687916
3881,65,511.4153846153846,584.8461538461538,9.95101947427865,8.419261071178234,0.5330714875391561
3882,71,511.8169014084507,50.647887323943664,10.643754188181557,8.780191930612997,0.5652568698253747
3883,58,511.7068965517241,181.29310344827587,9.868683398938797,7.807908045235512,0.6115829529592273
3884,93,511.1290322580645,217.752688172043,13.063623530058296,9.217209767428114,0.7086471719308073
3885,27,512.2962962962963,397.9259259259259,6.242947695539188,5.535725766644488,0.46231326416777213
3886,33,512.3333333333334,404.030303030303,9.035166705890363,4.920330891010013,0.8387117912598091
3887,43,512.8604651162791,101.27906976744185,9.180294864277394,6.017565880888056,0.7552062735594083
3888,148,513.7094594594595,230.36486486486487,17.076282814132455,11.52909026969593,0.7376784383287596
3889,62,513.3387096774194,291.2096774193548,10.282346016163617,7.942869586070542,0.63504347777351
3890,44,513.0681818181819,364.40909090909093,8.207923389729833,6.826800146473908,0.5551759522467365
3891,176,512.5113636363636,383.1761363636364,16.15950846062931,14.463402701847459,0.44598633823489264
3892,46,512.8913043478261,455.6304347826087,8.193751007477376,7.08098349279216,0.5031602126912892
3893,63,513.5238095238095,207.015873015873,10.888467477820619,7.438611184373971,0.7302647975223581
3894,50,513.48,258.46,10.508786591909836,6.087150759238358,0.815154267004551
3895,102,513.6764705882352,281.0882352941176,16.119124094824716,8.36554681980913,0.8547847327626197
3896,39,514.5128205128206,547.4615384615385,8.080716506153408,6.349547062615457,0.6185247037245645
3897,52,514.0769230769231,512.0192307692307,9.010728063311875,7.458502864257974,0.5611179232026708
3898,192,515.2604166666666,558.9739583333334,21.18030378227913,11.953331957442527,0.8255282871820325
3899,61,514.1147540983607,596.2786885245902,10.506945668088514,7.726040615032545,0.6777125011232283
3900,92,513.2608695652174,36.09782608695652,13.010569900211777,9.496249631937935,0.6835675101745071
3901,25,514.32,143.44,6.180301161566536,5.179563451907827,0.5455531551937659
3902,29,514.7586206896551,351.1034482758621,6.553103814242223,5.856467340479998,0.44867765689064176
3903,138,515.2028985507246,267.6014492753623,17.153548087526442,10.624239293083624,0.7851063040355388
3904,78,513.7564102564103,8.282051282051283,11.9714505555246,8.729589859666788,0.6842999133829648
3905,59,515.1186440677966,22.491525423728813,10.580877464048141,7.179656949872976,0.7345539945220511
3906,35,516.2857142857143,29.2,7.394616169514302,6.238299960681209,0.5369292359940728
3907,77,516.5324675324675,122.49350649350649,11.187538158398644,8.979957175393336,0.5964166720141726
3908,55,515.8727272727273,174.5818181818182,9.290385514036172,7.642863671410106,0.5685281909246942
3909,143,515.8391608391609,301.2937062937063,15.111660631009242,12.344595803699113,0.5767905498843943
3910,59,516.4237288135594,339.76271186440675,11.177025343033513,7.071940371653817,0.7743797140104086
3911,5,515.4,470.2,3.098386676965933,1.7888543819998317,0.816496580927726
3912,69,516.2898550724638,114.43478260869566,11.24887771817644,7.8458707687382185,0.7166039428258217
3913,51,516.3725490196078,568.5882352941177,9.940606995340595,6.658023491727579,0.7425592554323576
3914,32,516.9375,85.6875,7.974241232820303,5.175565356633857,0.7607581526273436
3915,69,516.6231884057971,165.33333333333334,10.928458356424624,8.207302129436219,0.6602990913514694
3916,41,516.829268292683,184.0731707317073,10.108274384748299,5.254731204113465,0.8542608844601943
3917,36,517.8055555555555,64.69444444444444,7.440569475626159,6.4191765136151355,0.5056708160077397
3918,75,517.9066666666666,73.09333333333333,13.551891793227536,7.416252868021013,0.8369701583521469
3919,42,518.0714285714286,211.73809523809524,7.521764829872479,7.416590880182265,0.16664248726841885
3920,35,517.3142857142857,394.22857142857146,7.608163558980061,5.9365291098463215,0.6254252250213009
3921,155,517.341935483871,436.18709677419355,17.26260224505718,11.635768875280958,0.7386903836092535
3922,45,517.3777777777777,504.97777777777776,7.992992223536032,7.34836682995473,0.3934379346275756
3923,22,517.9545454545455,15.545454545454545,5.49379815626841,5.181020672281821,0.3326023383014505
3924,164,517.2682926829268,195.77439024390245,16.736176167861608,12.923137637504013,0.6354185771385532
3925,20,517.55,347.4,6.103748593852899,4.3063038795513195,0.7086921018394675
3926,32,518.125,408.375,7.307499679130262,5.576777603554863,0.6462118132460056
3927,153,516.6339869281046,446.45098039215685,18.264458761324008,11.283289308713723,0.7863564918137999
3928,83,517.3012048192771,487.51807228915663,11.31841822902168,9.514881981530856,0.5415714181759449
3929,39,518.6410256410256,100.92307692307692,7.9699806874625025,6.240057407927392,0.622090792695805
3930,129,518.6201550387597,245.7674418604651,14.67024299530716,11.369654236687508,0.6319431833812263
3931,90,519.4222222222222,356.93333333333334,11.104072522289584,10.716472521136637,0.2619041574671356
3932,122,517.4098360655738,496.3524590163934,16.779654410917374,9.584699847350802,0.8208042286439772
3933,90,518.4888888888889,532.5333333333333,11.942402965164826,9.712725472748643,0.5818481873136152
3934,74,518.6216216216217,149.13513513513513,10.506367128027408,8.962736180254693,0.5217856617468487
3935,41,518.439024390244,284.780487804878,9.227518262661984,5.688928903246687,0.7873409996872016
3936,136,518.7352941176471,521.6323529411765,17.787493644261012,10.179167474710862,0.8200684679073174
3937,59,519.3389830508474,2.6610169491525424,10.867743003912697,7.004463958622818,0.76458851806803
3938,79,519.632911392405,157.0632911392405,11.737755520859814,8.781734587030073,0.6635168792948792
3939,104,519.6057692307693,220.45192307692307,13.76631978143036,9.913246861852993,0.6938612520818881
3940,37,518.972972972973,365.0,8.559124966171492,5.791416343281837,0.736317220726485
3941,74,519.1891891891892,591.3243243243244,11.719984220427408,8.347670699288395,0.7019161858240651
3942,17,520.0,25.352941176470587,4.752708206288037,4.538188593408449,0.2970442628930025
3943,64,519.484375,108.40625,10.8212747242638,8.381854334931468,0.6324859787099794
3944,54,520.7592592592592,261.98148148148147,9.779973126340057,7.13967062035312,0.6834154454052076
3945,90,519.3,331.9888888888889,14.582826472884264,8.450461991170362,0.8149861815188891
3946,78,520.0769230769231,42.12820512820513,11.445248255951983,8.754920497928328,0.6441023412879078
3947,39,520.2307692307693,82.17948717948718,9.002393051796727,5.697472496224583,0.7742464499559866
3948,40,520.375,91.4,8.372862008992652,6.056829350276228,0.6904415626027733
3949,95,520.8,376.0421052631579,13.185942773037693,9.274153112616705,0.7108571951932282
3950,73,520.4794520547945,541.8767123287671,11.081074648802234,8.4513658638972,0.6467705003231323
3951,10,521.1,139.8,4.098780306383839,3.0983866769659336,0.654653670707977
3952,88,520.9659090909091,582.6363636363636,12.351438594731526,9.32437830400928,0.6558140682825567
3953,49,521.734693877551,10.183673469387756,8.92603733338444,7.11183888727187,0.6043063043641874
3954,65,521.8923076923077,291.83076923076925,9.979091490705326,8.576628791226733,0.5112032001996376
3955,156,521.5833333333334,52.33974358974359,15.333002751904013,13.725050150237717,0.445802667489112
3956,49,521.469387755102,187.08163265306123,9.504620889450228,6.790581295140999,0.6996859729516168
3957,47,522.2127659574468,255.53191489361703,8.743530332310337,6.928315818461635,0.6100103960131525
3958,59,522.2881355932203,32.3728813559322,10.11578800352399,7.484392837203929,0.6727471740302521
3959,27,522.7037037037037,233.7037037037037,7.374142717896995,4.713819972923155,0.76901034232298
3960,95,522.4842105263158,307.94736842105266,13.725855484766026,9.008472731934697,0.7544877592972601
3961,87,522.264367816092,325.5632183908046,15.231267819807035,7.6096484713478825,0.8662521665482721
3962,41,522.6585365853658,385.0,7.592480133936687,6.942334353256816,0.4048801232535884
3963,70,523.1714285714286,18.942857142857143,11.208881480454947,8.057558021090294,0.6951602739663616
3964,40,523.225,60.55,8.468214311202143,6.1187700054464536,0.6913110435838014
3965,30,523.2,209.83333333333334,7.457635921969485,5.300869929634748,0.7033965673230272
3966,27,523.3333333333334,73.70370370370371,6.549011858593857,5.4025235986801645,0.5652243736385935
3967,78,522.525641025641,317.9230769230769,11.005168576264209,9.506356517951687,0.5038205366175073
3968,112,524.3035714285714,511.80357142857144,15.746587411543809,9.544422732610558,0.7953683153113953
3969,71,523.3802816901408,168.14084507042253,10.610693559056843,8.902855242658218,0.544061173359129
3970,55,524.3454545454546,226.98181818181817,9.151174531528776,7.807654946773662,0.5216066254549978
3971,69,525.1159420289855,550.0579710144928,13.941824333078067,6.88793435694809,0.8694344686335468
3972,183,525.6666666666666,573.2513661202186,17.97480850794287,13.222663649133514,0.6773923159100262
3973,105,524.3714285714286,130.63809523809525,13.546411431940587,10.047571558973303,0.6707155924103685
3974,126,525.1746031746031,177.34126984126985,14.462810714515781,11.421214394015724,0.6134991862069477
3975,67,524.6567164179105,391.7761194029851,11.159711228659942,8.077809047135728,0.6899712798915846
3976,89,525.8539325842696,476.07865168539325,15.345186139630789,7.90644548399371,0.8570462616299092
3977,50,525.72,491.28,8.794578097835592,7.29839681581308,0.5579499793622837
3978,23,525.2608695652174,26.82608695652174,6.955181145959549,4.269260994878358,0.7894424688453527
3979,79,526.4683544303797,80.20253164556962,12.061698359083145,8.68113425099068,0.6942568221896636
3980,44,525.25,144.0909090909091,8.456989754212767,6.583850916612677,0.6276322270855818
3981,90,525.1111111111111,275.5444444444444,11.54477892829229,10.062032560568703,0.4902788456116639
3982,65,524.9230769230769,365.2153846153846,11.433926109465396,7.725927071096442,0.7371748558279901
3983,119,525.546218487395,460.2436974789916,16.01723253704218,9.571140226726985,0.8018296544600299
3984,75,527.0,70.18666666666667,16.83249900649897,6.1840762785102665,0.9300673448126164
3985,63,525.4285714285714,94.92063492063492,10.775074034236388,8.013944244779724,0.6684596425827561
3986,51,525.3921568627451,111.72549019607843,11.89872638206446,5.901903053944381,0.8683160508655839
3987,73,526.0958904109589,285.05479452054794,11.310794918044529,8.353955229397688,0.6741630998722778
3988,150,525.7733333333333,348.53333333333336,16.051490793069636,12.142068238063006,0.6540574314296246
3989,40,526.475,87.75,8.758869501166336,5.8542467544115535,0.7438206496747112
3990,69,526.1884057971015,102.69565217391305,10.316018835233134,8.590147580707097,0.5537245889584721
3991,52,526.1346153846154,121.4423076923077,8.701772295428157,7.860160144577249,0.42904593165452354
3992,38,526.7631578947369,161.21052631578948,7.347251598264384,6.773841595644364,0.3872949907331837
3993,15,526.8,381.8,4.822171018673367,4.0,0.5585038992742908
3994,130,527.7153846153847,483.16923076923075,18.360855428307012,9.54108802610446,0.8543835579697588
3995,83,526.0602409638554,526.9759036144578,11.750182513644392,9.603504721028632,0.5762026588422857
3996,81,527.641975308642,5.061728395061729,12.985257289046006,8.52227931005392,0.7544963587036236
3997,64,527.015625,152.21875,10.49347849165119,7.865581853572808,0.6619266819356604
3998,119,527.4117647058823,503.1932773109244,13.456124132974729,11.482922831960753,0.5213215024948678
3999,33,527.3939393939394,43.878787878787875,7.469859288935969,5.754952289032758,0.6375329154610124
4000,39,526.8461538461538,188.56410256410257,8.59322126817847,5.8238502725266725,0.7353144521038093
4001,80,527.5,296.375,14.391679199833845,7.391181895276956,0.8580457364214013
4002,78,528.4871794871794,587.4871794871794,12.033040899884918,8.486529315606123,0.7089399146251643
4003,112,526.625,205.3125,18.069291847643896,8.441541369684712,0.8841642877510594
4004,81,527.4691358024692,238.46913580246914,10.859370420329437,9.483924582361468,0.4871107877858081
4005,65,528.0153846153846,266.8615384615385,9.341152171416216,8.850990671882993,0.3196767708959806
4006,54,527.574074074074,371.14814814814815,10.37881834391846,6.808795108274715,0.7547365800184034
4007,151,527.2649006622516,560.9205298013245,16.080033358023705,13.826626799354976,0.510524736082794
4008,22,528.1363636363636,63.0,5.565537405459625,4.972652484064488,0.4491186673637602
4009,36,528.2222222222222,445.1388888888889,9.339229512924721,5.001335822172953,0.844523113416642
4010,39,529.2051282051282,23.46153846153846,8.324639843616197,6.812761404647524,0.5746701575688916
4011,69,528.7826086956521,33.94202898550725,12.399211677471179,8.036172638528441,0.7615385276704806
4012,63,528.6031746031746,470.14285714285717,11.232904184661704,7.302397755951186,0.7598572885872129
4013,58,529.6896551724138,138.89655172413794,9.261137158054051,7.94605442155221,0.5136499133424332
4014,78,529.1666666666666,214.30769230769232,12.963145609826473,7.768950567068774,0.8005165865270722
4015,53,529.0754716981132,313.49056603773585,9.074946786465395,7.4153046773015925,0.5764700844443607
4016,99,528.4747474747475,339.1515151515151,14.398090845915842,9.138347043418136,0.7727655510669702
4017,77,527.5064935064935,595.2597402597403,14.566538735289026,6.866689085607745,0.8819186862180843
4018,75,528.9333333333333,451.04,11.485352265607576,8.556672185520402,0.6670562237136508
4019,58,530.551724137931,16.482758620689655,8.851776513100045,8.383802556648174,0.3208435709676066
4020,43,532.046511627907,38.2093023255814,10.817564480015761,5.336414914513937,0.8698534617924026
4021,45,530.8666666666667,301.15555555555557,11.03183157417714,5.2264687954302005,0.8806526184554051
4022,77,530.5844155844156,439.15584415584414,11.667892166580732,8.523871152175943,0.6828690615720081
4023,185,530.4918918918919,541.8810810810811,19.558884159555078,12.240430410218746,0.779963844377747
4024,28,530.9642857142857,131.03571428571428,7.60989301283223,4.695605605959318,0.7869320739506165
4025,40,530.9,166.45,7.920583091034795,6.531796345417828,0.5656272247797711
4026,80,532.2875,219.7375,15.164477218053667,7.0720315824472495,0.8845975936459749
4027,95,531.6631578947369,395.4421052631579,12.061785030794447,10.126156637248616,0.5433227819431403
4028,31,530.6451612903226,516.8709677419355,6.806632691665241,5.87244142228717,0.5056259524740906
4029,25,532.08,107.96,6.665132922713471,4.8916258158776795,0.6792437876611602
4030,73,531.3424657534247,114.28767123287672,12.72010542460773,7.5078745669241975,0.8072301388996225
4031,47,531.6170212765958,182.80851063829786,8.367952619469742,7.209721570176505,0.5076094483196449
4032,67,530.6865671641791,199.6865671641791,11.833124864416108,7.451176990586994,0.776848115710062
4033,56,532.4642857142857,68.53571428571429,11.556523959637817,6.555712487229367,0.8235293023531921
4034,38,531.8947368421053,157.8421052631579,7.928746102082377,6.2686242564583585,0.6123072859216953
4035,45,530.9333333333333,191.55555555555554,10.559332392536875,5.603769072595981,0.8475638078045428
4036,33,532.0909090909091,272.93939393939394,7.430635722499373,5.9381241573336325,0.6011438977021235
4037,62,532.8870967741935,523.4032258064516,9.815821855671286,8.250456758214172,0.5417706914187455
4038,30,532.7333333333333,43.9,6.818832317945695,5.721807526935427,0.543948843770492
4039,37,532.4864864864865,122.64864864864865,8.04108310066601,5.9602901385791,0.6712513949307911
4040,16,532.5,287.0625,5.3082887213888315,4.093845484428562,0.6365716554708593
4041,81,531.9876543209876,361.58024691358025,11.908841178769578,9.073088979626398,0.6477200697123523
4042,130,534.8461538461538,376.9923076923077,16.700543223796853,10.0692171560952,0.7977959652665547
4043,65,532.2923076923076,385.5076923076923,9.741338582903754,8.480736445649514,0.49200475072889305
4044,68,533.1470588235294,93.08823529411765,11.596023673558797,7.768897243111705,0.7423952342956335
4045,50,533.36,101.46,8.822339149793814,7.604415291527377,0.506993279550769
4046,103,532.495145631068,228.93203883495147,14.814959462356486,9.584371408665758,0.7625419654931362
4047,58,533.3965517241379,281.5689655172414,10.235756885996748,7.245633011443872,0.7063380591792233
4048,83,533.6867469879518,148.06024096385542,11.55259821622627,9.336724903459112,0.5889182025904329
4049,62,533.4193548387096,306.80645161290323,10.6413740818543,7.670196690791556,0.6931534358513004
4050,124,533.3951612903226,331.66129032258067,14.726633492236331,11.016936238877056,0.6635904691831837
4051,31,533.741935483871,597.4193548387096,8.093868523268753,5.10821601853672,0.7756838315734093
4052,92,534.3260869565217,51.66304347826087,14.13476778365983,8.44387807479998,0.8019556517221935
4053,99,534.1111111111111,59.57575757575758,15.380788573365093,8.491859725783666,0.8337724622699685
4054,59,534.1186440677966,457.10169491525426,10.05917098214661,7.625693436106083,0.6521572831977258
4055,42,534.1904761904761,556.5,8.518886580500329,6.3688584751620905,0.6641309104888258
4056,77,534.4415584415584,6.558441558441558,12.059964588132159,8.601187613426843,0.7009588373667192
4057,13,534.6153846153846,258.61538461538464,4.318667337728677,3.6794648440311994,0.523556754446835
4058,33,534.5151515151515,431.24242424242425,9.139223165258317,4.620475781363422,0.8627882368002745
4059,69,534.8405797101449,27.318840579710145,9.833611532876166,8.9987245119863,0.40323006372082115
4060,32,535.09375,134.1875,6.909871727125863,6.004210831963402,0.4949309376220107
4061,91,535.2307692307693,173.84615384615384,12.122823507872205,9.709166773093882,0.5987984052689816
4062,58,537.1034482758621,195.8448275862069,9.808163965913694,7.72380944487246,0.6163302425254096
4063,36,535.3055555555555,369.3611111111111,7.403991456042456,6.345654440003547,0.5152189651319031
4064,24,535.75,161.125,6.789792167257256,4.616859212941052,0.7332393546925948
4065,69,535.9710144927536,291.8985507246377,10.229211317143378,9.047197834371845,0.4666401818632498
4066,26,536.2692307692307,312.3076923076923,7.142148354992318,4.6912118215414695,0.7540344834584946
4067,82,532.9146341463414,319.8780487804878,15.328402518956892,7.840026349390179,0.8593008113174769
4068,28,536.1428571428571,356.5357142857143,7.35673259236417,4.880293134090495,0.748284628419506
4069,16,535.6875,503.0625,5.326818938165629,3.7416573867739418,0.7117639563193815
4070,88,535.6818181818181,79.125,11.779242084869317,9.812681188359818,0.5531998024953927
4071,82,536.3658536585366,239.109756097561,11.805745753523215,8.974070694814603,0.6497542594832599
4072,36,536.25,324.25,7.480742537458853,6.1675352522911195,0.5659275811718362
4073,51,535.6078431372549,464.03921568627453,9.207126255997805,7.257079077204402,0.6154160913430857
4074,126,535.6428571428571,492.42063492063494,14.095164057577726,11.552941923856048,0.5728807937574857
4075,26,536.4615384615385,20.307692307692307,6.1313360213192345,5.486257949274798,0.4464873088590737
4076,64,537.03125,126.9375,10.68057350525194,7.959096971322202,0.6668479783951649
4077,48,537.1666666666666,140.14583333333334,8.162258519716525,7.544941813455299,0.3814986985264967
4078,47,537.2978723404256,450.02127659574467,8.488610240489495,7.220362003818059,0.525822815923143
4079,118,536.6864406779661,531.0847457627119,14.436522825780346,10.656444292828828,0.6746271547410163
4080,22,537.0,551.1818181818181,6.479188676256718,4.476230894746893,0.7229858177001529
4081,74,538.027027027027,187.71621621621622,10.941792372354717,9.079450423989472,0.5580675361189893
4082,55,537.2363636363636,268.6727272727273,9.674919191804598,7.321647160608584,0.6536862009695132
4083,110,537.5909090909091,513.2181818181818,13.615385119329948,10.900381316528202,0.5992085871745281
4084,51,537.7450980392157,14.098039215686274,8.34247898959906,7.967695209609536,0.2963634021786231
4085,49,538.2857142857143,69.04081632653062,8.955974985656503,7.097612372768109,0.6098715940641913
4086,69,538.5072463768116,421.536231884058,10.214487174311499,8.70059645253876,0.5238836311860294
4087,45,538.2666666666667,202.77777777777777,12.685916719460383,4.768607317901908,0.9266611545707554
4088,43,538.7209302325581,211.41860465116278,9.868524238383698,6.202374502996143,0.7778090099341812
4089,57,540.1754385964912,229.82456140350877,11.319963600101467,6.531690389183063,0.8167396904747647
4090,71,538.9718309859155,275.6901408450704,11.95016991917256,7.763005744219945,0.7602636216875669
4091,67,539.3134328358209,105.5223880597015,11.166204126788429,7.742414270637217,0.7205728361586458
4092,83,539.0602409638554,115.74698795180723,13.193111032391958,8.207651324176256,0.7829247280444304
4093,57,538.9122807017544,166.01754385964912,9.60685614149371,7.94286142455801,0.5625093555823446
4094,34,539.0882352941177,220.97058823529412,7.591109368111137,5.950892441063978,0.6208502065913206
4095,21,539.5714285714286,307.9047619047619,5.425630528451305,4.962004663927373,0.40447525410921586
4096,86,540.2209302325581,155.93023255813952,11.87253444860026,9.358388322055154,0.6153699076758172
4097,28,539.3928571428571,262.82142857142856,6.372167003623255,5.540903367404507,0.4938489054053847
4098,93,540.5376344086021,301.247311827957,15.092881225594029,8.153065784787968,0.841541286997258
4099,74,541.2432432432432,435.02702702702703,14.243477546331153,7.009847116090244,0.8705136016492345
4100,126,540.2698412698413,43.0,16.76203636183689,9.747408125894916,0.8135342932118622
4101,79,541.253164556962,96.21518987341773,10.461393685449737,9.797077726719372,0.35067203476959274
4102,48,541.1875,314.8958333333333,8.840988793776907,7.007196731732313,0.6097670847639071
4103,102,541.5784313725491,365.3137254901961,12.760089671371182,10.529931527972785,0.5648056672761878
4104,67,541.8358208955224,382.8805970149254,11.721600498701475,7.584641170286916,0.762434569298371
4105,21,541.4285714285714,505.42857142857144,6.64389419578969,3.9376297970420513,0.8054461593960613
4106,166,540.222891566265,581.855421686747,15.784751809795955,14.132811824441825,0.44537156596928595
4107,32,541.75,258.375,7.461842250223989,5.57412865233412,0.6648040857514332
4108,40,542.75,465.375,9.955418286691776,5.480843615448535,0.8348096048347812
4109,158,540.2911392405064,473.0126582278481,17.658565797810898,12.305441572392859,0.7172130457850461
4110,83,543.3012048192771,2.6265060240963853,15.151304320173878,7.554315119086298,0.866836940314331
4111,156,542.6538461538462,86.62179487179488,16.58953809408768,12.496846952220915,0.6576806527320275
4112,131,542.0458015267176,393.1374045801527,14.238529673715028,11.82752975121432,0.5567639971026371
4113,147,542.1360544217687,444.0952380952381,17.28708767140359,11.628357734188942,0.7399503715069018
4114,112,542.6785714285714,482.11607142857144,15.13154501833651,9.570595296931506,0.774566129572688
4115,46,542.5652173913044,597.2173913043479,11.110310414336094,5.725406899130483,0.8569955810488271
4116,81,543.0493827160494,145.65432098765433,12.332302311989872,8.528119937531576,0.7223506195893098
4117,114,543.7017543859649,180.16666666666666,14.434306811853299,10.444203219500153,0.6902530538636369
4118,66,543.1969696969697,290.8939393939394,12.392954363296987,6.948425303404249,0.8280356491386727
4119,194,542.9742268041238,542.0773195876288,20.912813914998484,12.338502931313098,0.807405246402796
4120,47,543.0851063829788,241.51063829787233,9.332146752608821,6.43343464657396,0.7243958907819555
4121,59,543.1694915254237,281.3220338983051,9.905989322902709,7.641761052897377,0.6363161889669876
4122,78,544.3076923076923,18.064102564102566,11.181859875951176,8.918481751365459,0.6032068029026505
4123,77,544.1688311688312,64.0,11.745205218648662,8.755514035147275,0.6665567106134374
4124,75,544.0266666666666,74.48,10.49266539174044,9.267480520572713,0.46893220802574864
4125,50,544.2,120.58,9.574620807193567,6.828194226767134,0.7010057937890016
4126,46,543.9565217391304,126.80434782608695,7.86375468447637,7.53810241183155,0.2847958421318495
4127,92,544.1086956521739,135.5326086956522,13.317724119551137,8.846369994676309,0.747505705847393
4128,21,543.5238095238095,192.28571428571428,5.448077643988603,5.1319188004722704,0.33570061716256505
4129,91,544.065934065934,205.17582417582418,11.922924599651116,10.083416599395319,0.533632122054581
4130,153,544.3856209150326,324.55555555555554,20.32942446230163,9.668943936792553,0.8796544904093377
4131,74,544.2162162162163,492.55405405405406,13.009049080098167,7.613796775917025,0.8108389920501573
4132,24,543.9166666666666,556.6666666666666,6.908336661370956,4.588318030709703,0.7475805370194545
4133,52,544.4615384615385,172.23076923076923,8.927276191865516,7.588270310355771,0.5267672250099975
4134,59,544.3389830508474,215.4406779661017,10.089961824593516,7.588540582482441,0.6590625429066127
4135,123,544.560975609756,572.5121951219512,16.248321675747174,10.37484900414761,0.7696067284935649
4136,57,544.7719298245614,51.1578947368421,12.58688371798887,6.022377834848762,0.8781068617465526
4137,55,545.1454545454545,222.83636363636364,9.216733775054195,7.933436949113569,0.5090034673578228
4138,69,545.2608695652174,266.59420289855075,10.587049654689164,8.486275925519173,0.597899100452093
4139,25,545.0,297.96,6.634806184738963,5.195550682165424,0.6219273146659692
4140,150,546.1866666666666,428.05333333333334,16.28883672332006,13.043163316930867,0.5990087646381088
4141,60,545.7166666666667,163.55,10.045732525527743,7.704467118568911,0.6417196450708562
4142,65,545.5076923076923,233.01538461538462,11.102511024128313,7.564510752428497,0.731973291986702
4143,130,545.6846153846154,517.223076923077,19.628240716475137,9.150360072315781,0.8846880997320563
4144,58,545.8448275862069,106.43103448275862,10.83886873506629,7.389810089088995,0.7315498561298337
4145,116,545.4568965517242,249.2155172413793,15.48450867052622,9.812476141216067,0.7735819127153643
4146,58,546.0,373.5,9.02887844897314,8.386979367995703,0.370315598441663
4147,49,545.734693877551,561.8571428571429,8.717727221156993,7.335789677325806,0.5402888771256623
4148,68,545.8676470588235,592.0147058823529,11.56191854433283,7.679809829714496,0.7475254464866805
4149,44,546.5,196.77272727272728,7.603826787755086,7.5251643951181375,0.1434684299576428
4150,56,546.1785714285714,310.7142857142857,10.954817564197748,6.667935204412722,0.793418838139131
4151,83,546.4457831325301,410.27710843373495,11.115485581391368,9.540741330336084,0.5131000700891333
4152,68,546.9852941176471,8.5,11.34994346682284,7.768641688258531,0.7290455035022326
4153,36,547.0277777777778,37.666666666666664,7.407021551635371,6.447335147100795,0.492282327620022
4154,52,547.4615384615385,153.65384615384616,9.872490553551579,6.792022041051509,0.7257348325047219
4155,55,547.9454545454546,187.87272727272727,8.682554873173427,8.17630225470431,0.33647296071887056
4156,74,548.8243243243244,286.4189189189189,12.501491915737997,7.9986615999095845,0.7685276603260798
4157,126,547.4285714285714,351.92857142857144,17.869366742842864,9.241826431639353,0.8558716719514967
4158,13,549.0,226.46153846153845,5.178126215393372,3.4095276388293323,0.7526260896030552
4159,93,549.2258064516129,257.8279569892473,12.389698841707945,9.791457075442128,0.6127327831805562
4160,164,548.9878048780488,335.8170731707317,17.99900987993765,12.064271577507808,0.7421135522366259
4161,138,548.7536231884058,525.2246376811594,15.723460124284983,11.391961748455094,0.6892537493308877
4162,33,548.6363636363636,567.1212121212121,7.166155963614651,5.876891390435566,0.5722348509447395
4163,95,549.6526315789474,273.30526315789473,14.784895074503916,8.60636285047442,0.8131135533329237
4164,31,549.3548387096774,379.0967741935484,8.146779027770133,4.830791564936391,0.8052249131030588
4165,242,547.9752066115702,457.90909090909093,19.624768255512542,16.108591952657548,0.5711730570275333
4166,79,550.0126582278481,25.835443037974684,11.675798586981283,8.68867448587388,0.6680002530405666
4167,87,550.1034482758621,97.24137931034483,12.014960106768523,9.483648254098926,0.6139820397524296
4168,21,550.2380952380952,307.6666666666667,5.999424055126756,4.555290899503789,0.6507547007319675
4169,32,549.78125,544.8125,8.92758565128692,4.740262591770196,0.8473918503520368
4170,43,550.2558139534884,55.86046511627907,7.507093721088247,7.317156935251283,0.2235213847434341
4171,15,550.6,62.06666666666667,4.9746021616473675,3.771236166328254,0.6521405955174382
4172,40,550.325,68.65,8.236143159339894,6.27024288675157,0.648390241574582
4173,56,550.3392857142857,77.69642857142857,10.71689615419337,6.76991951869615,0.7752086702944502
4174,31,551.1935483870968,160.0,7.742373473468428,5.215190584325677,0.7391045939331022
4175,28,550.8928571428571,295.2857142857143,7.063562962764291,5.075346243908325,0.6955011806660458
4176,126,551.7142857142857,44.87301587301587,15.815072860439107,10.498767088505675,0.7478696227607504
4177,84,551.6309523809524,170.58333333333334,14.60973783754257,7.39874998640722,0.8622834703960639
4178,46,551.5652173913044,212.2173913043478,9.110250981474383,6.474431318036674,0.703520054324162
4179,19,551.421052631579,231.10526315789474,5.544698233777089,4.2956952169149805,0.6322808964466017
4180,84,551.3214285714286,239.0952380952381,11.36065745990391,9.481517858422842,0.5508680438789325
4181,91,551.4285714285714,418.46153846153845,11.936756627589732,9.927305629647716,0.5552873735409589
4182,95,551.978947368421,143.70526315789473,13.134154424249303,9.776024931445779,0.6678221906579713
4183,43,552.4883720930233,193.1860465116279,8.254751310873287,6.685690198438148,0.5865400223799079
4184,32,551.96875,206.65625,7.256707673078568,5.782209244526061,0.6042313960504829
4185,50,551.96,219.3,8.087916913519821,7.999999999999999,0.14704472270201824
4186,89,552.4044943820224,301.08988764044943,13.253362704655599,8.685847440530175,0.7553085732646222
4187,91,552.0989010989011,438.967032967033,13.013962958852796,9.260646811118908,0.7025917720424087
4188,158,552.0696202531645,113.9873417721519,14.846291530226525,13.745007601030428,0.37796241140901926
4189,108,552.1944444444445,126.31481481481481,14.007319162365883,10.383956854311595,0.6711477169754138
4190,127,552.6456692913385,585.1417322834645,13.491626965800112,12.48716355791815,0.37862753966925294
4191,70,553.8142857142857,200.37142857142857,9.995531841202713,9.119140911654165,0.4094741251178865
4192,59,553.2203389830509,315.9491525423729,9.665308644749354,7.871914819779079,0.5802331347587608
4193,105,554.6285714285714,350.3809523809524,17.110709657209984,8.261729684814052,0.8757087628006691
4194,74,553.0405405405405,371.8243243243243,11.741935938394272,8.238757371939807,0.7125194233717052
4195,43,553.5581395348837,393.2093023255814,8.096523904896516,6.780145110594368,0.5465686107259414
4196,100,553.83,533.36,13.556395196257789,9.637849826744489,0.7032477303094485
4197,44,553.5454545454545,18.022727272727273,8.548990246023132,6.63056200862799,0.6312297197827132
4198,169,556.0650887573964,382.8224852071006,19.08489875253042,12.237274363795796,0.7673721748531455
4199,72,554.4305555555555,12.222222222222221,13.42778052662147,7.066720405490726,0.8503137257585307
4200,51,554.2156862745098,89.76470588235294,8.80587812162881,7.773944390802802,0.46972445641057314
4201,43,553.9069767441861,104.20930232558139,8.265622175522939,6.657964366882011,0.5925948347496285
4202,92,557.0869565217391,224.18478260869566,15.466227327058343,7.709271256574848,0.8669136071471429
4203,29,554.7931034482758,278.0344827586207,7.104636078919307,5.368446915635769,0.6550034533143921
4204,42,554.5238095238095,290.3809523809524,9.317830886844838,6.062319993969725,0.7594077945143881
4205,50,553.6,323.6,9.27870034135054,7.087010651566806,0.645460725553083
4206,88,554.25,362.625,11.29100278907607,10.108033781412058,0.44560625578148166
4207,254,554.9133858267717,486.09055118110234,20.36837434278492,16.09213603867467,0.6130359641217895
4208,46,554.304347826087,151.02173913043478,9.589546474457384,6.250818707983943,0.7583593244172722
4209,37,554.9459459459459,410.81081081081084,7.481999012061004,6.446892484339138,0.5074966208311065
4210,93,555.2903225806451,595.6236559139785,13.091808946667646,9.680959051096055,0.6731929445867798
4211,40,555.525,71.075,7.72568964842704,6.738970207397216,0.489005447637497
4212,37,555.4054054054054,283.43243243243245,7.293091881307213,6.738353315566453,0.382546027838003
4213,34,555.4117647058823,308.0882352941176,6.819482592017314,6.440560250997035,0.32869730583943463
4214,131,557.3587786259542,404.1832061068702,17.654726283421404,9.771645047959101,0.8328584342752906
4215,117,555.7948717948718,184.92307692307693,15.305266611701123,10.048925221132253,0.7542681489283533
4216,25,556.24,273.2,6.132060986158656,5.17264227083518,0.5370654454079513
4217,33,556.4545454545455,53.72727272727273,6.690791515334733,6.320566615569441,0.3280323158384451
4218,44,559.25,75.06818181818181,10.877169298484079,5.314994969253476,0.8724867906564018
4219,108,557.2314814814815,82.98148148148148,15.560840969123813,10.086532768282014,0.7614703685838125
4220,40,556.725,232.675,7.687935513048977,6.6630058942792765,0.4988586254283547
4221,150,556.18,471.16,14.318796929045336,13.741083939707783,0.28118519323511426
4222,102,557.6666666666666,3.4215686274509802,16.920770354948164,7.884432148899585,0.8848048521821927
4223,97,556.7010309278351,446.64948453608247,11.794863185690874,10.691587681629498,0.4222887748779789
4224,76,556.4868421052631,541.5,11.137047932090631,8.835646916502949,0.6087575980131497
4225,167,555.7305389221557,552.4610778443114,17.572130255967558,12.448629751784454,0.7057807665669142
4226,31,557.4516129032259,33.70967741935484,6.8575012356818705,5.700161964155581,0.5559284066053243
4227,61,556.5573770491803,61.377049180327866,12.12317444733707,6.966877028530581,0.8183822005879412
4228,94,558.2234042553191,266.70212765957444,13.094710018050444,9.431260209311645,0.6937308220532094
4229,111,557.9639639639639,165.25225225225225,15.922980309178579,9.142318279360058,0.8187440036968532
4230,36,558.1388888888889,216.38888888888889,7.3450056870841,6.163534948521058,0.54390564390978
4231,62,559.6774193548387,328.48387096774195,12.168760949283904,7.17031746777893,0.8079582511451147
4232,64,557.3125,521.46875,16.181903542308845,5.2505116652962975,0.9458966356444538
4233,94,560.0744680851063,44.255319148936174,16.937451888851392,7.298464594784228,0.9023963976088581
4234,48,559.7083333333334,312.2708333333333,9.02117332595333,7.005976705705345,0.6299757571443183
4235,187,557.6898395721926,567.1016042780749,17.162501499434942,15.268043735668932,0.4567084012131563
4236,76,559.4473684210526,209.0921052631579,10.795696001660193,9.19434882592633,0.5240816894439808
4237,110,558.4181818181818,255.79090909090908,12.538060305626956,12.16961474785889,0.24064245442026902
4238,114,560.2894736842105,577.5175438596491,14.738935981719791,10.301450174559976,0.7151923608386906
4239,65,559.8307692307692,98.21538461538462,11.681107114685776,7.152011129916976,0.790647446313004
4240,41,560.0731707317074,104.8048780487805,8.170762035954546,6.435982599655706,0.6160788344392291
4241,51,560.5882352941177,128.76470588235293,9.278895060564967,7.153057782243009,0.6369617245669841
4242,55,560.2,141.72727272727272,10.49096539545097,6.93610571047055,0.7502534111801644
4243,58,560.1724137931035,195.5344827586207,10.172676501610596,7.345273177304409,0.6918314257812888
4244,36,559.9444444444445,304.1388888888889,7.843812482427391,5.953983068710522,0.6510119373693026
4245,80,558.925,457.525,14.669277648840163,7.423765436841228,0.8624890449147503
4246,47,558.3829787234042,23.872340425531913,11.475620964606968,5.519833893419433,0.8767177154715617
4247,27,560.5555555555555,68.25925925925925,6.360455249184246,5.528827058159513,0.4943724033608069
4248,26,560.6538461538462,282.3076923076923,6.3311751733537545,5.672440035284187,0.4441473934027317
4249,46,561.0652173913044,179.34782608695653,9.202200538082495,6.454730871657956,0.7127349971085495
4250,149,561.6711409395973,416.99328859060404,16.515694030467056,11.886378439092516,0.6942830799582695
4251,58,561.5689655172414,19.0,10.315697117155914,7.133694936765574,0.7223402323371862
4252,71,562.3380281690141,91.07042253521126,11.915134830343492,7.865652091452635,0.7511429532031043
4253,60,561.2166666666667,319.45,9.796485775170233,8.085238937663467,0.5646648049597941
4254,195,561.7641025641026,338.7128205128205,18.01947994208755,14.10805252455164,0.6221055426333939
4255,23,561.1304347826087,147.17391304347825,5.879028735726313,5.020220770807025,0.5204041439252232
4256,46,562.304347826087,228.8695652173913,8.373518046882285,7.159635255585081,0.5185733938502239
4257,73,560.9589041095891,237.3972602739726,14.482205594666256,6.511419128031877,0.8932223751522474
4258,92,562.304347826087,289.55434782608694,12.935949361192518,9.343758697710113,0.6915699768082683
4259,5,561.6,498.2,3.098386676965933,1.7888543819998317,0.816496580927726
4260,46,562.5652173913044,29.630434782608695,8.362825089946545,7.0019454218641215,0.5467891500970244
4261,127,559.0393700787401,134.95275590551182,22.036667803093366,7.888616597738016,0.9337304672576097
4262,111,562.1261261261261,246.95495495495496,13.082499826535527,11.400290084103487,0.490546054727232
4263,94,562.5425531914893,351.4255319148936,12.747940257141915,9.671738812096432,0.6514514606564422
4264,94,562.4148936170212,371.3723404255319,12.857217211699087,9.96677486215576,0.6317292397166724
4265,74,562.5540540540541,439.2567567567568,10.37058272663181,9.123670962698021,0.4754096661317077
4266,82,562.8414634146342,122.0,12.700448352819345,8.314188977143825,0.7559430032416262
4267,64,562.640625,296.65625,11.588545277307341,7.449737385022219,0.7659891140055353
4268,68,564.0735294117648,557.6176470588235,11.767697375221742,7.883813574551273,0.7424027921403051
4269,111,564.1531531531532,113.10810810810811,13.332187783971372,10.765160243552867,0.5899272626821462
4270,67,562.6417910447761,173.5820895522388,13.528221446807548,6.616767395315005,0.8722229796033004
4271,24,563.125,464.9166666666667,6.227095591037837,4.918892428413063,0.6132129965014288
4272,20,563.6,81.3,7.201858225799709,3.812248430451647,0.8484083304572163
4273,199,565.0603015075377,156.42211055276383,19.998605348226214,13.31040447091508,0.7463384313221346
4274,82,563.8536585365854,276.6219512195122,12.678013733281766,8.355196719201382,0.7521162843074879
4275,104,564.3173076923077,362.41346153846155,12.000671683857743,11.229392848753648,0.35271616241109593
4276,156,564.2884615384615,519.5,17.625811106956714,11.679455393355987,0.7489436944899166
4277,10,564.0,598.5,5.656854249492381,2.0,0.9354143466934853
4278,24,564.7083333333334,310.375,7.284721921227145,4.241271281814955,0.8130351701774879
4279,110,564.5545454545454,535.2818181818182,15.16663530427402,9.434959607934061,0.782948492975508
4280,51,563.9411764705883,204.5686274509804,12.029347514929464,5.547244590611351,0.8873260406229614
4281,50,565.46,326.26,10.020306250011913,6.505863713295274,0.7605597458663066
4282,33,565.4848484848485,14.090909090909092,7.073862374846145,6.140305731882009,0.49651645317745075
4283,82,564.2560975609756,50.0,17.435282659484876,6.365730030547912,0.9309658710021862
4284,74,565.8378378378378,214.8918918918919,12.345220130299312,7.729460124303396,0.779735109604233
4285,15,565.4,222.4,4.618802153517006,4.026578365477733,0.4898979485566357
4286,90,565.3666666666667,545.7333333333333,12.448532578562924,9.585326342118037,0.6380481262825205
4287,202,566.1138613861386,586.9207920792079,22.34797415633271,11.933099011143652,0.8455048010882961
4288,46,565.6521739130435,63.06521739130435,9.507025884007952,6.3351730247011515,0.7456234715999139
4289,54,567.7222222222222,200.4814814814815,11.666514420174279,6.133135362695334,0.8506674545299855
4290,22,565.9090909090909,282.77272727272725,5.493798156268411,5.129722174423958,0.3579789930628065
4291,27,565.7777777777778,563.1481481481482,6.190476171414922,5.832512050140985,0.3351212014416404
4292,67,566.4477611940298,260.53731343283584,11.012660147961686,8.167929908864725,0.6707478499875639
4293,111,566.8288288288288,185.84684684684686,13.947076020658535,11.02106219800191,0.6128414035381797
4294,72,567.0833333333334,303.02777777777777,10.822548737176632,8.568293220238186,0.6109003215386885
4295,45,566.3777777777777,56.28888888888889,9.366931304546434,6.34014101257731,0.736107855863086
4296,57,567.3508771929825,105.29824561403508,11.05358241908803,6.818757007657763,0.7870555818597306
4297,65,567.5384615384615,166.4923076923077,10.340255840136713,8.000521228629383,0.6335208046457879
4298,70,567.7142857142857,69.55714285714286,10.01377917369908,9.231630526109386,0.3874451419512095
4299,18,568.6666666666666,243.72222222222223,5.165470331961805,4.579545527372419,0.4625965031556515
4300,59,568.2372881355932,317.93220338983053,10.442025721518387,7.296842021380451,0.7153213661993387
4301,120,567.9916666666667,447.125,14.853773090674146,11.215212014327692,0.6556772441578683
4302,106,567.5754716981132,507.12264150943395,11.825561111992092,11.53067167104333,0.22192654489860267
4303,29,568.2413793103449,572.448275862069,7.822780561039481,4.788791376033084,0.7907341165430217
4304,22,568.3181818181819,31.181818181818183,5.601323204534069,5.038403411484692,0.4369159118492765
4305,73,567.7671232876712,143.82191780821918,13.153248655007326,7.197826988659389,0.8369835303073511
4306,116,569.301724137931,268.4310344827586,13.139963099174091,11.501801128752637,0.4835263801125514
4307,40,568.85,386.25,10.081206465498141,5.158417993920081,0.8591721890367635
4308,92,569.7608695652174,96.1195652173913,11.35854335962177,10.338438165974367,0.4141898945426727
4309,62,569.5322580645161,238.56451612903226,11.651623487974124,7.195090458235394,0.786556531862728
4310,27,570.4074074074074,119.62962962962963,6.294542817582732,5.654440295230175,0.4393655998887332
4311,65,569.6615384615385,225.47692307692307,10.533732049242433,8.361026330786903,0.6082594405977413
4312,97,570.1443298969073,413.16494845360825,14.487685936291026,8.604612795205043,0.8045197030641463
4313,205,570.590243902439,470.2048780487805,21.20218610314697,13.012078285444405,0.7895284258805567
4314,74,570.5540540540541,20.10810810810811,10.639919531109914,8.893756554531501,0.5489035446734557
4315,149,570.7114093959732,80.22147651006712,16.360109154845127,11.895571198008195,0.6865227718606357
4316,92,570.5,194.22826086956522,12.223800540065167,10.33385359991022,0.534152810571567
4317,35,570.7714285714286,374.2,8.374199105268767,5.424522320586421,0.7618392715915592
4318,79,570.367088607595,392.46835443037975,11.02345562547766,9.332531724739322,0.5322189812943479
4319,122,568.1147540983607,457.9016393442623,15.459825962453587,10.438206594817983,0.7376505677195011
4320,26,571.1153846153846,206.34615384615384,6.8975615274371656,4.913208860467832,0.7018639879631964
4321,51,571.2352941176471,233.07843137254903,11.012538842001886,6.040268989095415,0.836157021462289
4322,49,571.0,248.24489795918367,10.103081071923786,6.271801944123682,0.7839839321461897
4323,81,571.9876543209876,310.5925925925926,10.844036555280908,9.709132727686788,0.44537717584801273
4324,24,570.9583333333334,591.7083333333334,6.532502646922718,4.612033565835372,0.7081986022648715
4325,38,570.578947368421,597.2631578947369,9.413360106097812,5.2787409300471415,0.8279708319165474
4326,46,571.1739130434783,12.456521739130435,9.134323515358986,6.464447900461465,0.706503507335944
4327,48,571.7916666666666,56.833333333333336,11.201080439722244,5.836400839614218,0.8535219107672363
4328,131,571.7557251908397,129.6412213740458,13.664938884098145,12.303858733296591,0.43507094137985736
4329,41,572.0975609756098,218.6341463414634,8.471125162508999,6.2230742877745255,0.6784766944304261
4330,48,571.9791666666666,49.125,8.237976076597818,7.6296880047804665,0.37712960189943295
4331,5,572.4,170.2,3.098386676965933,1.7888543819998317,0.816496580927726
4332,34,572.1176470588235,212.26470588235293,7.434718792773453,5.928499118756869,0.6034414476618696
4333,69,572.1594202898551,294.95652173913044,11.235628429000107,8.11095178839174,0.6920018830890455
4334,82,570.7926829268292,380.1341463414634,12.814498889073656,8.257049238339874,0.7647289548405626
4335,95,572.2421052631579,282.5473684210526,14.202712540963597,8.601331354917876,0.7957601763831778
4336,98,572.5,327.265306122449,14.225287835493498,9.46015752597983,0.746822004685085
4337,194,571.9072164948453,494.6082474226804,16.82381466006273,14.752075463200976,0.4807517427180754
4338,66,572.8333333333334,256.1363636363636,11.683602034629985,7.6570403074279625,0.7553111082199316
4339,22,573.1363636363636,34.54545454545455,5.715172676462991,4.908882954066356,0.5121077796951234
4340,87,573.448275862069,356.71264367816093,10.742492242586414,10.397520808444291,0.2513848748989307
4341,182,573.0,558.445054945055,21.952295723893343,11.2408229864819,0.8589515711588365
4342,38,574.1315789473684,139.0,7.2199875801505495,6.82217996341896,0.3273536380743005
4343,138,573.6739130434783,177.80434782608697,17.08540729336374,10.98251509027371,0.7660332956797604
4344,93,574.0967741935484,107.21505376344086,15.229953425551871,8.229085282651694,0.8414580697009016
4345,44,574.8409090909091,302.04545454545456,8.103457224495768,7.012039058260371,0.5012293002603264
4346,104,575.2211538461538,533.1538461538462,16.280655680133325,8.757972650360875,0.8429848252301628
4347,98,574.9897959183673,148.20408163265307,11.983432951905606,10.593350538354583,0.46748755956357674
4348,193,575.2124352331606,480.94300518134713,17.708849571355366,14.510522221611907,0.5732309637535342
4349,19,574.578947368421,570.3684210526316,5.838113692685764,4.162832076068701,0.701119262892356
4350,59,575.2881355932203,68.05084745762711,10.419996802842304,7.375156156662875,0.7064241881890935
4351,104,575.5576923076923,340.71153846153845,14.714168097653248,9.795651874966863,0.7461933967381392
4352,52,575.2115384615385,407.61538461538464,9.482022055711989,7.033488178695083,0.670653345095499
4353,13,576.3846153846154,8.384615384615385,4.318667337728677,3.6794648440311994,0.523556754446835
4354,75,576.4133333333333,89.46666666666667,13.100245071723299,8.137503108359908,0.783674400976623
4355,20,576.25,231.4,6.803383491858541,3.8670367289058274,0.8227530111732166
4356,42,576.0714285714286,289.6666666666667,8.091840031593831,6.824036662930414,0.5374066725031884
4357,61,575.7868852459017,398.9836065573771,9.524072149017613,8.216561511875343,0.5056901595751936
4358,133,576.6691729323309,542.7669172932331,16.48022228106718,11.129109397710115,0.73754230850452
4359,58,576.2586206896551,58.86206896551724,13.134275320878883,5.864479496260365,0.8947826617662399
4360,37,576.0540540540541,241.35135135135135,8.560108828257786,5.536114972490318,0.7627154771601545
4361,140,576.7785714285715,514.6857142857143,16.149235468232376,11.285015797361007,0.7153213358085361
4362,147,575.5102040816327,525.3129251700681,19.77328648578396,10.083650802294526,0.860196148185758
4363,57,576.3859649122807,593.8421052631579,10.412839373847257,7.124274971687253,0.729311519653971
4364,50,577.86,385.24,9.762543203876666,6.676642134519531,0.7295720311228788
4365,84,577.3214285714286,158.14285714285714,12.129516705416776,8.96766648465977,0.673347708695621
4366,78,577.2564102564103,349.7692307692308,12.648135144540419,8.579501520089957,0.7347652648858809
4367,124,577.3225806451613,444.8467741935484,15.098560570918476,10.718960386456832,0.7042696225112125
4368,108,578.675925925926,503.64814814814815,14.824767967798916,9.651821983195662,0.7590257738780215
4369,110,578.0545454545454,209.07272727272726,16.896582286718864,8.632423192165351,0.859641582965151
4370,74,578.027027027027,225.72972972972974,9.972499321604129,9.804365883138582,0.1828528604839919
4371,52,577.0576923076923,249.32692307692307,10.265703850172889,6.697164388834882,0.7578899789975162
4372,62,577.7903225806451,333.7258064516129,10.649759675021164,7.5197898276213815,0.7081126439521336
4373,32,578.15625,15.625,6.910158200998827,5.840298677051427,0.5344883724417774
4374,4,577.5,218.5,2.0,2.0,0.0
4375,75,578.32,263.3333333333333,11.02918131718576,8.773120788039424,0.6060241598304092
4376,85,578.2235294117647,318.32941176470587,11.908396894264557,9.246066049294097,0.630200456183191
4377,138,578.8768115942029,365.8985507246377,16.876469010058326,11.226027487202456,0.7466757679252473
4378,105,578.7047619047619,456.5809523809524,13.49823482352965,10.147158330376605,0.6594600046015264
4379,42,578.7142857142857,582.9047619047619,8.439040050765582,6.3918045480013745,0.6529407839583272
4380,19,579.1052631578947,43.578947368421055,5.544698233777089,4.2956952169149805,0.6322808964466017
4381,43,578.5348837209302,115.34883720930233,9.139885085374091,6.037343839551704,0.750782755496058
4382,10,579.7,308.3,4.0,3.149603149604724,0.6164414002968978
4383,134,580.320895522388,192.8134328358209,14.642015700552635,12.246388876532459,0.5481396680989212
4384,104,579.9134615384615,273.4807692307692,13.273359897214622,10.053695478711274,0.6529116142751559
4385,40,580.775,548.125,8.40371330887452,6.157727066235176,0.6805099598862717
4386,81,582.4197530864197,110.01234567901234,11.696148194846646,9.616515051030564,0.5692058622778616
4387,32,579.9375,235.5625,7.173545807817614,5.866450421093008,0.5755174522673374
4388,58,581.1379310344828,22.517241379310345,9.066629223205062,8.294421232947244,0.40383995925505506
4389,96,580.7291666666666,99.95833333333333,13.850434041276745,8.94226414166756,0.7636498666902526
4390,94,581.2446808510638,50.712765957446805,12.717625239958783,9.57306789377303,0.6583176864217216
4391,60,581.7,85.53333333333333,9.323064619940808,8.352007043098293,0.44436964843323473
4392,19,583.421052631579,93.10526315789474,5.544698233777089,4.2956952169149805,0.6322808964466017
4393,143,581.7832167832167,138.32167832167832,16.76706473396838,11.178617366156864,0.7453253602485399
4394,81,581.2716049382716,282.4567901234568,11.660322829819618,9.128007301163313,0.6222403026977869
4395,10,581.0,343.5,4.381780460041329,2.6832815729997477,0.7905694150420949
4396,93,581.6129032258065,391.63440860215053,13.180312649449087,9.199188179862322,0.7161473075203987
4397,34,581.6176470588235,491.29411764705884,7.804117034397044,5.642974584182049,0.6907678325487023
4398,43,581.5348837209302,588.4883720930233,8.51813117936712,6.468261941739136,0.6506797864606911
4399,53,581.9622641509434,60.716981132075475,9.936164853448547,7.028670677074001,0.7068307994462231
4400,93,582.2903225806451,181.88172043010752,12.026758472401237,10.093099921833666,0.5437915763364799
4401,64,582.5,242.90625,9.360998559682182,8.873053643792993,0.31864331905473825
4402,70,582.1142857142858,254.9857142857143,12.843314219410667,7.412915801343646,0.8166163089137739
4403,57,582.6491228070175,36.10526315789474,11.23400070742341,6.675506468869698,0.804300013330261
4404,118,582.0338983050848,122.38135593220339,13.764877976479596,11.255723246200972,0.5756257674192568
4405,24,583.0,213.04166666666666,5.828569483348571,5.291502622129181,0.41928179062647153
4406,81,582.0,293.85185185185185,12.567788594179149,8.416372516729558,0.7426515139539531
4407,75,582.56,326.70666666666665,11.810279045766332,8.29073766822681,0.7121834728047137
4408,124,583.0967741935484,412.11290322580646,14.506926414146003,10.944219161223526,0.6563996311852625
4409,88,584.0340909090909,2.9886363636363638,14.116374908129137,8.111609420270828,0.8184174533525238
4410,96,583.65625,68.33333333333333,14.547112463683924,8.768111704228037,0.7979384211728643
4411,94,583.4255319148937,76.80851063829788,13.507024263326699,8.94140406175819,0.7495199219494326
4412,76,582.1184210526316,379.7894736842105,13.749772019627395,7.320464382206395,0.8464889831990555
4413,67,583.1940298507462,219.2089552238806,11.473993673276336,7.883589848569822,0.7265786190052943
4414,62,583.5967741935484,358.03225806451616,10.32332608332007,7.735831597347602,0.6621689555023302
4415,115,585.0695652173913,399.7217391304348,16.9430575119059,8.930601194040722,0.849806355961462
4416,49,584.2244897959183,424.0408163265306,8.383108424544664,7.520902623645421,0.4417267717665567
4417,98,584.5,154.28571428571428,13.859118525729981,9.21435974588049,0.7469688776462496
4418,73,584.4109589041096,595.9589041095891,11.343042460998186,8.498388588135201,0.6623257707521616
4419,66,584.6212121212121,347.90909090909093,11.15788276083643,8.08184143738473,0.6894673581735119
4420,88,585.2727272727273,534.1818181818181,12.818663699901853,8.992882941162234,0.7126241180145237
4421,37,585.6216216216217,18.16216216216216,8.568083869058418,5.578504623198087,0.7590094556125488
4422,50,585.22,229.88,9.940448595393917,6.525540722601547,0.7543578720728292
4423,65,585.5692307692308,265.9230769230769,12.027131383994544,7.136567513814612,0.80492808658989
4424,34,585.5,559.0,6.721344403334447,6.453453247954107,0.2795084971874737
4425,74,585.2837837837837,316.56756756756755,15.315790042701902,6.514858091489139,0.9050201364118868
4426,34,585.7941176470588,368.7647058823529,7.7803905739586545,5.862772118300266,0.6574113993961134
4427,142,586.7464788732394,464.96478873239437,15.410897648461916,12.037136231913943,0.6244315931042108
4428,116,585.9913793103449,481.9568965517241,15.09921138698134,10.040442526176586,0.7468747897939518
4429,75,586.4666666666667,519.32,10.121329899837557,9.497148867644954,0.3457405887644203
4430,79,586.620253164557,578.0379746835443,11.378419309991807,8.844574308116421,0.6291161164073715
4431,68,586.5147058823529,309.05882352941177,11.12139026568469,7.927426462796088,0.7013582592752607
4432,67,585.4925373134329,374.13432835820896,13.05183862131,6.965923550800685,0.8456662742249906
4433,57,586.4736842105264,551.8947368421053,8.934195603119107,8.125692031669418,0.41569384863412706
4434,36,587.3055555555555,589.2222222222222,8.808255414358971,5.303836907195764,0.7983876082083279
4435,23,587.9565217391304,81.47826086956522,6.141545217018917,4.897218148983137,0.6034618674549079
4436,71,587.6901408450705,252.14084507042253,12.432573707979055,7.682065492944055,0.7862580727990185
4437,52,587.5384615384615,286.36538461538464,9.954635563347027,6.769223778562812,0.7332054409164462
4438,68,587.3529411764706,335.52941176470586,9.748030050817981,9.0309038865023,0.37645787958852234
4439,79,587.5569620253165,436.63291139240505,10.427598929441709,9.641365839623298,0.3809375860322358
4440,126,586.9126984126984,206.38888888888889,20.8813433538492,8.096590992812729,0.921767597729309
4441,71,588.3802816901408,234.91549295774647,13.04984216304451,7.144800748950297,0.8368050724463668
4442,37,587.8918918918919,341.94594594594594,8.56678501969515,5.570017577548665,0.759773687746196
4443,191,588.3560209424083,450.75916230366494,20.640141393255234,12.125531079003608,0.8092435806926761
4444,134,588.1641791044776,11.029850746268657,16.01322807061908,10.810288456628776,0.7377400483781791
4445,52,588.4230769230769,87.53846153846153,9.914898482937154,6.796457128031404,0.7280921675445492
4446,30,588.7666666666667,100.23333333333333,7.582493417618748,5.6062677438927935,0.6732994013775264
4447,34,589.0294117647059,278.97058823529414,8.145731469700593,5.355203141995784,0.7535204540532919
4448,50,589.62,294.02,10.203510065639659,6.385262902997035,0.7799909313708877
4449,37,589.0,327.7567567567568,8.206784006330722,5.847093838291368,0.701701775253484
4450,142,588.8380281690141,503.6056338028169,15.165481697808296,12.397240056762584,0.5759792524020877
4451,40,589.225,512.7,9.490908418547972,5.520204470011524,0.8134529090934199
4452,56,589.9285714285714,60.357142857142854,9.949473364890032,7.252573094842799,0.6845771637893181
4453,33,589.060606060606,299.5151515151515,8.719318923220442,4.889891093600424,0.8279437644277912
4454,38,589.1842105263158,353.2631578947368,7.605607415511637,6.671114323111883,0.4802511250076713
4455,77,589.9350649350649,147.2987012987013,11.538753403356326,8.649664207066936,0.6618700400938017
4456,40,590.225,263.55,11.339479766112449,4.534997093044972,0.916545726710647
4457,80,591.025,472.2375,15.932520630500997,7.116339393161358,0.8947062898648392
4458,44,590.7727272727273,26.15909090909091,8.353869811973132,6.867552139426716,0.5693715077009683
4459,12,591.0833333333334,193.33333333333334,4.364045181411538,3.521300058081274,0.5907030891845738
4460,98,592.0,224.41836734693877,17.26051148247032,7.613679867368816,0.8974560164939843
4461,22,591.0,378.72727272727275,7.072387332781452,3.9623661718189633,0.8283177206193121
4462,70,590.6714285714286,94.08571428571429,10.615938859816334,8.497046622698674,0.599460113054153
4463,46,590.695652173913,105.56521739130434,8.623260027158853,6.808095295401153,0.6137458605281734
4464,40,591.725,35.45,7.544075760486914,6.8583468066315945,0.41656998728266115
4465,84,591.3690476190476,136.8452380952381,12.49776064033488,8.690761473309836,0.7186369131168625
4466,79,592.0759493670886,53.88607594936709,12.891926021614195,7.935152547546026,0.7881264609512842
4467,61,592.0327868852459,304.4754098360656,9.971024287650629,8.323047016230772,0.5506694944746868
4468,28,591.8214285714286,314.57142857142856,6.675504845408713,5.397361634163976,0.5884517274979781
4469,134,593.8507462686567,384.2686567164179,15.970786629930862,11.805211696837235,0.6735130371565363
4470,39,592.6666666666666,392.43589743589746,8.767893058758816,5.830821214095626,0.7468258558098947
4471,61,592.2295081967213,75.27868852459017,11.182119255788063,7.1761897181859515,0.7669090641905743
4472,167,592.5508982035929,116.41916167664671,15.724806700194959,13.721263411565642,0.48845855518092646
4473,149,593.3892617449665,241.2281879194631,17.886052606561,11.095651870306307,0.784323378947944
4474,66,591.7272727272727,272.1060606060606,11.169802571503178,7.670406977741322,0.7269321684548725
4475,44,592.5909090909091,346.25,8.032862949645649,7.017832452854829,0.48657240069070934
4476,66,593.469696969697,19.78787878787879,9.525279768043172,9.09484714582321,0.29721188186328695
4477,138,592.5072463768116,159.731884057971,15.458755084282597,13.083585914293609,0.5326201005837404
4478,32,593.09375,319.71875,7.051309709850642,5.820032764148847,0.5645728724381404
4479,83,592.8192771084338,365.87951807228916,11.401762483157915,9.321134049001992,0.5759045427162324
4480,189,593.4074074074074,491.0687830687831,18.324117598535,14.09690877334414,0.638876863531365
4481,101,593.0990099009902,586.5049504950495,15.178863731000932,9.022485931769777,0.804161288574035
4482,26,594.4615384615385,229.92307692307693,7.33703504599722,4.494821430534082,0.7903768488465319
4483,18,593.9444444444445,351.6666666666667,5.206833117271103,4.661372658534007,0.44558142364800396
4484,116,594.1034482758621,401.51724137931035,16.3369291135537,9.223160911432396,0.8253926929912414
4485,111,593.972972972973,202.05405405405406,15.32899370298721,9.83052343032967,0.7672880700846677
4486,87,594.3333333333334,217.09195402298852,11.469786592753982,9.903088353966172,0.5045088773265021
4487,99,595.2828282828283,286.34343434343435,12.9962174273064,9.95606488533558,0.6427523270365993
4488,20,594.6,310.55,5.894111444352154,4.411286692287973,0.6632220516573941
4489,22,594.1363636363636,325.04545454545456,5.627559105651695,4.972652484064488,0.46819513088513776
4490,59,594.9830508474577,330.8135593220339,10.278663463342964,7.407635571981955,0.6932670203271855
4491,56,595.3392857142857,373.76785714285717,10.276004249317669,7.070033190945176,0.7256975606998831
4492,28,594.8571428571429,413.85714285714283,7.753474344021251,4.638565366342132,0.8013047631261759
4493,61,595.1967213114754,478.37704918032784,10.558408447041472,7.949838728984013,0.6580901812592606
4494,72,594.4166666666666,595.8888888888889,11.521976292102364,8.289342442359356,0.6945571291868461
4495,76,596.0,4.7894736842105265,12.513695504421554,8.618423923015309,0.7250280623233815
4496,113,595.0,259.37168141592923,17.154689146720372,8.514542707786367,0.8681287422337323
4497,47,596.0212765957447,277.25531914893617,8.637862843287916,7.115823835616785,0.5668885555752456
4498,59,595.6779661016949,340.0,10.506674841036672,7.249873100250193,0.7237850991880443
4499,59,596.1355932203389,87.47457627118644,10.677755207688643,7.048477390646804,0.7511702314740377
4500,67,596.5223880597015,142.11940298507463,12.582527434819715,7.3268462897188975,0.8129716818385924
4501,79,595.3037974683544,357.8481012658228,11.467140416285414,10.278432487970836,0.4433716051385378
4502,35,596.4285714285714,447.57142857142856,6.92820323027551,6.490180966628885,0.3499271061118826
4503,41,596.4634146341464,453.9512195121951,8.062696359442723,6.596878418564767,0.574937185235795
4504,74,596.3378378378378,519.081081081081,13.192703520900928,7.33887422601713,0.8309930396414436
4505,52,596.5961538461538,29.78846153846154,10.405699276032463,6.355783098076525,0.7917862561715924
4506,44,596.7045454545455,70.25,9.000490389746256,6.342778741653604,0.7094907028531034
4507,52,596.4230769230769,298.38461538461536,10.349520506687591,6.489853196523189,0.7789645144161335
4508,57,596.5438596491229,508.9298245614035,11.030884673927252,6.874783103008419,0.7820382467152776
4509,54,596.6481481481482,62.148148148148145,11.466921490985937,6.471588184676746,0.8255218564550098
4510,30,597.2666666666667,80.06666666666666,7.3142481288321015,5.337872743049165,0.683670270726336
4511,43,597.0232558139535,106.86046511627907,9.518764340151009,5.93401105946627,0.7819019687749976
4512,62,596.8709677419355,127.16129032258064,12.988455412083363,6.296797742056528,0.8746252718903558
4513,92,596.0869565217391,423.5108695652174,17.72824161011578,6.9422814491777585,0.920137906996576
4514,63,597.0793650793651,463.53968253968253,14.459674991607287,5.811707993762357,0.9156724964597184
4515,41,597.560975609756,47.853658536585364,11.805382940040802,4.594435856238493,0.9211611215081792
4516,26,597.6153846153846,96.0,7.605665904189708,4.307692307692308,0.8241446490869536
4517,39,597.5384615384615,193.48717948717947,10.912092665001419,4.843969214052444,0.8960721865174839
4518,38,597.0263157894736,209.57894736842104,8.460198414490913,6.232219127471321,0.6762723900089285
4519,39,597.3846153846154,250.56410256410257,10.336238322359266,5.059778857842381,0.8719929672307917
4520,21,597.9047619047619,269.5238095238095,7.47360276043316,3.8779744475082647,0.8548412861975891
4521,29,597.3793103448276,315.13793103448273,7.580886992913492,4.933307670990732,0.7592869238640148
4522,26,597.8076923076923,322.3076923076923,8.444566446132896,3.976626446106803,0.8821815322436577
4523,14,597.7142857142857,436.5,4.20883424647321,4.120630029101703,0.2036532699906393
4524,16,598.125,16.25,6.602897716712576,3.025184579927621,0.8888696647386813
4525,38,597.578947368421,152.31578947368422,10.95335897674726,4.702989469687867,0.9031310304451258
4526,24,597.9166666666666,307.25,8.440212807819,3.7839613256855107,0.8938704516393291
4527,15,598.0666666666667,334.8,5.735306109723299,3.65081991475789,0.7712338800910408
4528,26,597.8076923076923,348.6923076923077,8.444566446132896,3.976626446106803,0.8821815322436577
4529,12,598.5,366.5,6.831300510639732,2.0,0.9561828874675149
4530,24,597.8333333333334,407.0833333333333,8.084555961158246,3.926542077792932,0.8741342801358535
4531,22,598.0454545454545,584.8636363636364,8.85950411306834,3.1473609715762185,0.9347703794593123
4532,13,598.2307692307693,391.61538461538464,5.577731984746022,3.1587439438471296,0.8241900378028242
