Object,area,centroid-0,centroid-1,axis_major_length,axis_minor_length,eccentricity
1,13,0.8461538461538461,105.0,5.203549084703927,3.076923076923076,0.8064425896179159
2,13,0.8461538461538461,255.0,5.203549084703927,3.076923076923076,0.8064425896179159
3,13,0.6923076923076923,276.3076923076923,5.9532635288403,2.8806767133078512,0.8751332852198315
4,11,0.9090909090909091,597.6363636363636,4.346129984141888,3.067356324605906,0.7084437526351622
5,19,1.4210526315789473,374.89473684210526,5.544698233777089,4.2956952169149805,0.6322808964466018
6,34,1.2647058823529411,490.5882352941176,10.817839811951895,4.125867752306532,0.9244122530170804
7,47,1.702127659574468,5.638297872340425,12.028621477585503,5.075116786042922,0.9066330330517329
8,13,1.3846153846153846,207.23076923076923,4.296689244236598,3.9041777047536983,0.4175631381707138
9,3,0.6666666666666666,227.66666666666666,2.3094010767585034,1.3333333333333333,0.816496580927726
10,41,1.6097560975609757,351.1951219512195,10.899591916717725,4.909613986190764,0.8928066181199155
11,38,1.7894736842105263,389.7894736842105,9.559563139564016,5.092476032096337,0.8462977770895069
12,33,1.878787878787879,398.0,7.691002220225602,5.461275309609119,0.7041146544399702
13,30,1.6333333333333333,528.1333333333333,7.713855342440117,5.104985817840488,0.7496854336159943
14,28,1.5714285714285714,584.9642857142857,7.370878217725672,4.942191451195868,0.74190737080706
15,24,1.8333333333333333,327.875,5.811014160855937,5.24763470316745,0.4295360352800381
16,41,2.1219512195121952,473.390243902439,9.369458659185723,5.6978482999111835,0.7938375024352514
17,40,2.375,77.0,7.745966692414834,6.614378277661476,0.5204164998665333
18,28,2.5,139.28571428571428,7.126411815816031,5.228451358766715,0.6795034007010224
19,68,3.014705882352941,170.60294117647058,10.850225446778731,8.273604930737449,0.6469547556794004
20,50,2.7,463.26,9.966741223083828,6.392375880068496,0.7672311348146051
21,91,2.7472527472527473,575.1648351648352,17.162444457257358,7.121723533768393,0.9098397727349846
22,85,3.929411764705882,233.18823529411765,12.088020580319995,9.247457369045872,0.6440183270809797
23,102,3.627450980392157,303.578431372549,13.78348229165195,9.649262800143255,0.7140841550956716
24,12,4.083333333333333,370.4166666666667,4.163331998932266,3.80058475033046,0.40824829046386296
25,122,3.4262295081967213,411.89344262295083,17.70481208500408,9.127982493493864,0.8568504359403296
26,37,3.945945945945946,423.3243243243243,7.990503371228457,6.03955132428817,0.6547550253891737
27,79,3.3164556962025316,499.72151898734177,12.073072907769692,8.434726545276531,0.7154737884252127
28,58,4.5,29.655172413793103,9.244139532538025,7.962537784229,0.5079939740122211
29,68,4.411764705882353,449.44117647058823,10.980718574031265,7.89320672043301,0.6951918491828317
30,86,4.372093023255814,509.2093023255814,12.227384432837745,9.116456699251987,0.6664194815334046
31,29,4.551724137931035,258.3103448275862,6.258786926641891,5.866529742934273,0.3484510929203089
32,41,4.975609756097561,438.2682926829268,8.136850704561327,6.412351513007803,0.6155945127794518
33,31,5.838709677419355,88.58064516129032,8.16773226526566,4.791806200888315,0.8098223108427357
34,60,5.516666666666667,163.26666666666668,10.288231057495391,7.479532927843716,0.6866385962003854
35,42,4.714285714285714,218.0,11.125581074914763,4.767058538138869,0.9035525631259185
36,78,5.948717948717949,145.39743589743588,11.14115528015076,9.051004440242169,0.5831093075437795
37,36,6.5,99.0,9.636124846577763,4.810935245996008,0.8664520090645165
38,34,6.294117647058823,207.55882352941177,7.028668146373211,6.153394191364449,0.48327089937140305
39,42,6.595238095238095,430.76190476190476,8.694091182948979,6.151163693460605,0.7067024985398419
40,148,6.128378378378378,520.0743243243244,14.425204217605131,13.168114493225053,0.4082847292301574
41,75,6.093333333333334,312.73333333333335,13.22219900236263,7.411902453915936,0.828110403816861
42,62,7.032258064516129,380.5967741935484,9.811245031725074,8.188824620113662,0.550800938288899
43,49,7.020408163265306,470.16326530612247,9.074720769636164,6.844628781853738,0.6565847289279766
44,53,7.716981132075472,247.88679245283018,8.873655474448205,7.637907187393984,0.5090454197605329
45,17,7.588235294117647,485.88235294117646,5.181899763382574,4.041201040002321,0.625943231252129
46,123,7.32520325203252,533.9186991869918,15.317197915558522,10.678230226428001,0.7169350898911236
47,76,7.881578947368421,332.85526315789474,10.571960324590567,9.18181229692416,0.4956784346209409
48,84,8.428571428571429,50.04761904761905,14.934919594494069,7.189395366158437,0.8765111312368401
49,61,8.098360655737705,226.19672131147541,9.037200765184545,8.595515440881643,0.30880346381300633
50,35,8.485714285714286,267.6,7.2974558385953285,6.072033206706202,0.554662593275835
51,11,8.818181818181818,354.1818181818182,3.8138503569823694,3.6725472503134826,0.26967994498529707
52,21,8.142857142857142,463.8095238095238,5.316632771645401,4.992156306471802,0.34400025467068873
53,47,8.51063829787234,117.17021276595744,10.15702390138718,5.873427968051838,0.8158506363595279
54,24,9.125,275.0,6.077325358632581,4.9815777104569365,0.5727944638276179
55,60,9.216666666666667,419.73333333333335,10.952161236378716,7.0824625211485985,0.7627676944105135
56,48,9.4375,126.77083333333333,8.243956553710454,7.40277442783605,0.44006935973222333
57,83,9.662650602409638,388.5301204819277,12.249226982784904,8.702614917584329,0.7037351852689685
58,111,9.045045045045045,400.963963963964,15.373488011595109,9.415289107126009,0.7905195895245056
59,70,10.385714285714286,369.98571428571427,11.13639638508328,7.985513800397874,0.6970068820778376
60,93,10.010752688172044,567.0752688172043,13.007142331871073,9.330907680264163,0.6966944470736276
61,29,10.586206896551724,133.27586206896552,6.278954609436002,5.818841337079276,0.3757492863864437
62,42,11.357142857142858,306.95238095238096,8.01713049408453,6.67125655272632,0.5545877769528865
63,58,12.206896551724139,154.75862068965517,9.366785014777735,7.897490357368195,0.5376975709140968
64,61,12.62295081967213,434.9836065573771,11.945384390752842,6.66377398085612,0.82993946779673
65,37,12.08108108108108,513.8918918918919,9.64673202476289,4.970154043940714,0.8570601581876951
66,40,12.725,121.075,7.703033937300584,6.6455449859883915,0.5056855612417251
67,59,13.254237288135593,586.1694915254237,10.018926282377201,7.4985990324620975,0.6631986954653774
68,35,13.17142857142857,83.31428571428572,7.446496995361971,5.941302067153899,0.6028356776063444
69,52,13.942307692307692,142.8846153846154,9.103885625530182,7.248813835395657,0.60499013798886
70,33,13.575757575757576,537.7575757575758,7.733760447903442,5.427691964351012,0.7123563391901463
71,25,14.4,548.32,6.06563838101379,5.303737458695745,0.4852226285418431
72,64,14.265625,574.8125,10.393479249226061,7.939406958073585,0.6453542047446789
73,109,15.036697247706423,234.03669724770643,12.985352245376852,10.679565973301834,0.5688637942141467
74,44,14.772727272727273,424.40909090909093,9.508691524339934,5.961140722889071,0.7790877133344789
75,56,15.089285714285714,353.60714285714283,9.01343869829733,7.884223744702197,0.4846309164933581
76,42,16.30952380952381,254.52380952380952,8.117888227292402,6.660890663066954,0.5716176383346079
77,86,16.41860465116279,264.1511627906977,11.725297220528287,9.459791714500192,0.590845383342472
78,52,15.903846153846153,297.5192307692308,11.25387422472337,6.022739564117304,0.8447441740833785
79,31,16.516129032258064,367.03225806451616,7.465508539826837,5.410880580068476,0.688976242233514
80,79,16.417721518987342,471.5189873417722,11.420076521732968,9.23391771193726,0.5884016276643939
81,27,17.25925925925926,35.407407407407405,6.025659376849024,5.679488253754415,0.33406370115253947
82,24,17.666666666666668,203.875,6.081140986576509,4.932066489508719,0.5849866175853743
83,90,17.166666666666668,278.46666666666664,12.431771012513792,9.290973070864696,0.6644225133275348
84,113,16.628318584070797,395.646017699115,15.556278724555506,9.37796756076437,0.7978611069528456
85,33,17.818181818181817,2.9696969696969697,7.141896840252406,5.853876778956921,0.5728604101637416
86,69,17.695652173913043,337.4492753623188,11.058428278043877,7.917114893239843,0.6981670284109689
87,67,17.73134328358209,312.6865671641791,10.520637536507369,8.11990173745759,0.6358568616771643
88,21,17.904761904761905,482.1904761904762,5.637580414075711,4.727494722282231,0.5447968914816204
89,10,19.2,514.5,4.09878030638384,2.9933259094191533,0.6831300510639732
90,53,19.69811320754717,305.811320754717,9.72781713028374,7.0324258643799125,0.6909325707831531
91,56,19.839285714285715,494.67857142857144,10.763181221692774,6.596679080185668,0.7901658663428125
92,98,20.377551020408163,25.622448979591837,12.281859975826888,10.175129400062966,0.5600362310676745
93,59,21.152542372881356,175.42372881355934,11.182975851188687,6.807354433324754,0.7933814663070495
94,108,21.02777777777778,373.19444444444446,14.140737353072955,9.813824537339093,0.7199645826169977
95,31,21.677419354838708,105.09677419354838,6.408491563693642,6.176464819609168,0.2666484498914696
96,34,21.529411764705884,185.05882352941177,6.800840927820536,6.437706455297952,0.3223972210116083
97,38,21.5,248.0,7.455128930368747,6.407232755171875,0.511237358145545
98,27,21.333333333333332,257.8888888888889,6.381458568993783,5.440402024348642,0.5226739104349067
99,59,22.16949152542373,269.64406779661016,9.496313410950494,7.885483337025956,0.5572077636000166
100,48,23.0625,126.70833333333333,9.059167066715837,6.745952930922368,0.6674497099323422
101,97,23.2680412371134,289.10309278350513,12.42056637001292,10.05334457947558,0.5872423973372827
102,111,24.207207207207208,299.6306306306306,15.283812003711875,9.434652679813885,0.7867301330238787
103,94,23.893617021276597,407.6063829787234,13.4803682425384,8.922984079552679,0.7495706409396644
104,33,24.90909090909091,159.5151515151515,7.323585645767282,5.6717354248029315,0.6326377092224391
105,23,24.91304347826087,181.04347826086956,5.809656416687405,5.022658496174333,0.5025704876770721
106,33,24.696969696969695,201.9090909090909,6.874549711001055,6.079249859260948,0.4668955992874022
107,130,24.646153846153847,519.0,18.247161752033787,10.194610442677813,0.8293727371794717
108,70,25.785714285714285,279.07142857142856,10.945260319777818,8.20186956049651,0.6621701238798309
109,98,26.877551020408163,391.66326530612247,14.429775394961453,8.86249200140429,0.7891652927718825
110,52,25.923076923076923,542.0384615384615,9.153094712660124,7.175453251915339,0.620839879638657
111,40,26.05,262.925,7.625496572234495,6.61224636767566,0.4980934074473946
112,77,26.584415584415584,532.7402597402597,11.523819447152524,8.701862741330753,0.6555869763442548
113,36,26.52777777777778,237.30555555555554,7.450178427036949,6.3148679681127105,0.5306149538979471
114,77,26.623376623376622,311.7142857142857,10.102855604322107,9.761748226582965,0.2576566551730158
115,66,26.939393939393938,378.6060606060606,11.92542349673024,7.149914744355336,0.8003356008019421
116,56,26.660714285714285,588.8392857142857,11.558013730329636,6.153982635901808,0.8464659070448616
117,42,27.071428571428573,492.8095238095238,7.481288665623518,7.100408962162514,0.3150079736229225
118,51,28.19607843137255,251.58823529411765,8.6820462406396,7.475450326325165,0.5085642956965195
119,48,28.458333333333332,2.875,8.976017144191362,6.76904757821007,0.6567298006142667
120,116,28.405172413793103,432.9655172413793,14.32906810398204,10.962211381709022,0.6439909603179894
121,22,28.40909090909091,505.8181818181818,6.149648918286458,4.559976801448893,0.6709506875880111
122,71,28.338028169014084,384.22535211267603,15.07779764973532,6.323851922349096,0.9077946911328059
123,73,28.89041095890411,416.82191780821915,12.803643989838,7.2506973205489444,0.8241995296760247
124,79,29.367088607594937,111.51898734177215,11.412570774727596,8.875881290890389,0.6286003623699876
125,58,29.689655172413794,449.3103448275862,10.521426275530034,7.037605329362252,0.7433675120288323
126,40,30.15,232.8,7.26636084983398,7.0285133563222315,0.253759609461276
127,26,30.346153846153847,473.65384615384613,6.115263665954397,5.378017936291857,0.47600659499739345
128,72,30.22222222222222,339.875,9.958208179960186,9.262503246303556,0.3672113275943269
129,37,30.91891891891892,284.9189189189189,7.29514729692307,6.5246036953595254,0.447316226919227
130,57,30.859649122807017,294.9298245614035,9.063442535743512,8.069025023738368,0.45540852423960354
131,57,30.82456140350877,526.2631578947369,10.305525750423358,7.397429441205674,0.6962370411430816
132,81,32.4320987654321,439.91358024691357,14.764649070293032,7.312058232582644,0.8687556858254536
133,96,31.802083333333332,513.0520833333334,14.1271188015366,8.91184841349138,0.7759188823906227
134,32,31.34375,554.875,7.256232980593343,5.6308487753934084,0.6307308753575595
135,9,32.888888888888886,0.7777777777777778,4.312594463574638,2.660928660904759,0.7869526281849774
136,96,33.0625,84.13541666666667,13.484288869731206,9.127872200018214,0.7360506372947238
137,102,33.568627450980394,401.2156862745098,13.447359593810928,9.921051687732023,0.6750527188461073
138,75,34.38666666666666,270.74666666666667,10.629037423175896,9.1493829246114,0.5089580931062255
139,97,34.29896907216495,304.9587628865979,12.411679502009648,10.082039626212783,0.583236207226445
140,37,35.0,522.6216216216217,8.124497065830052,5.809980923013853,0.6990028924626492
141,24,35.291666666666664,362.2916666666667,6.165086667499928,4.9601227296636266,0.5938844246982015
142,39,35.23076923076923,580.6923076923077,7.594876994740451,6.551743165280198,0.505796263723146
143,52,35.46153846153846,279.90384615384613,9.140410120677272,7.357136605965547,0.5934074313528092
144,34,35.294117647058826,494.5,6.964069923269997,6.154864169189802,0.4678596948487089
145,31,36.645161290322584,294.03225806451616,7.954652254492242,5.153955546009994,0.7617108233828842
146,23,36.391304347826086,455.95652173913044,6.193882567696608,4.665229164899034,0.6577921667504072
147,77,37.116883116883116,9.0,12.408719418467813,7.933974598421647,0.7688850307325691
148,40,36.925,189.225,8.902257152133918,5.714001889856222,0.7668219272657706
149,65,36.92307692307692,478.18461538461537,10.314875892297696,8.002515754649838,0.6309508731474951
150,54,37.166666666666664,64.88888888888889,10.105649676663445,6.802272145463389,0.7395371272454241
151,123,37.28455284552845,425.1382113821138,14.138231057048198,11.422641503768212,0.5892842412294905
152,58,38.0,113.5,9.25428492177676,7.93157832493044,0.5151984753550916
153,52,38.30769230769231,147.01923076923077,10.22130372022415,6.481067828665303,0.7732719802134201
154,36,38.333333333333336,2.0,8.054069795722764,6.038649936778882,0.6617055624822384
155,19,38.421052631578945,528.421052631579,6.007929625764467,3.9363446638591832,0.7554628024471174
156,90,38.644444444444446,95.11111111111111,15.58726088166199,7.457684043550623,0.8781162280079851
157,65,39.13846153846154,356.87692307692305,10.079218249503294,8.361924749385318,0.5583279015460734
158,9,39.111111111111114,397.6666666666667,3.885753375057407,2.7954428906961324,0.6945875203623408
159,23,38.78260869565217,547.9130434782609,5.733826014124253,5.0375140067593245,0.4776307722564946
160,36,39.0,349.5,8.051678328372615,5.622714694954674,0.715777626389652
161,132,39.20454545454545,445.969696969697,14.406605834344273,11.842737983792182,0.5694365900229074
162,133,39.78195488721804,512.015037593985,18.83884235121376,9.61530045349282,0.8599385217330059
163,46,40.91304347826087,273.6521739130435,8.926612754861623,6.540689037106817,0.6805324863842358
164,86,40.895348837209305,535.3139534883721,12.656712980966658,8.664789310285185,0.7289186855696154
165,34,41.26470588235294,461.29411764705884,7.318433604619445,5.8956652444930135,0.5924718735030234
166,33,41.21212121212121,522.7878787878788,7.197092947388497,5.8339289765269955,0.5856068872312963
167,79,41.56962025316456,316.7848101265823,12.964583453001886,8.01026893737248,0.7862898612595515
168,4,41.5,454.5,2.0,2.0,0.0
169,62,42.70967741935484,291.7741935483871,9.904427136038027,8.119818927984218,0.5726254361053075
170,39,42.97435897435897,410.84615384615387,7.6861358118116465,6.406786961903773,0.5524423620835385
171,17,43.88235294117647,228.41176470588235,5.181899763382574,4.041201040002321,0.625943231252129
172,55,43.945454545454545,379.6727272727273,10.673012076334347,6.547590812644465,0.7897167080926256
173,101,43.43564356435643,566.3663366336634,16.398803847835772,7.967407687998933,0.874040550316335
174,80,45.075,420.6125,12.570335564885815,8.324311610347536,0.7493105885938222
175,53,45.339622641509436,506.66037735849056,10.632444491955734,6.668408960109182,0.7788779496100291
176,55,44.89090909090909,578.4181818181818,8.647563231602584,8.102431870836726,0.34943321137657585
177,51,45.450980392156865,2.843137254901961,8.828504358606121,7.365651382357184,0.5513055440553986
178,56,45.642857142857146,143.41071428571428,9.308770979717517,7.655520029939289,0.5689117475979752
179,38,46.0,211.47368421052633,8.645149392261034,5.5807749009598995,0.7637279124696067
180,48,45.75,358.7916666666667,9.378648738659123,6.609072304471825,0.7095119070618912
181,39,46.30769230769231,298.0,7.2552776138779045,6.89853198802061,0.3097148065412552
182,38,46.44736842105263,366.94736842105266,7.788084396008055,6.197983020162138,0.6055214974039664
183,47,46.95744680851064,489.70212765957444,8.216051613949146,7.274628307873284,0.4647983247792292
184,67,47.35820895522388,189.16417910447763,11.204452168649272,7.678608681533511,0.7282442836922778
185,61,47.60655737704918,242.81967213114754,10.274997719066745,7.717417029597932,0.6602032604216842
186,30,47.53333333333333,323.3,7.948413391468302,5.023107947000169,0.7749980692533628
187,130,47.53076923076923,557.9153846153846,13.685805386820121,12.266895250215756,0.4434027315672175
188,39,47.717948717948715,235.10256410256412,7.995117351789429,6.330311116647284,0.6108165763242959
189,78,48.6025641025641,85.35897435897436,12.869950953186217,7.701541266103498,0.8011880665055676
190,46,48.65217391304348,263.30434782608694,7.911468506584442,7.418515684017298,0.3474692914869138
191,68,48.44117647058823,449.55882352941177,10.11594042198111,8.712632432956223,0.5081347983454282
192,49,48.42857142857143,13.63265306122449,9.115553014538186,6.831248803201269,0.6621109152351405
193,21,49.0,533.0,5.0896720822428145,5.0896720822428145,0.0
194,49,49.57142857142857,313.38775510204084,8.039088367308729,7.745179279999129,0.2679241877453864
195,82,51.451219512195124,514.1829268292682,14.64303604168579,7.334065387836601,0.8655301166712809
196,17,49.588235294117645,572.6470588235294,5.366359905713177,4.0470547254255615,0.6566991163647711
197,46,50.391304347826086,497.9130434782609,8.64886029996843,6.712757231683309,0.6305562407436808
198,29,51.172413793103445,26.103448275862068,7.10353671291595,5.112171406486839,0.6943207788666131
199,34,50.88235294117647,363.8529411764706,7.902055456788462,5.535079433298694,0.7136909580054019
200,87,51.47126436781609,457.1264367816092,12.339139293853952,8.98943729492517,0.6850135397344238
201,68,52.470588235294116,396.22058823529414,10.851002284745949,8.00322417325063,0.6752857393944179
202,55,51.32727272727273,505.4727272727273,10.50400534472696,6.791323145385952,0.762874961983186
203,47,53.06382978723404,140.51063829787233,9.479439032244937,6.407180378004596,0.7369906805715418
204,47,52.04255319148936,171.53191489361703,9.446986760137976,6.32343004593317,0.7429386923696425
205,4,52.5,229.5,2.0,2.0,0.0
206,78,53.30769230769231,468.6025641025641,12.44357274305709,8.405586317810855,0.7373634520329997
207,42,53.19047619047619,585.8571428571429,7.74655382321893,6.875634558060101,0.46066645989589017
208,51,53.96078431372549,11.686274509803921,10.183301170495062,6.68294671030223,0.75453026369377
209,36,53.44444444444444,235.05555555555554,7.052095506710972,6.561865010880446,0.36633146270259737
210,62,53.79032258064516,325.66129032258067,9.880818478492653,7.997464385722851,0.5872675055724872
211,55,53.90909090909091,307.1454545454545,9.490962543011284,7.468477685095981,0.6170752627144312
212,111,53.7027027027027,421.77477477477476,14.146115582106132,10.146867392159164,0.6967747419837356
213,56,54.035714285714285,520.8928571428571,9.921062709182909,7.266154726977579,0.6808780403039291
214,56,55.767857142857146,194.80357142857142,10.452468430814696,6.8957977168563875,0.7515034921278465
215,59,55.983050847457626,387.135593220339,9.435312622780293,7.959527441331989,0.5369891345666785
216,108,55.648148148148145,595.2222222222222,14.071547220920507,10.057164892160955,0.6994144241064505
217,129,55.72093023255814,565.0387596899225,16.72463775904713,9.87091588968373,0.8072555432017348
218,40,57.225,504.075,8.310334991903689,6.232040783109585,0.6615347530906592
219,22,57.95454545454545,169.13636363636363,5.627559105651695,4.972652484064488,0.46819513088513776
220,33,57.72727272727273,574.939393939394,7.2116511719462535,5.873739096503939,0.5801929068088314
221,119,58.403361344537814,445.78991596638656,13.162930320294775,11.593942004968525,0.4734838396621637
222,45,59.28888888888889,232.11111111111111,7.938838224330613,7.264663892780424,0.403274697388571
223,62,59.725806451612904,260.741935483871,10.262804177658118,7.738879184700632,0.656793338087154
224,37,59.729729729729726,516.2702702702703,8.222642915516683,5.7419151678755505,0.7158000427523419
225,75,60.413333333333334,469.18666666666667,12.815222643076988,7.641926876524312,0.8027495267886893
226,37,61.13513513513514,410.18918918918916,8.285411578476241,5.704484566062129,0.7252387819972155
227,26,61.03846153846154,571.4230769230769,7.041674655526133,5.006566250404105,0.7032012591594663
228,57,60.96491228070175,18.473684210526315,11.60475089692497,6.232402230946192,0.8435465298209359
229,73,61.64383561643836,509.90410958904107,10.143064358433318,9.429426256983946,0.3684621485570127
230,44,61.61363636363637,522.1363636363636,8.826598730646394,6.4205440776549585,0.6862045519175688
231,45,62.44444444444444,122.46666666666667,9.75521474673955,5.922814859699664,0.7945922324232451
232,62,62.274193548387096,364.9032258064516,9.509842319093146,8.274551712201053,0.49286819007903154
233,101,61.42574257425743,426.5940594059406,17.33254805295835,7.642152939349206,0.8975496427225306
234,46,62.369565217391305,218.8913043478261,8.193751007477378,7.080983492792158,0.5031602126912897
235,57,62.824561403508774,528.0526315789474,11.238694620673185,6.6409585977058585,0.8067439020383974
236,77,61.922077922077925,587.2337662337662,10.981610737963521,9.03623310811493,0.5682566961385485
237,67,63.83582089552239,192.1044776119403,9.792745385780576,8.82182353157936,0.4341243709248254
238,51,64.3921568627451,566.5294117647059,8.819897789563083,7.575092665754695,0.5122037048148428
239,17,64.58823529411765,229.88235294117646,5.181899763382574,4.041201040002321,0.625943231252129
240,54,64.75925925925925,501.77777777777777,10.473851380818616,6.598786183129316,0.7765750085872337
241,39,65.1025641025641,13.487179487179487,8.238472333662644,6.072866733233322,0.6757454512652463
242,17,65.88235294117646,91.41176470588235,5.181899763382574,4.041201040002321,0.625943231252129
243,25,65.56,126.4,5.887478237751711,5.4258639865002145,0.3881555064577865
244,48,65.45833333333333,403.125,8.976017144191362,6.76904757821007,0.6567298006142668
245,76,65.42105263157895,458.94736842105266,10.913390555747101,8.880266066638717,0.5812798978468798
246,60,66.16666666666667,594.6833333333333,9.271946485123474,8.309559925458402,0.4436412291939074
247,5,66.2,380.6,3.098386676965933,1.7888543819998317,0.816496580927726
248,39,66.58974358974359,201.87179487179486,7.9537059251189195,6.26246832005979,0.6164873260662904
249,48,66.45833333333333,258.1041666666667,8.573490713681482,7.161973756830479,0.5496992589010008
250,59,67.8135593220339,347.40677966101697,11.542794611641128,6.584590011434251,0.8213321607317898
251,20,67.05,2.9,5.215361924162119,4.795831523312719,0.3929526239966882
252,60,67.1,354.6,9.34484305877548,8.137602526145058,0.49161597259305906
253,42,67.47619047619048,395.4761904761905,8.99686484315346,5.935381924942681,0.7515143940741166
254,51,67.43137254901961,424.3137254901961,10.465381657581727,6.346387365240123,0.7951466458507276
255,96,67.64583333333333,440.0729166666667,13.300327721913572,9.318937811475175,0.7135004692063757
256,87,67.62068965517241,476.1034482758621,12.389417029265212,9.076008325558497,0.6807009898881667
257,55,67.81818181818181,572.8909090909091,9.372590795899107,7.619277180142088,0.5823588891329421
258,68,67.51470588235294,48.98529411764706,12.473188433158008,7.008461475149132,0.8272173177994387
259,50,68.38,282.76,8.521472737994724,7.4614008319894385,0.48303704135241193
260,64,68.015625,468.0625,10.439611245841647,8.012372356905077,0.6410523023659125
261,51,68.52941176470588,299.7450980392157,8.653397537873314,7.550261355600843,0.4885786161866179
262,72,68.5,530.7916666666666,11.78554166934816,8.284249231996585,0.7112725838386231
263,51,69.01960784313725,185.2941176470588,9.16750900546779,7.07784966456552,0.6355519465297215
264,39,68.76923076923077,232.33333333333334,8.180658776482275,6.290880568511352,0.6392555466518911
265,41,69.41463414634147,9.024390243902438,7.848028508624076,6.64349242920571,0.5323611061858284
266,23,69.26086956521739,18.391304347826086,6.266644000724488,4.678255313591582,0.6653486104970833
267,93,69.21505376344086,516.505376344086,11.900462157627715,9.970055610434319,0.5459967978182175
268,30,69.6,589.1666666666666,6.8776398413081274,5.594070590259537,0.5817457674311183
269,95,69.84210526315789,375.6421052631579,13.119454931607129,9.308740230546817,0.7046680632813205
270,76,70.39473684210526,432.61842105263156,11.667880697792754,8.674581929777613,0.6687823715201514
271,42,70.0952380952381,564.1666666666666,8.294020640328672,6.440248078602803,0.6301260093692855
272,79,71.20253164556962,365.6455696202532,11.099492604841135,9.140719121018344,0.567278739763334
273,22,72.04545454545455,391.72727272727275,5.745513036339489,4.967396738984729,0.5025128421777272
274,72,72.22222222222223,453.77777777777777,10.912961952506254,8.44553222180643,0.6333088276627553
275,106,73.22641509433963,321.39622641509436,13.081984009603039,10.469241586628437,0.5996273600580012
276,73,72.91780821917808,538.5342465753424,10.530517457343683,8.854716627126399,0.5412488829061924
277,71,72.90140845070422,33.098591549295776,9.770547502180346,9.217252653522806,0.33173915873034426
278,84,74.04761904761905,482.10714285714283,12.135267488618691,9.468800635455647,0.6254412342143055
279,45,73.35555555555555,574.3111111111111,12.245753595710363,5.136270238175406,0.907786406158057
280,43,74.32558139534883,285.95348837209303,8.81863659529885,6.231096594577804,0.7076304132291591
281,29,74.51724137931035,212.10344827586206,6.258786926641891,5.892416376081057,0.33711630285598315
282,20,75.1,7.95,5.215361924162119,4.795831523312719,0.3929526239966879
283,97,75.09278350515464,425.30927835051546,14.547684572597463,8.575665826635884,0.8077781198296523
284,87,75.01149425287356,301.95402298850576,13.710850990653624,8.278185380568768,0.7971594062208696
285,24,76.5,19.291666666666668,6.345581823718532,4.799911131890732,0.6540887482653511
286,32,75.84375,161.125,6.949651580781463,5.878921491714422,0.533293325007999
287,79,76.0886075949367,331.9873417721519,10.899052963766714,9.210282045097339,0.5346818750711767
288,33,76.66666666666667,220.45454545454547,7.009373233842889,6.077552066289297,0.49820251065886273
289,55,76.54545454545455,415.8545454545455,10.260470927328406,6.834822782278343,0.7458343238504485
290,58,77.24137931034483,43.98275862068966,10.158341707735195,7.2308303165242895,0.7023699638387239
291,35,77.11428571428571,86.85714285714286,7.275706504946321,6.123725436466656,0.5399961865747203
292,47,77.57446808510639,106.95744680851064,8.364449499931828,7.095337635454588,0.5295589880103881
293,76,77.72368421052632,387.3157894736842,11.772127677111872,8.32686480878634,0.7068762039949237
294,29,77.96551724137932,12.931034482758621,6.747064008147282,5.5741956900534,0.5634266082520563
295,33,78.39393939393939,225.8181818181818,7.129387849686617,5.906535707047022,0.560022705454664
296,59,77.96610169491525,371.3050847457627,10.529015669231562,7.4313818782985335,0.7084109039836315
297,78,78.1025641025641,443.8974358974359,12.199309612996128,8.262936630390236,0.7356809677293521
298,140,77.48571428571428,524.2,13.60617667280664,13.169232743111877,0.2513881542957536
299,52,78.07692307692308,571.1346153846154,9.488396294986083,6.997880804164528,0.6753254334145954
300,86,78.30232558139535,580.7790697674419,13.086883686696442,8.609181584241043,0.7531506328186471
301,39,79.07692307692308,232.43589743589743,7.274347246750418,6.879949692268513,0.32480090393696703
302,163,79.5398773006135,591.4233128834355,19.930753886783027,11.371910935415873,0.821248251428705
303,26,79.23076923076923,184.5,6.12671397599715,5.441627040730009,0.45949498745562334
304,45,79.42222222222222,435.55555555555554,8.758512470483778,6.5411566950592475,0.6650102786592414
305,50,80.5,25.96,10.445143296130688,6.183314768253039,0.8059527350334535
306,9,80.0,83.0,3.265986323710904,3.265986323710904,0.0
307,80,80.6,280.9625,10.582592518146559,9.655373405253084,0.4093384528811313
308,27,81.03703703703704,556.074074074074,7.189113369313336,4.844189184313601,0.7388928920529927
309,28,81.28571428571429,16.857142857142858,6.335192637147322,5.899500806037615,0.3644403285071946
310,46,80.93478260869566,151.67391304347825,8.423886543610498,6.9507005100042285,0.5649604126611862
311,27,80.70370370370371,257.14814814814815,6.314006402372294,5.430341090386012,0.510215128750438
312,30,81.83333333333333,7.566666666666666,6.465659030485811,5.89460468671211,0.4109034521898795
313,39,81.92307692307692,216.3846153846154,7.375566936750061,6.760442031707944,0.39980631789345566
314,33,82.3030303030303,238.0909090909091,6.874549711001055,6.079249859260948,0.4668955992874022
315,70,82.58571428571429,290.2,13.0577394100516,6.8989153738772595,0.8490333960059623
316,75,82.26666666666667,421.14666666666665,11.32267081060304,8.505400450644814,0.660093745204237
317,67,82.4776119402985,376.2985074626866,10.470065158688223,8.403311875440506,0.5965127648387953
318,78,82.21794871794872,483.8205128205128,12.061306096458207,8.296936915343617,0.7258082700690518
319,65,82.84615384615384,99.8,9.523465339969631,8.656273074464488,0.4169236270573842
320,75,82.72,531.16,15.108559202958519,6.616200229539918,0.8990184593478134
321,88,83.10227272727273,321.0681818181818,11.616504115388336,9.68112532245434,0.5526792652258781
322,61,83.34426229508196,341.0327868852459,9.767005472400204,7.934383092687421,0.5831479182028194
323,142,82.90845070422536,461.0,15.348722303428945,11.83457946708025,0.6367787754631221
324,30,84.06666666666666,273.7,7.04588829813975,5.420118108709401,0.6389362037118564
325,54,83.83333333333333,330.2962962962963,8.976586885858131,7.751793213930018,0.504251468928973
326,154,84.13636363636364,539.1948051948052,18.71901013816261,10.833710280359343,0.8155018669862247
327,4,83.5,20.5,2.0,2.0,0.0
328,45,85.84444444444445,10.6,10.851140158358369,5.579231039494365,0.8576938025732709
329,48,85.39583333333333,155.8125,9.374749342242954,6.761013015246869,0.6927331437857699
330,72,85.11111111111111,225.68055555555554,10.896705096975301,8.464856368432631,0.6297138862336277
331,29,85.13793103448276,37.58620689655172,6.341063442449137,5.829948411900614,0.3933331685817229
332,49,85.53061224489795,211.0204081632653,8.793803951851327,7.099468744530919,0.5901053552646399
333,74,86.22972972972973,73.02702702702703,13.109924784459656,7.205721438681435,0.8354025064839956
334,57,85.64912280701755,440.87719298245617,9.152849253264996,7.90603799177373,0.503871039814822
335,107,85.85981308411215,472.32710280373834,14.39666433736767,9.739569334311065,0.7364282169369694
336,42,87.4047619047619,493.85714285714283,8.105950173734469,6.61261509214757,0.5783722438976575
337,73,87.41095890410959,147.13698630136986,10.322958649875023,9.006609613930236,0.4886438296750265
338,135,89.51851851851852,554.562962962963,19.007450582202647,9.92171853228994,0.8529509799512258
339,27,87.4074074074074,559.925925925926,6.421500681256116,5.2654105708259085,0.5724125976557585
340,57,87.9298245614035,411.1578947368421,9.627644674639885,7.587332514294273,0.6155757193796862
341,57,88.6842105263158,505.43859649122805,14.495741161026528,5.238860968444551,0.9324081981799431
342,29,88.44827586206897,127.89655172413794,7.012067542354836,5.291142429636978,0.6562119174292692
343,21,88.04761904761905,371.8095238095238,5.602338368222782,4.7002407233912535,0.5441647649087309
344,105,87.94285714285714,44.74285714285714,14.007384690336652,9.752026336835714,0.717841973618973
345,23,89.21739130434783,343.9130434782609,5.897469044437085,5.124039002008371,0.49506857483560257
346,32,89.34375,14.03125,7.334369672499985,5.5046136564805765,0.6608442469018894
347,52,89.57692307692308,337.09615384615387,8.426203192604769,7.931604021916847,0.33756491915663633
348,31,89.58064516129032,355.4516129032258,6.425754631219991,6.06314329004941,0.33117581336027324
349,49,88.91836734693878,380.7551020408163,8.183531842536006,7.616062007455009,0.3658925570832134
350,154,89.3961038961039,592.0974025974026,17.42573054563722,11.575553302659142,0.7474843938496787
351,65,88.29230769230769,23.93846153846154,11.123822194578068,7.532634318975826,0.7358335827894011
352,75,91.04,488.48,12.648020615069294,7.9963892593750625,0.7747852003093273
353,48,90.95833333333333,188.66666666666666,9.130101095374226,6.794779743746237,0.6679375116297507
354,31,90.96774193548387,529.9677419354839,7.709272307638561,5.119691513584921,0.7476479326513678
355,92,91.32608695652173,274.1195652173913,11.748719573714766,10.010566652838127,0.523450689137527
356,92,91.23913043478261,546.3586956521739,12.563536379817773,9.530802304863645,0.6515470267824002
357,21,92.0,243.0,5.0896720822428145,5.0896720822428145,0.0
358,113,92.5575221238938,480.12389380530976,13.626944461814956,10.779728168390672,0.6117388075772355
359,87,94.1264367816092,32.35632183908046,14.644204858114078,7.924662122428666,0.8409282512635285
360,50,93.14,115.74,9.0788025940599,7.021406088390788,0.6339371140910177
361,56,92.85714285714286,420.07142857142856,9.595861407258608,7.41214220154674,0.6350985185387801
362,29,93.3103448275862,109.24137931034483,6.589117413459242,5.696938929135731,0.5024639147812241
363,114,93.00877192982456,295.4561403508772,14.739013895990412,9.950384981446856,0.7377214675441178
364,27,93.81481481481481,47.81481481481482,6.666666666666667,5.172471185213657,0.6308919807368172
365,64,94.328125,179.3125,10.153562731456331,7.991871345835158,0.6168251464811528
366,51,94.13725490196079,261.0980392156863,9.350830415652055,6.901896316783381,0.6746856684410376
367,83,94.50602409638554,405.6385542168675,10.559608627634296,10.00693439011782,0.31927685537752404
368,31,94.70967741935483,93.96774193548387,6.620148601448813,6.029657955022725,0.41283899803728097
369,34,94.6470588235294,463.29411764705884,7.518166031117281,5.7685775965164705,0.6413060171514589
370,76,95.32894736842105,341.67105263157896,13.598190086421619,7.185166838385067,0.8490008936604329
371,51,95.7843137254902,573.5098039215686,9.289970349124506,7.0467344416465725,0.6516364616738247
372,85,96.52941176470588,4.91764705882353,11.508423249423268,9.485516213762207,0.5662642015657956
373,95,96.5578947368421,152.6315789473684,14.250102762319292,8.488613887035616,0.8032159844151124
374,57,96.3859649122807,254.75438596491227,10.407607154588773,6.952193224576681,0.7441688933374319
375,42,96.42857142857143,398.35714285714283,8.732291468440339,6.1648673231112285,0.7082267249637796
376,76,97.09210526315789,391.0,10.120403773733106,9.644720874810615,0.3029777305328275
377,41,97.5609756097561,206.21951219512195,7.760245771270623,6.751464570762529,0.49304018179229986
378,36,98.08333333333333,37.02777777777778,6.92820323027551,6.590303389483074,0.308487615721439
379,30,97.93333333333334,597.1666666666666,7.423948774605715,5.096020902280008,0.727195917390098
380,86,98.26744186046511,68.66279069767442,13.924762749004763,7.904812167051687,0.8232491635276807
381,57,98.6140350877193,271.4561403508772,10.437960670133233,7.216182662783104,0.7225293183417295
382,91,98.32967032967034,369.7912087912088,13.811808541645258,8.429784122415969,0.7921459821651986
383,45,99.53333333333333,90.24444444444444,8.593860638394053,6.687846269384721,0.628001543954083
384,85,99.38823529411765,321.63529411764705,11.246752266024446,9.681100777060497,0.508958951650416
385,45,99.55555555555556,566.9333333333333,7.9710049903890345,7.135850572553381,0.4456124835700621
386,73,100.64383561643835,590.4109589041096,15.146554177385129,6.615728240107689,0.8995678357632424
387,84,100.64285714285714,301.1309523809524,14.76509680390383,7.358866359961649,0.8669494494926565
388,43,100.93023255813954,485.4651162790698,7.934561634998009,6.85506333810634,0.5035778548266563
389,60,102.1,181.36666666666667,10.4736358319119,7.302408827415333,0.7168590336239858
390,31,102.41935483870968,335.4516129032258,6.425754631219991,6.06314329004941,0.33117581336027324
391,57,103.35087719298245,16.75438596491228,9.705014893694326,7.492715586975864,0.6355669488298533
392,20,103.75,194.25,5.138093031466052,4.9396356140913875,0.2752409412815902
393,82,104.0,385.3292682926829,12.25358549451918,8.640112624109797,0.7090989980790942
394,73,103.8082191780822,407.1232876712329,11.767768911958422,8.073480648588964,0.7275381451643
395,35,103.94285714285714,548.4285714285714,8.41359291358669,5.220057979069963,0.7842606502170344
396,98,104.65306122448979,239.59183673469389,11.89826923876012,10.573502378771096,0.45856889382289784
397,83,104.46987951807229,395.2409638554217,13.754717873095906,7.859250442666115,0.8206815888652076
398,58,104.53448275862068,103.89655172413794,10.492031358329237,7.022338297864385,0.7429904038496418
399,61,104.95081967213115,280.4590163934426,10.678849624050677,7.228917807952019,0.7360401543571087
400,28,105.32142857142857,270.32142857142856,6.0,5.914354726995558,0.16835875742536746
401,76,104.52631578947368,509.13157894736844,13.01860318634778,7.7674413799945015,0.8025077545963509
402,53,105.83018867924528,515.9245283018868,9.215461571188424,7.32752137907105,0.6064345480938516
403,56,105.96428571428571,589.0178571428571,10.298056360020126,6.963903616018527,0.7366861995447713
404,40,106.7,362.175,7.554117076891053,6.738346621287968,0.45201601664797597
405,28,106.78571428571429,379.5,6.0,5.8901508937395155,0.1904761904761901
406,25,106.44,460.6,5.887478237751711,5.4258639865002145,0.3881555064577865
407,60,106.73333333333333,527.4166666666666,12.228938464618574,6.356427860023543,0.8542966591742587
408,42,107.16666666666667,320.0952380952381,8.294020640328672,6.440248078602804,0.6301260093692854
409,53,107.20754716981132,368.9622641509434,8.873697286799365,7.882284248275723,0.45931183965235295
410,99,107.63636363636364,354.44444444444446,13.88000752966346,9.125859733861105,0.7534699607012565
411,27,107.44444444444444,597.2592592592592,7.3662410582405675,4.763164726705241,0.762811597888835
412,79,108.36708860759494,494.45569620253167,12.25257525612309,8.257920970209549,0.7387547818277077
413,37,108.0,535.9459459459459,7.814588655327628,6.051048208831226,0.6327854735000824
414,56,108.08928571428571,569.3392857142857,8.875920641477395,8.024431578245938,0.4273896535753044
415,57,108.33333333333333,578.1929824561404,10.169643204876339,7.169217956641277,0.709244495590875
416,46,108.47826086956522,11.804347826086957,9.067444263362502,6.52324467358516,0.6945817174295507
417,52,108.38461538461539,83.38461538461539,8.68931770074503,7.590005529050822,0.486847579496559
418,39,109.41025641025641,36.56410256410256,8.807013991503903,5.582559687682527,0.7734342332597244
419,27,109.4074074074074,68.92592592592592,6.421500681256116,5.2654105708259085,0.5724125976557585
420,108,109.18518518518519,150.33333333333334,14.196280783594567,9.842757643633897,0.7206168184804694
421,53,109.98113207547169,42.132075471698116,9.899847232669858,6.915304292376743,0.7155843197599046
422,66,110.27272727272727,117.10606060606061,10.331663307526064,8.135705213673534,0.6163739662202676
423,68,110.5,296.0,10.435793385051985,8.262607761036495,0.6108367756171331
424,67,110.53731343283582,345.6865671641791,9.875549074796428,8.641206876933063,0.48410435322128315
425,93,110.61290322580645,410.19354838709677,13.065148704114918,9.352342028076384,0.6982811371432751
426,51,111.84313725490196,528.5882352941177,13.7846117244825,5.05417142279178,0.9303577062674602
427,112,112.19642857142857,398.6607142857143,13.520405208603314,10.751586030853579,0.6063317257022897
428,101,113.07920792079207,209.31683168316832,13.692028207220758,9.467509989325714,0.7224133385254896
429,55,112.72727272727273,462.2,12.803158685595752,5.506520888869239,0.9027856308148454
430,62,113.01612903225806,382.01612903225805,9.68019531572632,8.236132653397092,0.5254524258212657
431,69,113.01449275362319,593.6666666666666,9.832287111721518,8.949621018459776,0.41410790988996743
432,35,113.91428571428571,520.3142857142857,7.266237858388312,6.077203273728994,0.5481779407945414
433,34,114.5,554.0,7.388385161462391,5.8410313352030165,0.6123724356957945
434,11,114.63636363636364,86.9090909090909,4.346129984141888,3.067356324605906,0.7084437526351622
435,44,114.97727272727273,227.38636363636363,8.15805912651031,6.8326964450244265,0.5463768397179692
436,82,115.2560975609756,390.1463414634146,13.414189026766975,7.873028475146287,0.8096464084928755
437,104,114.8076923076923,373.5480769230769,14.51555930000774,9.400114237359801,0.7619899551705752
438,52,115.13461538461539,455.78846153846155,11.48280928113682,5.875694787673217,0.8591672383760078
439,68,115.19117647058823,507.9264705882353,10.146267817018988,8.535370955254507,0.5406734343098244
440,90,115.78888888888889,186.38888888888889,11.730912925747402,9.800655203727946,0.5495581694436572
441,48,116.08333333333333,258.8333333333333,9.09479846880046,6.737636968775918,0.6717001609966942
442,24,116.5,438.5,5.5377492419453835,5.5377492419453835,0.0
443,40,117.025,326.325,7.31634735686586,6.92611444849722,0.3222256889028982
444,48,116.9375,584.8541666666666,8.832821324557132,7.041199448295084,0.6037639873202987
445,84,117.0952380952381,23.86904761904762,14.773980148720481,7.469015993262888,0.8627961067585964
446,37,118.67567567567568,123.64864864864865,7.3524698571499485,6.427290984202507,0.4856243342407717
447,66,118.53030303030303,356.3181818181818,10.348919941504,8.10491032519859,0.6218141354163748
448,31,118.83870967741936,6.870967741935484,7.473897088270878,5.252358737132325,0.7114266316320902
449,57,118.98245614035088,318.140350877193,9.496239858974283,7.615284506777137,0.5974229717827012
450,44,119.5,563.5,8.483080501317762,6.608608692041466,0.6269815982801047
451,72,119.77777777777777,573.6666666666666,10.13475586012622,9.045989914441673,0.45090673019022753
452,41,119.8048780487805,349.7073170731707,8.891239351549926,5.8718211801212385,0.7509093825609535
453,79,120.56962025316456,382.1518987341772,11.880234826759077,8.59397086068011,0.6904460165040532
454,129,120.42635658914729,406.6589147286822,14.038596891122893,11.76286299917721,0.545832228459717
455,73,120.87671232876713,12.726027397260275,11.750981062791045,7.922855579528117,0.7385220843069658
456,35,122.34285714285714,587.0857142857143,7.487397182080272,5.971164191773942,0.6033251352469307
457,46,121.5,596.3478260869565,8.41324008308643,6.939108641133913,0.5654474316783725
458,51,122.0,109.80392156862744,9.372466978064098,6.906415674588647,0.6760198230232959
459,79,121.9113924050633,418.9746835443038,13.44036658658668,7.509009742918027,0.8293759952999294
460,45,122.15555555555555,336.2888888888889,8.243061695089837,6.9551354551571904,0.536726430736589
461,57,122.45614035087719,429.2105263157895,9.14381348267912,7.925190834007761,0.49878267286155187
462,34,122.79411764705883,44.64705882352941,6.7626168924763945,6.440348238251777,0.3050211723083308
463,16,124.0,326.375,5.0942109424386555,3.9747974632600163,0.6254581326049351
464,71,123.32394366197182,368.36619718309856,12.462245880100788,7.548540634559234,0.7956834305859226
465,62,124.54838709677419,553.241935483871,11.895879615895705,6.708049917823894,0.8258451789883675
466,76,125.42105263157895,29.82894736842105,11.055830647484001,8.738342886095998,0.6126127534416558
467,78,125.6025641025641,215.26923076923077,12.102260558688462,8.177645284586166,0.7371655193713791
468,93,126.05376344086021,388.7204301075269,14.630750844868778,8.204328069039487,0.8279789399441557
469,55,125.92727272727272,478.3454545454546,9.689847444877577,7.2239555771716875,0.6664855051980346
470,55,127.30909090909091,545.8,10.302726241549296,6.900181858302139,0.7425926971682018
471,77,127.14285714285714,296.9220779220779,12.468685033893538,7.905556507879868,0.7733060740042745
472,82,128.3780487804878,152.47560975609755,12.593473396292952,8.415194154576435,0.7439649167005667
473,54,128.24074074074073,185.5185185185185,8.835953489809352,7.771778991765333,0.47578218091284863
474,21,128.1904761904762,327.14285714285717,5.3166327716454,4.992156306471801,0.34400025467068907
475,79,128.43037974683546,376.49367088607596,10.978706409545163,9.288481518797294,0.5331112193018447
476,102,128.5686274509804,400.52941176470586,14.071419036382286,9.67025402856069,0.7264430775142667
477,39,129.02564102564102,20.384615384615383,8.291760023347967,6.097296509309729,0.677693963559079
478,45,128.8,431.24444444444447,8.853182604751701,6.561046456658268,0.6714005417501598
479,121,129.56198347107437,447.1735537190083,13.056827910769632,11.81611050653438,0.42546349600304934
480,53,129.28301886792454,538.188679245283,9.81407069993654,6.989398516749908,0.7019954894022066
481,103,129.15533980582524,559.0291262135922,13.360125886396744,10.467731131990092,0.6213849422825548
482,7,130.0,424.7142857142857,3.0237157840738176,2.799416848895061,0.377964473009227
483,23,130.82608695652175,333.5652173913044,5.814167475253484,5.029477667275336,0.501705794517183
484,33,130.63636363636363,369.2121212121212,7.082411275587851,6.058117793749852,0.5180092173455074
485,26,131.0,459.5,6.201736729460423,5.203549084703927,0.5440588203494177
486,58,130.93103448275863,14.344827586206897,10.286773705772438,7.186930198621343,0.7154564194259445
487,125,131.736,165.848,20.388028972593855,8.165995016694142,0.9162841221153709
488,52,132.1153846153846,40.78846153846154,8.809517476429328,7.560139908887513,0.5133511336370157
489,49,133.59183673469389,344.0,8.849521784729896,7.045044574821687,0.6051739703400397
490,62,133.33870967741936,389.33870967741933,9.849147129346983,8.062291505572972,0.5743959132640266
491,12,133.5,598.0,4.47213595499958,3.265986323710904,0.6831300510639732
492,44,133.9090909090909,293.77272727272725,8.079786951311851,6.9238849872942385,0.5154177505459141
493,41,133.6829268292683,521.3170731707318,9.673779133859922,5.5154670523253815,0.8215433469951551
494,24,134.58333333333334,540.5,6.21825270205921,5.022173057773122,0.5896618941607871
495,65,134.86153846153846,528.1076923076923,9.182581797696766,9.00530822037717,0.19554573960995852
496,47,135.06382978723406,580.9787234042553,8.02208608065263,7.488948006778687,0.3584700757276821
497,54,135.66666666666666,588.8518518518518,10.053410089452283,6.87884585764532,0.7292661799106424
498,102,135.95098039215685,103.92156862745098,14.94733625618336,8.747496772373633,0.8108737558634226
499,105,135.55238095238096,549.9714285714285,12.24298474257502,11.02183898314612,0.43535779789088597
500,31,136.25806451612902,560.516129032258,7.787926482182154,5.287334056053269,0.7342175957264351
501,31,136.74193548387098,54.38709677419355,6.741070998980903,5.8030636421439965,0.5088556188536627
502,30,136.33333333333334,60.5,6.345602151621757,5.96284793999944,0.34204940066382394
503,105,136.63809523809525,77.0952380952381,18.66310714780887,7.421980948770885,0.9175233305819103
504,111,136.38738738738738,377.963963963964,16.141076333196384,8.909888652922083,0.8338435147443304
505,45,136.93333333333334,452.2888888888889,8.977198123167781,6.460404587766912,0.6943411668423635
506,35,137.11428571428573,87.02857142857142,8.000216943296449,5.596190238610819,0.7146278890335835
507,68,137.02941176470588,224.0441176470588,13.48851859161255,6.4637132816295,0.87770512243277
508,7,136.71428571428572,439.0,3.0237157840738176,2.7994168488950604,0.3779644730092273
509,41,138.2439024390244,361.5121951219512,8.416824425318653,6.317451205537467,0.660786183218011
510,50,138.16,13.26,8.889412953889307,7.141928124479061,0.595413328895889
511,77,137.67532467532467,251.67532467532467,12.836314912126417,7.638669769255022,0.8036644218195789
512,132,137.8939393939394,399.8181818181818,15.707647171333734,10.779484065709878,0.7273590733103912
513,94,138.8404255319149,420.1595744680851,12.5781844024842,9.673167706097399,0.6391967557627979
514,51,139.52941176470588,209.23529411764707,8.742649982078744,7.393674141563164,0.5336558797677029
515,65,139.83076923076922,3.0615384615384613,11.209086306910766,7.4662748344720455,0.745870219464928
516,10,139.8,117.0,3.9191835884530852,3.0983866769659336,0.6123724356957946
517,78,140.43589743589743,336.65384615384613,11.859965902281985,8.55895663683597,0.6922394442580142
518,33,140.0909090909091,518.6363636363636,7.011849742715837,6.028565754709333,0.5106844065773749
519,43,141.4418604651163,89.81395348837209,9.478569126539863,5.966183267485654,0.7770497112464424
520,38,140.94736842105263,524.2894736842105,8.021960346418997,6.048049282447927,0.6569472168666559
521,22,141.1818181818182,355.0,5.803252125075943,4.896443335195968,0.5367500948669975
522,96,141.80208333333334,446.7708333333333,15.095731209810722,8.174261558020048,0.8407040301895798
523,22,142.0909090909091,597.0909090909091,5.502816709244202,4.972652484064489,0.4282593998234223
524,41,142.8780487804878,52.31707317073171,7.628811788545348,6.847009568755566,0.440974175186762
525,43,142.74418604651163,138.46511627906978,8.269195878781314,6.601297818439567,0.602260202615781
526,31,142.6451612903226,364.51612903225805,6.765517993768611,5.843331212406759,0.5040180831867868
527,90,142.84444444444443,501.5444444444444,16.163945796453127,7.161415267599302,0.8964975427668579
528,60,142.35,556.2166666666667,9.543143911726135,8.038488239026872,0.5389601869479472
529,41,143.70731707317074,227.0,8.521016586693877,6.26038299995195,0.6783931529316674
530,31,144.03225806451613,531.1935483870968,6.8360043320392805,5.80390195152114,0.5283612848173451
531,39,144.92307692307693,8.948717948717949,7.3206322110754956,6.839913187039165,0.35639947576911485
532,91,144.8131868131868,218.96703296703296,12.506761612956328,9.273303029299424,0.6709935747357186
533,31,145.1290322580645,358.2903225806452,7.020309963513199,5.582542409509351,0.6063487354533174
534,36,145.22222222222223,454.8333333333333,7.3954133683576915,6.188337049006299,0.5475386207847929
535,26,146.03846153846155,26.307692307692307,6.303652095135837,5.199346212046313,0.5654028390314513
536,27,146.59259259259258,472.25925925925924,6.025659376849023,5.679488253754414,0.33406370115253947
537,19,146.8421052631579,124.84210526315789,5.271572221283754,4.5005385950383054,0.5207037318817048
538,83,147.89156626506025,93.36144578313252,11.196514329240506,9.5878004292474,0.5164454104621324
539,98,147.71428571428572,416.85714285714283,14.173159816854568,8.959040012677484,0.7748761363360943
540,90,147.43333333333334,236.53333333333333,12.353629778983336,9.670634137281251,0.6222517159026643
541,109,147.60550458715596,441.29357798165137,15.065612368737105,9.49662109898503,0.7763104048533149
542,36,149.5,45.44444444444444,7.207677662323046,6.429100507328636,0.45207590465998565
543,12,148.83333333333334,103.0,4.320493798938574,3.590109871423003,0.5563486402641867
544,105,148.94285714285715,343.6,11.743659255245046,11.472863781598694,0.21350883381723265
545,30,148.63333333333333,368.3666666666667,6.491019437140313,5.793482928640115,0.4509717590117594
546,177,148.92655367231637,406.48022598870057,16.901863479259163,13.512809732110497,0.6006842101008842
547,50,149.16,3.4,8.895130758810184,7.232361217726128,0.5821663658529347
548,43,149.67441860465115,64.25581395348837,9.578589742458659,5.691329817815166,0.8043380105651459
549,111,149.3063063063063,144.15315315315314,14.415203578246294,9.975701675633857,0.7218721762479863
550,76,149.14473684210526,392.0,12.934446635369321,7.577436358052039,0.8104311990870231
551,63,149.82539682539684,522.0,11.702426386733574,6.9071190454946425,0.8072353800085083
552,72,150.20833333333334,425.19444444444446,14.065327321650864,6.648347009001986,0.8812361241603766
553,53,150.0943396226415,52.339622641509436,9.07500987857355,7.565791783795933,0.5522249410400846
554,67,150.37313432835822,226.65671641791045,10.171718398297479,8.37225304807949,0.5679090517729326
555,38,150.3421052631579,477.2894736842105,9.312758819736956,5.287150802523495,0.8232134738021599
556,31,151.4516129032258,198.58064516129033,6.425754631219991,6.06314329004941,0.33117581336027324
557,22,151.13636363636363,358.54545454545456,5.715172676462991,4.908882954066356,0.5121077796951234
558,34,151.44117647058823,507.6470588235294,7.72639963859294,5.627261360916057,0.6852412990425664
559,49,152.08163265306123,268.734693877551,8.968506885265825,6.925728672976466,0.6353459783503727
560,71,152.04225352112675,468.943661971831,12.060435354855956,7.523788592611685,0.7815516435448584
561,29,152.3793103448276,486.9310344827586,6.317096988131931,5.865647409345604,0.37124417452955843
562,47,154.19148936170214,462.70212765957444,9.988905616911206,6.063713248202849,0.7946676075226742
563,16,155.125,223.0,5.491121612710071,3.6874901266889313,0.740971222810684
564,68,154.97058823529412,396.69117647058823,11.92254600056831,7.329725041409924,0.7886998073668894
565,71,156.14084507042253,4.084507042253521,11.143542420043135,8.345257519969978,0.6626973631704788
566,42,155.14285714285714,217.23809523809524,8.124144692499105,6.575781580985349,0.5872409555249257
567,46,155.67391304347825,242.19565217391303,9.403220187339976,6.217471739726675,0.7502038143869714
568,34,156.0,432.2647058823529,7.062744009319357,6.082478096334383,0.5082559240684966
569,40,156.6,490.975,7.980692859507583,6.429505539480051,0.5924156269684605
570,64,157.40625,513.265625,11.846529543197688,7.3580028901967935,0.7837230706072951
571,69,156.57971014492753,527.9565217391304,10.470251049064013,8.518261470941255,0.5814697482436967
572,100,157.04,88.98,15.683467339511328,8.143515961209966,0.8546272160223564
573,70,157.54285714285714,418.9714285714286,10.664817437612513,8.575167972529165,0.5945462767087082
574,40,157.15,457.95,8.341713841650897,6.1004762260015255,0.6820326916127118
575,36,158.38888888888889,74.13888888888889,7.345005687084099,6.163534948521058,0.5439056439097799
576,68,158.44117647058823,150.64705882352942,10.90015992276101,7.960738965027519,0.6830920277738481
577,54,157.88888888888889,340.7037037037037,8.907114148934568,7.752300290075629,0.4924349191807373
578,19,159.10526315789474,364.57894736842104,5.544698233777089,4.2956952169149805,0.6322808964466017
579,62,158.96774193548387,404.06451612903226,11.948969323034344,6.823359900942329,0.8209210455075303
580,41,158.41463414634146,477.0243902439024,7.3095384661156695,7.123006031986015,0.22447019066716767
581,75,158.49333333333334,520.6933333333334,11.36612916326375,8.580541103088025,0.6558145735905506
582,51,159.4313725490196,57.07843137254902,9.349844409326751,6.985612862768633,0.6646702921339684
583,81,159.93827160493828,17.11111111111111,11.700117785828509,8.907444851242435,0.6483852378536836
584,82,161.609756097561,502.1585365853659,15.251423060706973,7.20901812544761,0.8812350071901354
585,65,160.75384615384615,413.18461538461537,12.19492184905242,7.04599256833405,0.8161919290513271
586,46,161.6304347826087,381.5,8.352154627530233,7.068896756750554,0.5326175032497996
587,51,161.8235294117647,452.4313725490196,9.005599992113186,7.203760872238098,0.6001064555057136
588,55,161.36363636363637,507.94545454545454,10.08026140759606,7.120235350192633,0.7078585258306612
589,74,162.9189189189189,157.64864864864865,12.877943422769418,7.459610589476256,0.8151465343023021
590,64,162.484375,369.84375,11.453348532647912,7.275044751731217,0.772356470982351
591,80,163.075,8.7375,10.514278388449569,9.902396173158412,0.33616070554923233
592,26,163.0,104.5,6.201736729460423,5.203549084703927,0.5440588203494177
593,24,163.125,435.6666666666667,6.081140986576509,4.932066489508719,0.5849866175853743
594,48,163.14583333333334,487.4166666666667,9.51003729434848,6.385488895760358,0.7410523050801887
595,84,163.17857142857142,333.54761904761904,13.528929392970868,8.050002273303425,0.8037098694046275
596,44,164.1818181818182,22.386363636363637,9.009759979659508,6.317188436086507,0.7130143199697901
597,59,164.66101694915255,459.6101694915254,9.64997742833871,7.860937537274364,0.5800135429608612
598,78,164.53846153846155,469.5,10.834676460654645,9.155156284010237,0.5347874977480294
599,40,164.75,163.525,8.331137810828308,6.130427617792002,0.6771498122893864
600,82,165.23170731707316,185.8048780487805,11.966495892963646,8.74116542969324,0.6829448585721426
601,38,166.47368421052633,358.7105263157895,8.175767700143385,5.895115807202443,0.6928857687805897
602,68,166.63235294117646,218.16176470588235,10.107325828123612,8.579836298072546,0.5285968023137592
603,26,166.07692307692307,440.3076923076923,6.651588317750386,4.929579246689461,0.6713801986151356
604,50,166.34,513.22,9.03180587682389,7.08537102792574,0.6201401180593228
605,55,167.14545454545456,321.23636363636365,9.112300006172745,7.653101040731983,0.5427954771115808
606,51,166.62745098039215,364.1372549019608,10.330659130687302,6.574645486934849,0.7713421234953641
607,67,167.65671641791045,286.5820895522388,10.719806765598847,7.973082079811777,0.6684344432529813
608,45,167.44444444444446,479.6666666666667,7.865656834510263,7.378185102125603,0.3465667884960761
609,60,167.9,127.88333333333334,9.556027276348962,8.019012714536425,0.5438883686258739
610,111,167.33333333333334,395.5045045045045,14.962226712854589,9.866339764947305,0.7517777777988184
611,25,168.44,105.2,6.45921595312105,4.864250124217146,0.6579389213650304
612,27,168.59259259259258,346.9259259259259,6.421500681256116,5.2654105708259085,0.5724125976557585
613,86,167.77906976744185,376.09302325581393,16.515397634402024,6.73735797764686,0.9130069347886276
614,82,168.78048780487805,388.2926829268293,16.18437887767889,6.531156503206843,0.9149589447847776
615,36,168.83333333333334,1.5277777777777777,10.058866868465708,4.633952773835441,0.8875645467701158
616,40,169.15,38.225,9.099523551766003,5.623937333475173,0.7861407944643577
617,55,169.01818181818183,403.2,8.751269707123726,8.153470436941019,0.36325438974567786
618,50,169.26,453.08,8.94357734454902,7.1406179201851625,0.6021176775127803
619,39,170.07692307692307,506.2564102564103,7.901592874093269,6.341379012270066,0.5965924122250725
620,65,170.43076923076924,171.52307692307693,11.046347036579558,7.465866586874703,0.7370231798133922
621,52,172.1346153846154,71.71153846153847,9.743158347571605,6.843550176890148,0.7117869200641608
622,25,171.96,500.32,6.5222743118217075,4.9270617817671685,0.6552399491758474
623,107,173.4018691588785,382.67289719626166,17.144620762240887,8.415033383758047,0.8712573636876436
624,62,172.6290322580645,368.0483870967742,9.973273849700908,7.998243185016043,0.5973674391195147
625,37,172.78378378378378,514.0,7.271425608994697,6.50986776965388,0.44552991526210345
626,87,173.50574712643677,483.55172413793105,12.581591614419663,9.84035728957828,0.6231235651042231
627,56,174.5,520.8035714285714,9.605712878643047,7.404540422509778,0.6370196426537559
628,34,174.6764705882353,345.6470588235294,7.234152761236607,5.980294277060415,0.562679487774201
629,49,174.6122448979592,359.7959183673469,8.7527678825592,7.159313975034471,0.5752913492048115
630,13,175.3846153846154,143.3846153846154,4.318667337728677,3.6794648440311994,0.523556754446835
631,79,173.51898734177215,194.36708860759492,13.476808817375609,7.6281370336821945,0.824391829300255
632,57,176.10526315789474,8.631578947368421,9.23065752122202,7.87781482028567,0.5211906661838676
633,71,176.18309859154928,334.4788732394366,10.856910111859595,8.375400895292312,0.6363080840278471
634,28,175.67857142857142,372.89285714285717,7.3491299891533535,5.251868728102475,0.6995082195993984
635,81,177.14814814814815,454.61728395061726,11.898403695354132,9.115443106161308,0.6427137766073503
636,85,176.57647058823528,491.0,13.650072384748874,8.378169524613217,0.7894755125251286
637,48,176.45833333333334,179.16666666666666,8.794370793250101,6.941672718344432,0.6139674204649674
638,86,176.59302325581396,16.953488372093023,11.814501744460351,9.531481163517528,0.5908776746806705
639,5,177.8,22.4,3.098386676965933,1.7888543819998317,0.816496580927726
640,24,176.66666666666666,107.875,6.081140986576509,4.932066489508719,0.5849866175853743
641,65,177.44615384615383,50.90769230769231,11.149046512218385,7.434371939091161,0.7452216481736981
642,45,178.17777777777778,74.93333333333334,8.846004816999786,6.512745434807368,0.6767250893374224
643,85,177.42352941176472,395.74117647058824,15.064648855146595,7.631769003561726,0.8621805127327672
644,85,178.69411764705882,500.4470588235294,11.598772358509633,9.528756450799666,0.5701631798024854
645,46,178.1086956521739,590.3695652173913,8.193751007477376,7.08098349279216,0.5031602126912892
646,70,179.78571428571428,94.17142857142858,10.534585693952494,8.447512263408969,0.5974801887501963
647,15,180.4,158.4,4.618802153517006,4.026578365477733,0.4898979485566357
648,62,180.74193548387098,152.11290322580646,10.024942056893643,7.913161353340392,0.6139468834682851
649,68,181.25,375.72058823529414,9.892046881001132,8.925412003842276,0.43114718252380535
650,139,179.4388489208633,404.2517985611511,19.348589797033917,9.439521382888312,0.8729184677965197
651,87,180.91954022988506,479.85057471264366,12.544741394071517,8.993402024611935,0.6971697056597264
652,67,182.23880597014926,60.134328358208954,10.805794341205571,7.895071736918391,0.6827702218861649
653,94,182.35106382978722,463.1914893617021,11.914178330345406,10.156441570212154,0.5227813514285066
654,22,183.0909090909091,208.0909090909091,5.502816709244202,4.972652484064489,0.4282593998234223
655,160,183.25625,365.01875,17.11559643536117,12.353141651493036,0.6921562810613255
656,99,183.6060606060606,412.45454545454544,14.849230904669014,9.005858308469978,0.7950937721920334
657,26,183.69230769230768,42.76923076923077,6.013306448108151,5.513289270380471,0.3992359635093795
658,94,183.68085106382978,527.7978723404256,11.994545081845294,9.990242686767596,0.5534252633199049
659,103,184.16504854368932,271.2330097087379,13.9616455936086,9.457156152504295,0.7356453803879034
660,23,184.91304347826087,247.2173913043478,5.733826014124253,5.0375140067593245,0.4776307722564946
661,60,184.25,492.56666666666666,10.863564676074942,7.144591293486213,0.7533101211719933
662,19,184.8421052631579,172.1578947368421,5.271572221283754,4.5005385950383054,0.5207037318817047
663,62,185.43548387096774,231.6451612903226,12.10182409711186,6.622068018685914,0.8370045956403924
664,120,183.94166666666666,471.9916666666667,16.01282498406736,10.510338424970238,0.7544391180969792
665,56,184.85714285714286,518.5178571428571,8.575833186370557,8.305455758935029,0.24912177683000986
666,54,186.40740740740742,67.62962962962963,10.599780559706765,6.496274269435566,0.7901847216962918
667,53,186.73584905660377,455.22641509433964,9.669452387624618,6.990489615359027,0.6909047883552473
668,134,187.82089552238807,385.13432835820896,13.904666527892577,12.333975235786943,0.4616953657237245
669,65,187.92307692307693,36.96923076923077,11.347271976268825,7.248791680463836,0.7693615419955407
670,202,188.67326732673268,504.3069306930693,20.93417235038159,12.398119768503102,0.805759315368283
671,53,189.24528301886792,328.9433962264151,10.284279267802404,6.599949896695796,0.766912792064007
672,52,189.07692307692307,337.21153846153845,9.065842675708634,7.258936105520824,0.5990779330172457
673,60,189.1,535.7833333333333,8.885867177014093,8.633090605417767,0.23682237129354783
674,38,189.71052631578948,99.92105263157895,7.896913579443607,6.171956703316057,0.6238229505671377
675,39,190.02564102564102,108.23076923076923,8.89063984790007,5.701244522394729,0.7673205841548868
676,22,191.36363636363637,47.54545454545455,6.1163688105001555,4.756373663325936,0.628701599368826
677,96,191.09375,414.34375,12.891045754887694,9.939300244252207,0.636806595064486
678,35,191.82857142857142,52.8,7.45809995957766,6.005542515985966,0.5929522802787532
679,160,191.9875,356.78125,19.7307325162971,11.19062417250872,0.8236026805739372
680,54,191.72222222222223,74.14814814814815,10.943861792079698,6.287689884426306,0.8184762780408547
681,40,192.15,83.425,8.38476846021052,6.037023924804251,0.6939752218987636
682,20,192.55,32.05,5.642073042318783,4.570231042862021,0.5863926931712231
683,23,192.69565217391303,324.7826086956522,6.211601494667214,4.6676029467408044,0.6598092915007954
684,42,192.38095238095238,421.5952380952381,10.185074885047658,5.510767457985693,0.8409820448156118
685,61,192.81967213114754,145.85245901639345,9.481043445325723,8.226023400282031,0.49721303761043417
686,50,193.16,310.5,8.591421820234475,7.387683744367983,0.5104781873650713
687,65,193.3846153846154,373.10769230769233,10.349831810043558,8.159332651293326,0.6152217208926988
688,33,193.57575757575756,59.57575757575758,6.683175152528592,6.227991553292184,0.3627381250550058
689,77,193.11688311688312,244.02597402597402,11.630528677074524,8.441248037843222,0.6879229848538982
690,57,193.96491228070175,182.1578947368421,9.912115423509887,7.293217850738902,0.6772116968989492
691,64,194.453125,440.046875,13.488363245535396,6.26448277645408,0.885606635077933
692,35,194.9142857142857,44.2,8.600545531401606,5.597339403593689,0.7592388058513367
693,21,195.61904761904762,22.952380952380953,6.002517789070357,4.503128936036546,0.66120340200189
694,58,195.44827586206895,456.3448275862069,9.653039295189116,7.677401557318238,0.6061699286875362
695,57,195.80701754385964,36.578947368421055,9.601811659876313,7.536167774727546,0.6196612682271245
696,69,195.95652173913044,473.0144927536232,11.333445772378756,7.940757673131378,0.7135069637097932
697,61,196.7377049180328,112.44262295081967,9.523400277024614,8.211582205361424,0.5064774898947371
698,32,196.96875,65.71875,7.439264401341419,5.511451275928536,0.6716598010292136
699,5,197.8,347.6,3.098386676965933,1.7888543819998317,0.816496580927726
700,56,197.23214285714286,509.44642857142856,9.38007584661058,7.853498737375287,0.5468153619581156
701,49,197.55102040816325,53.244897959183675,9.146247834509396,6.880763116860557,0.6588155937123368
702,58,197.31034482758622,409.13793103448273,10.507896837320013,7.221667054299889,0.7264106282353927
703,30,198.46666666666667,169.53333333333333,6.488280032318101,5.842373946721772,0.43495883620083986
704,48,198.47916666666666,194.89583333333334,8.30829114876499,7.334285420666267,0.4698110130465841
705,78,199.06410256410257,302.12820512820514,13.47635708223383,7.442607206315375,0.8336643511927391
706,15,198.73333333333332,467.93333333333334,5.258554520990449,3.5691337129452037,0.7343887778710586
707,73,199.1095890410959,225.45205479452054,11.403536912475893,8.13441860489579,0.700834228448928
708,53,199.81132075471697,45.113207547169814,11.313591300314023,6.153820636160333,0.8391295107577383
709,57,200.50877192982455,353.64912280701753,10.597655886936632,7.0908409367239225,0.7431766826109297
710,46,200.43478260869566,374.9347826086956,8.560476589470793,7.063036353233359,0.5650230316768046
711,92,201.2391304347826,94.91304347826087,12.312795835839907,10.011428824005,0.5821359976715863
712,118,201.78813559322035,361.3728813559322,16.389842928299945,9.374851646021355,0.8202595124478328
713,46,201.47826086956522,425.1304347826087,8.537692270810338,6.804873136334785,0.603927925797008
714,41,201.4878048780488,369.5365853658537,9.430876533192246,5.810893199229542,0.7876239695166795
715,134,202.09701492537314,501.089552238806,14.793951109699144,11.665504154271314,0.6149937017774131
716,22,202.63636363636363,38.5,6.4666979068286325,4.271760045262084,0.7507571935295483
717,82,202.6219512195122,403.8658536585366,11.359853840148661,9.25985509861223,0.5792660007727946
718,82,202.91463414634146,477.0609756097561,13.84938246498962,7.549445637345827,0.8383641202773953
719,59,203.8135593220339,13.423728813559322,9.927391952925293,7.54541208343379,0.649853073823382
720,68,204.94117647058823,413.36764705882354,10.284878653698234,8.485474529990508,0.5650689005489777
721,78,204.5,185.32051282051282,13.16324497813968,7.629779242145624,0.8148815376589873
722,23,205.04347826086956,231.8695652173913,5.724509793224737,5.1723898844612535,0.42847933113199493
723,36,205.61111111111111,146.86111111111111,7.345005687084101,6.16353494852106,0.5439056439097798
724,36,206.02777777777777,177.88888888888889,7.475110196789249,6.4223192334218995,0.511706240730163
725,21,206.76190476190476,273.3809523809524,5.480950312357393,4.886002033668824,0.4531158898801007
726,83,206.65060240963857,378.2409638554217,12.920663566111479,8.261141935329814,0.7688955293426719
727,29,206.82758620689654,227.31034482758622,6.378385678115905,5.97029118874645,0.3519490542135059
728,123,206.14634146341464,388.2032520325203,18.233692886300414,9.55218590063769,0.8517948153535005
729,49,207.59183673469389,37.12244897959184,9.3276900215874,6.728478005507009,0.6925764183058983
730,73,208.91780821917808,98.1917808219178,11.250712174199627,8.339474049464581,0.6712404701165374
731,104,209.92307692307693,366.78846153846155,12.954324627569433,10.317545523664878,0.6046968978768741
732,46,211.1086956521739,434.2608695652174,8.544649479246363,6.863117864856278,0.5957007169142101
733,21,211.0,174.0,5.0896720822428145,5.0896720822428145,0.0
734,54,211.83333333333334,196.0185185185185,11.533684500313212,6.000472641036024,0.8540101443187047
735,60,211.7,261.81666666666666,10.522545918835133,7.2363607065219595,0.7259944501642135
736,64,210.953125,406.046875,9.752769189023951,8.620509303145905,0.46766884944940285
737,264,211.8030303030303,507.7537878787879,22.37316123949979,15.777892309169669,0.7089933632118772
738,89,211.4494382022472,520.4044943820224,12.46962565822474,9.313890548023519,0.6649069100839772
739,40,212.35,43.35,8.012001888848854,6.3787009440075195,0.6051082389827969
740,83,212.4578313253012,314.96385542168673,13.430870249843041,7.899730614595685,0.8087321390362798
741,26,212.96153846153845,49.69230769230769,6.303652095135837,5.199346212046312,0.5654028390314515
742,52,213.01923076923077,354.84615384615387,9.78360259515569,6.763331924547346,0.7225749528590459
743,51,213.88235294117646,489.19607843137254,9.084116420717761,7.266298252394712,0.6001459976974971
744,49,215.0204081632653,302.18367346938777,9.256035683101151,6.760009748242983,0.6830888125084873
745,170,213.93529411764706,395.88235294117646,20.69620154519917,10.815673751270477,0.8525827699793757
746,60,215.15,224.95,9.537712976153026,7.989495051911743,0.546170409758274
747,75,215.26666666666668,413.38666666666666,11.194928290123418,8.628458245254798,0.6371412283715504
748,40,216.05,105.8,7.651848711850572,6.630928388314169,0.49904059956443425
749,43,216.02325581395348,453.8139534883721,8.21196742269817,6.633334368973057,0.5895055436885405
750,90,215.92222222222222,468.0,10.927412503219696,10.572783680275975,0.2526916486581969
751,51,216.94117647058823,206.6078431372549,9.152255797243933,7.084549855519431,0.6330915753191946
752,141,216.94326241134752,373.1418439716312,20.93063098833157,9.384033635130592,0.8938632324929289
753,110,217.43636363636364,441.1727272727273,14.6129053824191,10.066728830276398,0.7248630061800212
754,41,218.0,277.7560975609756,7.231367984470799,7.16525425443065,0.1349135817998279
755,36,218.41666666666666,165.58333333333334,7.333333333333333,6.271629240742261,0.5182615568632444
756,71,218.71830985915494,484.1830985915493,10.930339616385501,8.39620943539233,0.6402623454107015
757,104,219.83653846153845,387.0480769230769,14.45267441121396,9.292363155534158,0.7659072144973069
758,53,220.1509433962264,517.5094339622641,9.384948756965919,7.3362743430426764,0.6236466399420084
759,85,219.81176470588235,432.1411764705882,14.013935692720628,8.434887234768855,0.798576882053316
760,73,221.54794520547946,259.94520547945206,10.58528885211328,8.741555136669739,0.5639321513433693
761,101,222.13861386138615,307.94059405940595,11.680377435040514,11.033564725273653,0.32815471880940617
762,145,221.1793103448276,406.50344827586207,17.422025268901894,11.041604537996342,0.7735193114371923
763,86,222.61627906976744,377.5232558139535,12.68366560200425,8.766591628988383,0.7226905158200465
764,55,222.9090909090909,37.6,9.177228055650112,7.632161566244924,0.5553132479017571
765,71,222.81690140845072,69.91549295774648,12.78255957029142,7.057950213117421,0.8337416858004115
766,28,222.92857142857142,13.214285714285714,6.239709082026406,5.778629697767638,0.3772643182704626
767,38,225.3684210526316,213.47368421052633,8.279225180857352,5.786374619369409,0.7152165506352348
768,108,225.00925925925927,446.99074074074076,13.184446566743379,10.754027465370601,0.5785313684799281
769,60,225.65,62.85,11.418808560711247,6.70006052613165,0.8097634040661374
770,12,225.5,76.0,4.47213595499958,3.265986323710904,0.6831300510639732
771,52,226.71153846153845,362.28846153846155,8.215298184506453,8.038369524685002,0.20641984661685955
772,70,226.27142857142857,525.5714285714286,12.749450280214386,7.184683766015554,0.8260963456661742
773,51,227.05882352941177,264.84313725490193,9.796834279787376,6.618781923997466,0.7372645581341983
774,32,228.375,13.34375,6.488646083986905,6.265528469072773,0.2599794501503998
775,95,228.30526315789473,499.82105263157894,16.60658919560371,7.9011643132214715,0.8795616708027638
776,66,228.45454545454547,384.3181818181818,9.67809268603399,9.08294067010975,0.34526499982630926
777,50,227.9,421.62,8.577104426560997,7.38396097334403,0.5087876631528438
778,105,228.85714285714286,395.54285714285714,11.963757282066984,11.270620171167513,0.3354343254730658
779,35,229.4857142857143,85.88571428571429,7.573423226532896,5.925937058353487,0.6226948236133454
780,38,228.94736842105263,255.07894736842104,7.770587652970687,6.198491076642969,0.6030726452652145
781,92,229.54347826086956,491.64130434782606,14.888452833413112,8.101631298334413,0.8389844768818733
782,128,229.453125,507.8984375,14.542689081886072,11.343941068036788,0.6257243486663611
783,22,230.4090909090909,77.54545454545455,6.175933834552355,4.5389032732725205,0.6781387252726181
784,46,230.67391304347825,376.95652173913044,9.43177393792444,6.24893605508668,0.7490257319777641
785,31,231.67741935483872,524.741935483871,7.1977244828625215,5.580295023541209,0.6316103372950821
786,58,233.05172413793105,284.7586206896552,11.54756986604744,6.391479817330298,0.8328549371180888
787,51,233.5686274509804,37.0,11.109154257211433,5.797359336173524,0.8530346676895619
788,63,233.5079365079365,486.63492063492066,12.614604980140381,6.527727182763824,0.8556990700350947
789,66,233.53030303030303,531.2727272727273,10.203017529330488,8.240496313046876,0.5896582517010892
790,36,234.38888888888889,236.13888888888889,7.345005687084099,6.163534948521058,0.5439056439097799
791,31,234.5483870967742,117.41935483870968,6.425754631219991,6.06314329004941,0.33117581336027324
792,88,234.20454545454547,328.59090909090907,11.803637864667095,9.546999923534225,0.5880584466403369
793,105,234.38095238095238,449.81904761904764,13.24716702655072,10.508500123279354,0.6088778989839485
794,41,235.26829268292684,110.90243902439025,7.562613493454762,6.8745173639178105,0.41676678398682543
795,82,235.79268292682926,464.609756097561,14.32912108457377,7.453318602348935,0.8540738084433311
796,80,237.325,297.2125,11.884836287640649,8.748609398983366,0.6768562021690129
797,82,237.4390243902439,265.7073170731707,10.484189481963126,10.013062761891346,0.2964024775443523
798,103,237.4757281553398,401.4271844660194,13.43330703524082,10.057869574125217,0.6628793296091084
799,108,238.84259259259258,441.24074074074076,14.925298899833141,9.556104280484856,0.7681564632537896
800,158,238.6012658227848,390.2721518987342,18.068188026514424,11.409036866328469,0.7754220253371157
801,43,240.46511627906978,52.2093023255814,10.502978672538193,5.364792921716969,0.8597068494166692
802,36,240.69444444444446,305.1388888888889,7.28791190963008,6.339951259495667,0.4931805296229678
803,172,240.62790697674419,411.1744186046512,17.96373140272251,13.111242450300844,0.6835827750576224
804,48,241.5,94.79166666666667,8.32666399786453,7.301065371269836,0.4808012809829773
805,77,241.93506493506493,427.53246753246754,10.520808754709263,9.332651379099106,0.46164268899384236
806,33,241.96969696969697,146.57575757575756,7.50126819449413,5.525716844037367,0.6762876013395875
807,131,242.0763358778626,485.74045801526717,13.478459184974831,12.673219494230624,0.3404647270029866
808,54,241.9814814814815,111.55555555555556,9.365639106405686,7.389201906460232,0.6144325950819541
809,57,242.73684210526315,104.03508771929825,9.819973242305378,7.368856290733818,0.6609899626324344
810,90,243.82222222222222,220.2,12.969655050630047,8.878071109937034,0.7289880834179433
811,87,243.0344827586207,257.0574712643678,12.725049984583087,8.716549906596807,0.7285511450004482
812,115,243.15652173913043,512.7478260869565,13.85892121476796,10.735515159954925,0.6324165624649133
813,26,243.92307692307693,437.9230769230769,6.8608894338869035,4.784630938473642,0.7167038549411382
814,136,244.91176470588235,534.0220588235294,14.845682568709949,11.69476266432902,0.6159885133087687
815,22,246.6818181818182,455.3636363636364,6.146523250593032,4.505873562142911,0.6801458764847323
816,37,246.24324324324326,466.7567567567568,6.978627499897301,6.738353315566452,0.26014339513644613
817,31,247.0,139.0,7.326487518234008,5.279296140768718,0.6933752452815365
818,48,247.25,250.60416666666666,9.582530245550211,6.403241599534122,0.7439634264458945
819,59,246.8135593220339,420.4237288135593,8.979800463700126,8.429289884591347,0.34474993079439054
820,29,247.41379310344828,434.41379310344826,7.0493419802375925,5.146140167221414,0.6834288831216012
821,32,248.8125,68.5,7.874007874011811,5.141740950300783,0.7573563954159358
822,54,248.85185185185185,176.83333333333334,9.338691166533176,7.383207662621557,0.612327635946308
823,37,248.67567567567568,28.945945945945947,7.646679095406449,6.126034509523596,0.5984815322326344
824,159,249.35849056603774,309.3647798742138,14.996480029776913,13.66819959996825,0.4114614001667448
825,31,249.58064516129033,278.4516129032258,6.425754631219991,6.06314329004941,0.33117581336027324
826,54,249.46296296296296,411.962962962963,9.48467186102312,7.297695745944471,0.6387432512754088
827,23,250.08695652173913,447.39130434782606,6.55930549942844,4.370386146586112,0.7456945631490605
828,18,250.33333333333334,486.0,5.333333333333333,4.216370213557839,0.6123724356957945
829,101,250.1881188118812,519.4653465346535,13.373133526659824,9.746266385728413,0.6847324677450455
830,63,251.03174603174602,89.80952380952381,12.497820613460291,6.5053030052534115,0.8538525296473407
831,117,251.10256410256412,19.837606837606838,13.5747526569478,10.977402093436346,0.5882719845234238
832,42,252.5952380952381,423.54761904761904,8.705465428054522,6.220943051654031,0.6995312531052875
833,89,252.95505617977528,262.85393258426967,12.802449692358023,9.085981089467818,0.704497521987857
834,45,253.55555555555554,61.24444444444445,9.134822618628426,6.217772490091621,0.732592934635721
835,79,253.60759493670886,169.37974683544303,10.424978173696003,9.723620714237756,0.36059274231694033
836,73,254.02739726027397,125.35616438356165,11.411373610210841,8.116395738364387,0.7029341537775441
837,17,254.41176470588235,413.11764705882354,5.181899763382574,4.0412010400023215,0.6259432312521288
838,31,255.0,430.0,7.326487518234008,5.279296140768718,0.6933752452815365
839,67,255.3134328358209,76.0,10.126160846809952,8.422220630142888,0.5551819842385329
840,22,255.77272727272728,1.2727272727272727,6.718135813823838,4.362561225153851,0.7604719354744917
841,55,255.63636363636363,44.89090909090909,11.704685479039654,5.985106086073299,0.85937686134124
842,36,256.3333333333333,445.6111111111111,8.077013825367446,5.647800468674414,0.7148834489492895
843,14,256.5,280.2857142857143,4.20883424647321,4.120630029101703,0.2036532699906393
844,15,257.2,423.3333333333333,4.92617893231764,3.997705593922434,0.584321016521078
845,86,257.90697674418607,456.5,16.284079524473118,6.866980202516206,0.9067358742058197
846,35,257.9142857142857,303.45714285714286,7.419349258830943,5.933491198272273,0.6003571354281745
847,128,257.4609375,489.75,14.88798026310196,11.294849694572587,0.6514918808995849
848,131,257.7175572519084,535.1603053435115,15.161579934954498,11.118206647177566,0.6798895653490259
849,64,257.96875,105.015625,11.07273634386156,7.356968031011641,0.7473577439610786
850,62,257.7741935483871,462.0483870967742,13.738288312322577,6.0604238347721395,0.8974413284435206
851,101,257.55445544554453,513.2772277227723,12.792264621545122,10.319243031989176,0.5909907150062106
852,47,258.36170212765956,26.80851063829787,8.167805206167708,7.2911044380590635,0.45072303206154946
853,68,259.61764705882354,332.6764705882353,9.82807344023229,8.844131446033325,0.43612818815796167
854,56,257.875,559.1964285714286,9.290713237038192,7.871350440121754,0.5312297736748144
855,36,259.5,61.138888888888886,7.618678126258614,5.989100421213697,0.6180897302533216
856,63,259.41269841269843,151.33333333333334,9.503069837228757,8.458012329305332,0.45590297245867467
857,77,260.7012987012987,408.2077922077922,11.940254996880245,8.364284797840575,0.713641206895031
858,115,261.4869565217391,417.1913043478261,13.504227509286435,11.02584684886877,0.5773826003031284
859,55,260.7818181818182,496.6,12.91347435453712,5.6915072234758215,0.8976339532612944
860,268,259.96268656716416,547.8059701492538,21.74067640898347,15.952415030512164,0.6794099363352206
861,98,261.92857142857144,5.377551020408164,12.310554116543846,10.216340959860261,0.5579348743645645
862,27,262.22222222222223,144.92592592592592,6.348232935724276,5.471118236056283,0.5071917246783019
863,45,262.0888888888889,285.2888888888889,8.076557096898924,7.040892253978649,0.48991711362267526
864,42,262.04761904761904,432.07142857142856,7.7742309135002525,6.818433758495899,0.4803886435488049
865,85,262.3764705882353,173.0,12.1170483791054,8.91218850655343,0.6775158152930939
866,25,262.4,263.44,5.887478237751711,5.4258639865002145,0.3881555064577865
867,67,262.4925373134328,506.07462686567163,10.662467995991745,8.078771848587037,0.6526226426955761
868,13,262.61538461538464,57.38461538461539,4.318667337728677,3.6794648440311994,0.523556754446835
869,62,264.8225806451613,392.83870967741933,9.27402584620845,8.502845166495607,0.39924310915580136
870,69,264.6376811594203,440.39130434782606,9.87692193472502,8.953042952130808,0.4222898836223656
871,126,264.54761904761904,450.6111111111111,17.457311542353914,9.409158899374082,0.8423179341575359
872,50,265.36,499.64,8.901501315862566,7.319567905532198,0.569076402815715
873,69,264.6376811594203,300.15942028985506,10.732988123897352,8.832104761771717,0.5681958311003397
874,58,265.6034482758621,352.41379310344826,11.936793948617415,6.1573106632679995,0.8566932741155526
875,119,267.3781512605042,559.9243697478992,13.611989918649781,11.326986538154733,0.554576059135769
876,56,266.89285714285717,339.23214285714283,9.279750202542985,7.707901555059266,0.556846830180009
877,57,266.63157894736844,401.35087719298247,9.021149859403303,8.040691001738622,0.4533835234569361
878,25,266.64,567.44,7.256090304295742,4.500883635010501,0.7843721935351288
879,22,267.90909090909093,70.0909090909091,5.502816709244202,4.972652484064489,0.4282593998234223
880,71,267.6619718309859,463.2957746478873,10.02473024272571,9.164887476322733,0.4052005140435626
881,131,268.25954198473283,15.564885496183207,14.742938965673247,11.912075491200307,0.589202873316195
882,27,267.5925925925926,411.6296296296296,7.476064376950288,4.776351837701143,0.7693015368994135
883,40,268.025,107.925,7.905913594891791,6.371540648077604,0.5920232889294219
884,43,268.1162790697674,332.7674418604651,7.955353814014585,7.269111517520312,0.40630322196317536
885,142,268.40140845070425,578.2957746478874,18.396404360251317,10.126809512720454,0.8348498982087632
886,55,269.6181818181818,6.1454545454545455,9.803820447452713,7.304757682455822,0.6669606194471078
887,41,270.0,186.0,9.596747416474487,5.373829991773819,0.828517156108491
888,73,269.8493150684931,146.56164383561645,10.405272810132853,8.9483700447365,0.5103206870495232
889,60,270.01666666666665,200.25,9.66392859070461,7.9668504702915195,0.5660215373309562
890,126,270.3412698412698,591.1507936507936,15.47962540727525,10.734677501207162,0.7204841549347899
891,51,271.54901960784315,257.94117647058823,8.66979948553779,7.4699123379683385,0.5075852992469023
892,41,271.8536585365854,420.3170731707317,7.7719282806170495,6.705444389410853,0.5055839081977817
893,57,271.9824561403509,430.70175438596493,9.130285595043608,7.963685047507078,0.4891006076474344
894,84,273.85714285714283,132.45238095238096,16.564699259536567,6.598002798986953,0.9172477833937818
895,108,273.3611111111111,544.5185185185185,15.014548622930285,9.206938645631471,0.7899267917336213
896,71,274.92957746478874,392.59154929577466,11.931212836988125,7.656096206140595,0.7669671771623567
897,42,276.5,8.738095238095237,8.039292034571268,6.675177315971387,0.5572883248682454
898,25,276.8,95.24,6.132060986158655,5.17264227083518,0.537065445407951
899,64,277.484375,201.9375,9.777707020704295,8.41605841040032,0.5090457304625506
900,37,276.86486486486484,556.7027027027027,7.294922604986723,6.4091925531693485,0.47759030389455664
901,34,277.6764705882353,372.5882352941176,6.900178022877732,6.230853024407229,0.42964290201958877
902,44,279.15909090909093,444.20454545454544,8.794892534153485,6.559727936579955,0.6661066371343628
903,16,279.25,465.375,4.837183752516743,4.165531580049303,0.5083541641390434
904,33,279.6060606060606,597.2424242424242,8.13075259460885,5.191568797532503,0.7696133264963099
905,26,280.5,587.0,6.201736729460423,5.203549084703927,0.5440588203494177
906,63,280.93650793650795,438.06349206349205,10.13971528682055,8.321517310241349,0.571380179962726
907,90,281.31111111111113,189.9111111111111,11.676362982319949,9.867383825234075,0.5346502968376048
908,71,281.84507042253523,353.46478873239437,11.432885616611676,7.8711918344840335,0.7252653950402983
909,21,282.0,568.0,5.0896720822428145,5.0896720822428145,0.0
910,158,283.69620253164555,535.7784810126582,17.033084791482526,11.930900330019218,0.7136970923119824
911,16,283.5625,379.25,4.999309771558982,3.9930441780670143,0.6017040856918728
912,46,284.4782608695652,501.1521739130435,8.689042902468987,6.733487425528674,0.6320347331282161
913,40,284.325,525.875,8.005735555092992,6.41624486922997,0.5980537310394216
914,9,285.1111111111111,457.6666666666667,3.885753375057407,2.7954428906961324,0.6945875203623408
915,19,286.1578947368421,241.8421052631579,5.271572221283753,4.5005385950383054,0.5207037318817046
916,46,286.80434782608694,251.0,9.805455849397466,5.98015872242881,0.7924932027398788
917,42,286.45238095238096,341.14285714285717,8.027672636781356,6.658567217363342,0.5585783505320975
918,73,287.09589041095893,363.64383561643837,11.544000686373666,8.12304973902927,0.710536995433194
919,107,287.41121495327104,494.2803738317757,16.694761000082227,8.556254440116343,0.8586804526015432
920,57,287.3333333333333,28.736842105263158,9.733028515406884,7.571638747362032,0.6283479121385515
921,41,289.0,470.0,7.852294988432735,6.551856932831537,0.5511782546095505
922,99,290.0,211.94949494949495,12.00946403020354,10.470480000659615,0.48976871884135476
923,55,290.0,279.0,9.57619693358503,7.251714375242986,0.6531082720152334
924,48,291.9166666666667,546.125,8.549547542977079,7.156171627758107,0.5471670439917705
925,62,291.0,566.9677419354839,11.70624151093449,6.756991770263441,0.8165938094079158
926,57,292.43859649122805,406.140350877193,10.212487190718665,7.0955724987602515,0.7192090197677388
927,37,293.1081081081081,30.594594594594593,7.494034522652111,6.463710144934172,0.5060330973432905
928,78,293.5897435897436,488.70512820512823,13.186560858584587,8.0179091924377,0.7939091370349165
929,137,293.1970802919708,506.57664233576645,19.892285249072525,8.943730299364953,0.89322598445472
930,58,292.7931034482759,537.8103448275862,9.271278821421,8.014440753846841,0.5027403609899547
931,40,293.6,561.35,8.928569681595977,5.912752611168937,0.749302019925509
932,73,293.4246575342466,105.26027397260275,14.01418007823682,6.71661996797765,0.8776658052261165
933,74,293.68918918918916,8.54054054054054,14.817006483812756,6.490578693243525,0.8989509707039326
934,68,294.6764705882353,37.029411764705884,9.78125692806633,9.508056450959284,0.2346953279759314
935,51,295.05882352941177,247.0392156862745,10.031704843820766,6.483056896486384,0.763120057700237
936,49,295.3469387755102,476.83673469387753,8.655234279948571,7.1912556768456914,0.556487068359829
937,61,293.88524590163934,499.42622950819674,13.616649489986878,6.107821272159129,0.8937550439541918
938,80,295.8375,512.775,16.85258017992697,6.2735987502495405,0.9281271265651259
939,66,297.3939393939394,324.0151515151515,11.843236916395107,7.27237361157691,0.789264894425997
940,57,297.42105263157896,219.21052631578948,10.759003345463235,6.763931713143411,0.7776669969212071
941,11,296.6363636363636,542.0909090909091,4.346129984141888,3.067356324605907,0.7084437526351621
942,90,298.8666666666667,151.2111111111111,13.544495466170742,8.511051673651824,0.7779088233600385
943,33,299.24242424242425,455.57575757575756,6.990316939993503,5.963042424416517,0.5218402784930364
944,113,299.21238938053096,519.2477876106195,14.031337457673196,10.451815670754687,0.6671862844886778
945,81,299.4938271604938,78.85185185185185,13.640376025383285,7.67926313467476,0.8264703077620367
946,86,299.5813953488372,484.93023255813955,15.497380641260852,8.041801159798064,0.8548267098170368
947,15,301.1333333333333,1.0666666666666667,5.266244708835066,3.675746333890726,0.7161148740394329
948,79,300.9367088607595,292.88607594936707,11.00526853719968,9.119719026786722,0.5597397331949583
949,4,301.5,319.5,2.0,2.0,0.0
950,52,300.71153846153845,467.36538461538464,9.447238907374857,6.987179899225615,0.6730464518357411
951,75,301.38666666666666,40.266666666666666,12.382266822388901,7.970122089211985,0.7653012335475181
952,44,301.6136363636364,114.88636363636364,7.646556794558475,7.3872519587219445,0.2582105008502729
953,25,301.92,431.44,6.229132290364385,5.01975207646152,0.5921184607712484
954,41,301.6829268292683,589.7317073170732,9.11513643827101,6.057277550896838,0.7472619835221981
955,63,302.6190476190476,425.8253968253968,10.6758290227032,7.9867595110457605,0.6635678635724727
956,75,302.05333333333334,206.69333333333333,11.081434525768788,8.764982599082018,0.6118665599452341
957,108,302.43518518518516,596.1481481481482,17.910641991584573,8.08140090723747,0.8924194934002168
958,38,302.5,105.0,7.455128930368747,6.407232755171875,0.511237358145545
959,61,301.8032786885246,199.98360655737704,12.964541396656179,6.1419384214587165,0.880659918672376
960,28,303.82142857142856,443.39285714285717,6.372167003623255,5.540903367404507,0.4938489054053847
961,27,304.037037037037,483.962962962963,8.147703588987206,4.20941547326392,0.8562037722842121
962,36,304.5,349.8611111111111,7.618678126258614,5.989100421213697,0.6180897302533216
963,80,305.375,333.975,12.255220260058605,8.291536430448167,0.7363766695635184
964,19,305.6842105263158,44.1578947368421,5.078879192343082,4.855815829335072,0.29310519088027465
965,58,305.2413793103448,246.3793103448276,9.810872214847171,7.526650813737161,0.6414384720990204
966,83,305.87951807228916,19.337349397590362,13.36024918329681,7.94438570232303,0.8040005462512866
967,25,306.08,111.56,7.019971509913697,4.732863826479693,0.7385489458759963
968,41,305.780487804878,524.4634146341464,9.120035520127551,5.7959936366888325,0.7720818187843544
969,44,306.8181818181818,433.75,8.363381097870416,6.72697582270234,0.5941735355599147
970,37,307.5405405405405,252.75675675675674,7.973404544561713,5.917720385702354,0.6701979635360419
971,38,308.39473684210526,454.42105263157896,7.608285717807716,6.386262486541441,0.543541062203193
972,129,308.3565891472868,480.29457364341084,18.3199356819163,9.41360717883696,0.8578830489077789
973,59,308.5762711864407,515.728813559322,10.048296238062923,7.613500014501909,0.6526138927456108
974,72,309.52777777777777,39.138888888888886,11.397723788662837,8.027301629420371,0.7099124955454861
975,111,309.8198198198198,299.2072072072072,13.684109427922966,10.695120402627673,0.6238147115072269
976,47,311.17021276595744,112.46808510638297,8.659377263225757,7.003282699772272,0.5881507626687816
977,54,313.962962962963,468.31481481481484,11.369587285161174,6.0441881685366905,0.8469891574589329
978,55,314.0,22.745454545454546,9.379844753688932,7.434563018276681,0.6097283547503014
979,30,314.3333333333333,75.2,6.317486299531702,6.050200195926147,0.2877982277471246
980,68,314.02941176470586,165.10294117647058,10.760181499426542,8.060786535228855,0.6624217723101692
981,57,313.9298245614035,322.36842105263156,9.34109739313663,7.752895971982691,0.5577976181929415
982,44,313.95454545454544,475.52272727272725,8.453993204499543,7.041277275831072,0.5534330710328342
983,82,315.8780487804878,336.4756097560976,14.947640563276487,7.652742795044512,0.8590033585933463
984,136,314.36764705882354,519.7573529411765,22.828295190563303,8.007322185893237,0.936464249605489
985,38,315.3421052631579,402.1578947368421,9.059980698721978,5.376656906431524,0.8048699330845812
986,145,316.6275862068965,57.3448275862069,18.086602816913235,10.609435684092853,0.8098834342202861
987,91,316.4725274725275,230.93406593406593,13.555945547316798,8.543411057668095,0.7764056484005664
988,18,317.5,144.77777777777777,5.258737584977436,4.268749491621899,0.5840132092439594
989,29,318.17241379310343,294.1034482758621,7.10353671291595,5.112171406486839,0.6943207788666131
990,35,318.48571428571427,529.5714285714286,7.2576845145820466,6.27338849760622,0.5028412493043622
991,31,318.61290322580646,573.1290322580645,6.880738784788946,5.796934122612671,0.5387164135122468
992,73,319.4246575342466,114.26027397260275,11.397029133168143,8.206337879618577,0.6939306464438824
993,99,318.5353535353535,481.25252525252523,16.684975311782573,7.803494676005064,0.8838894375284827
994,51,320.05882352941177,151.50980392156862,10.222734274525127,6.59081199554349,0.7644179257048411
995,80,319.6,579.9875,12.324798459721032,8.326874739496091,0.7372504520899543
996,20,320.7,405.15,5.556341125566584,4.574611819197062,0.567586589848995
997,95,321.6421052631579,38.92631578947368,11.51401653777751,10.48841859160987,0.41256947926971216
998,81,321.7654320987654,88.25925925925925,11.464426378387639,9.137834386910203,0.6039002711346722
999,31,321.19354838709677,471.5483870967742,7.018683057325421,5.6143215396885475,0.6001186945549927
1000,46,321.8695652173913,386.2608695652174,8.276003849041125,7.056831838903754,0.5224239140307012
1001,45,322.44444444444446,72.04444444444445,9.414278187278908,6.014920402390415,0.7692776155211739
1002,27,322.25925925925924,427.4074074074074,7.292332444921073,4.743222151049379,0.759557939770202
1003,52,322.09615384615387,436.61538461538464,9.093036203713934,7.277069867218917,0.5996125626029805
1004,116,321.8448275862069,520.2586206896551,18.760471204570095,8.644491945224859,0.8875132265461269
1005,31,323.06451612903226,553.5483870967741,8.093623978348337,4.79941183008864,0.8052122122682889
1006,28,322.64285714285717,362.17857142857144,6.529146951918674,5.447601539139099,0.5512332438804064
1007,87,322.6551724137931,319.62068965517244,13.470101599449753,8.507339947116746,0.7753171742532584
1008,54,324.0,62.68518518518518,11.064924553055656,6.311383572958291,0.821370155492693
1009,33,325.0,446.0,7.101002916788756,5.908391567007971,0.5547001962252291
1010,97,325.0412371134021,481.6185567010309,18.02649163462793,7.112475991213031,0.9188715262851717
1011,76,325.44736842105266,529.1184210526316,12.551445567959139,8.083960095798291,0.7649698753533988
1012,43,326.1162790697674,567.8139534883721,8.315195581897049,6.601192960590135,0.6080861555549169
1013,36,326.77777777777777,123.08333333333333,7.178636238253307,6.360411628175025,0.46364799255941785
1014,59,328.4237288135593,71.89830508474576,11.008208790542847,6.96612478527454,0.7743056139080651
1015,85,327.7294117647059,538.6705882352941,15.473513838421104,7.043836242259009,0.890379545928546
1016,66,330.95454545454544,365.0,13.416666621622824,6.50100217012905,0.8747653684001584
1017,44,330.72727272727275,377.6818181818182,8.625845952237315,6.485182458931013,0.6593553198483028
1018,11,330.1818181818182,452.1818181818182,3.8138503569823694,3.6725472503134826,0.26967994498529707
1019,87,330.71264367816093,585.6321839080459,12.225827744387814,9.190681475802517,0.6594560886490629
1020,64,331.625,414.265625,10.940411462641336,7.528511856808492,0.7255799194728852
1021,34,331.44117647058823,425.05882352941177,6.971945130766251,6.32353831354941,0.42113553894752515
1022,107,331.57943925233644,483.9626168224299,15.815205144965354,8.845447302575515,0.8289651942117962
1023,67,331.82089552238807,295.92537313432837,9.729322193584409,8.742964077648349,0.4387276953505164
1024,33,332.3030303030303,493.24242424242425,6.946241886335838,6.1304647338537155,0.47020263283849895
1025,48,331.6666666666667,515.5833333333334,8.872628164191095,6.9321170819440665,0.6241651728045821
1026,73,331.986301369863,530.6849315068494,12.327781536255557,7.796837426316918,0.774592443860084
1027,102,332.8235294117647,47.333333333333336,16.159751359159614,8.143210578896142,0.8637507394915662
1028,77,333.9220779220779,110.85714285714286,13.73588168045442,7.134554943699615,0.8545251333306745
1029,38,333.94736842105266,429.8421052631579,8.772490101414126,5.6633813516942855,0.7636890660173371
1030,66,334.1969696969697,595.6666666666666,10.465145071251781,8.14027186630186,0.6284548560991241
1031,65,335.18461538461537,150.2923076923077,12.966867011673429,6.471969978649,0.8665352164915436
1032,62,335.69354838709677,80.91935483870968,13.673213885879925,5.821355100383224,0.9048413761178892
1033,20,335.1,497.95,5.215361924162119,4.795831523312719,0.3929526239966879
1034,37,335.7837837837838,421.4054054054054,7.779241135561703,6.212265764041545,0.6019024306612598
1035,40,335.65,437.1,7.600926300527506,6.877929875620224,0.42566572361315597
1036,126,337.07142857142856,389.7936507936508,14.168398882497137,11.348095647276322,0.5987391176879583
1037,30,337.3666666666667,172.63333333333333,6.491019437140313,5.793482928640115,0.4509717590117594
1038,42,337.5,190.14285714285714,7.964205637009345,6.680258254000068,0.5444623921257524
1039,36,338.1666666666667,313.47222222222223,7.707595976085753,5.899393258008536,0.6435549544841346
1040,46,337.30434782608694,444.89130434782606,10.473099266782205,5.743774049382224,0.8361957040314654
1041,43,338.1162790697674,451.5348837209302,7.870436949710853,7.078099239996374,0.4372760107970116
1042,12,338.0,457.5,4.47213595499958,3.265986323710904,0.6831300510639732
1043,47,337.6595744680851,475.51063829787233,7.914302399371305,7.6141880183713635,0.27276923280933896
1044,95,336.6,524.2105263157895,14.267536652599427,8.666319789723715,0.7943844635986321
1045,38,338.2105263157895,551.1052631578947,7.393983130181437,6.49051595823555,0.4790080821576626
1046,42,338.45238095238096,336.35714285714283,8.23601415033645,6.473059340011696,0.618295612783598
1047,21,338.1904761904762,432.14285714285717,5.3166327716454,4.992156306471801,0.34400025467068907
1048,22,339.1363636363636,4.0,6.344021585689335,4.451910356553365,0.7124243397932868
1049,39,339.7435897435897,590.5641025641025,8.048969793316632,6.113791852464179,0.6504203607876518
1050,43,340.30232558139534,481.3953488372093,8.45952736098208,6.542075730237603,0.633993703422935
1051,91,340.1208791208791,416.2637362637363,14.665672320997231,8.13147026458322,0.8322130286149992
1052,58,340.48275862068965,571.3620689655172,11.756631464063652,6.2772203509199125,0.8455285702723909
1053,51,340.5686274509804,581.3921568627451,10.319387397024467,6.416414455837997,0.78318996885526
1054,12,341.5,29.5,3.8297084310253524,3.8297084310253524,0.0
1055,36,341.8611111111111,557.3888888888889,7.3450056870841,6.163534948521058,0.54390564390978
1056,119,341.9159663865546,41.69747899159664,16.671646479025533,9.694922329806836,0.8135309724013317
1057,44,342.45454545454544,596.6590909090909,8.469062510541592,6.810463876203139,0.5944156835727665
1058,47,342.40425531914894,8.106382978723405,9.261544834538695,6.544631951257627,0.7075674412941948
1059,64,343.078125,139.65625,9.696070114381193,8.411179648955542,0.4974661698856873
1060,45,343.1777777777778,455.64444444444445,8.187929761128489,7.063715582592823,0.5057184166777261
1061,19,343.89473684210526,540.421052631579,5.54469823377709,4.2956952169149805,0.6322808964466018
1062,23,344.0,374.0,5.897678246195885,4.86335007099463,0.5656854249492381
1063,57,344.7719298245614,23.666666666666668,10.045017781531635,7.249673051299518,0.6921869043827529
1064,53,344.6792452830189,165.49056603773585,12.373786816524722,5.592814520302027,0.8920235521557601
1065,56,345.125,411.375,11.07731717217117,6.585170676493532,0.8041152574439174
1066,36,346.69444444444446,461.30555555555554,7.211102550927979,6.404088200439805,0.45967493365896966
1067,54,347.22222222222223,577.1851851851852,9.482860133208861,7.261993072994128,0.6430764544830234
1068,39,347.1794871794872,381.7435897435897,10.378470523560923,4.904415668540771,0.8813002754943412
1069,125,347.192,526.968,14.607916285265896,11.004843197550045,0.6576221765243553
1070,67,347.43283582089555,550.9104477611941,10.28573708081257,8.305913390132597,0.5898435197206657
1071,30,348.3,417.3333333333333,6.602802548044523,5.806767953611743,0.4760099557719926
1072,57,347.57894736842104,592.1228070175439,10.583454558362918,7.1279279134466025,0.7391896960750189
1073,47,348.78723404255317,386.9574468085106,8.466958114571518,7.126807196158459,0.5399144360743724
1074,72,348.5833333333333,424.44444444444446,11.04103908106981,8.336097272626093,0.655713029975376
1075,47,350.0425531914894,448.5531914893617,9.936579553563192,5.992791444117335,0.7976625201845867
1076,41,349.8292682926829,454.5853658536585,7.653575138183471,6.8901340791,0.43537250419921464
1077,59,350.6101694915254,32.33898305084746,9.972299890423782,7.627680029642644,0.6441647796099764
1078,116,350.83620689655174,76.14655172413794,14.540916494436644,10.368847381242261,0.7010819276754311
1079,27,350.22222222222223,85.07407407407408,6.342109413344496,5.690449430287522,0.44152550236990024
1080,56,350.67857142857144,406.9642857142857,9.687308256845183,7.400561035139049,0.6452825445596588
1081,73,350.56164383561645,517.6164383561644,11.159389897964886,8.414673482035495,0.6568236522303312
1082,68,350.94117647058823,216.44117647058823,10.839390518358806,7.988031750863098,0.6759530017547649
1083,57,350.9122807017544,241.08771929824562,8.996001048806626,8.118710169663972,0.4307319601808221
1084,123,349.9837398373984,509.0487804878049,17.259417246404027,9.688915909494659,0.8275650596889284
1085,38,351.6578947368421,597.421052631579,10.502924588588572,4.760634867168356,0.8913745175932141
1086,57,352.7719298245614,184.2982456140351,10.827373997063333,6.914532140521134,0.769525734488514
1087,71,352.2957746478873,232.19718309859155,11.603998635776314,7.8937513316933545,0.7329696773742753
1088,28,352.2857142857143,1.3214285714285714,8.423887304521836,4.251933561010386,0.8632672010361022
1089,66,352.8787878787879,251.65151515151516,9.633466758459512,8.74140220561661,0.42026929694963416
1090,63,353.2063492063492,461.9047619047619,10.009488644585067,8.299909297260788,0.558945896399263
1091,72,352.6666666666667,588.0972222222222,12.212654644013549,7.5887232698947455,0.7835077924079741
1092,71,353.5774647887324,26.985915492957748,14.567809041435872,6.518945809822193,0.8942890403988889
1093,85,354.81176470588235,132.08235294117648,14.601695721495684,7.423158682462655,0.8611349220178457
1094,17,353.88235294117646,398.4117647058824,5.181899763382574,4.041201040002321,0.625943231252129
1095,49,354.16326530612247,432.0612244897959,9.33480903895221,6.7285091526002345,0.6931454640852519
1096,68,354.0882352941176,565.3823529411765,10.459526149151836,8.268611675050826,0.612418075806022
1097,36,354.6666666666667,170.25,8.922310456412578,5.233772646895426,0.8098812432312685
1098,67,355.2985074626866,15.835820895522389,9.691202860475716,8.822445447696937,0.4138258176951726
1099,58,356.86206896551727,8.637931034482758,12.315140596343618,6.0916191105785185,0.8690952847337453
1100,43,356.06976744186045,86.32558139534883,8.457573566426117,6.455405618509186,0.6460805605297721
1101,56,356.0,388.76785714285717,9.443844770549624,7.593802523511463,0.5944930677334026
1102,123,356.0487804878049,98.11382113821138,17.40307351076279,9.29252874158726,0.8455103335657562
1103,80,356.9125,525.75,10.763841294060855,9.61338757131274,0.4498211305437286
1104,22,357.1818181818182,152.77272727272728,5.998054930171517,4.645110984993751,0.6326519910603979
1105,30,357.2,540.5333333333333,6.571448288130013,5.810188432284733,0.46719092509263366
1106,34,357.70588235294116,438.1764705882353,7.094724922402462,6.098712162428003,0.510947013130291
1107,17,357.5882352941176,465.88235294117646,5.181899763382574,4.041201040002321,0.625943231252129
1108,29,358.0,344.2068965517241,6.838375313787884,5.356272507295889,0.6216856792688521
1109,42,358.73809523809524,358.4047619047619,8.974901049723867,5.9457024736388435,0.749078613653739
1110,158,359.4177215189873,123.4113924050633,20.137843084953982,10.525697176054233,0.8525274515809897
1111,103,359.11650485436894,515.4271844660194,15.390353756422769,8.909472085553972,0.8153987175921253
1112,43,359.3255813953488,573.3720930232558,8.34045825485357,6.528282771725787,0.6223680806450237
1113,6,360.8333333333333,106.16666666666667,3.1269438398822857,2.309401076758503,0.674199862463242
1114,88,360.29545454545456,333.0681818181818,12.0860387238672,9.249189298307519,0.6436989570124975
1115,147,360.6054421768707,584.843537414966,15.749497613438388,12.25394865492425,0.6281982617696267
1116,43,361.83720930232556,293.09302325581393,8.358993515495785,6.504532823844169,0.6280811453186862
1117,26,362.2307692307692,395.5,6.12671397599715,5.441627040730009,0.45949498745562334
1118,39,363.05128205128204,86.56410256410257,7.947092122173232,6.2607860100069805,0.6159203754645357
1119,67,363.089552238806,536.6268656716418,10.778519784115531,7.889464454500272,0.681345699669974
1120,79,362.53164556962025,559.7974683544304,10.73480119346701,9.391111808885274,0.48443245656839745
1121,6,363.0,0.5,3.265986323710904,2.0,0.7905694150420949
1122,71,363.28169014084506,14.76056338028169,10.346880031158264,8.8585278570985,0.5167199233330805
1123,18,363.72222222222223,477.6111111111111,5.693388843125944,3.935296437229382,0.7226591383582849
1124,25,364.08,597.68,7.590326539571494,4.176858032382307,0.8349755780293057
1125,26,364.8076923076923,51.26923076923077,8.218319857093556,4.253510881751249,0.8556441747706839
1126,80,366.8375,515.3,11.666191745023266,8.79985625839144,0.6565251903266504
1127,9,366.8888888888889,555.7777777777778,4.312594463574638,2.660928660904759,0.7869526281849774
1128,93,367.752688172043,455.81720430107526,14.153987349035997,8.406398315027786,0.8045208623141209
1129,139,367.8848920863309,353.8848920863309,17.17625396520867,10.486294724441208,0.7920076540705923
1130,12,368.5,395.5,3.8297084310253524,3.8297084310253524,0.0
1131,94,368.86170212765956,436.20212765957444,16.71438832950904,7.205888678238461,0.9022951267418282
1132,96,368.8958333333333,188.53125,15.679718918045896,7.8500856814833035,0.8656485316781095
1133,37,369.02702702702703,271.1621621621622,7.748966291157443,6.067815610528267,0.6219607804647295
1134,42,368.6190476190476,298.9047619047619,7.761090602262969,6.856576273647456,0.4685155421103728
1135,37,369.4594594594595,404.35135135135135,9.501302416851159,4.958695022687257,0.8530089114616899
1136,87,369.5287356321839,31.873563218390803,13.452231397094206,8.395988115121183,0.7813177254200352
1137,224,367.95089285714283,445.4330357142857,21.915178071061213,13.254662087448825,0.796364839594939
1138,19,370.89473684210526,1.4210526315789473,5.54469823377709,4.2956952169149805,0.6322808964466018
1139,46,370.5,507.0,9.350481907490598,6.189314867776043,0.7495703439624047
1140,58,371.7586206896552,47.13793103448276,10.168731107935713,7.290637011606045,0.6971078798107764
1141,52,371.9807692307692,131.03846153846155,11.196145834586536,5.961527453172628,0.8464536131532097
1142,44,372.15909090909093,311.40909090909093,8.971249333225165,6.184838121664112,0.7243746255298888
1143,26,372.0,392.5,6.201736729460423,5.203549084703927,0.5440588203494177
1144,79,372.32911392405066,580.1392405063291,12.736030083582841,7.949422204603786,0.7812901697826068
1145,90,372.9888888888889,14.4,11.585665506350121,9.848256558604922,0.526721280326933
1146,92,373.7282608695652,84.1195652173913,16.096017016943446,7.39178348122882,0.8883170943301306
1147,52,374.65384615384613,36.90384615384615,9.121247163270402,7.356791203626114,0.5911585049732329
1148,58,374.7586206896552,516.8965517241379,11.268694781455359,6.553438212507946,0.813502493631182
1149,66,374.95454545454544,563.0151515151515,14.149824013658423,6.227042031894169,0.8979590037310866
1150,33,375.42424242424244,163.33333333333334,6.954087306125606,6.056414409990553,0.49143483697077067
1151,45,375.6,323.3333333333333,9.662592190944094,5.909209473013345,0.7912016899426659
1152,126,375.7936507936508,479.4761904761905,17.311146155940968,9.536008381659368,0.8345980294226231
1153,34,376.5,56.88235294117647,7.143225977651853,6.042977347910171,0.5332255033562071
1154,77,377.012987012987,259.1948051948052,12.565752705742643,7.8317387060222226,0.7820142013268451
1155,115,377.5304347826087,401.97391304347826,14.239563032890835,10.391907642165267,0.6836701104252951
1156,103,377.13592233009706,569.7184466019418,13.706167070430258,9.683051952996848,0.7077389035290379
1157,94,378.2659574468085,278.90425531914894,12.423174306461785,9.673563097131433,0.6274326916469104
1158,88,377.09090909090907,455.8181818181818,14.902333413176475,7.803567482510437,0.8519351190574247
1159,107,378.4859813084112,140.79439252336448,13.449162482783064,10.249747099856192,0.6474470491833719
1160,34,380.29411764705884,155.7941176470588,8.32024204619366,5.202329260263857,0.7804150948271762
1161,52,380.28846153846155,150.21153846153845,9.135646106057717,7.402724177926546,0.5859986110112327
1162,64,380.953125,131.0,11.167825101002212,7.27973394180206,0.7583489154764991
1163,32,381.3125,163.75,7.462930320069397,5.453638330306556,0.6826305460466611
1164,212,381.39622641509436,467.42452830188677,17.724934870632502,15.35912977766322,0.49913067783193127
1165,89,382.35955056179773,3.134831460674157,13.859879382161703,8.26897249467311,0.8025297112888381
1166,85,381.54117647058825,44.92941176470588,11.576961451698331,9.352385382073292,0.5893955883977848
1167,33,382.1818181818182,121.75757575757575,8.847259034937629,4.800484196799224,0.8399940292554802
1168,57,382.2456140350877,384.0877192982456,10.350021738629778,7.018717785190465,0.7349368425907769
1169,52,381.84615384615387,411.63461538461536,10.399942547676003,6.499959925161616,0.7806250706070648
1170,16,382.0,53.5,4.898979485566356,4.0,0.5773502691896258
1171,5,382.6,501.2,3.098386676965933,1.7888543819998317,0.816496580927726
1172,33,382.45454545454544,197.3939393939394,8.090188623539765,5.260146564794019,0.759773046246681
1173,15,383.1333333333333,447.46666666666664,4.618802153517007,4.061745656460751,0.47609522856952347
1174,61,383.59016393442624,480.04918032786884,10.162361576998093,7.663000050179715,0.656808964646579
1175,15,383.4,404.93333333333334,4.9746021616473675,3.771236166328254,0.6521405955174382
1176,101,383.51485148514854,578.980198019802,11.859204350893776,10.85197266801785,0.4033006831401321
1177,91,384.74725274725273,557.1978021978022,12.027917132163584,9.87670143308539,0.5707151475994363
1178,88,384.1931818181818,20.602272727272727,11.105991239896952,10.05809241566919,0.4240353708431354
1179,66,385.09090909090907,29.833333333333332,10.50466762434389,8.021721107429837,0.645649401980461
1180,27,385.5925925925926,549.7407407407408,6.025659376849024,5.679488253754415,0.33406370115253914
1181,36,385.5,597.2222222222222,8.768630958643937,5.258737584977436,0.8002087075220383
1182,69,386.94202898550725,161.79710144927537,12.359310226493543,7.337529774035635,0.804697970545685
1183,80,387.3125,262.675,12.786808090658324,7.9652394096269825,0.7822805059531343
1184,23,387.0,309.17391304347825,5.40531139753741,5.36036000258172,0.12869789041755691
1185,60,386.7,493.06666666666666,11.526490914718087,6.655491172594024,0.8164555654174174
1186,35,387.0,524.2285714285714,7.606437590322671,5.879058740506184,0.6345209418119585
1187,69,387.5507246376812,400.05797101449275,10.649611202822118,8.224978023092428,0.6352256459441652
1188,40,388.325,147.025,7.316347356865859,6.92611444849722,0.3222256889028979
1189,69,388.536231884058,409.72463768115944,12.771967440423474,7.0024251193164755,0.8363045405424919
1190,46,389.10869565217394,77.6304347826087,8.193751007477376,7.08098349279216,0.5031602126912892
1191,70,389.07142857142856,350.0,9.569509402476264,9.270537047164913,0.24800864954234159
1192,11,389.27272727272725,124.9090909090909,5.196736578748782,2.565288636898107,0.8696694471536168
1193,6,390.6666666666667,557.6666666666666,3.6514837167011076,2.10818510677892,0.8164965809277259
1194,58,390.01724137931035,570.7758620689655,11.670223270435445,6.375931304159188,0.8375622897684009
1195,82,391.219512195122,155.5487804878049,11.640299976837186,9.116414227031472,0.6217989382505951
1196,67,391.7313432835821,70.05970149253731,11.425137303559932,7.575533958818352,0.7485676169257378
1197,98,391.18367346938777,371.2755102040816,12.206961807910327,10.21858541262174,0.5470326374612868
1198,53,391.8679245283019,485.45283018867923,9.842230466011376,6.957061331705064,0.7073552729329271
1199,60,391.48333333333335,529.1833333333333,9.205035729717018,8.457251030471475,0.39480830028721087
1200,25,392.28,131.88,5.71314274283428,5.58168433360397,0.2132843080923475
1201,41,392.4146341463415,52.829268292682926,7.761981191920599,6.709867375379947,0.5027137691825082
1202,49,392.44897959183675,466.18367346938777,9.38472281156628,6.7065793370983595,0.699505389294886
1203,46,392.69565217391306,210.5,9.169687879279351,6.338289441440669,0.7226425328029255
1204,25,393.8,147.24,6.132060986158655,5.17264227083518,0.537065445407951
1205,46,393.82608695652175,314.7173913043478,9.65239035122064,6.074177534397798,0.7771684893694732
1206,55,393.3454545454546,595.9454545454546,8.758871866843899,8.207405342931812,0.349224483193191
1207,40,394.65,391.725,8.211433807936366,6.277129504628661,0.6446976157124211
1208,50,394.08,406.22,9.517082037405347,6.7222280155686835,0.7078798309577545
1209,19,395.05263157894734,325.1578947368421,4.941766144970738,4.896717199837056,0.1347175576035976
1210,64,395.53125,385.390625,12.293597169814658,6.794147288389104,0.8334085508454527
1211,53,396.35849056603774,522.3207547169811,8.422832089311575,7.976068288837564,0.32135732903257735
1212,50,397.62,318.84,10.529395118293392,6.040847493759403,0.8190566284609653
1213,30,397.3666666666667,350.3666666666667,6.491019437140313,5.793482928640115,0.4509717590117594
1214,97,397.83505154639175,555.9896907216495,17.464099194549906,7.459247676159381,0.9041954458185718
1215,51,398.0980392156863,152.33333333333334,9.009600463207764,7.240507335490827,0.5951109461869336
1216,38,398.36842105263156,74.92105263157895,7.229984338208034,6.663574622248546,0.3880026974943527
1217,32,398.46875,161.03125,7.021105936146297,6.096951814916305,0.49590837832632956
1218,55,398.2,562.7454545454545,9.79757539044358,7.4201142161675,0.6530185824206436
1219,52,400.0,135.71153846153845,10.822213002229311,6.127670420937574,0.8242594247713105
1220,44,399.6363636363636,299.0681818181818,8.813183348760072,6.3066695056006985,0.6985154731766553
1221,21,400.14285714285717,63.476190476190474,6.088776041622918,4.377514589279839,0.6950636535037217
1222,32,400.5,289.5,6.324555320336759,6.324555320336759,0.0
1223,123,400.609756097561,379.8130081300813,17.033621871427354,9.359892799386218,0.8354968986197199
1224,23,400.7826086956522,457.60869565217394,6.013934515175301,4.820294404911254,0.5979667161426385
1225,80,400.9,594.675,11.807558955561829,8.827884883194368,0.6640964603714024
1226,86,400.7906976744186,111.5813953488372,13.80445416622939,7.987046588648944,0.8156222736481608
1227,38,400.9736842105263,527.6315789473684,7.690851849641868,6.268935419149262,0.5792979489564124
1228,45,401.4222222222222,271.35555555555555,7.96348239041452,7.2278087843063545,0.4197946577424978
1229,49,401.7755102040816,533.3673469387755,9.641559231297347,6.49594900677256,0.7389642336583366
1230,84,402.29761904761904,586.0833333333334,12.035793219584729,8.981033122743483,0.6657288908819932
1231,47,402.531914893617,166.74468085106383,8.952996345903788,6.733330904361223,0.6590767455461728
1232,39,402.12820512820514,392.4871794871795,8.635183338785096,5.741329617195557,0.7469533933694955
1233,43,402.93023255813955,433.04651162790697,7.72701457431018,7.119858175257834,0.3885581744431769
1234,52,402.5,540.5,8.095582841183305,8.095582841183305,0.0
1235,82,403.0487804878049,200.0487804878049,13.569606230888827,7.700768579101632,0.8233725307951227
1236,43,403.8139534883721,420.30232558139534,8.947828662791103,6.173020633894133,0.7239138810235819
1237,48,404.1041666666667,517.2083333333334,8.148651162478545,7.554122186595529,0.3749634769771246
1238,50,404.5,69.16,8.591421820234476,7.387683744367983,0.5104781873650714
1239,40,404.575,157.875,8.693928612275165,5.837431394428819,0.7410610101252237
1240,86,406.06976744186045,409.6744186046512,14.226914639187218,7.959638918641594,0.8288455252269767
1241,48,405.7291666666667,439.3541666666667,8.097074899766898,7.5668238060635,0.35592833488707426
1242,93,407.0752688172043,328.44086021505376,12.073043293402204,9.886907153909231,0.5739017139457764
1243,89,407.3820224719101,564.5955056179776,11.224648379850802,10.137170410481378,0.4293946230483998
1244,36,408.75,170.02777777777777,7.15343966729084,6.414771124580431,0.4425589974101766
1245,76,408.7368421052632,305.44736842105266,10.778743839137313,8.963846116814928,0.5553413218777201
1246,5,409.4,104.8,3.098386676965933,1.7888543819998317,0.816496580927726
1247,56,409.0892857142857,365.26785714285717,10.15438239294529,7.063902766847469,0.7183802375064259
1248,69,409.4782608695652,592.8985507246376,9.890606086149814,8.952575387039785,0.4250722322945864
1249,9,410.0,508.0,3.265986323710904,3.265986323710904,0.0
1250,76,410.3421052631579,524.4078947368421,12.993782127054102,7.504079591940909,0.8163814071822144
1251,44,410.79545454545456,320.6818181818182,8.050424482441889,6.940759088664614,0.5066350149908677
1252,23,409.95652173913044,431.39130434782606,5.590099718030309,5.242902365874442,0.3469309621252996
1253,30,411.03333333333336,425.9,7.115392322911024,5.303465626042506,0.6666721159878828
1254,48,411.5833333333333,533.6875,8.103085185420293,7.549816732877983,0.363174193792344
1255,31,412.93548387096774,79.35483870967742,6.813781933146206,5.792730482588427,0.5265420511156839
1256,24,413.2916666666667,162.95833333333334,5.773502691896256,5.286250509051235,0.40207793606049363
1257,59,414.0,4.0,8.959418867352836,8.396932450381579,0.3487429162314578
1258,39,414.35897435897436,332.79487179487177,7.53411381654227,6.624703891417301,0.4762787040997355
1259,80,415.1375,277.5375,14.163906642776684,7.270402231974963,0.8582063343496635
1260,32,415.875,151.53125,7.22881939292555,5.610574407711163,0.6305608751978339
1261,69,415.536231884058,172.768115942029,12.075324318440543,7.438696166634908,0.7877269578974181
1262,63,415.6190476190476,360.58730158730157,10.013028363682968,8.053004284393328,0.5942875777160587
1263,77,416.05194805194805,55.87012987012987,14.310913848801412,7.104162356313421,0.8680849324745084
1264,33,415.5151515151515,567.8181818181819,7.599774443417275,5.571728908345961,0.6800734516304691
1265,40,415.875,595.85,9.367904868557325,5.516553124339507,0.8082219348310945
1266,21,417.3809523809524,164.57142857142858,6.032039989528758,4.479733061685142,0.6696726676377877
1267,38,417.42105263157896,158.21052631578948,7.613831028052471,6.42033587986933,0.5375271601666521
1268,56,418.2142857142857,257.05357142857144,9.473589616214223,7.5241839877502485,0.6076206995491131
1269,34,417.70588235294116,445.7352941176471,7.318433604619445,5.895665244493013,0.5924718735030235
1270,59,418.59322033898303,513.1355932203389,12.071903054910374,6.200493309111687,0.8580116985086235
1271,178,416.64606741573033,585.1516853932584,19.62297668414798,12.148151887619315,0.7853295551415591
1272,67,419.92537313432837,371.56716417910445,13.190923288038105,6.491283935803807,0.8705373673384666
1273,67,419.4776119402985,26.29850746268657,9.429062970658347,9.069512640312292,0.2735145627547915
1274,75,419.6933333333333,89.38666666666667,12.284891216145837,7.815234625518754,0.7715519116051007
1275,45,419.44444444444446,293.15555555555557,8.474432328563353,6.720838914967831,0.6091273013496854
1276,31,419.4516129032258,304.2903225806452,6.8575012356818705,5.700161964155581,0.5559284066053243
1277,127,420.03937007874015,575.3858267716536,15.243792155757555,11.204247611008606,0.67806281251294
1278,31,420.2903225806452,353.9032258064516,7.655594190733442,5.157820846079544,0.7389755269691438
1279,63,419.984126984127,427.015873015873,9.316066581845503,8.615028379189562,0.3805762338914628
1280,38,420.5,332.0,7.455128930368747,6.407232755171875,0.511237358145545
1281,13,423.3076923076923,152.92307692307693,5.108412959026923,3.2324132994205192,0.7743457464718222
1282,20,423.3,337.0,5.47093636753524,4.79883894941061,0.4802141148858372
1283,44,423.95454545454544,514.0909090909091,10.16185995702076,5.578240538301862,0.8358624590255322
1284,85,423.8,522.8470588235294,11.477735252766763,9.53262119376389,0.5569715904682884
1285,70,425.24285714285713,147.11428571428573,11.198466815490633,8.018655172675366,0.6980496339638111
1286,19,425.7894736842105,227.0,5.191085476184401,4.602781286121147,0.46240219449488373
1287,42,425.35714285714283,377.0,8.545502461473122,6.232040858273322,0.6842182674051805
1288,16,425.5,333.0,4.898979485566356,4.0,0.5773502691896258
1289,66,425.93939393939394,357.030303030303,9.414117033464178,8.891485497158037,0.328556623844375
1290,76,426.0921052631579,472.4868421052632,11.505541344168348,8.417388863248492,0.6817402215389601
1291,12,426.5,412.5,3.8297084310253524,3.8297084310253524,0.0
1292,60,426.65,430.48333333333335,10.575620968597827,7.215155116196477,0.7311244588097939
1293,84,427.9642857142857,324.4166666666667,12.74152671877675,8.473941933128648,0.7467855822953346
1294,89,427.65168539325845,505.2584269662921,13.217573900850464,8.827596990061055,0.7442795830144545
1295,30,428.5,539.7,6.683692120280662,5.844221616944798,0.4852054399537458
1296,6,428.0,27.5,3.265986323710904,2.0,0.7905694150420949
1297,61,428.2295081967213,55.459016393442624,12.04323189821117,6.5380918054832735,0.8398069477012283
1298,74,428.81081081081084,368.44594594594594,10.955140015742645,8.631373710456382,0.615824358484728
1299,35,429.57142857142856,406.0857142857143,7.723183639960825,5.690502808939074,0.6761021382534864
1300,26,428.96153846153845,444.3076923076923,6.3036520951358375,5.199346212046313,0.5654028390314514
1301,51,429.70588235294116,515.0,9.158717770660411,7.111746832340734,0.6301169168477943
1302,59,430.08474576271186,532.5932203389831,9.850559543967835,7.706522741034079,0.622847018203095
1303,68,430.69117647058823,266.52941176470586,10.038482902013282,8.638879852679512,0.5093216452390298
1304,47,430.7659574468085,49.4468085106383,7.895442400219196,7.583288385107805,0.2784041255254315
1305,66,431.8939393939394,64.27272727272727,9.420703085950285,8.907010415496158,0.3257035648349387
1306,62,432.4032258064516,157.88709677419354,9.444095455133603,8.30878499352728,0.47536955738706815
1307,53,432.62264150943395,41.39622641509434,8.610729238843179,7.838519224136953,0.41390513262720646
1308,57,432.5438596491228,110.87719298245614,11.088304161356508,6.707305973560945,0.7963020753851405
1309,32,432.8125,560.71875,6.60082600542466,6.172598403112706,0.3543175910800522
1310,18,433.44444444444446,100.11111111111111,5.132946212902184,4.480247343827443,0.4880042003142555
1311,45,432.97777777777776,584.5777777777778,8.74295022176439,6.503889183109574,0.6682898632377567
1312,113,433.91150442477874,283.92035398230087,13.93302146394861,10.321292039171,0.6717486324315982
1313,50,434.1,502.76,8.833110667581577,7.457516740461033,0.5359204861021136
1314,70,434.35714285714283,219.75714285714287,12.836192661424448,6.962488031691413,0.8401134748987474
1315,24,434.6666666666667,147.875,6.081140986576509,4.932066489508719,0.5849866175853743
1316,83,435.32530120481925,540.8674698795181,13.52645086147043,8.079469837497761,0.8020112510722305
1317,94,436.3085106382979,74.93617021276596,13.564434940172315,8.912874533991616,0.7538237014761019
1318,70,436.1,323.4142857142857,12.04687329644392,7.442801405318982,0.7863194182753657
1319,54,436.5740740740741,570.2777777777778,10.346205197677891,6.727801144559723,0.7597053105065336
1320,69,436.9130434782609,509.82608695652175,10.821975321688095,8.233297126895643,0.6489930930734386
1321,69,437.92753623188406,92.10144927536231,9.590231757877254,9.140398433419296,0.30267245896185346
1322,97,437.4329896907216,332.54639175257734,12.118123396280058,10.174430251200567,0.5431982863962757
1323,36,437.3888888888889,445.6111111111111,7.306347654566044,6.289320754704403,0.5089395115895249
1324,89,438.438202247191,522.0224719101124,11.88012328563221,9.750033356639673,0.5713573969485386
1325,69,438.3623188405797,498.30434782608694,11.892923736608715,8.320864972867922,0.7144873176323925
1326,21,439.0,563.0,5.0896720822428145,5.0896720822428145,0.0
1327,47,439.8723404255319,155.5744680851064,8.634408145844887,6.945966652578726,0.5940176984939292
1328,19,439.7894736842105,350.0,5.191085476184401,4.602781286121147,0.46240219449488373
1329,48,440.0,427.5,9.361213966629752,6.50904548078872,0.7186996443027324
1330,11,439.90909090909093,581.3636363636364,4.346129984141888,3.067356324605906,0.7084437526351622
1331,73,440.36986301369865,100.64383561643835,10.389448730037978,8.947631289664479,0.5082274055926456
1332,45,441.4,533.7555555555556,9.015566552593235,6.6535837726531035,0.6747891072421656
1333,93,442.0967741935484,44.11827956989247,15.13981770246737,8.393762319108733,0.8322394618878985
1334,67,442.56716417910445,589.4925373134329,12.889195690199811,6.691833948049746,0.8546639159770062
1335,59,442.728813559322,540.0169491525423,10.64878309236359,7.187449967638921,0.7378588449132265
1336,31,442.5806451612903,571.8709677419355,7.825477657610354,5.099446558742949,0.7585226433601295
1337,60,443.51666666666665,167.43333333333334,10.258217822590774,7.431469900501433,0.6893371866354779
1338,73,443.986301369863,516.1369863013699,11.635868873764684,8.053027652401529,0.7218145812535742
1339,11,444.1818181818182,478.8181818181818,3.8138503569823694,3.6725472503134826,0.26967994498529707
1340,72,444.8333333333333,111.47222222222223,10.83797134903488,8.424397652231947,0.6291252741175778
1341,70,444.6142857142857,282.22857142857146,11.054173378966205,8.033167589438165,0.6869454046020367
1342,33,445.3939393939394,453.5151515151515,6.683175152528593,6.227991553292183,0.36273812505500624
1343,68,445.72058823529414,525.8823529411765,13.028100778557638,6.780447806501207,0.8538934208509615
1344,71,445.40845070422534,220.19718309859155,11.857379299166526,7.6911247059442625,0.7610986542599667
1345,30,445.6333333333333,596.6333333333333,6.491019437140312,5.793482928640115,0.4509717590117593
1346,84,446.67857142857144,298.35714285714283,10.747886865913738,9.924884688538414,0.383775069054273
1347,69,446.59420289855075,499.1159420289855,11.36022114782702,7.958764402718516,0.7135720804910881
1348,97,446.3814432989691,507.4226804123711,12.677360879941405,10.081884215315027,0.6062596121586947
1349,31,448.19354838709677,353.96774193548384,6.83600433203928,5.80390195152114,0.5283612848173451
1350,69,449.2028985507246,532.0434782608696,11.836943029441311,7.549500001335562,0.7702091795155375
1351,36,449.6111111111111,102.86111111111111,7.345005687084101,6.16353494852106,0.5439056439097798
1352,96,449.46875,139.75,16.45309522629504,7.54630367406017,0.8886141307771396
1353,24,449.3333333333333,582.5833333333334,6.5695785089794585,4.6495608386312135,0.7064718748218034
1354,22,449.90909090909093,587.9090909090909,5.502816709244202,4.972652484064489,0.4282593998234223
1355,74,450.2027027027027,464.7432432432432,13.578689161783124,6.979814666114898,0.857773924793917
1356,63,451.4761904761905,495.2063492063492,11.967492719747097,6.984782064392073,0.8120080496821457
1357,127,452.46456692913387,94.1732283464567,14.455806185044402,11.353046078670141,0.6190363168633883
1358,62,454.38709677419354,2.2580645161290325,13.172618747850365,6.100213471482981,0.8863070783601716
1359,31,452.96774193548384,115.2258064516129,7.521258941810723,5.2195171270428276,0.7200053180817184
1360,33,453.24242424242425,422.57575757575756,6.990316939993503,5.963042424416517,0.5218402784930364
1361,60,452.8666666666667,537.35,11.924656917952802,6.559327679826839,0.8351223269485483
1362,57,454.10526315789474,129.6315789473684,9.53834985668671,7.650522901301418,0.5972161478971126
1363,69,454.6231884057971,160.5072463768116,10.821018393432949,8.121961737306892,0.6607878015405909
1364,35,454.0857142857143,410.6857142857143,7.266237858388312,6.077203273728993,0.5481779407945415
1365,78,454.93589743589746,307.2435897435897,11.20384887590053,8.911081117585798,0.6061387562360947
1366,51,455.0,452.15686274509807,8.359474569081868,7.801457882860051,0.3592343187595636
1367,36,455.19444444444446,573.0555555555555,7.1893087497300225,6.367763155323063,0.46420696268890466
1368,38,455.3421052631579,342.60526315789474,7.908402238052039,6.055614786300849,0.6431751179654632
1369,63,456.3492063492063,298.23809523809524,9.90569593109943,8.147644863272152,0.5687344567792911
1370,52,458.1730769230769,63.67307692307692,8.943962442269623,7.460719842280517,0.5515184431626484
1371,36,457.8888888888889,542.6944444444445,8.12213701819726,5.686785755849994,0.7139871473279545
1372,35,458.8285714285714,103.4,7.324083965060529,6.12364422240051,0.5485817166706903
1373,52,459.09615384615387,144.15384615384616,9.296008465288658,7.069701289122731,0.649326989604135
1374,28,459.39285714285717,135.17857142857142,6.372167003623255,5.540903367404508,0.49384890540538456
1375,111,460.45045045045043,281.27027027027026,15.082777630521122,9.538211351940516,0.7746494348678098
1376,53,460.1320754716981,555.9056603773585,9.236394847028013,7.247872712679208,0.6198656235493875
1377,34,460.61764705882354,108.8529411764706,6.871503795562983,6.285624804757235,0.40404778609856173
1378,57,460.2105263157895,368.7543859649123,9.205750882721825,7.896310478183871,0.5140529794599998
1379,51,461.3529411764706,574.6862745098039,9.966490547859909,6.580067330570125,0.7510730668845614
1380,26,461.88461538461536,351.8076923076923,6.510235514831745,5.072984992752268,0.6267353623247655
1381,108,462.287037037037,379.6666666666667,13.574981645157612,10.185036204985785,0.6611202876656864
1382,27,463.0,79.62962962962963,6.635317237498872,5.106277908033803,0.638573934630932
1383,46,462.54347826086956,178.5,9.239405629330449,6.337850997089573,0.7276404427737837
1384,30,462.6333333333333,526.6333333333333,6.491019437140312,5.793482928640115,0.4509717590117593
1385,122,462.9672131147541,585.4180327868852,15.875726388617558,9.942484971799365,0.7796065518923735
1386,22,463.95454545454544,101.13636363636364,5.627559105651695,4.972652484064488,0.46819513088513776
1387,23,465.60869565217394,114.8695652173913,6.476372002845407,4.552558931668851,0.7112403016193632
1388,50,467.18,109.62,8.147212541547493,8.074288067864018,0.13349749580262793
1389,22,467.09090909090907,555.0909090909091,5.502816709244202,4.972652484064489,0.4282593998234223
1390,28,467.5,75.32142857142857,6.3275744052811955,5.608172435294557,0.46309847416633454
1391,48,469.375,97.95833333333333,12.011183580119196,5.23962701219249,0.8998356681982234
1392,115,467.1217391304348,133.5391304347826,17.126459263823634,8.832065221190176,0.856770978938843
1393,66,469.6363636363636,213.3939393939394,9.734123454128937,8.671423222766562,0.454342013414608
1394,62,469.7096774193548,470.88709677419354,10.378690129566051,7.595918884654615,0.6814373502836747
1395,40,470.525,92.775,7.783300175220717,6.618174852813213,0.5262911031336461
1396,37,470.2972972972973,123.05405405405405,7.388628171984501,6.422192044280128,0.4944615235376162
1397,48,470.6666666666667,161.89583333333334,9.094648889477655,6.708400655513997,0.6752153761928351
1398,122,470.73770491803276,390.155737704918,15.89845539609046,9.906750807270553,0.7821209707289409
1399,234,472.7606837606838,591.465811965812,19.690226594889673,15.651413894706872,0.6067635658783822
1400,16,471.5,172.0,4.898979485566356,4.0,0.5773502691896258
1401,71,472.80281690140845,277.19718309859155,10.718744958542437,8.447323048182465,0.6155615439979083
1402,26,473.0,575.5,6.201736729460423,5.203549084703927,0.5440588203494177
1403,81,473.71604938271605,106.32098765432099,12.75786102613073,8.196785619394015,0.7662948910463342
1404,27,474.44444444444446,419.5925925925926,6.435808454486937,5.293717242116964,0.5687056075990726
1405,25,474.48,558.28,6.111535341213023,5.2410243057158405,0.5143795678194327
1406,92,475.45652173913044,5.239130434782608,12.54691588511014,9.513111341997483,0.6520183737808751
1407,48,475.4375,564.1666666666666,10.131583327066256,6.01476584545084,0.804712330352979
1408,101,477.05940594059405,405.48514851485146,13.647709915470875,9.528322561501755,0.7159390946361016
1409,59,477.52542372881356,95.33898305084746,9.045381426064207,8.368219411276915,0.37963277707783
1410,52,478.3269230769231,535.1346153846154,11.067117842632454,5.959773708563639,0.8426179596079699
1411,4,480.5,113.5,2.0,2.0,0.0
1412,78,481.96153846153845,15.038461538461538,11.493364175276923,8.614767380221526,0.6619559800015893
1413,108,481.94444444444446,150.00925925925927,17.301355791427298,7.964116280862432,0.8877543743552936
1414,34,482.29411764705884,400.5,6.964069923269997,6.154864169189802,0.4678596948487089
1415,68,482.1764705882353,508.5735294117647,10.425900158595843,8.32490637128152,0.6020170604396883
1416,35,482.9428571428571,586.3714285714286,9.41119127195584,4.982672963688304,0.8483465991982837
1417,44,484.20454545454544,192.88636363636363,7.833631177027328,7.1053122557511115,0.4210732162347236
1418,47,484.1489361702128,288.1914893617021,9.126003353698025,6.564572277717631,0.6946725712836315
1419,4,485.5,524.5,2.0,2.0,0.0
1420,65,484.46153846153845,594.0153846153846,11.787682552504632,7.369897700265845,0.7804483666499068
1421,53,485.6792452830189,121.45283018867924,10.766361667387796,6.281745215108351,0.8121416210004808
1422,47,487.468085106383,108.59574468085107,9.518718167854967,6.775831006986807,0.7023388256380969
1423,36,488.27777777777777,552.1944444444445,7.188878041342528,6.414607782283372,0.4514506442232075
1424,21,487.4761904761905,579.5238095238095,6.8553601288364545,3.9803316157743844,0.8141775529823321
1425,40,489.2,343.5,8.059776671843954,6.260990336999411,0.6297235299224024
1426,56,489.75,296.0,9.350324669687755,7.606388292556649,0.5815799980377997
1427,132,490.57575757575756,587.8333333333334,16.871046881459243,10.259422388168243,0.7938541336997331
1428,50,490.46,115.72,8.943246772449806,7.123084806954506,0.6046696432712088
1429,34,490.3235294117647,143.41176470588235,6.900178022877732,6.230853024407229,0.42964290201958866
1430,36,490.3888888888889,474.1388888888889,7.345005687084099,6.163534948521058,0.5439056439097799
1431,79,490.746835443038,251.21518987341773,10.275650659657932,9.807595206051626,0.29837077083233116
1432,55,491.3454545454546,563.8363636363637,10.139278385958681,7.00278521405447,0.7231804496231912
1433,105,491.9142857142857,377.65714285714284,13.733825744848414,9.79858329003594,0.7006924032431556
1434,93,492.9032258064516,188.63440860215053,13.872528985146634,8.651935065072639,0.78168458704505
1435,29,492.86206896551727,430.58620689655174,6.341063442449137,5.829948411900614,0.3933331685817229
1436,66,493.72727272727275,502.57575757575756,10.278822291312935,8.141008752393455,0.6104981820656419
1437,45,495.5111111111111,207.15555555555557,8.765904808620206,6.667733195969145,0.6491692024596886
1438,57,493.5438596491228,422.10526315789474,13.044237252671872,5.8361685297708785,0.8943271845234172
1439,32,496.09375,236.9375,7.527549648468683,5.35096919163613,0.7033422281262138
1440,98,495.81632653061223,553.795918367347,14.055367070609845,9.022403101072713,0.7667726974278681
1441,18,497.22222222222223,597.5,5.258737584977436,4.268749491621899,0.5840132092439594
1442,61,498.2295081967213,106.29508196721312,11.166833271179085,7.02340171853134,0.7774441631860753
1443,25,498.24,415.04,6.402487289320216,4.89703548180867,0.6441911507451396
1444,32,498.40625,477.875,7.429565865886858,5.423184124151499,0.6835044968412485
1445,90,498.24444444444447,260.0777777777778,15.730120408710404,7.318122495950999,0.8851898842627954
1446,52,498.63461538461536,468.63461538461536,8.451042441213703,7.922703501282298,0.34803270042250356
1447,53,499.33962264150944,148.41509433962264,10.3825281222735,6.539921369584878,0.7766788304324989
1448,58,501.13793103448273,298.2586206896552,9.892263652387266,7.561901800000239,0.6447116864369931
1449,77,500.8051948051948,576.7792207792207,12.387094147298397,7.907178225169813,0.7697544985281755
1450,34,501.3529411764706,120.23529411764706,7.044087270578889,6.152632198285139,0.4869204275415975
1451,34,501.5,245.2941176470588,6.964069923269997,6.154864169189802,0.4678596948487089
1452,63,501.6507936507937,24.50793650793651,11.171716889447408,7.244218935149788,0.7612634148827748
1453,46,502.0869565217391,90.6086956521739,8.64886029996843,6.712757231683309,0.6305562407436808
1454,69,502.0289855072464,181.36231884057972,11.300059456594063,7.782777540295771,0.7250105584475892
1455,90,502.23333333333335,364.6333333333333,14.314880312669404,8.436414553756755,0.807880889109319
1456,65,502.8615384615385,203.93846153846152,9.455586149555833,8.795624754881425,0.3670427514624606
1457,39,503.43589743589746,112.56410256410257,8.18807654906806,6.000283090563656,0.6804361203328947
1458,87,503.632183908046,167.97701149425288,16.61598823023204,6.711647009343343,0.9147912019185485
1459,110,503.92727272727274,319.9818181818182,13.774240202224782,10.269036798491378,0.6664779569741015
1460,76,504.7236842105263,411.57894736842104,11.414856526149409,8.811519661345137,0.6357022771645015
1461,34,504.0882352941176,418.4117647058824,7.378508651008547,6.03053054617145,0.5761978830586335
1462,47,503.6595744680851,596.5106382978723,8.838524319719498,6.923823944047806,0.6215572112074882
1463,64,504.65625,501.140625,9.683645512841657,8.412489425349765,0.4952830562027803
1464,69,505.4347826086956,473.2608695652174,11.213744540121967,7.94141348065156,0.7060262177428381
1465,62,504.64516129032256,480.758064516129,9.875404396787681,8.058824370015365,0.5779812249134779
1466,68,507.3382352941176,452.77941176470586,11.785016673105206,7.366755823101028,0.7805486233213503
1467,43,508.13953488372096,3.2790697674418605,9.180294864277394,6.017565880888056,0.7552062735594083
1468,69,507.95652173913044,197.768115942029,10.019730256114702,8.776860313703311,0.48238784208342944
1469,135,507.9037037037037,374.0962962962963,14.287768416740546,12.147548658713784,0.5264498958678079
1470,141,508.3758865248227,401.21985815602835,16.14399557263063,11.134116939011996,0.7241186463724445
1471,64,508.65625,494.25,11.729488620834978,7.037646744026214,0.8000029686866782
1472,51,509.45098039215685,486.84313725490193,8.564812338261797,7.670677877913141,0.44485273810288706
1473,81,509.5679012345679,227.8395061728395,10.506394026625554,9.877966767626411,0.34066096468257134
1474,48,509.5833333333333,550.2291666666666,8.317138356782428,7.362550780713364,0.4651603481241291
1475,38,510.3157894736842,272.55263157894734,7.033753209384469,6.991882907543416,0.10894999212425276
1476,102,509.6666666666667,287.5980392156863,13.126287074896638,10.103600760858566,0.6383784208398078
1477,57,510.7368421052632,113.01754385964912,11.921793555109767,6.126157884084048,0.8578728000941994
1478,50,511.22,123.6,8.722176097329685,7.306794381065523,0.5460906672088613
1479,43,511.72093023255815,87.90697674418605,8.25968681170808,6.59615953890645,0.6018663764980549
1480,49,511.61224489795916,144.14285714285714,8.752941830548018,7.114281275415547,0.5825603489770027
1481,106,511.9056603773585,252.33962264150944,13.655894729713937,9.885207247591646,0.6899275758257839
1482,127,511.53543307086613,264.7716535433071,16.377075652433515,9.932450191106769,0.7950949531162248
1483,57,514.0,280.89473684210526,11.903312686992948,6.1467865233901495,0.8563517624962349
1484,26,513.0769230769231,571.3846153846154,5.991851683006864,5.528042318071225,0.38577399053554967
1485,34,511.4117647058824,597.5,10.055398439858642,4.54386924138629,0.8920769296739917
1486,66,513.6212121212121,206.03030303030303,9.972858530255845,8.430907489220447,0.5341570754166585
1487,30,513.0333333333333,469.8,6.966027585959818,5.503030852224591,0.6131310618182327
1488,26,513.5,413.0,6.201736729460423,5.203549084703927,0.5440588203494177
1489,81,514.4074074074074,480.7901234567901,11.02819722580376,9.504054112855233,0.5072553493054408
1490,31,514.2903225806451,501.06451612903226,6.901705891538115,5.745935903570101,0.5539671813483176
1491,120,515.3416666666667,189.78333333333333,13.358760587418148,11.655812284542336,0.48857485439546366
1492,65,514.7692307692307,320.0153846153846,11.416806558944266,7.240955685422386,0.7731390780679156
1493,40,515.1,361.775,8.007301931803893,6.333491594131128,0.61186203897846
1494,20,515.25,520.75,5.138093031466052,4.9396356140913875,0.2752409412815902
1495,78,516.1025641025641,157.1153846153846,11.957462214898046,8.328008046561818,0.7175863702038116
1496,47,516.8510638297872,117.8936170212766,8.514650366947675,7.036897859330074,0.5630161449654013
1497,39,517.2820512820513,126.1025641025641,7.1367617358451465,6.9381766556590545,0.23425850194164888
1498,64,517.359375,565.578125,9.996878235618212,8.194410475575587,0.5727974602277732
1499,74,517.472972972973,575.5945945945946,11.446028930832558,8.425896172897177,0.6768277375370236
1500,37,517.5675675675676,171.51351351351352,7.5162868658370465,6.36478946798517,0.5319118977614947
1501,102,517.4509803921569,33.8235294117647,18.246042571336396,7.798700125114324,0.9040537812931414
1502,48,518.4791666666666,557.9375,9.89947910216204,6.239460638662012,0.7763665134668812
1503,52,518.7115384615385,83.59615384615384,8.992786249130544,7.324650540238777,0.5801594735914324
1504,25,519.44,146.2,6.45921595312105,4.864250124217146,0.6579389213650304
1505,24,519.9583333333334,18.666666666666668,5.964572350907737,5.0942766364386545,0.5201266126331177
1506,50,520.1,111.24,8.946927277624495,7.143590993953864,0.6020734406683568
1507,59,520.542372881356,509.8305084745763,9.2863282611702,8.049917126428532,0.4985571455646578
1508,60,521.0,95.25,10.466289963370302,7.274849900123077,0.7189378418809148
1509,38,520.8157894736842,270.3157894736842,7.03375320938447,6.880056689839239,0.20790643084465238
1510,18,522.0,174.66666666666666,5.333333333333333,4.216370213557839,0.6123724356957945
1511,76,522.2236842105264,228.4078947368421,10.65937895034442,9.08261987992776,0.5234151969353049
1512,138,522.4347826086956,490.6376811594203,22.578231670296567,8.361224497662068,0.928903296670431
1513,94,522.6382978723404,211.0,12.03945272073877,10.240762517296341,0.5258127709778679
1514,194,524.8865979381443,552.0360824742268,23.22165869995473,11.826587920745048,0.8605942179719391
1515,38,523.6052631578947,200.55263157894737,8.155682807197914,5.89380314488898,0.6912014464056813
1516,53,523.8679245283018,255.0943396226415,9.236394847028013,7.247872712679208,0.6198656235493875
1517,47,523.7872340425532,565.9787234042553,9.933825220567805,6.364154096613033,0.7678289270880521
1518,65,524.5076923076923,49.56923076923077,12.517243763707546,6.575787057366584,0.8508934790573585
1519,30,524.4,244.96666666666667,6.5027447357786885,5.882448451979113,0.426240071579259
1520,26,524.0384615384615,350.3076923076923,6.303652095135837,5.199346212046313,0.5654028390314513
1521,118,524.5169491525423,482.3135593220339,13.740850889707147,11.219736882485796,0.5773112488613683
1522,35,524.2285714285714,573.9714285714285,7.42822520255969,6.212975307917436,0.5481179572641086
1523,51,523.5882352941177,150.84313725490196,11.099400463648772,5.938471124588607,0.8448354052372643
1524,138,524.2898550724638,499.05797101449275,16.500313140429505,10.744444607249974,0.7589352450636754
1525,70,526.5285714285715,17.142857142857142,10.249600961491815,8.690245911810383,0.5302171604001368
1526,24,527.0,123.29166666666667,5.7130455003342036,5.291502622129181,0.3769982222431136
1527,67,527.8507462686567,273.2835820895522,10.002984629226283,8.536060862084563,0.52133616888748
1528,35,528.4,578.4857142857143,7.118389757744469,6.281001212898347,0.47057004066999075
1529,35,528.7142857142857,583.6571428571428,8.696757726727848,5.391213272798953,0.7846723579848494
1530,61,528.6065573770492,174.62295081967213,9.77269860414823,8.110224285843133,0.557933218511556
1531,82,528.609756097561,404.0731707317073,10.604959198516632,9.864340584890407,0.367146846817076
1532,37,529.5945945945946,213.86486486486487,7.623857105311582,6.197936877507787,0.5823111083955995
1533,58,528.9827586206897,569.9655172413793,11.600383454194596,6.707721625064509,0.8158718569102088
1534,84,530.1309523809524,159.97619047619048,11.397858650707443,9.355194128438015,0.571236897119711
1535,25,530.56,462.8,6.45921595312105,4.864250124217146,0.6579389213650304
1536,60,531.7666666666667,539.1,10.759538139986136,7.080576335045469,0.752952931582109
1537,33,531.2424242424242,151.27272727272728,7.886723320030006,5.407860759245275,0.7278920839353832
1538,125,533.096,548.264,16.846906108406053,10.991231167369323,0.7578589969700469
1539,49,532.6326530612245,180.75510204081633,8.08847321124445,7.753125936938574,0.2849576685332779
1540,125,532.992,326.928,16.79926839293372,9.669985184175726,0.8177177260654224
1541,72,532.6111111111111,365.7916666666667,10.967564411859088,8.375791836979557,0.6455860931810848
1542,32,533.46875,2.21875,6.48074069840786,6.381124509050109,0.17465953275144283
1543,72,533.2638888888889,94.83333333333333,9.966963622281297,9.176715386668791,0.39023983207925167
1544,62,533.5,433.3225806451613,9.739126259118096,8.183419720054413,0.5421802507429603
1545,49,533.7755102040817,168.85714285714286,8.79175292955793,7.132905548708797,0.584605375587859
1546,34,534.1176470588235,453.02941176470586,8.139132618709993,5.301647045166398,0.7587539011375112
1547,13,532.8461538461538,564.2307692307693,4.706787243316417,3.508232077228117,0.6666666666666667
1548,42,534.3571428571429,254.5952380952381,8.405871851110266,6.302920430328845,0.6616378820958643
1549,50,534.26,496.1,8.734010205296896,7.49903098631881,0.5126442318850902
1550,54,534.7222222222222,578.1111111111111,9.646587965287589,7.264330741492694,0.6579671302107807
1551,91,534.7802197802198,484.35164835164835,13.48010144820917,8.824124701299334,0.7559721922490366
1552,112,535.7589285714286,291.98214285714283,18.131109516802574,8.187930411551202,0.8922227063565344
1553,94,535.3723404255319,506.2659574468085,14.77193064733747,8.15108169841776,0.8339795933902929
1554,14,535.5,174.5,4.780914437337574,3.5456210417116734,0.6708203932499369
1555,53,535.5849056603773,210.03773584905662,10.419941084284526,6.434276019857947,0.7865737132685721
1556,103,536.1941747572815,229.93203883495147,13.687380380413561,9.610765158680724,0.7120167347316085
1557,49,536.6938775510204,149.40816326530611,8.290067140448604,7.532762347867144,0.417560470973276
1558,50,537.6,359.0,8.352245207128439,7.6733304373003515,0.3949218944959793
1559,82,536.9146341463414,398.2317073170732,12.852252140015633,8.245625909340093,0.7670640688807799
1560,74,538.027027027027,284.6756756756757,12.48272180893579,7.718035351123126,0.7859441677579041
1561,21,538.0,558.0,5.0896720822428145,5.0896720822428145,0.0
1562,64,536.859375,584.953125,11.237100977841777,7.541617804807359,0.7413346682116202
1563,34,538.7058823529412,491.52941176470586,8.08702167003581,5.596409893115603,0.7218748711219222
1564,26,538.5,535.6923076923077,5.950486032558066,5.5746679790749045,0.34975163074467003
1565,76,538.9473684210526,440.57894736842104,11.210435010802144,8.673795831479966,0.6335213871075155
1566,45,538.8666666666667,163.93333333333334,8.44725575110499,6.987248961730321,0.5619635448404083
1567,59,539.7966101694915,178.10169491525423,9.098620061763349,8.39176160372046,0.3864473579936044
1568,16,540.6875,68.875,4.712429170543843,4.3566628642353615,0.381170670721425
1569,64,540.40625,549.078125,10.235669031133368,8.230601328888266,0.5944808659898259
1570,111,541.0540540540541,7.594594594594595,14.431970627411465,9.838168804275258,0.731638629010183
1571,42,541.5952380952381,136.14285714285714,8.883252990742111,5.987842366977307,0.7386769209381872
1572,9,541.8888888888889,187.33333333333334,3.885753375057407,2.7954428906961324,0.6945875203623408
1573,43,541.8604651162791,541.8837209302326,7.794772224306553,7.068909889877753,0.42139260111551463
1574,81,544.2592592592592,48.41975308641975,11.811993569417393,8.765226364627438,0.6703317405975214
1575,39,543.3589743589744,486.02564102564105,7.872865552238943,6.36875590442925,0.5878772210834441
1576,14,543.2857142857143,537.5,5.398412465054625,3.5225222874108444,0.7577794480432619
1577,72,545.1111111111111,492.56944444444446,12.634102746806356,7.370683729976321,0.8121879247040517
1578,70,544.6428571428571,507.7142857142857,15.408974559456146,6.1518400238542075,0.916847556721384
1579,52,545.8653846153846,31.76923076923077,11.01309849287865,6.002598455116998,0.8384089054706978
1580,90,546.8,412.75555555555553,11.927513847776014,9.658877760068764,0.5867086813995279
1581,139,546.6115107913669,581.6618705035971,13.846389850569949,13.045753130514772,0.3351150272319681
1582,54,547.1851851851852,373.44444444444446,10.154364141151877,6.7435891417724685,0.747637117932681
1583,83,547.5301204819277,141.40963855421685,11.300631384038972,9.622073909131194,0.5244140494189273
1584,28,547.5,5.392857142857143,7.112071169715046,4.9662200551417115,0.7158243169594437
1585,54,547.6296296296297,525.7962962962963,11.481112254597516,6.0239782368364745,0.8512958702852095
1586,21,548.952380952381,475.23809523809524,5.4289194994095595,4.943750121969874,0.41321736272308685
1587,116,549.8879310344828,150.4655172413793,12.928963857509864,11.522145997465023,0.45363285732008785
1588,34,549.5,308.3529411764706,6.597682302498801,6.571407079420679,0.08915786895268597
1589,72,549.5694444444445,510.7638888888889,13.456127040224674,6.957582462271621,0.8559510670074424
1590,20,550.05,113.25,5.700651850964228,4.388914270534129,0.638168270197698
1591,19,550.2105263157895,187.6315789473684,5.127073205848133,4.711757099842153,0.3942680667296094
1592,49,550.204081632653,218.0408163265306,9.047319924862268,6.885647484869878,0.6486692770431902
1593,52,550.4230769230769,175.3653846153846,8.915199255229494,7.492303174254236,0.5419719076725316
1594,64,550.515625,496.203125,11.315168828058994,7.651986140377023,0.7366638307271153
1595,130,549.5461538461539,549.4615384615385,16.344508213273222,10.97125929673458,0.7412305763885666
1596,44,551.5454545454545,316.1136363636364,8.372899653960681,6.675625279500671,0.6035970476198516
1597,32,551.46875,516.40625,7.0574901436137765,5.834002303118709,0.5627313981480588
1598,41,551.4146341463414,51.51219512195122,7.6930322313337305,6.858552449516619,0.4529658937940668
1599,133,552.2631578947369,32.73684210526316,21.259504157118606,8.83334267575144,0.9095927765247512
1600,47,552.5106382978723,182.4255319148936,9.47359260842311,6.2731167489563475,0.7493547745871574
1601,85,552.8352941176471,195.43529411764706,11.868562888257326,9.103376902163514,0.6416280465466955
1602,39,552.6666666666666,541.4615384615385,7.504315756423569,6.751007799089675,0.436680418243625
1603,19,553.4736842105264,44.36842105263158,5.695310541255228,4.169006159014704,0.681297303141852
1604,27,554.3703703703703,110.0,6.635317237498872,5.106277908033803,0.6385739346309321
1605,12,554.5,59.5,3.8297084310253524,3.8297084310253524,0.0
1606,61,554.5409836065573,273.9016393442623,9.95195633970051,7.816953516012245,0.618900960767048
1607,121,555.6198347107438,324.9586776859504,14.695059685587035,10.62803647744134,0.6905980903412868
1608,102,556.343137254902,252.55882352941177,12.653151602012205,10.247796052463277,0.5865670404201104
1609,10,557.0,464.2,3.9191835884530852,3.0983866769659336,0.6123724356957946
1610,24,557.0,495.2916666666667,5.7130455003342036,5.291502622129181,0.3769982222431136
1611,58,557.4827586206897,545.4655172413793,10.192690985897313,7.396347673570937,0.6880617864217012
1612,134,555.7164179104477,590.3656716417911,16.113695246583628,11.109911582402257,0.7243141152954639
1613,12,557.6666666666666,517.0833333333334,4.364045181411538,3.5213000580812737,0.5907030891845739
1614,27,558.5925925925926,10.074074074074074,6.421500681256116,5.2654105708259085,0.5724125976557585
1615,66,558.1666666666666,138.9090909090909,13.091117927493212,6.451489218375883,0.8701345490337208
1616,35,558.5428571428571,356.0857142857143,7.419349258830943,5.933491198272273,0.6003571354281745
1617,96,559.0208333333334,509.78125,12.374462357863651,9.94652930638142,0.5949065592350052
1618,6,559.8333333333334,501.1666666666667,3.1269438398822857,2.309401076758503,0.674199862463242
1619,53,559.8867924528302,523.1698113207547,10.536391583832621,6.47907404004222,0.7885868225486633
1620,114,561.0087719298245,582.8684210526316,15.89540136099168,9.28147054151089,0.8118189986855483
1621,81,562.4814814814815,125.49382716049382,11.08718959690103,9.387750455024905,0.5320380016611305
1622,116,562.8965517241379,260.9051724137931,14.579359981563991,10.276668724762194,0.7093286534369979
1623,67,562.8656716417911,550.0746268656717,10.647742578023243,8.259413708944292,0.6311064636828764
1624,95,563.4842105263158,567.6421052631579,17.202672491986,7.5945908267654,0.8972723781478159
1625,97,563.3505154639175,32.54639175257732,12.479868790724872,9.947547101254969,0.6038638566651997
1626,26,563.5769230769231,516.0769230769231,5.896543968226708,5.640093163022573,0.2917051580812232
1627,31,565.1290322580645,90.83870967741936,7.473897088270878,5.252358737132325,0.7114266316320902
1628,22,565.1818181818181,446.3181818181818,6.236652467398749,4.557805117432334,0.6825814361990084
1629,90,565.6333333333333,208.88888888888889,14.47311787078404,7.905145680769842,0.8376580099099958
1630,80,566.175,117.125,11.128269043518317,9.220717330830178,0.5598632150212234
1631,63,565.936507936508,226.3015873015873,11.48434581080733,7.121587403317691,0.7845128285032198
1632,67,565.5820895522388,560.4776119402985,11.874280287260843,7.355916634908258,0.7850099481329802
1633,62,566.9193548387096,13.435483870967742,12.607138515969062,6.424678952776191,0.8604076233543424
1634,42,566.5714285714286,62.095238095238095,9.3684986824793,5.773890231040285,0.7875044084267242
1635,139,567.431654676259,574.3453237410072,17.060664123534238,10.95648446052476,0.7665309368230175
1636,112,567.25,453.9642857142857,14.161222402064054,10.46815308728675,0.673472219564629
1637,51,569.0784313725491,555.1764705882352,9.249846861634696,7.093252264808319,0.6418254309798961
1638,58,569.8448275862069,79.01724137931035,10.253578877374654,7.2296066119205795,0.7091264879235974
1639,52,569.6346153846154,108.51923076923077,8.386828873625674,7.853211811994207,0.3510028383126096
1640,35,569.8,232.82857142857142,7.315525151460382,6.178421131382829,0.5354563560429481
1641,28,569.5714285714286,548.8571428571429,6.726762394962816,5.296866066901607,0.6164018900326462
1642,56,570.2142857142857,90.64285714285714,12.183883642270734,5.872968150927751,0.8761560340431511
1643,83,570.2048192771084,509.7469879518072,12.6383748713903,8.406688386486334,0.7466905018234591
1644,34,570.8235294117648,1.7352941176470589,8.436148114381503,5.2390191779792845,0.7837944852221259
1645,67,571.2089552238806,38.0,11.110293511714016,7.760218455004824,0.7156383040645633
1646,62,570.8064516129032,70.20967741935483,10.104630862908538,7.874832086445076,0.626614934164407
1647,33,571.3030303030303,241.0909090909091,6.874549711001055,6.079249859260948,0.4668955992874022
1648,33,571.060606060606,282.8181818181818,8.023219406284747,5.2116664654099125,0.760299253951505
1649,65,571.276923076923,25.553846153846155,11.517151976210442,7.328888510993741,0.7714041286480287
1650,54,572.2777777777778,61.351851851851855,9.394203936274254,7.489267283759143,0.6036860718923044
1651,90,572.1333333333333,594.0222222222222,12.359563461048666,9.343682407319609,0.6545854051639612
1652,102,572.6274509803922,218.6078431372549,12.885940092147553,10.125520898710697,0.6185054170513165
1653,38,572.3157894736842,265.2368421052632,7.609136932508474,6.343464297799758,0.552271823684145
1654,21,572.3809523809524,447.95238095238096,5.845899600974925,4.53982800931791,0.6300145844663427
1655,92,572.8586956521739,122.08695652173913,13.51465009917955,8.809621511986698,0.7583417667813168
1656,32,573.15625,256.59375,7.1836098134592365,5.776201177934521,0.5945203222440129
1657,47,573.8297872340426,561.4042553191489,9.100630668067803,6.669571514478763,0.6803696058420066
1658,92,575.304347826087,352.8369565217391,15.793423760101543,7.57337743064592,0.877526976353827
1659,21,576.0,423.5238095238095,6.045260347724385,4.558408753806529,0.6568207821023999
1660,75,574.8266666666667,515.9466666666667,12.033402748689197,8.687404449294222,0.691954822393632
1661,66,576.5909090909091,157.62121212121212,10.393914735765502,8.05807423276502,0.6316318710836335
1662,35,576.7714285714286,454.65714285714284,8.40631491289566,5.553891097232817,0.750666932460273
1663,69,577.8840579710145,77.59420289855072,11.747952607671982,7.591346500127822,0.7631811147637473
1664,42,578.952380952381,259.9047619047619,8.190730572766574,6.514968342435828,0.6060750324798992
1665,56,577.8928571428571,92.10714285714286,11.125487305082999,6.447516653716158,0.814953271181078
1666,31,578.0645161290323,246.83870967741936,7.195502663349808,5.459526276678449,0.6513918789098861
1667,109,578.9174311926605,137.80733944954127,13.37149175817621,10.79012708614855,0.5906195719838289
1668,27,579.1111111111111,450.85185185185185,7.073823254528085,4.846277106478603,0.7284489248031771
1669,82,579.8780487804878,341.219512195122,11.809177904594371,8.835778365459916,0.6634587914337695
1670,95,580.421052631579,272.69473684210527,12.83709259596949,9.561845401255926,0.6672200395669884
1671,56,580.4821428571429,363.0,11.532294688730499,6.557520657341616,0.8225986920940412
1672,20,581.5,33.5,7.031557921370356,3.5996101453371017,0.8590318547220632
1673,81,581.2345679012345,225.8395061728395,11.575879340731337,8.945120097718013,0.6347253085389857
1674,34,581.5882352941177,253.58823529411765,6.721344403334447,6.452380800377453,0.2800560168056019
1675,64,582.015625,368.578125,12.472972483775807,6.676330947382072,0.8446849346334784
1676,86,582.6627906976744,420.98837209302326,10.77448797804357,10.227439150111932,0.3145907716284917
1677,22,581.9090909090909,542.3181818181819,5.895363636838824,4.733044726476494,0.5961920350725448
1678,19,582.0,593.7894736842105,5.191085476184401,4.602781286121147,0.46240219449488373
1679,100,583.41,499.73,19.237829095734995,6.679066677559986,0.9377970261069094
1680,65,584.1076923076923,430.0769230769231,9.549478277119706,8.627567458798607,0.4286733259209434
1681,99,583.7272727272727,519.060606060606,12.465850990394522,10.215860606793628,0.5730682025127258
1682,45,585.1333333333333,174.33333333333334,8.718281614544795,6.516339217735778,0.6643361852023243
1683,23,585.2173913043479,168.08695652173913,5.733826014124253,5.0375140067593245,0.4776307722564946
1684,93,586.8279569892474,56.333333333333336,12.78492658172093,9.402224239145045,0.6776172004357802
1685,28,587.0714285714286,132.17857142857142,6.767332095290174,5.335590167404582,0.6151202214783404
1686,75,587.0266666666666,204.04,11.008705651518618,8.772575948209905,0.6041425831886609
1687,64,587.265625,43.796875,12.050846671611515,6.781447632866427,0.8266365416565649
1688,58,587.4137931034483,257.86206896551727,11.033657808830394,6.961018562266836,0.7758727167712758
1689,7,588.0,376.2857142857143,3.0237157840738176,2.799416848895061,0.377964473009227
1690,59,589.3559322033898,299.9491525423729,10.971014704779863,6.840234219150801,0.7818374113215387
1691,38,589.5,563.5,8.51565187488547,5.611031379858747,0.7522235115179432
1692,99,589.5454545454545,110.26262626262626,14.170684001617648,9.248234625520096,0.7576754827935407
1693,64,589.828125,248.03125,9.894126306277181,8.298673591932259,0.5445205691769651
1694,36,590.4444444444445,570.6111111111111,7.822815961803204,5.878489333792324,0.6597850497151369
1695,51,593.1960784313726,256.3137254901961,9.594370959947849,6.896523798288831,0.6952072220966445
1696,81,593.1111111111111,527.0987654320987,13.51896941567179,7.697677031095882,0.8220618435845988
1697,80,593.575,183.3875,10.72537499496165,9.501254191813382,0.4639395640838365
1698,73,592.1232876712329,278.0821917808219,10.492860134976633,8.969543486569199,0.5189188509895751
1699,123,594.3821138211382,591.560975609756,15.695611983920683,10.056752923053965,0.7677607833153832
1700,55,594.7454545454545,104.21818181818182,9.30758603494319,7.551492604064309,0.5845930771258897
1701,94,595.5744680851063,283.8723404255319,18.369572891290385,8.010415669466564,0.8999128536246707
1702,85,594.9294117647058,49.90588235294118,11.426142298791369,9.43825420350529,0.5636366847414298
1703,80,594.575,389.1375,12.309557628106486,8.43103143158211,0.7286206274658241
1704,61,595.1147540983607,468.4590163934426,11.018836661827317,7.067830321355144,0.7671802060899451
1705,28,595.2142857142857,514.8571428571429,6.201281134160574,5.798770986007757,0.3544039575173799
1706,67,595.1194029850747,545.3432835820895,9.718750435849516,8.804648269820287,0.4233965122924129
1707,31,596.7096774193549,173.29032258064515,6.385467371178643,6.170656619983661,0.2571953513471688
1708,47,596.7021276595744,250.40425531914894,10.044304152996324,5.972712453729813,0.8039944816536029
1709,47,596.8936170212766,567.7872340425532,10.839127311383779,5.633435155313068,0.8543297015565257
1710,31,597.7096774193549,34.70967741935484,9.565919067694946,4.156906654161635,0.9006458678113585
1711,14,597.5,98.28571428571429,4.20883424647321,4.120630029101703,0.2036532699906393
1712,21,597.6666666666666,128.61904761904762,6.237071096074329,4.3259052941747935,0.7203799930722175
1713,6,598.5,503.0,3.265986323710904,2.0,0.7905694150420949
1714,7,598.5714285714286,261.2857142857143,4.155374705678736,1.9054711331003737,0.8886656215775005
1715,31,597.7096774193549,351.2903225806452,9.565919067694946,4.156906654161635,0.9006458678113585
1716,22,598.0909090909091,491.5,8.591750800516843,3.1701083225750346,0.9294408413951806
