Object,area,centroid-0,centroid-1,axis_major_length,axis_minor_length,eccentricity
1,10,0.9,244.8,4.098780306383839,3.098386676965933,0.6546536707079772
2,24,1.2916666666666667,77.20833333333333,7.327189940229072,4.194051186810153,0.8199776167656269
3,18,1.0,268.5,6.831300510639732,3.265986323710904,0.8783100656536799
4,33,1.5454545454545454,337.57575757575756,8.985343367954234,4.810272273392279,0.8446325278229796
5,19,1.2105263157894737,395.42105263157896,6.014860219822239,4.187947953299524,0.7177829986212766
6,15,1.0,423.0,5.656854249492381,3.265986323710904,0.816496580927726
7,24,1.75,84.66666666666667,5.9671762132448665,5.191181329489486,0.49312918087354485
8,12,1.3333333333333333,175.25,4.167620293867669,3.631321610887408,0.4907192147942729
9,38,1.9473684210526316,188.76315789473685,8.704234566141194,5.687451445216265,0.7570024695505785
10,6,0.5,302.0,3.265986323710904,2.0,0.7905694150420949
11,48,1.7916666666666667,53.354166666666664,11.822442814836526,5.4645942515766555,0.8867641950242585
12,66,2.287878787878788,152.71212121212122,13.256489772779231,6.460241229015668,0.8732197324318016
13,37,2.2972972972972974,162.0,7.792920272575201,6.073158134334149,0.6266294249698399
14,38,1.8157894736842106,196.42105263157896,9.44901055409586,5.228450837824094,0.8329600336564384
15,35,1.8571428571428572,226.57142857142858,8.477737962293176,5.221365043764337,0.7878311419123012
16,32,2.0,297.375,7.3446359782926915,5.6397094203840465,0.6406083453969946
17,35,1.9714285714285715,312.2,8.308497918859715,5.6392832340225905,0.7343816211704767
18,34,2.3529411764705883,538.7352941176471,7.1704438701988735,6.024456594986891,0.5423091304683776
19,61,2.7540983606557377,11.0,10.5513482637416,7.64563053764552,0.6891573591611022
20,67,2.716417910447761,20.746268656716417,12.546079829189269,6.931111066213842,0.8335444920582905
21,38,2.736842105263158,330.6842105263158,7.52933825085847,6.454308326619795,0.5149483705056955
22,45,2.7555555555555555,2.888888888888889,7.925047896043621,7.305707969241198,0.38754610109843174
23,59,2.847457627118644,205.45762711864407,10.429725128264185,7.2747161098238085,0.716586384284732
24,43,2.6744186046511627,213.58139534883722,7.973970332283397,6.92885927206777,0.4949268035196741
25,68,3.1176470588235294,347.61764705882354,11.088847706748252,7.889335129507365,0.702720794420867
26,78,3.076923076923077,507.6794871794872,12.322614590392353,8.379123546379953,0.7332312554593923
27,39,2.6153846153846154,578.0512820512821,7.680748299565655,6.510916668774569,0.5304870927495581
28,31,3.161290322580645,597.2258064516129,7.514882259669918,5.288848081592643,0.7104147876067926
29,86,3.244186046511628,104.26744186046511,14.20136769206396,8.123433138188974,0.8202413028260359
30,46,3.5434782608695654,324.5217391304348,8.249724311696896,7.3003798493954015,0.46573526803899906
31,76,3.4210526315789473,585.8421052631579,11.585358197876515,8.572711752079158,0.6726499150542294
32,74,3.9594594594594597,239.43243243243242,10.70697027886305,8.978462909266018,0.5448055318657934
33,53,3.1320754716981134,387.188679245283,9.989425594346828,7.445679780109008,0.6666664929942421
34,91,3.4065934065934065,63.527472527472526,13.646202726963155,8.79078098235044,0.7648634303678132
35,35,3.8857142857142857,220.14285714285714,7.275706504946321,6.123725436466655,0.5399961865747205
36,104,3.9903846153846154,276.84615384615387,13.992325397089605,9.906681824650503,0.7062041611609884
37,58,4.241379310344827,416.6896551724138,9.206816271255814,8.20024674217038,0.45464787315626237
38,111,4.2792792792792795,450.0900900900901,13.869626542584331,10.877854632170683,0.6203902646699183
39,92,4.934782608695652,181.8586956521739,12.27005943499679,9.718509257081703,0.6104553027707376
40,100,5.2,407.18,13.839058165450396,9.429849897706786,0.7319168975816766
41,48,4.458333333333333,72.64583333333333,9.193702122336644,7.148970956031864,0.6287662561216627
42,131,5.312977099236641,92.12213740458016,14.058917073231566,12.055487899453194,0.5144879351642613
43,102,5.294117647058823,287.34313725490193,14.379287504234716,9.271899320762174,0.7643434280425254
44,102,5.794117647058823,306.97058823529414,14.084641073797508,9.513121031017382,0.7374285358911356
45,41,5.975609756097561,268.1219512195122,7.571704759287505,6.856178319503613,0.4243463577417043
46,36,5.861111111111111,366.6111111111111,7.3450056870841,6.1635349485210575,0.5439056439097801
47,30,5.433333333333334,391.2,9.40340232309726,4.1551069347079315,0.8970777568652101
48,120,5.6,525.9416666666667,16.111642651867697,10.122608027615215,0.777988044409129
49,60,5.3,317.3,11.924737748749013,6.692331155152667,0.8276706566698447
50,17,6.823529411764706,333.8235294117647,5.6093767149511775,4.285076719166262,0.6453190502112773
51,118,6.516949152542373,516.2033898305085,14.661939952260385,10.46163407160678,0.7006316197197882
52,126,6.7936507936507935,554.9920634920635,13.916339893744883,11.670170468829511,0.5447556676541698
53,56,7.053571428571429,115.26785714285714,9.289969145680526,7.667353520413527,0.564640723272398
54,66,7.045454545454546,424.030303030303,9.85075789569209,8.676315751200384,0.47353227194696684
55,90,6.988888888888889,484.3666666666667,12.05794557594512,9.798388521759483,0.5828100027380959
56,26,7.923076923076923,79.42307692307692,6.1374582971427785,5.601162894361891,0.4088104859623644
57,56,7.803571428571429,169.07142857142858,9.694134442042117,7.476376555471545,0.6365604290622097
58,55,7.109090909090909,196.8,10.35957049560344,6.890954183554395,0.7466851864182817
59,75,8.293333333333333,339.74666666666667,11.734741888202715,8.46949096827578,0.6921590812989651
60,45,8.311111111111112,107.66666666666667,9.392458511673269,6.183290477665411,0.7527337925309732
61,111,7.153153153153153,381.18918918918916,16.14627371857391,9.27499572390932,0.818549723277633
62,76,8.697368421052632,161.23684210526315,12.30501414964323,8.367390248749242,0.7332135713288759
63,23,8.347826086956522,328.7826086956522,5.618304722056531,5.389538794797536,0.2824499507379792
64,140,8.135714285714286,397.70714285714286,18.004033902258126,10.271422013777627,0.8212929455259879
65,31,9.516129032258064,345.9032258064516,7.689090981873921,5.274528208524169,0.7276246159217282
66,49,10.306122448979592,413.2244897959184,9.512667906044115,6.756657675604356,0.7039192668542649
67,52,9.942307692307692,189.28846153846155,8.553316186217272,7.99485492648345,0.3554160211096115
68,45,9.71111111111111,211.86666666666667,7.961942974978644,7.159216272989324,0.43757987073383076
69,96,10.020833333333334,592.2291666666666,11.107364647260543,11.03536262977182,0.11367811369780888
70,84,10.345238095238095,152.0,11.341990233476542,9.577992605498242,0.5355997817736718
71,39,9.743589743589743,444.2307692307692,7.914600112010113,6.330124735181681,0.6002619334709841
72,41,10.951219512195122,73.8048780487805,8.911563542444817,5.953905991994546,0.7440623877913438
73,46,11.108695652173912,97.84782608695652,10.39161596189495,5.836391611163907,0.8273788180500301
74,115,12.678260869565218,178.7826086956522,17.27704245687419,8.804895558490097,0.8603937905527856
75,102,11.107843137254902,292.5980392156863,17.37888097217782,7.830766334378383,0.8927305325248888
76,62,11.32258064516129,323.758064516129,10.631197168450758,7.482585995196727,0.7103656056409264
77,68,11.529411764705882,477.4852941176471,9.986031318635717,8.866499796516937,0.46005533623759953
78,64,11.328125,21.078125,9.714261990056313,8.562289500393407,0.4723439629560636
79,50,10.12,67.0,9.739434968243142,6.520199881856592,0.742844612964648
80,108,12.212962962962964,529.6296296296297,19.293303811992942,7.529929675137368,0.9206931602778776
81,57,11.75438596491228,583.1929824561404,9.071495166054687,8.004792582690037,0.47047822959642893
82,128,12.328125,11.171875,17.18444045612135,9.55247055530766,0.8312631797583883
83,52,12.634615384615385,83.09615384615384,9.306333950710975,7.298079944961642,0.6205009680207064
84,96,13.083333333333334,277.8020833333333,14.040256299112004,8.848729993603046,0.7764004407630424
85,150,13.793333333333333,537.4666666666667,20.226900265187403,9.690442891836243,0.8777674776104514
86,51,12.764705882352942,428.7843137254902,9.017099701684108,7.316581097220401,0.5844748850644919
87,40,13.725,313.05,9.478026201028594,5.560307485437786,0.8098387981336963
88,35,13.914285714285715,318.0,7.964430544654652,5.736500495607639,0.6936990287951493
89,89,14.584269662921349,333.14606741573033,10.984165787224581,10.416865480096332,0.31721723907733523
90,67,14.597014925373134,419.67164179104475,10.076336062071382,8.600284282884086,0.5210714736408371
91,57,14.894736842105264,101.6842105263158,10.994933499141464,6.887949427932527,0.7794489367652184
92,76,14.75,110.69736842105263,10.983412667687452,8.935694748094107,0.5814772140918743
93,68,15.411764705882353,347.69117647058823,9.56457241687348,9.383224714322706,0.19380716661542763
94,47,15.829787234042554,444.4255319148936,8.179222695938977,7.278293886813147,0.45625019697153635
95,124,15.846774193548388,545.6774193548387,18.362724244566532,8.90063978008926,0.874673600973921
96,163,15.263803680981596,299.6319018404908,19.979855129658695,10.97358994701311,0.8356694513888305
97,53,15.641509433962264,405.64150943396226,9.210330541258836,7.276270213754235,0.6130915808510514
98,41,16.073170731707318,77.0,7.986406867288512,6.70892620580651,0.5425196247133405
99,84,17.357142857142858,161.66666666666666,14.089641166668159,7.730372292810971,0.8360479150997419
100,50,16.52,192.36,8.494597117534967,7.472738441211939,0.4755200775323956
101,33,16.818181818181817,484.54545454545456,7.384530053305068,5.683367999232434,0.6384881625961226
102,147,16.571428571428573,562.6598639455782,16.531079910570128,11.458363108644534,0.7208023792904091
103,120,16.941666666666666,30.183333333333334,13.84439208609917,11.129866076349069,0.5947294048697015
104,56,17.678571428571427,86.83928571428571,10.329399718752017,7.257116944641648,0.7116155394271653
105,50,17.32,170.76,8.930637086895276,7.261110192124249,0.5821851543752581
106,71,18.014084507042252,308.4366197183099,12.048998606778778,7.657774453610728,0.7720574299476428
107,53,17.92452830188679,596.5471698113207,9.886132539419286,7.144459972407686,0.6911880859667467
108,62,19.112903225806452,71.41935483870968,11.829941296592612,6.7586951627623915,0.8207266245042069
109,106,17.89622641509434,490.49056603773585,18.170757083112402,7.562871778150838,0.9092679886172438
110,46,18.5,477.9782608695652,8.652493960165723,6.909086950154603,0.6019839976573454
111,24,19.25,93.75,6.8959182136996535,4.594886141857276,0.7456661853702242
112,69,22.594202898550726,105.31884057971014,11.906834916148714,7.677988009949359,0.7643186798190988
113,82,19.878048780487806,324.219512195122,11.08770269933599,9.604636773058763,0.49962418566302735
114,59,19.983050847457626,341.91525423728814,9.880932565394692,7.75101117426537,0.6202031218542323
115,72,19.88888888888889,425.5,12.27845842343371,7.493533144713737,0.7921710088045995
116,143,21.972027972027973,551.9090909090909,18.61049499886813,10.190896716786705,0.8367476431632692
117,74,20.7027027027027,179.36486486486487,12.297178839833709,7.71397887020221,0.7787804153883207
118,152,22.164473684210527,462.3486842105263,15.319853768381854,12.960578526858026,0.5331847349954523
119,114,22.18421052631579,156.08771929824562,16.606651917732624,8.875873543830043,0.8451830177297596
120,61,23.37704918032787,78.50819672131148,10.485034421659664,7.429546211725649,0.7056246902581504
121,21,22.857142857142858,84.80952380952381,5.316632771645399,4.992156306471802,0.3440002546706884
122,71,23.0,472.5774647887324,11.308014780902738,8.193374187005453,0.6892081027413574
123,115,23.617391304347827,120.86086956521739,15.718395716657152,9.474088341059314,0.7979384901059023
124,44,23.75,270.8636363636364,8.63366969489768,6.451106292163681,0.6645955628931335
125,57,23.912280701754387,481.8070175438597,10.0353956452129,7.429900587007053,0.6722001511320879
126,54,24.22222222222222,169.53703703703704,8.827548739096377,7.883603288926769,0.4499212646703127
127,67,23.611940298507463,333.8955223880597,9.275900780029698,9.24462668282191,0.08204705024392202
128,42,23.738095238095237,448.64285714285717,8.065370548337235,6.6190237892418455,0.571399567955289
129,30,23.5,538.1,6.744177312914133,5.699947868648243,0.5345042627925775
130,20,23.95,591.1,5.215361924162119,4.795831523312719,0.3929526239966882
131,149,21.677852348993287,15.516778523489933,18.006402592962683,10.810624231971689,0.7997173503686849
132,83,25.012048192771083,92.01204819277109,12.905372593034063,8.468280426955612,0.7546021785282029
133,55,25.527272727272727,28.09090909090909,9.171731406614656,7.8363217166117325,0.519616861565242
134,20,25.25,327.6,5.350893721359499,4.960638707133942,0.37489489508725027
135,89,23.584269662921347,112.89887640449439,14.955936244998162,7.971721977751647,0.8461064810645618
136,104,25.91346153846154,148.7596153846154,14.364617717677286,9.446097805027827,0.7533718133125719
137,119,25.949579831932773,316.1848739495798,12.980533492627908,11.816264361904212,0.41393481002941296
138,59,25.610169491525422,347.3898305084746,9.568756002444752,8.007391025560821,0.5474677924333767
139,27,25.74074074074074,424.44444444444446,6.819039147935914,5.518147392083286,0.5874967421904852
140,20,25.8,558.15,5.6972566763368775,4.487902223080943,0.6160201561708152
141,65,26.323076923076922,127.98461538461538,11.43047351569187,7.298659401096927,0.7695998982201705
142,60,26.783333333333335,354.25,11.688358132496933,6.715492515225396,0.8184727068578528
143,53,26.962264150943398,177.0566037735849,10.64068368230307,6.540433836334805,0.7887898829018244
144,55,27.0,596.4,9.797958971132712,7.260353109369218,0.6714976477316141
145,62,27.56451612903226,20.112903225806452,12.070290890129641,6.71820664406483,0.8307871296997038
146,84,26.571428571428573,431.8333333333333,12.6441090722313,8.694850698661392,0.7260326684899219
147,38,28.18421052631579,83.26315789473684,7.1106101594535,6.836345665064298,0.2750537927821615
148,28,27.642857142857142,99.53571428571429,6.389731190284841,5.551972310845117,0.4950055560644715
149,88,27.795454545454547,566.0795454545455,11.392212108575523,10.008701955971771,0.47763844348270756
150,31,28.387096774193548,4.741935483870968,6.741070998980903,5.803063642143996,0.508855618853663
151,70,28.67142857142857,208.54285714285714,10.238697140592992,9.073402442503092,0.4633273471956616
152,73,28.506849315068493,455.3150684931507,10.642569492892617,8.947110320215238,0.5415154378646675
153,67,29.567164179104477,359.97014925373134,11.596732834688922,7.495039874039569,0.7630782048741864
154,45,29.377777777777776,420.84444444444443,9.155614947417508,6.331024832398956,0.7223851278436387
155,91,29.483516483516482,575.7582417582418,13.286473365097947,8.849313263659695,0.7459166618903547
156,40,29.925,470.275,7.703033937300583,6.6455449859883915,0.5056855612417248
157,36,30.5,272.0,7.22124386595056,6.312973707253295,0.48552554910499585
158,48,31.041666666666668,440.5208333333333,8.477644164172473,7.21767463962253,0.5245536427996317
159,39,31.512820512820515,157.23076923076923,7.297483531770568,6.924111155962081,0.3157709085088248
160,17,31.294117647058822,463.88235294117646,5.133511583357983,4.261357712064667,0.5576059269303896
161,82,32.58536585365854,91.39024390243902,12.774668993550414,8.323399559755439,0.7586013916416472
162,43,32.116279069767444,102.11627906976744,9.168111830512052,6.128586361064069,0.7437412003394906
163,52,32.90384615384615,113.90384615384616,8.933852554938701,7.758744282816771,0.49574930422680064
164,92,32.32608695652174,172.56521739130434,16.48641695105564,7.270726410969287,0.8975006492930713
165,36,33.361111111111114,434.6111111111111,7.840634813368219,5.832518571242798,0.6683093554515114
166,32,33.0,561.0,7.499836583818475,5.545489267505441,0.6732502736978379
167,68,33.294117647058826,10.617647058823529,10.111625190502716,8.67227324315965,0.514227623252063
168,26,33.0,29.653846153846153,6.492464878549775,5.046702049452254,0.6291093595115603
169,36,34.19444444444444,214.66666666666666,7.625754846943842,5.9924612146741705,0.6184568514413177
170,37,33.972972972972975,474.72972972972974,7.42246520174867,6.538624755171912,0.4732585061338229
171,140,33.76428571428571,486.1714285714286,15.493473429095888,11.51738860530343,0.668880062591686
172,11,35.36363636363637,0.9090909090909091,4.346129984141888,3.067356324605906,0.7084437526351622
173,104,35.90384615384615,18.35576923076923,19.76309859696248,7.03949921737017,0.9344119859792468
174,78,35.5,120.5,13.817951734466785,7.389362042991797,0.845000592478006
175,176,35.80113636363637,139.42613636363637,19.47806024461883,11.590499266176192,0.8036856593194358
176,82,36.109756097560975,386.6951219512195,12.466908716865177,8.390973111506321,0.7395882090680928
177,42,36.19047619047619,107.69047619047619,9.924827142597806,5.753148113774955,0.8148496416706883
178,59,35.57627118644068,555.6440677966102,9.895316009153827,7.668774235133441,0.6319730895696617
179,92,37.58695652173913,207.1086956521739,11.756305629024453,10.082319777553904,0.514301360400746
180,109,36.88073394495413,428.0275229357798,13.929505640366218,10.082448495157841,0.6899893187515782
181,98,36.3469387755102,458.1326530612245,13.12504144743358,10.112396714084436,0.6374812274874737
182,70,35.5,366.4142857142857,10.838871335188248,8.342740386637137,0.6383989578280181
183,29,36.86206896551724,573.3793103448276,6.844536041845747,5.625775832742478,0.5695787473195613
184,82,37.5609756097561,377.390243902439,13.460470039868879,7.841577950839607,0.8127852233511743
185,24,37.666666666666664,41.75,5.9671762132448665,5.191181329489486,0.49312918087354485
186,47,36.702127659574465,355.7659574468085,8.38194879221121,7.190423633372769,0.5139063641604208
187,60,37.61666666666667,565.8,10.42983968382971,7.51624904624418,0.6933005405717118
188,115,37.76521739130435,585.104347826087,15.164273906797886,9.688043178192377,0.7693123274502042
189,134,38.02238805970149,149.78358208955223,15.158494942285568,11.946395081074042,0.615548476684399
190,140,38.457142857142856,128.55,16.16292872037561,11.260756330692924,0.7173599697140719
191,125,39.752,170.888,16.765923502012836,9.964288289920844,0.804230218840038
192,46,39.391304347826086,465.7173913043478,9.883257563718093,5.940461583357728,0.7992015584854969
193,51,39.68627450980392,50.64705882352941,8.579075877129755,7.556858367232807,0.47339994888275294
194,36,38.72222222222222,199.97222222222223,8.15952429484819,5.750142484358466,0.7094900951661508
195,34,39.529411764705884,361.44117647058823,7.325838441467861,6.166651673283936,0.5398404525905304
196,95,39.705263157894734,440.7684210526316,11.750883449216143,10.469269431477349,0.4541315000477437
197,95,40.084210526315786,33.72631578947368,14.396688761437957,8.623851214509557,0.8007368319035211
198,125,41.288,22.744,18.512553169293607,8.734168257715053,0.8817071674379799
199,23,41.17391304347826,453.8695652173913,5.879028735726313,5.020220770807025,0.520404143925223
200,45,40.93333333333333,110.64444444444445,10.804578911741201,5.2926072803399995,0.8718075481718633
201,73,41.082191780821915,596.4246575342465,12.999648342382994,7.436624371556146,0.8202093319802122
202,134,40.45522388059702,99.02985074626865,14.91693241693802,11.572225530210543,0.631006142004375
203,37,40.891891891891895,448.7567567567568,7.431408789955157,6.532037676625033,0.47686409905976856
204,89,41.59550561797753,472.4831460674157,12.15863413182784,9.625297059403206,0.6109839858375584
205,23,41.91304347826087,160.2173913043478,5.733826014124253,5.0375140067593245,0.4776307722564946
206,102,42.529411764705884,191.76470588235293,14.996646616473251,9.049155252905466,0.7974296588902324
207,51,42.88235294117647,555.8627450980392,9.901262339621795,6.6473473133430705,0.7411281208932261
208,98,42.785714285714285,547.8265306122449,14.202302903781607,8.881123277109849,0.7803605816976515
209,36,43.52777777777778,566.0833333333334,7.747960643430099,5.987123606351784,0.6347282676765376
210,29,44.06896551724138,62.48275862068966,6.77355151683378,5.555693469948918,0.5720712704299389
211,88,44.18181818181818,573.7386363636364,12.28307908806435,9.227157250544376,0.6600646336831759
212,59,44.559322033898304,212.96610169491527,9.208028489475296,8.098036683197833,0.4759840495861203
213,51,44.96078431372549,355.6078431372549,10.031754809320349,6.751635342481868,0.7396185027748252
214,46,44.30434782608695,435.0652173913044,9.630934720189106,6.125446012660573,0.7716743774920155
215,44,44.86363636363637,460.75,8.63366969489768,6.451106292163683,0.6645955628931334
216,116,44.36206896551724,481.9655172413793,13.351601171223704,11.093533886175392,0.5564566142105706
217,73,45.93150684931507,41.45205479452055,15.016893196891857,6.552024347323132,0.8997962937555982
218,75,46.78666666666667,367.08,13.119226311474655,7.636010512294144,0.8131549160688176
219,59,47.13559322033898,47.152542372881356,12.2149839040537,6.716453224756944,0.8352610292305882
220,92,44.83695652173913,374.1304347826087,16.435980592781586,7.36236902644083,0.894062526164207
221,66,46.303030303030305,506.09090909090907,11.253085287573835,7.483917858660709,0.7467946004402474
222,184,47.891304347826086,114.6195652173913,23.39008985220544,11.532894973076337,0.8699910129783868
223,66,46.95454545454545,151.15151515151516,10.321764055970368,8.266410752929422,0.5988357084175842
224,43,47.325581395348834,446.5813953488372,8.54540634186259,6.503095751814519,0.6487461783703096
225,56,47.55357142857143,138.32142857142858,10.48020410731423,6.837547554709329,0.7578532647011802
226,70,48.871428571428574,360.8857142857143,13.660887808469809,6.598124455117318,0.8756237576947903
227,72,47.22222222222222,425.19444444444446,14.328588351360496,6.596871709460736,0.8877119500422901
228,58,48.46551724137931,25.810344827586206,9.263386990521873,8.039254561301343,0.49682174900913983
229,48,48.395833333333336,128.33333333333334,9.592989335107191,6.378858314330036,0.7468878695918428
230,129,49.031007751937985,393.2480620155039,21.19081261181501,8.088410793260858,0.9242886555269842
231,73,48.43835616438356,453.4109589041096,11.012646533141744,8.611062781365352,0.6233726143856139
232,94,49.202127659574465,4.4361702127659575,11.714371735569557,10.405161386460163,0.4593817008285179
233,90,49.48888888888889,33.9,14.30184868570394,8.088787436687893,0.8246959364954274
234,16,49.0,157.5,4.898979485566356,4.0,0.5773502691896258
235,94,48.361702127659576,385.75531914893617,14.540663454519349,8.971993944389853,0.786941334065901
236,80,50.9375,420.125,14.762916194333792,7.038736068292164,0.8790199791862174
237,81,50.34567901234568,556.5679012345679,10.820891316096741,9.567649772024756,0.46714040381016436
238,76,51.578947368421055,58.671052631578945,12.696612188660852,7.699402799807592,0.7951491158183567
239,93,50.655913978494624,338.93548387096774,12.094855703625802,10.111783661984324,0.5486684329739245
240,83,50.18072289156626,432.8072289156627,14.773108296526361,7.718671324999265,0.8526508062801934
241,55,50.56363636363636,471.25454545454545,8.493848041109198,8.249978712719845,0.2379038471088861
242,61,50.50819672131148,346.6885245901639,10.81457810512723,7.250760080602074,0.7419441697715193
243,71,51.690140845070424,14.43661971830986,10.549052690149125,8.608305683315537,0.5780146058869585
244,54,52.370370370370374,177.59259259259258,9.459692675623412,7.2951552367700145,0.6366133894798681
245,44,51.63636363636363,459.70454545454544,8.475914003248128,6.816499610027805,0.5943317104513415
246,121,52.735537190082646,536.5867768595041,16.269366029420603,9.846026063330815,0.7960825410350831
247,50,52.52,596.76,9.975735368092925,7.124373927986928,0.6999719862489494
248,98,52.183673469387756,66.29591836734694,13.99185773233275,9.017065342204315,0.7646456920453938
249,40,52.925,270.975,7.905913594891791,6.371540648077604,0.5920232889294219
250,87,53.37931034482759,399.97701149425285,15.022801555294777,7.517360149097173,0.8657962544478021
251,44,53.06818181818182,414.4318181818182,8.852522381692657,6.384106391953329,0.6927660324377486
252,57,53.98245614035088,112.6842105263158,12.053015706843226,6.263352382651561,0.8543790953664429
253,156,54.294871794871796,565.3205128205128,16.66748217193143,12.269670245633309,0.6768247367021751
254,68,53.75,353.94117647058823,11.702816194590406,7.521766088356568,0.7660917017943081
255,11,54.36363636363637,502.90909090909093,4.346129984141888,3.067356324605906,0.7084437526351622
256,117,56.39316239316239,327.37606837606836,19.617395289946458,7.993236018913595,0.9132245986530567
257,26,55.76923076923077,37.07692307692308,6.049108692719231,5.602197371087115,0.3772303231292889
258,55,56.018181818181816,43.10909090909091,9.400269709350514,7.562055372554669,0.5940191570706331
259,37,55.729729729729726,155.05405405405406,7.000742657297934,6.76565713661746,0.2569679831289669
260,66,56.90909090909091,367.59090909090907,10.36065993650781,8.188951675079743,0.6126052761175512
261,26,56.0,2.3461538461538463,6.492464878549775,5.046702049452254,0.6291093595115603
262,63,56.095238095238095,24.41269841269841,11.984900336768796,7.146972863455333,0.8027383228201056
263,110,56.88181818181818,312.6818181818182,15.255765250649493,9.398266422114366,0.7877094989722239
264,156,57.87179487179487,445.28846153846155,18.10908943899511,11.295784124777075,0.7816133523858279
265,78,56.76923076923077,547.9358974358975,10.642566680883279,9.417523670755408,0.4657959743149499
266,26,57.69230769230769,272.5769230769231,6.9443853325667115,5.054766095659265,0.6856912486928082
267,28,57.32142857142857,348.32142857142856,6.934196926608524,5.454690429061071,0.6174167670185641
268,137,57.75182481751825,376.1021897810219,17.649702465326328,10.222687872394912,0.8151862727223556
269,40,57.475,528.125,7.599703882295945,6.810616778340708,0.443713482015085
270,24,57.625,14.041666666666666,6.343089949683284,5.04850790951635,0.6054192719229944
271,84,58.0,334.2261904761905,14.04170963927995,7.703579014664381,0.8360710639964332
272,118,58.19491525423729,385.6779661016949,19.13865427783082,8.290529742966797,0.901306239942589
273,42,57.5,426.8095238095238,8.518886580500327,6.3688584751620905,0.6641309104888257
274,74,58.148648648648646,460.0810810810811,11.18056734741393,8.880343975038139,0.6075702399779713
275,35,58.51428571428571,8.314285714285715,6.912151766294702,6.477095815611112,0.3491703655850992
276,27,58.592592592592595,137.8148148148148,6.584740408570264,5.301270681982635,0.5931604990364275
277,78,58.38461538461539,320.34615384615387,11.976483120458036,8.459425493424243,0.7078763638382022
278,54,58.648148148148145,433.24074074074076,8.992206733495898,7.874636662182273,0.4828230607311511
279,115,58.65217391304348,519.9478260869565,15.35698571070676,9.68868746215768,0.7758660007945812
280,130,55.30769230769231,50.53846153846154,21.726564719812536,7.67530010029858,0.9355221638434745
281,80,58.975,117.9125,13.239435313882957,7.847601708134078,0.8053906043206224
282,81,58.629629629629626,171.08641975308643,11.405793692398625,9.560128556807873,0.5453909509339424
283,47,59.04255319148936,412.531914893617,8.946635063309625,6.816571218777973,0.6476775850535954
284,52,59.53846153846154,539.8461538461538,9.311514135227029,7.101534987875752,0.6467976237529627
285,48,59.895833333333336,69.33333333333333,10.838689075576696,5.677860239628319,0.8518097933413513
286,60,59.9,554.6166666666667,10.619398529088947,7.4241001993017575,0.7150166638360268
287,37,61.4054054054054,34.86486486486486,8.431643198766688,5.68893053107447,0.7380811387955732
288,111,59.98198198198198,592.6756756756756,14.319828092394157,10.05714873286775,0.7118581324666816
289,60,61.166666666666664,143.45,9.241622018977026,8.276954634037484,0.44482583702542117
290,50,60.16,341.68,9.416866002776954,6.8465052899814225,0.6865875675310598
291,42,61.57142857142857,352.8333333333333,8.16360679213053,6.960495288772361,0.5225233003660265
292,50,61.34,55.16,10.262520557280151,6.269088594955593,0.7917292120399688
293,102,64.0,61.509803921568626,14.125794328083854,9.857295728726273,0.7162708253259527
294,65,61.15384615384615,295.0,10.326776274706944,8.140718717632085,0.6152760678538314
295,33,62.21212121212121,455.42424242424244,9.472603646580641,4.431686409702558,0.8838118641307603
296,30,61.36666666666667,109.76666666666667,6.692739601149204,5.858186386785615,0.48357180763317187
297,37,62.24324324324324,156.24324324324326,6.978627499897302,6.738353315566452,0.2601433951364468
298,69,61.56521739130435,179.36231884057972,10.157746906951557,8.720265484276325,0.5128399700681221
299,77,62.18181818181818,164.36363636363637,11.727430148948867,8.761153972931682,0.6647508641553044
300,129,65.49612403100775,577.0852713178294,19.313664957270326,9.676024819537655,0.8654509196348822
301,33,62.666666666666664,29.606060606060606,7.088477403681203,5.972814794046774,0.538525847104451
302,44,63.11363636363637,193.77272727272728,8.994591786850147,6.315254749799884,0.7120617125776763
303,36,63.27777777777778,529.3611111111111,7.523096420372404,6.1168101105717065,0.5821648011417832
304,26,63.26923076923077,4.653846153846154,6.458964791992076,5.156497466643327,0.6021972256327986
305,47,63.744680851063826,134.29787234042553,8.083969283124267,7.39864712868507,0.40294419931175357
306,59,63.45762711864407,507.23728813559325,12.569527681043985,6.089117830161089,0.874827315477459
307,73,64.57534246575342,401.8767123287671,12.381114772922144,7.754185982092639,0.7795890290543828
308,31,65.25806451612904,20.903225806451612,6.4794901126852436,6.150858909110227,0.31442802160323213
309,96,62.989583333333336,75.19791666666667,14.147525110523407,8.768450700754041,0.7847701582194403
310,63,65.23809523809524,346.8095238095238,11.347994354878436,7.2345470058705486,0.7704357278986494
311,35,64.74285714285715,515.8285714285714,6.932113004569389,6.433434121680458,0.37242448504866105
312,129,67.33333333333333,448.08527131782944,16.393383934599868,10.506479050884211,0.7676264542933522
313,30,66.3,174.1,7.25693336879388,5.279228297224816,0.6861355478257564
314,17,65.47058823529412,319.47058823529414,5.534011800443108,4.10809487431372,0.6700280698894645
315,72,65.77777777777777,429.8888888888889,11.249814342418802,8.21980133891517,0.6827403655402857
316,59,65.62711864406779,547.1694915254237,11.871935332207155,6.876635774890416,0.8151608872856444
317,81,67.03703703703704,355.5432098765432,15.425779367461642,7.003944455288227,0.8909805214667436
318,84,66.35714285714286,368.67857142857144,10.747886865913738,9.924884688538413,0.3837750690542733
319,30,66.63333333333334,596.8666666666667,6.591068247506362,5.976810504036234,0.42155136753658606
320,107,67.09345794392523,118.53271028037383,13.820417657025873,10.450503239819152,0.654382076432974
321,50,67.4,297.98,9.28783289509371,7.051933076314268,0.6507807428502904
322,131,66.8854961832061,306.1374045801527,18.39261119494605,9.628678285720627,0.852020786349592
323,112,66.73214285714286,586.375,14.698714482564409,10.01319724616786,0.7320699628904394
324,26,67.34615384615384,51.34615384615385,6.115263665954397,5.378017936291857,0.47600659499739345
325,34,68.02941176470588,16.41176470588235,7.262779962182378,6.101742863743718,0.5423715371100913
326,24,67.83333333333333,129.625,5.8306883157964355,5.289167797135685,0.42085957848731237
327,69,68.3913043478261,149.17391304347825,11.97212767773956,7.678001871785303,0.7672709423582026
328,54,67.70370370370371,253.38888888888889,8.846172555211584,7.774273768805524,0.47713670172632633
329,70,68.42857142857143,502.3142857142857,11.186516158266793,8.124027044791852,0.6874477071371573
330,82,70.21951219512195,543.560975609756,16.65098420868763,6.541583569889244,0.9195962939351163
331,128,68.34375,569.125,15.524161167003061,10.959461440276806,0.7082501245717967
332,69,69.31884057971014,553.8550724637681,10.470350722862657,8.51616609001871,0.5817604814409201
333,66,69.12121212121212,5.484848484848484,11.552659124214934,7.515260088225133,0.7594873243295673
334,42,69.0,37.857142857142854,7.864679574861207,6.894531912088141,0.48113778624034537
335,45,69.2,67.88888888888889,9.583702273934305,6.061133729147639,0.7746078971831262
336,57,69.15789473684211,268.8421052631579,9.212235324706116,7.979365245560081,0.49974883347459836
337,61,69.44262295081967,290.1967213114754,9.779966764967089,8.065819044206677,0.5655286115742786
338,141,66.17021276595744,418.58156028368796,20.24110431609603,10.104281218475547,0.8664890132784513
339,141,69.9290780141844,109.48226950354609,21.323704712205114,8.689762995035167,0.9131978129181518
340,70,69.45714285714286,141.9857142857143,10.82737588943696,8.328496245792882,0.6389993554457394
341,67,69.23880597014926,323.2089552238806,13.089226607932988,6.661421050387471,0.8608114787948192
342,125,67.04,408.88,18.841311507044484,9.306179704610969,0.8695049655394429
343,52,69.01923076923077,79.76923076923077,10.27257970129105,6.498576977333362,0.7744673139269438
344,143,71.95804195804196,90.35664335664336,22.575565412566714,8.62915900344726,0.9240653761087196
345,94,70.87234042553192,222.85106382978722,16.781651955233926,7.424432408274495,0.8968110922634833
346,58,70.36206896551724,282.4310344827586,9.617514009162774,7.796030867812234,0.585589586594373
347,76,70.86842105263158,424.5657894736842,13.048341511042132,7.686269182751723,0.8080885661252302
348,181,72.06629834254143,200.59668508287294,18.367738978160776,12.953707361830483,0.7089663114601935
349,49,70.61224489795919,229.59183673469389,8.849878179896873,7.21932406515688,0.5783989210402121
350,110,68.69090909090909,238.96363636363637,16.799719007079215,8.705361886831701,0.8552685759704586
351,115,70.8,340.1304347826087,14.56372974368592,10.410421152887007,0.6993101869207182
352,101,69.5940594059406,535.2178217821782,13.918017632800693,10.04356697979883,0.6922858455658013
353,99,71.39393939393939,169.83838383838383,13.253609827996383,9.766283427688625,0.6760265774635649
354,4,72.5,441.5,2.0,2.0,0.0
355,116,71.23275862068965,314.87931034482756,15.413076197337537,9.80284763376369,0.7716820424447162
356,91,72.10989010989012,359.75824175824175,13.602350739375535,8.828114199055577,0.7607765806409293
357,111,72.25225225225225,491.8198198198198,13.364150278112024,10.659630179901486,0.6031487487611314
358,33,72.48484848484848,60.60606060606061,6.683175152528593,6.227991553292183,0.36273812505500624
359,71,72.98591549295774,511.5211267605634,11.821015082951961,7.663691032032178,0.7613758499149107
360,58,74.1896551724138,22.53448275862069,11.678129964939497,6.323943978429534,0.8406876992586373
361,61,74.14754098360656,72.93442622950819,10.614395173815527,7.419479122926597,0.7151201120117744
362,107,74.60747663551402,98.19626168224299,18.07521029295793,7.844258016902428,0.9009230843025511
363,123,73.60975609756098,210.390243902439,17.297427241067368,9.155771958489566,0.8484259509150195
364,76,73.28947368421052,258.36842105263156,11.457705677780002,8.55619747477854,0.6650895685356659
365,15,73.13333333333334,295.46666666666664,4.618802153517007,4.061745656460751,0.47609522856952347
366,35,73.28571428571429,301.54285714285714,8.049656207463308,5.740491183102723,0.7010267769578382
367,52,72.90384615384616,327.6923076923077,12.686045767016438,5.617416404141619,0.8966190345106967
368,42,74.5,2.4047619047619047,8.028158155392878,6.912633672949687,0.5085228132395486
369,53,73.88679245283019,275.20754716981133,8.613242427462271,8.005472989373722,0.3689788587700225
370,86,71.94186046511628,332.9186046511628,17.360291753990158,6.863770572635547,0.9185211508398285
371,80,75.075,31.3375,12.633298540427132,8.311875118674587,0.7530757002459298
372,112,74.41071428571429,380.5267857142857,13.70689487170314,10.742931340765647,0.6210623957476882
373,102,73.8921568627451,457.078431372549,12.075498944450448,10.987326731061305,0.4148584972265395
374,93,74.47311827956989,594.9462365591398,12.32571599986774,9.770351843930474,0.6096375932110929
375,70,74.71428571428571,105.0,13.6334477852566,6.846906008909803,0.8647434708560302
376,106,74.45283018867924,217.3490566037736,21.59272861469069,6.790334715904629,0.9492663478444765
377,37,75.02702702702703,447.2432432432432,8.241899567394327,5.833664943303608,0.7064069945029487
378,57,75.64912280701755,531.5438596491229,10.101923231112,7.256189485167946,0.6957357505607595
379,63,74.98412698412699,84.92063492063492,13.779551101307463,6.004240600018775,0.9000747247273426
380,90,76.63333333333334,243.13333333333333,14.843803788783758,7.90944162743912,0.8462130731174154
381,78,75.6025641025641,369.0897435897436,11.400258556603115,8.729173522824391,0.6431983428946777
382,31,76.6774193548387,233.5483870967742,8.554500539171176,4.801417609000202,0.8276301376598589
383,68,76.29411764705883,584.2647058823529,9.94299226743723,9.116046439853125,0.3992748217822754
384,45,75.82222222222222,50.333333333333336,8.971268871729194,6.428200909267557,0.6975542586508635
385,28,76.5,405.60714285714283,6.75166553666626,5.446091299287661,0.591057661798941
386,112,76.65178571428571,563.7321428571429,13.730609035267353,10.768184335717024,0.6204491674746264
387,78,76.88461538461539,38.76923076923077,12.350451201302345,8.129795450019683,0.7527915455266059
388,46,77.34782608695652,79.0,8.22371507306914,7.0772138954350625,0.5093051845599825
389,60,76.01666666666667,249.7,11.324566132284238,6.863654818759199,0.7953995354821302
390,45,76.86666666666666,499.8,9.279039516164712,6.260767000554448,0.7380724655386357
391,159,76.04402515723271,191.30188679245282,22.372805803196336,9.839265530985168,0.898102186137064
392,39,77.71794871794872,228.28205128205127,7.607864079396455,6.616633489316196,0.4935635403954853
393,71,76.50704225352112,267.4507042253521,11.911629005542922,7.708795784209118,0.7623495048010677
394,54,77.53703703703704,8.481481481481481,10.306146427897135,6.894467981089713,0.7432924432104486
395,31,77.51612903225806,410.83870967741933,6.816939417129359,6.006386892070465,0.47293504182025725
396,21,78.61904761904762,493.6666666666667,6.239700765471538,4.322111385541705,0.7212457457331208
397,80,77.8625,505.9625,13.078167089595365,8.113972244013704,0.7842687822292945
398,46,78.0,541.2608695652174,9.597527036042443,6.186831885633567,0.7644966409731644
399,30,79.0,55.8,7.065723139237531,5.425454498900837,0.6406230591854383
400,31,78.45161290322581,119.41935483870968,6.425754631219991,6.06314329004941,0.33117581336027324
401,83,79.27710843373494,291.3975903614458,12.901044349264472,8.227071040024788,0.7702800073135246
402,76,79.39473684210526,299.85526315789474,10.699252562048235,9.860225938351135,0.38818654553204873
403,46,78.65217391304348,322.82608695652175,10.069725657897484,6.058275709289414,0.7987729071567433
404,65,79.0,165.66153846153847,10.190019181121025,8.430247399605962,0.5617539312442517
405,88,79.01136363636364,283.7386363636364,12.613386442862573,9.370562476217563,0.66939557713512
406,57,79.57894736842105,309.05263157894734,9.83697952633462,7.530194191710008,0.6434375433716801
407,52,80.15384615384616,25.25,8.904676945045248,7.622155931805537,0.517021846332103
408,86,80.03488372093024,175.74418604651163,11.38621136211384,9.763922367604735,0.5144479352232808
409,35,79.45714285714286,342.4,8.39440564806701,5.694759024428771,0.7346933864978442
410,122,80.13934426229508,392.3032786885246,15.377636176477958,10.264138854251796,0.7446350551230584
411,61,80.0,416.4590163934426,9.923435351746775,7.896265911175522,0.6056659938029375
412,67,79.85074626865672,578.3134328358209,13.19892359669102,6.5820083070159665,0.8667875134278985
413,79,80.22784810126582,400.88607594936707,12.503097034731704,8.200113677979303,0.754894189571518
414,43,80.72093023255815,463.2325581395349,8.3850889016725,6.7201389781806,0.598076250699289
415,67,80.32835820895522,486.2835820895522,10.867114454535033,8.087118119587059,0.6679761758694576
416,55,80.83636363636364,44.6,9.261458701440732,7.663410602359156,0.5615367586570799
417,80,81.0,451.025,12.803993292476061,8.200472898938695,0.7679897471966088
418,36,82.5,1.8888888888888888,9.640290486748457,4.96437772985572,0.8572133517393716
419,44,81.11363636363636,110.5909090909091,8.709530267679273,6.3950096663008305,0.6788745742998339
420,39,81.38461538461539,346.6666666666667,9.17255991787778,5.540204133802084,0.7969861383895354
421,53,81.67924528301887,526.1509433962265,9.067743875968947,7.492843220908438,0.5632033140473351
422,53,81.32075471698113,591.2452830188679,9.799976023032698,6.976565566236414,0.7022847133005355
423,53,82.05660377358491,158.33962264150944,10.472185818052282,6.441519040786206,0.7884433274497716
424,52,82.57692307692308,331.0,8.815401164516816,7.567757318343768,0.512863804871299
425,76,83.0,17.44736842105263,9.957805718974543,9.75261879738987,0.2019571243506548
426,22,82.9090909090909,87.9090909090909,5.502816709244202,4.972652484064489,0.4282593998234223
427,50,83.26,225.08,8.5079345970517,7.570406124660072,0.4563401745049045
428,46,82.95652173913044,337.1521739130435,9.472163957460461,6.349183918269758,0.7420909534163616
429,71,83.32394366197182,353.16901408450707,11.756765678995293,8.494081404862088,0.6913870798669368
430,93,83.23655913978494,382.6774193548387,12.632845836328988,9.490308943918036,0.6600282511699277
431,40,83.0,409.025,8.255900230607038,6.279340043528672,0.6492346544188244
432,27,83.22222222222223,104.07407407407408,6.161945181319615,5.680108074811082,0.38765536217314656
433,50,83.02,314.26,10.267743743950195,6.226189718324654,0.7951723901721288
434,50,84.36,358.68,13.548113673848333,4.892506094067112,0.932519031467263
435,83,83.59036144578313,514.9277108433735,10.824374966207955,9.855185238163683,0.41359208812195297
436,43,83.69767441860465,51.13953488372093,7.88747414249424,6.929200516396389,0.477729644871383
437,28,83.60714285714286,115.5,7.112071169715046,4.9662200551417115,0.7158243169594437
438,51,82.90196078431373,237.8235294117647,10.214347027712801,6.4682754508468125,0.773944089419647
439,49,84.28571428571429,436.7142857142857,9.107072828862416,6.857142857142858,0.6580812002646271
440,127,83.98425196850394,571.9055118110236,14.786741094216383,11.757756656680732,0.6064057469582856
441,88,84.5909090909091,254.32954545454547,16.025197310265042,7.113082575723234,0.8960918637143794
442,57,85.9298245614035,269.87719298245617,12.474420517018197,6.075429164751226,0.873384698242979
443,98,84.98979591836735,364.44897959183675,15.09518378031221,8.509914333619715,0.8259452784934939
444,71,83.88732394366197,372.49295774647885,10.401894969124054,8.81369163866427,0.531089127309525
445,68,84.6470588235294,496.9117647058824,10.118668185654965,8.566052768397299,0.5322944042601505
446,127,84.48818897637796,535.8740157480315,14.827635358412284,11.193854028002972,0.6558032620997197
447,128,85.015625,558.7890625,17.761208133503974,9.457730453224617,0.8464340011824429
448,32,84.1875,586.0625,6.771451230747108,6.125556973011799,0.4262294413562479
449,86,85.16279069767442,59.24418604651163,11.510501769414262,9.678077833551276,0.5413394087339215
450,71,85.54929577464789,29.845070422535212,11.958152239855897,7.688619792790524,0.7658993201469112
451,73,86.20547945205479,170.2054794520548,12.908496059337251,7.513853065074044,0.8131273260845384
452,71,85.04225352112677,211.2112676056338,12.570141040805794,7.498983926333086,0.8025601673249501
453,65,85.76923076923077,232.12307692307692,11.021243378534884,7.798869912102258,0.706591583772101
454,124,85.41129032258064,276.9596774193548,16.0533692748581,10.029407896292986,0.7808215826140849
455,54,85.77777777777777,319.1111111111111,11.259712772862775,6.319408014628187,0.8276526945011446
456,46,86.04347826086956,597.304347826087,12.095104872990335,4.901248589216182,0.91421663092988
457,29,86.41379310344827,135.41379310344828,7.0493419802375925,5.146140167221414,0.6834288831216012
458,139,85.4820143884892,262.1438848920863,17.304215116616607,10.393569109726583,0.7995211044065639
459,25,86.2,444.76,6.132060986158656,5.17264227083518,0.5370654454079513
460,121,87.09917355371901,456.07438016528926,17.851394361025942,8.945612515838715,0.8653803426721781
461,53,86.67924528301887,325.39622641509436,10.694581517315543,6.345101703829097,0.804980987325735
462,51,87.2156862745098,490.03921568627453,9.038038694437597,7.306713268478537,0.5885784058678585
463,46,87.21739130434783,507.7608695652174,8.324466269731705,7.100949807398957,0.5218755545389142
464,32,87.09375,342.3125,7.517183489700515,5.503528630085791,0.6811687797054038
465,21,87.57142857142857,502.7142857142857,6.49353563909391,4.102096071855072,0.775196679940849
466,14,88.71428571428571,199.5,4.20883424647321,4.120630029101703,0.2036532699906393
467,94,88.01063829787235,247.5744680851064,14.218209107826684,8.597802267252675,0.79645059685973
468,77,88.03896103896103,295.23376623376623,10.954848424338472,9.084119858007245,0.5589033272962706
469,23,88.43478260869566,331.39130434782606,6.667281608803803,4.352291467154875,0.7575445159811208
470,23,89.30434782608695,337.7826086956522,6.187695215698775,4.986536574642373,0.5920796154708409
471,39,88.43589743589743,401.02564102564105,7.562787090568934,6.991554330894016,0.38125974934167406
472,41,88.48780487804878,408.2926829268293,9.250894678653896,5.706150234606187,0.787103108538562
473,45,88.44444444444444,429.06666666666666,8.629430837558576,6.598921345641721,0.64438706739195
474,42,89.35714285714286,92.04761904761905,8.557262105690578,6.273980747142105,0.6800387402081371
475,71,89.36619718309859,286.1830985915493,10.145187099280498,9.111140954472434,0.4398419390906194
476,8,90.125,188.125,3.4641016151377544,2.7386127875258306,0.6123724356957945
477,56,89.91071428571429,215.80357142857142,10.072819121751998,7.176886699368282,0.7016718000341813
478,101,89.6930693069307,417.86138613861385,14.187872205175866,9.118496805148876,0.7661208250744201
479,25,90.0,223.2,6.221862511139514,5.1544569929796396,0.5600737292917262
480,56,90.10714285714286,390.26785714285717,9.417332733227555,7.670681481834743,0.5801242003766627
481,118,90.19491525423729,524.8050847457627,15.308657913171459,10.061948599392984,0.7536536522388902
482,55,90.61818181818182,240.96363636363637,10.163812621635403,7.028352540856634,0.722369291410964
483,57,90.08771929824562,347.3157894736842,10.062983550789445,7.3437020695766355,0.6836886380401171
484,34,90.82352941176471,313.1764705882353,6.995797057561649,6.207485156834315,0.4611612334725445
485,36,91.33333333333333,370.6666666666667,7.69527586476124,6.064876698270389,0.6155089943073409
486,33,90.93939393939394,396.030303030303,7.776039167929906,5.662668414558358,0.6853432805131752
487,111,91.37837837837837,589.6396396396397,14.05995494120823,10.175203980858909,0.6901136196621078
488,53,92.49056603773585,105.52830188679245,12.200484125602998,5.952800513230882,0.8728910863963869
489,67,91.70149253731343,145.73134328358208,10.709991774092483,7.95316663014241,0.6697427860069339
490,70,92.18571428571428,4.785714285714286,13.027141302423487,6.9266505214191145,0.8469270074350438
491,114,92.45614035087719,34.06140350877193,14.068357155164831,10.42722705730602,0.6713030399697079
492,79,92.64556962025317,61.24050632911393,14.014434063720676,7.5407388566568,0.8429005070778292
493,49,93.16326530612245,322.0204081632653,9.745887911276856,6.58483304055094,0.7372202977275184
494,25,92.84,68.96,7.047503671295307,4.57575043059378,0.7605558505024853
495,11,93.45454545454545,257.6363636363636,3.9999999999999996,3.468869823334348,0.49792959773196893
496,44,92.6590909090909,352.5681818181818,10.705023140185602,5.3099781541775535,0.8683072232118425
497,136,93.1029411764706,556.3308823529412,19.34350872336016,9.140812262375935,0.8813028305922013
498,82,92.95121951219512,570.609756097561,13.69488192466125,7.803993907466752,0.8217504812182069
499,36,93.36111111111111,334.6111111111111,7.787741869225111,5.90295720286129,0.652277103776254
500,99,93.70707070707071,464.6060606060606,14.666669788537783,8.927459376138625,0.7934079279001861
501,82,93.03658536585365,513.0365853658536,11.677849716494546,8.953790270315592,0.6419663790978911
502,31,94.0,298.7741935483871,6.912873256183943,5.7845382370184835,0.547542754380851
503,37,94.0,328.72972972972974,7.54064042707518,6.300772601468626,0.5493759926673324
504,17,93.94117647058823,434.4117647058824,5.695306516473482,3.706277656090747,0.759283494666158
505,65,93.8923076923077,496.9230769230769,9.549478277119706,8.627567458798607,0.4286733259209434
506,34,94.82352941176471,76.6470588235294,7.0284150055039545,6.125503876035042,0.4903347643686801
507,49,93.73469387755102,86.48979591836735,10.452670391375216,5.971150192847641,0.8207719752732239
508,39,94.58974358974359,340.87179487179486,7.314403790593699,6.820403663247095,0.361268043443703
509,27,94.74074074074075,24.40740740740741,6.025659376849024,5.679488253754415,0.33406370115253914
510,49,94.81632653061224,96.93877551020408,8.493700133294926,7.3894686356363035,0.4930622082960573
511,34,94.73529411764706,253.0,7.062744009319358,6.082478096334383,0.5082559240684967
512,92,95.22826086956522,405.4891304347826,11.779954206910537,10.310682984603332,0.48362807663667834
513,40,96.25,318.075,10.362511946238342,5.2847276338584965,0.8601831810658778
514,57,95.63157894736842,357.2105263157895,10.911226368244314,6.960619054841164,0.7700928045567353
515,42,96.0,118.9047619047619,7.9773049065200246,6.663929614149179,0.5497016969864426
516,65,97.4,157.7846153846154,12.68322329351367,7.000202078182668,0.8338930210365681
517,38,95.39473684210526,188.3421052631579,7.24061154009216,6.778254617614944,0.3516170117673986
518,37,97.05405405405405,310.64864864864865,8.395731187016134,5.856670969115295,0.7165095934982122
519,90,95.83333333333333,455.1333333333333,12.47382823725781,9.64867568325949,0.6337797119704791
520,30,95.96666666666667,81.9,7.832224260551792,4.987833733660955,0.7710002032478431
521,69,96.1159420289855,220.3913043478261,10.949456185281608,8.121955554521774,0.6706566362536728
522,96,96.4375,267.5729166666667,12.371882347167942,10.05595798900946,0.5825324620709631
523,68,96.97058823529412,201.30882352941177,11.965626457903928,7.419480909384373,0.7845494682484704
524,54,97.0,282.25925925925924,10.617550317246739,6.752746615411731,0.7716902508836115
525,35,97.31428571428572,398.34285714285716,8.055008539515514,5.717008340654023,0.7044578936447139
526,25,97.0,420.0,5.656854249492381,5.656854249492381,0.0
527,86,96.87209302325581,439.8488372093023,13.045238428212512,8.582511548858866,0.7531020042300796
528,47,96.8936170212766,293.8936170212766,10.158414761287828,6.058033828347253,0.802719913079271
529,43,97.69767441860465,346.7906976744186,8.530771809413213,6.4730062650587135,0.6513432791616635
530,61,97.37704918032787,426.37704918032784,9.395443645021691,8.29156767473289,0.47029468940597796
531,114,98.92105263157895,594.8947368421053,14.387765586815227,10.961468405274642,0.6477412890102526
532,66,98.01515151515152,413.7121212121212,11.152824257052224,7.74479312503091,0.7195656840085946
533,43,98.55813953488372,566.4883720930233,8.226280367476985,6.77838353153017,0.5666024373623895
534,61,98.57377049180327,104.73770491803279,9.263455708748188,8.470810702934811,0.4047370375927947
535,69,99.28985507246377,61.94202898550725,11.75223341596363,7.769880441992245,0.7502618913623043
536,49,98.95918367346938,229.12244897959184,8.765930534450519,7.087936585415088,0.588389314844132
537,72,99.52777777777777,288.19444444444446,13.013530865646407,7.228620385694161,0.8315368648012617
538,55,98.9090909090909,392.8727272727273,10.030308183937354,7.049285202591167,0.7113890050813346
539,87,99.67816091954023,131.8505747126437,11.39435642632222,9.910755479970616,0.4934130823793157
540,55,99.76363636363637,447.1272727272727,10.291363660940155,6.821640282735579,0.74875136379116
541,78,99.52564102564102,469.05128205128204,12.96410589268262,7.711621425963641,0.8038411163802613
542,25,100.04,24.08,6.008704009423618,5.3298664267631075,0.46172275593157236
543,20,99.65,93.0,5.102940328869229,5.059644256269407,0.12998877418150515
544,111,97.25225225225225,304.7477477477477,18.690374264587835,8.11091022279641,0.9009312261287379
545,55,99.9090909090909,331.27272727272725,9.387032865490335,7.561711562258859,0.5925296515257122
546,24,99.08333333333333,432.7083333333333,5.946055161191016,5.276255534421936,0.46108889311430623
547,17,100.6470588235294,38.0,4.7527082062880375,4.53818859340845,0.2970442628930021
548,72,100.125,164.54166666666666,10.45188098133867,9.045094776036708,0.5010755602444487
549,29,100.41379310344827,252.27586206896552,6.278954609436001,5.8188413370792755,0.375749286386444
550,107,100.53271028037383,553.8504672897196,17.50437773410699,8.195474694803805,0.8836247902799977
551,44,100.95454545454545,573.0,8.32332133161934,6.752655408686399,0.5846392636325655
552,28,101.03571428571429,298.75,6.733299133017147,5.391738685305202,0.5989888869481919
553,72,102.15277777777777,337.8333333333333,12.987023100597339,7.864646405485532,0.7957864862817955
554,52,101.40384615384616,115.13461538461539,9.255669907962561,7.193111884192054,0.6293063289721745
555,66,101.25757575757575,151.8939393939394,9.98645505322338,8.463762172180356,0.5307567777910446
556,7,101.0,325.2857142857143,3.0237157840738176,2.799416848895061,0.377964473009227
557,57,102.19298245614036,124.01754385964912,9.460090693429143,7.769300108551793,0.5705379947351189
558,46,102.45652173913044,139.95652173913044,8.16544197606484,7.214407428041944,0.4683758468352989
559,70,102.37142857142857,316.0571428571429,10.441342935651603,8.64730644307963,0.5604629093362582
560,36,102.75,219.0,7.528643131589766,6.081628010971478,0.5894584690871746
561,46,102.8913043478261,262.7391304347826,8.52267054947947,6.940688757540051,0.5803325940785538
562,86,102.12790697674419,277.6279069767442,12.992779214638816,8.737195239543754,0.7401285066248972
563,47,103.02127659574468,183.17021276595744,8.066211897137158,7.391592327022543,0.40034438566255276
564,47,102.91489361702128,196.53191489361703,8.799221033909603,6.852164693331751,0.6273666514702853
565,33,103.03030303030303,454.57575757575756,7.612938935378667,5.720534923518163,0.6598211626173535
566,94,103.79787234042553,44.0531914893617,12.418986372974208,9.70882629490784,0.6235633252298222
567,64,103.78125,51.734375,11.192575680924955,7.319953440887946,0.7564938562819981
568,39,103.56410256410257,176.07692307692307,7.6367262222576615,6.475356997164964,0.5301191584190774
569,42,103.38095238095238,356.0238095238095,7.938280194614692,6.746094029087781,0.5270761158006934
570,21,104.04761904761905,57.666666666666664,5.309470424672897,5.135797623890577,0.2536731447159204
571,31,103.83870967741936,108.3225806451613,7.589978069557026,5.345010006269301,0.7099823932939082
572,44,103.68181818181819,204.70454545454547,9.16132327447838,6.263820329215952,0.72974031982018
573,24,103.95833333333333,212.70833333333334,6.532502646922718,4.612033565835372,0.7081986022648715
574,29,104.24137931034483,433.3448275862069,7.533380840797501,5.0922189579854455,0.7369438118242532
575,11,104.0909090909091,89.63636363636364,4.346129984141888,3.067356324605907,0.7084437526351621
576,41,104.73170731707317,309.0731707317073,8.220802059582514,6.421046275329138,0.6244397621151361
577,47,104.7872340425532,226.06382978723406,8.558125885478837,7.086910678641833,0.5605930682786288
578,75,104.96,419.36,12.166226122724021,7.9240399164450395,0.7588078648703694
579,45,105.66666666666667,79.17777777777778,8.165711355093652,6.98044340741045,0.5188782193416756
580,32,106.1875,64.5625,6.920188149822773,5.872477839128257,0.5290335769239028
581,96,105.875,409.625,13.523681546196409,9.070650699025585,0.7417075018775092
582,63,106.6984126984127,570.015873015873,11.353985514478577,7.138699925095474,0.7776159451214687
583,36,107.69444444444444,119.58333333333333,8.752939709630422,5.812151767458415,0.747712301418067
584,51,105.76470588235294,296.29411764705884,11.21753566440788,6.254013407282995,0.8301627340269526
585,85,106.55294117647058,458.6588235294118,14.630841423951686,7.796419304248839,0.8461935530501701
586,62,106.66129032258064,551.3709677419355,10.56145256969418,7.638962135717142,0.690547469257508
587,57,107.14035087719299,100.3157894736842,10.79850144919545,6.821602177199553,0.7751986965621884
588,30,107.0,135.83333333333334,6.990430059324153,5.491457894577681,0.6187753851120513
589,40,106.875,241.65,8.001104765345929,6.4321320364214145,0.5947570640680895
590,98,108.10204081632654,270.7040816326531,16.704444715687735,8.204402108270473,0.8710745370901
591,65,107.38461538461539,166.90769230769232,11.582788743905935,7.220513115269149,0.7819166752329679
592,50,108.2,290.66,8.621518884891799,7.439073337281605,0.5054609032305677
593,114,108.12280701754386,427.4561403508772,13.515541697452361,10.967502864453605,0.584389327609238
594,98,108.33673469387755,466.8061224489796,18.578198552106283,6.84717883575017,0.9296040052896
595,47,106.12765957446808,563.3404255319149,10.649387722556112,5.8534426640651205,0.8353946286861087
596,26,108.84615384615384,85.34615384615384,6.371547438102486,5.161975086563814,0.5862083344163539
597,47,107.91489361702128,92.02127659574468,8.510981114690791,7.468633968677829,0.4795233072038691
598,49,107.95918367346938,127.71428571428571,10.31271381477811,6.10694257399368,0.8058085845918957
599,68,108.32352941176471,232.97058823529412,12.050027882648594,7.541415821638896,0.7799497131774764
600,6,108.5,451.6666666666667,3.8297084310253524,1.8856180831641272,0.8703882797784891
601,89,108.75280898876404,484.92134831460675,14.267763549818829,7.984909888662917,0.8287311553569179
602,68,108.45588235294117,111.66176470588235,12.159048213609342,7.2883114817759,0.8004386871647309
603,41,108.90243902439025,220.5121951219512,7.552214261572478,7.059304509073285,0.3553506244523441
604,33,109.57575757575758,37.96969696969697,6.931262728962418,6.225766470749123,0.43955569934994065
605,54,109.5,207.27777777777777,9.307099916484193,7.502764250027686,0.5917338213953558
606,20,109.1,436.2,5.440588203494177,4.732863826479693,0.49319696191607204
607,32,109.625,55.78125,6.751628170386682,6.074528133842248,0.43648182661391755
608,58,109.93103448275862,177.55172413793105,10.209188027472667,7.282368028349508,0.7008434641051684
609,54,110.14814814814815,214.35185185185185,9.913081647754732,7.0442226594529,0.7035975601267053
610,82,108.98780487804878,144.09756097560975,12.123642876912445,8.711314699723067,0.6954862871091203
611,27,111.14814814814815,151.62962962962962,7.152928618284609,4.829771822559934,0.7376200637930852
612,105,111.14285714285714,198.66666666666666,12.704220964096478,10.711959687797929,0.537629558574826
613,53,111.62264150943396,303.35849056603774,11.501363564310509,6.080205848528704,0.8488393594746949
614,37,111.05405405405405,61.32432432432432,7.646679095406449,6.126034509523596,0.5984815322326344
615,41,111.90243902439025,226.70731707317074,7.343714024366534,7.174523716784732,0.2134169630163044
616,45,112.22222222222223,238.17777777777778,8.260893150478362,6.96464545628048,0.5377783644453362
617,97,112.0721649484536,247.56701030927834,14.54463863057661,8.689925855261432,0.8018943060989698
618,48,112.0,276.4166666666667,9.729576691008281,6.262924740301229,0.7652782563184154
619,52,112.51923076923077,134.76923076923077,9.544096371374305,7.150465674706957,0.6623404399223651
620,90,111.22222222222223,283.7888888888889,13.331586539836756,8.710723366369253,0.7570215983084955
621,22,112.9090909090909,66.9090909090909,5.502816709244202,4.972652484064489,0.4282593998234223
622,50,113.64,43.2,8.869635923302187,7.28120584711539,0.5710522388124296
623,41,113.39024390243902,171.8780487804878,8.283857390019312,6.440776047449474,0.6288714571805083
624,113,114.43362831858407,103.15929203539822,15.69236828122569,9.397731591816608,0.8008442052739089
625,91,114.31868131868131,189.95604395604394,12.249316124827205,9.763779126966547,0.6038635691631364
626,114,113.8859649122807,264.14912280701753,14.716198825341728,9.975029086449627,0.7352219242942533
627,30,114.06666666666666,294.1666666666667,7.423948774605715,5.096020902280008,0.727195917390098
628,49,114.55102040816327,114.85714285714286,8.394972322478392,7.672714349829287,0.40579209328247184
629,134,114.82835820895522,471.6865671641791,17.837896706392,9.901256539270486,0.8318045669653845
630,74,114.9054054054054,569.7567567567568,13.362755300617277,7.235117426307938,0.8407400097363253
631,49,113.91836734693878,121.83673469387755,9.51247135949576,6.546550882068806,0.7255142364972067
632,26,115.0,165.5,6.201736729460423,5.203549084703927,0.5440588203494177
633,41,115.09756097560975,220.41463414634146,9.014268765913885,5.904601167850707,0.7556043428593402
634,29,114.93103448275862,454.8965517241379,6.529723608138124,5.718530570375583,0.48273012691395734
635,136,114.77941176470588,544.4044117647059,14.753162993900053,11.772676491742406,0.6026886430268883
636,38,114.73684210526316,85.07894736842105,8.780630946447252,5.544853066453,0.7753865780794704
637,66,115.60606060606061,436.1666666666667,10.03286096143819,8.692856820284275,0.4992838442483256
638,136,114.23529411764706,557.3676470588235,14.218231117399371,12.498208899339307,0.47677201177468115
639,47,116.04255319148936,148.59574468085106,8.419527716243097,7.216983034298461,0.5150303284640575
640,33,115.57575757575758,209.33333333333334,7.023245561994378,5.976077939810085,0.5253280918441942
641,104,115.89423076923077,419.36538461538464,12.441733023482655,10.782986877465824,0.49886648489874375
642,36,116.77777777777777,429.69444444444446,7.396617618229186,6.489777215246202,0.47976329407098606
643,19,116.89473684210526,232.57894736842104,5.54469823377709,4.2956952169149805,0.6322808964466018
644,52,117.26923076923077,141.05769230769232,9.52062692284689,7.026764153951155,0.6747385044474722
645,59,117.37288135593221,181.16949152542372,10.188795995134335,7.497733954444994,0.6771116800614267
646,107,118.06542056074767,255.6355140186916,16.019159983913376,8.691810830389834,0.8399986892934452
647,68,118.1029411764706,461.44117647058823,11.280727546889334,7.672888223772912,0.7330481799900572
648,43,117.67441860465117,520.7209302325581,8.819423181565737,6.192367181035354,0.7120503905575137
649,62,117.98387096774194,36.46774193548387,10.060937364571437,8.130901942670397,0.5889555248440763
650,75,117.52,298.97333333333336,13.723046454882232,7.124152690158999,0.8546905307956884
651,65,119.0,444.3538461538462,11.155382053792097,7.414143392182968,0.7471772855134567
652,46,120.15217391304348,1.5,12.859091416150028,4.719455217937894,0.9302157664791091
653,78,118.8974358974359,8.294871794871796,12.348685531352485,8.20267021477568,0.747506474183477
654,21,118.61904761904762,125.04761904761905,5.565415612597237,4.879623915623534,0.4808986448813225
655,112,119.20535714285714,483.11607142857144,14.234239431540859,10.09577600344272,0.7049470318763444
656,59,119.54237288135593,238.5084745762712,9.665085399365704,7.879192311366907,0.579148290924786
657,26,119.92307692307692,425.9230769230769,7.241054972383397,4.8667716283166556,0.7404530472121745
658,72,120.40277777777777,566.2222222222222,12.265429658603633,7.553960663757753,0.7878445733101009
659,54,120.83333333333333,98.74074074074075,9.756962597328107,7.150779150943008,0.6803472813345411
660,60,120.13333333333334,131.11666666666667,9.77813484918985,7.807209701007359,0.6020803925618481
661,56,120.75,169.73214285714286,8.823692718141551,8.088452204267126,0.3996351550229696
662,31,120.09677419354838,175.74193548387098,7.784535548236844,5.142340925105635,0.7507519958306916
663,45,120.53333333333333,452.68888888888887,8.477675777186542,6.817162516394138,0.5944520316885235
664,21,120.61904761904762,41.95238095238095,6.668219741422056,4.05150145923872,0.7942556750315853
665,64,120.734375,48.796875,9.955108767716595,8.343065798789567,0.5455645976870334
666,88,121.18181818181819,247.14772727272728,11.670253443657556,9.882021964887448,0.5319589793892765
667,30,120.8,475.5,7.363376870991259,5.1968594095297265,0.7084398337620643
668,97,120.51546391752578,531.340206185567,15.574218514591161,8.25872897349853,0.8478212763538462
669,78,121.51282051282051,112.15384615384616,10.81966649869325,9.336427228806736,0.5053530809340121
670,24,120.70833333333333,119.95833333333333,5.773502691896256,5.286250509051235,0.40207793606049363
671,84,122.01190476190476,57.19047619047619,12.414510275957264,8.69384163957203,0.7138518139258093
672,31,122.61290322580645,138.61290322580646,6.842360559258245,5.747369664856796,0.5426346349837301
673,70,121.52857142857142,155.21428571428572,11.536507020793632,7.898722813576249,0.728851366397973
674,45,122.66666666666667,32.55555555555556,9.793586567960874,6.292204301781889,0.7663006721094191
675,55,121.8,162.36363636363637,12.679842189521908,5.780255540625863,0.8900505770047477
676,56,122.30357142857143,186.21428571428572,9.544275010508567,7.900121300625583,0.5611206298355296
677,53,124.62264150943396,561.1132075471698,10.513245557961856,6.630939137652468,0.7760085656925528
678,59,123.57627118644068,12.491525423728813,12.062145254539606,6.4337762557195415,0.8458721261844449
679,26,123.5,87.0,6.201736729460423,5.203549084703927,0.5440588203494177
680,88,123.26136363636364,435.5113636363636,14.77126379634676,7.756885327950053,0.8510198683574686
681,35,122.85714285714286,597.3142857142857,8.935860062758254,5.1116710035961965,0.8202255981409886
682,78,124.61538461538461,145.25641025641025,12.115510838011456,8.494384502375548,0.713046744229142
683,40,122.575,553.075,8.885674803427225,5.697787578327093,0.7673462632724394
684,33,124.57575757575758,578.4545454545455,7.038819446131375,5.992152631961746,0.5246779453796027
685,31,124.96774193548387,43.45161290322581,6.519682083983361,6.27495968855459,0.2714091619314929
686,59,124.9322033898305,104.40677966101696,9.70386865466482,8.146662706511703,0.5433174974037662
687,65,125.81538461538462,548.9076923076923,14.779967418802896,5.865949866206895,0.9178682708652126
688,39,127.6923076923077,4.897435897435898,8.08702266223724,6.420642767401785,0.6079909491136894
689,26,127.84615384615384,32.30769230769231,6.156270277184899,5.510053657074091,0.44600363574289537
690,24,127.83333333333333,159.16666666666666,6.437231429104746,4.933541254101748,0.6423549080333486
691,40,128.15,184.525,9.217159167525937,5.956003431873809,0.7631795738722469
692,137,128.22627737226279,424.6350364963504,15.912723836696982,11.218262864902561,0.7092202625001429
693,120,126.91666666666667,464.6166666666667,13.720723181744956,11.897319017928828,0.49812396573514817
694,100,128.68,475.17,12.901885555308262,9.907600573182592,0.6405471916454321
695,65,127.8,584.4461538461538,10.840582264946018,7.766496156406078,0.6976610844964402
696,61,129.21311475409837,97.62295081967213,10.243467100078552,7.673963133606432,0.6623926889586129
697,38,128.6578947368421,168.89473684210526,7.841053761444786,6.361447509355688,0.5846299576224877
698,76,129.17105263157896,192.18421052631578,10.702194727868019,9.22407321207678,0.5071018599907671
699,119,128.9579831932773,532.0252100840336,13.659632137169622,11.983093169378865,0.4800095881583977
700,107,128.86915887850466,544.0467289719626,19.04258558931973,7.674819987468738,0.9151847618864166
701,58,130.0344827586207,440.7413793103448,9.250079431865519,8.049542025363337,0.49267518256417275
702,68,130.60294117647058,557.1617647058823,9.922121663024313,8.826349351833647,0.45681309086026356
703,169,131.24852071005918,52.69230769230769,18.408316368859758,11.79023295343059,0.7679714750170464
704,40,130.95,163.175,7.7546595623558074,6.733146001087726,0.4960901865554537
705,57,131.03508771929825,179.35087719298247,9.943871354527765,7.276980736988253,0.6815134369050693
706,53,131.39622641509433,433.7169811320755,9.678292565128633,7.146008262285426,0.6744131003136093
707,94,130.32978723404256,595.063829787234,15.066813337195242,8.071136282272388,0.8444149312958305
708,29,131.48275862068965,1.7241379310344827,7.634275024704116,5.004719237383718,0.7551437834248194
709,74,130.94594594594594,107.17567567567568,15.339298805876423,6.413918036307491,0.9083842872999206
710,176,132.3409090909091,572.3636363636364,15.406457755252816,14.645273457406725,0.3104394182194357
711,46,132.7391304347826,155.1304347826087,8.772020729014448,6.6948508953684165,0.6461563171388366
712,73,134.8082191780822,539.9041095890411,11.943313576595147,8.30693835187455,0.7184966131929773
713,33,134.27272727272728,582.7272727272727,6.974278428582846,6.1799187958636645,0.4634911823103393
714,59,134.6949152542373,172.61016949152543,10.603028735461102,7.2153897231576325,0.7327455698223537
715,101,136.02970297029702,481.65346534653463,15.989667558308902,8.441938283565428,0.8492679393292607
716,122,135.4016393442623,68.50819672131148,13.401423123319352,11.759199508368276,0.47965162385976223
717,38,135.39473684210526,109.42105263157895,9.267907105836363,5.205002157739748,0.8273982130589764
718,36,135.38888888888889,469.3611111111111,7.813048523737876,5.944660529845257,0.6489123995044052
719,34,136.6764705882353,165.58823529411765,7.268802793221763,6.035231687697314,0.5573280336023811
720,68,136.85294117647058,493.0,12.302151196102896,7.18367404842656,0.8117993994380925
721,63,136.65079365079364,500.1904761904762,11.710752523057579,6.836618586770027,0.811904796315711
722,52,136.40384615384616,563.0384615384615,9.297300483469867,7.179307225685569,0.6353884560686964
723,62,137.2258064516129,39.516129032258064,10.3862935488433,7.6082568496470255,0.6807362790539656
724,51,137.13725490196077,76.92156862745098,8.82594764466197,7.3335689356029,0.556406708603192
725,35,137.62857142857143,101.77142857142857,7.1621444224050315,6.347361136335436,0.46323109980150984
726,85,136.9294117647059,149.04705882352943,11.379342194292905,9.598780755201718,0.5370869963238437
727,29,136.6551724137931,159.72413793103448,6.538990014991862,5.6002583663015235,0.5162451143930842
728,106,137.39622641509433,197.4245283018868,12.903905339445336,10.583867009490369,0.572067566442078
729,39,137.17948717948718,474.35897435897436,8.916240720749567,5.972184637569067,0.7425327928558308
730,50,138.08,3.1,8.447399204871525,7.6563076396874195,0.4225258523679719
731,51,138.52941176470588,46.31372549019608,9.917667003092783,6.771645518096905,0.7306182958885711
732,47,137.70212765957447,530.3191489361702,8.061997342741718,7.54261396758477,0.35312449914905636
733,50,139.32,185.14,8.326512669451148,7.636569044110681,0.39856763014820595
734,86,138.93023255813952,553.9418604651163,10.938480596538005,10.1263646197017,0.37812131766117935
735,148,140.40540540540542,588.2702702702703,20.66830855772076,9.560387374664423,0.8865866025961502
736,32,140.5,170.0,7.088471474321382,5.72307366348993,0.590034981678183
737,52,140.76923076923077,53.51923076923077,10.402709457844907,6.480939040517718,0.7822179271738815
738,112,140.50892857142858,385.70535714285717,16.76935627306479,8.691446439312081,0.8552028802024179
739,34,140.1764705882353,486.2352941176471,7.260318023377879,6.021348713610783,0.5587286215893722
740,65,141.43076923076924,176.76923076923077,11.269393220767643,7.484015003841731,0.7476428944121303
741,151,140.73509933774835,425.9337748344371,16.077089142723416,12.185779210195486,0.6523018485803551
742,86,141.5,108.9186046511628,14.719299260835545,7.684411461741299,0.852906512763689
743,63,141.1904761904762,368.5079365079365,9.618143601796168,8.360259204271697,0.4944298262553693
744,110,142.27272727272728,121.81818181818181,13.844178771705677,10.180269529377547,0.677691231689435
745,51,142.31372549019608,161.94117647058823,9.665314544599163,6.768625975707292,0.7138480311242836
746,73,142.6986301369863,396.90410958904107,11.134669596422956,8.401381808737769,0.6562717963134312
747,64,142.625,569.453125,11.504970437569389,7.506696942108056,0.7578108964877913
748,94,142.69148936170214,579.1382978723404,12.629946230059536,9.516851895234925,0.6574308997833427
749,82,142.71951219512195,595.7560975609756,12.545053018003903,8.3940357592828,0.7431622784624405
750,25,143.0,41.12,6.984338278322687,4.555065182185267,0.7580617497013497
751,42,143.16666666666666,405.9047619047619,7.528828853278441,7.215296270450552,0.2855771263626825
752,164,140.8170731707317,513.390243902439,17.979507605473966,12.121715947831353,0.7385522769109066
753,55,143.85454545454544,192.45454545454547,9.674711328614029,7.210549689426588,0.6667307261037806
754,31,143.58064516129033,74.45161290322581,6.425754631219991,6.06314329004941,0.33117581336027324
755,116,143.95689655172413,522.25,17.552082457894876,8.79644436666863,0.8653532311894304
756,49,144.71428571428572,3.3877551020408165,8.670631152684567,7.259490711700871,0.5468194533313483
757,42,144.14285714285714,100.26190476190476,9.645291442263758,5.556766150014566,0.8173709082072375
758,114,144.91228070175438,63.94736842105263,16.799161811534596,8.770346168180458,0.8529023582485123
759,20,145.1,168.85,5.679582454964159,4.563150571399469,0.5953983585689405
760,113,145.23008849557522,206.57522123893804,14.056970897598763,10.401425368262778,0.6726642415832418
761,56,145.55357142857142,374.7857142857143,10.320201881657388,7.020274171880035,0.7329840564200907
762,64,144.90625,473.5,10.124361610572638,8.053364326687513,0.6060268861835819
763,96,145.65625,533.6979166666666,13.829802690312585,9.680867545623773,0.7141424415275028
764,189,147.1957671957672,543.1005291005291,22.247462209178487,11.216973944709009,0.8635920718923548
765,30,145.5,551.0333333333333,7.0569751925031285,5.800688754043292,0.5695171155958929
766,45,145.48888888888888,467.0,8.831160534938013,6.796058127715596,0.6385813033949439
767,78,145.48717948717947,560.9230769230769,10.86276859047108,9.212888424334533,0.5298104946272048
768,43,146.3953488372093,182.1860465116279,8.708482891221717,6.426021173617466,0.6749060872932918
769,67,146.28358208955223,416.7313432835821,10.915946888425266,8.026856828839488,0.6777058829965406
770,51,146.37254901960785,488.8235294117647,9.488401049468704,6.959005810050056,0.6797731918993736
771,70,147.14285714285714,50.98571428571429,11.550713473095419,7.795223412986333,0.7379371606038612
772,105,147.14285714285714,215.94285714285715,12.28976844341863,10.967135186190859,0.4512861090095983
773,68,146.89705882352942,382.3970588235294,12.714401940571674,6.851719449755272,0.842373357085025
774,72,147.125,481.65277777777777,11.12837579609203,8.204484939873277,0.6756112253780078
775,63,147.20634920634922,495.73015873015873,11.32150345342541,7.127597595652086,0.7769495869696896
776,59,147.25423728813558,110.89830508474576,12.515361766233026,6.139339404011835,0.8714162539276709
777,26,148.34615384615384,422.2307692307692,6.376623886158665,5.345038544785247,0.5453262261414672
778,42,148.83333333333334,9.571428571428571,8.864089275653846,6.168038696262367,0.7181912811761875
779,76,149.5921052631579,175.44736842105263,11.891418494718147,8.328353931171861,0.7137831871181642
780,66,149.5151515151515,410.3787878787879,11.486829679894672,7.811921272604455,0.7331412891003427
781,42,149.66666666666666,198.0,7.440771422714137,7.144761650861353,0.27925194963714517
782,65,149.64615384615385,402.16923076923075,12.220191776433492,7.675484792072817,0.7781337967678632
783,45,150.86666666666667,18.2,7.94333477461271,7.228115582961486,0.41469639832860117
784,35,151.05714285714285,441.0571428571429,6.887551622088852,6.48514786702222,0.33680279593260176
785,89,150.67415730337078,570.561797752809,11.419201758700833,10.016802604293165,0.4801445378768425
786,87,150.80459770114942,38.10344827586207,11.743186159633645,9.664750135227424,0.5680280559435456
787,53,150.8679245283019,59.905660377358494,10.501481085989932,6.6229472610352245,0.7760528148045561
788,81,151.02469135802468,116.04938271604938,15.228901289895045,6.851669336494452,0.8930727640323008
789,63,149.6984126984127,45.38095238095238,13.436753174368008,6.319047278867876,0.882516828104663
790,110,151.25454545454545,273.1181818181818,15.337735273983146,9.271808812129605,0.7965978260504483
791,147,152.0748299319728,368.0816326530612,16.78409475834699,11.927330544120661,0.7035629535468261
792,61,152.81967213114754,2.622950819672131,11.249945126662483,7.074858522820383,0.7775028776028143
793,122,152.81147540983608,189.97540983606558,15.42147070541454,10.295306928346099,0.7445240315030784
794,42,151.0,391.76190476190476,10.063324123933803,5.443528442813326,0.8410692443836643
795,37,153.0810810810811,24.594594594594593,8.027631234371578,5.905620024005672,0.6773492547175646
796,165,152.0969696969697,501.5272727272727,19.750452904933493,11.436768927975061,0.8152823522527343
797,110,152.8181818181818,552.9090909090909,13.015396020048922,10.913383791479967,0.5449046435526169
798,31,153.29032258064515,30.193548387096776,6.799734978568975,5.908672232497779,0.4948889060357739
799,70,153.82857142857142,510.45714285714286,11.647511995769811,7.764857714653016,0.745367532684401
800,59,153.45762711864407,380.4237288135593,11.60836425595678,6.507258578294577,0.8281095025044561
801,61,154.4262295081967,418.75409836065575,11.110715363334927,7.014439886452134,0.7755207519128778
802,45,154.13333333333333,519.0222222222222,7.9382872830288695,7.228195133547885,0.41340238404989244
803,19,154.6315789473684,577.5263157894736,5.384683087037773,4.563152700425969,0.5309039681895799
804,86,154.12790697674419,457.22093023255815,13.179528250255132,8.548173067467138,0.7611339086902633
805,89,155.38202247191012,562.8651685393259,11.214520739582744,10.297356932936427,0.39607907168637757
806,64,154.890625,9.96875,12.773076009061556,6.587222329384071,0.8567622992236383
807,44,155.54545454545453,51.61363636363637,9.602538739483013,5.9625145983251375,0.7838651756123685
808,64,155.0,69.203125,10.427923244050483,7.990510657410555,0.6425294658524866
809,36,155.83333333333334,175.97222222222223,8.11833411510004,5.722497023438035,0.7093209812877391
810,85,155.8,399.3411764705882,12.725409356317792,9.084395436745579,0.7002696384230469
811,160,155.9875,124.35,17.90627010706632,11.593230389015096,0.7621166690918477
812,47,156.08510638297872,284.4255319148936,10.82463077648916,5.862374257054679,0.840650958106501
813,21,156.0,408.85714285714283,5.617789656021407,4.712658152645074,0.5443145459415236
814,117,156.26495726495727,486.8205128205128,13.879163303235872,10.777638351317917,0.630075691578876
815,79,155.7594936708861,527.0253164556962,11.285023915193701,9.08558918260753,0.5931371223459058
816,33,156.87878787878788,43.63636363636363,7.564804780020065,5.704748918997137,0.6567399366687916
817,65,156.0,212.36923076923077,11.004910632982986,7.5754579572348755,0.725359076056955
818,42,156.38095238095238,437.0952380952381,7.761090602262969,6.856576273647456,0.4685155421103728
819,35,157.34285714285716,114.54285714285714,8.299787481171812,5.8116049639647365,0.7139356682370364
820,137,156.6934306569343,262.94160583941607,16.010640572274802,11.040683613880791,0.7242055859658092
821,33,157.0909090909091,19.272727272727273,7.316754541828807,5.861306180124185,0.5985572108648923
822,121,158.38842975206612,220.8099173553719,17.164866216029708,9.10698665375178,0.847647557077752
823,92,157.58695652173913,389.94565217391306,14.456343029488636,8.31304840675183,0.8181217500504553
824,3,158.33333333333334,539.6666666666666,2.3094010767585034,1.3333333333333333,0.816496580927726
825,57,157.4561403508772,183.140350877193,10.348252346845292,7.01922183373453,0.7347848752020005
826,65,158.12307692307692,204.8923076923077,9.432663882965093,8.78880406671334,0.36312235141073673
827,18,159.55555555555554,79.05555555555556,6.456467181247288,4.054317245554442,0.778256349021872
828,90,159.5,62.9,11.931806815400277,9.886286096741998,0.5598918188135237
829,64,159.1875,276.4375,12.735438984342174,6.417444497313363,0.8637593969054401
830,65,158.8923076923077,468.84615384615387,11.162713518061505,7.726001878086478,0.7217769011620905
831,31,159.58064516129033,88.06451612903226,7.451545091961629,5.2714031474633884,0.7067892437270586
832,56,160.14285714285714,13.267857142857142,9.97403272548205,7.438406797211952,0.6661953755912552
833,81,160.45679012345678,289.58024691358025,10.713468224481788,9.684010019542,0.4277229102359881
834,44,160.1590909090909,442.8636363636364,9.55790416724305,5.903649676263479,0.7864358296671765
835,127,161.24409448818898,34.39370078740158,13.797337602853819,11.8930337044182,0.5069417127725884
836,14,161.21428571428572,164.64285714285714,4.742873420478221,3.686025552052299,0.6292889820590859
837,53,161.66037735849056,383.9622641509434,10.022357939460434,6.842231819965955,0.7307017600028402
838,48,160.89583333333334,518.4791666666666,8.30829114876499,7.334285420666268,0.4698110130465838
839,32,161.15625,197.625,7.989858990554538,5.3871632898079875,0.7385030747643265
840,53,161.33962264150944,495.5660377358491,10.888108434372112,6.221224453690681,0.8206870923999576
841,23,161.34782608695653,559.5217391304348,6.311968761067364,4.694874661892342,0.668396550069399
842,50,162.1,129.5,9.955604502346867,6.481198885457132,0.7590690847908421
843,68,162.16176470588235,190.4558823529412,10.852493775812,8.13905031878023,0.66147126196365
844,125,163.048,375.64,17.74996785523875,9.129084134675889,0.8576010348858012
845,16,162.0,405.5,4.898979485566356,4.0,0.5773502691896258
846,50,162.28,413.0,9.20823387435346,6.953706128044918,0.6555384896996702
847,35,162.74285714285713,42.628571428571426,7.296697001192334,6.211169055504454,0.5247924333627983
848,88,162.01136363636363,22.602272727272727,15.454689962450146,7.560750945425832,0.8721601431964524
849,92,162.47826086956522,73.03260869565217,14.754963682055415,8.172405472226236,0.8325998361552545
850,66,162.84848484848484,457.56060606060606,10.86577335519166,7.842760382803588,0.6921165577150131
851,44,163.5681818181818,503.3863636363636,8.46901404139141,6.714589974234244,0.6094272504495278
852,58,163.82758620689654,83.65517241379311,11.457101741098148,6.508202394666312,0.8229943006315174
853,77,164.36363636363637,269.12987012987014,11.431679103357268,8.716083491303142,0.6470471618471646
854,74,164.3918918918919,48.54054054054054,11.948526178709328,8.130221944222827,0.7328063787371634
855,83,165.24096385542168,212.19277108433735,11.435791609223141,9.248265093648968,0.5882044286724556
856,98,162.27551020408163,366.51020408163265,20.469596829202498,6.635084300574153,0.9460079647092902
857,81,165.17283950617283,478.1604938271605,10.800668218590348,9.65509657722214,0.44819639850549364
858,55,164.6727272727273,548.2727272727273,9.32356828793755,7.5162853494625566,0.5916979635532092
859,33,165.54545454545453,27.757575757575758,7.902195159097472,5.368832819680789,0.7337585693312241
860,45,165.2888888888889,430.44444444444446,8.386260124774598,6.813169827248119,0.5830719472047383
861,106,162.70754716981133,56.33018867924528,17.586928039048892,9.40705963508686,0.8449221480774597
862,85,166.08235294117648,465.9647058823529,12.71110202550343,8.687687435612744,0.7299763526789538
863,48,166.41666666666666,560.1458333333334,9.51003729434848,6.385488895760358,0.7410523050801887
864,72,167.52777777777777,202.52777777777777,11.959847529743646,7.9473000402326806,0.7472896504521894
865,90,167.05555555555554,397.1666666666667,12.912711739118231,8.917600794916757,0.7232308494670472
866,144,166.14583333333334,229.59027777777777,20.651039532263873,9.732962236194885,0.8819696702521574
867,51,167.35294117647058,236.7058823529412,9.603351321152658,6.9116589754099955,0.6942714670607232
868,88,167.8409090909091,363.3068181818182,17.767800867130028,6.662889412351075,0.9270256285124266
869,34,167.52941176470588,592.5588235294117,6.945163361480208,6.225297202504919,0.4433471229737119
870,25,166.88,597.64,7.3629163785066245,4.35929609032455,0.805893106365702
871,57,166.68421052631578,419.94736842105266,12.514331836605622,5.929175175230776,0.8806374320355361
872,65,167.6,438.55384615384617,9.949754507700058,8.29433509715866,0.552335241979329
873,49,169.40816326530611,223.77551020408163,10.620149575344868,6.07316996520681,0.8203557438912579
874,106,168.0,259.52830188679246,14.658191784022563,9.492403791956438,0.7619944572297002
875,72,168.5,575.7083333333334,10.929750893227748,8.554497898817681,0.6224242526835146
876,59,169.11864406779662,446.2542372881356,9.805584453235689,7.632307794080713,0.6278140320240038
877,57,168.96491228070175,79.85964912280701,11.712130236535566,6.4044866182632285,0.8372468726973756
878,87,170.35632183908046,90.44827586206897,12.926213498347566,8.819369767708071,0.7310857091230181
879,63,168.96825396825398,191.77777777777777,11.884644997907708,7.13896616214731,0.7994833776542857
880,66,169.53030303030303,286.72727272727275,11.453829473894857,7.633589065875063,0.7455353357236609
881,84,169.88095238095238,322.64285714285717,12.752078157401684,8.667002305951794,0.7335327486896541
882,137,169.94890510948906,340.55474452554745,16.90866984958578,10.535647214718983,0.782149010339634
883,33,169.93939393939394,529.5757575757576,7.222769176061988,5.756349017042373,0.6040154796483689
884,25,170.56,407.52,5.905847109459932,5.536873659357215,0.34792049208224674
885,35,171.22857142857143,198.0,7.606437590322671,5.879058740506182,0.6345209418119586
886,165,169.63030303030303,278.630303030303,19.506846687444593,11.31719939301809,0.8144986167598922
887,28,171.96428571428572,595.5357142857143,8.526656527412385,4.322485808603263,0.8619825470921975
888,68,171.25,64.30882352941177,9.682933136957722,9.085063770820618,0.34594350350766756
889,61,172.11475409836066,569.8196721311475,11.680634951874529,6.775968420835126,0.8145433095098306
890,98,172.46938775510205,23.214285714285715,11.468743683729915,10.911698743195819,0.307867329153657
891,48,172.75,56.729166666666664,8.77188518782456,7.062607106480792,0.5930830257954145
892,5,172.2,400.4,3.098386676965933,1.7888543819998317,0.816496580927726
893,108,172.5648148148148,40.7962962962963,14.990548274374303,9.327205815899243,0.7828537312259158
894,55,174.27272727272728,209.94545454545454,11.559945643637656,6.34485961176465,0.8359104364712807
895,137,172.8832116788321,313.59124087591243,18.562231853583693,9.5503354069161,0.8574882094100226
896,75,172.97333333333333,32.48,11.304781365915249,8.461529047661003,0.6631447551236732
897,43,173.53488372093022,217.06976744186048,7.934561634998009,6.85506333810634,0.5035778548266563
898,146,174.23972602739727,301.36301369863014,17.892850520494036,10.629314352074797,0.8044253736715032
899,49,173.16326530612244,562.795918367347,8.521634910824154,7.412281814906883,0.4933705786288195
900,72,174.20833333333334,48.916666666666664,10.269203467676647,8.954459728445196,0.4895554292894565
901,99,174.11111111111111,332.34343434343435,15.30777194245162,8.529897425726043,0.8303604862779798
902,127,172.59055118110237,357.56692913385825,18.524468063954725,9.404905218227345,0.8615328856613808
903,21,174.0,425.0,5.0896720822428145,5.0896720822428145,0.0
904,79,173.62025316455697,458.39240506329116,12.705229574189785,7.903438430937902,0.7829681172696484
905,96,174.21875,74.71875,13.169317842116085,9.480039604698721,0.6941212950286519
906,175,175.26285714285714,349.81142857142856,25.380650538510874,8.995212256979276,0.9350892956045476
907,36,175.33333333333334,512.0,8.261290749021539,5.751904770896721,0.717801591970552
908,51,174.31372549019608,587.9607843137255,10.16763640382644,6.659813694161169,0.7556278669339158
909,124,175.6290322580645,120.12903225806451,16.79757597124894,9.50478412162828,0.8245132794313988
910,36,175.55555555555554,408.94444444444446,7.31864033912067,6.3337600153680205,0.501032425467274
911,48,175.89583333333334,234.04166666666666,10.685914343695748,5.883013322295691,0.8348094002408041
912,150,175.6,479.4866666666667,16.883554969125317,11.365857959700154,0.739468607298952
913,37,176.45945945945945,263.4594594594595,7.534570250017613,6.412768821641808,0.5249829360601693
914,11,176.45454545454547,269.6363636363636,3.9999999999999996,3.468869823334348,0.49792959773196893
915,54,176.27777777777777,578.1481481481482,8.858158305251452,7.903531873510289,0.45157739568700755
916,94,177.19148936170214,87.2872340425532,14.872582306437753,8.25430753957481,0.8318492543428526
917,57,177.2280701754386,204.6140350877193,11.731371151243698,6.252119382912288,0.8461529025925426
918,51,176.80392156862746,323.6078431372549,9.933487087265714,6.713689268869126,0.7370260862313176
919,11,177.36363636363637,503.45454545454544,4.0,3.468869823334348,0.49792959773196904
920,32,178.28125,343.6875,7.488531669386796,5.440015481282292,0.687223324580469
921,49,177.10204081632654,371.6938775510204,8.94316242566925,6.9507594541973265,0.6292351992514179
922,5,178.4,509.2,3.098386676965933,1.7888543819998317,0.816496580927726
923,43,177.13953488372093,547.7906976744187,8.897158310411482,6.266577639213569,0.709868002748612
924,90,178.17777777777778,555.3111111111111,11.401244940484231,10.147882293446777,0.455827938673239
925,37,178.40540540540542,109.62162162162163,7.918610285836376,5.977171793841879,0.6559252441198683
926,61,176.95081967213116,239.31147540983608,12.572681291360364,6.4229858915813445,0.8596589161732795
927,35,178.45714285714286,584.5428571428571,7.9698675033320905,5.832875488909997,0.6814485141741192
928,52,177.55769230769232,596.4038461538462,9.625594596114547,7.321767798888204,0.6491549969738085
929,61,176.70491803278688,256.55737704918033,11.208365734515358,6.961872828309011,0.7837060914369192
930,73,179.32876712328766,286.26027397260276,13.739352191950124,6.8630785408369315,0.8663024664983401
931,26,179.30769230769232,280.46153846153845,6.840723507966005,4.958741500842391,0.6888693382478296
932,42,178.9047619047619,452.76190476190476,7.550951951667233,7.079650176320693,0.34775944262182124
933,40,178.925,568.175,8.095416279886182,6.533317323944538,0.5904980270261353
934,148,179.72972972972974,12.804054054054054,16.526513890025626,11.475446828502623,0.7196221712833469
935,52,178.90384615384616,224.84615384615384,9.29600846528866,7.069701289122731,0.649326989604135
936,141,180.68794326241135,247.73758865248226,19.36993021175458,10.389090993432571,0.843994713062162
937,41,179.70731707317074,398.8780487804878,7.674103436340541,6.842268870010317,0.45281403784491775
938,89,178.8314606741573,197.24719101123594,15.28869130541749,7.59458414566983,0.8678964213123503
939,51,180.31372549019608,413.3921568627451,10.846990251791127,5.983111861300115,0.8341141325520953
940,94,180.18085106382978,381.78723404255317,13.132078983428759,9.23008641537442,0.7113226871890537
941,53,180.22641509433961,541.3396226415094,8.296396125984177,8.134154617544137,0.196796589696031
942,30,179.93333333333334,562.1,7.105841171220306,5.651776429136771,0.6061235611179542
943,15,180.73333333333332,100.66666666666667,4.77795383588526,3.981909289096598,0.5526820968472154
944,66,180.72727272727272,426.3181818181818,10.786791071364114,7.807460095868547,0.6900117010660586
945,112,181.82142857142858,309.6875,16.214047215745776,9.198010511809747,0.8235204902195541
946,127,182.1496062992126,528.8818897637796,15.748151142824518,10.875686835892797,0.7232360902462999
947,86,179.45348837209303,293.0348837209302,14.92790901448247,7.840634042622116,0.8509583079526443
948,31,181.48387096774192,337.83870967741933,6.735596198049546,6.097465897474817,0.4248579880716438
949,35,182.22857142857143,122.74285714285715,7.878829920720125,5.779410878348542,0.67964984644099
950,70,182.5857142857143,272.0285714285714,10.270230099652194,8.651526126207038,0.53887031993222
951,33,182.0909090909091,498.6969696969697,6.874549711001055,6.079249859260948,0.4668955992874022
952,54,182.40740740740742,574.2407407407408,8.985414210840396,7.820538507245121,0.49241725195888725
953,68,182.55882352941177,591.5882352941177,10.396480279671453,8.399809307973575,0.5892546001333366
954,35,183.11428571428573,262.1142857142857,7.218877221733897,6.381770548288372,0.4674127376533173
955,79,184.18987341772151,325.9493670886076,12.590746999252236,8.576951734546569,0.7320874026679349
956,50,183.16,508.78,9.09970909809131,7.0321614266251204,0.6346621825209228
957,107,182.71028037383178,518.1214953271028,12.141449477658306,11.455580580056756,0.3313436792966308
958,55,183.63636363636363,82.34545454545454,9.932286124378157,7.074732581788212,0.7018786967302648
959,67,183.8507462686567,213.11940298507463,10.697135722901322,8.124141352310945,0.650543670932394
960,43,184.25581395348837,241.8139534883721,8.176421437497408,6.765931220708314,0.5614760835593557
961,31,183.70967741935485,364.2903225806452,6.385467371178643,6.170656619983661,0.2571953513471688
962,75,184.85333333333332,91.84,11.911396647280117,8.137455712120312,0.7302635456938232
963,46,184.6086956521739,205.67391304347825,7.99471573782934,7.44389363219342,0.36475961063717754
964,74,184.52702702702703,231.54054054054055,10.713905301869774,9.015672873435406,0.5402685179045154
965,44,184.77272727272728,566.0909090909091,8.566209312673676,6.703290803645599,0.6226165442016905
966,50,184.34,580.96,8.863075655855237,7.147775172638423,0.5912795437055446
967,64,184.59375,109.40625,12.494429244473297,6.790286286663503,0.839431760727085
968,29,184.82758620689654,394.8965517241379,7.103536712915951,5.11217140648684,0.6943207788666131
969,43,185.6046511627907,135.1860465116279,8.46952703705988,6.513201207773835,0.6392296144609162
970,53,185.32075471698113,257.0566037735849,12.279643100644597,5.680464865794737,0.8865712752634421
971,54,186.05555555555554,341.4074074074074,11.277321271231308,6.316227297793792,0.8284370166134291
972,15,185.4,402.6,4.618802153517006,4.026578365477733,0.4898979485566355
973,4,185.5,465.5,2.0,2.0,0.0
974,123,186.58536585365854,44.357723577235774,15.243992039014813,10.997105333873167,0.6925125061915395
975,39,186.25641025641025,549.4358974358975,8.04896979331663,6.113791852464178,0.6504203607876518
976,63,187.1904761904762,115.06349206349206,12.918207578971199,6.341998577136863,0.8711962763896063
977,29,186.75862068965517,495.62068965517244,6.446830043171137,5.792146841558894,0.4390782604587036
978,22,186.0,597.9090909090909,7.816067367347156,3.5998163405860595,0.8876253645985945
979,50,187.0,420.26,9.014961397817641,7.368098193961437,0.5761855959250021
980,80,188.5125,3.9375,10.76363566854735,9.709744960336256,0.4315524424235299
981,44,188.3409090909091,252.5909090909091,8.477967013850053,6.738328208658852,0.6068652693819357
982,96,188.11458333333334,300.21875,15.825426750061649,7.889666685016258,0.8668645723620192
983,104,188.31730769230768,333.6442307692308,15.854868838899597,8.416245794467283,0.8474780969560342
984,23,188.56521739130434,363.5217391304348,6.162109498119041,5.060134986292846,0.5706846962451555
985,81,187.90123456790124,371.77777777777777,10.417835713432556,10.054372335281029,0.2618395031095255
986,57,187.4561403508772,448.8421052631579,10.019591738767918,7.342680220857985,0.6804093289406774
987,77,188.46753246753246,123.67532467532467,13.89620468927739,7.102024863838296,0.8595351780438052
988,60,188.51666666666668,278.05,9.170290970152495,8.334345749865143,0.4171404877673913
989,54,188.9814814814815,561.4444444444445,11.02098767904249,6.403239759091708,0.813900582783205
990,49,189.59183673469389,293.42857142857144,10.680051638538599,6.061380101505379,0.8233443026797614
991,22,189.13636363636363,428.6363636363636,6.211883421837128,4.562615810167564,0.678610875953742
992,46,188.82608695652175,587.0652173913044,8.541822595005677,6.868837896779692,0.5944373143851948
993,34,189.76470588235293,226.1764705882353,7.161241084217151,6.061708323123112,0.5324513843588411
994,45,188.95555555555555,264.84444444444443,9.095843263415913,6.342290412228875,0.7168051860216555
995,72,189.15277777777777,286.75,10.993870700099096,8.418578344975492,0.6431359831296058
996,25,189.2,305.88,6.475732183524656,4.873858090595476,0.6584387794994806
997,9,189.0,89.0,3.265986323710904,3.265986323710904,0.0
998,32,190.3125,443.46875,6.636097323074277,6.114252801339377,0.3887038775690792
999,59,189.9322033898305,531.1355932203389,9.966900717083574,7.834406514246814,0.6181725913151727
1000,16,189.5,594.0,4.898979485566356,4.0,0.5773502691896258
1001,35,191.28571428571428,10.742857142857142,8.68163614940997,5.191418536615908,0.8015132783986618
1002,11,190.36363636363637,21.545454545454547,3.9999999999999996,3.468869823334348,0.49792959773196893
1003,55,190.63636363636363,346.3090909090909,9.868657444834328,7.149178782301459,0.689345466028475
1004,61,190.672131147541,356.40983606557376,11.378454599657658,6.9205379390538475,0.7937729254977649
1005,6,190.0,390.5,3.265986323710904,2.0,0.7905694150420949
1006,53,191.96226415094338,435.37735849056605,11.190072240141994,6.206355155335481,0.8320967665573342
1007,35,190.6,538.3714285714286,6.921065208387679,6.4776601385872,0.3521754908507401
1008,59,190.71186440677965,513.2372881355932,9.748363492068272,7.76527441823075,0.6045435327573517
1009,37,191.2972972972973,270.13513513513516,7.482235357520046,6.395654278150061,0.5189929027353344
1010,93,192.0,504.4301075268817,12.441564810876615,9.612394235375511,0.6348890574958095
1011,86,192.0581395348837,212.74418604651163,13.761630377383225,8.151479998464646,0.8056926011535085
1012,103,192.51456310679612,82.54368932038835,15.166389056568189,8.67566123598625,0.8202312402866685
1013,77,192.88311688311688,129.66233766233765,12.64590336452785,7.863236967726741,0.7831751771441032
1014,141,192.63120567375887,201.12765957446808,15.510888841606338,11.641675965270519,0.6608152489070873
1015,26,192.26923076923077,243.46153846153845,6.077926628150692,5.52184394614142,0.41786782426187824
1016,154,191.55194805194805,319.7077922077922,17.677199340757312,11.54227718784998,0.7574034593422257
1017,51,192.2549019607843,414.19607843137254,8.756083086287552,7.459024408458203,0.5237570163866733
1018,47,192.4468085106383,424.3404255319149,8.024074079705937,7.495519877410334,0.3569357208521967
1019,95,192.54736842105262,554.8947368421053,11.698250685258076,10.542688064487187,0.43336354567035307
1020,61,193.36065573770492,42.01639344262295,13.854676981183019,5.866982294409271,0.9059120765189332
1021,61,192.60655737704917,236.44262295081967,9.190878182336755,8.470680552639736,0.3880461231561044
1022,32,193.625,402.5,7.053367989832942,5.830951894845301,0.5626570132619555
1023,14,193.35714285714286,463.7142857142857,4.74024689744533,3.7660484032669737,0.6072856123196265
1024,29,193.51724137931035,259.3103448275862,6.727551656437085,5.628234936100278,0.5478221335230868
1025,27,194.07407407407408,275.3703703703704,6.2877238065280325,5.62702691828737,0.44622115325913636
1026,19,193.57894736842104,431.10526315789474,5.2224693977268695,4.682145799746452,0.4429654639799319
1027,41,193.85365853658536,458.5609756097561,7.780770590684741,6.730629232974315,0.5017136589415343
1028,65,194.64615384615385,113.46153846153847,11.1228532708227,7.628473923773326,0.7277543712885125
1029,56,194.46428571428572,486.76785714285717,9.460703361807711,7.533611085098095,0.6048945266349952
1030,72,194.22222222222223,524.8055555555555,11.380863516670335,8.149491838136926,0.6980287567336974
1031,86,194.3139534883721,94.56976744186046,13.744726983682385,8.140315769396341,0.8057542013162039
1032,93,195.50537634408602,310.0967741935484,16.547653556398878,7.393917545788522,0.894621013649554
1033,55,195.6727272727273,407.9818181818182,10.122403006822553,7.091591949325212,0.7135700987230486
1034,91,194.16483516483515,568.0439560439561,13.222378020519473,8.755519355964186,0.749349819349545
1035,39,195.25641025641025,25.71794871794872,7.946388712196636,6.32186820060218,0.6058683338342241
1036,31,195.25806451612902,542.3548387096774,6.632930606045125,5.915118158963094,0.4524682789019464
1037,42,196.07142857142858,264.5238095238095,7.7151197462042935,6.956020726958967,0.43255215668361163
1038,48,195.875,396.1875,8.736709163743834,6.965922742524582,0.6035613731766304
1039,38,196.44736842105263,119.71052631578948,9.88766870744885,5.068636033850544,0.858614427025129
1040,57,196.859649122807,226.31578947368422,10.922289358618066,7.032746267752574,0.7651185851172722
1041,66,197.46969696969697,303.42424242424244,12.108981436595226,7.062018792906843,0.8123249975007472
1042,22,196.36363636363637,511.5,6.4666979068286325,4.271760045262084,0.7507571935295483
1043,19,196.3684210526316,516.7368421052631,5.212526051472713,4.66479582459468,0.44622584327971115
1044,46,196.93478260869566,351.67391304347825,8.423886543610498,6.9507005100042285,0.5649604126611862
1045,54,197.62962962962962,57.44444444444444,10.234769660812571,6.763583416712574,0.7505235219377963
1046,43,197.58139534883722,532.5813953488372,8.22076744860073,6.773580638826353,0.5666484812975597
1047,41,198.29268292682926,255.97560975609755,7.784793355437784,6.7330479509196985,0.5019485975019518
1048,33,198.12121212121212,342.93939393939394,6.87221657497889,6.14915645542898,0.4464972176784482
1049,16,197.8125,426.375,4.928175409000944,4.230908547595703,0.5127897968540643
1050,24,198.125,441.0,6.077325358632581,4.9815777104569365,0.5727944638276179
1051,47,198.3404255319149,220.27659574468086,8.585216424793412,7.1802624249598885,0.5481928766149256
1052,63,199.03174603174602,211.34920634920636,11.422047079169115,7.172350398337895,0.7782624485547818
1053,21,198.8095238095238,390.9047619047619,5.637580414075711,4.727494722282231,0.5447968914816204
1054,95,200.58947368421053,31.48421052631579,12.65997934460307,9.703672834784173,0.6422632865046158
1055,85,199.68235294117648,43.05882352941177,11.937177687636778,9.184316965738013,0.6387821693512062
1056,59,200.135593220339,279.10169491525426,9.264100966503893,8.131640357787056,0.47910394085462626
1057,63,199.42857142857142,293.1587301587302,9.432030260575871,8.515885289629363,0.42991631268711733
1058,40,199.925,522.425,9.67041536397467,5.320062658296672,0.8350737788585552
1059,16,199.8125,505.6875,5.149449337222181,3.918950308868696,0.6487019053158465
1060,20,201.4,109.4,7.193546317693551,3.678707840424074,0.8593487307404771
1061,73,200.84931506849315,358.83561643835617,10.154723230789271,9.184765769798242,0.4265115046558377
1062,73,201.53424657534248,318.0821917808219,12.944652606202835,7.389890777245764,0.8210309593198027
1063,59,201.3050847457627,471.93220338983053,10.754275818039947,7.020773239938122,0.7574996927718012
1064,49,201.89795918367346,491.59183673469386,10.457117200337656,6.032244620401251,0.8168462750204707
1065,44,201.79545454545453,237.20454545454547,8.164396187059527,6.902184839736246,0.5341328943552232
1066,27,201.77777777777777,395.0740740740741,6.52360211307939,5.372243182743442,0.5673036215181646
1067,66,201.57575757575756,402.8181818181818,10.829560047707014,7.818579104864372,0.6919280555952767
1068,85,200.75294117647059,480.43529411764706,11.846637295728335,9.19472663716803,0.6305525646008586
1069,124,202.57258064516128,93.75,19.336714169197034,8.361245346501551,0.9016806516627358
1070,87,202.51724137931035,128.7816091954023,16.073561638252812,7.095351414130944,0.8972957174337634
1071,42,202.92857142857142,243.5952380952381,7.501595297885376,7.281697613945463,0.24034898244195108
1072,35,203.0,270.1714285714286,7.584612710798594,6.09008704628054,0.596042433224683
1073,110,203.29090909090908,367.7818181818182,13.695251753344415,10.569115152887495,0.6359433607959046
1074,110,202.4,119.8,17.411322013758582,8.877471604958375,0.8602527977458033
1075,40,203.05,261.025,7.320367551247487,6.954294997671789,0.31227241523890925
1076,122,203.05737704918033,592.1229508196722,13.86783927536503,11.471059701127334,0.5619518662024645
1077,51,203.27450980392157,347.72549019607845,8.428366547051091,7.718216436024418,0.40176488823651946
1078,58,204.0,252.5,10.498035827699576,6.987540806246268,0.7463045847044866
1079,48,203.52083333333334,286.6458333333333,8.307532382808917,7.346496908029861,0.46688587783359414
1080,83,203.48192771084337,412.3614457831325,11.816912107280583,9.014046009842646,0.6466239598322346
1081,51,204.52941176470588,220.68627450980392,9.544261222018802,7.025501665398178,0.6768761085596186
1082,17,204.76470588235293,335.7647058823529,4.752708206288037,4.56252221874478,0.2800560168056019
1083,78,204.7051282051282,51.41025641025641,10.114715189242604,9.86411116987914,0.22122048691966886
1084,129,204.8294573643411,497.8139534883721,17.729918729002602,9.831674328100899,0.8321673979933228
1085,69,204.3913043478261,533.768115942029,11.759321024208571,7.619731886303512,0.7616626282491887
1086,40,205.675,2.275,8.17497961977133,6.250576630705635,0.6445069680269888
1087,29,206.06896551724137,266.62068965517244,7.614270177412635,5.124983710837672,0.7395731786774701
1088,36,205.77777777777777,274.9166666666667,7.867704747740628,6.099015284001044,0.6317204767104778
1089,61,206.45901639344262,213.31147540983608,10.37391927759181,7.525869983248159,0.6882636694738872
1090,83,206.36144578313252,386.9156626506024,11.55009284928595,9.162833991225167,0.6088145413685966
1091,23,206.17391304347825,397.5217391304348,6.434715794141473,4.8291128138853,0.6608954008757263
1092,46,207.30434782608697,132.2391304347826,9.824745931376738,6.089120786990959,0.7847804487068092
1093,79,207.72151898734177,140.48101265822785,12.070191098546761,8.398347824304654,0.71824290314662
1094,49,208.26530612244898,227.91836734693877,8.968506885265825,6.925728672976464,0.6353459783503729
1095,39,207.87179487179486,456.12820512820514,7.351063379359722,6.687148025724324,0.41530014054349734
1096,17,208.64705882352942,421.0,4.7527082062880375,4.53818859340845,0.2970442628930021
1097,46,208.2391304347826,567.9347826086956,9.484449181285436,6.2569316347445705,0.751525298694855
1098,68,209.30882352941177,280.9264705882353,10.016719612882243,8.90108656500602,0.4586385480953438
1099,61,208.95081967213116,465.72131147540983,10.312128267969504,7.521659120315092,0.6840881989684308
1100,35,209.17142857142858,527.2571428571429,6.932113004569389,6.43343412168046,0.37242448504866044
1101,57,209.3684210526316,109.45614035087719,9.397063264568645,7.76528786923323,0.5631530376882176
1102,28,209.5,318.14285714285717,6.546536707079771,5.421047417431507,0.5606119105813882
1103,50,209.6,358.88,8.956910396935262,7.123437101657669,0.6062151415117648
1104,77,210.37662337662337,402.38961038961037,10.674216438146262,9.185631587888242,0.5093763219142194
1105,41,210.0,519.9024390243902,8.240421264017021,6.296863041333838,0.6450464738325313
1106,32,210.46875,221.9375,6.7325367892579875,6.131461765459175,0.4130223916641917
1107,92,210.4891304347826,257.44565217391306,13.605556869101068,8.879170735112737,0.7576909379939744
1108,5,210.8,0.4,3.098386676965933,1.7888543819998317,0.816496580927726
1109,34,211.44117647058823,334.97058823529414,7.130299057874303,6.185960053319371,0.4973330685852084
1110,49,211.75510204081633,125.26530612244898,8.687252903784536,7.216542971712409,0.5567131044021
1111,51,210.52941176470588,242.86274509803923,10.625002074624113,6.408476992071424,0.7976272837671359
1112,62,211.6451612903226,248.7741935483871,11.70188293479493,6.972994158820153,0.8030686580896618
1113,74,211.82432432432432,270.05405405405406,12.730655302428545,7.596986202075909,0.8024291060746617
1114,18,212.05555555555554,474.22222222222223,5.033222956847167,4.575835618216445,0.41652044217833617
1115,34,212.55882352941177,289.47058823529414,6.9451633614802075,6.225297202504919,0.44334712297371176
1116,45,212.7111111111111,416.9111111111111,8.076557096898926,7.04089225397865,0.48991711362267537
1117,129,211.5891472868217,93.13178294573643,15.945369056702047,10.889467020315271,0.7304899125883374
1118,47,213.31914893617022,103.93617021276596,8.473612993187809,7.195803917784922,0.5280691262502918
1119,52,213.67307692307693,5.038461538461538,9.756874166695617,7.1031186157371895,0.6855646976554264
1120,87,213.22988505747125,69.59770114942529,11.95695561077442,9.424146605895464,0.615454070952274
1121,55,213.87272727272727,210.83636363636364,9.273676968591964,7.589612721827835,0.5746435207033801
1122,24,214.33333333333334,322.125,6.081140986576509,4.932066489508719,0.5849866175853744
1123,69,213.94202898550725,535.6521739130435,9.975588234772479,8.908855514769522,0.4499263126585855
1124,32,214.84375,330.71875,7.233729249900941,5.6583487997054025,0.6230055841122506
1125,87,215.80459770114942,352.62068965517244,12.676421492612773,8.83462371683079,0.7171356884027191
1126,90,214.66666666666666,363.4111111111111,14.612499570338166,8.052162780437898,0.8344747172989546
1127,32,214.71875,113.6875,7.2798582655857675,5.6281025783990986,0.6342767629842365
1128,58,215.39655172413794,428.91379310344826,9.74953887868083,7.645224934865957,0.6205552570982061
1129,131,214.70992366412213,492.68702290076334,17.853474093678923,9.61809849154742,0.8424821895812622
1130,27,215.03703703703704,528.4074074074074,6.670698761353201,5.128900361012664,0.6394050953723056
1131,75,215.33333333333334,132.58666666666667,12.744758556448321,7.831124256172617,0.7889492032072201
1132,58,214.70689655172413,218.75862068965517,11.63009822677725,6.691701216884959,0.8178877060221954
1133,63,215.36507936507937,394.85714285714283,11.080841896402914,7.248010964916286,0.7564055651370929
1134,79,215.59493670886076,553.7721518987341,12.911698925238731,7.7921916288097135,0.7973640922005008
1135,44,216.0681818181818,406.4318181818182,9.61908705881982,6.004304834994581,0.7812587184587239
1136,126,216.24603174603175,505.42063492063494,15.25872681348997,10.526176027202187,0.7239558696254095
1137,21,216.14285714285714,226.33333333333334,5.5692312854981045,4.822894035696703,0.5000627357089005
1138,57,216.35087719298247,232.21052631578948,8.735527927154855,8.387187074347915,0.27957566266812633
1139,69,216.65217391304347,264.8695652173913,12.650524393953306,7.0661309139418,0.8294612450857493
1140,35,216.45714285714286,472.0857142857143,7.419349258830943,5.933491198272273,0.6003571354281745
1141,50,217.3,284.36,10.212158096593551,6.352812527548627,0.7829511009629175
1142,48,216.875,479.2291666666667,8.474046346943252,7.21805103418367,0.5238942980093052
1143,17,218.11764705882354,249.76470588235293,5.79892953879385,4.011069580533687,0.7221932106880705
1144,60,217.43333333333334,278.2,10.66922015418988,7.182615367931843,0.7394522295401361
1145,28,218.42857142857142,1.9285714285714286,6.279217421667403,5.841442371503107,0.3668454297905017
1146,72,218.52777777777777,12.444444444444445,10.990093791961716,8.409022868584577,0.6438571868953067
1147,44,219.27272727272728,290.1136363636364,8.731057955735267,6.481380747578365,0.6700275400965069
1148,33,218.24242424242425,336.3030303030303,7.228959496303517,5.794395464352925,0.5979234912646103
1149,90,220.0,93.0,15.8955671070298,7.408542495084158,0.8847446822868712
1150,51,219.52941176470588,313.84313725490193,9.353986118019087,7.097176758724759,0.6514018942644214
1151,51,219.80392156862746,523.0784313725491,9.899914766975279,6.844468084110999,0.7225043596034112
1152,26,219.8846153846154,330.6923076923077,6.166056295965654,5.3441212010757235,0.49882968149873647
1153,30,219.96666666666667,537.2666666666667,7.2610256730168485,5.26516387401519,0.6886154305559695
1154,128,220.8828125,161.046875,15.004277264587921,10.931229617699467,0.6850023075493611
1155,85,220.11764705882354,242.4470588235294,11.461597900977871,9.564065993675813,0.5510921619399786
1156,44,219.88636363636363,295.84090909090907,8.873033301578607,6.489395598643111,0.6819899182269364
1157,38,220.28947368421052,321.57894736842104,7.37788511777942,6.610999572226097,0.4439406696032437
1158,18,220.5,544.2222222222222,5.258737584977436,4.268749491621899,0.5840132092439594
1159,22,220.77272727272728,68.9090909090909,5.493798156268411,5.129722174423958,0.3579789930628065
1160,141,217.92198581560282,140.5886524822695,22.22731024243471,8.799992263293158,0.9182897475323687
1161,83,220.03614457831324,258.48192771084337,14.896964971057347,7.325896796405667,0.8707245194519502
1162,74,221.09459459459458,447.05405405405406,12.364351466599372,7.878326490832804,0.7707144202542824
1163,33,221.5151515151515,517.5454545454545,6.882000157801206,6.256740159832184,0.41647842531024976
1164,24,220.91666666666666,564.0833333333334,6.143597592103657,4.969975157960307,0.5878523899200019
1165,99,221.66666666666666,214.33333333333334,14.01547647668567,9.10160130989036,0.7604499926614142
1166,45,221.22222222222223,364.6222222222222,9.35861546810978,6.139893470468221,0.7547012859535436
1167,62,221.53225806451613,424.14516129032256,9.687665630370118,8.245537271414836,0.5249425166523705
1168,15,221.46666666666667,457.53333333333336,4.843115243301094,4.063087395632665,0.5442225546226342
1169,23,221.2173913043478,465.9130434782609,5.733826014124253,5.0375140067593245,0.4776307722564946
1170,58,221.72413793103448,403.0344827586207,11.685903866278917,6.3568800768958305,0.8390991758203321
1171,69,222.04347826086956,489.81159420289856,11.198008086110415,8.009453713134429,0.6988615158925359
1172,61,221.68852459016392,530.0491803278688,9.256892542986645,8.434761394757153,0.41199272458005826
1173,131,222.4351145038168,84.65648854961832,17.565762171261746,9.881361606168598,0.8267732556022007
1174,96,222.5,148.36458333333334,14.68783776495858,8.542483187719998,0.8134731280694119
1175,50,223.46,33.72,8.466022081087909,7.515748141238631,0.4603174661991699
1176,29,223.58620689655172,2.5172413793103448,6.62042017609262,5.599707064909229,0.5334628208893978
1177,58,226.01724137931035,299.7068965517241,14.508670601441885,5.302750893076948,0.9308158921022222
1178,66,223.56060606060606,431.8484848484849,9.584832253206288,8.85961570804523,0.3815769795321337
1179,45,223.24444444444444,476.8,9.256842195669154,6.211399991018908,0.7414515926406904
1180,33,224.0909090909091,140.8181818181818,7.999518294030931,5.287022852677268,0.7504584308977869
1181,72,223.94444444444446,371.5833333333333,10.868817365861235,8.481187267276615,0.6253768030378871
1182,52,223.44230769230768,498.53846153846155,8.920339708355394,7.46560324389331,0.5473265152737951
1183,44,224.61363636363637,9.590909090909092,9.50873173031518,6.162179049083485,0.761593725148292
1184,41,224.65853658536585,26.5609756097561,8.911929196900552,5.919688950913781,0.747516477643297
1185,67,224.2537313432836,46.76119402985075,12.722789390411343,6.894301091062927,0.8404520174982486
1186,54,224.38888888888889,59.333333333333336,8.988812367559763,7.70065046946707,0.5158270216492473
1187,23,224.34782608695653,597.6521739130435,6.940795509969655,4.185584726597932,0.7977101429282631
1188,124,225.13709677419354,76.44354838709677,17.67871765289711,9.360948361138616,0.8483075590346589
1189,68,224.9558823529412,356.1029411764706,9.477307515858028,9.144780425568884,0.2625685646248888
1190,78,225.44871794871796,253.44871794871796,11.767888584731018,8.539310427865862,0.688069197852177
1191,81,226.17283950617283,19.382716049382715,11.604140923989629,9.010497154611885,0.6301298108607546
1192,27,226.74074074074073,237.74074074074073,6.503349353377176,5.277485372016852,0.5843487097907775
1193,83,225.59036144578315,306.30120481927713,14.291509302322646,8.353740907420708,0.8113758784923056
1194,42,225.88095238095238,455.76190476190476,8.13775048181535,6.710006157120413,0.5657847951960827
1195,56,226.83928571428572,325.625,9.062325369187182,7.914516095468844,0.4871062033369465
1196,79,227.79746835443038,265.2151898734177,11.787903959332862,8.656745780071873,0.6787436074573004
1197,24,227.54166666666666,316.3333333333333,6.02762972069109,5.2149264355328375,0.5014781035379551
1198,96,228.57291666666666,537.3541666666666,14.276514228478472,8.874446138313623,0.7833256544332985
1199,52,227.92307692307693,94.6923076923077,9.67275753950189,6.854351922700948,0.7055859070231338
1200,36,228.08333333333334,211.05555555555554,7.223354675038859,6.368009288649214,0.47202319497710565
1201,70,227.95714285714286,286.5285714285714,13.540609448485174,6.627498208093905,0.8720294180460606
1202,63,227.61904761904762,293.2063492063492,10.054526340052933,8.017741394801057,0.6034166617553922
1203,42,228.14285714285714,483.64285714285717,8.467816579595093,6.371452118805071,0.6586704823963596
1204,85,229.50588235294117,151.95294117647057,13.478523040119999,8.276786526404262,0.7892498414271518
1205,34,228.35294117647058,243.5,6.597682302498801,6.571407079420679,0.08915786895268597
1206,79,228.32911392405063,403.7848101265823,12.022446450659439,8.38470479690371,0.7166618177201648
1207,46,228.41304347826087,524.804347826087,9.03759985241846,6.448901421970099,0.700590554605225
1208,48,229.6875,2.9375,10.140727993770371,6.496714740776957,0.7678283212996536
1209,34,228.5,490.8235294117647,7.1459138348480975,6.016838991620576,0.5394819931627579
1210,79,228.1772151898734,516.2278481012659,12.467281738872183,8.370735295611842,0.7410804591527507
1211,31,229.48387096774192,461.48387096774195,8.07512920928056,4.932783259822746,0.7917376920541298
1212,35,229.14285714285714,530.9142857142857,7.987910616375496,5.63464305454592,0.7088130772792767
1213,67,229.52238805970148,43.23880597014925,12.421559852936854,7.128410012102142,0.8189436202165434
1214,39,230.07692307692307,52.8974358974359,7.640846249290995,6.596084434736445,0.504748887012871
1215,50,229.7,63.88,8.776096558282903,7.355931565729457,0.5453966849102707
1216,51,230.47058823529412,217.35294117647058,8.88942791586361,7.398368522572578,0.5543765167561828
1217,70,230.82857142857142,309.64285714285717,12.313548327086501,7.3237241728351945,0.8038962164383144
1218,41,230.7560975609756,142.9268292682927,8.715558193996808,6.046696890448627,0.7201851267521044
1219,66,229.92424242424244,425.45454545454544,10.405442472461012,8.302723352602053,0.6027617494683603
1220,68,230.91176470588235,434.6470588235294,12.073031135747273,7.412678432808084,0.7893165063292462
1221,33,230.5151515151515,571.0909090909091,7.323585645767282,5.6717354248029315,0.6326377092224391
1222,75,231.54666666666665,12.453333333333333,10.837239814454382,9.058580332946724,0.5489194824896011
1223,35,230.77142857142857,25.65714285714286,7.7376199948002125,5.8589067099994105,0.6531859674143171
1224,108,230.39814814814815,163.39814814814815,14.284140453534663,9.81692979771244,0.7264107602188088
1225,78,231.78205128205127,104.98717948717949,14.879409965073584,6.76298298396745,0.8907367527155364
1226,18,231.88888888888889,137.72222222222223,5.076445469458138,4.46191816837747,0.47692249040608053
1227,31,232.19354838709677,35.903225806451616,7.289948954529379,5.404090938441835,0.6711659850292946
1228,99,232.989898989899,73.48484848484848,18.04219245767274,7.2980726583881355,0.9145378557044725
1229,34,232.58823529411765,30.970588235294116,7.82877837535617,5.6136438536520625,0.6970193265990677
1230,19,232.57894736842104,597.9473684210526,6.877854590558084,3.8283593179982702,0.8307664518955701
1231,34,233.97058823529412,6.352941176470588,7.3804336213424016,5.940284928190458,0.5934520233224004
1232,27,233.22222222222223,58.370370370370374,6.27905384783931,5.574051795655755,0.46038064886065216
1233,87,233.33333333333334,235.6551724137931,11.328132437616528,10.249420077987919,0.4258881936066808
1234,30,233.5,327.6666666666667,6.345602151621757,5.96284793999944,0.34204940066382394
1235,38,233.05263157894737,479.07894736842104,7.127645059886399,6.743417843388197,0.3238939740625378
1236,31,233.74193548387098,526.8064516129032,7.392200970057358,5.513629464836671,0.6660902508644249
1237,30,233.9,244.66666666666666,6.563702631985671,6.135690396993094,0.35519813502880604
1238,37,234.02702702702703,315.81081081081084,7.050416315978743,6.7607145790548655,0.2837104992735737
1239,15,233.73333333333332,566.6666666666666,4.77795383588526,3.981909289096598,0.5526820968472154
1240,52,234.32692307692307,458.75,9.54824294587974,7.0796184554579025,0.6709995885059138
1241,73,236.1917808219178,96.05479452054794,12.416758746647108,7.77306000039177,0.7798121291547877
1242,31,235.03225806451613,343.51612903225805,7.673468161219499,5.211678314445009,0.7339702762426729
1243,51,233.76470588235293,509.70588235294116,10.392241977891597,6.423458744623647,0.7860984208398661
1244,79,234.8987341772152,583.1518987341772,11.201570814542727,8.953701949457288,0.6008981918470461
1245,125,235.208,86.48,13.370449702580768,12.022164977688407,0.4376213522978325
1246,65,235.2,410.16923076923075,9.480676303084827,8.769006503645546,0.38012602975970294
1247,129,236.3875968992248,210.86821705426357,19.27561902821478,9.004819316303806,0.884172217467559
1248,40,237.175,102.4,7.542750370264508,6.786524651975755,0.43642346773513024
1249,35,235.88571428571427,302.37142857142857,8.482276183632154,5.422738495022887,0.7689555228410151
1250,132,234.97727272727272,541.9924242424242,19.371819084237124,9.419312216458845,0.8738264847203296
1251,55,236.52727272727273,550.7818181818182,8.522622768690365,8.204792511140369,0.27054453986663235
1252,144,235.8125,592.6666666666666,17.53714220303495,10.79081548846453,0.7882836045742891
1253,47,237.08510638297872,22.46808510638298,8.710046814028932,6.866719315503168,0.6152043695643187
1254,111,237.94594594594594,157.22522522522522,15.273674231112157,10.429545652394475,0.7305636732876616
1255,36,237.33333333333334,333.77777777777777,7.031660887021652,6.496927439765986,0.38250489527506093
1256,74,236.97297297297297,438.4189189189189,11.488460213386753,8.415303156390822,0.68076646399285
1257,36,237.5,44.69444444444444,7.894669308392599,5.9779532372029855,0.6531669990445074
1258,130,238.43846153846152,66.86153846153846,15.241265962601418,11.23789663295526,0.6755288641321174
1259,41,237.7560975609756,362.0,7.231367984470799,7.16525425443065,0.1349135817998279
1260,24,237.70833333333334,502.7083333333333,6.165086667499928,4.960122729663627,0.5938844246982014
1261,25,237.4,573.96,6.013280646736604,5.212950782770064,0.49847115663273783
1262,27,237.88888888888889,482.51851851851853,6.107372948800249,5.575802222479567,0.40804356301730593
1263,53,238.9056603773585,2.8679245283018866,9.286831836768819,7.431019080477222,0.5997768794232863
1264,81,237.82716049382717,169.62962962962962,13.032992974149254,7.982182935622652,0.7905018145643946
1265,61,238.9672131147541,183.0983606557377,9.944040256001703,7.972892663997756,0.5976246907786541
1266,74,238.74324324324326,513.6891891891892,12.75093025730156,7.526697624799034,0.8071940611695527
1267,39,237.89743589743588,530.8974358974359,7.9485525210246415,6.182837691528835,0.6284412422322352
1268,34,238.1764705882353,557.3529411764706,7.028415005503956,6.125503876035044,0.49033476436868023
1269,73,239.46575342465752,38.35616438356164,10.925403438394316,8.861848049426554,0.5848753512658634
1270,60,239.68333333333334,242.4,11.069851920330489,6.925359245857045,0.7801396486290753
1271,263,239.06083650190115,262.5779467680608,22.10514061507477,15.625277460237436,0.7073517690348144
1272,63,237.57142857142858,295.3015873015873,12.760454147621973,6.325729307097242,0.868477168861447
1273,54,239.24074074074073,312.01851851851853,9.306507117128046,7.592188474184626,0.5783432239203189
1274,54,239.59259259259258,29.35185185185185,8.598147835375002,8.07087784349062,0.3447995794522986
1275,124,239.7741935483871,251.0,17.641642271020196,9.33715414757227,0.8484547946808996
1276,32,241.5,117.75,7.896616677901352,5.257703399992264,0.7461148862358462
1277,27,241.40740740740742,337.74074074074076,6.025659376849023,5.679488253754414,0.33406370115253947
1278,15,241.06666666666666,587.4,4.9746021616473675,3.7712361663282534,0.6521405955174383
1279,70,242.04285714285714,9.042857142857143,11.852505533895313,7.7847411133340865,0.7540636873065426
1280,85,240.45882352941177,57.4,16.883033048952655,7.276041019857134,0.9023673795194598
1281,103,244.8640776699029,298.3592233009709,15.144700568819031,9.084614009896493,0.800109241822848
1282,36,241.66666666666666,306.6111111111111,8.077013825367446,5.647800468674414,0.7148834489492895
1283,70,241.5857142857143,326.5571428571429,10.271075504359715,8.850718166644697,0.5073961898428466
1284,53,242.0188679245283,343.9811320754717,9.25439726960226,7.253198616151518,0.6210676043164168
1285,71,242.74647887323943,430.23943661971833,12.613700034839537,7.659454000451127,0.7945238647121889
1286,105,242.8095238095238,51.43809523809524,17.96422723107158,7.69148955962075,0.9037048967820985
1287,94,242.2127659574468,319.21276595744683,15.343890920914065,8.735438253691045,0.8221225890983143
1288,23,243.04347826086956,85.04347826086956,5.959664881888071,4.9242248078990105,0.5632908682235186
1289,120,242.53333333333333,110.8,14.10607358680766,11.043591362676793,0.6221523487539498
1290,115,242.72173913043477,206.62608695652173,18.965134628328702,7.849397729179103,0.9103288636987719
1291,78,242.85897435897436,230.06410256410257,10.903740387228934,9.221289495140333,0.5336591531647803
1292,20,243.3,567.4,6.484815998368868,3.8402033106723903,0.8058028832560565
1293,46,243.82608695652175,91.5,7.723481981143186,7.612545609822362,0.1688808013369498
1294,31,243.4516129032258,162.41935483870967,6.425754631219991,6.06314329004941,0.33117581336027324
1295,52,243.3653846153846,237.40384615384616,10.165817522881941,6.672778774743966,0.754418507933002
1296,19,243.6315789473684,350.2631578947368,5.212526051472713,4.66479582459468,0.44622584327971115
1297,77,244.9090909090909,100.98701298701299,10.895516486720643,9.025767490591981,0.5601476203958202
1298,75,245.34666666666666,201.12,15.868279193092013,6.172341884485339,0.9212488961468212
1299,52,245.19230769230768,543.6346153846154,8.766113906503845,7.573012164943962,0.5036699516602294
1300,95,246.43157894736842,24.294736842105262,12.07633687385927,10.145385488577404,0.5424245148584718
1301,26,245.15384615384616,562.5384615384615,6.510418041618965,5.021164213552168,0.6365315537797905
1302,68,246.1764705882353,373.8970588235294,10.746844997007788,8.106778366420352,0.6564835866471104
1303,40,245.925,499.725,7.266360849833979,7.00713921654194,0.26471826075236543
1304,75,247.77333333333334,32.96,13.912911545935335,7.014977871469124,0.8635832277153942
1305,9,246.11111111111111,75.33333333333333,3.885753375057407,2.7954428906961324,0.6945875203623408
1306,42,246.64285714285714,535.4047619047619,8.405871851110266,6.302920430328845,0.6616378820958643
1307,46,248.02173913043478,166.8913043478261,9.74508227295507,6.140548783067437,0.7764996393921734
1308,70,247.12857142857143,357.0285714285714,10.67000531805813,8.863359959852547,0.5567501653275021
1309,46,246.93478260869566,529.0652173913044,7.859830635462028,7.460038465922509,0.31487014284359366
1310,74,247.01351351351352,551.6216216216217,11.361018289977908,8.336575033147883,0.6793788848181972
1311,91,247.65934065934067,45.395604395604394,13.090380584222334,8.910779387567306,0.7325511232441442
1312,143,246.93706293706293,174.55244755244755,18.269914561314412,10.060205162559292,0.834740683891128
1313,52,248.55769230769232,446.0192307692308,8.54349230005186,8.34977834978583,0.21173950155171317
1314,84,248.72619047619048,63.48809523809524,12.852918930458774,8.422232141269376,0.7553880031619461
1315,34,247.94117647058823,196.26470588235293,7.5944732996006525,5.736916471047005,0.6552561534014613
1316,112,246.4375,15.8125,15.31239247634882,10.318772466804594,0.7388373915749259
1317,12,249.25,158.66666666666666,4.167620293867669,3.631321610887408,0.4907192147942729
1318,94,249.18085106382978,365.1489361702128,14.187213734609951,8.428299375842117,0.8044080745522334
1319,59,248.79661016949152,439.54237288135596,10.62687834498081,7.249023521740215,0.7312211795916398
1320,64,249.328125,327.171875,10.326211369053576,7.9482102552479486,0.638391119062878
1321,58,249.36206896551724,512.8103448275862,9.592399054452311,7.6970063361982834,0.5967774371412096
1322,47,249.87234042553192,38.4468085106383,9.762564758706944,6.143940969427566,0.7771326979855595
1323,32,250.09375,229.15625,7.420736561777534,5.513748169865772,0.6692703366859558
1324,25,249.68,567.8,6.914286613571402,4.57758021506858,0.7494626391669681
1325,36,250.5,381.8611111111111,7.618678126258614,5.989100421213697,0.6180897302533216
1326,102,250.8235294117647,430.62745098039215,12.750466894109604,10.299475168835396,0.589494494753076
1327,49,250.73469387755102,465.3265306122449,8.427861998767673,7.424188891521513,0.4732836014619844
1328,132,250.90151515151516,183.36363636363637,16.742568816229944,10.148460783987199,0.7953525021582811
1329,20,251.05,337.25,5.700651850964228,4.388914270534129,0.638168270197698
1330,88,250.88636363636363,349.46590909090907,13.00872578678513,8.697054437197139,0.7436623017363173
1331,65,251.24615384615385,455.89230769230767,10.76199877077526,7.809838899827816,0.6880253464118761
1332,44,250.86363636363637,505.5,7.701439106134694,7.313085814090475,0.31354321498196863
1333,64,251.375,267.84375,9.561050279256726,8.540825051335782,0.44947362441208677
1334,104,250.20192307692307,191.05769230769232,19.247287328257286,7.064929743362946,0.930196848065979
1335,22,252.63636363636363,116.5,6.4666979068286325,4.271760045262084,0.7507571935295483
1336,33,253.24242424242425,311.3030303030303,7.228959496303517,5.794395464352925,0.5979234912646103
1337,26,253.1153846153846,522.0,6.007884366082042,5.547001962252291,0.38411063979868787
1338,28,252.64285714285714,87.67857142857143,6.907702804484457,5.293234912836249,0.6425067090085163
1339,74,252.93243243243242,102.0945945945946,11.841997946864181,8.113022783187446,0.7284434718415004
1340,24,253.125,163.33333333333334,6.081140986576509,4.932066489508719,0.5849866175853743
1341,64,254.015625,200.40625,11.665267183063422,7.316215572120846,0.7788748089523417
1342,32,253.65625,332.03125,7.838249509487406,5.3530920622590115,0.7304699477903299
1343,30,253.33333333333334,66.96666666666667,9.2075967775151,4.300147985105242,0.8842458269698623
1344,39,253.66666666666666,532.974358974359,7.287081201132651,6.844979191990018,0.3430128403044558
1345,52,254.6346153846154,93.84615384615384,9.125237275385166,7.363100689825779,0.5906960388948052
1346,66,254.34848484848484,214.56060606060606,12.89376874099867,6.522021917644349,0.8626346909839553
1347,28,254.82142857142858,324.92857142857144,7.367807082616258,4.838315444901265,0.7541665061907146
1348,56,254.98214285714286,110.375,11.072827202607087,6.48031932527488,0.8108563488074
1349,46,255.3695652173913,225.04347826086956,8.364481146053887,6.9653145216883425,0.553686449401704
1350,57,255.35087719298247,449.36842105263156,9.524037336055612,7.697817479914352,0.5888374222685078
1351,21,255.1904761904762,15.047619047619047,5.602338368222782,4.700240723391253,0.544164764908731
1352,52,255.25,81.57692307692308,8.643811175387365,7.638304783254048,0.46810423307369176
1353,27,255.22222222222223,168.7037037037037,6.090770004214633,5.640819487175408,0.37721469781612604
1354,49,255.55102040816325,577.7755102040817,8.807077127773523,7.253124886583985,0.5672343673108337
1355,37,256.3783783783784,58.54054054054054,8.406043539053542,5.751127398272892,0.729326521603365
1356,118,255.42372881355934,372.3898305084746,16.2600031494331,9.366525688297553,0.817416587977794
1357,22,255.86363636363637,381.45454545454544,5.763783900292052,5.142782966287558,0.4515256954977125
1358,82,255.4878048780488,557.4512195121952,11.751014715363878,9.340184939603708,0.6068181256412044
1359,28,255.5,564.5,6.676183683170241,5.237229365663817,0.6201736729460422
1360,128,256.890625,546.5703125,13.446213557997352,12.213878709903263,0.4182090888991126
1361,38,256.44736842105266,230.97368421052633,8.626338986473453,5.643284814900142,0.7563282311605272
1362,50,256.34,258.42,10.061713114366112,6.274546135314729,0.7817386871138206
1363,15,256.53333333333336,336.2,4.795279778260015,4.204859974335189,0.48071882970535484
1364,55,256.9818181818182,387.3636363636364,8.80185702828708,7.952526941445707,0.4285763251661304
1365,33,256.75757575757575,440.8181818181818,7.580697875534586,5.589776388086504,0.6754894733923165
1366,22,256.27272727272725,572.2727272727273,6.6559470265384775,4.332753090726827,0.7591123144319201
1367,42,257.1904761904762,596.1428571428571,7.74655382321893,6.8756345580601,0.4606664598958905
1368,47,258.02127659574467,116.51063829787235,8.009182548311083,7.56906530213195,0.32693039988151773
1369,26,258.65384615384613,1.7307692307692308,6.458964791992076,5.156497466643327,0.6021972256327986
1370,95,258.30526315789473,72.18947368421053,12.883077127300234,9.530168291565031,0.6728893259353741
1371,39,258.79487179487177,89.35897435897436,8.435612715237939,5.866266929757424,0.7186066051472986
1372,51,258.54901960784315,435.70588235294116,10.078139125553562,6.614656454342128,0.7544677799981575
1373,40,258.95,25.175,7.301071620369641,6.940054264502045,0.3105629150754241
1374,34,259.3235294117647,99.29411764705883,7.062493750947597,6.231136683685193,0.47071443919963357
1375,48,260.7083333333333,107.04166666666667,11.7191970592794,5.532166368631861,0.8815663212571953
1376,27,259.037037037037,332.8888888888889,7.045250745746967,4.981127368199014,0.70719437676566
1377,73,258.67123287671234,458.1506849315069,10.968431394511702,8.511764064715024,0.6307035959192058
1378,55,259.45454545454544,63.27272727272727,10.515894915737903,7.123079963803893,0.7356487814889376
1379,37,260.13513513513516,201.78378378378378,8.271942513682431,5.894998554376736,0.701519919678734
1380,30,260.56666666666666,466.2,6.502744735778688,5.882448451979114,0.4262400715792586
1381,83,260.66265060240966,535.710843373494,13.003262328779778,8.289774755644007,0.7704379452685015
1382,29,259.8965517241379,581.7586206896551,6.84725013995833,5.706438590128662,0.5526834236251537
1383,64,259.359375,588.0625,11.518348085629013,7.710301623690636,0.7429084778642026
1384,48,260.875,379.875,9.281321990889944,6.635037962822019,0.6992464405385846
1385,52,261.5,9.5,8.095582841183305,8.095582841183305,0.0
1386,63,261.1587301587302,267.1587301587302,11.315248319656252,7.103555049466966,0.7783859423141476
1387,29,261.2758620689655,344.41379310344826,6.278954609436003,5.818841337079276,0.3757492863864439
1388,41,261.8536585365854,83.85365853658537,7.527113737498185,6.985956905172117,0.3723168993402447
1389,105,262.26666666666665,274.1047619047619,16.228354805504686,8.445538563161362,0.8539112510417334
1390,62,262.2258064516129,17.403225806451612,10.13856091624709,7.761695805525732,0.6433622621365992
1391,27,262.85185185185185,51.074074074074076,7.50248362906589,4.506752595455052,0.7994734516259806
1392,73,262.8904109589041,123.08219178082192,11.658375854109336,8.088625600962803,0.7201640587031191
1393,73,262.0821917808219,327.86301369863014,11.821475304763888,7.979975331268323,0.7377806177298399
1394,20,262.5,597.0,5.656854249492381,4.47213595499958,0.6123724356957945
1395,21,263.04761904761904,113.47619047619048,5.898072406567533,4.823134718023319,0.5755769431760059
1396,69,263.39130434782606,555.7536231884058,12.931694128600796,6.912665155951402,0.8451354789238398
1397,44,263.52272727272725,96.02272727272727,9.726492589816639,5.963273526884404,0.7900084282556007
1398,59,263.8474576271187,190.98305084745763,11.79787393387071,6.406515194962127,0.8397179158316943
1399,49,263.9591836734694,372.3061224489796,10.028274817413617,6.320481761105481,0.776379179488812
1400,31,264.83870967741933,1.7741935483870968,7.5148822596699185,5.2888480815926435,0.7104147876067926
1401,39,264.8205128205128,62.53846153846154,9.1457673827773,5.924345639943762,0.761836710956612
1402,66,264.24242424242425,77.07575757575758,10.653625351144514,8.24703473045381,0.6330560673545876
1403,40,264.675,473.975,7.6488113591015825,6.678000059364974,0.48758263872149044
1404,39,264.7435897435897,104.25641025641026,8.446955982953709,5.903621592105892,0.7152143033110752
1405,138,262.6811594202899,427.3768115942029,14.70635345013829,12.052970707555637,0.5729708409355002
1406,79,265.36708860759495,35.43037974683544,11.00605939902414,9.240808069017097,0.5431882180645963
1407,39,265.5897435897436,88.8974358974359,8.004622209047985,6.3032860065542256,0.6163711529746442
1408,108,265.2962962962963,224.5462962962963,14.210239781635778,10.038838380040273,0.7077619353641424
1409,38,264.92105263157896,334.86842105263156,8.264019686463461,5.908315723471989,0.6991811710017654
1410,72,265.97222222222223,540.7361111111111,12.342276546460425,7.578295014691977,0.7892973758956613
1411,64,266.265625,213.9375,9.959676254557976,8.177006949635912,0.5709119128631703
1412,82,266.1219512195122,284.280487804878,11.375974019616523,9.287691783985611,0.5774437567289494
1413,56,265.89285714285717,461.4642857142857,8.761727074542861,8.116969871553815,0.37651114677126524
1414,20,265.7,530.15,5.556341125566584,4.574611819197062,0.567586589848995
1415,27,266.51851851851853,376.5925925925926,6.720680652327868,5.050208431791945,0.6597980127807583
1416,32,266.09375,435.34375,7.271481009734039,5.665184368145246,0.6269041918558527
1417,48,266.7708333333333,486.3125,8.664109153591399,7.108476264072065,0.571716975091832
1418,35,266.65714285714284,115.28571428571429,10.48771212161043,4.704810452398814,0.8937315536362792
1419,43,267.7674418604651,42.55813953488372,9.79200363349119,5.805934623140823,0.8052568708959859
1420,33,267.6363636363636,596.9090909090909,7.236955545709942,5.922458124975666,0.5747013719582906
1421,61,267.62295081967216,54.65573770491803,10.415897380733236,7.535302443143063,0.6903846785968286
1422,17,267.52941176470586,94.0,5.85674661349757,3.855016065215579,0.7528273768649631
1423,45,268.24444444444447,292.0444444444444,7.892285272947438,7.328161885985264,0.3712769463031388
1424,67,268.2985074626866,468.53731343283584,11.034840932177854,7.981834048329212,0.6905022634993782
1425,40,269.0,83.225,7.37859135195564,6.953156812617234,0.33465128612339173
1426,135,268.6740740740741,382.8888888888889,19.79311014325457,9.052647759664547,0.8892797948903193
1427,41,269.1707317073171,47.58536585365854,8.889309875560482,5.902220599811456,0.7477606581987922
1428,177,272.2994350282486,444.2090395480226,19.254133782799222,11.803617298694755,0.7900493267499669
1429,69,269.40579710144925,68.7536231884058,10.402468139612033,8.543669333130802,0.5704796280195641
1430,21,269.1904761904762,192.47619047619048,6.940360779793432,4.024202285880809,0.8147402653921635
1431,86,269.25581395348837,396.69767441860466,12.173523073296872,9.210361292011985,0.6538900022057897
1432,51,269.6666666666667,100.66666666666667,10.26250725861626,6.4586085579953405,0.7771299052828939
1433,62,269.9032258064516,124.11290322580645,10.666510980843942,7.547749304404119,0.706601376123647
1434,54,269.81481481481484,477.3888888888889,11.40352930401367,6.256134399870003,0.8360758435599731
1435,32,270.75,75.5625,7.520692470874615,5.777255815569349,0.6402322929412918
1436,45,270.73333333333335,206.53333333333333,10.21870429028622,5.729094786450161,0.8280543259646307
1437,56,271.17857142857144,403.85714285714283,10.241830504549458,7.049591807386727,0.7254131993552594
1438,40,271.6,91.775,8.102994321806785,6.338097744652333,0.6230373953167527
1439,55,271.8909090909091,115.89090909090909,10.047027702081857,7.349956629312403,0.6817820799259149
1440,74,271.2567567567568,332.0135135135135,13.387756565863391,7.145741328198871,0.8456410843309382
1441,17,272.0,287.6470588235294,4.752708206288037,4.538188593408449,0.2970442628930025
1442,154,272.2987012987013,547.4480519480519,16.57250086526207,12.209679897955569,0.6761724839101106
1443,33,272.42424242424244,5.424242424242424,6.683175152528592,6.227991553292183,0.36273812505500597
1444,30,272.3333333333333,38.6,6.498137069584638,5.964039753425988,0.39702539306541135
1445,54,271.5740740740741,108.24074074074075,10.46646552261769,6.8713745406865785,0.7543143883427846
1446,52,272.71153846153845,321.65384615384613,9.488080252131594,7.100712648133217,0.6632674602263334
1447,26,272.0,388.88461538461536,6.987384046011715,4.9187615995117016,0.7102505814659669
1448,80,273.3375,412.0875,11.080395300739646,9.234708440408218,0.5526284994181833
1449,45,273.22222222222223,481.3333333333333,9.914351515031155,6.002218064242619,0.7959160338976012
1450,70,273.14285714285717,26.814285714285713,9.894234042632938,9.157201362383384,0.3787259334407797
1451,24,273.75,79.83333333333333,5.832115534830396,5.3424698355672104,0.4010795898927121
1452,78,273.64102564102564,231.16666666666666,11.300633365475875,8.854649866799745,0.6213244286340575
1453,31,273.61290322580646,364.741935483871,6.741070998980903,5.803063642143996,0.508855618853663
1454,106,273.33962264150944,432.3867924528302,13.584355468273614,9.99903857626527,0.6769052616836406
1455,40,274.15,282.725,7.5435531104570686,6.776784375329753,0.4392713434660153
1456,16,274.5,353.8125,5.301859257350197,3.7852065221398448,0.700207434242993
1457,60,274.0,488.1333333333333,9.973315150728377,7.658233507788034,0.640602815319111
1458,15,273.6666666666667,598.1333333333333,5.963268946242257,3.2213663642250534,0.8415357530872689
1459,62,274.11290322580646,12.612903225806452,12.77025976531069,6.283335024750053,0.8705789472384825
1460,23,274.30434782608694,49.82608695652174,5.800065654775218,5.128967570923621,0.46692912361593464
1461,39,274.3076923076923,56.17948717948718,7.389785579646193,6.746456253447942,0.4080861170670165
1462,33,274.27272727272725,85.75757575757575,7.430917978605362,5.772151228462288,0.6297782284373131
1463,56,275.23214285714283,99.28571428571429,11.702565374771295,6.504626640387338,0.8312965697352378
1464,17,274.8235294117647,328.8235294117647,6.806179666209945,3.321493600077131,0.8728372275436437
1465,22,275.5,251.0,5.393598899705936,5.222329678670935,0.25
1466,45,275.75555555555553,259.55555555555554,10.257871985321591,5.640485322951698,0.8352509414120691
1467,75,275.94666666666666,292.28,11.507808184017893,8.366825743498728,0.6865777245466601
1468,47,276.9148936170213,382.5744680851064,10.400577995545063,5.932775739038186,0.8213479551694909
1469,38,276.39473684210526,74.34210526315789,7.90840223805204,6.05561478630085,0.6431751179654632
1470,76,276.5921052631579,453.67105263157896,10.446544034319194,9.321878489341888,0.45136207300037384
1471,72,276.09722222222223,33.93055555555556,14.86910190972589,6.36075397372318,0.9038813085819012
1472,68,277.13235294117646,65.77941176470588,10.366168063245869,8.496447405125911,0.5728897780321103
1473,36,276.3888888888889,347.8888888888889,8.137080250890032,5.622729362542945,0.7228539455145492
1474,88,277.14772727272725,222.67045454545453,11.297441686882292,10.023115915413142,0.4613806792924739
1475,48,277.9791666666667,357.9375,10.117273585075132,6.290574755958037,0.7832032198724485
1476,72,277.7083333333333,390.09722222222223,13.79781910588862,6.674749934387581,0.8752040247675879
1477,37,278.02702702702703,568.8378378378378,7.144996665991693,6.57413818787207,0.3916747363385226
1478,69,278.05797101449275,41.53623188405797,12.834383137130231,7.119135913284214,0.8320554331548141
1479,48,280.2916666666667,53.416666666666664,9.465884132737047,6.6023845715045555,0.71659194010523
1480,46,278.32608695652175,114.52173913043478,8.476166586780876,7.102514716989239,0.5457631437722887
1481,41,278.3414634146341,264.5121951219512,8.327946971400568,6.301126308629635,0.6538499850417342
1482,72,279.5,90.18055555555556,10.538728352776,8.880205189778449,0.5384994302302255
1483,94,278.06382978723406,123.70212765957447,16.024901483115265,7.636323878047498,0.8791589690364442
1484,68,278.6764705882353,271.11764705882354,10.960383741548581,8.078855866608222,0.6757879639022057
1485,31,279.5483870967742,102.70967741935483,6.8575012356818705,5.700161964155581,0.555928406605324
1486,39,279.2307692307692,108.53846153846153,7.569379131982814,6.624201232044111,0.48388538064820713
1487,61,279.39344262295083,187.68852459016392,9.658665351808644,8.097308507622708,0.5451376968888636
1488,165,279.54545454545456,591.0484848484848,17.03910008007767,12.519980561999724,0.6783060974738682
1489,60,281.28333333333336,46.86666666666667,11.126346804278755,7.021551436021363,0.7757223972059551
1490,71,279.28169014084506,340.7887323943662,10.718888909866278,8.575792812503135,0.5999151952045564
1491,33,279.8787878787879,546.0,7.691002220225602,5.461275309609119,0.7041146544399702
1492,62,279.5483870967742,560.6935483870968,10.10081158797174,7.82353733152206,0.6325182967831214
1493,45,279.4222222222222,574.3111111111111,10.892454108189554,5.297600113048798,0.8737612722119803
1494,64,280.3125,7.390625,10.911035260581638,7.496359335860587,0.7266159856653444
1495,59,280.1186440677966,80.89830508474576,9.859418683778921,7.74341610157036,0.6190106108735342
1496,6,280.5,297.0,3.265986323710904,2.0,0.7905694150420949
1497,99,280.5656565656566,326.8787878787879,14.508226818169495,9.346053612454869,0.7648655663686161
1498,40,280.4,413.15,7.826045342390258,6.620650594832186,0.5332201511722279
1499,92,282.1847826086956,131.8586956521739,12.673058278171888,9.560197414091169,0.6564474323959507
1500,34,281.6764705882353,96.5,7.2434995129368795,6.075837214003177,0.5444418399634554
1501,24,281.5833333333333,258.5,6.21825270205921,5.022173057773122,0.5896618941607871
1502,53,281.33962264150944,350.0377358490566,9.79807507636554,7.326432561782527,0.6639893481232495
1503,58,281.58620689655174,482.63793103448273,10.664723049661823,7.108447921863154,0.7454706572620743
1504,22,281.27272727272725,487.5,6.402478858785094,4.30644337539164,0.7399869222907188
1505,97,281.16494845360825,580.3711340206186,13.499088119764998,9.431324279589703,0.7154501286379382
1506,20,282.15,13.1,5.679582454964159,4.56315057139947,0.5953983585689403
1507,58,283.13793103448273,71.12068965517241,9.074475076431934,8.607088004567458,0.3167941571025213
1508,106,282.4339622641509,283.57547169811323,12.422973281428378,11.121937903883705,0.4455203336308711
1509,101,282.5049504950495,420.61386138613864,16.20288741493812,8.097866900581531,0.8661528170431708
1510,76,282.61842105263156,30.19736842105263,14.544996821295525,6.791298684980202,0.8843014207760457
1511,86,282.25581395348837,404.1162790697674,14.07937642781557,7.879668085577159,0.8287221154374502
1512,33,283.0,62.878787878787875,7.861322476539106,5.485047218375907,0.7163649631929018
1513,59,283.52542372881356,366.06779661016947,9.027382298303143,8.265639115254954,0.4020479880384369
1514,57,282.3333333333333,553.719298245614,11.006582329419997,6.630009270466287,0.7982187664486649
1515,29,283.82758620689657,597.6206896551724,8.647683528519273,4.294173253450283,0.867997139392631
1516,27,284.81481481481484,76.96296296296296,6.648132332491888,5.467939139890802,0.5687976721431823
1517,22,284.90909090909093,207.9090909090909,5.502816709244202,4.972652484064489,0.4282593998234223
1518,40,284.6,336.125,8.351236048716556,6.184404292946662,0.6720149286546276
1519,30,285.3666666666667,147.63333333333333,6.491019437140313,5.793482928640115,0.4509717590117594
1520,78,285.53846153846155,173.52564102564102,10.31393968341003,9.631611877161523,0.3576802603394144
1521,17,285.11764705882354,377.5882352941176,5.181899763382574,4.041201040002321,0.625943231252129
1522,41,285.5609756097561,85.04878048780488,8.659738228315963,5.986501658709034,0.7225651382170303
1523,48,285.5,124.97916666666667,8.884842434531926,7.0747883692091,0.6049332604091521
1524,112,286.36607142857144,225.64285714285714,14.474720416434248,10.372233808210455,0.6975092671094169
1525,62,284.5967741935484,356.741935483871,12.635109792860634,6.665502417571601,0.8495313429175859
1526,23,285.69565217391306,414.60869565217394,6.196826471481618,4.801947413313422,0.632078588702211
1527,27,285.3333333333333,290.8888888888889,6.443256666886609,5.583529488532557,0.4990564705078952
1528,89,286.69662921348316,322.65168539325845,15.193521753300262,7.897619883549445,0.8542868918893209
1529,26,285.7307692307692,409.34615384615387,5.880488974897367,5.700594047380815,0.24545427829436678
1530,51,286.03921568627453,464.03921568627453,9.075304045681397,7.157981800784972,0.6147373344057342
1531,47,285.2340425531915,566.8936170212766,9.432344448379986,6.432545487472351,0.7313831575172313
1532,10,286.5,0.8,4.09878030638384,2.9933259094191533,0.6831300510639732
1533,44,285.72727272727275,58.18181818181818,8.293699619066128,7.239104176162299,0.4879997183316522
1534,52,287.0192307692308,236.92307692307693,8.895623640591454,7.4316099729811285,0.5496072698420648
1535,8,286.625,349.625,3.9696101679472697,2.7824800294934104,0.713214926384501
1536,57,287.10526315789474,309.6666666666667,9.549264427209737,7.589026809028447,0.6069713602330989
1537,44,287.4318181818182,372.6363636363636,8.204469692539792,6.924676156623745,0.5363232765915706
1538,84,287.3452380952381,457.7142857142857,14.898127214105092,7.392034726273101,0.8682242048013821
1539,82,287.4146341463415,114.48780487804878,12.445199198903452,8.434712891586967,0.7352939616996923
1540,24,287.8333333333333,167.125,6.080949952409885,5.065662500125242,0.553215744002712
1541,15,287.46666666666664,203.86666666666667,4.618802153517007,4.061745656460751,0.47609522856952347
1542,27,288.0740740740741,332.1111111111111,6.399706830885881,5.519251201297135,0.5061891163768635
1543,37,288.02702702702703,488.1621621621622,7.144996665991692,6.57413818787207,0.39167473633852246
1544,36,287.5833333333333,574.1944444444445,7.983226322565052,5.69569460108926,0.7006982623268184
1545,67,288.86567164179104,29.134328358208954,14.369414471802148,6.389296776819553,0.8957065921542253
1546,33,288.42424242424244,43.666666666666664,7.062897780920071,6.247699463148072,0.46638812905209465
1547,64,286.9375,316.453125,13.229279215950783,6.433390643852792,0.8737922443596617
1548,73,288.17808219178085,343.958904109589,10.255508543900492,9.194383373594974,0.4429805964193115
1549,55,289.1818181818182,393.25454545454545,9.203681178432157,7.616924708960435,0.5613250070208897
1550,27,289.51851851851853,303.8888888888889,6.10737294880025,5.575802222479568,0.40804356301730593
1551,36,289.69444444444446,404.22222222222223,8.246105865824314,5.768305035960691,0.714614319453183
1552,70,289.1857142857143,50.25714285714286,11.919717132264994,7.714307977286169,0.7623297169970021
1553,87,290.11494252873564,66.52873563218391,12.237021845114478,9.079894774838138,0.6703976587615913
1554,49,289.9183673469388,76.85714285714286,10.511526025350692,6.241171267142515,0.8046528954740558
1555,107,289.02803738317755,450.2056074766355,15.117055270962545,9.36191671346812,0.7851583951529122
1556,57,290.2631578947368,359.5438596491228,10.211275156139862,7.374314980232083,0.6917116881131863
1557,27,290.4074074074074,377.48148148148147,6.720680652327869,5.050208431791945,0.6597980127807583
1558,26,290.2692307692308,597.1538461538462,6.202462618901026,5.656058337983607,0.41040075759042366
1559,46,291.19565217391306,121.0,8.117249591810365,7.314217845658145,0.43367168822631286
1560,19,291.1578947368421,201.6315789473684,5.325655130375311,4.61273092961025,0.49981187526853005
1561,36,291.02777777777777,289.52777777777777,7.354897267664933,6.190738184458673,0.539919790114598
1562,30,291.26666666666665,338.3,7.888961078165517,4.924751973051888,0.7812177498236487
1563,38,290.9736842105263,417.3157894736842,7.586072109980105,6.505270628748841,0.5144369895589371
1564,40,291.5,84.15,7.72269383052313,6.6332495807108,0.5120938461947477
1565,37,291.7567567567568,149.1081081081081,7.818438751394738,5.9917028829954475,0.642416824291097
1566,69,292.27536231884056,365.92753623188406,11.062881725654332,8.00884064090902,0.6898650229432194
1567,70,292.5,429.8142857142857,10.490422016269475,8.480182480357398,0.5886694938999572
1568,33,291.6363636363636,483.6060606060606,6.954746336136322,6.060508120617599,0.4905368637237453
1569,83,291.855421686747,130.710843373494,14.064115369617458,7.6456614246523245,0.8393256075809702
1570,46,292.32608695652175,213.2608695652174,8.10454674929665,7.226465528185476,0.4527141079445578
1571,67,292.6865671641791,283.5970149253731,11.803298233852555,7.267080876000746,0.7879945445879674
1572,75,293.1333333333333,39.986666666666665,11.993181227737582,8.176978770696465,0.7315364639562062
1573,49,292.3469387755102,57.204081632653065,9.150307688161996,7.106049712375643,0.630004674631525
1574,67,292.7313432835821,179.26865671641792,10.174983765091154,8.418816869948692,0.5616079580639769
1575,60,292.96666666666664,244.2,9.478451700173332,8.043704096354082,0.5289859307738076
1576,11,292.09090909090907,422.3636363636364,4.346129984141888,3.067356324605907,0.7084437526351621
1577,43,293.6744186046512,2.488372093023256,8.93009920291598,6.156618404927694,0.7243586971927012
1578,74,293.68918918918916,229.02702702702703,13.781838494606559,6.9177263558934925,0.8648994812194214
1579,49,293.6530612244898,255.53061224489795,9.248471561485504,6.841829440015641,0.6728494094339452
1580,61,293.5245901639344,499.21311475409834,10.406009971302641,7.537550056728836,0.6894367997650734
1581,32,294.0,236.625,7.1625468162757295,5.869235308339444,0.5731733673380403
1582,47,294.25531914893617,308.21276595744683,8.968493834751776,6.716989782990715,0.6626219363095609
1583,20,294.45,78.45,6.569989640138466,3.9944005968947622,0.7939548706417898
1584,35,295.3142857142857,174.0,10.249213419141462,4.5734093703147165,0.8949230386017543
1585,75,293.46666666666664,408.9866666666667,13.501800440658684,7.406355107050977,0.8361205485435932
1586,120,295.35,141.6,14.386746457580863,11.049955944042694,0.6403719281597933
1587,59,294.8813559322034,490.864406779661,8.863750071827301,8.515149089919738,0.2776885244425684
1588,52,296.21153846153845,11.192307692307692,12.89742598077456,5.3818301142022005,0.9087782492208406
1589,33,295.7878787878788,414.3939393939394,6.620874374469561,6.494090025088023,0.1947605685106405
1590,51,295.3137254901961,595.3921568627451,10.238161653298842,6.411353933725468,0.7796454332890334
1591,76,296.0263157894737,30.157894736842106,12.54078733157564,7.827263201533191,0.781308944479846
1592,80,295.75,167.925,10.778821456557376,9.814632341950379,0.4134037661013163
1593,77,295.7402597402597,317.5194805194805,12.615851001303334,8.104126698434872,0.7663891848026845
1594,104,296.11538461538464,334.16346153846155,13.390785879478962,10.26795677679759,0.6418948237173566
1595,7,296.7142857142857,19.0,3.0237157840738176,2.7994168488950604,0.3779644730092273
1596,20,297.05,55.75,5.7006518509642286,4.38891427053413,0.6381682701976978
1597,62,296.7903225806452,70.33870967741936,11.108203254553553,7.291472608248418,0.7544092842423011
1598,68,296.1617647058824,116.86764705882354,12.954849799889528,7.058742515565825,0.8385188517267252
1599,6,297.0,273.5,3.265986323710904,2.0,0.7905694150420949
1600,61,296.6885245901639,370.95081967213116,11.857565594720919,6.675422560275648,0.8264791202746529
1601,57,297.49122807017545,421.5964912280702,8.927920735218215,8.20792918217146,0.393428846665505
1602,37,297.81081081081084,506.7027027027027,8.891520647360247,5.36580345324191,0.7973825119826253
1603,37,297.64864864864865,50.2972972972973,8.193343424841256,5.841954885997669,0.7011514937870955
1604,40,297.675,62.475,7.5633298780571545,6.862655546921173,0.4203565370287758
1605,51,297.54901960784315,127.58823529411765,13.274806211827466,5.40958081894137,0.9132019366066083
1606,85,298.0,154.31764705882352,12.4346557866642,8.752828104506575,0.710293195614311
1607,43,298.09302325581393,249.48837209302326,7.555918618423838,7.2928788508676465,0.26155864342313
1608,45,298.1333333333333,377.02222222222224,8.657338019922822,6.676853671603765,0.6365489069165261
1609,84,298.0,586.9761904761905,12.857494095558923,8.418209517371203,0.7558613265376706
1610,35,299.14285714285717,5.0,7.370017541436226,6.32336004472692,0.5136757510030238
1611,67,298.1044776119403,82.32835820895522,12.765421757070028,6.88787048878311,0.841939143177243
1612,52,298.71153846153845,396.4807692307692,8.658287796313425,7.605959537333031,0.4778158853860083
1613,63,299.4920634920635,519.8571428571429,11.037662246269072,7.538342039111577,0.7304506723138685
1614,97,302.0515463917526,230.95876288659792,14.816065550599626,8.439111613865766,0.8219276213147287
1615,47,299.8936170212766,565.0851063829788,10.181403023960234,5.996412187912211,0.808164113798866
1616,32,300.25,40.75,6.857308546987924,5.998109659835036,0.4846589828595796
1617,39,301.53846153846155,73.92307692307692,8.801203113446302,5.858149576276859,0.7463017058958192
1618,42,300.5238095238095,238.4047619047619,9.680252625957658,5.609977488335876,0.8149523249156683
1619,46,300.7173913043478,282.17391304347825,8.046503027322695,7.361224521803303,0.40382729613030166
1620,64,300.984375,496.640625,9.704656324156055,8.411262279231213,0.4987873708627798
1621,61,301.8032786885246,382.0655737704918,10.869282594406663,7.332180624965042,0.7382034337075938
1622,30,302.1,59.06666666666667,6.737109068039975,5.817810323557231,0.5042683601036179
1623,25,301.92,324.2,5.982402637583357,5.301741099095248,0.4632594326811828
1624,48,301.3541666666667,559.9583333333334,9.819850119201444,6.366774804734119,0.7613359156278522
1625,108,301.712962962963,575.4166666666666,18.191686508581515,7.703044229133688,0.9059252682962748
1626,33,302.24242424242425,53.54545454545455,6.923262686148319,6.045627276706089,0.4873014022704743
1627,80,302.25,114.35,14.503335324420057,7.091774423050227,0.8722975653914125
1628,38,303.0,141.1315789473684,7.3841936451770875,6.6440984581303155,0.4363581711923685
1629,48,302.4791666666667,244.10416666666666,8.835774158209265,6.982015430344294,0.6128509937826443
1630,125,302.672,312.392,16.830889204884,9.58818025346412,0.8218682700759168
1631,85,302.8,427.0705882352941,12.688727618518962,8.632019598986677,0.7329426787904658
1632,59,303.3220338983051,88.94915254237289,9.878980056097692,7.7564630754096076,0.6193079662358097
1633,118,303.3050847457627,129.21186440677965,19.119382121022177,8.023553381598546,0.9076834704249882
1634,74,303.0135135135135,289.85135135135135,12.296081670535894,7.712129278341841,0.7788564825382251
1635,63,303.3809523809524,388.7142857142857,10.484890307256542,7.75585218046678,0.6729180325179385
1636,57,303.0701754385965,416.6140350877193,9.197736936752776,7.962127825026792,0.5006295693204895
1637,30,303.5,515.5,6.531972647421808,5.796550698475776,0.46097722286464426
1638,54,302.85185185185185,595.2222222222222,8.816208869882082,7.884808733384965,0.447360612934939
1639,34,303.02941176470586,66.82352941176471,8.203267591674352,5.441144622101493,0.7483625427363408
1640,38,303.60526315789474,220.6315789473684,7.707037864249284,6.319552785951668,0.5724040914202602
1641,30,303.93333333333334,81.36666666666666,6.815112626054241,5.738642493828468,0.5394047682811205
1642,52,304.15384615384613,147.51923076923077,8.471814180418582,7.893369848764323,0.36317405075511733
1643,83,303.95180722891564,158.83132530120483,13.62308477192602,8.222282476885255,0.7973212808313331
1644,59,304.0,204.83050847457628,10.437438746153115,7.226849453899125,0.7215168993694687
1645,76,304.1578947368421,462.0131578947368,11.56286684068512,8.510274035787377,0.6769811559848942
1646,27,304.037037037037,588.2222222222222,6.90102388927866,5.17909810761243,0.660890248114543
1647,35,304.2,1.8,8.546936744869555,5.298100818142158,0.7846942476281957
1648,11,304.8181818181818,18.181818181818183,3.8138503569823694,3.6725472503134826,0.26967994498529707
1649,51,304.45098039215685,372.4313725490196,8.320099698538716,7.811215001467312,0.34436265463892296
1650,76,304.4736842105263,504.05263157894734,12.465733172367186,7.902204227644315,0.7734034478789364
1651,32,304.46875,510.21875,7.505389279697756,5.691035209889146,0.651952473781839
1652,88,304.77272727272725,536.8295454545455,12.52414549090536,9.117411073397573,0.6855912749900037
1653,108,305.14814814814815,172.65740740740742,13.713328201350274,10.173166984132543,0.6705711511341264
1654,19,305.63157894736844,279.1578947368421,5.85461179046369,4.128876421734518,0.708973743712454
1655,39,306.4102564102564,351.9230769230769,11.997764826658521,4.118046520595249,0.939249750943969
1656,70,305.6714285714286,400.8,10.890850625393563,8.221523842209404,0.6558377235610807
1657,43,306.2325581395349,468.8837209302326,7.483344223147204,7.360279031809814,0.18061002574408216
1658,55,306.1636363636364,525.2727272727273,8.932113984008978,7.893536488106454,0.4680056853030049
1659,79,306.0886075949367,213.83544303797467,11.556854370223693,8.700748075968214,0.6581752762742235
1660,47,306.72340425531917,13.23404255319149,11.167243348738149,5.701870479356284,0.8598249687306603
1661,60,307.81666666666666,76.63333333333334,10.362964470580245,7.486882650738955,0.6914071393515157
1662,78,307.37179487179486,250.33333333333334,10.262689319763554,9.757076807833705,0.31001108587006443
1663,82,308.1219512195122,554.0853658536586,16.293635596728315,7.185144592323273,0.8975176185093062
1664,64,307.859375,572.578125,12.456202663451966,6.721529045314922,0.8419131763944142
1665,36,307.6388888888889,55.083333333333336,7.547730328513143,6.069121519943833,0.5944955741816326
1666,55,307.74545454545455,63.03636363636364,9.65884920746829,7.269716689646147,0.6584227342449771
1667,35,307.14285714285717,284.85714285714283,7.258652239792799,6.245139196216393,0.5096670320535939
1668,123,308.3008130081301,36.99186991869919,14.344573983665098,11.411188304063074,0.6059462931606866
1669,56,308.01785714285717,134.19642857142858,12.614167054852052,5.974019748985154,0.8807421740138784
1670,22,308.04545454545456,69.72727272727273,5.5195074369704376,5.0760656626865766,0.39271745514253664
1671,45,308.53333333333336,561.7777777777778,9.00483527632863,6.336362115288555,0.7105346731262207
1672,30,308.6333333333333,592.5,6.895752871692952,5.718171143069022,0.5589062234859152
1673,79,308.0253164556962,7.113924050632911,11.717934121333496,9.134228563413432,0.6263917223092198
1674,10,308.8,180.0,3.9191835884530852,3.0983866769659336,0.6123724356957946
1675,47,308.63829787234044,331.29787234042556,8.816244052664338,7.106730604815393,0.5917860982011725
1676,67,309.76119402985074,86.97014925373135,11.793431383267517,7.470552991287949,0.7737833550333703
1677,28,309.57142857142856,94.85714285714286,6.726762394962816,5.296866066901607,0.6164018900326462
1678,73,309.45205479452056,259.54794520547944,10.097219295081345,9.209881530628891,0.4099219993938676
1679,108,307.69444444444446,339.4537037037037,15.784389916326202,8.91061099645518,0.8254190781221512
1680,65,308.5230769230769,235.90769230769232,12.312544410482007,6.977619027983086,0.8239186212911537
1681,45,310.0444444444444,419.64444444444445,9.302699297082148,6.220478573976593,0.7435551774720127
1682,41,309.9512195121951,580.9512195121952,8.606404377655004,6.056643198114636,0.7104608094816375
1683,57,309.9298245614035,586.9824561403509,11.833075171121122,6.354985601689015,0.8435486589872355
1684,49,310.8979591836735,44.16326530612245,9.731077923386515,6.444327952976507,0.7492900698169228
1685,70,310.9428571428571,141.4,13.599093341695303,7.0505005668422,0.855105687931748
1686,83,310.8433734939759,153.85542168674698,12.492157230146235,8.62273633140598,0.7235690682306128
1687,52,310.4230769230769,196.8846153846154,8.313146683084248,7.988408423998004,0.2767679542920393
1688,36,310.75,279.6666666666667,7.539838622207882,6.283642803692431,0.5526820219573292
1689,57,310.3859649122807,519.0877192982456,10.378030909028842,7.194078767375217,0.7207427100180428
1690,104,309.6923076923077,548.3365384615385,20.625707442842057,6.817920404062807,0.9437869053707935
1691,29,310.58620689655174,597.3448275862069,7.594054453376739,5.095498629318268,0.7414706845245335
1692,54,311.7037037037037,391.2962962962963,8.56075632745968,8.058607838363347,0.33745133201385863
1693,129,311.86821705426354,306.4031007751938,13.989881049488908,11.827346984857122,0.5340996115883271
1694,40,312.0,316.125,7.855876388131121,6.514231050124331,0.5589258929110644
1695,47,310.78723404255317,384.1914893617021,8.86349297817939,6.863396766712995,0.6327642869173605
1696,82,312.0609756097561,439.4268292682927,11.146583191026574,9.453286678773685,0.5298549350716902
1697,56,311.60714285714283,513.1785714285714,10.666448512933481,6.747814355027765,0.7744619163365708
1698,23,312.2608695652174,49.43478260869565,5.77818997830741,5.281136560658073,0.4057645072703037
1699,91,312.7802197802198,242.53846153846155,12.108348410851159,9.638416307151862,0.6052780521931989
1700,155,313.8258064516129,427.51612903225805,15.875369978889243,12.712163484550533,0.5990019819861836
1701,40,312.7,542.775,7.861393719943075,6.4767653022198965,0.566779024335132
1702,31,313.258064516129,1.935483870967742,7.111974770899565,5.648058434333962,0.6077064188725886
1703,53,313.0566037735849,71.0377358490566,10.977504767832052,6.302557271526235,0.8187614437707026
1704,92,313.1521739130435,128.7173913043478,15.416561966045204,7.823232265682534,0.8616774644779146
1705,77,313.6753246753247,289.9220779220779,10.977694655345418,9.167557347776528,0.5500864726984517
1706,62,313.64516129032256,536.1451612903226,11.190655845499034,7.159344555440756,0.7685739610776946
1707,49,313.85714285714283,61.142857142857146,9.192284738358504,6.838655380364647,0.6682286066785731
1708,47,313.7659574468085,530.1914893617021,10.448037592776272,5.979831411147511,0.8200163119178729
1709,80,314.425,569.975,12.948414693743425,7.964832510407822,0.7884332802976156
1710,54,314.4259259259259,80.57407407407408,11.75613117915369,6.4396932038711645,0.8366268928674422
1711,6,316.0,136.5,3.265986323710904,2.0,0.7905694150420949
1712,65,316.1384615384615,563.1846153846154,12.295035592974195,6.864290953918112,0.8296406450908073
1713,33,315.24242424242425,11.575757575757576,6.990316939993503,5.963042424416517,0.5218402784930364
1714,77,316.38961038961037,144.15584415584416,13.942150685739984,7.163698504958903,0.8579004810987486
1715,118,315.49152542372883,331.03389830508473,17.421721613477295,8.96639753724087,0.85738973054587
1716,34,315.9117647058824,27.61764705882353,8.256173990202877,5.220562820674104,0.77470544412766
1717,14,315.35714285714283,181.21428571428572,4.742873420478221,3.6860255520522984,0.629288982059086
1718,19,315.94736842105266,199.3684210526316,5.39524008633425,4.570103307870293,0.5314939575371052
1719,54,316.2037037037037,446.1666666666667,9.878681307618676,6.989910124685065,0.7066380292915299
1720,53,315.9056603773585,594.7547169811321,9.761675522601166,6.964935878303985,0.7006572744463695
1721,84,316.8095238095238,92.39285714285714,12.074733746942142,9.0030928143557,0.6663778812643901
1722,33,316.57575757575756,208.42424242424244,6.683175152528592,6.227991553292184,0.3627381250550058
1723,76,316.7105263157895,579.4473684210526,11.088236919429237,8.782917777019561,0.6104000824256749
1724,36,317.0833333333333,6.194444444444445,7.177134787018835,6.54857220906658,0.40925172641591906
1725,104,316.6730769230769,251.77884615384616,14.571251627599844,9.468239589090015,0.7601145999559316
1726,63,316.6031746031746,280.3174603174603,11.708335383418206,6.927424382561263,0.8061831690357423
1727,27,317.0740740740741,400.77777777777777,6.998861967298834,4.980429989205303,0.7025790660443678
1728,22,317.8636363636364,66.13636363636364,5.825797200636191,4.862804112501721,0.5507020099079908
1729,55,318.0181818181818,123.2,9.47408011646648,7.419640297556318,0.6218309157934243
1730,51,318.29411764705884,407.5686274509804,8.741733853126137,7.462658910512869,0.520794988044452
1731,74,317.31081081081084,525.9864864864865,14.941542181898775,6.548085010106821,0.8988546196166112
1732,46,317.9782608695652,548.8913043478261,9.6072143439178,6.187684857212357,0.7649695102589585
1733,79,318.4810126582278,49.46835443037975,11.71851348503313,8.695784935126085,0.6703386793141354
1734,50,319.14,72.12,9.321747792716192,6.922500855109429,0.6697148674944416
1735,32,318.25,520.71875,7.355994125366059,5.578864170024221,0.6517770400099473
1736,33,319.1212121212121,18.636363636363637,7.4405290385219764,5.782669128164579,0.6292719192400918
1737,45,319.0,83.4,8.577420272984954,6.742986093755993,0.6180584085200416
1738,97,318.87628865979383,152.82474226804123,18.08265262629935,6.918741689762489,0.9239067860489829
1739,90,318.9,317.35555555555555,13.213664389488308,8.749268008577584,0.7493820117522396
1740,68,318.44117647058823,391.9264705882353,11.894936025336817,7.5780902587951156,0.770793210589818
1741,51,320.0,542.2549019607843,9.194905232829736,7.133351655483378,0.6309863548788924
1742,72,320.0,23.708333333333332,14.719657083386268,6.861610259080331,0.8847041937219491
1743,37,320.43243243243245,273.8918918918919,8.522094841653862,5.68357676744446,0.7451270922633377
1744,36,321.1111111111111,10.222222222222221,10.040194370574207,4.568753587880286,0.8904677640016673
1745,83,318.855421686747,38.30120481927711,11.779829129885137,9.456505357480953,0.5962874319622684
1746,50,320.96,130.94,9.578919359053414,6.597052668635574,0.7250413711915186
1747,52,321.7692307692308,399.5192307692308,11.96804418888057,5.888731688279938,0.8705737622325889
1748,114,321.53508771929825,434.46491228070175,15.557745986678217,9.419350328998274,0.7958875971160358
1749,34,322.1470588235294,2.4705882352941178,7.023817467697839,6.131903801905739,0.487691879291654
1750,41,322.7317073170732,64.63414634146342,8.089568754468369,6.5479275846227205,0.5872184320752196
1751,41,322.6829268292683,77.14634146341463,7.77192828061705,6.705444389410854,0.5055839081977815
1752,84,322.3690476190476,257.3809523809524,13.101609856765867,8.190529934768731,0.7805010516547024
1753,54,322.51851851851853,282.81481481481484,11.43762792391402,6.489065043759436,0.8234811688058022
1754,34,322.52941176470586,289.8235294117647,8.23623659858752,5.28087020131066,0.7673945741968387
1755,70,322.6142857142857,446.62857142857143,12.237581420118259,7.555290683521512,0.7866616945017413
1756,114,322.7719298245614,336.4561403508772,15.487864887746312,9.516367587111041,0.7889633566315722
1757,90,322.73333333333335,557.9111111111112,13.438764004903733,8.610193057628825,0.7677927499753132
1758,34,323.5,159.7058823529412,6.964069923269997,6.154864169189802,0.4678596948487089
1759,56,323.5,206.71428571428572,8.451542547285166,8.407965125464091,0.10141851056742227
1760,24,324.4166666666667,93.29166666666667,6.58451934717672,4.601291421376528,0.7153127571649421
1761,38,323.86842105263156,141.05263157894737,9.004624580398032,5.644339148291782,0.7791587019994111
1762,47,325.7659574468085,82.31914893617021,10.56288542403819,5.743097591306286,0.8392761548439741
1763,59,324.96610169491527,99.44067796610169,9.208028489475298,8.098036683197833,0.4759840495861201
1764,108,324.75925925925924,197.36111111111111,13.397586877408962,10.278088177735317,0.641456201073971
1765,28,325.35714285714283,320.42857142857144,6.631349321009048,5.571859146283054,0.542230042325108
1766,66,325.6363636363636,53.34848484848485,10.705137738786762,8.023188861705272,0.6620373249459252
1767,70,325.42857142857144,413.2142857142857,11.041398074075206,8.135446377027002,0.6760965201446218
1768,30,326.06666666666666,7.466666666666667,7.084374278944431,5.4273460844389705,0.642720224517766
1769,29,325.6896551724138,13.10344827586207,6.401324110949784,5.783487990515943,0.4286237669100921
1770,50,325.98,213.66,9.54628712814026,6.679251609806563,0.7144660663230091
1771,38,325.8421052631579,273.1842105263158,7.391496483604851,6.585690540790851,0.4540385693267552
1772,102,326.27450980392155,457.54901960784315,15.19447521404847,8.656939969102478,0.8218231915200152
1773,66,326.7121212121212,402.3939393939394,13.590348572896708,6.255380901416134,0.8877732187465078
1774,79,327.0886075949367,465.26582278481015,12.031095318510351,8.480600634917014,0.7093164811527171
1775,92,326.0326086956522,42.18478260869565,14.288895199209476,8.755309891814127,0.7902882405434575
1776,38,327.1578947368421,129.18421052631578,8.291705566686824,5.928566083268785,0.6991248714188547
1777,46,327.2608695652174,88.71739130434783,8.960744381166366,6.810419129365391,0.6498900024818004
1778,49,328.3673469387755,279.18367346938777,8.841471608699605,7.167593897758697,0.585491099439052
1779,18,328.05555555555554,365.1111111111111,5.385930481961369,4.225630174819322,0.6200424385141685
1780,108,327.89814814814815,147.33333333333334,16.746805162672924,8.298193630504327,0.8686027714859232
1781,24,328.5,389.5,5.5377492419453835,5.5377492419453835,0.0
1782,29,329.7586206896552,333.58620689655174,7.366196925867895,5.356119233337172,0.6865089269573494
1783,70,329.3857142857143,440.1,9.908760962515585,9.113038823350337,0.3926333379405194
1784,93,329.7096774193548,60.12903225806452,11.843184087498916,10.561409049793642,0.452486842977149
1785,78,330.5128205128205,135.0897435897436,12.308813719314601,8.19334139123097,0.746265563004842
1786,79,330.873417721519,162.21518987341773,14.031801554680287,7.871427463830366,0.827835756522433
1787,55,330.4,22.454545454545453,12.666318449044367,5.482903262603467,0.9014550679338253
1788,52,330.8269230769231,46.75,8.76990294327861,7.630524034431015,0.49290914795269647
1789,30,330.6,93.63333333333334,7.375403024785148,5.172908831358395,0.7127944027147156
1790,72,330.40277777777777,316.4583333333333,12.624899993403744,7.3627892533097095,0.812331584557072
1791,39,330.97435897435895,310.05128205128204,7.345067960520173,6.819838721882407,0.37135176094842887
1792,74,332.0945945945946,152.52702702702703,15.95625485283611,6.260113374135251,0.9198246421685854
1793,19,331.10526315789474,322.42105263157896,5.544698233777089,4.2956952169149805,0.6322808964466017
1794,101,331.66336633663366,340.0792079207921,15.187095940668982,8.683258319322148,0.8204262372066179
1795,118,331.7881355932203,448.635593220339,15.08702691941576,10.113580977968212,0.7420455144630391
1796,80,331.7,9.6875,13.976509309637954,7.526930816581455,0.8425989627766318
1797,41,331.8780487804878,84.48780487804878,8.60256934851096,6.215586557156842,0.6913429549816378
1798,27,331.85185185185185,98.62962962962963,6.2035650769036765,5.696604993970915,0.39593338619970025
1799,71,330.46478873239437,286.7323943661972,10.835153254380732,8.420130696653501,0.6293619765544304
1800,100,330.84,327.99,17.46893598042919,7.643629747159818,0.8991913855578625
1801,51,332.11764705882354,415.70588235294116,8.924503284207926,7.430901226182199,0.5538141436997771
1802,66,332.1818181818182,471.93939393939394,10.497274721824564,8.224583315015773,0.6213955597624775
1803,63,332.36507936507934,124.68253968253968,9.518380731300391,8.692535086111029,0.4074293044257792
1804,18,333.0,52.666666666666664,5.333333333333333,4.216370213557839,0.6123724356957945
1805,48,332.9791666666667,76.72916666666667,9.537747790603053,6.469220318345252,0.7348077255246263
1806,25,332.6,366.04,6.013280646736602,5.212950782770063,0.4984711566327376
1807,94,333.531914893617,172.27659574468086,13.114005350148519,9.168373855727888,0.7149961193639863
1808,45,334.3777777777778,117.62222222222222,7.752809075290322,7.45015541043453,0.27668016127057804
1809,46,333.7826086956522,211.2173913043478,7.90646883533696,7.4583937368776185,0.3318617363054315
1810,108,333.99074074074076,256.4166666666667,13.616379153434636,10.340511609254715,0.6506040417504648
1811,191,336.12041884816756,404.27748691099475,17.74787318903308,13.83936631140838,0.6260585628631062
1812,47,334.97872340425533,434.17021276595744,8.066211897137158,7.391592327022543,0.40034438566255276
1813,56,335.89285714285717,140.28571428571428,11.330195298395969,6.447127268048146,0.8223224896617787
1814,39,336.4102564102564,322.6923076923077,8.107515881298475,6.127610273814792,0.654809686032552
1815,47,336.1063829787234,420.36170212765956,9.94897323314344,6.022915757568254,0.795936105372365
1816,68,336.0147058823529,3.1176470588235294,12.914638773429486,6.914529721447928,0.8445970498577399
1817,36,336.9166666666667,80.97222222222223,7.663154546719622,6.239421718456343,0.580569622627932
1818,36,335.9166666666667,164.69444444444446,7.217145107615481,6.504450647365768,0.43329987580930834
1819,52,336.53846153846155,371.0,10.750530832054848,6.258725825534747,0.8130611418177583
1820,79,336.44303797468353,478.11392405063293,11.807105129866322,8.831963583596886,0.6636749635179998
1821,48,337.0416666666667,88.27083333333333,9.60331677180893,6.550439025343094,0.7312572898973422
1822,60,336.25,278.8833333333333,10.916676087558132,7.3126651836539995,0.7424857303164539
1823,39,337.8205128205128,153.87179487179486,7.693844457164667,6.52613398522321,0.5296313138283223
1824,153,337.7450980392157,180.31372549019608,17.981156961412054,11.119003673669502,0.7858872964637469
1825,36,338.47222222222223,33.02777777777778,7.354897267664933,6.190738184458673,0.5399197901145981
1826,79,337.69620253164555,60.50632911392405,12.874026394876363,8.076992833670982,0.7787078647330619
1827,42,337.9047619047619,129.3095238095238,8.008516642101895,6.71139326184753,0.5456210754065944
1828,145,337.9103448275862,461.9655172413793,15.853308796813554,11.786643560554117,0.6687563789766747
1829,101,338.7524752475247,14.485148514851485,13.54353194255782,9.75059310609271,0.6940315038755487
1830,116,339.4051724137931,47.66379310344828,13.5021372311081,11.302205652792212,0.5470990142379973
1831,41,338.4390243902439,286.4390243902439,8.283962283140234,6.442118792059825,0.6286831818681977
1832,78,338.5128205128205,313.37179487179486,12.338904206905864,8.270967607766607,0.7420755805747999
1833,24,340.3333333333333,70.95833333333333,5.964572350907737,5.0942766364386545,0.5201266126331177
1834,65,339.7846153846154,339.61538461538464,10.661819125224971,8.130732329086923,0.6468671287730976
1835,36,340.9166666666667,136.22222222222223,8.087685465860268,5.64892303537883,0.7156493076536143
1836,80,341.225,145.5875,12.270849245670432,8.34827879206423,0.7329019943868796
1837,117,340.3162393162393,94.61538461538461,14.93160682116216,10.515912250252164,0.7099302662437544
1838,62,340.7741935483871,121.53225806451613,9.909871603675604,7.99560632804582,0.5907802821663848
1839,73,341.6986301369863,160.17808219178082,9.914216176694831,9.58993757550885,0.25366720111947677
1840,29,340.6896551724138,346.13793103448273,7.114287753853213,5.554442588274045,0.6248501299108096
1841,93,342.4731182795699,500.247311827957,16.60033190681975,7.656474646212544,0.8872836333845867
1842,14,341.42857142857144,1.1428571428571428,5.026955863272364,3.859142398880101,0.6408217190110339
1843,60,341.9,213.01666666666668,10.590181511831474,7.262938645526689,0.7277729530757455
1844,41,341.8536585365854,254.2439024390244,8.04682479203715,6.514748503624904,0.5869752650030526
1845,22,342.3181818181818,294.1818181818182,6.355391567093213,4.390719703707327,0.7229834668368046
1846,39,341.9230769230769,321.5128205128205,8.18855082179526,6.245332432122859,0.6467632745823624
1847,63,342.1746031746032,331.36507936507934,9.431618820178544,8.57342546057332,0.4167766997809083
1848,82,342.780487804878,79.08536585365853,14.655711254772397,7.226686634736436,0.8699743617872537
1849,46,342.30434782608694,168.54347826086956,8.202150209561356,7.168427836609455,0.4859810552408675
1850,50,342.9,281.88,9.338142507900587,6.818261838778278,0.6832849372599917
1851,68,341.6470588235294,493.55882352941177,14.848055449571412,6.122647014149866,0.9110239433740879
1852,94,343.0531914893617,429.6489361702128,12.345710364851561,9.855998240579021,0.6022151573619097
1853,43,341.7674418604651,487.95348837209303,9.253324873367031,6.0836598024664,0.7534923871863891
1854,45,343.8222222222222,55.733333333333334,8.280068237713774,7.018809005475698,0.5305154584827689
1855,67,343.8059701492537,206.0,11.185918660649472,7.641483192071982,0.7302928960812554
1856,31,344.38709677419354,219.16129032258064,7.586069938294238,5.183012024965199,0.7302055234478905
1857,118,343.6864406779661,586.7881355932203,17.358538396018865,8.890102189842239,0.8588985387287172
1858,73,343.5068493150685,593.5616438356165,14.068778480241187,6.867212461838263,0.8727781045018392
1859,76,344.4736842105263,506.7236842105263,13.068838703405838,7.689646461352714,0.8085732394344674
1860,94,345.20212765957444,183.2872340425532,18.193099518671048,6.950825984942231,0.9241381933099119
1861,76,345.63157894736844,420.57894736842104,10.924863113404324,8.864898427231001,0.5844322380908922
1862,102,344.421568627451,470.1862745098039,13.432041286128923,10.222294241874796,0.648707265720857
1863,102,345.2647058823529,39.950980392156865,15.662527866323758,8.33350079176796,0.8467027928692059
1864,42,346.1666666666667,452.35714285714283,7.808026807668049,6.857524850553043,0.47817229963905433
1865,58,346.67241379310343,20.603448275862068,8.953321983958196,8.272397220432373,0.3825199083074412
1866,140,346.7785714285714,128.90714285714284,16.549298982263412,10.972613827892758,0.7485964586261367
1867,50,346.76,339.4,9.213923282089498,7.151364747498837,0.630551228325088
1868,89,346.1685393258427,354.685393258427,13.035853147745144,8.775942699003195,0.7394460399454349
1869,72,347.0,29.208333333333332,10.001509073459262,9.234466514589114,0.3840619706015491
1870,45,346.97777777777776,85.06666666666666,8.91738155218382,6.535472822849454,0.6803455751773736
1871,13,346.9230769230769,276.61538461538464,4.296689244236597,4.0,0.3651483716701107
1872,42,346.6666666666667,316.0952380952381,7.531309239876428,7.146381206828152,0.315608108171947
1873,148,347.0,577.4797297297297,16.901800106200717,11.401677714441846,0.7381984303171262
1874,97,346.6185567010309,6.525773195876289,12.216190547193143,10.624485154341652,0.49357143740310405
1875,99,347.26262626262627,257.32323232323233,15.867608717246886,8.306583060094859,0.8520299378284698
1876,27,347.51851851851853,463.4074074074074,6.720680652327869,5.050208431791945,0.6597980127807583
1877,59,347.89830508474574,484.0508474576271,10.792278092015277,7.078104088368924,0.7548921611771298
1878,44,347.9318181818182,13.590909090909092,8.52584232601638,6.647880124714098,0.6261122409585779
1879,39,347.79487179487177,95.02564102564102,8.626165819446767,6.007078304062199,0.7176744941749145
1880,51,347.7647058823529,101.96078431372548,8.367717489173643,7.839836848719113,0.34955828624645296
1881,33,348.57575757575756,245.75757575757575,6.9903169399935035,5.963042424416516,0.5218402784930367
1882,15,348.6666666666667,288.53333333333336,5.148879227269528,3.609268690575713,0.7131795312507127
1883,82,348.3292682926829,324.3048780487805,11.861591044201537,8.861139348822439,0.6647737490233385
1884,43,348.5581395348837,50.95348837209303,8.915500123819527,6.127106986105973,0.7264284564851657
1885,26,348.6923076923077,145.92307692307693,6.651588317750386,4.92957924668946,0.671380198615136
1886,139,349.10791366906477,400.33812949640287,14.42735635339778,12.839678373111488,0.4560509948598708
1887,39,349.35897435897436,489.87179487179486,8.947960708745,5.663104386421625,0.7742390264513986
1888,38,349.7368421052632,239.1578947368421,8.42701867880339,5.938678696777007,0.7094867007166706
1889,30,349.43333333333334,272.4,6.768328585436389,5.781460344508141,0.5199557231031745
1890,95,347.63157894736844,477.6842105263158,16.50797449703423,7.900265934003877,0.8780479317122061
1891,141,349.9929078014184,151.81560283687944,18.47579423568504,10.250800405632754,0.8319682380715822
1892,104,350.2307692307692,190.65384615384616,12.67049789558452,10.658908444668919,0.5406644783519183
1893,55,350.45454545454544,77.41818181818182,8.611220709169757,8.181874861245028,0.31182023386753144
1894,85,349.74117647058824,345.6823529411765,13.149024423398279,8.5923624833369,0.7569609835617825
1895,23,350.39130434782606,359.0869565217391,6.559305499428439,4.37038614658611,0.7456945631490607
1896,55,350.72727272727275,546.0909090909091,8.808767797539243,7.976763152112731,0.4242435567804355
1897,47,350.4468085106383,215.85106382978722,8.305236651336735,7.168599621592135,0.5049610579323597
1898,77,351.1038961038961,265.09090909090907,11.153505350723782,8.895984061591863,0.6031928791129357
1899,43,350.7906976744186,459.0,8.585396983919553,6.484994640836207,0.6553195655286436
1900,104,351.0576923076923,554.8942307692307,15.268066216422028,8.980751944589176,0.8087119083636223
1901,48,351.25,37.666666666666664,10.813353096286628,5.741104745945445,0.8474173496838623
1902,20,352.15,17.7,5.556341125566584,4.574611819197062,0.567586589848995
1903,38,352.0,180.5,8.878154589544987,5.440535241657774,0.790237855859839
1904,69,351.9130434782609,284.1449275362319,10.885423466706493,8.101248006110154,0.6679245243851406
1905,62,351.85483870967744,365.2903225806452,9.438668932653393,8.397386935455547,0.4565862606212246
1906,22,353.22727272727275,82.54545454545455,6.711789143849761,4.123284281414512,0.7890456276140225
1907,57,352.5438596491228,88.35087719298245,10.321166187921586,7.448014027059926,0.6922839107244381
1908,24,351.625,453.25,7.048050856777224,4.443157186837811,0.7762628720492084
1909,36,352.9166666666667,45.75,7.027018352518652,6.545474413332335,0.3638117172123146
1910,125,352.832,138.984,13.991289331161889,11.855637597856786,0.531021293365452
1911,36,353.5,205.91666666666666,8.48935523354762,5.399358289728499,0.7716765947018023
1912,26,353.03846153846155,210.76923076923077,6.8983174055891805,4.851543808601025,0.7108993189794987
1913,45,353.1777777777778,232.44444444444446,7.844310055298146,7.604133687611261,0.2455572453026811
1914,77,353.1818181818182,495.3376623376623,11.484085683713927,8.552147104528546,0.6674043674420019
1915,29,354.1034482758621,51.48275862068966,6.706876390460693,5.478525522542963,0.5768472749474638
1916,28,353.17857142857144,94.32142857142857,8.025942889390501,4.628279964535378,0.8169807427798789
1917,20,353.75,107.75,5.138093031466052,4.9396356140913875,0.2752409412815902
1918,22,353.40909090909093,406.6363636363636,5.359782899266791,5.319541395755561,0.12230994980165462
1919,129,352.84496124031006,515.2403100775193,17.96525029049322,9.451801713500208,0.8504129487822949
1920,89,353.07865168539325,595.4044943820224,14.033025632069439,8.33552388467894,0.8044699509280939
1921,73,354.5753424657534,199.31506849315068,12.03837779598457,7.922639003166276,0.7529172783957208
1922,70,354.4,225.12857142857143,10.142137854346357,8.771608824844378,0.5019996266642289
1923,60,353.93333333333334,314.8666666666667,9.504748731492457,8.452072487205154,0.45742668890299787
1924,38,354.0,353.89473684210526,7.556400767950853,6.616355015754489,0.48304396886056633
1925,66,353.75757575757575,443.25757575757575,10.256431021630386,8.250849254711547,0.5940120072156011
1926,7,354.42857142857144,256.2857142857143,3.7032803990902057,2.68023757704196,0.6900655593423541
1927,14,354.5,290.2857142857143,4.20883424647321,4.120630029101703,0.2036532699906393
1928,29,354.82758620689657,484.62068965517244,6.930901608086548,5.351002999547245,0.6355617243702562
1929,151,355.2450331125828,533.5827814569536,17.68010563598486,11.757448724169622,0.7468343684386107
1930,43,355.16279069767444,307.86046511627904,8.597718952451881,6.408168718660463,0.6666917143941585
1931,23,355.2173913043478,30.130434782608695,5.873113002539891,4.929936635332647,0.5435021718802291
1932,47,355.6808510638298,278.6595744680851,10.19735186708598,6.155630564506594,0.7972495110549009
1933,48,355.1458333333333,339.1041666666667,8.87611726706024,6.9306555754733274,0.6247552531505355
1934,167,355.2694610778443,569.7245508982036,18.115223692648748,12.431444453249153,0.7273724085085693
1935,62,355.38709677419354,586.016129032258,9.730974273700673,8.076450668293273,0.5578028394791887
1936,69,356.18840579710144,4.144927536231884,9.62782610007594,9.204335576464597,0.2933213654034584
1937,53,355.4339622641509,124.54716981132076,8.942928865155586,7.518139485216736,0.5415325519396013
1938,45,355.7111111111111,174.0,8.55766939286348,6.727050478678935,0.6181191660799585
1939,78,356.3974358974359,14.102564102564102,13.239125563619245,7.543325140760601,0.8218006115487778
1940,82,356.0243902439024,100.14634146341463,11.984827037272357,8.87924646874706,0.6716440653003715
1941,50,356.28,523.36,8.699314425398429,7.485581375421336,0.5094851319255321
1942,25,357.2,263.6,6.196773353931867,5.3065996645686395,0.5163977794943225
1943,36,357.4166666666667,320.3888888888889,7.221659467602048,6.393146791058249,0.46506997890210616
1944,38,356.92105263157896,411.05263157894734,7.127645059886399,6.743417843388197,0.3238939740625378
1945,9,356.8888888888889,420.1111111111111,4.0171906061502325,2.8906758369544234,0.6944132079458367
1946,37,357.43243243243245,431.2432432432432,7.287525524613297,6.479225062543357,0.45774335330953764
1947,64,357.234375,452.0,9.636010405378045,8.545080293212349,0.4621800243215113
1948,55,355.54545454545456,509.3818181818182,12.786075977353393,5.517386188907278,0.9021056636376871
1949,53,357.1698113207547,36.56603773584906,9.43291043860263,7.242328005057799,0.6407227072625312
1950,92,357.64130434782606,240.2608695652174,13.18881857555655,9.238094997055795,0.7137024419194226
1951,133,357.54887218045116,249.06015037593986,15.513441106441347,11.152573570968674,0.6951161247121306
1952,45,357.97777777777776,349.24444444444447,8.735929847796465,6.7104910541782266,0.640271773774275
1953,36,357.94444444444446,548.8055555555555,8.734826320352726,5.410241250428779,0.7850855143422516
1954,71,357.01408450704224,561.4647887323944,11.683221611152451,7.813884198409419,0.7434311615630191
1955,50,357.9,180.94,8.984221213375074,7.442188467725156,0.5601930111947783
1956,62,358.2096774193548,188.4516129032258,9.914395340730511,8.450768191696085,0.5229334173117777
1957,8,357.75,303.375,3.9722133299273006,2.6403638502198645,0.747102836415358
1958,95,359.0736842105263,394.81052631578945,12.75726641385912,9.543326984543212,0.6636199422537274
1959,36,358.0833333333333,403.97222222222223,6.928203230275509,6.590303389483074,0.3084876157214386
1960,81,358.91358024691357,357.71604938271605,13.996917283077654,7.685819869773547,0.8357513722019511
1961,88,356.95454545454544,503.70454545454544,14.846078682726427,7.674077690996683,0.8560401086065109
1962,76,358.80263157894734,540.7105263157895,12.493040219694684,7.844673639983019,0.7782750594336392
1963,36,359.77777777777777,555.7777777777778,7.797781110721577,5.9491293996240575,0.6464859059165344
1964,118,360.771186440678,108.98305084745763,14.978524261940004,10.545534784745026,0.7101567074036914
1965,26,360.11538461538464,202.5,6.348193578750953,5.183824449172759,0.5772285936406557
1966,26,359.5,291.88461538461536,6.348193578750953,5.18382444917276,0.5772285936406557
1967,74,360.85135135135135,49.270270270270274,12.208159428449592,7.845168732530415,0.766187710449668
1968,105,360.42857142857144,89.86666666666666,16.817721221413105,8.035521413869427,0.8784681851550229
1969,57,359.9122807017544,209.98245614035088,11.196214066485044,6.845993600178681,0.7912783420402484
1970,75,360.94666666666666,285.1066666666667,10.383349551782205,9.347289974280358,0.4354371425367407
1971,24,360.875,443.6666666666667,6.081140986576509,4.932066489508719,0.5849866175853743
1972,29,361.17241379310343,526.7931034482758,6.694779740012986,5.640257484752357,0.5387184058844292
1973,14,361.2142857142857,1.1428571428571428,4.670747566819226,4.137981715432822,0.46380820298736997
1974,37,361.4054054054054,9.486486486486486,7.478195557057361,6.336143573865717,0.5311426486462022
1975,49,360.7551020408163,258.81632653061223,8.36120083819671,7.500960916495001,0.44179655836432
1976,62,362.01612903225805,77.16129032258064,11.872590858257942,6.646019710153454,0.8286423608299961
1977,63,361.3015873015873,266.968253968254,12.460604265254242,6.795776106464767,0.8381883003498876
1978,67,362.85074626865674,423.5820895522388,12.043327455251768,7.466441536257817,0.7846294639119117
1979,81,363.08641975308643,324.4567901234568,14.085003469859956,7.544541066428059,0.8444441971459482
1980,37,362.94594594594594,545.081081081081,8.390742597497725,5.650662742503778,0.7392417725157808
1981,84,362.0,313.2857142857143,12.827544003128144,8.677029995435577,0.7365001687425201
1982,37,363.13513513513516,272.2162162162162,8.36492876629293,5.836854675720523,0.7163150812652098
1983,33,363.42424242424244,430.54545454545456,7.121936408311334,5.893122615043126,0.561523605842126
1984,72,363.6111111111111,466.90277777777777,10.989203434271007,8.406332150580614,0.6440744287925954
1985,40,364.125,116.35,8.382681920032736,6.059756086473804,0.6909632363100164
1986,84,363.6547619047619,178.63095238095238,15.769182412684318,6.91506665235142,0.8987225202455729
1987,47,364.3191489361702,217.2127659574468,9.456091508267143,6.637628664185064,0.7122340192540558
1988,52,363.9423076923077,437.96153846153845,9.516866808250045,7.025120858540833,0.6746083860347114
1989,55,364.76363636363635,16.12727272727273,8.851024280198722,7.977066131565272,0.43328056024875045
1990,53,363.8490566037736,34.056603773584904,11.112797957940263,6.373242275013284,0.8192022437359605
1991,29,364.7931034482759,209.10344827586206,7.233730553229333,5.1785150980729675,0.6982187895592054
1992,99,365.050505050505,42.13131313131313,11.717510735406416,11.388431459224677,0.23532970362941233
1993,172,364.8953488372093,232.27325581395348,18.96311774410314,11.838349327559268,0.7811983833509919
1994,45,364.6,451.24444444444447,9.268334999359908,6.182747075642719,0.7449835617601889
1995,60,364.78333333333336,480.51666666666665,9.425140534113265,8.067083551279621,0.5171227902528145
1996,19,365.42105263157896,358.5263157894737,6.141685364221516,3.9550703879114244,0.7650494731792941
1997,169,364.7573964497041,365.72189349112426,19.517069777020357,11.168666502283179,0.8200783925035936
1998,51,365.4313725490196,417.7647058823529,9.044038094557903,7.323685071444059,0.5867330335244945
1999,47,364.6595744680851,594.531914893617,9.797394134294262,6.504671497610612,0.7478049126618309
2000,46,365.82608695652175,3.8260869565217392,8.43842698363655,6.990605439342451,0.5600997339854848
2001,85,366.05882352941177,190.85882352941175,11.851041673070206,9.15113441547784,0.6354041479227446
2002,66,366.06060606060606,279.3030303030303,12.01051292147872,7.146191773615402,0.803729608194522
2003,57,366.0877192982456,343.9122807017544,9.897722580508193,7.343650930387469,0.6704512293616861
2004,72,365.5,389.90277777777777,11.918022601513652,7.73366036892677,0.7608697300203776
2005,31,366.4193548387097,199.25806451612902,6.5905543030162415,5.981812080698993,0.4197621584014565
2006,28,366.89285714285717,221.5,6.386865971679986,5.671607067953991,0.45982226051961345
2007,51,367.54901960784315,259.94117647058823,8.444865549200337,8.002588092300975,0.31937726523821197
2008,78,366.71794871794873,382.79487179487177,13.004402009016104,7.793222188724987,0.8005427089057494
2009,31,367.48387096774195,9.64516129032258,6.640965273390253,5.984507800940576,0.433506804665626
2010,26,366.6923076923077,93.3076923076923,7.294366697686752,4.874692675529599,0.7439081965092178
2011,39,367.0769230769231,444.56410256410254,7.389176432425467,6.756471511442867,0.40487036792831527
2012,46,367.0652173913044,550.2391304347826,7.927472497588969,7.377876564276613,0.365854693275189
2013,79,368.9620253164557,168.51898734177215,12.582306562421602,8.783529525396517,0.716014118389614
2014,67,367.4776119402985,288.86567164179104,12.132045696921452,7.084376025471366,0.8117974563637547
2015,63,368.6984126984127,327.14285714285717,14.043420659346399,5.972201757426249,0.9050679955617406
2016,133,368.8796992481203,374.82706766917295,16.300854432712025,10.692239179498898,0.7548206721805458
2017,43,369.2093023255814,429.6744186046512,8.814568845170749,6.272819557663383,0.7025420384436982
2018,144,368.9791666666667,84.07638888888889,14.132531272988405,13.205812106729809,0.3561559584655636
2019,24,369.125,266.1666666666667,5.811014160855937,5.247634703167451,0.4295360352800381
2020,46,369.04347826086956,272.5217391304348,8.0815201044823,7.357274392534834,0.4137677157721889
2021,48,369.3333333333333,159.47916666666666,8.601955622246198,7.272434524789582,0.534070935330776
2022,48,369.5208333333333,316.7916666666667,8.893676479918868,6.942703348239,0.6249888531840203
2023,18,370.55555555555554,17.833333333333332,5.042642844739137,4.651180660376771,0.3863084894560834
2024,26,369.84615384615387,59.11538461538461,6.35545666921016,5.22725041079467,0.5687907524169874
2025,111,368.5945945945946,105.54054054054055,18.05884853600908,8.471279528115893,0.8831487714882058
2026,80,370.3,176.3125,11.194353345215566,9.730567978410154,0.4943921955668169
2027,84,370.14285714285717,50.73809523809524,13.450565330717628,8.242813250864787,0.7902203507511667
2028,53,370.33962264150944,437.8867924528302,10.426322846132303,6.526846916886015,0.7798254578316661
2029,48,370.75,117.52083333333333,8.32701582378673,7.3702462436900715,0.4653998552602318
2030,49,370.9387755102041,207.10204081632654,8.454417666592086,7.5464767197512606,0.45083459197056364
2031,21,370.8095238095238,349.14285714285717,5.316632771645401,4.992156306471802,0.34400025467068873
2032,51,370.96078431372547,450.7647058823529,8.367717489173643,7.839836848719113,0.34955828624645313
2033,54,371.68518518518516,25.09259259259259,13.132636860994571,5.22421500949661,0.9174704386059285
2034,61,371.1311475409836,66.08196721311475,9.89844889876912,7.999917019047873,0.588909408899481
2035,24,371.4583333333333,216.04166666666666,6.095588112429879,4.97877997184531,0.5769433197803512
2036,36,370.9166666666667,457.0833333333333,8.595554499515858,5.467560756281586,0.7716134826581735
2037,42,372.23809523809524,12.80952380952381,7.7699427759291515,7.080992932782462,0.4116734807740084
2038,50,371.76,93.76,11.580547911451474,5.5179443700147,0.8791832088255205
2039,65,371.7076923076923,146.1846153846154,10.528391713009876,7.890242487864784,0.6620889739554366
2040,64,371.859375,462.96875,10.18660790395715,8.255361176898182,0.5858587697069854
2041,26,372.5,183.5,6.793662204867575,4.835764198615911,0.7023769168568493
2042,23,373.0,444.5652173913044,5.809055249126376,5.083207461395222,0.4840345089513182
2043,56,372.69642857142856,3.767857142857143,10.65888333799061,7.094870370834337,0.746282098845678
2044,85,373.7647058823529,416.36470588235295,12.32520330016442,9.304905519337792,0.6557829822194655
2045,41,373.2439024390244,35.0,7.231367984470799,7.165254254430648,0.13491358179982915
2046,94,372.75531914893617,74.54255319148936,12.985016455260354,9.372794902243625,0.6920848288873587
2047,37,373.5945945945946,195.2972972972973,7.483180493525183,6.346850117519189,0.5297581640721767
2048,34,373.9117647058824,276.5,7.169849213567738,6.1355656111632415,0.5173971200481944
2049,85,373.50588235294117,408.09411764705885,11.32376598014666,9.829459577411495,0.49649770260163384
2050,37,373.2972972972973,189.32432432432432,7.289412148547343,6.672636366542675,0.40257399872368366
2051,76,374.64473684210526,423.85526315789474,12.804166654908695,7.623634190317904,0.8034274933744837
2052,33,374.54545454545456,104.72727272727273,7.150530661211976,6.199568497490649,0.4982939238191178
2053,46,374.82608695652175,283.5217391304348,9.859072227823123,6.146988066719268,0.7818349543817518
2054,39,375.05128205128204,313.64102564102564,7.132446625933829,6.9834028843278775,0.20336295869552118
2055,63,374.8888888888889,153.44444444444446,10.694890847228654,7.699166064605944,0.6940861245871355
2056,66,375.3787878787879,163.0,11.294045702893127,7.489208335097195,0.7485208884469491
2057,29,375.1034482758621,383.51724137931035,6.706876390460693,5.478525522542963,0.5768472749474638
2058,71,376.0845070422535,97.0,13.979962449486239,7.539280672921711,0.8421188954808366
2059,67,377.2089552238806,243.65671641791045,12.914467520061448,6.87236852515517,0.846653272805367
2060,79,375.75949367088606,262.24050632911394,11.07552905314242,9.366687532471486,0.5336424948541599
2061,31,375.64516129032256,429.96774193548384,7.366353600868409,5.420612188675919,0.6771326430858591
2062,47,376.02127659574467,436.468085106383,9.783262138033916,6.53699678610277,0.7439981234541302
2063,49,376.7755102040816,19.408163265306122,8.544721319334142,7.290302046024697,0.5215942681360565
2064,94,376.1170212765957,43.734042553191486,12.866719903899517,9.948317539016532,0.6341840721764772
2065,29,376.0689655172414,53.58620689655172,6.728462016125951,5.500630044211441,0.5759048965827146
2066,97,376.1546391752577,137.659793814433,11.978776610215586,10.453935327394335,0.4882483052732822
2067,51,376.52941176470586,210.76470588235293,8.742649982078744,7.393674141563164,0.5336558797677029
2068,83,375.31325301204816,227.57831325301206,13.193140702760244,8.109676174688596,0.7887697045007729
2069,136,376.3529411764706,324.0,19.140317460432907,9.647120432282081,0.8636914445092541
2070,33,376.5151515151515,468.4848484848485,7.048354408345361,5.990752166544008,0.5268625937105205
2071,59,376.89830508474574,60.186440677966104,9.307366837760483,8.149478676377942,0.483046967142095
2072,67,377.5223880597015,114.29850746268657,10.629259037638445,8.402383637752296,0.612467580552825
2073,52,377.34615384615387,392.03846153846155,8.741408255768567,7.6329770023889685,0.4873662820211302
2074,66,376.90909090909093,400.6969696969697,10.920896207999835,7.775981617107596,0.7021512821093965
2075,23,376.69565217391306,448.6521739130435,5.832480626579877,5.086132930869569,0.48944178203986705
2076,13,377.6923076923077,273.3076923076923,4.675998736474143,3.8065818528295225,0.5807692944107328
2077,29,377.55172413793105,351.7586206896552,6.681787057485472,5.536655494147085,0.5598130101405144
2078,59,378.135593220339,454.50847457627117,10.741335615180201,7.405191850371912,0.7243706703860836
2079,6,377.0,14.5,3.265986323710904,2.0,0.7905694150420949
2080,63,378.1111111111111,126.44444444444444,10.498822464426357,7.803389817591385,0.6689989627339097
2081,78,378.4102564102564,8.282051282051283,13.943710809715897,7.589935236166381,0.8388732647088699
2082,51,378.7450980392157,67.74509803921569,8.647747960623343,7.618347306750626,0.47318487260834724
2083,49,379.18367346938777,145.48979591836735,8.24303028474983,7.8662797812721,0.29886736570785416
2084,49,377.6734693877551,179.48979591836735,8.372360952689641,7.501838635074678,0.4440050702157854
2085,87,380.48275862068965,188.13793103448276,12.500250915810525,9.987813091728029,0.6013190535364737
2086,67,378.02985074626866,218.76119402985074,10.021823435109031,8.569849208115953,0.5184321651099557
2087,62,379.64516129032256,444.96774193548384,13.327634020286142,6.38200992742217,0.8778937729601561
2088,37,379.1081081081081,108.4054054054054,7.5779561302364264,6.631300220326194,0.483982505203701
2089,53,378.811320754717,171.32075471698113,9.086493494476365,7.4563569743102605,0.5715060610705966
2090,49,378.7959183673469,203.6530612244898,9.109778231842888,6.926088921388682,0.6495817939738333
2091,16,378.625,277.4375,5.0420400923290005,4.03303009006218,0.6001591575484752
2092,69,379.2463768115942,234.82608695652175,10.89626498527307,8.153705878779752,0.6633572800158007
2093,62,379.241935483871,82.24193548387096,10.053038464667722,8.018053078655443,0.6032196719029037
2094,30,380.9,74.73333333333333,7.238928106632992,5.282058508689686,0.6837950541164213
2095,57,380.2280701754386,268.50877192982455,9.785418944122485,7.439214570273752,0.6496485766792838
2096,44,380.0681818181818,462.97727272727275,8.588675299126594,6.685616390694884,0.6277409664649379
2097,53,380.58490566037733,525.188679245283,9.577800125137685,7.060095923291257,0.6757495823049805
2098,57,380.7894736842105,35.36842105263158,9.561938719514819,7.622958358093624,0.6036903266021243
2099,38,381.13157894736844,96.55263157894737,10.341028581775262,5.016258651883575,0.8744680347808269
2100,45,381.4222222222222,364.2,7.712976612836387,7.46814579707588,0.24995565481894566
2101,37,382.2162162162162,164.72972972972974,7.827057626580585,6.165195095130951,0.6160881238531851
2102,65,381.7692307692308,328.2,12.837135038412196,6.515700617593957,0.8616125437996887
2103,45,381.64444444444445,434.22222222222223,8.284309931913052,7.231231069407704,0.48793005614989676
2104,84,382.1666666666667,50.82142857142857,14.83504471148201,7.231883103008926,0.8731305588680924
2105,40,382.2,313.8,7.688953114696434,6.603029607687671,0.5123640451374996
2106,30,382.76666666666665,240.63333333333333,6.283778480530452,6.123063431436929,0.22471808759223078
2107,48,383.0833333333333,428.3125,9.752674812318753,6.2884860043881465,0.7643546815649522
2108,33,382.6363636363636,458.24242424242425,7.429268644494074,5.9841924080167175,0.5926110471531739
2109,46,382.69565217391306,152.47826086956522,8.830291634792525,6.751283202533279,0.6445531768089671
2110,20,383.3,597.6,6.484815998368868,3.8402033106723903,0.8058028832560565
2111,62,383.69354838709677,387.258064516129,11.714891286563333,6.8391380404783755,0.811898456776903
2112,71,383.6056338028169,398.0,11.687053425467973,7.898681902884882,0.7370402288516467
2113,32,382.8125,468.125,7.445508788509167,5.545439466826119,0.6672840880159939
2114,42,383.57142857142856,581.7380952380952,8.227952350118667,6.610074914371986,0.5954826651707911
2115,51,383.98039215686276,11.372549019607844,9.704541317588642,6.784277008780103,0.7150408167347225
2116,58,385.2931034482759,19.103448275862068,11.57465947269884,6.679776215624681,0.8166710341058073
2117,35,382.8,104.0,7.517504731552905,5.970521133961396,0.6076357807007304
2118,16,384.4375,109.5625,4.907196016073746,4.21834413719767,0.5109269460612573
2119,49,384.9795918367347,182.44897959183675,9.774535279858025,6.527957451809233,0.7442927666249928
2120,23,383.3478260869565,225.2173913043478,6.134224306992571,4.794138976084435,0.6238556832646522
2121,63,384.07936507936506,416.85714285714283,12.391798688873635,6.641630197794875,0.8442371377122712
2122,62,383.9193548387097,517.3064516129032,11.315460969097499,7.032101927655129,0.7834462054169209
2123,78,384.52564102564105,549.7179487179487,12.447298753340712,8.101082729166112,0.7592229907235682
2124,30,384.76666666666665,170.76666666666668,7.80355165917799,4.982873262183664,0.7695893390949496
2125,40,384.325,210.5,8.174062356238322,6.188271535439245,0.653343105406776
2126,55,384.7818181818182,442.43636363636364,10.610056437735707,6.778326537761803,0.7693241193214112
2127,66,385.8333333333333,28.96969696969697,11.666828504465418,7.196499995710161,0.7870930352496858
2128,93,384.19354838709677,132.65591397849462,13.283654067279473,9.384113629721828,0.7077722541712652
2129,49,384.7755102040816,248.3469387755102,8.882776854759477,7.182518376285848,0.5883734643103654
2130,63,384.36507936507934,254.8095238095238,10.650170248328115,7.671047823774301,0.6936889827577322
2131,70,383.95714285714286,410.7857142857143,12.798816691027005,7.250452869972517,0.8240658634529231
2132,44,385.3636363636364,92.18181818181819,9.639531348005127,6.00592798225358,0.7821805250444305
2133,78,384.06410256410254,159.35897435897436,14.07213533742761,7.622589431126547,0.8405850046805374
2134,31,385.4516129032258,204.83870967741936,6.5135634707132395,6.1662811037742395,0.3221659830059137
2135,57,385.70175438596493,502.280701754386,10.09999870592353,7.18728047275331,0.702572654015544
2136,19,385.57894736842104,510.10526315789474,5.544698233777089,4.2956952169149805,0.6322808964466017
2137,57,385.50877192982455,532.561403508772,10.294992604079322,7.200437953470585,0.7147190483639495
2138,107,385.89719626168227,63.06542056074766,13.593194285945774,10.192383922916322,0.6616472930428315
2139,74,386.3378378378378,141.8108108108108,9.937241170022421,9.610719025058886,0.2542384390419766
2140,53,385.62264150943395,176.79245283018867,11.138916989461462,6.316670040354998,0.8236619152041537
2141,137,384.57664233576645,195.62773722627736,17.691706347337135,10.076655393668862,0.8219432130624118
2142,24,385.5833333333333,318.7916666666667,6.398502837617007,4.924795009079216,0.6384307460484625
2143,99,386.0808080808081,334.7676767676768,16.900202079051436,7.539857335411127,0.8949631490216565
2144,70,386.45714285714286,423.6714285714286,13.622105885240886,6.777804911219479,0.86742998778849
2145,33,385.8484848484849,587.1212121212121,7.875885614419998,5.385573499030287,0.7296643803044371
2146,81,386.22222222222223,85.4320987654321,13.863149297141371,7.580746492556234,0.8372455209275182
2147,77,385.6233766233766,575.3246753246754,10.934662338743406,9.707896041653143,0.46021132554298444
2148,43,387.3488372093023,97.86046511627907,8.891632978255673,6.113756560470759,0.72610356593873
2149,29,386.9655172413793,456.13793103448273,7.2681626534405055,5.287138680264167,0.686173273156909
2150,78,385.03846153846155,543.1025641025641,14.308526794529314,7.189538693435869,0.8645973561307994
2151,77,386.68831168831167,593.077922077922,13.1096863704446,7.613481430145192,0.8140802691936504
2152,51,387.3137254901961,72.29411764705883,9.527078805264049,6.9565476007103575,0.6832475199818059
2153,50,387.42,78.24,10.44184007208511,6.107698085940202,0.8110870536811985
2154,30,387.3333333333333,222.3,6.434539108443597,5.9926840411843365,0.3641744923883712
2155,70,387.77142857142854,232.3,10.857580181934301,8.270940865279423,0.6478516788953469
2156,32,387.78125,358.625,7.330482523737181,5.634571941965403,0.639670150148441
2157,41,387.7073170731707,463.1951219512195,8.151674071362452,6.451295713110742,0.6112889858236886
2158,54,387.8703703703704,472.1111111111111,9.888114307208324,7.570624722233522,0.6432826732954733
2159,86,385.77906976744185,478.56976744186045,13.749943321020044,8.157532245120143,0.8049980041735356
2160,72,388.0833333333333,262.09722222222223,10.978863569641204,8.503723899051755,0.6325076528835671
2161,46,388.2391304347826,150.47826086956522,9.121567598466672,6.423847260040275,0.7099538854637348
2162,59,387.8474576271187,404.89830508474574,10.631229840907832,7.478683105501541,0.7107312981286628
2163,61,389.40983606557376,555.8360655737705,13.166082408992686,6.107972188453465,0.885878560715076
2164,52,389.1730769230769,104.09615384615384,9.152088925330059,7.39519928364765,0.5891358152110154
2165,62,389.2258064516129,437.69354838709677,9.959973998921024,7.961389667200869,0.6008811233465937
2166,70,388.87142857142857,449.6857142857143,11.545404651252902,7.793872449903095,0.7377603287798313
2167,61,389.0,494.91803278688525,9.614889961629,8.22852891611376,0.5172885797602542
2168,64,389.671875,525.8125,10.54994456085625,8.225783458908923,0.6261542454361552
2169,110,389.8818181818182,49.736363636363635,15.825099788254633,9.114112306640958,0.8175006779038946
2170,49,389.7959183673469,486.85714285714283,9.530905549913276,6.609018373664778,0.7205237440663264
2171,69,388.69565217391306,561.4927536231884,12.234898712013704,7.370998449060002,0.7981514597228764
2172,49,389.9183673469388,13.775510204081632,9.300906376005749,6.791995881672952,0.6831789839831937
2173,26,389.88461538461536,24.0,6.7927754509161655,4.81493981898143,0.7053768678705312
2174,18,390.0,156.27777777777777,5.927138003598091,4.431079686156487,0.6641585062772282
2175,72,389.9166666666667,240.98611111111111,10.084095702177065,9.17588231934509,0.4147485568008803
2176,75,389.9066666666667,322.49333333333334,12.197284277792233,8.28449358889849,0.7339457975931304
2177,65,389.44615384615383,364.7076923076923,11.127886217924017,7.693336495139517,0.7225137967805483
2178,65,389.9384615384615,385.81538461538463,11.71904027472274,7.1487293784152195,0.7923938715227534
2179,30,390.23333333333335,582.6333333333333,6.283778480530452,6.123063431436929,0.22471808759223078
2180,26,390.8076923076923,597.8076923076923,8.639792904419286,3.90480085190097,0.8920405472717307
2181,55,390.25454545454545,111.07272727272728,10.061802175372438,6.99367871312002,0.7189399646914986
2182,67,390.13432835820896,168.53731343283582,10.763008484890682,8.109076008642388,0.6575385021027372
2183,86,390.3953488372093,312.3837209302326,11.824009087237114,9.32545102370806,0.6147939868321228
2184,67,390.6268656716418,395.1194029850746,10.087203502374976,8.885759607858327,0.4733131232342222
2185,73,390.75342465753425,535.1232876712329,14.622845948673687,7.004711086990773,0.8778011723983882
2186,46,391.10869565217394,270.32608695652175,8.024006806565312,7.353419727372301,0.40020096602642413
2187,83,390.0,279.69879518072287,13.425786015360057,8.630727168877932,0.7659945481559378
2188,88,391.3181818181818,340.95454545454544,13.074046878380972,8.808985403650722,0.73893520878129
2189,44,390.79545454545456,508.75,7.925961891220854,7.049221573558999,0.45716143283352273
2190,31,392.0967741935484,467.4516129032258,6.7967950268023944,5.786816068861262,0.5245110400126243
2191,46,392.5,134.58695652173913,8.37979836798932,7.24158857024674,0.5031962383837371
2192,43,392.25581395348837,226.41860465116278,8.263360076909354,6.769020496869697,0.5735639583857027
2193,61,392.344262295082,249.39344262295083,9.379466683843875,8.335985382336084,0.4583954625530934
2194,40,392.6,256.725,7.51490933068473,6.881579597126489,0.40180884033792663
2195,24,393.5416666666667,276.25,6.191009511283597,4.964234427725816,0.5975311327671137
2196,39,393.0,588.0,7.414469567970387,6.65640235470275,0.4404881959216033
2197,35,393.0,67.62857142857143,7.495041941858425,6.095888490930976,0.5818127057678328
2198,69,392.5217391304348,125.40579710144928,11.268576213586856,7.916232889049003,0.7116786536174138
2199,47,393.02127659574467,410.3404255319149,8.106373346550852,7.437664445691956,0.3977167409782945
2200,48,393.7916666666667,60.791666666666664,8.677143394922117,7.116995640605936,0.5720764487055621
2201,48,393.4583333333333,175.83333333333334,8.398188285606372,7.416077891802493,0.46926597777956025
2202,32,393.46875,210.6875,7.734329515182256,5.348085821168225,0.72240158864969
2203,42,393.7857142857143,331.7142857142857,7.41940826802374,7.280577087091959,0.19254519726705194
2204,59,393.77966101694915,455.76271186440675,9.064312213061584,8.362013940470701,0.38594806075551474
2205,15,393.6,80.6,4.618802153517006,4.026578365477733,0.4898979485566357
2206,41,394.1707317073171,98.26829268292683,8.791324522904262,6.178001245642626,0.7114483498532298
2207,42,393.54761904761904,145.5,9.34230551427869,6.165904623984464,0.7512671989078519
2208,35,394.2,151.0,7.517504731552905,5.970521133961396,0.6076357807007304
2209,109,393.22935779816515,200.54128440366972,13.95164792918967,10.138762066465203,0.6869474091430466
2210,36,394.0833333333333,462.1388888888889,7.559521448640581,6.199506624008337,0.5722310189884917
2211,40,394.075,479.85,8.190003513457008,6.638813331429185,0.5856008334196892
2212,53,393.7358490566038,572.4905660377359,10.485255110780928,6.486421602461767,0.7856878461103253
2213,90,394.1,88.82222222222222,12.515205766363355,9.335330206140764,0.6660366307155324
2214,31,394.38709677419354,115.03225806451613,7.310595256410667,5.6920215730438715,0.6275218891654317
2215,62,394.69354838709677,373.4193548387097,10.844546957652211,7.30104585563505,0.7394187396073935
2216,31,395.19354838709677,326.2903225806452,7.741572251528356,5.333166869304186,0.7248566694812313
2217,14,394.7142857142857,380.5,4.20883424647321,4.120630029101703,0.2036532699906393
2218,48,394.7291666666667,401.4791666666667,8.07664260565744,7.610559900444696,0.33479069569013786
2219,37,394.86486486486484,473.56756756756755,7.497747409470142,6.42311384973533,0.5158607041753286
2220,72,395.9861111111111,544.6666666666666,12.08910986928617,7.678635768135232,0.7723726477089362
2221,40,394.225,550.825,10.188055944042754,5.030260041096792,0.8696090564521004
2222,97,395.69072164948454,17.68041237113402,16.21619139154795,7.975115416445379,0.8707084560959866
2223,62,395.5483870967742,73.7741935483871,10.354092474466556,7.750388600107199,0.6630965919875503
2224,40,395.875,106.05,7.836395303380725,6.534593227520172,0.5519496542095377
2225,90,395.3666666666667,160.01111111111112,11.360453044935161,10.649377560040426,0.3482335034151627
2226,31,395.8709677419355,485.51612903225805,6.578606165113882,6.153921047120312,0.35347356502432875
2227,36,396.55555555555554,167.97222222222223,7.859243918439898,5.921101715415185,0.6575701747422013
2228,77,396.61038961038963,389.05194805194805,13.221744193999585,7.5291160669608,0.8220262942776401
2229,69,396.3768115942029,522.768115942029,13.587172920075991,6.91742870123249,0.8606987158611086
2230,94,395.968085106383,564.4042553191489,14.709580284944417,9.079867927205552,0.7867468383443263
2231,25,396.36,26.56,6.687593551728714,4.934054366023596,0.6750279017355161
2232,27,396.77777777777777,285.4074074074074,6.543850805592883,5.600163397367446,0.5173230437313687
2233,78,396.6025641025641,443.8076923076923,10.226417731864643,9.702965194315398,0.3158363061261381
2234,57,396.8070175438597,537.8245614035088,10.983909153133368,6.934692945398047,0.775497878074182
2235,73,395.7260273972603,580.1506849315068,12.207333412112774,7.889148103792389,0.7631147453826309
2236,53,397.0,594.8679245283018,9.921012491318335,6.907206570180144,0.7178285424645623
2237,53,396.60377358490564,139.16981132075472,11.769240929530516,6.150806658711137,0.8525675095602727
2238,51,397.80392156862746,222.98039215686273,8.409405532955805,7.753165771106467,0.3872765502796092
2239,53,397.188679245283,265.3018867924528,10.144426474115598,6.738135221546359,0.7475367767371983
2240,149,398.09395973154363,49.83221476510067,19.68725780214459,10.015159342176016,0.8609363061360874
2241,61,398.11475409836066,319.4918032786885,10.230399951871776,7.603661643288231,0.6690228061079759
2242,22,398.77272727272725,249.77272727272728,5.969620057957092,4.7272727272727275,0.6106658672991557
2243,16,398.625,452.5625,5.0420400923290005,4.03303009006218,0.6001591575484752
2244,90,398.15555555555557,493.5777777777778,11.607356375697139,10.012591773209659,0.5058739304107012
2245,58,398.7931034482759,244.10344827586206,9.891495708401935,7.4689321598906595,0.6556254967015853
2246,74,399.64864864864865,271.9864864864865,11.703921916054329,8.243727585717501,0.7098469060330521
2247,29,399.1034482758621,281.48275862068965,7.741516844661655,4.773833647387395,0.7872346732059794
2248,38,399.1578947368421,335.2368421052632,7.231551739407366,6.858559578780079,0.3170119009564198
2249,75,397.96,344.8,12.678355320335225,8.484124765583907,0.7430987179979603
2250,50,399.38,365.22,10.817078091801768,6.005499276151999,0.8317256673904015
2251,31,399.5806451612903,478.35483870967744,7.559163916558645,5.373029565325417,0.7033973991053738
2252,82,400.2682926829268,63.90243902439025,13.94565344495929,7.784921847568545,0.8296843296048945
2253,53,400.0943396226415,99.56603773584905,9.164958895398952,7.43898669885012,0.5841064837396801
2254,71,400.6056338028169,207.40845070422534,13.50651362855331,6.7901784691249905,0.8644413854509211
2255,53,399.75471698113205,555.6037735849056,10.45287352860609,6.5602190358867505,0.778536297958552
2256,75,400.36,78.85333333333334,12.868647921819743,7.567041884809855,0.8088452846130829
2257,42,400.5952380952381,143.54761904761904,8.312427399453306,6.6230659045477935,0.6042869509497214
2258,63,400.6507936507937,151.3015873015873,10.944553640415071,7.439759979655523,0.7334269821580991
2259,58,400.05172413793105,470.41379310344826,10.488566689498748,7.392958998906269,0.7093475939929967
2260,64,400.765625,589.640625,12.07392786056694,6.765718994890746,0.8282506849342192
2261,49,400.6530612244898,463.81632653061223,8.198275004950903,7.764137511643868,0.3211000919276243
2262,45,401.31111111111113,485.73333333333335,9.023869589956542,6.406162144835759,0.7042894021021727
2263,16,401.0,513.5,4.898979485566356,4.0,0.5773502691896258
2264,85,401.4235294117647,113.50588235294117,11.684479944225217,9.610777600176663,0.5687288642474534
2265,28,401.17857142857144,290.57142857142856,6.305995188444564,5.62517448161567,0.4519644269804612
2266,57,401.719298245614,519.8947368421053,10.658761004787092,6.991613367959378,0.7548044183030518
2267,43,401.48837209302326,571.7906976744187,7.9174242268835044,6.992165661050155,0.4691162644131963
2268,127,401.5275590551181,131.69291338582678,16.67655802906044,9.856917714793452,0.8066244605881632
2269,74,402.6756756756757,89.13513513513513,10.815049564195782,8.89458220629277,0.5688715387732909
2270,44,402.52272727272725,277.8863636363636,10.481259668148018,5.698576513590951,0.8392848520414317
2271,26,403.2307692307692,302.84615384615387,6.173855408725265,5.438365295239138,0.4733578746138243
2272,61,402.1803278688525,329.37704918032784,10.176178730775861,7.708497301540104,0.6528303838673729
2273,137,403.1240875912409,382.9124087591241,16.128563433004608,11.033970159356878,0.7293638101680474
2274,30,402.6333333333333,565.5333333333333,6.807245902088247,5.821727779586906,0.5182566666100114
2275,47,403.0851063829787,1.9148936170212767,10.83588623149288,5.6691290808321835,0.8522216320605319
2276,20,403.05,71.25,5.700651850964228,4.388914270534129,0.638168270197698
2277,54,403.537037037037,159.90740740740742,9.150524137601655,7.53003177381836,0.5681758673428761
2278,106,403.5,199.47169811320754,13.459959569776036,10.22509273737222,0.6503117817694526
2279,93,403.3763440860215,18.838709677419356,12.946320226160275,9.711464982765646,0.6612867306685112
2280,27,404.14814814814815,221.77777777777777,6.279895262539075,5.525643597361729,0.4751695976985267
2281,30,404.7,7.066666666666666,7.04588829813975,5.4201181087094,0.6389362037118566
2282,32,404.5,12.0625,8.117649723592201,5.004124595277727,0.7873941104100446
2283,111,405.05405405405406,340.94594594594594,16.67351392909019,8.696560474225155,0.8532027817900243
2284,37,404.3783783783784,542.3513513513514,8.048572706747873,6.215325055919292,0.6353467396638961
2285,60,403.68333333333334,551.15,12.703465629655398,6.355379601963435,0.8658596002437389
2286,34,404.20588235294116,585.3529411764706,7.980904262707049,5.5718624874067215,0.7159522305073461
2287,21,404.42857142857144,41.42857142857143,6.64389419578969,3.9376297970420513,0.8054461593960613
2288,86,405.13953488372096,104.51162790697674,12.24945217844265,9.324138771892617,0.6485310206605731
2289,30,404.76666666666665,266.0,6.663453680226516,6.027211124588603,0.4264362940798815
2290,39,405.6923076923077,81.87179487179488,7.81710050273458,6.585709696667416,0.5387358500328855
2291,12,405.5,95.0,4.47213595499958,3.265986323710904,0.6831300510639732
2292,23,405.39130434782606,139.04347826086956,6.022986689186563,4.8838689340851404,0.5852240823811456
2293,78,405.47435897435895,189.34615384615384,10.593247360758092,9.370386819340025,0.4664221364006372
2294,54,405.48148148148147,475.77777777777777,9.944356538288792,6.9508389863492654,0.7151478357972759
2295,33,406.3030303030303,152.3939393939394,7.492667952479352,5.78648725559945,0.6352742452798725
2296,36,405.8888888888889,371.9166666666667,7.054778707607901,6.542961431971186,0.37394475279279477
2297,66,406.24242424242425,498.1969696969697,9.80524112736764,8.72435459245732,0.45642008460881955
2298,71,407.80281690140845,507.0,12.778021727669099,7.2724682420523505,0.8222414490509287
2299,108,405.287037037037,530.574074074074,16.096037048506258,8.67267313874579,0.8424286114159758
2300,118,406.0169491525424,577.6525423728814,14.530969325861525,11.250587636980868,0.6328811695137669
2301,62,407.5,225.79032258064515,12.634867757097801,6.568146908024776,0.8542618503451408
2302,79,407.53164556962025,261.0506329113924,13.701750012783307,7.6175973414611935,0.8312103932392189
2303,29,406.44827586206895,298.6896551724138,6.258786926641891,5.866529742934273,0.3484510929203089
2304,19,406.4736842105263,307.63157894736844,5.695310541255228,4.169006159014704,0.681297303141852
2305,60,407.3666666666667,537.1333333333333,12.232501470938507,6.402891446416871,0.852067012448447
2306,31,406.6774193548387,547.4193548387096,8.147813372680607,5.064641963862285,0.7833386014209223
2307,115,406.83478260869566,49.53913043478261,15.90378572963496,9.730257809852711,0.7909968449439341
2308,37,406.8918918918919,292.7027027027027,7.400577890593153,6.329511085494072,0.5181784191836519
2309,22,406.8636363636364,569.0,5.565537405459625,4.972652484064488,0.4491186673637602
2310,76,407.2763157894737,63.973684210526315,11.672172014234622,8.385534400008098,0.6956084781080341
2311,77,407.0,251.0909090909091,12.117488786845527,8.099732258978863,0.7437721473245014
2312,61,407.8688524590164,490.0655737704918,9.228445327962374,8.811319098880434,0.29724916066509977
2313,31,407.48387096774195,518.2258064516129,6.575740329879375,6.154278495211291,0.3522483720493652
2314,132,406.5,124.26515151515152,18.80808137792721,9.370051031458694,0.8670662706828366
2315,50,407.62,482.14,9.251412295437587,7.073002936506263,0.6445854937672678
2316,46,408.0217391304348,73.3695652173913,8.664255117755687,6.7726140744835295,0.6236885120613803
2317,50,408.58,117.6,9.358816939232627,7.342352858446157,0.6200800207829397
2318,123,411.0650406504065,145.8211382113821,14.701617959044682,10.85596545071996,0.6743413329693282
2319,38,408.13157894736844,367.1578947368421,8.97869352619587,5.503281716763293,0.7901397102135547
2320,72,408.3611111111111,562.6666666666666,12.062574697016677,7.800789470960681,0.7627499124962422
2321,38,409.1842105263158,377.0,7.54294101743725,6.442706957516125,0.5200476368380299
2322,98,410.88775510204084,212.3877551020408,13.410421443520502,9.402685392157048,0.713016116333494
2323,41,410.0,268.8536585365854,7.537069466296709,6.887328693422943,0.4061779966441051
2324,35,410.2,218.97142857142856,8.194817472058261,5.479094524073322,0.7436179021206035
2325,41,410.780487804878,23.463414634146343,7.98728620128148,6.603483596194326,0.5625704654748084
2326,41,411.5853658536585,41.0,8.109010868355302,6.535496257134613,0.5919770734416909
2327,26,411.03846153846155,255.42307692307693,7.234956074119999,4.722954391005551,0.7575332728934875
2328,59,411.271186440678,513.6440677966102,11.247099230531365,6.7643705481696115,0.7989236491170669
2329,98,411.1734693877551,522.8367346938776,15.832340407900917,8.496125248042306,0.8438170005068157
2330,42,411.35714285714283,16.833333333333332,8.077998035717613,6.652870580731849,0.5672013922894298
2331,79,413.63291139240505,32.21518987341772,13.773936266367524,7.781148054940888,0.8251468741675985
2332,131,413.82442748091603,84.90839694656489,18.62066363858824,9.292649786846692,0.8665729572478629
2333,74,410.8918918918919,156.93243243243242,13.166023614616076,7.498907666427042,0.8219462192655902
2334,68,411.5147058823529,331.80882352941177,10.284332982844314,8.622652849141275,0.5450153493734355
2335,111,410.7927927927928,591.7657657657658,13.542408287831217,10.85749586973132,0.5976724246685351
2336,61,411.8688524590164,3.622950819672131,10.142144319694468,7.886292778312695,0.6287883851553776
2337,69,412.57971014492756,10.72463768115942,11.90777414287755,7.630425838318863,0.7677131766420562
2338,83,411.86746987951807,196.74698795180723,12.755988262363635,8.366814839957492,0.7548367477975899
2339,13,412.0,495.3076923076923,5.055900530816918,3.1378581622109447,0.7841012784167711
2340,61,412.0163934426229,544.0819672131148,10.446843016170895,7.622068970218916,0.683868798821168
2341,61,411.8524590163934,555.2459016393443,9.462602965213257,8.31524923219531,0.47728489913050065
2342,82,412.1585365853659,110.57317073170732,11.651333863327476,9.1945147850285,0.6142154424323654
2343,119,412.83193277310926,343.8067226890756,15.422330719711892,9.976083392408631,0.7626090729606704
2344,47,413.0425531914894,228.17021276595744,9.221871795238377,6.56851589776592,0.7018997204650621
2345,61,412.7049180327869,76.63934426229508,12.302228122667223,6.750873349766313,0.8359851360306356
2346,36,413.6666666666667,308.22222222222223,7.031660887021651,6.496927439765986,0.3825048952750611
2347,102,413.84313725490193,386.72549019607845,13.783188271201269,9.593340365372987,0.7180248096614135
2348,59,413.3220338983051,502.40677966101697,10.361757994916777,7.45983892350828,0.6940368209984293
2349,89,414.0,54.04494382022472,12.578100726005179,9.85088634850947,0.6217981147486393
2350,99,414.06060606060606,241.88888888888889,13.112755545715633,9.760844691702605,0.6677586588979325
2351,53,413.9056603773585,570.6037735849056,10.234944387296343,6.688985827648245,0.7568885817911721
2352,36,414.5,249.36111111111111,7.2055482599081015,6.411299839514606,0.45640400318644225
2353,32,414.75,378.53125,6.8487354436405035,6.330813361885052,0.3814802818138155
2354,37,415.2972972972973,585.918918918919,7.59202819990088,6.348323406722157,0.5484508392141193
2355,53,415.0566037735849,61.16981132075472,10.105878475552382,6.77398584104745,0.7420888450757803
2356,64,415.125,67.828125,11.364437037530546,7.202563055607632,0.7735126240073068
2357,76,414.86842105263156,481.13157894736844,10.607162239908822,9.957139092708474,0.3446848371262685
2358,55,415.56363636363636,533.3818181818182,9.319841222302651,7.925650225179927,0.5261267835057778
2359,119,416.65546218487395,102.3781512605042,14.010664014568887,11.211551761931991,0.599712439860689
2360,54,415.8703703703704,233.4814814814815,10.721248521532564,6.746941711455644,0.7771579404518341
2361,19,417.57894736842104,2.4210526315789473,6.007929625764467,3.9363446638591837,0.7554628024471173
2362,72,417.43055555555554,117.02777777777777,11.157309928758059,8.398573693902343,0.6583158545263582
2363,96,417.7604166666667,188.0,11.818352125979239,10.371828041153154,0.47938707781624657
2364,89,417.438202247191,257.2022471910112,11.869611646446419,9.580710389794849,0.5903287401062182
2365,53,417.8301886792453,497.8867924528302,11.123865978907558,6.381633945998348,0.8190735676744504
2366,187,416.6524064171123,133.84491978609626,16.866784849592474,14.389391670903132,0.5217147183943924
2367,101,417.1188118811881,274.1089108910891,15.456182399879584,8.539812870261285,0.833501227957152
2368,72,418.6111111111111,541.4305555555555,11.702584307917718,8.11701547794289,0.7203518794888619
2369,33,418.1818181818182,556.6363636363636,7.35153256548074,6.269795916894155,0.5221467984974834
2370,109,417.8715596330275,577.8990825688073,15.945097070120617,9.179474884129263,0.8176661877514548
2371,72,418.0,44.84722222222222,11.351158247511872,8.23946968930227,0.6878315009467112
2372,36,418.77777777777777,314.3333333333333,7.031660887021652,6.496927439765986,0.38250489527506093
2373,49,418.3265306122449,333.42857142857144,9.404198701890015,6.759572887211089,0.6952350712169588
2374,83,419.09638554216866,201.81927710843374,14.264808211564965,7.679619901228651,0.8427141688782781
2375,29,419.51724137931035,305.37931034482756,6.916286274935115,5.323623309192142,0.6383782539557799
2376,108,419.0,472.05555555555554,13.281449927197135,10.449082961912756,0.6172811518268508
2377,16,419.625,50.8125,5.654620339080162,3.4946772126851653,0.7861611582758199
2378,92,419.7173913043478,266.8804347826087,15.048443160923476,7.914950273219696,0.8505063831316323
2379,62,419.5,295.0967741935484,10.263833596116394,7.848608169108058,0.644403268886472
2380,140,419.82142857142856,489.35,14.085263872668511,13.532743164475804,0.2773354974028904
2381,47,420.06382978723406,87.76595744680851,9.473430123971076,6.327394677627811,0.7442424343390286
2382,35,421.6857142857143,30.114285714285714,7.36414053367147,6.0646555091971095,0.5672599346622794
2383,23,421.04347826086956,109.43478260869566,6.7053540481216025,4.566505435324863,0.7322613170295589
2384,55,421.23636363636365,248.1818181818182,8.686741024508802,8.085311738597705,0.3656188023130967
2385,122,419.5409836065574,281.2295081967213,19.226729428777727,8.377620679768377,0.9000784837156747
2386,73,420.4109589041096,353.2191780821918,12.225828311148796,7.892476086587644,0.7637116054757003
2387,100,420.45,551.07,15.316324064190603,8.827899929241147,0.8171874619959858
2388,93,421.9139784946237,72.87096774193549,12.178897303339742,9.882067977119888,0.5844786469981746
2389,115,421.5826086956522,222.45217391304348,16.40773840345415,9.238689271916328,0.8264098696352893
2390,72,421.4583333333333,343.5138888888889,10.040126582768849,9.686674386553628,0.2629992351018394
2391,122,421.39344262295083,381.1311475409836,20.02530457416043,8.075817907092697,0.9150763437218291
2392,38,421.57894736842104,503.92105263157896,7.376991582910429,6.705184305499009,0.41694420907147745
2393,21,421.85714285714283,64.0,5.617789656021407,4.712658152645074,0.5443145459415236
2394,102,421.921568627451,146.47058823529412,14.38714389779577,9.21400162526952,0.7680140504234119
2395,131,421.0763358778626,594.3511450381679,14.79475269216084,12.63445152684876,0.5203026573798722
2396,48,421.8541666666667,516.0208333333334,8.426227456360435,7.301926820923503,0.4990532981191795
2397,54,422.537037037037,561.7777777777778,8.468039522495088,8.123961708020897,0.28215960897741066
2398,61,422.57377049180326,584.360655737705,10.866082520118455,7.471652433756668,0.7260780048920897
2399,70,423.37142857142857,236.22857142857143,12.137013964024012,7.501879641765463,0.7861000413732084
2400,59,424.08474576271186,229.08474576271186,11.269746490092775,6.685446763032996,0.805039884532014
2401,79,422.30379746835445,288.0126582278481,13.080565919939838,7.832215250288187,0.8009230363793364
2402,56,424.26785714285717,39.107142857142854,10.9681978107886,6.660856110917797,0.7944816878352418
2403,53,424.07547169811323,336.3207547169811,9.375434162482481,7.373192064096024,0.6176699898033358
2404,106,422.6792452830189,531.3867924528302,17.134698344615142,8.215492454517175,0.8775608653632756
2405,85,424.3764705882353,58.0,11.56375348491714,9.42151075229645,0.5798193907589916
2406,58,425.55172413793105,81.48275862068965,9.778222960047094,7.723285450215493,0.6133058604810161
2407,11,424.8181818181818,137.9090909090909,4.271760045262084,3.411211461689767,0.601929265428846
2408,112,425.13392857142856,198.79464285714286,18.290168283431555,8.598638316527113,0.8826006315575792
2409,38,425.5,349.1578947368421,7.7126677181641785,6.399841401596377,0.5580860070050115
2410,59,425.1186440677966,444.8474576271187,9.502832496052182,7.9113949800361905,0.5539796714074211
2411,48,426.8958333333333,308.5416666666667,10.603213545755088,5.862633675595541,0.8332403001758197
2412,24,426.0833333333333,314.875,6.227095591037837,4.918892428413062,0.613212996501429
2413,25,426.12,392.92,5.88228334175228,5.5665018357442095,0.3232414966724364
2414,112,425.39285714285717,524.2946428571429,17.329677149260917,8.797459866715261,0.8615617165170227
2415,63,425.6190476190476,543.7460317460317,13.671591640994535,6.586682184791558,0.8762928998769748
2416,56,426.10714285714283,89.55357142857143,10.404976877678328,6.974935231319488,0.7420486256365213
2417,105,425.6190476190476,100.66666666666667,16.10576540588502,8.586244526393049,0.8460420275167931
2418,139,427.2589928057554,116.46043165467626,16.56994387196186,10.888273535322654,0.7537948188490475
2419,204,427.72549019607845,129.87254901960785,23.528486037483123,11.516554568799384,0.8720185502154023
2420,23,427.04347826086956,209.6086956521739,5.59009971803031,5.242902365874441,0.3469309621253001
2421,59,427.20338983050846,386.54237288135596,9.994556520409672,7.826157568516884,0.6219688253504251
2422,49,428.51020408163265,65.44897959183673,10.72468248136936,6.366294614860771,0.8047517714350568
2423,33,427.3939393939394,275.1212121212121,8.047458486207802,5.294853485895175,0.7530585570859782
2424,34,427.2352941176471,503.8529411764706,6.873626403876219,6.507300174547487,0.32210033617461037
2425,54,427.7962962962963,45.05555555555556,9.355112022559217,7.3074073908949755,0.6243886474790589
2426,39,428.8974358974359,355.6666666666667,7.628229850410628,6.607487649950002,0.49971679404804764
2427,33,428.3030303030303,370.57575757575756,7.04394184537545,6.09798773737503,0.5005515838416128
2428,62,429.53225806451616,376.4032258064516,12.112415628089249,6.962595286664628,0.8182719647735458
2429,87,428.41379310344826,469.04597701149424,11.038549230715962,10.023994277141492,0.4187754332393145
2430,33,428.6969696969697,539.2424242424242,7.054702984992288,6.085535059446165,0.5058507507484292
2431,55,428.9818181818182,190.98181818181817,9.961138893926192,7.091713907849562,0.702242264132934
2432,47,428.59574468085106,292.6170212765957,10.01641480557648,6.2217291320322925,0.7836890807249137
2433,92,427.4347826086956,401.8369565217391,12.131278629478324,9.841769871394378,0.5846685511254192
2434,59,430.6271186440678,409.3898305084746,13.46138966097948,5.790050570480296,0.9027703914225137
2435,105,428.9142857142857,495.87619047619046,12.69602698096909,11.472969950630658,0.42823763386687064
2436,105,429.34285714285716,146.89523809523808,17.541618701337622,7.847775293400227,0.8943438006130103
2437,48,428.5208333333333,253.39583333333334,9.311872107926254,6.666469502173009,0.698191788708023
2438,61,429.0163934426229,33.98360655737705,12.073042471876246,6.760802871670264,0.8284982567605266
2439,38,430.2894736842105,70.60526315789474,7.594452300447945,6.4208520733337,0.5340290725411692
2440,32,430.34375,285.875,8.18087405104924,5.043081871323248,0.7873957713634343
2441,37,429.97297297297297,364.3783783783784,7.717384351831464,6.096441197494416,0.6131556659218289
2442,76,429.8157894736842,593.1315789473684,14.77206104106711,6.860869562857471,0.8855998473639373
2443,44,430.40909090909093,76.61363636363636,8.04291022506903,7.062707911655725,0.47842502839159823
2444,127,430.20472440944883,242.92125984251967,16.604644194774323,9.947314637202448,0.8006979880678463
2445,109,430.7522935779817,517.2844036697247,15.504416002871668,9.952987106909463,0.7667504297281283
2446,65,430.03076923076924,581.5692307692308,9.744259960759015,8.959946451887928,0.3930661357725658
2447,39,430.6666666666667,28.307692307692307,7.83388263921284,6.3208462038906,0.5907427620619875
2448,35,431.0571428571429,342.42857142857144,7.299515518643141,6.0436787460060035,0.5607928477972087
2449,38,431.2105263157895,348.94736842105266,8.045067657824186,6.172711814557212,0.6413282656423207
2450,71,431.77464788732397,96.19718309859155,12.015490874423872,7.550512861399795,0.7778918303644844
2451,81,431.48148148148147,270.34567901234567,11.898481980433917,8.909148862292241,0.6628372650618347
2452,23,431.7826086956522,20.391304347826086,6.013934515175301,4.820294404911255,0.5979667161426384
2453,54,432.25925925925924,201.2037037037037,12.49123353769409,5.67059446919669,0.891019041877554
2454,45,431.8888888888889,234.88888888888889,8.349807187376268,7.025120986282814,0.5404886856572872
2455,61,431.9836065573771,297.8688524590164,9.668613410219233,8.376923432487835,0.49934401909473985
2456,29,431.41379310344826,305.0344827586207,6.613105792509087,5.594757772746148,0.5331660344877884
2457,44,432.27272727272725,532.1590909090909,8.845123108280315,6.479732841347191,0.6806842805586213
2458,53,432.54716981132077,59.83018867924528,11.20291202661358,6.188673113382683,0.8335682598790835
2459,104,432.78846153846155,259.9519230769231,13.665735460865235,10.22978796884935,0.6630534265822903
2460,64,432.59375,395.703125,9.859494229004882,8.455151819939097,0.5143765169550246
2461,70,433.2,227.21428571428572,11.696181553035476,7.8337411460769335,0.7425694143065068
2462,27,432.77777777777777,479.2962962962963,6.090770004214633,5.640819487175408,0.37721469781612604
2463,82,432.7926829268293,508.3292682926829,14.815725918910655,7.185601816630573,0.874515096155436
2464,31,433.96774193548384,502.2258064516129,7.49981273767091,5.347687544504304,0.7011204974547918
2465,76,434.4605263157895,280.85526315789474,13.140230393904956,7.4569305574841405,0.8233812742380731
2466,67,434.04477611940297,488.5970149253731,10.15903193626343,8.390616553524302,0.5637773949641082
2467,21,434.14285714285717,173.1904761904762,5.316632771645399,4.992156306471802,0.3440002546706884
2468,75,435.06666666666666,251.10666666666665,15.684308317164955,6.543392371180366,0.9088176584166794
2469,39,434.64102564102564,368.0,7.952936111419023,6.301955790618613,0.6099937971728072
2470,41,434.8292682926829,12.048780487804878,7.731927902367966,6.743065092639784,0.4893159891942521
2471,33,435.1515151515151,211.3030303030303,8.301178430439519,5.261001026340458,0.7735251840896432
2472,48,435.0625,216.52083333333334,9.48724305562406,6.6022300342941165,0.7181328157822882
2473,109,435.1651376146789,380.7798165137615,15.632447046911548,8.943856091562454,0.8201600859125305
2474,56,436.32142857142856,585.4107142857143,9.27621806180702,7.974944366795214,0.5107666799798449
2475,26,436.34615384615387,48.84615384615385,6.371547438102486,5.161975086563814,0.5862083344163539
2476,68,435.47058823529414,80.30882352941177,12.01612336243772,7.417153323325833,0.7867539442656603
2477,20,435.55,291.25,6.259115876723552,4.169348683157498,0.7458408162122024
2478,42,436.3333333333333,405.1904761904762,8.350503151155886,6.436973667986708,0.6370183945731862
2479,62,439.5483870967742,239.11290322580646,12.00295250117256,6.802085064403264,0.8239235328725801
2480,30,436.3,287.1333333333333,7.017836302446125,5.629582209568622,0.5970795441122541
2481,57,436.43859649122805,353.35087719298247,10.041552472460067,7.488953814570343,0.6661739340495721
2482,68,436.3529411764706,593.4264705882352,10.869090007667708,8.08890329115517,0.6679438869305958
2483,117,437.5811965811966,125.13675213675214,15.364710896309367,9.99142867027814,0.7596910323128762
2484,45,437.0888888888889,339.7111111111111,8.566929535935827,6.705834187740617,0.6223259826800283
2485,38,437.1578947368421,388.2894736842105,8.51497914537219,5.755340043658811,0.7369862748644969
2486,35,437.54285714285714,44.285714285714285,8.312912513062662,5.4369086203544565,0.7564671079682559
2487,43,437.25581395348837,57.27906976744186,8.891527351247145,6.171666744466178,0.719872346694513
2488,69,437.2463768115942,70.79710144927536,10.755579605742447,8.383424154857497,0.6264658731506122
2489,97,436.319587628866,88.63917525773196,13.616932722652676,9.414618799958273,0.7224812021878807
2490,206,436.70873786407765,109.84466019417475,18.851647899007443,14.194149775378849,0.6580897770836099
2491,12,437.5,221.0,4.47213595499958,3.265986323710904,0.6831300510639732
2492,22,437.22727272727275,276.1363636363636,6.186631061489432,4.6575249068335065,0.6582069718174216
2493,83,438.73493975903614,200.90361445783134,13.844754787349183,7.8426935767126364,0.8240796145672197
2494,38,438.0,360.5,7.455128930368747,6.407232755171875,0.511237358145545
2495,23,439.0869565217391,18.434782608695652,6.028264301748739,4.808655477831727,0.6030744410856831
2496,39,438.4102564102564,28.76923076923077,8.644646321961336,5.736247988647874,0.7481224046398148
2497,43,438.72093023255815,270.2325581395349,8.232563452757889,6.687162222144916,0.5832650572387914
2498,122,438.4836065573771,442.7704918032787,16.70672092844346,9.552565438458656,0.8204071355269944
2499,34,438.9117647058824,225.91176470588235,8.035328079745602,5.499380986271704,0.7291064551247047
2500,45,438.84444444444443,296.1333333333333,8.81759290302165,6.543920453577891,0.6702408703280922
2501,123,439.2520325203252,518.089430894309,16.812938191689856,9.378335388940831,0.829972260679431
2502,56,439.01785714285717,38.660714285714285,10.556597559629033,6.876244451730369,0.7587607826703833
2503,32,439.46875,64.25,7.3934709943982,5.7724311736903795,0.6248471310199702
2504,97,439.8041237113402,496.12371134020617,13.292066316111722,9.530653430391371,0.6970544487503333
2505,33,440.27272727272725,10.363636363636363,8.691263684254661,4.8434678433762155,0.8303246040381402
2506,45,440.6666666666667,233.24444444444444,9.520482652750118,6.236445266725023,0.755580697053694
2507,47,439.8085106382979,401.1276595744681,10.609368348682782,5.830790364911219,0.8354352848243355
2508,36,440.5833333333333,448.94444444444446,8.306131935639634,5.633521751930653,0.7348437020908357
2509,24,440.8333333333333,24.291666666666668,6.5808993746834465,4.988607808270305,0.6522040287797659
2510,49,440.6734693877551,192.71428571428572,8.646359860062129,7.2691559185064625,0.5414722201962022
2511,42,440.42857142857144,391.64285714285717,10.978357210611014,5.220918107133574,0.8796807982190608
2512,105,441.0571428571429,417.93333333333334,13.703754626931715,9.920058600612538,0.6899117568870439
2513,98,441.2040816326531,96.72448979591837,13.60237521293077,9.443311826593295,0.7197436619329812
2514,104,442.58653846153845,262.41346153846155,13.681831382090815,9.858155490608034,0.6934248652264114
2515,38,441.2894736842105,504.86842105263156,7.245611072528057,6.85098702617004,0.3255171790673909
2516,63,442.07936507936506,135.1904761904762,9.980407271822097,8.033404483441767,0.5933867339775797
2517,49,442.9591836734694,83.91836734693878,8.429937535519393,7.622925802820367,0.42696455401345174
2518,50,442.46,214.16,8.750817914843735,7.240717217323844,0.5615641632794655
2519,43,442.5581395348837,2.697674418604651,8.592841921722021,6.37546643825972,0.6704542669009772
2520,42,443.0952380952381,337.1190476190476,8.146747317903804,6.584365128643572,0.5888804895130599
2521,43,443.74418604651163,77.51162790697674,8.442219930129069,6.552520187874262,0.6305350189554816
2522,85,443.49411764705883,247.41176470588235,13.351160032125435,8.12680343684247,0.7934032121908343
2523,15,443.93333333333334,269.26666666666665,5.009954596189145,3.910430418155317,0.6251156929423434
2524,83,444.4578313253012,345.1686746987952,14.309473145712342,8.000520028229301,0.8290958185061826
2525,97,443.5360824742268,352.82474226804123,14.527548651020481,9.19574717200928,0.7741625509497327
2526,76,445.0394736842105,397.8157894736842,14.235619644526697,7.192123102492561,0.8629904484548164
2527,41,443.7317073170732,47.41463414634146,8.529293392534772,6.1073672488124995,0.6980529966592581
2528,46,444.32608695652175,71.1086956521739,9.43735767265246,6.580789508516677,0.71676703077759
2529,29,444.0,198.6551724137931,6.97407727735533,5.376618357685121,0.6369037465851007
2530,71,443.85915492957747,275.8732394366197,11.65192157464052,7.999766409013942,0.7270712759565083
2531,42,444.0952380952381,292.2857142857143,8.215036953471762,6.619956604802275,0.5921414215594822
2532,32,443.34375,364.53125,6.771999540790901,5.977773182342053,0.46990108699204863
2533,67,444.7164179104478,377.4925373134328,9.79882515617611,8.90798238016392,0.4166068071717468
2534,50,443.84,384.36,9.579667155796894,6.96180847080313,0.6869257623672321
2535,30,444.3,17.5,6.683692120280662,5.8442216169447985,0.4852054399537456
2536,38,445.2631578947368,35.05263157894737,8.04569167871847,6.139498204966292,0.64630524465034
2537,22,444.90909090909093,42.22727272727273,5.493798156268411,5.129722174423959,0.3579789930628059
2538,40,445.175,62.725,8.16347429873363,6.297434983698955,0.6363311239972897
2539,30,445.1333333333333,115.4,6.856736028140453,5.681026309505139,0.559941479473866
2540,44,444.5,254.5909090909091,8.639499020051337,6.505208249432326,0.6580648215017013
2541,36,445.02777777777777,298.3611111111111,7.625096916539013,5.979893943983327,0.6204595905575132
2542,30,445.3,22.5,6.551271891648438,5.992286981475752,0.4041892926170571
2543,95,445.81052631578945,230.30526315789473,18.76824568002044,6.608065337267507,0.9359670765930933
2544,96,448.5833333333333,405.9375,15.595170735233976,8.69580580669731,0.8301124202891047
2545,93,445.8709677419355,527.4731182795699,11.43774660759562,10.50330215555624,0.39588127957136543
2546,30,445.3,29.033333333333335,7.092756859896822,5.413103455068587,0.646177083182875
2547,33,446.0,450.45454545454544,7.002411580409992,6.268716820126488,0.4456193087586483
2548,31,446.9032258064516,192.19354838709677,7.289948954529379,5.404090938441835,0.6711659850292946
2549,38,446.3157894736842,411.63157894736844,7.372469515743588,6.679537583194221,0.42325440093592603
2550,36,446.8888888888889,503.05555555555554,7.4968728057191205,6.359156661343632,0.5296100490752982
2551,65,446.7846153846154,516.6923076923077,11.682395194284275,7.2304900055134524,0.7854525482213747
2552,73,445.05479452054794,285.86301369863014,13.720163364767375,7.215702911757756,0.8505342838303811
2553,79,447.9493670886076,424.8607594936709,11.477892051878532,9.512573088357035,0.5595841665919249
2554,117,447.43589743589746,125.3076923076923,16.299246984456264,9.550683068882096,0.8103410282170387
2555,52,447.9807692307692,391.6923076923077,10.221303720224148,6.481067828665303,0.7732719802134199
2556,63,447.7142857142857,432.4920634920635,10.841920203331036,7.5720612937011635,0.7157018693677533
2557,87,446.35632183908046,457.5287356321839,14.087240274981346,8.453344225242821,0.7999467522018988
2558,129,448.38759689922483,493.6821705426357,17.133813667340085,9.996592336077141,0.8121545641734657
2559,28,448.85714285714283,83.64285714285714,6.799991592076638,5.288118378056613,0.6286783602715025
2560,68,449.04411764705884,91.48529411764706,12.839120070298396,6.983512910266991,0.8391341121540802
2561,44,448.97727272727275,366.77272727272725,8.066664118588545,7.077726983578447,0.4797514288187332
2562,27,449.7037037037037,11.222222222222221,6.090770004214633,5.640819487175408,0.37721469781612577
2563,27,449.77777777777777,77.55555555555556,6.581104928481457,5.234988758634838,0.6060094802829507
2564,45,449.3333333333333,179.26666666666668,8.45320502576777,6.794196241654513,0.5949779282412375
2565,48,449.8125,198.8125,8.695800261850845,7.205881241920481,0.5597489683431273
2566,35,449.34285714285716,267.8,8.187760048338047,5.609664918057063,0.7284225519199269
2567,76,450.57894736842104,281.0921052631579,12.57832899879819,8.01791897187442,0.770500725442527
2568,38,449.8157894736842,40.3421052631579,7.7452240079391235,6.350813704300623,0.5724134569815986
2569,23,449.82608695652175,361.30434782608694,5.856732860562065,5.064163321152048,0.5023338133541065
2570,90,449.7,444.26666666666665,12.538237063509843,9.542498520088685,0.6486676584409936
2571,106,450.9811320754717,66.26415094339623,15.562313900106373,8.961859186152168,0.817541755282103
2572,211,449.85781990521326,105.91469194312796,19.856311539872802,13.781565930322065,0.7199125787387616
2573,77,450.87012987012986,226.2207792207792,12.985502794428008,7.715035121847586,0.8043714034286646
2574,50,450.86,118.7,8.972696894309315,7.176148719393428,0.6002983890187885
2575,36,451.19444444444446,256.69444444444446,7.263085884273489,6.414734445444209,0.4690025111666914
2576,42,450.85714285714283,291.0952380952381,8.190519669414341,6.666613249329724,0.580945237970908
2577,56,451.7142857142857,54.69642857142857,10.257521651347316,6.948982055881088,0.7355666697395008
2578,17,450.70588235294116,296.88235294117646,5.133511583357983,4.261357712064667,0.5576059269303896
2579,65,450.9076923076923,342.7692307692308,12.984597447066578,7.359733210152008,0.8238520661700582
2580,71,451.8169014084507,415.53521126760563,10.885452583589784,8.418205044227973,0.6339860107058446
2581,18,452.1111111111111,22.27777777777778,5.076445469458138,4.46191816837747,0.4769224904060804
2582,53,452.39622641509436,273.0377358490566,9.901034735016813,6.9037103364183565,0.7168070278103222
2583,32,451.65625,378.71875,6.763648242668348,6.17226153443366,0.4089340327970019
2584,49,452.7142857142857,146.3877551020408,8.820824298816342,7.076235487078317,0.5970294766950809
2585,56,452.44642857142856,384.85714285714283,10.001192704811341,7.183571222006263,0.6957629761034871
2586,21,452.76190476190476,397.04761904761904,5.4289194994095595,4.943750121969875,0.41321736272308657
2587,32,452.40625,518.1875,7.175052555948437,6.067577425907131,0.5337391096189393
2588,53,453.45283018867923,193.69811320754718,10.366203491758798,6.509132803953917,0.7782789554021967
2589,78,452.0897435897436,335.2564102564103,12.670964501244958,8.134082148696743,0.7667493765764566
2590,28,453.64285714285717,422.32142857142856,6.8648786895132785,5.240732516830096,0.6459115494928429
2591,34,454.0,15.852941176470589,7.8589477794036195,5.531437552056646,0.7103590755307364
2592,44,453.90909090909093,36.54545454545455,9.256285270793198,6.117893510206418,0.7504345318619796
2593,25,454.16,75.24,7.74252046703478,4.252314289601316,0.8356805879877236
2594,36,453.8611111111111,391.0,7.289225985725141,6.489537588247428,0.4553906472326982
2595,54,454.27777777777777,489.64814814814815,9.89535855587354,7.152818453961823,0.6910093612900814
2596,9,454.3333333333333,220.88888888888889,3.885753375057407,2.7954428906961324,0.6945875203623408
2597,54,455.01851851851853,81.5,8.871097170475474,8.089888514168798,0.41032854562126786
2598,62,455.3709677419355,88.74193548387096,9.784360655267331,8.490914615077639,0.49690534560393246
2599,47,455.0,204.10638297872342,8.865265644110725,6.743983006925004,0.6490804289059541
2600,72,454.4166666666667,262.65277777777777,13.71546276844073,6.787354404548817,0.8689677122947339
2601,93,455.1720430107527,524.4623655913979,12.288008236776841,10.182897766926379,0.5597140946018937
2602,44,456.02272727272725,29.636363636363637,9.120297307024074,6.102594909937509,0.7431522453197716
2603,61,455.6393442622951,140.34426229508196,10.703061882086038,7.334501331203276,0.7282878686490528
2604,71,455.32394366197184,236.7887323943662,11.649753540850318,7.816734234060154,0.7414767990773409
2605,58,455.6896551724138,513.8965517241379,12.325346120445023,6.23901593398737,0.8624196546096482
2606,34,456.29411764705884,122.67647058823529,7.26988403555535,5.987876790859898,0.5670911194413104
2607,56,456.14285714285717,433.30357142857144,9.046595140779978,8.181046664216101,0.4268482054791142
2608,59,455.9830508474576,507.4406779661017,10.44163082023065,7.391904851503953,0.7062863326859747
2609,12,456.5,44.5,3.8297084310253524,3.8297084310253524,0.0
2610,32,457.15625,116.625,6.910158200998827,5.840298677051427,0.5344883724417774
2611,39,456.7435897435897,287.20512820512823,7.452184367461509,6.669584476925691,0.4460985891883544
2612,61,457.72131147540983,443.11475409836066,9.779353225840838,8.350482013999132,0.5204551842816998
2613,58,457.32758620689657,501.32758620689657,10.97271303250828,7.068144383084922,0.7648937234272644
2614,24,458.0,62.708333333333336,5.7130455003342036,5.291502622129181,0.3769982222431136
2615,30,457.8333333333333,151.83333333333334,8.47104407288205,5.2553962831615,0.784289245016779
2616,87,457.735632183908,348.01149425287355,11.896885786074238,9.819582934252868,0.5645614499215451
2617,96,457.15625,453.0729166666667,12.80443407584233,9.655953615238117,0.6567479667568686
2618,96,457.84375,462.4375,13.56269147155546,9.22498103235973,0.7330513216103374
2619,85,459.2,70.12941176470588,11.814390554477672,9.342211902494668,0.6121411361027528
2620,56,458.6607142857143,189.94642857142858,10.208671494101404,7.183979185504803,0.7104839301250444
2621,88,459.57954545454544,426.8181818181818,13.16563575063197,10.010878491633155,0.6494791265578231
2622,56,458.6607142857143,134.625,11.623852385307664,6.296932733246107,0.8405557109556987
2623,69,458.5507246376812,228.94202898550725,10.423254482089776,8.830937982147057,0.5312195026700953
2624,34,459.7352941176471,19.470588235294116,7.237784930922453,6.126854390814083,0.5323734643240328
2625,58,458.7758620689655,268.2068965517241,10.288451476082747,7.237623935479455,0.7107242821166282
2626,84,459.1666666666667,407.07142857142856,11.766347048913717,9.241642300368813,0.6189504584456893
2627,135,459.962962962963,100.24444444444444,15.441505640078216,11.302755269459178,0.6813343301875305
2628,44,460.09090909090907,146.88636363636363,8.085203459804992,7.0915895283321895,0.48029480374799083
2629,71,459.7464788732394,216.30985915492957,11.238562344264844,8.086016759759465,0.6945043179107104
2630,103,458.1650485436893,325.09708737864077,12.238850208252622,10.915055519460541,0.45235753417583174
2631,65,459.55384615384617,416.32307692307694,11.337879915046821,7.42639979688816,0.7556221145300965
2632,36,460.6111111111111,196.55555555555554,7.829944394198076,5.868991157219375,0.6619395828962892
2633,44,460.8636363636364,355.3863636363636,9.044354652627268,6.285992245006063,0.7189920196235174
2634,101,460.7920792079208,494.3762376237624,18.73292849735852,7.8110118510185735,0.9089216533430678
2635,47,460.5531914893617,565.8510638297872,9.064093225130582,6.607177830676126,0.6845778581711033
2636,71,461.0281690140845,2.323943661971831,14.629698344227622,6.184822512492956,0.9062425969603602
2637,47,460.97872340425533,128.74468085106383,8.550973085273174,7.172700439171425,0.5444136904842413
2638,70,460.9428571428571,334.14285714285717,12.590474363427836,7.294893111482036,0.815044902220599
2639,69,461.4927536231884,533.7246376811594,11.27597194064903,7.893357510878113,0.7141274430351463
2640,56,461.92857142857144,39.357142857142854,9.454858557086508,7.553451479775633,0.6014687925014781
2641,61,461.8196721311475,78.0327868852459,10.828015477755304,7.27809654044815,0.7404111522567587
2642,65,461.83076923076925,156.7846153846154,9.643394564805059,8.71187554933006,0.4287916462507648
2643,56,462.23214285714283,437.19642857142856,9.916740034600595,7.379999290997891,0.6679611963742801
2644,95,462.4315789473684,558.7578947368421,12.510908894631475,10.180538473793057,0.5812389601359742
2645,74,462.55405405405406,342.5945945945946,13.027055464369326,7.399632080550686,0.823014536726795
2646,63,462.41269841269843,523.984126984127,12.06563889501017,6.81798048759612,0.8250401320782278
2647,58,462.12068965517244,573.0,10.34584315065391,7.541114284421111,0.6846171731956173
2648,35,462.25714285714287,30.057142857142857,9.028914390344607,4.979665880234022,0.8341588116982778
2649,59,463.2881355932203,223.88135593220338,10.655628102711367,7.170250187721394,0.7397267967733517
2650,78,463.29487179487177,51.55128205128205,13.670253160411901,7.309890607028564,0.8450231532350932
2651,31,462.80645161290323,185.09677419354838,6.968326378158106,5.723436385035038,0.5704242460778911
2652,113,462.91150442477874,112.53097345132744,14.993806078990218,9.823260841234458,0.7554948484831445
2653,37,463.7567567567568,140.02702702702703,7.43058770598685,6.310943081225064,0.5278791304721839
2654,32,463.84375,400.71875,7.233729249900941,5.6583487997054025,0.6230055841122506
2655,35,463.48571428571427,551.2285714285714,7.553988620545046,5.897778101363331,0.624843284634031
2656,41,464.3170731707317,506.7317073170732,8.293029201448972,6.33049453143407,0.6459835984264506
2657,38,464.63157894736844,206.23684210526315,10.066197457525883,4.9013742256755,0.873449819189918
2658,115,465.04347826086956,236.0,14.39933115069557,10.420855725765549,0.6901103547888658
2659,35,465.57142857142856,453.45714285714286,7.565142361329445,6.124928040540421,0.5869475555377687
2660,7,465.2857142857143,18.0,3.0237157840738176,2.799416848895061,0.377964473009227
2661,47,465.4468085106383,211.14893617021278,9.1663992460641,6.872882819634714,0.6616748395741658
2662,37,466.0,244.83783783783784,8.968413038683735,5.220625499524167,0.8131082437066578
2663,17,466.0,35.64705882352941,4.752708206288037,4.538188593408449,0.2970442628930025
2664,37,466.2432432432432,145.51351351351352,7.03535120022496,6.821085559906915,0.2449154973397281
2665,21,466.0,358.0,5.0896720822428145,5.0896720822428145,0.0
2666,56,465.9642857142857,595.6964285714286,9.261181753006163,7.701106618534155,0.5554546043389367
2667,64,466.265625,545.15625,10.034765608683015,8.217904108030988,0.5738744321897148
2668,23,466.69565217391306,567.695652173913,5.679395962036342,5.233457173109932,0.3884227260863869
2669,39,467.46153846153845,130.33333333333334,8.368420961111404,6.064937659711341,0.6890214096982298
2670,20,466.85,135.5,5.707122927623922,4.633438020410909,0.5838391939535729
2671,46,467.04347826086956,188.43478260869566,9.257708806926262,6.641503779090412,0.6966588841073975
2672,35,467.0571428571429,194.02857142857144,7.769169116755115,5.848356738553234,0.6582896122429026
2673,36,467.1388888888889,366.3888888888889,7.3450056870841,6.163534948521058,0.54390564390978
2674,74,467.2567567567568,413.22972972972974,10.304322764209932,9.531036396746833,0.38007627196656346
2675,56,466.2857142857143,424.10714285714283,9.772831604823239,8.115362552747937,0.5571672084860048
2676,72,465.40277777777777,447.75,13.512068641456521,6.947860567157782,0.8576723119527264
2677,30,467.6,105.56666666666666,7.179794470211181,5.460717924816648,0.6492589344323801
2678,60,467.4166666666667,495.1,11.596023009824036,6.687885010314326,0.8169280871891578
2679,53,467.58490566037733,516.0,10.523351939564524,6.361169321313406,0.796619340697545
2680,34,467.1470588235294,124.70588235294117,6.995797057561649,6.336580239762461,0.423770513325079
2681,96,468.1145833333333,332.0208333333333,15.227882554994332,8.229696977151935,0.8413850818965644
2682,71,467.80281690140845,460.0,11.157049582569202,8.179128671329835,0.6801309481763252
2683,35,468.62857142857143,47.51428571428571,7.933323093309154,5.706667868954301,0.6946697499461595
2684,59,468.50847457627117,152.864406779661,10.294919266140772,7.380046244976382,0.6972141019632833
2685,48,468.4583333333333,180.64583333333334,8.07170020101118,7.603481678992451,0.33563370436635975
2686,47,468.02127659574467,432.1276595744681,8.458155298214647,7.288880887788727,0.5073199961679433
2687,81,468.3333333333333,528.2098765432099,13.600422309382903,7.787472635362847,0.8198415195651165
2688,53,468.92452830188677,199.8679245283019,9.870464615125151,6.841598011241382,0.720804525492908
2689,59,468.89830508474574,219.79661016949152,9.708859675666096,7.782783068047833,0.597838464041474
2690,36,469.25,419.47222222222223,8.459887608825168,5.988522389661617,0.7063401614110677
2691,64,468.625,574.46875,11.244599087990105,7.334396113544187,0.7579957774547676
2692,95,469.7263157894737,96.73684210526316,12.28379027383552,11.174308587501102,0.41531161975146125
2693,42,469.14285714285717,538.2857142857143,7.578680839241557,7.1165461700163295,0.34385774190523877
2694,27,469.1111111111111,551.8148148148148,6.0123330037638585,5.94995129719206,0.143678789019417
2695,20,469.95,407.85,6.502025444602312,4.0649311332105125,0.7804812329140707
2696,34,469.97058823529414,563.1176470588235,8.083191068202215,5.55853544313455,0.726027210848504
2697,113,470.94690265486724,439.929203539823,15.53269033754876,9.39353745894221,0.7964083776893675
2698,36,471.75,116.61111111111111,7.799173793727499,5.979392531755583,0.6420413686812522
2699,96,471.375,170.125,13.35381786224254,9.19287125088704,0.7253239392964912
2700,36,471.5,509.44444444444446,8.114938612090118,5.645898191053155,0.7182924197861073
2701,54,472.48148148148147,110.77777777777777,11.43608659211479,6.144399593592984,0.8434028795972517
2702,98,472.5408163265306,323.3061224489796,13.25030185101014,9.812809237861838,0.6719764611836926
2703,55,470.8545454545455,341.76363636363635,10.741144181524318,6.740310720868516,0.778598347562901
2704,46,471.5652173913044,557.4130434782609,8.627452218884182,6.989727688802434,0.5861910332878298
2705,38,472.86842105263156,12.657894736842104,7.816027846088586,6.284661194280591,0.5945298471196929
2706,67,472.4179104477612,228.44776119402985,11.128502523337565,7.730856629051202,0.7193094967320968
2707,127,472.6929133858268,400.74015748031496,13.495930632851229,12.222150686171807,0.4240954850375104
2708,51,473.01960784313724,428.0,9.193448644242494,7.207283731113271,0.6208130239290978
2709,21,472.42857142857144,580.8095238095239,5.767159369534862,4.678382743709163,0.5847536397031423
2710,33,473.1515151515151,542.7878787878788,7.525981912610588,5.696856891001349,0.6534628114443528
2711,36,473.25,40.638888888888886,8.300878200640712,5.5785403517544365,0.7405128607833921
2712,94,473.56382978723406,237.85106382978722,13.051202311247717,9.57230366012856,0.6797517288624277
2713,23,473.04347826086956,549.0,6.044049419719316,4.894993360131707,0.5865867682928798
2714,72,474.1388888888889,123.20833333333333,11.26184453709798,8.376620512025317,0.6683962615206673
2715,93,473.4623655913978,138.67741935483872,14.446855940101047,8.442640514632236,0.8114708250620962
2716,53,474.20754716981133,188.69811320754718,8.761238903191444,7.878733498869608,0.437390619514757
2717,90,473.5111111111111,248.93333333333334,12.06545477969763,9.570588225587965,0.6089321190632063
2718,63,474.3174603174603,533.2857142857143,10.761104482345113,7.684906557548898,0.7000056114243085
2719,50,474.4,7.36,10.45279983343221,6.198820504112019,0.8051806025656869
2720,49,473.6326530612245,53.673469387755105,9.600006125457444,6.61286081854318,0.7249141442212181
2721,48,474.5208333333333,60.8125,9.101920386481087,6.7517109560255575,0.6706325479627063
2722,54,475.3333333333333,105.68518518518519,10.83766640376974,6.423048289937327,0.8054529541577771
2723,47,474.8936170212766,202.9787234042553,9.465153486277936,6.291601632481466,0.7470996472040059
2724,54,474.462962962963,455.3703703703704,10.515471673893002,6.945873397839803,0.7507922158490672
2725,51,474.15686274509807,566.9411764705883,9.327951841911027,7.089834030248712,0.6498490225574401
2726,28,474.67857142857144,585.75,6.277153108760828,5.677147339148313,0.42665523115215176
2727,60,473.6333333333333,591.7833333333333,12.037714775458031,6.464611416202616,0.8435632795424609
2728,28,475.2142857142857,48.82142857142857,7.206457415857476,4.895398931354448,0.7338539565650274
2729,27,474.4074074074074,150.92592592592592,6.421500681256116,5.2654105708259085,0.5724125976557585
2730,73,474.71232876712327,313.6027397260274,9.986967633404962,9.332538860360854,0.3560373538496613
2731,60,475.68333333333334,574.4166666666666,11.314478566723794,6.879948101131211,0.7938865876772631
2732,126,475.468253968254,493.36507936507934,14.807093223218022,10.948569746563168,0.6732511897597904
2733,47,475.17021276595744,597.2553191489362,11.416381102979113,5.37033793343,0.8824499333966255
2734,51,475.9019607843137,2.0588235294117645,11.417790726071965,5.868944747734886,0.8577796712367176
2735,64,475.703125,132.0,12.972109956487191,6.6756428174974936,0.8574213467680258
2736,66,475.42424242424244,145.1818181818182,11.86015671375878,7.364175531303196,0.7838761422214056
2737,58,476.37931034482756,420.13793103448273,9.361682457608769,8.184977699772782,0.4853746395920493
2738,60,477.5833333333333,99.83333333333333,12.662926096039934,6.188274972128767,0.8724561867670564
2739,55,476.25454545454545,178.98181818181817,10.138633452432435,7.116098335385116,0.7122957647580108
2740,91,477.4835164835165,333.31868131868134,12.102771492614679,9.810468832942073,0.5856045553364148
2741,88,476.9431818181818,411.53409090909093,11.955536574863737,9.70915158733957,0.5835112623383478
2742,49,477.2448979591837,553.265306122449,8.439561553242765,7.417178292108907,0.4770829880842307
2743,34,478.47058823529414,91.8529411764706,7.023817467697839,6.131903801905739,0.487691879291654
2744,53,477.9811320754717,224.67924528301887,11.559005770845626,6.214848722995696,0.8431598846957828
2745,46,478.30434782608694,545.6086956521739,8.849218659267542,6.660936698595911,0.6583468890285947
2746,53,479.22641509433964,183.9056603773585,11.530293978420252,6.487657560451712,0.826687088960097
2747,88,478.02272727272725,259.375,13.1363678587202,8.565009818989768,0.758212552196342
2748,169,479.08284023668637,445.7278106508876,18.46522409521423,11.856666608054656,0.7666142582972174
2749,125,478.984,461.896,15.117508258827176,11.09755793155828,0.6790560269336628
2750,51,480.2156862745098,538.7058823529412,10.958480499436646,6.095559204363547,0.8310208420956121
2751,60,479.55,560.8333333333334,10.358636925592261,7.46196108713914,0.6935990252782872
2752,51,479.3333333333333,16.352941176470587,8.604381793837678,7.576901930065589,0.4738855580543066
2753,15,479.3333333333333,42.266666666666666,4.77795383588526,3.9819092890965977,0.5526820968472156
2754,58,479.6896551724138,578.8793103448276,11.86863005627114,6.806398412578732,0.8192209504289804
2755,51,479.9019607843137,252.6078431372549,10.767644042298246,6.4619802060659275,0.7999029024624856
2756,29,480.44827586206895,567.3103448275862,7.0173306411661756,5.258897272049762,0.6620998502169704
2757,22,482.0,142.0,5.938183461095493,4.787462309427629,0.5916204286833977
2758,59,480.93220338983053,165.10169491525423,10.751653946988645,7.080185542829657,0.7525627066090863
2759,61,480.73770491803276,243.01639344262296,9.106470537930035,8.997261895678363,0.15440539763652195
2760,48,480.3333333333333,431.5833333333333,8.872628164191095,6.9321170819440665,0.6241651728045821
2761,64,480.84375,503.578125,9.990413569576013,8.167212220753875,0.5759216178452502
2762,47,481.6808510638298,25.425531914893618,9.081423502513234,6.5866372775930815,0.6884467649495252
2763,74,482.52702702702703,126.70270270270271,13.281365917337087,7.353322580369062,0.8327447460495322
2764,38,481.5,510.2368421052632,8.281315956563496,5.857625183175311,0.706883254137758
2765,68,481.75,585.4705882352941,12.682512293079666,6.9973974102660526,0.8340188787072739
2766,52,481.46153846153845,171.40384615384616,10.862948840455973,6.371340175012702,0.8099345159765051
2767,63,482.07936507936506,219.68253968253967,9.316796186207261,8.706405184597143,0.3560028164653467
2768,25,481.6,237.08,6.602976335680838,4.781035819823865,0.6897235128151317
2769,33,482.030303030303,60.81818181818182,7.141896840252407,5.853876778956921,0.5728604101637415
2770,82,482.0609756097561,195.08536585365854,11.593488601062706,9.01220363964962,0.6290677785692272
2771,81,482.41975308641975,424.5061728395062,12.025646069531879,8.842724360731738,0.6777177009541506
2772,69,483.4347826086956,100.53623188405797,14.652533571861241,6.392681512300434,0.8998085046311399
2773,56,482.98214285714283,211.85714285714286,9.621866937012765,7.517753349367799,0.6241311262052667
2774,105,483.26666666666665,322.12380952380954,16.215597588281287,8.483874009609947,0.8522147221388935
2775,91,482.6263736263736,399.9010989010989,12.021372542051793,9.864904100601018,0.5714831626764441
2776,40,483.1,408.825,8.301848465497082,6.358404835799913,0.6429569709693761
2777,47,484.0425531914894,496.74468085106383,9.138506802911685,6.792578258492518,0.6689672063135736
2778,79,482.6455696202532,531.2911392405064,11.176717930282198,9.305961800538087,0.5538442930347174
2779,30,483.1333333333333,555.8,7.115399103810021,5.5299172220195505,0.6292833280333088
2780,29,483.17241379310343,47.10344827586207,7.10353671291595,5.112171406486839,0.6943207788666131
2781,46,483.8695652173913,86.02173913043478,9.700861281262407,6.231445141309673,0.7664030565849665
2782,73,483.4657534246575,158.17808219178082,11.845917129903624,7.898160959650691,0.7452893243718866
2783,48,483.1458333333333,232.02083333333334,9.134184473741529,6.749280340211861,0.6738113271394308
2784,10,483.6,227.0,4.094996917700733,3.5596348470062886,0.49434753388894637
2785,30,484.26666666666665,91.86666666666666,7.305089852798018,5.429558608855039,0.6690060880726237
2786,42,484.42857142857144,137.76190476190476,8.504138315885086,6.296296556322363,0.6721882159462567
2787,110,483.9909090909091,149.0,13.932757697558227,10.236504849614116,0.6783837735390358
2788,53,484.64150943396226,202.9245283018868,9.353312843220497,7.33241991851766,0.6208387744780002
2789,104,483.9807692307692,270.71153846153845,12.60685924047378,10.671629122969847,0.5323984603077326
2790,58,483.6034482758621,329.5,12.120459122684716,6.472152900252496,0.8454934532932856
2791,85,484.81176470588235,546.9764705882353,12.315599318017307,9.19512016731368,0.6652464414724643
2792,153,485.37254901960785,9.18954248366013,16.58989304894344,11.95824194711707,0.6931276167804157
2793,63,484.36507936507934,120.71428571428571,11.988062725176613,6.828285314859159,0.8219287003086903
2794,60,485.15,279.43333333333334,10.176577203006502,7.7291331113825805,0.6505046947245711
2795,95,484.63157894736844,314.3578947368421,15.51852292135381,8.228740951163514,0.847839559628811
2796,142,487.6901408450704,491.36619718309856,23.663424952471402,8.503186010298519,0.9332071841560419
2797,65,485.6461538461538,298.61538461538464,10.515888906796695,7.891557021012175,0.6609371385004118
2798,110,484.8909090909091,592.9272727272727,15.076134969727038,9.56882363613899,0.7727585943195292
2799,37,485.43243243243245,132.6216216216216,8.557438531067096,5.824087063732972,0.7326666618110071
2800,51,486.3333333333333,247.01960784313727,9.058389426863977,7.319386343074366,0.589151040603509
2801,83,486.13253012048193,177.03614457831324,12.980154782327725,8.28900640103546,0.7695465489902579
2802,35,487.1714285714286,21.257142857142856,6.932113004569389,6.43343412168046,0.37242448504866044
2803,100,486.8,455.91,14.818957147041642,8.833397368744569,0.8029193678720233
2804,18,487.1666666666667,207.44444444444446,5.042642844739138,4.651180660376771,0.3863084894560836
2805,42,487.5952380952381,238.73809523809524,8.933787972386456,6.194624565502496,0.7205597664214161
2806,38,487.55263157894734,344.7894736842105,7.565672041404443,6.415998651408455,0.5299309232381013
2807,31,487.258064516129,507.61290322580646,6.741070998980902,5.803063642143996,0.5088556188536629
2808,110,486.6454545454545,572.0727272727273,14.112554586310464,10.214692128488863,0.6900079589508339
2809,19,488.63157894736844,53.78947368421053,5.1270732058481325,4.711757099842152,0.39426806672960923
2810,52,488.63461538461536,95.5576923076923,11.400307779957101,5.883269854345822,0.856551008420566
2811,79,488.7088607594937,290.0,11.15063387942187,9.072329974669548,0.5814031403308552
2812,39,488.6666666666667,167.07692307692307,7.521346475367228,6.703842946258928,0.45339659261252835
2813,97,488.6701030927835,558.3917525773196,15.46551330530497,8.087309227328538,0.8523784723474083
2814,30,489.56666666666666,62.03333333333333,6.3958779561855765,6.005874036920621,0.34385539183075164
2815,59,489.54237288135596,214.88135593220338,10.428284481817013,7.506854531381348,0.6941242897926423
2816,45,489.64444444444445,229.84444444444443,8.785561408737987,6.670301573315319,0.650817125475458
2817,36,489.22222222222223,374.52777777777777,7.576210847852421,6.111801339100969,0.5909481930101728
2818,93,489.9247311827957,429.494623655914,13.856993122381564,9.178056375348234,0.7492024010967674
2819,56,489.75,533.6964285714286,9.433020671752795,7.688631853704186,0.5793535872682626
2820,40,489.0,581.725,7.3503257082584295,7.0116126520591,0.3000653954209288
2821,86,490.45348837209303,252.7674418604651,16.03227280571444,6.969785554334804,0.9005585640502521
2822,33,490.6060606060606,282.3636363636364,7.805388104051906,5.387268015764882,0.7236199827880478
2823,84,489.3809523809524,515.297619047619,10.704997570594378,10.006996975357575,0.3551830930960975
2824,54,490.0925925925926,540.4074074074074,9.363117895364367,7.806828020643201,0.5520891570251668
2825,77,490.5064935064935,29.051948051948052,11.92007451171742,8.246080372718323,0.7221074217066394
2826,10,490.2,89.0,3.9191835884530852,3.0983866769659336,0.6123724356957946
2827,50,490.5,198.06,8.652685507378179,7.404960061364791,0.517308400503718
2828,81,490.320987654321,223.07407407407408,12.650159324004486,8.445328184716448,0.7445143410393632
2829,106,489.2830188679245,308.8867924528302,16.114792738948623,8.597740665428937,0.8457805426320617
2830,78,490.35897435897436,404.1794871794872,12.110326552600226,8.405960675544517,0.7198640224513352
2831,35,490.42857142857144,449.6,8.128761234540631,5.592996347108433,0.725663026828747
2832,9,492.0,490.0,3.265986323710904,3.265986323710904,0.0
2833,42,491.95238095238096,43.45238095238095,9.74084826149108,5.494194202172571,0.8257498402502749
2834,58,491.13793103448273,103.20689655172414,9.400010727399321,7.967313604813929,0.5306587167654929
2835,44,491.29545454545456,154.52272727272728,8.41916088837765,6.801340000571992,0.5894010194490908
2836,20,491.1,189.05,5.215361924162119,4.795831523312719,0.3929526239966882
2837,33,490.90909090909093,273.8484848484849,7.048034315321432,6.01071557552881,0.522202448763881
2838,14,491.2142857142857,302.42857142857144,4.5929853357921715,3.9026934695723883,0.5272545807975708
2839,29,490.9655172413793,349.0689655172414,6.861713713103836,5.432441002021939,0.6109058637568696
2840,55,490.6,367.56363636363636,9.065490486383492,7.782924067127909,0.5127765378993168
2841,6,491.5,75.0,3.265986323710904,2.0,0.7905694150420949
2842,39,491.4102564102564,82.97435897435898,7.836534712048205,6.364010038694925,0.5835253543078638
2843,85,491.3764705882353,114.89411764705882,11.354637512818126,9.614411725886109,0.5320088971448345
2844,43,491.51162790697674,130.51162790697674,8.50292823712408,6.546653758137151,0.6381291732463568
2845,32,491.40625,205.90625,7.149432039818474,5.753639848653812,0.5935883905166821
2846,25,491.76,57.2,6.132060986158656,5.17264227083518,0.5370654454079513
2847,43,492.51162790697674,136.69767441860466,8.6862538478316,6.485457796554546,0.6652343585841292
2848,61,490.27868852459017,258.8524590163934,12.883278746874552,6.2544930371042105,0.8742512704684492
2849,38,492.05263157894734,296.60526315789474,7.67011739980944,6.529311062528483,0.5247342151696838
2850,43,491.69767441860466,328.72093023255815,7.73369656380103,7.139314986454788,0.3844545449443261
2851,43,491.5813953488372,597.1627906976744,10.036892904759767,5.901168346116768,0.8088989263527142
2852,38,492.13157894736844,123.6842105263158,7.4302717582276445,6.59924725775355,0.459540303637208
2853,32,492.78125,149.3125,7.992360713097699,5.224370319161195,0.7567792904794864
2854,36,492.3611111111111,245.13888888888889,8.062441448835768,5.748601621276638,0.7011538324584252
2855,35,493.0285714285714,342.0857142857143,7.967589933875854,5.690948813748213,0.6998781466841031
2856,73,492.6849315068493,379.8767123287671,12.449160589504435,7.498533751545853,0.7982453166141612
2857,54,493.0,236.40740740740742,8.923858244448905,8.078651920881978,0.42480070371200923
2858,72,491.8888888888889,443.22222222222223,11.40288812003124,8.170940336267332,0.6975176371537766
2859,81,492.8641975308642,464.95061728395063,10.955686208336587,9.487318623433556,0.5000923086538888
2860,128,492.96875,484.1875,15.37922527637917,11.81741532224285,0.6399684206039286
2861,64,494.171875,584.984375,11.925382911363467,7.092861194000641,0.8038958436394281
2862,37,493.35135135135135,21.405405405405407,7.470580496758857,6.3174306746110815,0.5337517743705069
2863,34,493.5,66.29411764705883,6.964069923269997,6.154864169189802,0.4678596948487089
2864,48,492.3125,171.5625,11.327034270728197,5.514220521803812,0.8735026212272556
2865,30,493.8666666666667,456.43333333333334,7.207656590511437,5.534208547844471,0.6406613610856615
2866,69,492.7826086956522,142.7391304347826,12.031409904526061,7.806178133063964,0.7609448440132963
2867,39,493.8205128205128,545.7435897435897,8.200103071600946,6.317346631140897,0.6375627345308739
2868,50,494.18,552.62,9.67583741874115,6.802159234102697,0.7111851968223999
2869,25,494.0,577.88,5.900297019168136,5.556626232309998,0.3363035378926748
2870,67,494.1044776119403,10.313432835820896,12.203547065528252,7.132964769429843,0.8113942095600991
2871,54,494.6666666666667,95.0,10.322317947653888,6.807249156335569,0.7517317201258
2872,65,493.3692307692308,160.95384615384614,10.840364777133042,7.822671142671513,0.6922848425784534
2873,36,495.69444444444446,372.3888888888889,7.545596016650472,6.185589027546695,0.5727050731544446
2874,107,493.3457943925234,420.98130841121497,14.97118920024237,9.338937400457231,0.7815888274470919
2875,42,494.5,592.0238095238095,8.256794178277875,6.547052668979459,0.6093138651217577
2876,35,495.1142857142857,194.11428571428573,7.218877221733898,6.381770548288372,0.4674127376533175
2877,61,496.8360655737705,268.21311475409834,13.572593452005501,6.236210688892975,0.8881928633218513
2878,91,495.97802197802196,569.0439560439561,12.828793789225745,9.184249572205154,0.6981935493549355
2879,47,495.4468085106383,323.4255319148936,8.707431369605766,6.863706829913461,0.615344236990997
2880,109,495.43119266055044,435.4403669724771,14.30450054352092,10.292109332689764,0.694490905749462
2881,62,495.53225806451616,2.5,12.336103715799647,6.530130585741167,0.8484028340421108
2882,34,496.2647058823529,202.35294117647058,7.281319940823423,6.201324726401106,0.5240688489203701
2883,41,495.5853658536585,276.5609756097561,8.935102714584263,6.0395081500551075,0.7369654020765424
2884,53,496.60377358490564,306.2830188679245,8.830195574351215,7.753767970839835,0.4784827194053369
2885,60,497.1666666666667,213.96666666666667,10.561549091041176,7.4111262240389895,0.7124643986763255
2886,18,496.77777777777777,219.16666666666666,5.906306392839034,4.0404729100835,0.7293931992258504
2887,44,497.0,229.4318181818182,9.11718686462264,6.27279666940653,0.7256927894632096
2888,76,493.5263157894737,263.57894736842104,15.736721581239314,6.507691887939365,0.9104880285479738
2889,37,496.94594594594594,404.02702702702703,7.193116086060171,6.745216190350471,0.3473592098282383
2890,120,496.78333333333336,412.325,14.180147034009053,11.665432653046913,0.5685343867366401
2891,36,497.75,105.0,7.528643131589766,6.081628010971478,0.5894584690871746
2892,36,497.5,121.0,7.675161476005593,5.979846401364026,0.6268789229029937
2893,52,497.4423076923077,129.1346153846154,9.576921734735416,7.077656460603774,0.6736697680844733
2894,49,497.44897959183675,166.18367346938774,9.709235137722944,6.682778816895071,0.7254347305399116
2895,33,498.030303030303,256.27272727272725,7.545967633323355,5.659983713377423,0.6613614871549905
2896,55,498.41818181818184,300.2181818181818,11.28843516246323,6.398346262015589,0.8238516935621696
2897,34,497.94117647058823,342.0882352941176,7.861096723135194,5.543384333293745,0.7090414655482958
2898,38,497.07894736842104,513.7631578947369,7.420953151997858,6.580322594796331,0.46230298846716605
2899,20,497.9,33.3,5.4478633986980824,4.639049944668172,0.5242966935960685
2900,31,497.7741935483871,46.0,6.661685217085334,5.986517458050441,0.4386681959100072
2901,51,497.3333333333333,287.52941176470586,11.53763294766411,5.973243896817342,0.8555511355786077
2902,46,498.1304347826087,507.0869565217391,8.120519974753513,7.205888577951526,0.46106208818314653
2903,51,498.03921568627453,208.4313725490196,11.138704083924699,6.458456682419339,0.8147437541831781
2904,60,498.98333333333335,282.6666666666667,12.803381004186152,6.1879893858524815,0.87544982823333
2905,56,498.69642857142856,357.69642857142856,10.303341398870174,6.971833484871606,0.7362978979729392
2906,79,499.0,364.53164556962025,13.110420088336703,7.91087066588374,0.7974361823338008
2907,40,498.675,383.35,8.765235574177538,5.993383462550397,0.7296999159888886
2908,42,498.9047619047619,459.76190476190476,7.550951951667233,7.079650176320693,0.34775944262182124
2909,38,498.7631578947368,38.1578947368421,7.648266585995369,6.39055539722084,0.5494052164256544
2910,37,498.7567567567568,81.43243243243244,7.352174497401901,6.472926749747618,0.47421357970687433
2911,26,498.9230769230769,197.92307692307693,6.123847390739628,5.588579510535958,0.4088694660634593
2912,114,499.9824561403509,244.10526315789474,13.75786114280954,10.961436126354467,0.6043224492304646
2913,41,499.1463414634146,330.6829268292683,7.77192828061705,6.705444389410853,0.5055839081977817
2914,24,498.6666666666667,549.125,7.151370261380534,4.564003243520356,0.7698707582482208
2915,12,499.3333333333333,75.75,4.167620293867669,3.631321610887408,0.4907192147942729
2916,82,499.3658536585366,452.3414634146341,13.924313819889107,7.699160846780044,0.8332281853062847
2917,69,499.04347826086956,473.1449275362319,10.202269941903973,8.728405329332457,0.5177439567258879
2918,112,499.14285714285717,538.9107142857143,14.045901659273405,10.473162672943591,0.6663508678585578
2919,54,499.55555555555554,576.1481481481482,12.728396533241789,5.587217789324405,0.8985081073074778
2920,33,500.06060606060606,173.06060606060606,6.8181471258822155,6.2232358204175,0.4085277540993326
2921,25,500.64,352.76,7.746826768795772,4.274514593994183,0.8339922248887772
2922,24,499.9583333333333,7.416666666666667,6.3892019466328485,5.003919423437406,0.6217902735378628
2923,53,500.2830188679245,97.67924528301887,9.869394735250774,7.028738459164436,0.7020017398085854
2924,42,500.1904761904762,136.9047619047619,8.984136695957568,6.116927913808126,0.7324147648940538
2925,50,499.94,224.12,8.433831200656845,7.711192597700251,0.40499999608357157
2926,33,500.93939393939394,388.24242424242425,7.044711619883273,6.289258672383042,0.4505263865432278
2927,62,501.5806451612903,596.6451612903226,12.450573526816576,6.596192364755256,0.8481287044022341
2928,85,500.2705882352941,113.81176470588235,13.431091695911501,8.248155759554484,0.7892211361591267
2929,46,501.39130434782606,183.95652173913044,8.305548314928126,7.139502683545736,0.5109567461139478
2930,26,501.2692307692308,369.9230769230769,7.080608885919561,4.803340337343683,0.734711625871625
2931,73,501.13698630136986,445.63013698630135,11.727591163954841,8.32404058457402,0.7044207605564563
2932,19,500.1578947368421,554.8421052631579,5.271572221283753,4.5005385950383054,0.5207037318817046
2933,46,501.32608695652175,25.608695652173914,9.32456240575517,6.271848995026401,0.7399917853309542
2934,37,501.5405405405405,91.29729729729729,8.600029632089464,5.4973306662673345,0.7690220148943953
2935,74,501.52702702702703,152.64864864864865,13.054486019986962,7.542601695348947,0.816193588830329
2936,47,501.468085106383,158.85106382978722,8.49858029153339,7.037796808029672,0.5605591165589925
2937,40,501.625,191.45,8.704071051021618,5.792162561493539,0.746438486137942
2938,34,500.70588235294116,271.94117647058823,7.448345464038603,5.9428947154733125,0.602814741366198
2939,37,502.81081081081084,126.10810810810811,8.070142050176134,5.977854992728089,0.6717948321262939
2940,21,502.2857142857143,342.42857142857144,6.49353563909391,4.102096071855072,0.775196679940849
2941,121,503.12396694214874,480.5206611570248,14.93461506646701,10.692258533570689,0.698163857073973
2942,104,502.6826923076923,144.27884615384616,15.366261198306109,8.828706820520786,0.8184685049065427
2943,62,501.7741935483871,236.0483870967742,11.590686985035695,7.02273639058126,0.7955448146952716
2944,123,503.2276422764228,493.1788617886179,16.64068685401278,11.191904905848556,0.7400401643452618
2945,88,502.3636363636364,589.1022727272727,12.459790087072255,9.031139586218641,0.6889353740128111
2946,48,503.3541666666667,204.29166666666666,8.674697993131536,7.050878846338059,0.5825292775263905
2947,42,504.04761904761904,133.16666666666666,8.939173396277182,6.171437745282535,0.7234457292444048
2948,38,503.3157894736842,422.39473684210526,9.217336820559499,5.409976779133394,0.8096341202245962
2949,71,503.4366197183099,428.11267605633805,12.050328890497143,7.745124602146826,0.7660916160004841
2950,33,504.06060606060606,5.454545454545454,8.469992215364337,4.928348265730113,0.8132890835346036
2951,81,504.7654320987654,253.62962962962962,13.184861765984124,8.114783504570491,0.7881664350560259
2952,83,501.1807228915663,294.5542168674699,14.678882033920356,7.412743778481082,0.8631229958517942
2953,49,503.85714285714283,321.53061224489795,9.923815828222622,6.378601659008252,0.7660701631181721
2954,79,504.1518987341772,531.0759493670886,10.592675827188158,9.585964549096108,0.4254933095566807
2955,46,504.54347826086956,105.54347826086956,10.05896749102713,6.069896048765151,0.7974149734644617
2956,31,504.258064516129,121.19354838709677,7.465528321534407,5.317741425932965,0.7018689392775089
2957,54,504.44444444444446,261.74074074074076,8.95261213335648,7.682590953170599,0.513416434237313
2958,88,505.60227272727275,278.90909090909093,12.897742940643512,9.258092493805476,0.6962419491525408
2959,56,504.4642857142857,336.23214285714283,9.038504549027635,8.035274705872812,0.4578977099049381
2960,123,504.6666666666667,375.869918699187,14.64603809386224,10.964740756766533,0.6629666497523867
2961,20,504.75,515.75,5.138093031466052,4.9396356140913875,0.2752409412815902
2962,34,504.5,40.8235294117647,7.1459138348480975,6.016838991620576,0.5394819931627579
2963,76,504.8157894736842,175.8684210526316,13.546885081782632,7.628124000834736,0.8263951518062713
2964,45,505.0444444444444,197.48888888888888,7.680227435873908,7.52495652683659,0.2000630135019132
2965,52,504.5192307692308,305.84615384615387,8.864112436459656,7.450129783481919,0.5418389706537433
2966,42,505.5238095238095,72.19047619047619,8.052639521083293,6.668597265336364,0.5605425253071821
2967,46,505.60869565217394,289.1304347826087,7.977673739667657,7.44135303126597,0.3604661543107492
2968,40,505.75,313.475,7.40622945399255,6.9381384588961055,0.3498715976830736
2969,70,505.7142857142857,416.7142857142857,12.258736817016501,7.4850125228653175,0.79194999332027
2970,112,505.55357142857144,548.9553571428571,14.020828488385245,10.298196351357912,0.6786165743078975
2971,43,506.16279069767444,100.65116279069767,10.490749122468657,6.034101490218588,0.8180247023691737
2972,96,506.0729166666667,563.0208333333334,13.912774221607052,8.803940381236348,0.7743189938160757
2973,108,506.1111111111111,14.351851851851851,13.829853782415698,10.009318034312283,0.6900652011350952
2974,74,507.3918918918919,270.14864864864865,10.796267775752213,8.870391499674497,0.570040668688833
2975,58,508.3448275862069,191.67241379310346,11.35543903890468,6.89727733773784,0.7943972478898541
2976,30,507.8333333333333,584.6333333333333,6.93356544937209,5.513327604123004,0.6063933083744226
2977,106,508.50943396226415,361.00943396226415,12.405779576042118,11.151588948012943,0.43814827191328204
2978,43,508.6046511627907,444.4186046511628,9.0041348540153,6.06496968792552,0.7391179134691948
2979,32,508.375,492.3125,7.805861210383289,5.22073086494923,0.7434226768932569
2980,35,508.25714285714287,537.1428571428571,7.499015986701462,5.96970789004122,0.6052104792147727
2981,43,508.8139534883721,130.97674418604652,10.779460705458444,5.219268215136342,0.8749648765783685
2982,152,509.95394736842104,384.92105263157896,18.762634549317937,10.56998699626215,0.8262162944798144
2983,9,509.8888888888889,163.66666666666666,3.885753375057407,2.7954428906961324,0.6945875203623408
2984,67,509.04477611940297,181.83582089552237,12.767907606030093,6.761006607537915,0.8482904049085352
2985,35,509.1714285714286,319.51428571428573,8.077989965108038,5.533124422847898,0.7285778322883841
2986,60,509.9166666666667,4.083333333333333,11.111555546667022,6.89283041363351,0.7843409875412741
2987,103,510.11650485436894,110.51456310679612,13.863929842091984,9.629949658980744,0.7193917068997989
2988,64,510.0,157.25,9.35896201209031,8.741271649837369,0.35727268906130544
2989,83,510.86746987951807,247.53012048192772,11.479156855449911,9.585677936204032,0.5501730027823104
2990,33,510.1818181818182,295.030303030303,7.141896840252407,5.853876778956921,0.5728604101637417
2991,62,510.4516129032258,352.46774193548384,11.650954171561313,6.942705278953521,0.8030649079947659
2992,18,510.6666666666667,71.83333333333333,5.661327482875316,4.048927706947247,0.6989295601575879
2993,58,510.12068965517244,148.93103448275863,9.30055608061403,8.276523766171128,0.45616428308015666
2994,51,509.98039215686276,207.05882352941177,8.926958296472442,7.298459331542503,0.5758219017327255
2995,26,510.9230769230769,31.384615384615383,5.991851683006864,5.528042318071225,0.38577399053554967
2996,15,511.4,83.4,4.618802153517006,4.026578365477733,0.4898979485566357
2997,50,511.68,123.66,10.18198823885145,6.352882456325695,0.7814775253940747
2998,21,510.8095238095238,287.42857142857144,5.767159369534862,4.678382743709163,0.5847536397031423
2999,12,511.6666666666667,10.083333333333334,4.364045181411538,3.5213000580812737,0.5907030891845739
3000,24,511.125,77.0,6.077325358632581,4.9815777104569365,0.5727944638276179
3001,104,512.0865384615385,414.34615384615387,16.39428358380413,8.473834323414303,0.8560594462151706
3002,46,512.3913043478261,510.7391304347826,8.25588874753975,7.073943670971674,0.5155888533202978
3003,82,512.6219512195122,544.060975609756,13.24782031998072,8.2463745257826,0.782643431550334
3004,38,513.3157894736842,312.07894736842104,8.382440854210353,5.734239245976517,0.7294093252678732
3005,23,513.3913043478261,42.95652173913044,6.193882567696608,4.665229164899034,0.6577921667504072
3006,23,512.6086956521739,99.26086956521739,6.238995949587175,4.715064087793391,0.6548708048953142
3007,53,513.7924528301887,497.07547169811323,9.173653896079763,7.445876966946348,0.584131819729194
3008,14,514.0,1.0,5.0142653642240695,3.7032803990902057,0.6741998624632421
3009,65,511.81538461538463,117.81538461538462,12.785176147595166,6.68426429894561,0.8524470145517428
3010,38,513.9473684210526,129.26315789473685,7.397706185267359,6.594695571324843,0.4531163127045737
3011,55,514.4909090909091,183.78181818181818,12.276876613784225,6.07879009669441,0.8688123940513238
3012,33,513.939393939394,191.9090909090909,7.400647233808833,5.8109114887181645,0.619255391209095
3013,63,513.968253968254,262.42857142857144,9.513574986817055,8.477636688655172,0.4537884161684294
3014,104,514.3365384615385,139.8653846153846,12.62404291204737,10.549914706674183,0.5491859787318474
3015,51,514.5098039215686,276.921568627451,8.466902319703282,7.678326744452214,0.42142395325606435
3016,71,514.8732394366198,199.4788732394366,9.994737788190212,9.060601767268937,0.4221259010642199
3017,34,515.4705882352941,298.8529411764706,7.717016696227447,5.828391258282837,0.655419747454949
3018,74,515.581081081081,367.35135135135135,13.293880074579816,7.256160238118918,0.8378978207867411
3019,28,515.9285714285714,59.392857142857146,6.9624472257673675,5.221017382269025,0.6615710281725378
3020,62,516.2096774193549,175.01612903225808,10.814560001787275,7.771885990084576,0.6953717369694006
3021,153,514.6470588235294,486.98692810457516,16.268730195229768,12.185893604970236,0.6625272816762351
3022,76,516.7236842105264,519.9736842105264,11.452673862856365,8.436973496394208,0.6762398232803986
3023,58,516.1379310344828,553.7586206896551,11.39209520978324,6.582428977943036,0.8161736417639068
3024,19,516.3684210526316,105.21052631578948,5.1270732058481325,4.711757099842152,0.39426806672960923
3025,41,516.9268292682926,149.14634146341464,8.702249875287452,6.242153622691852,0.6967609342236113
3026,54,516.5370370370371,163.72222222222223,8.643059043430114,8.002563001735547,0.37778156372507693
3027,73,516.8493150684932,347.13698630136986,10.832473277647944,8.690697908617365,0.596945269117182
3028,73,517.4931506849315,358.86301369863014,11.098262082830034,8.844558458155216,0.6040692321825435
3029,80,516.625,373.8625,12.869469711342212,8.223396460638718,0.7692193009248722
3030,81,516.4444444444445,534.4567901234568,11.895815527923682,8.728579179479558,0.679417331751968
3031,94,517.8617021276596,14.372340425531915,12.054871310358285,10.100900901036786,0.5458079516917556
3032,18,517.7777777777778,38.5,5.258737584977436,4.268749491621899,0.5840132092439594
3033,90,517.3666666666667,253.15555555555557,12.250473552762626,9.802996339856312,0.5997150075821324
3034,61,517.4918032786885,470.59016393442624,9.120549544930952,8.583008506045724,0.33823230555813527
3035,31,518.1935483870968,271.5483870967742,7.018683057325421,5.6143215396885475,0.6001186945549927
3036,68,517.3676470588235,478.1764705882353,11.845295857347256,7.4733925234593,0.7758507450432821
3037,51,519.1960784313726,155.98039215686273,10.741597014078028,6.367559477131007,0.8053537718113049
3038,19,519.7894736842105,287.94736842105266,5.313811782373573,4.549082573876348,0.5168325555913931
3039,43,519.2790697674419,340.5813953488372,8.251698292836247,6.795976754974182,0.5671925468295299
3040,101,519.2574257425742,413.2475247524753,16.239742649857664,8.713962629422857,0.8438478298623715
3041,8,520.125,75.875,3.4641016151377544,2.7386127875258306,0.6123724356957945
3042,80,520.2625,186.5625,12.629340420237677,8.095354257211406,0.7675443799143187
3043,31,520.8387096774194,277.35483870967744,7.667676802601508,5.346249415716656,0.7168328892805292
3044,46,520.6086956521739,299.0652173913044,10.04301596645988,5.831910170189497,0.8141225415098843
3045,45,520.9111111111112,331.77777777777777,8.295054149132639,7.052815049308149,0.5263897410203876
3046,92,520.1847826086956,567.0652173913044,12.916055462651093,9.13880004678802,0.7066597956370371
3047,27,520.5925925925926,3.5185185185185186,7.583958760601521,4.501870085167177,0.8047571092339134
3048,37,519.7027027027027,81.4054054054054,8.899790957560382,5.481531774753162,0.7878111169738828
3049,39,522.0769230769231,352.94871794871796,9.764301089791065,5.369298315315061,0.8352366270885275
3050,56,521.125,557.5714285714286,11.278797817855741,6.515910307153663,0.8162398336014662
3051,73,521.7534246575342,172.75342465753425,15.012244089963918,6.86279137837263,0.889391527133396
3052,35,521.1714285714286,258.6857142857143,7.44649699536197,5.941302067153899,0.6028356776063443
3053,56,521.3571428571429,380.23214285714283,9.614235525848452,7.508508489927241,0.6245582673069582
3054,63,520.5714285714286,540.3809523809524,13.312960920137295,6.221788309657413,0.8840733345555833
3055,75,521.1333333333333,396.18666666666667,11.216718581732199,8.839868138307725,0.6155503985355326
3056,17,522.6470588235294,402.47058823529414,4.957954707224818,4.338609156373124,0.4839775141824608
3057,65,522.8923076923077,247.23076923076923,11.157160107061486,7.590692112565401,0.7328941597948332
3058,109,522.0091743119266,387.6880733944954,16.395228383731407,8.645188585157973,0.849679761336532
3059,56,522.875,465.125,9.058403226152546,7.9112696917300385,0.4870707780163822
3060,12,523.75,17.916666666666668,4.7816940710172,3.2697029477850914,0.7296733002578295
3061,25,523.44,336.56,6.219236983187473,5.535873133206104,0.4557243618178444
3062,62,523.6129032258065,591.0483870967741,9.952198683958366,7.93132237080339,0.6040561973076475
3063,60,523.9333333333333,8.916666666666666,10.370743210040603,7.571798314524841,0.6833280891025096
3064,49,524.0612244897959,474.7959183673469,10.671456869784766,5.993684718620736,0.8273710533239326
3065,115,524.3130434782609,548.1130434782609,12.420327619595954,11.886328289097229,0.29006806050010664
3066,46,524.6739130434783,290.0652173913044,9.233457859047602,6.401084266256584,0.7206982713629533
3067,59,524.9152542372881,484.0,9.29316689292858,8.235728524980473,0.4632773529747459
3068,68,524.2058823529412,492.6764705882353,10.1175995862982,8.662906170403833,0.5166089080603267
3069,50,524.54,511.1,8.79242648125387,7.273763576838726,0.5617956820526933
3070,21,524.1904761904761,520.1428571428571,5.3166327716454,4.992156306471801,0.34400025467068907
3071,18,524.3333333333334,524.6111111111111,4.853406592853679,4.786813161897337,0.16508685218121663
3072,33,524.6969696969697,157.45454545454547,6.6752567910468255,6.353179795481299,0.30687253972104644
3073,138,525.231884057971,574.1739130434783,20.507347758789702,8.742040555342069,0.904587399060382
3074,48,525.4166666666666,45.375,8.31590643700587,7.336069952855312,0.47092505897005016
3075,32,525.59375,147.4375,6.762592566248239,6.005349014247553,0.459795813519748
3076,49,525.9591836734694,348.61224489795916,9.244256173683759,6.853360546894519,0.6711029196159872
3077,49,525.3673469387755,358.18367346938777,8.680777218278,7.2721390888977755,0.5460861381959213
3078,54,525.6296296296297,531.2592592592592,8.682874710984445,7.935180097944677,0.40596508610381354
3079,64,525.71875,37.234375,11.532613670004581,7.078438435730261,0.7894804283226633
3080,24,526.3333333333334,265.875,6.081140986576509,4.932066489508719,0.5849866175853743
3081,59,525.8305084745763,418.22033898305085,8.99991569994623,8.360662910315357,0.3701518908789852
3082,36,526.9722222222222,242.08333333333334,6.928203230275509,6.590303389483075,0.3084876157214383
3083,27,526.5185185185185,254.74074074074073,6.39521077534211,5.383614893106177,0.5397587119949929
3084,55,525.9090909090909,326.8,8.703388863918951,8.337574858123709,0.28687245659916677
3085,79,526.5696202531645,365.8607594936709,12.546094276224254,8.293976038128509,0.7503151394446463
3086,61,526.4590163934427,372.95081967213116,10.491464455172641,7.602501301865421,0.6891309731637311
3087,49,526.9795918367347,560.734693877551,9.102021810578739,6.876455756740495,0.6551640683014428
3088,22,526.9090909090909,84.9090909090909,5.502816709244202,4.972652484064489,0.4282593998234223
3089,53,526.8490566037735,342.1320754716981,9.337918870794677,7.2897707654294654,0.6249518203986812
3090,23,526.9130434782609,539.0869565217391,7.13480752450836,4.291593294568845,0.7988721064546428
3091,18,527.2222222222222,59.5,5.258737584977436,4.268749491621899,0.5840132092439594
3092,50,527.62,2.72,9.046818278196293,7.067551134678368,0.6242563928221967
3093,26,528.4230769230769,141.5,6.509524868647155,5.083217852496934,0.6246695228938819
3094,44,528.7045454545455,335.3636363636364,9.328634842524902,6.0910211719365375,0.7574112679728507
3095,55,529.6727272727272,391.8545454545455,11.143352842499748,6.429392847402498,0.8167645429866169
3096,23,528.1739130434783,472.1304347826087,6.219567346405445,5.162150218462214,0.557785085844197
3097,32,528.375,16.1875,7.399193998437603,5.517193867672674,0.6663400996455111
3098,107,528.2523364485982,175.22429906542055,15.562173947633397,9.078816470279703,0.8121921706545859
3099,58,528.2758620689655,271.4655172413793,11.800663891330691,6.3726883598627,0.8416470819019765
3100,55,527.3636363636364,583.5454545454545,11.789501868174339,6.163291174121826,0.8524689169547145
3101,54,529.9814814814815,21.666666666666668,10.198848483458157,6.753342303825787,0.7493561785351269
3102,29,530.9655172413793,135.93103448275863,6.747064008147282,5.5741956900534,0.5634266082520563
3103,37,530.5135135135135,247.97297297297297,7.698248888629086,6.209685393219247,0.5910484043169368
3104,35,530.1714285714286,291.62857142857143,7.5348312529810215,6.231731802188423,0.5621186758565444
3105,74,530.2027027027027,320.0135135135135,10.930941298848072,8.728030169160427,0.6020344211946164
3106,39,530.4102564102565,554.4871794871794,7.302967433402215,6.933515397397157,0.31403714651066433
3107,41,530.6585365853658,160.58536585365854,8.34329082240437,6.209161476087271,0.6679455779908966
3108,74,531.1081081081081,466.6756756756757,10.030909845693266,9.642112270702881,0.27571283678542186
3109,49,531.1224489795918,588.7142857142857,8.890574813282846,7.072757729256032,0.6059084788307095
3110,30,529.8666666666667,91.0,8.141554338771048,4.908901625726527,0.7977834859348688
3111,65,532.9384615384615,275.24615384615385,13.710945555679722,6.198876240395729,0.8919614265039902
3112,31,530.7096774193549,353.6774193548387,7.276592832617177,5.498292240319613,0.6550176659220368
3113,110,532.1727272727272,376.96363636363634,16.985374270977992,8.647564203862427,0.8606965764778381
3114,17,532.5882352941177,29.11764705882353,5.181899763382574,4.0412010400023215,0.6259432312521288
3115,43,531.5581395348837,150.8372093023256,7.9456428740224725,6.86872336935048,0.5026944826899831
3116,46,532.4565217391304,362.0,9.643638227961363,6.1301461347739705,0.7719630798631338
3117,34,532.4411764705883,384.2352941176471,8.052678271584881,5.518015068972135,0.7283175921868351
3118,111,532.2342342342342,480.27027027027026,14.50185228612811,9.906370658830568,0.7303148317154269
3119,170,532.4882352941177,185.85294117647058,16.2812667330159,13.489268088684046,0.5599673799529774
3120,54,532.4814814814815,261.48148148148147,8.589399151150083,7.962187731428312,0.37511463863279815
3121,52,531.1346153846154,285.63461538461536,10.147418153867125,6.6439695097186355,0.7558499956310889
3122,57,531.561403508772,296.8421052631579,10.682121820769591,7.090497898483929,0.7479346018429952
3123,42,532.952380952381,402.5,8.324485098442725,6.488084316286133,0.6265295420135484
3124,47,532.4893617021277,510.3191489361702,8.752890308307887,7.071825996885306,0.5892622839812178
3125,17,533.6470588235294,65.52941176470588,4.957954707224818,4.338609156373124,0.4839775141824608
3126,37,533.027027027027,130.16216216216216,7.144996665991692,6.57413818787207,0.39167473633852246
3127,34,532.7352941176471,530.3235294117648,6.97199817718647,6.240860104417827,0.44580077932694456
3128,30,534.0333333333333,140.1,7.78077009500282,4.8526802509127585,0.7816828882793122
3129,40,533.6,308.15,8.283853973801088,6.423220636155972,0.6314821984232867
3130,67,533.9253731343283,328.6119402985075,11.345677417818026,7.719003955435481,0.7328896210763746
3131,93,532.6666666666666,424.1720430107527,13.915319558220512,8.64500890502866,0.7836057832697205
3132,82,534.3048780487804,577.0853658536586,13.21152437750466,8.624871113869997,0.7575049939524671
3133,33,534.2121212121212,35.09090909090909,6.839380398692618,6.218822084763517,0.41621357338754483
3134,30,534.4333333333333,124.16666666666667,6.465659030485811,5.8946046867121105,0.41090345218987934
3135,54,533.8518518518518,504.3888888888889,10.230413903558501,6.851137326388365,0.7426468069784623
3136,34,533.9117647058823,517.0294117647059,6.953143614640532,6.248583626262129,0.4386247828507981
3137,9,534.6666666666666,83.88888888888889,3.885753375057407,2.7954428906961324,0.6945875203623408
3138,36,534.6111111111111,104.75,7.956096084519705,5.768949818421935,0.6886456320917161
3139,49,534.204081632653,254.28571428571428,9.663535468175002,6.464242256028149,0.7433241483506917
3140,46,533.8913043478261,302.7391304347826,9.788068944937026,6.068679181641477,0.7845956389656956
3141,59,534.4406779661017,493.96610169491527,9.635987469076138,7.795381297239391,0.5878275760240921
3142,88,534.7727272727273,559.9772727272727,14.575525438316157,7.733709106509377,0.847625123472132
3143,45,535.4666666666667,334.7111111111111,8.645728168185768,6.698960799994566,0.6321708951103437
3144,45,535.4,525.4888888888889,9.659584003711274,5.951415836210088,0.7876561107990077
3145,71,535.3380281690141,548.7183098591549,9.874820554306776,9.39335889801057,0.3084409141652347
3146,29,535.8275862068965,70.20689655172414,6.988418145663092,5.375689756563546,0.6389739103444254
3147,135,536.074074074074,344.2518518518518,14.711480530928592,12.164735530192258,0.5623677556442451
3148,66,535.3939393939394,569.8939393939394,9.848896572787085,8.61129633357488,0.48531166821012495
3149,50,536.26,11.6,9.522276748534598,6.699600400346081,0.7106246969322193
3150,75,535.7733333333333,244.48,12.7483184878837,7.729506104556202,0.7952240115130119
3151,122,541.2213114754098,283.6885245901639,22.984586300338123,7.46548840590648,0.9457813073837626
3152,32,536.53125,388.5625,7.179862197113811,5.7768030804638,0.5938386985727164
3153,49,536.6326530612245,58.93877551020408,9.737185269254722,6.410194741702044,0.7527372044476478
3154,78,537.4230769230769,357.4102564102564,12.525430278908194,8.265951646210686,0.7513239727380158
3155,32,537.21875,111.0625,6.97713334832476,5.830221714454307,0.5493102217078081
3156,87,536.5862068965517,417.17241379310343,13.083271755385532,8.712728090169291,0.7460016147815518
3157,24,537.3333333333334,30.208333333333332,5.795193202796389,5.3488484916575265,0.3848474749556952
3158,50,537.02,41.16,12.149072714044893,5.320153398996115,0.8990207019215197
3159,23,538.4347826086956,97.91304347826087,5.778272113896215,5.1063401153848575,0.4680272636827759
3160,30,538.1333333333333,117.7,6.625147403213624,5.818044697998974,0.47833786313914756
3161,72,537.4722222222222,170.29166666666666,12.295942113140498,7.549298398906355,0.7893319653849841
3162,120,538.1166666666667,195.775,16.474122585908443,9.422075527540814,0.8203011341169415
3163,100,537.7,318.26,14.712018565159253,9.494993930404034,0.7638529789069601
3164,24,538.25,468.5,7.129810752421319,4.3396388445726695,0.7934302734921954
3165,58,538.5172413793103,462.3448275862069,9.298861040631857,8.002357351465285,0.5093255522600864
3166,75,538.56,474.62666666666667,11.555444415975613,8.691608591328396,0.6589740547764074
3167,69,538.4782608695652,583.1159420289855,11.284351792979765,8.102971900147796,0.6959692950057119
3168,55,538.9454545454546,368.2181818181818,9.646512038165058,7.402033150002434,0.6412555165879791
3169,131,535.8931297709923,396.1832061068702,21.924898220332274,8.19879795012863,0.9274491913969356
3170,100,538.68,433.03,13.507393983094618,10.074597152514801,0.6661050383594884
3171,28,538.8214285714286,501.39285714285717,6.372167003623255,5.540903367404507,0.4938489054053847
3172,29,539.0,127.93103448275862,6.888270890584151,5.349163980597329,0.6300418132532746
3173,40,539.125,133.375,8.532940696709472,6.057138191129476,0.7043493072320899
3174,67,539.1940298507462,157.11940298507463,13.9781551158645,6.245365134292832,0.8946365335714979
3175,53,539.8679245283018,297.3018867924528,9.329738094836499,7.4714448144756105,0.5989045407436722
3176,200,534.12,409.175,27.67801493331378,10.628597713304401,0.9233294867342056
3177,99,539.060606060606,592.2727272727273,14.396643293397965,8.851920503111353,0.7886362568210026
3178,5,539.8,64.6,3.098386676965933,1.7888543819998317,0.816496580927726
3179,20,539.7,89.25,6.476294141094407,3.951912726519433,0.7922381293558707
3180,56,540.5,176.57142857142858,10.690057060902003,6.797975871759666,0.7717584679976582
3181,48,540.5833333333334,202.02083333333334,11.777627233265644,5.307489161428775,0.8927049452124101
3182,68,539.3823529411765,290.0,11.802232954958972,7.357506562226948,0.7819034575955799
3183,44,540.2272727272727,351.1363636363636,8.936607198149607,6.303995365726768,0.7087969076942349
3184,19,540.6315789473684,26.263157894736842,6.275364142840501,3.8214113068520565,0.7932051454545164
3185,48,540.875,277.7708333333333,9.762089686602396,6.320178834992463,0.7621328302353483
3186,81,540.2098765432099,448.5308641975309,12.11565911152764,8.554656633944196,0.7081294360013594
3187,42,541.3333333333334,122.5952380952381,8.175344383082205,6.647798332986352,0.58205127454942
3188,43,540.7674418604652,138.27906976744185,9.585572682331474,5.7672522687502825,0.7987525712792155
3189,21,541.1428571428571,256.1904761904762,5.316632771645399,4.992156306471802,0.3440002546706884
3190,66,542.6818181818181,308.74242424242425,13.936586939630025,6.223065889535642,0.8947700329513355
3191,22,541.4090909090909,331.27272727272725,5.944677150538391,4.755126370456127,0.60013799222399
3192,68,541.2794117647059,455.79411764705884,12.730599604010594,6.825887002898929,0.8441039651471329
3193,28,541.5357142857143,8.464285714285714,6.185903105327872,5.804634910566244,0.3456459807767081
3194,14,541.6428571428571,20.214285714285715,4.742873420478221,3.6860255520522984,0.629288982059086
3195,10,542.1,96.9,4.569200140512701,2.7572468289833445,0.7974069660082093
3196,75,542.4533333333334,375.32,12.794735284888638,7.74993577684236,0.795683306459192
3197,38,541.7631578947369,552.3157894736842,7.266004350306648,6.733771969442499,0.37567780828462266
3198,33,542.4242424242424,558.3030303030303,6.678776879493775,6.344849613722378,0.31224462556200716
3199,14,542.5,73.28571428571429,4.20883424647321,4.120630029101703,0.2036532699906393
3200,87,542.8390804597701,403.1264367816092,14.38426104651385,7.934208722184237,0.8341156507974693
3201,33,542.2121212121212,519.2727272727273,7.102587564054805,5.9089735136421835,0.5548557192190094
3202,69,540.7246376811594,240.46376811594203,16.439442182852748,5.521010841543505,0.9419192964595189
3203,34,542.9411764705883,314.29411764705884,7.448345464038603,5.942894715473312,0.6028147413661982
3204,19,542.9473684210526,13.052631578947368,5.263157894736842,4.588314677411235,0.4898979485566356
3205,16,543.4375,52.25,4.999309771558982,3.9930441780670143,0.6017040856918728
3206,31,543.8709677419355,106.58064516129032,7.79969618363585,5.037354181879049,0.7634729593086828
3207,78,545.3205128205128,229.85897435897436,17.42157729872569,6.0224884371395,0.9383482807716429
3208,59,543.6779661016949,541.728813559322,10.09962965853394,7.553795017669257,0.6637799517557951
3209,16,544.8125,1.3125,5.149449337222181,3.918950308868696,0.6487019053158465
3210,18,544.5,69.22222222222223,5.258737584977436,4.268749491621899,0.5840132092439594
3211,36,545.0,154.5,8.579364745233951,5.390841050791931,0.7779310288963462
3212,82,544.9878048780488,205.3170731707317,14.915724298097475,7.211642238297606,0.8753484512791289
3213,77,545.025974025974,272.3636363636364,11.223290816168427,9.066253948664798,0.5894469420897218
3214,41,545.5365853658536,45.073170731707314,7.6412528697491675,6.824759790108788,0.4497654621730496
3215,117,545.4444444444445,213.25641025641025,17.00397072197607,8.866699403462045,0.853282598808391
3216,103,545.495145631068,236.2135922330097,17.576071561393615,7.626087489734965,0.9009656938749048
3217,20,546.4,392.35,5.916079783099615,4.698936049788292,0.6075712774176023
3218,49,545.4285714285714,417.3673469387755,8.381548569304483,7.5429878466378115,0.43598986266403483
3219,13,546.2307692307693,61.76923076923077,4.898746818435677,3.349808131835155,0.7296608671767802
3220,25,545.44,100.48,6.247500776705925,5.271122655095295,0.5367882380348407
3221,26,546.0,176.5,6.201736729460423,5.203549084703927,0.5440588203494177
3222,57,547.1578947368421,293.2456140350877,10.224369713078453,7.181353364536397,0.7118059803250563
3223,51,546.0980392156863,462.8235294117647,8.719599086312957,7.547422983794389,0.5007880329907404
3224,114,545.859649122807,570.7017543859649,13.30125582463847,11.069380962969046,0.554467011473873
3225,26,546.3461538461538,188.65384615384616,6.115263665954397,5.378017936291857,0.47600659499739345
3226,108,546.1481481481482,336.962962962963,14.612987098053614,9.444501327684502,0.7630760173739619
3227,72,546.9583333333334,354.97222222222223,11.203926950876058,8.32591053948647,0.6691533849679625
3228,67,541.8805970149253,381.43283582089555,16.854355038080488,5.822291934449579,0.9384381400503687
3229,41,546.170731707317,431.5853658536585,8.542465169369637,6.144947166833107,0.6946569185258646
3230,57,546.6315789473684,491.2456140350877,9.684328420208931,7.487274134811462,0.634243899730052
3231,67,546.1044776119403,595.1492537313433,11.24450070143287,7.716060568617684,0.72740585976441
3232,33,547.5151515151515,117.03030303030303,7.800626189081711,5.380524826026124,0.7240423666386767
3233,28,546.8214285714286,126.07142857142857,6.523673582452451,5.528483695300533,0.5308760704613172
3234,69,545.8260869565217,162.46376811594203,10.847889344021493,8.137822678301983,0.6612385811168794
3235,48,546.9166666666666,169.83333333333334,8.792270028599027,7.12790985179459,0.5854591872147958
3236,42,547.9761904761905,451.76190476190476,8.09177880530145,6.668145083152768,0.5664964463555238
3237,42,547.6190476190476,247.0952380952381,7.761090602262969,6.856576273647456,0.4685155421103728
3238,97,545.639175257732,301.35051546391753,18.729629355141423,6.694938233513309,0.9339316182981436
3239,120,548.2333333333333,325.15,23.554587625578957,7.039196735268277,0.9543013184136709
3240,132,548.2121212121212,386.17424242424244,18.577160221382837,9.1180025371248,0.8712621885689154
3241,26,547.6153846153846,424.53846153846155,6.4665492968781555,5.123938534780096,0.610032997210446
3242,88,547.9886363636364,346.34090909090907,11.730377693789656,9.610143117107572,0.5734327167733813
3243,56,548.75,369.6607142857143,10.663227853766086,6.867897838367935,0.7649639781925388
3244,49,547.9387755102041,469.59183673469386,9.486860342674586,6.5906915506623935,0.7192823232487099
3245,30,547.8,536.9666666666667,6.751756167247692,5.763911653289078,0.5207803154725626
3246,29,547.7241379310345,550.5862068965517,6.278954609436001,5.818841337079276,0.37574928638644345
3247,87,544.4252873563219,562.8850574712644,17.287939659653492,7.6352934761799185,0.8971852926131372
3248,105,549.3428571428572,578.5142857142857,16.510684893698055,8.489145048869094,0.8576938791710086
3249,39,549.5641025641025,29.435897435897434,8.18807654906806,6.000283090563655,0.6804361203328947
3250,49,549.7551020408164,56.57142857142857,9.408290972598623,6.760779117654248,0.6954257027770675
3251,44,549.5909090909091,279.8863636363636,7.605696329901486,7.3852429269042466,0.2390197810762484
3252,37,550.1891891891892,154.72972972972974,7.762690114150574,6.225430254661701,0.5973667895546274
3253,63,550.2539682539683,511.93650793650795,11.05841548522174,7.37514249866287,0.7451241432268851
3254,30,550.7,524.8333333333334,7.871450856939593,5.1790427328809665,0.7530592138683327
3255,29,550.4137931034483,129.58620689655172,7.0493419802375925,5.146140167221414,0.6834288831216012
3256,47,550.5957446808511,147.40425531914894,9.058794079829882,6.692820077089414,0.6739025955404262
3257,25,551.08,93.2,5.982402637583357,5.301741099095248,0.4632594326811828
3258,41,551.170731707317,179.0487804878049,8.266203579796652,6.450150474029172,0.6254005935897693
3259,23,551.1739130434783,46.130434782608695,5.879028735726313,5.020220770807025,0.5204041439252232
3260,14,551.2857142857143,102.5,4.20883424647321,4.120630029101703,0.2036532699906393
3261,82,551.6951219512196,226.609756097561,15.059380915626447,7.131070550732016,0.8807776219058483
3262,21,551.4761904761905,251.95238095238096,5.5292135241428495,4.942677956141989,0.4482253154107925
3263,17,551.2941176470588,364.88235294117646,5.83916268541334,4.007910762909957,0.7272388311507326
3264,55,551.6181818181818,459.56363636363636,10.839780756259403,6.485787087776152,0.801248329360228
3265,50,551.5,518.78,8.712961648880562,7.328703794337477,0.5408382802126621
3266,29,551.4827586206897,546.4827586206897,7.356893644863261,5.058729222252196,0.7260730663809111
3267,65,552.6307692307693,377.7076923076923,10.011905369389469,8.439711672972663,0.5379643608900578
3268,117,551.9401709401709,398.21367521367523,14.470207129278617,10.724826386423636,0.6713217361646602
3269,20,552.1,490.8,6.768652709609111,3.973076955799023,0.8096000198899194
3270,127,551.7322834645669,585.9606299212599,17.341610386396596,9.594256134209937,0.8330148782869965
3271,30,552.7666666666667,597.8333333333334,9.726910858863928,4.139844955409096,0.9049079323494993
3272,39,552.2307692307693,2.5128205128205128,7.297483531770568,6.924111155962083,0.31577090850882406
3273,43,552.6046511627907,19.74418604651163,8.697287025705114,6.255790603731616,0.6947195768958718
3274,9,552.1111111111111,122.66666666666667,3.885753375057407,2.7954428906961324,0.6945875203623408
3275,76,552.578947368421,220.02631578947367,13.587120550218586,7.3638794294027345,0.8403946202754181
3276,144,553.4305555555555,271.0208333333333,19.401816440901207,9.593798487088398,0.8691893500931107
3277,70,551.9,330.0857142857143,14.326040575587133,6.44769142344275,0.8929943217097829
3278,52,552.8461538461538,530.5,9.06587441101199,7.578339062017875,0.5488524252063606
3279,100,557.08,538.72,16.940659181256347,8.633496771558733,0.8603926663734013
3280,41,551.6341463414634,50.926829268292686,9.642887877851578,5.446605958629635,0.825206324521407
3281,27,552.5555555555555,61.2962962962963,6.08167276575676,5.650626522907974,0.36976895853305364
3282,25,552.92,184.96,6.3807547757322975,5.257182562168586,0.5667172710541639
3283,22,553.5,215.0909090909091,5.910399691648934,4.770023678995663,0.5904748708805811
3284,37,552.4324324324324,360.1621621621622,7.7777073590115595,6.106041878292519,0.6194075137065536
3285,64,551.90625,310.0,12.980874264324655,6.508170121761866,0.8652352558040749
3286,148,553.2432432432432,317.2905405405405,19.06365394146051,9.984247919014496,0.851883011387007
3287,58,553.3448275862069,506.2241379310345,10.132070977842378,7.447309707905106,0.6780416921892578
3288,70,553.4,557.6857142857143,10.810427268117222,8.344029335162583,0.6358045515804173
3289,26,554.0,66.88461538461539,6.007884366082042,5.547001962252292,0.38411063979868787
3290,62,553.8870967741935,161.66129032258064,10.459002337650873,7.6065794242917315,0.686345315697858
3291,52,552.9038461538462,170.65384615384616,10.90705940258614,6.460665383711772,0.8056896013988576
3292,59,554.542372881356,79.0677966101695,9.372559836877246,8.007537027796188,0.5196821843981753
3293,30,554.3,247.5,6.989429732339461,5.474900792101699,0.6216293675379798
3294,69,554.2463768115942,419.28985507246375,12.766175933133303,6.981279081253344,0.8372256998413458
3295,41,554.5853658536586,592.6585365853658,8.419567374933422,6.416970642498702,0.6474008449635011
3296,36,555.1666666666666,144.25,8.638676439235702,5.490996918226393,0.771994324434691
3297,37,555.3783783783783,235.1891891891892,7.950042295022105,6.106126015259266,0.6403753917933351
3298,79,554.0126582278481,413.1645569620253,16.04644799605462,6.467032902438374,0.9151913513404089
3299,74,555.2702702702703,567.3918918918919,10.907614937487159,8.748317959921268,0.5972734650458688
3300,46,556.3478260869565,40.67391304347826,8.44483965479842,6.966052902082481,0.5652951561436191
3301,25,555.56,176.24,6.549642107827238,5.040137722262793,0.6386122028835886
3302,37,555.972972972973,544.1351351351351,7.051930922075862,7.030352643411506,0.0781694203916806
3303,97,555.979381443299,302.340206185567,15.331364804218145,8.251078595212556,0.8428280669429866
3304,33,556.7272727272727,523.3030303030303,7.661877397426635,5.675567975547303,0.6717761481567474
3305,52,558.1153846153846,25.5,12.29372821260084,5.409862613653652,0.8979729726438491
3306,65,556.9846153846154,153.30769230769232,10.38362868499738,8.012498798059463,0.6360506899691916
3307,79,557.2025316455696,456.4810126582278,12.961179365655061,7.859779628747715,0.7951526696996291
3308,31,557.9354838709677,474.5483870967742,7.999496719992684,5.057807164081321,0.7747516510726258
3309,37,557.8918918918919,181.86486486486487,7.08281733682771,6.637561253295388,0.34896505303281833
3310,49,558.0612244897959,263.83673469387753,9.71780149413349,6.522825913848579,0.7412541699897435
3311,114,557.6140350877193,406.86842105263156,16.31012852507603,9.073959468099433,0.8309554704403422
3312,79,558.5696202531645,189.9240506329114,10.288395493353653,9.821409585918834,0.2978572444472747
3313,53,558.2075471698113,497.60377358490564,9.30043658728841,7.348391204742104,0.6129618561218226
3314,30,558.7,528.4666666666667,6.552975992258579,5.899214173693383,0.4354056615956972
3315,24,559.0833333333334,196.91666666666666,5.773502691896257,5.270462766947298,0.40824829046386313
3316,80,559.3625,358.6,11.58036764723391,8.957264378977442,0.6338121074442352
3317,33,559.2424242424242,46.42424242424242,6.990316939993503,5.963042424416517,0.5218402784930364
3318,41,558.3170731707318,551.9268292682926,9.89449237521639,5.54493051590331,0.8282181986342428
3319,32,560.1875,96.53125,7.030272322490689,5.744314238585958,0.5765204077606199
3320,46,559.6304347826087,102.8913043478261,8.193751007477376,7.080983492792159,0.5031602126912894
3321,53,560.0,250.0,9.149012792687849,7.467748190213809,0.5777194462921552
3322,96,560.15625,488.5208333333333,12.207174182391965,10.037628988110951,0.569093326520991
3323,68,560.9411764705883,518.4264705882352,12.852227509211673,6.9685531124135425,0.8402456794086146
3324,51,560.156862745098,595.156862745098,9.56323037175678,6.950270138560201,0.6868807644086191
3325,27,560.2222222222222,63.48148148148148,6.369668330846144,5.385358418911969,0.5340241788822511
3326,29,560.1034482758621,81.96551724137932,7.085079885360113,5.1819660965386,0.68195799179624
3327,86,561.8953488372093,145.58139534883722,12.389346066961155,8.964508119123025,0.6902553251133583
3328,62,560.5483870967741,12.790322580645162,11.162355577585073,7.198764712156622,0.7642547461664947
3329,61,561.344262295082,175.24590163934425,10.980605908271434,7.158985415032054,0.7582479113492062
3330,17,560.8823529411765,211.58823529411765,5.181899763382574,4.041201040002321,0.625943231252129
3331,55,560.8181818181819,233.78181818181818,12.876435861157267,5.543013875076289,0.9026013841212333
3332,57,561.7719298245614,307.9122807017544,9.69988438570839,7.593327755767343,0.6222398856696115
3333,102,560.7647058823529,393.1764705882353,12.693767742559926,10.25143992765003,0.5897357101842645
3334,17,561.8823529411765,123.58823529411765,5.181899763382574,4.041201040002321,0.625943231252129
3335,49,561.6122448979592,283.6938775510204,8.406833145953584,7.4854767241110425,0.45517134960530364
3336,49,561.530612244898,470.3061224489796,8.574266917894043,7.261038482793823,0.5318465687709186
3337,56,561.4821428571429,558.8392857142857,9.322718362655397,7.84383183404718,0.5404635080900524
3338,25,562.32,2.76,5.993871251740861,5.298443867547757,0.4675305328410966
3339,40,562.2,88.925,7.274161531872654,6.953889128266577,0.2934604100980485
3340,43,561.7906976744187,533.6744186046511,8.255406874465999,7.097993981351479,0.5106319321302834
3341,51,562.0980392156863,503.01960784313724,13.452355997224238,5.153683551456275,0.9237042240158518
3342,55,562.9272727272727,507.76363636363635,11.86705298773137,6.091275063463532,0.8582134411037488
3343,71,563.1408450704225,546.7323943661971,10.743174066530248,8.496554111271099,0.6119721515853858
3344,37,562.2702702702703,565.6216216216217,7.920384476266964,6.1312179925715915,0.6330558704908302
3345,33,562.7575757575758,33.696969696969695,7.228959496303518,5.7943954643529265,0.5979234912646101
3346,43,563.5813953488372,52.69767441860465,8.27533200082199,6.611951812965879,0.6013371981904024
3347,47,562.9787234042553,571.4255319148937,9.573937682464086,6.2627844948501314,0.7563654620744307
3348,95,563.2315789473685,268.93684210526317,14.959782992972482,8.20518826169269,0.8361616356425894
3349,56,561.2678571428571,512.9107142857143,12.84382511320421,5.859357885363531,0.8898770781043908
3350,48,562.8333333333334,588.375,9.452063097324599,6.630539854321822,0.712678035352834
3351,33,563.3333333333334,26.393939393939394,8.655964246173191,4.858124333682187,0.8276491128501202
3352,81,564.604938271605,577.0617283950618,15.118041913029973,6.984833330851928,0.8868696568023375
3353,51,565.1960784313726,138.3921568627451,9.088027304992071,7.149568751277743,0.6173330144521904
3354,25,565.2,240.92,5.982402637583357,5.301741099095248,0.4632594326811828
3355,36,565.3611111111111,497.97222222222223,7.625096916539014,5.979893943983327,0.6204595905575133
3356,35,565.6,553.0857142857143,6.928203230275509,6.490180966628884,0.3499271061118826
3357,43,566.1860465116279,378.0232558139535,8.21196742269817,6.633334368973055,0.5895055436885407
3358,72,565.1666666666666,526.9166666666666,12.730970116841867,7.182552927110669,0.8256521307887923
3359,16,566.5,94.5,4.47213595499958,4.47213595499958,0.0
3360,27,566.2962962962963,119.14814814814815,6.314006402372294,5.430341090386012,0.510215128750438
3361,27,566.6296296296297,177.14814814814815,7.120032409637137,4.8781371610467925,0.7284222206285939
3362,97,566.1030927835052,195.42268041237114,14.684981511627102,8.492752914473689,0.8158035248645777
3363,106,565.6132075471698,479.2830188679245,14.253270771313822,10.031980917751781,0.7103614021024666
3364,61,565.983606557377,584.1311475409836,13.46835342912545,6.06759956056594,0.892772443571793
3365,41,567.0,58.24390243902439,7.231367984470799,7.16525425443065,0.1349135817998279
3366,82,566.7317073170732,346.1585365853659,12.222030999895,8.627512671353056,0.7083130565395841
3367,95,565.1263157894737,353.85263157894735,14.925286644738149,8.780444543645578,0.8086477097724478
3368,67,567.7014925373135,594.6567164179105,10.809999902227288,8.115574390757919,0.6605899076895324
3369,16,567.1875,1.1875,5.244535484642193,3.9204397139005818,0.6642297420901242
3370,40,567.35,125.55,7.737839252832367,6.612551980689954,0.5193305495465195
3371,34,567.0294117647059,233.91176470588235,7.039903572375201,6.150671601692493,0.48648862534311726
3372,67,566.8358208955224,299.67164179104475,10.821600785023948,7.963864724239265,0.6770652582659222
3373,70,567.7428571428571,331.3142857142857,12.706602398741113,7.345817244562424,0.815958653808475
3374,69,567.1014492753624,337.84057971014494,11.674563146802916,7.938345215074829,0.7332405276175541
3375,37,567.4324324324324,536.0540540540541,7.457115563215434,6.25159522174254,0.5451483539508467
3376,29,567.7586206896551,8.586206896551724,8.968031646722702,4.239287043576907,0.8812175258054981
3377,22,567.9090909090909,47.90909090909091,5.502816709244202,4.972652484064489,0.4282593998234223
3378,35,568.2571428571429,205.42857142857142,7.700461077290611,5.953908098561139,0.6341762480302588
3379,38,567.6052631578947,248.1315789473684,7.285932874286033,6.660001904256069,0.40551028083326063
3380,77,568.4675324675325,289.8051948051948,11.28850446453886,8.815432459438282,0.6246295529766228
3381,5,568.4,15.2,3.098386676965933,1.7888543819998317,0.816496580927726
3382,57,568.0350877192982,562.1578947368421,10.586854811319105,6.912352466631577,0.7574282427634647
3383,32,568.5,85.0,7.997191785767284,5.004490337852225,0.7799988413275707
3384,41,569.0731707317074,132.29268292682926,8.291349134788476,6.28138440825216,0.6527389477786971
3385,41,568.7073170731708,183.6341463414634,8.072888260041333,6.461834446129017,0.5994175548243795
3386,39,569.0512820512821,261.0769230769231,7.99479284099018,6.238661256011501,0.6253547668161491
3387,50,569.1,274.08,9.329717668334856,6.978106349802959,0.6637618346757964
3388,58,568.7068965517242,280.8103448275862,10.14240308326465,7.966019226220654,0.6189665627837023
3389,51,569.843137254902,102.13725490196079,8.698347833241506,7.506631072744461,0.5052123847455465
3390,99,568.8787878787879,314.32323232323233,13.435748689371241,10.13236507618994,0.6567197027068072
3391,28,569.8928571428571,107.71428571428571,7.063562962764291,5.075346243908325,0.6955011806660459
3392,6,569.8333333333334,589.3333333333334,4.363338213437162,1.65500979239906,0.9252741613028527
3393,80,570.55,146.3125,11.879815620780683,8.641034707502065,0.6862443182412952
3394,10,571.0,31.8,3.919183588453085,3.0983866769659336,0.6123724356957945
3395,28,570.3928571428571,52.357142857142854,6.653072015352494,5.326282551626226,0.5992326828980873
3396,29,570.9310344827586,73.3103448275862,6.605192325521395,5.607492045651149,0.5284697657844317
3397,40,571.525,360.125,8.381078303391007,6.156096691283247,0.678583544761229
3398,54,572.3888888888889,199.88888888888889,9.347384818710522,7.528331805054121,0.592739224715865
3399,38,571.0,238.5,7.372826904163142,6.630023598369192,0.4374325558311092
3400,28,571.8214285714286,480.0,7.1791475031013565,5.009240879608212,0.7163426159619782
3401,85,571.6588235294117,494.70588235294116,14.171930182537038,7.830814415938276,0.8334744010721326
3402,36,571.6388888888889,211.47222222222223,7.577347601888272,6.185694436830603,0.5775711789009669
3403,37,572.4594594594595,218.0810810810811,7.308223465086184,6.390365038756122,0.4851923460566049
3404,58,572.551724137931,581.1724137931035,9.670406979712439,7.748145837812932,0.5983667828585352
3405,32,572.78125,24.3125,6.963178961498961,5.889483317757021,0.5334940576477324
3406,61,572.0819672131148,303.6393442622951,12.09898760993025,6.80522488634646,0.8268229047044106
3407,59,572.2372881355932,320.33898305084745,12.298538605811842,6.2522996757341245,0.861134350689017
3408,51,573.0196078431372,89.31372549019608,9.61536863601252,6.75067394557472,0.7121066984531496
3409,47,573.0851063829788,137.17021276595744,8.611544362863825,7.012613606177933,0.5804062704382675
3410,64,572.234375,266.15625,11.666504689790797,7.062091550885569,0.7959742086005145
3411,33,573.0,352.54545454545456,7.987228543569866,5.3304358718558245,0.744726408611518
3412,94,572.7978723404256,570.031914893617,11.65701464499005,10.500120655763492,0.434326416862313
3413,42,573.2380952380952,191.88095238095238,7.600896499622732,7.2076160005298,0.31749881262756674
3414,31,572.9032258064516,295.4516129032258,6.7967950268023944,5.786816068861262,0.5245110400126243
3415,47,573.8085106382979,340.3829787234043,8.762470324133876,7.021889799962031,0.5981828949054031
3416,22,573.9090909090909,243.0909090909091,5.502816709244202,4.972652484064489,0.4282593998234223
3417,85,574.1058823529412,486.8235294117647,11.701742365749874,9.455334116395537,0.5891442434397188
3418,40,574.675,2.275,8.17497961977133,6.250576630705635,0.6445069680269888
3419,24,573.9583333333334,63.041666666666664,7.858763517946513,3.939240249942968,0.8652999295353638
3420,38,574.6578947368421,309.7894736842105,8.956174333565638,5.519817184472089,0.7875003741068258
3421,82,575.9024390243902,282.2682926829268,14.223015479820015,7.759299129869701,0.8380813412916971
3422,59,574.2033898305085,427.45762711864404,10.464963610708768,7.4080143251477635,0.7063254486940302
3423,37,574.7837837837837,588.6216216216217,7.872924433569947,6.013945099717885,0.6453619788073197
3424,29,575.7241379310345,8.655172413793103,6.53899001499186,5.600258366301523,0.5162451143930841
3425,51,575.6274509803922,272.7647058823529,10.97333390140915,6.218964867129903,0.8239006109308795
3426,28,575.3928571428571,345.9642857142857,7.169151272882373,5.220759643099732,0.6853374671137135
3427,70,575.5285714285715,595.8142857142857,10.601932900909611,8.662223779459097,0.5765782473499089
3428,77,576.2987012987013,207.94805194805195,13.09523259016334,8.18804899560153,0.7804089336930139
3429,46,577.5652173913044,222.97826086956522,8.704970226335023,6.837877934276467,0.6188436018363975
3430,84,573.9047619047619,327.0,17.78168989192975,6.160527100533232,0.9380671802301156
3431,52,575.4615384615385,409.5,10.944446038381322,6.142792020927265,0.827632587948082
3432,45,577.0222222222222,17.333333333333332,9.868441475198042,5.875123209527976,0.8034704868978598
3433,36,577.1666666666666,104.47222222222223,7.707595976085753,5.899393258008536,0.6435549544841346
3434,39,577.3076923076923,291.2564102564103,7.832176739996195,6.412169377536541,0.5742276198528572
3435,27,578.2222222222222,323.2962962962963,6.7650866895115005,5.1677346458664495,0.6453547691533367
3436,37,577.1081081081081,333.4054054054054,7.627560086230787,6.166903571942394,0.5884923506381448
3437,50,577.1,363.3,9.032018465120737,7.067010856487915,0.6227262126959229
3438,84,577.5357142857143,417.57142857142856,13.304121275274547,8.144132102626532,0.7907408329344552
3439,29,577.3793103448276,577.4827586206897,6.916286274935114,5.32362330919214,0.6383782539557801
3440,48,579.2291666666666,40.270833333333336,10.307365699848011,5.922639341884758,0.818432543635121
3441,28,578.0714285714286,195.5,6.334208475994281,5.788821645539502,0.40594347249436846
3442,28,578.5,259.0,6.707767380502277,5.251407938876791,0.622166912169471
3443,39,578.3333333333334,298.7692307692308,7.549442551621721,6.676915199491198,0.46668248668011797
3444,50,579.16,74.9,8.756084951984313,7.280204414275321,0.5556068335012413
3445,40,579.025,306.125,7.56738052785522,6.758309843935662,0.449889067318116
3446,38,578.5526315789474,349.9736842105263,7.607854259042772,6.518144256051245,0.5157068054013867
3447,133,578.1654135338346,375.1127819548872,15.85949034919729,10.785011189927232,0.7331794935592714
3448,7,577.5714285714286,582.7142857142857,4.155374705678736,1.9054711331003737,0.8886656215775005
3449,78,578.0512820512821,146.24358974358975,14.992518616326127,6.933908450060133,0.8866238534931457
3450,59,578.6271186440678,478.6101694915254,10.768175800907194,7.145017395001855,0.7481488775385575
3451,44,579.4772727272727,46.86363636363637,8.050874275530601,6.925932960009199,0.5098371867404169
3452,5,579.6,237.8,3.098386676965933,1.7888543819998317,0.816496580927726
3453,43,578.2558139534884,356.27906976744185,8.01598714403958,7.0651210154725215,0.4724102412714566
3454,29,579.551724137931,200.27586206896552,6.754521744671525,5.472076198942936,0.5862430109651927
3455,42,579.8095238095239,216.28571428571428,8.06877328607556,6.708820786302215,0.5555923064341228
3456,42,579.952380952381,253.07142857142858,7.7742309135002525,6.818433758495899,0.4803886435488049
3457,27,580.3703703703703,5.0,6.635317237498872,5.106277908033803,0.6385739346309321
3458,33,580.6969696969697,229.9090909090909,6.874549711001055,6.079249859260948,0.4668955992874022
3459,63,580.7142857142857,340.22222222222223,10.388516262844421,7.949140403666073,0.6438100553337943
3460,31,580.9032258064516,32.87096774193548,7.00419960367256,5.617580696874642,0.5972832737849171
3461,23,580.8260869565217,270.82608695652175,6.7002739933931625,4.868642717495678,0.687025425787694
3462,40,581.025,284.9,8.233720546740276,6.167320808761856,0.6625337323466098
3463,37,580.9459459459459,318.72972972972974,7.491951698421247,6.286496548743312,0.5439772212088332
3464,74,581.5,473.02702702702703,13.762680743091533,7.179826207762392,0.8531363131256808
3465,52,581.3076923076923,492.5192307692308,10.779059048582338,6.187986422739116,0.8188028436797625
3466,57,581.1754385964912,138.87719298245614,9.18668099522091,8.134455954206945,0.46471199054612145
3467,106,581.4150943396227,434.5660377358491,13.733221118700268,9.95301838886755,0.6890221623914364
3468,38,582.578947368421,274.94736842105266,8.385998674557191,5.808744117688855,0.7212529997553013
3469,57,584.2105263157895,221.68421052631578,12.570247112864974,5.920523577595739,0.8821358778992058
3470,39,583.974358974359,300.64102564102564,8.113859008302912,6.25858564124141,0.6364170712549745
3471,139,583.3884892086331,589.0935251798561,15.979682402013497,11.557553007769664,0.6905700646619342
3472,22,584.0454545454545,28.727272727272727,5.5195074369704376,5.0760656626865766,0.39271745514253664
3473,22,583.8636363636364,249.0,5.565537405459625,4.972652484064488,0.4491186673637602
3474,27,584.2592592592592,258.48148148148147,6.329025592253902,5.461269562191711,0.5053872798843576
3475,60,583.6166666666667,292.73333333333335,9.580580537499317,8.127540895555908,0.5294599949248204
3476,63,584.1746031746031,357.42857142857144,11.786815404740537,7.258928698828912,0.7878622033116913
3477,48,584.6041666666666,60.6875,9.173423001605473,6.666748282021594,0.6869063121708457
3478,34,584.6764705882352,93.08823529411765,7.296568820960839,5.942534531576173,0.5802637421266295
3479,62,585.7903225806451,143.01612903225808,13.189017516219131,6.409692362885581,0.8739659830300546
3480,69,584.4057971014493,210.43478260869566,10.004698697642773,8.98228653006457,0.44038954182752804
3481,96,586.5625,331.125,14.714545159646969,8.990902480361838,0.7916140521134487
3482,115,585.1565217391304,425.09565217391304,16.564741161166094,9.309724806483514,0.8271232739456024
3483,42,585.1428571428571,324.0,8.26632556820255,6.525291275209951,0.6139019050247795
3484,57,584.2982456140351,482.6140350877193,10.53983474117491,7.219606480378501,0.7285591519606642
3485,30,584.6333333333333,487.93333333333334,7.859484857514163,4.899619939575246,0.7819013560427144
3486,66,585.2878787878788,202.42424242424244,10.55692679482904,8.178695366467247,0.6323006186247123
3487,62,585.3870967741935,346.9193548387097,10.089969992434716,8.108974090889042,0.5950795270537649
3488,98,585.9387755102041,81.56122448979592,12.716238311916914,9.842317345256255,0.633190509713554
3489,34,586.0,305.61764705882354,7.954975271305285,5.46888287053275,0.7262037314412714
3490,63,585.2222222222222,311.93650793650795,11.215071436353815,7.222271120659884,0.7650431196749741
3491,40,586.725,229.5,7.820244496834836,6.544751791299993,0.5473579336981854
3492,29,586.5862068965517,400.55172413793105,6.396999081008443,5.7553094670900755,0.4365315229569429
3493,67,587.044776119403,53.37313432835821,11.291035541533258,7.549770791928667,0.743575701104668
3494,32,586.5625,110.125,8.425074596141982,4.765041243204829,0.8246944493144679
3495,25,587.04,125.24,6.402487289320216,4.897035481808672,0.6441911507451396
3496,42,587.6190476190476,285.92857142857144,8.975407133377324,6.023000407629147,0.7414067068256515
3497,59,587.3389830508474,418.4237288135593,11.443756524214281,6.764087194058525,0.8066186005060629
3498,27,587.4814814814815,238.88888888888889,6.10737294880025,5.575802222479568,0.40804356301730593
3499,80,588.1,278.45,11.741345296093886,8.896112107988184,0.6526332070910302
3500,123,588.0975609756098,410.5365853658537,16.37461873151156,9.89163771747329,0.7969209946314999
3501,20,588.3,2.15,5.556341125566584,4.574611819197062,0.567586589848995
3502,94,588.9787234042553,74.09574468085107,15.144073914170296,8.196582247923372,0.8408680034172384
3503,105,589.3047619047619,465.95238095238096,18.513087202987496,7.785848342610268,0.9072651187432195
3504,14,588.5,14.714285714285714,4.20883424647321,4.120630029101703,0.2036532699906393
3505,57,589.0175438596491,65.73684210526316,9.653776873880648,7.4931818733449225,0.6304969326704148
3506,24,589.125,243.58333333333334,6.043466776448121,5.142833027057166,0.525207835922563
3507,66,589.2575757575758,317.45454545454544,10.358712910990926,8.589778974106192,0.5589041509704861
3508,38,589.2105263157895,89.8157894736842,7.48222511115773,6.523319975889912,0.4897867812850229
3509,43,589.6744186046511,221.41860465116278,8.73378896971079,6.538813682154409,0.6629314913499603
3510,29,589.3448275862069,263.7241379310345,6.53899001499186,5.600258366301522,0.5162451143930842
3511,87,589.5747126436781,149.13793103448276,12.725763308759598,9.227973227779183,0.6886003729002207
3512,31,589.7096774193549,214.70967741935485,6.385467371178643,6.170656619983661,0.2571953513471688
3513,37,589.9459459459459,250.86486486486487,7.208516915262622,6.5116090989057875,0.4289639502179333
3514,31,590.7096774193549,9.225806451612904,7.5687724639072025,5.22101031776373,0.7239910256453387
3515,25,590.68,48.56,6.180301161566536,5.179563451907827,0.5455531551937659
3516,26,589.9230769230769,258.38461538461536,5.991851683006864,5.528042318071225,0.38577399053554967
3517,54,590.3333333333334,295.7037037037037,9.276195650071509,7.559108606906278,0.5796111618873363
3518,108,590.8148148148148,339.2037037037037,13.591688466639164,10.906065903307299,0.5967771895143078
3519,72,589.9444444444445,354.09722222222223,13.013915223601318,7.453086902759041,0.8197640856919208
3520,32,591.09375,21.71875,7.9005780600397095,5.116113399566039,0.7620128449361864
3521,32,591.53125,289.0625,8.123558501810496,5.470801793856401,0.7392337495834228
3522,78,590.8717948717949,432.65384615384613,11.438386687506474,8.858348877334365,0.6326468613530314
3523,16,591.625,39.75,4.837183752516743,4.165531580049303,0.5083541641390434
3524,54,591.7407407407408,234.4814814814815,9.15957606923565,7.595255105255899,0.5589302142522865
3525,39,592.6410256410256,398.6923076923077,8.179372998495284,6.083456459352745,0.6684513789856662
3526,42,592.3095238095239,404.54761904761904,8.718250839816035,6.105741900330987,0.7138091802855465
3527,84,592.5119047619048,460.3452380952381,17.091619255563806,6.7093124251524765,0.9197307335027505
3528,35,592.6,226.57142857142858,7.246218342227352,6.27415116155105,0.5003005780379737
3529,48,592.7916666666666,301.375,10.374297261698835,6.008009532959336,0.8152391267423896
3530,64,594.109375,307.28125,11.43095565145574,7.424703471819737,0.7603393389754428
3531,19,594.5263157894736,319.42105263157896,6.465426576514632,3.8638790253780546,0.8017782361826482
3532,35,592.2857142857143,325.0857142857143,8.175774979522084,5.643342602493546,0.7235693377861906
3533,76,592.2368421052631,473.0263157894737,13.521626470792315,7.803115356966043,0.8166847408234592
3534,89,593.2584269662922,482.14606741573033,11.59256305303333,9.985398181817944,0.5079909240985472
3535,28,594.2142857142857,143.35714285714286,6.453260463056621,5.568526790852322,0.5053724966333766
3536,93,594.7956989247311,441.7204301075269,11.936503086749644,10.106391858743832,0.5321032891453795
3537,23,595.0,129.0,5.897678246195885,4.86335007099463,0.5656854249492381
3538,29,595.1724137931035,133.89655172413794,7.1035367129159495,5.112171406486838,0.6943207788666134
3539,24,595.2916666666666,244.75,6.897713769106125,4.478887545850272,0.7605073835212606
3540,111,594.009009009009,452.44144144144144,12.403513825779909,11.733040870502148,0.32432732209348747
3541,17,595.2352941176471,68.23529411764706,4.752708206288037,4.56252221874478,0.2800560168056019
3542,48,595.6666666666666,92.20833333333333,9.262770491488716,6.6127800961308,0.7002379509134686
3543,84,596.2619047619048,44.45238095238095,14.480562287592184,7.536483039597315,0.8538890148167819
3544,47,595.8297872340426,213.70212765957447,8.456424492631728,7.059725368839942,0.5504991309579803
3545,53,595.2452830188679,359.54716981132077,10.83610046451013,6.454159775992272,0.8032689680877174
3546,58,595.8103448275862,368.82758620689657,9.285255104080065,7.9768076176301905,0.5118357936753518
3547,44,596.0681818181819,493.95454545454544,7.627700713964739,7.303910421001652,0.2882647930446776
3548,73,596.2191780821918,57.58904109589041,12.524914873936384,7.496908200374541,0.8010782668569288
3549,39,596.1282051282051,220.02564102564102,7.992451728275792,6.520266694265175,0.5783297876825619
3550,54,595.5185185185185,346.14814814814815,9.62029099387555,7.342217856937115,0.6461608874347327
3551,38,596.3157894736842,352.5,7.347338259627431,6.664912049800728,0.4208736710252059
3552,15,597.1333333333333,8.466666666666667,4.618802153517007,4.061745656460751,0.47609522856952347
3553,75,596.8,152.29333333333332,15.631348759222488,6.1658379957452505,0.9189159640512865
3554,32,596.71875,230.0,6.9920470376680655,6.111109001076419,0.4859105138692982
3555,42,596.8333333333334,288.76190476190476,9.196054286473075,6.030491350051999,0.754961220432649
3556,50,596.62,313.44,9.430883826275826,7.634816975886785,0.5870443562944299
3557,46,596.3695652173913,334.10869565217394,8.307681085463356,7.192953402430131,0.5003562333053628
3558,24,597.2916666666666,240.58333333333334,6.33505404418055,4.939116118810067,0.6262172429182966
3559,26,597.6153846153846,250.0,7.605665904189708,4.307692307692308,0.8241446490869536
3560,19,597.6315789473684,269.63157894736844,5.739747602691579,4.27676916855565,0.6669365644452532
3561,32,597.03125,295.71875,7.439264401341419,5.511451275928536,0.6716598010292136
3562,23,597.1739130434783,328.1304347826087,5.879028735726313,5.020220770807025,0.5204041439252232
3563,22,597.7272727272727,34.0,7.072387332781452,3.9623661718189633,0.8283177206193121
3564,22,597.6363636363636,99.68181818181819,6.711484251073143,4.171601627592539,0.7833652026279186
3565,38,597.6315789473684,107.3157894736842,11.393599037102195,4.340465481251095,0.9245929665658081
3566,19,597.6842105263158,235.3684210526316,5.691319941432348,4.501401663531356,0.6119143649591854
3567,28,597.4285714285714,322.2142857142857,7.5709550468069,4.855779943830096,0.7672321129727193
3568,18,597.6666666666666,382.0,5.333333333333333,4.216370213557839,0.6123724356957945
3569,22,597.8181818181819,572.0,7.0323925839322605,4.11407581781264,0.8110203515912453
3570,15,597.8,224.66666666666666,4.92617893231764,3.997705593922434,0.584321016521078
3571,9,598.5555555555555,301.22222222222223,5.274258481434536,1.946056459258261,0.9294403032006735
3572,15,597.8666666666667,363.06666666666666,4.994771490645755,4.036917413160297,0.588868789452003
3573,12,598.5,479.0,7.141921394560869,1.9130147570210732,0.9634586362097597
3574,11,598.0909090909091,583.6363636363636,4.346129984141888,3.067356324605907,0.7084437526351621
