Object,area,centroid-0,centroid-1,axis_major_length,axis_minor_length,eccentricity
1,18,1.0,254.5,6.831300510639732,3.265986323710904,0.8783100656536799
2,13,0.8461538461538461,64.0,5.203549084703927,3.076923076923076,0.8064425896179159
3,27,1.2592592592592593,181.62962962962962,8.375331016801201,4.153343692678862,0.868378472764796
4,34,1.8235294117647058,376.8235294117647,8.279668392169782,5.496840674939569,0.7478247045793823
5,27,1.5925925925925926,415.5925925925926,7.335741361715803,4.882466198289683,0.7463333859037521
6,55,1.8181818181818181,542.8181818181819,13.65409752684495,5.270720705981726,0.9224914542980046
7,26,1.3846153846153846,569.8076923076923,7.804780514389145,4.239454574200383,0.8396118066729051
8,48,1.8541666666666667,226.47916666666666,11.295949584756794,5.57263858117594,0.8698418432091913
9,137,2.153284671532847,288.26277372262774,30.861520141858488,6.1429203195931015,0.9799897649366812
10,46,2.0434782608695654,394.0652173913044,10.112447979694796,6.149309735628568,0.7938657281633095
11,37,1.837837837837838,439.56756756756755,8.80641608615607,5.373282381191676,0.7922817558822273
12,63,2.5238095238095237,34.95238095238095,11.387264658042248,7.406502596044078,0.759574921608172
13,46,2.217391304347826,113.1304347826087,9.460075399421711,6.234574756754353,0.752107272725942
14,55,2.272727272727273,246.36363636363637,11.258142383991963,6.334845153562556,0.8266679275185106
15,52,2.6346153846153846,261.6730769230769,9.157525533286957,7.37884939640929,0.592230072308592
16,47,2.617021276595745,402.4468085106383,8.864420651625203,7.191026698666645,0.5847361529681693
17,50,3.38,476.2,10.22154269656951,6.431925442836422,0.7772013972331028
18,47,3.276595744680851,8.936170212765957,8.820097143600165,6.846463468283787,0.6304443204033631
19,34,2.411764705882353,120.67647058823529,6.900178022877732,6.230853024407229,0.42964290201958877
20,46,2.5,237.34782608695653,8.87467883281605,6.659416347320275,0.6610022413983485
21,32,3.65625,91.46875,6.771999540790901,5.977773182342053,0.46990108699204863
22,42,2.9047619047619047,137.61904761904762,7.761090602262969,6.856576273647456,0.4685155421103728
23,34,3.411764705882353,490.5882352941176,6.721344403334447,6.452380800377453,0.2800560168056019
24,50,3.32,497.96,8.405712343400765,7.589466384404111,0.4298634768105471
25,73,3.8767123287671232,174.56164383561645,11.378546838640377,8.415902480978142,0.6730148872038861
26,58,3.6379310344827585,193.25862068965517,9.696984295190681,7.81956940083641,0.5913815478074932
27,132,3.712121212121212,208.2348484848485,18.185747675845512,10.37671402511417,0.821230941016549
28,56,4.089285714285714,2.517857142857143,10.470685882370901,7.067274567029354,0.7378560308252309
29,61,4.213114754098361,326.27868852459017,10.199667666562673,7.662814619488292,0.659982681311875
30,99,4.4646464646464645,383.5151515151515,15.079731464959762,8.587767175607727,0.8219977593295316
31,107,4.803738317757009,506.5327102803738,13.076475599339313,10.4621451090908,0.5999016296430039
32,53,4.60377358490566,218.83018867924528,8.706539595079756,7.867789616882732,0.42824141163425994
33,46,4.434782608695652,28.41304347826087,11.462907575876654,5.297630404542098,0.8867996018229195
34,37,4.918918918918919,126.27027027027027,7.4619268424253935,6.351615741240085,0.5248363295481816
35,41,5.585365853658536,255.1219512195122,8.439027209088517,6.242183453530947,0.6729582677577742
36,102,5.372549019607843,270.03921568627453,12.623459806162451,10.655525662828182,0.5361778925932752
37,111,5.513513513513513,343.02702702702703,16.05496000666583,9.622994770805013,0.800465891450878
38,85,5.317647058823529,408.88235294117646,12.116360604207003,9.114581999015584,0.6588730999995056
39,91,6.351648351648351,101.73626373626374,15.79628286592418,7.397749176603951,0.8835577867156703
40,17,5.882352941176471,446.4117647058824,5.181899763382574,4.041201040002321,0.625943231252129
41,162,4.580246913580247,556.820987654321,18.31830077383682,11.451320401676112,0.7805206033098387
42,171,6.39766081871345,20.49122807017544,20.312791373729162,11.338211316791538,0.8297193078347631
43,81,6.827160493827161,81.34567901234568,12.977010909203244,7.9176252596580845,0.7923035999768707
44,33,7.303030303030303,277.6969696969697,7.101002916788756,5.98743710798956,0.5376283930786107
45,86,5.825581395348837,185.53488372093022,13.105318218491423,9.156278614685137,0.7154451277120182
46,84,6.416666666666667,540.6666666666666,17.523225578664526,6.604476133788132,0.9262545960505195
47,68,7.411764705882353,133.13235294117646,11.052372978265034,8.3047949416807,0.659842666654868
48,62,7.596774193548387,284.9032258064516,9.671549970430213,8.1577282449517,0.5371655691143128
49,37,7.45945945945946,293.2162162162162,8.586842138727636,5.6930460390001665,0.748622520917891
50,56,7.410714285714286,484.2857142857143,11.330871453595654,6.405842761873432,0.82485508128828
51,68,6.205882352941177,594.25,17.466953880241267,5.022680703915289,0.9577646287211082
52,58,8.310344827586206,225.89655172413794,9.26113715805405,7.9460544215522075,0.5136499133424334
53,98,8.826530612244898,396.0204081632653,14.00998834008917,9.051296830605546,0.7632864005654144
54,212,6.7075471698113205,466.5188679245283,18.816706546203974,14.690224071454129,0.6249045886826882
55,43,8.279069767441861,580.7209302325581,8.004232813568349,6.823223447371588,0.5228056646590373
56,105,8.380952380952381,527.1047619047619,15.04483815574283,9.081273820885936,0.7972767578995662
57,92,9.076086956521738,416.14130434782606,14.309969198099681,8.466536982034208,0.8061926962066184
58,27,9.555555555555555,92.07407407407408,6.812208487977921,5.001219537335752,0.6789814963375519
59,97,9.041237113402062,164.5463917525773,12.745306447807947,9.705490784686644,0.6481704472406794
60,40,9.0,247.875,9.029053528592309,5.8160289182409315,0.7649025438413191
61,108,9.666666666666666,318.2037037037037,15.463793123846296,8.988869318943005,0.8137001131277887
62,28,9.428571428571429,261.89285714285717,6.988208514857085,5.241284594625492,0.6614170243200642
63,135,10.437037037037037,200.8740740740741,14.064109318518852,12.370304080380803,0.4757779832677273
64,23,10.521739130434783,296.8695652173913,6.280781933735498,4.691602666333178,0.6648493387028183
65,37,10.81081081081081,339.8378378378378,7.755230088998445,6.155485962572694,0.6082824936707032
66,84,11.035714285714286,566.0595238095239,14.073072487391363,7.756110336030144,0.8344185528899664
67,68,10.941176470588236,62.73529411764706,15.12071815854566,5.847000237864906,0.9222106006528545
68,94,11.563829787234043,176.14893617021278,13.794937858238232,8.81987688080974,0.7689108208587379
69,90,13.1,7.5777777777777775,15.582290781306087,7.777594707807944,0.8665268977212773
70,15,12.133333333333333,267.6,5.015576488648357,3.829649423738424,0.6457472972758284
71,86,12.151162790697674,534.9651162790698,11.595719863622548,10.07140891828905,0.49560964723905154
72,99,12.676767676767676,216.54545454545453,13.931662362734746,9.10777330363907,0.7567137640448611
73,69,12.695652173913043,256.5217391304348,10.591035432591196,8.369618292882858,0.6127781789459965
74,52,12.461538461538462,366.5192307692308,10.623984505110132,6.203707183690947,0.811801039677451
75,5,11.6,406.2,3.098386676965933,1.7888543819998317,0.816496580927726
76,80,12.375,547.7875,12.916312336516112,8.148397120020698,0.77589590602568
77,65,12.661538461538461,514.8615384615384,11.596098033949348,7.1901709106469935,0.7845615930979043
78,113,13.610619469026549,16.36283185840708,18.902858564998233,7.797729082386054,0.910950415661179
79,58,13.517241379310345,105.79310344827586,8.996590093828859,8.314465238418032,0.3819581456170238
80,70,13.214285714285714,191.78571428571428,11.434454958045757,8.107201070664148,0.7051933119200625
81,22,13.863636363636363,401.72727272727275,6.259344135784166,4.438090135145478,0.7051739218594736
82,4,14.5,53.5,2.0,2.0,0.0
83,61,14.639344262295081,66.63934426229508,12.53603036730677,6.251324923282265,0.866792714915361
84,53,14.283018867924529,248.0188679245283,11.57982903518341,6.007659009821898,0.8548933522472368
85,27,14.296296296296296,445.9259259259259,6.242947695539188,5.535725766644488,0.46231326416777213
86,38,14.18421052631579,556.0,7.383659215997677,6.624651591968937,0.4416155015252573
87,39,15.35897435897436,39.56410256410256,8.873949807603651,5.60652828886239,0.7751344963409041
88,97,15.402061855670103,424.50515463917526,13.380155194402265,9.422118373995895,0.7100155170347672
89,30,15.566666666666666,276.26666666666665,8.0531898575848,4.712102598147784,0.8109449165706997
90,207,14.83574879227053,382.3719806763285,21.140586797590636,13.253932831599206,0.7790655122890433
91,24,15.291666666666666,458.2916666666667,6.165086667499928,4.9601227296636266,0.5938844246982015
92,49,15.571428571428571,572.9795918367347,11.534140776225748,5.40764708074362,0.8832840076145587
93,26,15.653846153846153,121.76923076923077,6.433441934210837,5.158568103566873,0.5975435899674094
94,92,15.804347826086957,137.9891304347826,12.43153679790709,9.911298121862215,0.6036221314589615
95,46,15.978260869565217,395.0869565217391,8.989899038277644,6.935174772059014,0.6363011198200357
96,10,15.8,485.0,3.9191835884530852,3.0983866769659336,0.6123724356957946
97,27,15.88888888888889,208.7037037037037,6.9451443750895,5.042026783054801,0.6877172008934006
98,34,16.264705882352942,340.0,7.062744009319358,6.082478096334383,0.5082559240684967
99,70,17.185714285714287,91.07142857142857,10.019757060076534,8.918656156659473,0.45575155787044536
100,51,16.392156862745097,166.41176470588235,9.868312550097583,6.816349492843546,0.7231117977793649
101,43,16.58139534883721,265.2093023255814,8.949934532223633,6.1093622701185435,0.7307779063985168
102,13,17.384615384615383,597.6153846153846,4.318667337728677,3.6794648440311994,0.523556754446835
103,86,17.267441860465116,157.47674418604652,12.267194051632256,9.08308478863498,0.6721257304473586
104,44,17.431818181818183,521.8863636363636,7.670420550570637,7.321948481730747,0.29798880103011893
105,30,17.766666666666666,145.36666666666667,6.283778480530452,6.123063431436929,0.22471808759223103
106,138,17.992753623188406,232.7536231884058,16.040483530975497,11.02002578616532,0.7266448260217186
107,74,18.12162162162162,322.64864864864865,10.558228348233172,8.910278434065335,0.536472265771968
108,63,17.80952380952381,540.6984126984127,13.551606271407156,6.0027057153563215,0.8965455246545646
109,30,18.5,82.33333333333333,6.3456021516217564,5.962847939999438,0.3420494006638243
110,87,18.080459770114942,186.9655172413793,14.685886570779399,7.750109627078443,0.8494152780377666
111,116,17.637931034482758,406.8534482758621,15.707574524833497,9.773464903553867,0.7828475980981494
112,37,17.864864864864863,529.2432432432432,8.200177163896042,5.794159822844742,0.7076235940397695
113,63,18.285714285714285,2.6666666666666665,12.136617521124409,6.962453430818875,0.8190842107131701
114,30,19.366666666666667,253.36666666666667,6.491019437140313,5.793482928640115,0.4509717590117594
115,35,19.228571428571428,552.3714285714286,7.048155513634016,6.402696639994253,0.41805527669856585
116,70,19.985714285714284,46.72857142857143,10.553513791145425,8.573123625664081,0.5831732717610857
117,32,20.1875,105.5,6.6332495807108,6.199798383818623,0.35555654198095493
118,65,19.76923076923077,245.06153846153848,11.24302227988381,7.487750174569003,0.7459598935991689
119,64,20.09375,560.609375,9.7633146337212,8.53496667321938,0.4855886971947352
120,26,19.692307692307693,575.6153846153846,7.500965260120727,4.591800582832132,0.7907329213530796
121,81,20.382716049382715,179.23456790123456,12.510684039406934,8.448076537373728,0.7375715819094352
122,20,20.5,217.5,6.0,4.09878030638384,0.7302967433402214
123,34,20.0,271.2647058823529,7.062744009319357,6.082478096334383,0.5082559240684966
124,91,22.065934065934066,132.24175824175825,11.34532770039039,10.593058846654365,0.3580732169952748
125,96,21.375,416.9791666666667,15.442714718484062,8.322596811036282,0.8423482928108872
126,25,21.36,223.48,6.514261911972968,5.040276950944095,0.6335160458256018
127,62,20.612903225806452,100.1774193548387,14.446524725831788,5.495746566012218,0.924813842400913
128,53,21.11320754716981,172.0754716981132,9.771442466330644,7.345649758092006,0.6594519535713941
129,155,21.651612903225807,200.96774193548387,18.43506342184192,10.837039406825582,0.8089704461267044
130,31,22.032258064516128,374.4193548387097,7.291756663663904,5.633989281688002,0.6348299909985822
131,60,22.416666666666668,394.9,10.89148142847942,7.17666504596507,0.7522089943871495
132,205,21.951219512195124,466.3560975609756,19.206482156758945,13.862396410391687,0.6921474376375515
133,109,21.155963302752294,476.20183486238534,16.304009715886444,9.009715568002958,0.8334417310947609
134,44,22.454545454545453,60.29545454545455,7.9294465192674295,7.113593799272833,0.44180519506851035
135,47,22.425531914893618,121.17021276595744,8.554424394070216,7.1260210132794315,0.5532403403619977
136,40,22.775,387.2,8.554428620181879,6.080440031956006,0.7033998213741167
137,44,23.272727272727273,565.9318181818181,10.02666723401555,5.940739891571646,0.8055748839162004
138,68,23.529411764705884,9.558823529411764,11.625006934250175,7.567073269215802,0.7591372040507486
139,91,24.505494505494507,164.15384615384616,11.746908725553817,10.165886082850387,0.5010653101448616
140,51,23.666666666666668,517.7647058823529,10.024319539983585,6.488784847297751,0.7622317110730635
141,15,23.466666666666665,572.8666666666667,4.618802153517007,4.061745656460751,0.47609522856952347
142,33,24.666666666666668,90.18181818181819,7.618317973814528,5.5938261939933085,0.6788683561419804
143,12,24.0,95.5,4.47213595499958,3.265986323710904,0.6831300510639732
144,101,24.623762376237625,17.762376237623762,12.325737581371857,10.921726688909436,0.46351107527819574
145,25,24.4,275.04,6.013280646736604,5.212950782770064,0.49847115663273783
146,27,25.59259259259259,107.92592592592592,6.421500681256116,5.2654105708259085,0.5724125976557585
147,83,26.44578313253012,143.65060240963857,13.091804787952809,8.170002165819225,0.7813806659347489
148,45,25.866666666666667,254.0,9.678422521777994,6.073560528219051,0.7785873829593043
149,47,25.5531914893617,489.06382978723406,8.447718762518027,7.02079396761845,0.5561415906499417
150,34,25.794117647058822,52.911764705882355,6.790648972022332,6.372890249909218,0.3453327903072337
151,28,26.321428571428573,85.0,6.507452556531642,5.451081150953975,0.5461806047563829
152,70,25.928571428571427,242.52857142857144,12.977063733453575,6.949900933130839,0.8445018377748496
153,59,25.796610169491526,318.47457627118644,10.546603165439537,7.180150984702757,0.7324672823120144
154,92,26.347826086956523,380.9782608695652,15.173405654945675,8.309143331887931,0.836732206887249
155,39,26.82051282051282,4.0,8.714833874988063,5.751059181421963,0.7513392983128053
156,25,26.4,342.44,5.887478237751711,5.4258639865002145,0.3881555064577865
157,37,26.405405405405407,399.4594594594595,7.801652482817368,6.146182765269759,0.6159244206753236
158,46,26.41304347826087,405.0217391304348,9.551481559089689,6.347663311484993,0.7472227346518775
159,89,26.95505617977528,555.0112359550562,12.267925716144134,9.324527097498645,0.6498369364967346
160,14,27.5,77.71428571428571,4.20883424647321,4.120630029101703,0.2036532699906393
161,119,26.310924369747898,151.57142857142858,15.29337450927701,10.339460726455311,0.7368332597062175
162,40,27.425,174.55,8.581088084400808,6.56010116444514,0.6446431693202116
163,43,26.837209302325583,311.06976744186045,8.901835551075669,6.151164625934941,0.7228551588033687
164,40,27.225,418.075,9.588258675802107,5.653785949777865,0.8076536160973559
165,89,27.741573033707866,221.62921348314606,13.341519564881803,8.582361551850443,0.7656291921551748
166,41,27.975609756097562,411.0731707317073,7.952207658172478,6.719748269074705,0.5347399158098746
167,15,28.4,67.4,4.618802153517006,4.026578365477733,0.4898979485566357
168,93,28.161290322580644,188.53763440860214,12.163269811894457,10.07300527046146,0.5605073412008503
169,25,29.4,45.96,6.013280646736604,5.212950782770064,0.49847115663273783
170,98,29.551020408163264,207.30612244897958,12.331238417270542,10.330830805679739,0.5460121859336818
171,43,29.3953488372093,262.25581395348837,8.697287025705114,6.255790603731615,0.6947195768958719
172,46,29.52173913043478,479.80434782608694,8.780840759173012,6.751381012870589,0.6393974662745789
173,54,29.48148148148148,547.0555555555555,9.815067751335727,7.326912680403948,0.665389460523731
174,53,30.264150943396228,592.6037735849056,10.912193657165425,6.277650806554823,0.8179511358186788
175,48,29.729166666666668,181.08333333333334,8.925524225811035,6.931832014138691,0.6299567220206704
176,75,31.893333333333334,230.70666666666668,13.412876722728722,7.63692668106701,0.8220794709832407
177,26,30.26923076923077,294.0,6.076436202501999,5.497713349294043,0.42592282917244095
178,37,30.72972972972973,26.54054054054054,7.971231846658663,5.865114245369932,0.6772150112260763
179,22,30.636363636363637,63.36363636363637,5.936541544639803,4.952380188362762,0.5514321471309445
180,31,30.451612903225808,494.9032258064516,7.022767037853465,5.60327261943872,0.6028262523744138
181,88,31.363636363636363,392.40909090909093,11.255947818315741,10.187393069589897,0.42526784173704085
182,110,30.8,423.40909090909093,16.480131664707777,8.705083770670555,0.8491094894481435
183,13,31.384615384615383,79.61538461538461,4.318667337728677,3.6794648440311994,0.523556754446835
184,4,31.5,277.5,2.0,2.0,0.0
185,88,32.17045454545455,197.48863636363637,11.452359065088592,9.900146126794615,0.5026956320805256
186,26,32.34615384615385,85.65384615384616,6.115263665954397,5.378017936291857,0.47600659499739345
187,36,32.861111111111114,288.3888888888889,7.3450056870841,6.163534948521058,0.54390564390978
188,24,32.875,73.33333333333333,6.081140986576509,4.932066489508719,0.5849866175853743
189,42,32.833333333333336,105.52380952380952,9.472843954400604,5.614801723180669,0.8054041138613075
190,80,32.6625,253.7625,11.354820253943565,9.007944105101505,0.608811979885748
191,12,33.333333333333336,68.08333333333333,4.8584721975867,3.2413514182186693,0.7449194051955761
192,31,33.61290322580645,93.35483870967742,6.7241877121699485,5.873862537542208,0.4867482042101363
193,40,33.1,238.15,7.58946638440411,6.714164132637808,0.4662200243566455
194,59,33.42372881355932,322.8305084745763,9.654469236017812,7.846052697499949,0.5827017638061787
195,44,33.31818181818182,406.95454545454544,8.54060716172108,6.845413223591442,0.5979764778637348
196,36,33.52777777777778,432.22222222222223,6.999900562424706,6.564130701719208,0.34732105797184126
197,122,33.532786885245905,159.68852459016392,13.68521166349393,11.591316832312076,0.5315995776123746
198,95,34.305263157894736,169.37894736842105,14.160623188387266,8.724059622129486,0.7876845323777893
199,20,33.95,487.9,5.215361924162119,4.795831523312719,0.3929526239966882
200,67,34.776119402985074,2.2686567164179103,13.344614466508288,6.539912204423848,0.8716781528136616
201,56,34.80357142857143,400.25,9.665268237570272,7.566436231328062,0.6222129512644291
202,24,34.083333333333336,413.3333333333333,6.173419725817379,5.033222956847166,0.5790310595555554
203,103,35.13592233009709,472.43689320388347,12.513924873687175,10.687695388369235,0.5201675898156904
204,120,35.175,521.475,15.230413591887752,10.29892398036679,0.7367109708188935
205,138,35.23913043478261,11.608695652173912,13.918081505055813,12.682082296587325,0.4119759618686501
206,7,35.285714285714285,62.0,3.0237157840738176,2.799416848895061,0.377964473009227
207,35,36.2,184.31428571428572,8.409041843071828,5.511977216252578,0.7552106264520475
208,59,35.42372881355932,281.45762711864404,10.527626079222411,7.184953461451875,0.7308990163191899
209,116,35.172413793103445,379.6551724137931,14.063424098829605,11.221004716580175,0.6028087920683476
210,51,35.68627450980392,545.5686274509804,10.43779923717954,6.242662891081435,0.801434696036148
211,79,36.59493670886076,225.0,11.089644317132466,9.17700133008388,0.5614230978065204
212,49,36.714285714285715,595.5510204081633,8.298033590118267,7.521328139337137,0.42242291232330265
213,81,37.81481481481482,502.58024691358025,12.943788890334734,7.972432857226239,0.7878030015664937
214,58,37.8448275862069,190.44827586206895,9.30291650845377,8.038276525607754,0.5033891113227803
215,64,39.46875,385.421875,15.171669673115863,5.541403980929059,0.9309107187688372
216,17,38.05882352941177,70.76470588235294,5.415619343554922,3.980896596741624,0.6779837559404194
217,20,38.45,238.1,5.848892667774697,4.559655092312508,0.6263079079717107
218,21,38.0,394.76190476190476,5.606478356002588,4.824874981205636,0.5092996658540535
219,90,38.62222222222222,425.22222222222223,13.531048095699362,8.62898484221518,0.7702704166603536
220,90,38.24444444444445,481.3,11.915121241912624,9.715420318409397,0.5789179948166681
221,119,38.983193277310924,177.36974789915968,14.942381012608784,10.365369125191343,0.7202744060696166
222,47,39.1063829787234,407.63829787234044,9.63922581468788,6.454615189629324,0.7427041808502493
223,36,39.861111111111114,297.3888888888889,7.3450056870841,6.163534948521058,0.54390564390978
224,41,39.292682926829265,415.3658536585366,7.744274806774394,6.795038570940864,0.47970953111381015
225,28,39.67857142857143,584.3214285714286,5.999999999999999,5.914354726995557,0.16835875742536746
226,32,39.625,34.84375,6.910158200998827,5.840298677051427,0.5344883724417774
227,15,40.4,90.6,4.618802153517006,4.026578365477733,0.4898979485566355
228,19,40.21052631578947,117.63157894736842,5.127073205848133,4.711757099842153,0.3942680667296094
229,87,40.87356321839081,98.22988505747126,11.454286652229653,9.737783098831411,0.5265516685414497
230,27,39.77777777777778,233.14814814814815,7.278896267323539,5.144800509694259,0.707402910891392
231,95,39.873684210526314,201.0421052631579,15.715305835086488,8.248012883496068,0.8512012242567898
232,16,41.5,59.5,4.47213595499958,4.47213595499958,0.0
233,19,41.78947368421053,76.36842105263158,5.127073205848132,4.711757099842152,0.3942680667296091
234,176,41.39204545454545,150.26136363636363,16.93294369912619,13.402698950951109,0.6111482088983806
235,18,41.72222222222222,254.83333333333334,5.28913906753229,4.283222569354137,0.5866857344558971
236,30,41.93333333333333,160.46666666666667,7.080489625254269,5.719362823873923,0.5895063447465635
237,35,42.285714285714285,207.11428571428573,7.483363477571677,6.1294276492544,0.5736880331243083
238,42,41.833333333333336,218.04761904761904,7.470577207252718,7.124420651148588,0.3008736398893019
239,10,42.0,545.2,3.9191835884530852,3.0983866769659336,0.6123724356957946
240,7,42.714285714285715,1.1428571428571428,3.582070095417669,2.4713456540351713,0.7238845965239823
241,66,42.13636363636363,284.2878787878788,10.039247969938115,8.407193436794262,0.5465406260518676
242,111,42.486486486486484,445.98198198198196,12.946250445189321,11.022867154385015,0.5244631008031517
243,67,42.91044776119403,241.8507462686567,10.075487255283603,8.532630675304686,0.5317995253783118
244,47,41.93617021276596,390.1063829787234,9.258840411894946,6.689619810121774,0.6913587745115587
245,25,43.4,111.04,6.013280646736604,5.212950782770064,0.49847115663273783
246,43,43.04651162790697,357.09302325581393,10.1217240157968,5.462852066884796,0.8418474335251843
247,89,43.59550561797753,398.65168539325845,14.383850400901514,8.403168631480984,0.8116035671290217
248,100,42.57,573.42,23.824362058584676,5.897369964778445,0.9688788823433118
249,28,43.67857142857143,9.25,7.300901449109523,4.903445401541723,0.7408940580836644
250,61,45.16393442622951,409.672131147541,11.692059356084517,7.107941861458108,0.7939913981927671
251,23,43.869565217391305,418.5217391304348,6.280781933735498,4.691602666333178,0.6648493387028183
252,68,43.970588235294116,469.30882352941177,9.74450190763167,9.008437656339135,0.38127022866903415
253,46,44.52173913043478,461.4130434782609,10.713589611978893,5.737293801016229,0.844525369043995
254,9,45.0,54.0,3.265986323710904,3.265986323710904,0.0
255,49,46.10204081632653,312.1224489795918,10.192917196885121,6.454233137880774,0.7739819589962142
256,124,44.943548387096776,528.0322580645161,15.609418182371192,10.224308810221716,0.7556211080499889
257,52,45.0,518.5,8.682431421244592,7.605665904189708,0.4823412290324038
258,23,45.08695652173913,540.7826086956521,5.733826014124255,5.0375140067593245,0.4776307722564948
259,56,45.482142857142854,596.3214285714286,9.964045375988391,7.225129315299168,0.688622450273851
260,38,45.71052631578947,40.1578947368421,9.082026576313066,5.310200910545331,0.8112543616095657
261,39,46.205128205128204,80.25641025641026,7.774068238603174,6.420537174104115,0.5638290232494841
262,123,46.28455284552845,168.130081300813,12.918465787894863,12.20964510147736,0.3266910015797203
263,152,46.328947368421055,188.65131578947367,16.98154634817398,11.591874027033505,0.7307773219125511
264,9,46.0,298.0,3.265986323710904,3.265986323710904,0.0
265,87,46.58620689655172,318.7586206896552,13.84380312302714,8.05649929470318,0.813219498395644
266,48,46.5,476.0,9.252418867146957,6.81122199806048,0.6768120926009509
267,22,47.18181818181818,497.22727272727275,5.9980549301715165,4.645110984993751,0.6326519910603978
268,51,47.86274509803921,203.68627450980392,9.955342532304849,6.793541676141122,0.7309774660213559
269,33,48.39393939393939,46.484848484848484,6.683175152528593,6.227991553292183,0.36273812505500624
270,38,48.81578947368421,65.94736842105263,7.7150965513360275,6.23196566156193,0.5895080551154642
271,28,48.92857142857143,75.42857142857143,6.365775447980055,5.646686303594388,0.46169594511237266
272,25,48.2,175.76,6.555575731334535,5.02223325132731,0.6427201785285437
273,60,49.2,388.2,9.368052793218292,8.296158962444105,0.4644871324174944
274,54,48.2962962962963,504.25925925925924,10.106130566327135,6.862194906929059,0.7341261666507026
275,51,49.3921568627451,210.86274509803923,9.062516204363531,7.181878143715409,0.609895706976368
276,110,49.50909090909091,431.6363636363636,15.349685399055643,9.335034045431055,0.7938159996435589
277,56,48.982142857142854,439.07142857142856,9.591825278237046,7.572233789739111,0.6138192537519866
278,107,48.83177570093458,456.05607476635515,14.603855775925844,9.459208857883945,0.7618785042861028
279,22,48.90909090909091,485.90909090909093,5.502816709244202,4.972652484064489,0.4282593998234223
280,68,49.779411764705884,107.75,10.285162798426656,8.441588056095979,0.5712818424573816
281,11,49.72727272727273,0.7272727272727273,4.899296620841422,2.9199003820073255,0.8029966139691335
282,45,49.955555555555556,280.4,8.589500826562329,6.725241305129018,0.6220712116250716
283,122,49.42622950819672,421.6885245901639,16.948330729855954,9.287749037992562,0.8364758659697732
284,50,50.38,27.44,9.341771872004449,6.773721155423106,0.6886433198144393
285,64,50.390625,99.53125,10.650015030016453,7.70520269755596,0.6903325655181871
286,48,51.104166666666664,585.25,9.67386175298861,6.290955492314849,0.7596736817388311
287,39,51.743589743589745,90.43589743589743,8.04896979331663,6.113791852464178,0.6504203607876518
288,94,51.62765957446808,257.8723404255319,13.105005193122725,9.312145797289354,0.703617095536213
289,63,51.682539682539684,467.8412698412698,10.296370105987354,7.914278757028749,0.639672633523324
290,46,51.69565217391305,518.4565217391304,8.202150209561356,7.168427836609454,0.4859810552408677
291,175,52.52,144.15428571428572,21.156175236045808,11.220662627041477,0.8477644461468877
292,156,53.006410256410255,398.71794871794873,16.096468032553922,12.73957924227218,0.6112315313534383
293,10,52.7,223.3,4.0,3.149603149604724,0.6164414002968978
294,61,52.377049180327866,241.62295081967213,9.395443645021691,8.291567674732892,0.4702946894059776
295,89,53.146067415730336,446.03370786516854,13.914549252701212,8.823037643094102,0.7732615447451222
296,106,52.04716981132076,158.97169811320754,14.03431542047288,9.896108886767335,0.7090715287152686
297,47,53.40425531914894,303.6170212765957,9.128662595056634,6.591712905340211,0.6917994776335821
298,37,53.0,80.0,6.8339375694179925,6.8339375694179925,0.0
299,106,53.54716981132076,198.23584905660377,12.548473595629295,11.099329699696147,0.4665092472636426
300,36,54.833333333333336,276.30555555555554,7.532369724343079,6.217593430274675,0.5644754657675695
301,29,54.48275862068966,573.8965517241379,6.706876390460693,5.478525522542963,0.5768472749474638
302,26,54.0,579.1153846153846,6.007884366082042,5.547001962252291,0.38411063979868787
303,151,55.00662251655629,183.11258278145695,19.76466917243005,9.998114806190364,0.8626168012958381
304,28,55.57142857142857,228.96428571428572,6.404159446235758,5.557400558792104,0.496948812660839
305,50,55.52,72.14,10.305998758759,6.160064089314165,0.8017076462658035
306,47,55.255319148936174,286.93617021276594,8.551073951486458,7.024628716771215,0.5702217458846065
307,134,55.6044776119403,528.1492537313433,16.93918810469201,10.400702929858658,0.7893041215415979
308,69,55.34782608695652,591.2463768115942,10.218095288651671,8.616773975357475,0.5374655082125335
309,54,56.148148148148145,315.8333333333333,9.188616667712797,7.450802241995908,0.585221998448853
310,34,56.0,353.38235294117646,7.675063876926206,5.855228936923612,0.6465283876786359
311,34,56.5,331.88235294117646,8.359566552230831,5.111896701741278,0.7912424200212207
312,6,57.166666666666664,25.833333333333332,3.126943839882286,2.309401076758503,0.6741998624632421
313,106,57.264150943396224,170.16981132075472,13.90260972708738,10.272147564068781,0.6738538084899678
314,55,57.69090909090909,264.41818181818184,9.755918933781453,7.235328578702011,0.6708039099073367
315,179,55.899441340782126,409.7039106145251,20.67118693892956,12.163141219249976,0.8085624342317287
316,34,58.205882352941174,7.264705882352941,7.295372448833822,5.944003200772143,0.5797934431413934
317,85,58.32941176470588,421.3411764705882,14.6177622201129,7.8180823581799785,0.844956889245984
318,63,58.142857142857146,436.93650793650795,9.173322931732946,8.817302886347285,0.2758885512729359
319,26,58.53846153846154,467.88461538461536,6.928817981006264,4.905352923413772,0.7062486332681186
320,65,57.90769230769231,515.6461538461539,11.379611712369943,7.3628083060359835,0.7624751215099523
321,47,58.5531914893617,64.2127659574468,8.711084425569757,6.917952546342594,0.6077150647899867
322,40,58.725,123.025,8.689107265542509,5.871917483062613,0.737104162590228
323,45,58.17777777777778,248.73333333333332,7.7850965851388985,7.3736718527581235,0.32078433503875964
324,14,58.57142857142857,310.35714285714283,4.736736307736684,3.8560927893333488,0.5807496412612702
325,26,58.73076923076923,349.46153846153845,6.077926628150692,5.52184394614142,0.41786782426187824
326,88,58.31818181818182,460.79545454545456,12.873634319393409,8.861474919991798,0.7253854404044564
327,19,58.94736842105263,278.7368421052632,5.698742654826424,4.31074284772523,0.6540659410912816
328,64,59.046875,549.125,10.43862663608631,7.842188323573302,0.6599992113031653
329,27,59.22222222222222,579.0370370370371,6.307833475306942,5.4697060282729835,0.4980834331416218
330,81,59.54320987654321,448.44444444444446,13.593016086461654,7.681309088567073,0.825027673589529
331,15,60.4,22.133333333333333,5.015576488648357,3.829649423738424,0.6457472972758284
332,112,59.4375,205.88392857142858,15.220957276708388,9.571615690548633,0.7775310668526538
333,29,60.0,234.0,7.324924271584571,4.968934694857454,0.7347298029873721
334,76,60.078947368421055,539.5263157894736,11.515328411570069,8.951453150899315,0.6290669876757122
335,19,59.89473684210526,574.421052631579,5.54469823377709,4.2956952169149805,0.6322808964466018
336,24,60.666666666666664,273.6666666666667,6.383722564737221,5.002585730823872,0.6212062531647503
337,65,61.33846153846154,305.83076923076925,11.14748387954513,7.472782540321006,0.7420396572261992
338,77,60.883116883116884,106.18181818181819,12.201356157867469,8.115412199103469,0.7467331180675195
339,42,60.976190476190474,476.3333333333333,8.81567573097847,6.057019855023677,0.7265876330668611
340,66,61.121212121212125,508.42424242424244,12.01094288936709,7.136210269162418,0.8043598851787443
341,48,61.083333333333336,596.6458333333334,9.351507501053135,6.640626368713879,0.7040877999978606
342,35,61.6,47.97142857142857,7.5059074902734295,5.899370918772029,0.6182726277355335
343,13,62.07692307692308,59.38461538461539,4.296689244236598,4.0,0.3651483716701108
344,19,61.1578947368421,176.89473684210526,6.346288165565502,3.945820810156444,0.7832137475623517
345,60,61.65,362.1166666666667,9.839540410317014,7.810612443077732,0.6081808426906207
346,77,62.298701298701296,127.92207792207792,12.43855174550156,8.244119942425373,0.7488073018091173
347,141,61.87943262411348,147.67375886524823,14.966182021743649,12.423091343093988,0.5576480083193522
348,31,61.774193548387096,155.93548387096774,8.024382518693105,5.004942725639195,0.7816503499590649
349,92,62.52173913043478,164.0108695652174,13.70863700957885,8.781076118826975,0.7679159368818682
350,16,61.875,312.3125,4.712429170543843,4.3566628642353615,0.381170670721425
351,83,62.1566265060241,427.1686746987952,14.599621114030283,7.332282810209387,0.8647374563134758
352,37,63.13513513513514,15.486486486486486,7.71197259639985,6.16994413212049,0.5999367070418862
353,82,62.792682926829265,136.1219512195122,10.523259650373728,10.118505191890929,0.27467488251624883
354,21,62.904761904761905,238.85714285714286,5.758650692322833,4.688852151012994,0.5805458351459308
355,38,63.5,87.0,9.090875645293478,5.320089136740334,0.8108803636537673
356,71,63.80281690140845,287.2535211267606,10.252569532667033,8.8330676548325,0.5076782926769192
357,41,64.51219512195122,249.09756097560975,8.154302034489442,6.41541631850346,0.6172687696056653
358,43,63.0,346.69767441860466,10.083684260560673,5.650368754384517,0.8282575166257947
359,32,63.53125,525.15625,7.681145747868608,5.485777064372922,0.6999545990119403
360,134,65.27611940298507,196.02238805970148,16.623671751959595,10.396984604941615,0.7802782749079286
361,66,64.53030303030303,267.25757575757575,10.458720413964791,7.997699232540457,0.6443960215730268
362,33,63.515151515151516,530.030303030303,7.434470638406178,5.876092466252325,0.612610719749851
363,39,64.46153846153847,99.2051282051282,8.490055844482086,5.882742320934327,0.721035661975849
364,48,65.16666666666667,459.9166666666667,9.796430967723746,6.542760737823215,0.7442762632111111
365,4,65.5,294.5,2.0,2.0,0.0
366,59,65.76271186440678,433.96610169491527,9.637784300141098,7.899191575368173,0.5729267223030339
367,48,66.16666666666667,469.5416666666667,10.179819223117088,6.046959982429209,0.8044543506035913
368,49,65.93877551020408,380.85714285714283,8.69428814992606,7.167271916071572,0.5660577587244449
369,72,65.51388888888889,451.02777777777777,15.65661031216488,5.978629468627055,0.9242202784441479
370,76,65.90789473684211,575.2368421052631,12.11258403843545,8.299617211774121,0.7283491721608055
371,161,66.5527950310559,183.09316770186336,16.502346459755607,12.825087507166272,0.6292937798926964
372,44,67.22727272727273,2.477272727272727,8.980720135735615,6.40760560937124,0.7006709001881668
373,62,66.90322580645162,368.80645161290323,9.761735780546964,8.157201735222943,0.5492923457431649
374,66,66.75757575757575,441.8636363636364,10.068369549404446,8.552641551006602,0.5276587185928999
375,65,67.3076923076923,74.33846153846154,10.561769355945577,7.863828412584942,0.6675600419984719
376,94,68.6063829787234,516.0531914893617,13.977074729348798,8.746435938708782,0.780007524504501
377,26,68.38461538461539,325.0769230769231,5.991851683006864,5.528042318071225,0.38577399053554967
378,31,68.3225806451613,11.806451612903226,7.0669658041869425,5.6041582361467865,0.6092116230853818
379,108,68.72222222222223,208.07407407407408,14.83262677919224,9.41258462690677,0.7728518496044092
380,11,68.18181818181819,510.54545454545456,4.533315962095487,3.0114583009821128,0.747470665022941
381,41,68.6829268292683,35.609756097560975,8.72977155640461,6.2265775216464085,0.7009017994708073
382,65,68.52307692307693,60.07692307692308,11.19734753401005,7.383509527069552,0.7517939643174498
383,57,68.35087719298245,159.5438596491228,9.911647323748538,7.5883590557586595,0.6433166809064103
384,77,68.85714285714286,257.42857142857144,11.055680516939118,8.88674038399099,0.5948770868706958
385,45,69.57777777777778,17.844444444444445,7.815658689012036,7.329421363823722,0.34721169748471586
386,42,69.4047619047619,152.0952380952381,8.407600225256697,6.478764540522977,0.6373381144311482
387,28,69.21428571428571,427.5,6.0,5.8901508937395155,0.1904761904761901
388,105,69.64761904761905,218.21904761904761,14.506942735030359,9.552554015524398,0.7525968771003695
389,34,69.88235294117646,230.76470588235293,7.360101798298756,5.842379634068261,0.6081911548710627
390,69,70.30434782608695,356.6231884057971,12.007261262886722,7.445412183153211,0.7845419027145738
391,64,70.5,388.5,11.000169595760871,7.348215352349038,0.7441529440679275
392,81,70.54320987654322,139.71604938271605,11.979121518944808,8.800700644200777,0.6784246900349649
393,104,69.75,170.10576923076923,16.75785103362581,8.170964779094138,0.8730725902602171
394,52,70.40384615384616,249.0,10.408737998295804,6.711833268728579,0.7643287194683591
395,31,70.38709677419355,348.80645161290323,6.899423930487884,5.745778833317252,0.5535873792322897
396,41,70.58536585365853,103.4390243902439,8.601421217760672,6.006943466554787,0.7157404475559611
397,48,70.64583333333333,543.5416666666666,10.59662249980487,5.77438620470381,0.838483460590155
398,37,70.91891891891892,6.945945945945946,7.287625191237469,6.570465416161187,0.43258716638432854
399,20,72.05,53.9,5.215361924162119,4.795831523312719,0.3929526239966882
400,35,71.88571428571429,291.1142857142857,6.895132858970677,6.452843069025419,0.35238590235113576
401,28,71.5,312.10714285714283,8.177819952237595,4.319012974474919,0.8491588980407466
402,26,71.92307692307692,468.0769230769231,6.8608894338869035,4.784630938473642,0.7167038549411382
403,30,71.86666666666666,498.23333333333335,6.514404141688287,5.899744326934763,0.42403448751534983
404,78,72.23076923076923,570.4230769230769,11.644696111330319,8.615308333534506,0.6727737581390615
405,37,72.54054054054055,87.67567567567568,7.601407947244925,6.227326123258679,0.5734604477196955
406,13,72.15384615384616,461.0,5.203549084703927,3.076923076923077,0.8064425896179158
407,100,73.13,130.2,13.024179477654501,9.95290655707384,0.6449949408735293
408,48,74.54166666666667,370.125,8.976017144191362,6.76904757821007,0.6567298006142667
409,40,74.175,147.0,7.639056276835037,6.86693666778333,0.4381030861596203
410,95,75.73684210526316,227.26315789473685,12.73570179066986,10.216938554045145,0.5970175766556213
411,65,75.15384615384616,324.5230769230769,11.94033316081448,7.316661312794961,0.7902623835262034
412,28,75.17857142857143,443.9642857142857,7.611488670689626,4.640541775597489,0.7926507463271865
413,76,75.32894736842105,158.81578947368422,14.535038312012677,6.816041596203533,0.8832307285148951
414,54,75.61111111111111,528.0370370370371,10.728024802531667,6.402054466697734,0.8024198913367427
415,12,76.0,151.25,5.03660916966672,3.507026481037145,0.717744028104502
416,31,75.90322580645162,385.2258064516129,7.154716740313577,5.608678170625579,0.6208702081223895
417,17,76.6470588235294,49.470588235294116,4.957954707224818,4.338609156373124,0.4839775141824608
418,30,76.5,80.8,6.641132748731743,5.731959160158312,0.5050337055913175
419,142,76.11971830985915,188.2394366197183,20.058511861099227,9.624041774495634,0.877378767257408
420,34,76.5,336.0,7.392571411289448,5.7545281136978454,0.6277433712160546
421,11,76.72727272727273,362.8181818181818,4.070109882913285,3.5015213582103635,0.5097856874585104
422,27,76.74074074074075,12.407407407407407,6.025659376849024,5.679488253754415,0.33406370115253914
423,91,76.6923076923077,108.65934065934066,11.967831480475386,9.790861792253898,0.575078499377728
424,53,76.88679245283019,356.0377358490566,9.41663968601812,7.195714225709894,0.6450399686919696
425,4,77.5,510.5,2.0,2.0,0.0
426,35,78.62857142857143,62.22857142857143,7.213127327996523,6.142273914763755,0.5242879597102021
427,47,77.87234042553192,309.1063829787234,8.385016408226136,7.221030949470311,0.5082955655666228
428,40,78.5,345.5,8.09006246209963,6.336472943154297,0.6217175383125985
429,49,78.51020408163265,38.42857142857143,9.159054862294509,6.983058733925821,0.6470809260354116
430,186,78.82795698924731,174.2311827956989,17.263444447218387,13.976925796323851,0.5869467269401564
431,75,78.30666666666667,252.94666666666666,10.518038496749774,9.158273706982166,0.49177788180397863
432,52,78.75,391.86538461538464,9.544129694549571,7.055033217431432,0.6734845331668874
433,21,79.38095238095238,76.0,6.031754185975989,4.381861234666205,0.6872029525603175
434,100,79.64,142.84,14.939872747627485,8.740537871589916,0.8109988986473686
435,48,78.9375,501.9791666666667,9.720784172432902,6.226575620826175,0.7679227018613738
436,55,79.25454545454545,90.8,9.416296070547492,7.787072124921794,0.5622339016347752
437,85,77.65882352941176,245.64705882352942,17.54654788457685,6.78958391374574,0.9221019606480254
438,26,79.42307692307692,331.38461538461536,6.188312040455895,5.450210462904033,0.4736251846304009
439,36,79.05555555555556,382.52777777777777,11.06065395439716,4.695173069276695,0.9054310968295627
440,143,83.32867132867133,556.8041958041958,19.215347792967375,9.590674154697863,0.8665355811140205
441,70,80.58571428571429,219.54285714285714,9.720353500665235,9.233282370441685,0.3125794348268361
442,46,80.5,316.0652173913044,8.318326836652309,7.012286953431737,0.5379253497616374
443,20,80.5,368.3,6.2906103577220325,3.9734394832840088,0.775256865513561
444,16,81.8125,44.625,5.654620339080162,3.4946772126851653,0.7861611582758199
445,51,81.17647058823529,324.7843137254902,10.225538562808913,6.453428739226945,0.7756942140828043
446,27,80.77777777777777,436.6296296296296,6.850188005097283,4.975608518033275,0.6873289558640038
447,72,81.33333333333333,20.680555555555557,11.773342146608092,7.801718385114269,0.7489207123668533
448,198,81.57070707070707,198.4949494949495,17.836690397610973,14.497452055607054,0.5825592585181582
449,9,81.0,527.0,3.265986323710904,3.265986323710904,0.0
450,112,81.91964285714286,159.04464285714286,19.939278349479363,7.445322824646899,0.9276705120852535
451,15,82.06666666666666,448.26666666666665,5.258554520990449,3.5691337129452037,0.7343887778710586
452,73,82.24657534246575,455.54794520547944,10.917506657460773,8.52818767134997,0.6243459932689644
453,9,82.11111111111111,72.33333333333333,3.885753375057407,2.7954428906961324,0.6945875203623408
454,87,82.40229885057471,377.8965517241379,13.602673621155791,8.325261801104716,0.7908335523375792
455,93,82.31182795698925,569.0,11.998993352450833,9.981465927120123,0.5549876157048231
456,102,83.96078431372548,587.5686274509804,12.705675002454328,10.461656338057622,0.5674838350800522
457,30,83.4,363.1666666666667,6.3488711638482105,6.012824391837742,0.3210275997478369
458,42,84.64285714285714,56.642857142857146,9.094527715030528,5.860954711507121,0.7646477198523308
459,53,83.81132075471699,350.37735849056605,10.105788394520063,6.955827979699886,0.7254248592350196
460,33,84.78787878787878,64.93939393939394,7.876586684588431,5.277059106681256,0.7423901978115522
461,44,85.20454545454545,370.3181818181818,7.781762860873255,7.3898211096975865,0.313363374123499
462,58,85.24137931034483,387.4310344827586,9.769315996106542,7.590856806775083,0.6294881785231282
463,40,84.9,509.325,8.444940474837505,6.134572550426907,0.687251172746266
464,42,85.47619047619048,81.11904761904762,9.398785346606036,5.756847406203355,0.7904630539242371
465,43,85.93023255813954,357.4418604651163,7.784070857467275,7.023018531263581,0.43125617571763
466,23,86.3913043478261,38.78260869565217,6.013934515175302,4.820294404911255,0.5979667161426386
467,214,86.21028037383178,133.7429906542056,17.469385607503447,16.048121434412526,0.3950896271475724
468,27,86.62962962962963,330.037037037037,6.7992840162103985,5.1780557038711725,0.6480956268493072
469,93,85.65591397849462,579.2688172043011,13.594040114837275,8.983912681497015,0.7504991390682583
470,101,87.2871287128713,155.2970297029703,17.90115981738814,7.283912978576582,0.9134744246853049
471,64,87.328125,229.703125,10.7751433375631,7.567263280405244,0.7118920828524152
472,57,87.0,261.6666666666667,10.779262902934937,6.800017632875846,0.7759108741296116
473,54,86.5,499.9259259259259,9.435650215548929,7.277004025606048,0.6365633257659562
474,45,87.28888888888889,31.0,10.124161684174652,5.624296241964963,0.8314951276084481
475,23,87.34782608695652,47.34782608695652,6.940795509969655,4.185584726597932,0.7977101429282631
476,80,87.875,284.225,12.910449122946675,7.99126419559543,0.7854095316028632
477,23,88.17391304347827,375.4347826086956,5.814167475253484,5.029477667275336,0.5017057945171828
478,121,88.29752066115702,120.33884297520662,15.575362092140658,10.232312571142824,0.7539297580464058
479,94,88.31914893617021,398.29787234042556,13.976039385187674,8.872844103669344,0.7726262682957663
480,60,90.01666666666667,422.73333333333335,13.1902502509766,6.856267893520702,0.8542890999592534
481,70,88.1,530.9142857142857,11.456048162122448,7.791660985649605,0.7330867504002144
482,10,89.5,298.0,4.381780460041329,2.6832815729997477,0.7905694150420949
483,60,89.63333333333334,323.0,10.250074640048563,7.517858211994661,0.679749619868668
484,56,90.07142857142857,364.7142857142857,9.34876483310821,7.657768109689001,0.5736209971014948
485,67,90.65671641791045,3.373134328358209,10.171718398297477,8.37225304807949,0.5679090517729324
486,37,90.51351351351352,292.6756756756757,7.347503828029878,6.592679312228593,0.4414864890056213
487,14,90.71428571428571,21.5,4.20883424647321,4.120630029101703,0.2036532699906393
488,55,90.58181818181818,337.05454545454546,10.947795076002262,6.341076726254051,0.8151780889113251
489,59,91.61016949152543,510.4406779661017,9.170332087095229,8.208734387383533,0.44578440044263046
490,93,91.09677419354838,145.78494623655914,12.065179434101328,10.241897777331285,0.5285845092176552
491,174,91.70114942528735,185.5632183908046,17.553514051804036,12.795098517455012,0.6845994277736169
492,124,91.81451612903226,203.19354838709677,18.855282634567278,9.219864001862142,0.8722947609004277
493,59,91.84745762711864,236.77966101694915,10.380952057561805,7.2604309744706335,0.7147311165908441
494,32,91.6875,277.40625,7.627537235238373,5.487945947715971,0.694501553343755
495,56,91.71428571428571,390.8392857142857,8.873569390541922,8.095701236837698,0.4094361963324961
496,64,93.25,194.296875,12.888919487177086,6.419937554452281,0.867121075349821
497,46,92.6086956521739,330.54347826086956,8.086867459641642,7.421519062872919,0.3972167378154649
498,154,92.3961038961039,473.4025974025974,16.419425653468775,11.926181228871492,0.6873294307294822
499,93,92.60215053763442,567.516129032258,11.11143047233301,10.719264397279428,0.2633290773513825
500,97,93.82474226804123,382.4845360824742,13.849684079186439,9.184267757173542,0.7484961355594315
501,48,93.64583333333333,540.8125,9.019864608201273,6.836612075578102,0.6523119194459013
502,45,93.15555555555555,558.8444444444444,8.41163215764667,6.872094223185947,0.5766729117311751
503,63,92.6984126984127,574.4603174603175,14.877393721027692,5.732819732131442,0.9227756531139945
504,77,94.18181818181819,210.5974025974026,13.016639419932083,7.635572064457746,0.8098761721679695
505,33,93.96969696969697,286.27272727272725,7.709749549985696,5.523269141102365,0.6976891800137502
506,45,93.77777777777777,409.6,10.16584779902462,5.654386061894151,0.8310391533376917
507,35,94.4,422.9428571428571,7.911835109794522,5.711321364275955,0.6920280335215618
508,36,94.5,490.0,8.051678328372615,5.622714694954674,0.715777626389652
509,40,94.575,58.8,8.203807206621248,6.258398143022641,0.6465576932800066
510,83,94.7710843373494,95.67469879518072,13.288745381759535,7.937137773470815,0.8020307796990173
511,9,94.11111111111111,430.6666666666667,3.885753375057407,2.7954428906961324,0.6945875203623408
512,79,94.43037974683544,52.151898734177216,12.743292517164967,8.047155351383662,0.7753908234316251
513,41,95.26829268292683,268.609756097561,8.218550006059635,6.331398559510568,0.6375861936173364
514,83,94.855421686747,357.7831325301205,12.15954575837703,8.818009521438363,0.6885463386821554
515,41,94.21951219512195,588.170731707317,7.7772259688357765,6.7812030339598754,0.4896290853100423
516,66,95.56060606060606,85.65151515151516,10.746358232437208,7.829548325460208,0.6849640183664815
517,38,96.05263157894737,274.7105263157895,7.4356724773906,6.5662170952489785,0.46924183263816305
518,46,95.43478260869566,121.80434782608695,9.652885301290922,6.147637755479579,0.7709708060314605
519,88,95.67045454545455,155.10227272727272,12.121146355521928,9.586455292630548,0.6119624058507568
520,51,96.76470588235294,376.0980392156863,9.19233721162366,7.3957170410758035,0.59388165687786
521,45,97.31111111111112,349.4222222222222,8.253800728675403,6.928716995976223,0.5434249575361054
522,84,98.29761904761905,35.583333333333336,12.705791281718339,8.64573935233385,0.7327883972707888
523,12,97.5,283.5,3.8297084310253524,3.8297084310253524,0.0
524,42,97.5,417.54761904761904,8.292517763992343,6.484983485859928,0.6232429332220634
525,25,98.12,1.36,7.3629163785066245,4.359296090324549,0.8058931063657021
526,28,98.10714285714286,260.0357142857143,7.149492899030187,4.91011619848607,0.7268670028033871
527,55,98.05454545454545,315.41818181818184,9.440947196611399,7.547738120890203,0.60070826345265
528,6,98.0,370.5,3.265986323710904,2.0,0.7905694150420949
529,54,98.46296296296296,514.1481481481482,9.333990606656114,7.3474476508336934,0.6167346753095412
530,72,98.86111111111111,113.875,10.988747127318872,8.706314128702438,0.6101400133307606
531,46,99.1304347826087,365.4130434782609,8.416250373336135,6.946351259178466,0.5646216175242933
532,76,99.5657894736842,224.53947368421052,11.785407635957014,8.230846015696349,0.7157144953216199
533,14,99.57142857142857,247.35714285714286,4.736736307736684,3.8560927893333488,0.5807496412612702
534,70,99.72857142857143,326.6857142857143,10.098559005289395,8.902804184256725,0.47201308962203653
535,37,100.27027027027027,589.1891891891892,8.058406482265111,5.837587226806632,0.689369780022868
536,43,100.62790697674419,505.7906976744186,8.233634202563968,6.653408231968363,0.5890772382577254
537,39,100.84615384615384,122.94871794871794,8.41454278355056,6.0217832429925195,0.6984693384118842
538,161,100.84472049689441,132.69565217391303,16.41285576749716,12.737386686910767,0.630657143604089
539,167,101.60479041916167,145.48502994011977,19.57962591053746,11.264019208337778,0.8179474997048586
540,86,100.88372093023256,212.98837209302326,14.337904901484043,7.8219390650567036,0.8380830414316065
541,25,101.4,433.96,6.013280646736604,5.212950782770064,0.49847115663273783
542,62,101.03225806451613,487.93548387096774,11.963102131952498,6.683704699064952,0.829374357827647
543,26,101.53846153846153,7.846153846153846,6.510418041618965,5.021164213552168,0.6365315537797905
544,15,101.26666666666667,193.93333333333334,5.258554520990449,3.5691337129452037,0.7343887778710586
545,42,101.0952380952381,204.0,8.748661810155118,6.494069192126222,0.6700756007271723
546,72,101.29166666666667,542.3194444444445,10.893462539065704,8.413268757975276,0.6352303490696296
547,58,101.93103448275862,266.2586206896552,9.671183735913683,7.715493972452149,0.6029463201698919
548,31,101.70967741935483,333.4516129032258,6.545235236797687,6.056159287037151,0.3792907033731653
549,14,101.5,421.7142857142857,4.20883424647321,4.120630029101703,0.2036532699906393
550,14,102.5,47.714285714285715,4.20883424647321,4.120630029101703,0.2036532699906393
551,43,102.51162790697674,99.79069767441861,8.141286107708247,6.730189264236744,0.5626812206957231
552,49,102.42857142857143,243.0408163265306,9.430581025076316,6.846475053862742,0.6877088906593559
553,75,102.38666666666667,342.04,10.635439591848938,9.15002624278683,0.509731363121855
554,154,102.85714285714286,161.78571428571428,15.952190713797544,13.051303261014407,0.5750032062418999
555,36,103.22222222222223,172.27777777777777,7.889106521111472,5.865490056866385,0.6687444804530073
556,47,103.1063829787234,277.6808510638298,8.96413717652239,6.668715651975222,0.6682544365450277
557,88,103.75,397.8181818181818,12.2517718156047,9.2245560590086,0.6581165324352437
558,30,103.73333333333333,83.63333333333334,6.910369504208003,5.527920443206754,0.6000723791115936
559,54,104.79629629629629,74.48148148148148,8.673737132721808,7.931688900629303,0.40470150771480395
560,42,104.71428571428571,93.23809523809524,8.347801020006857,6.392415112055815,0.643126015227456
561,24,104.0,509.7916666666667,6.002955428830426,5.157849843526293,0.5116089491556309
562,40,104.325,583.175,7.8393354264178,6.66069216163837,0.5273468502729621
563,28,105.14285714285714,106.53571428571429,8.57131958289031,4.264450941498905,0.8674492922631797
564,55,105.32727272727273,218.0909090909091,9.108147368465122,7.88065936392315,0.5013719319654443
565,55,104.94545454545455,308.6181818181818,9.565849107650102,7.301668683281481,0.6460372771948141
566,85,104.84705882352941,352.08235294117645,11.983852817821642,9.02277040756549,0.6581227499462214
567,30,106.03333333333333,12.1,7.115392322911024,5.303465626042506,0.6666721159878828
568,53,106.35849056603773,179.47169811320754,10.241621485149313,6.683020809530439,0.757758221029279
569,52,105.76923076923077,189.1153846153846,9.115905535195925,7.284637722409883,0.6011809798968247
570,72,106.08333333333333,368.0416666666667,12.612720642114763,7.341083041772132,0.8131615674295315
571,12,106.5,387.5,3.8297084310253524,3.8297084310253524,0.0
572,84,105.94047619047619,531.0595238095239,11.688793615666835,9.238720864967027,0.6126023029435727
573,30,106.56666666666666,68.2,6.500212566206432,5.975181348686211,0.3937242262112014
574,158,107.07594936708861,117.81012658227849,21.82410829126115,9.482892475546626,0.9006648158601173
575,26,106.53846153846153,359.8076923076923,6.947256336350884,4.840241428827716,0.7173503133043004
576,37,106.48648648648648,328.64864864864865,8.185964884945449,5.834288280087357,0.7014502105471345
577,24,107.16666666666667,598.0833333333334,9.35714683459593,3.248832748376328,0.9377898656911925
578,57,107.59649122807018,262.64912280701753,10.049176474672574,7.435133576928675,0.6727444626908583
579,6,107.5,142.0,3.265986323710904,2.0,0.7905694150420949
580,141,107.64539007092199,200.72340425531914,16.112212602308844,11.535833049702177,0.6981328171650004
581,48,108.1875,255.47916666666666,8.697085555329226,7.079872296318109,0.5807932187379581
582,73,107.84931506849315,436.56164383561645,10.429641126997694,8.968964656058853,0.5103791337180361
583,34,109.08823529411765,97.3529411764706,7.120290750843351,6.088198872064509,0.5185468877128789
584,53,109.71698113207547,171.47169811320754,8.76215372154725,7.763367438111401,0.46366359579411864
585,14,109.21428571428571,363.35714285714283,4.742873420478221,3.686025552052299,0.6292889820590859
586,53,109.47169811320755,467.41509433962267,10.588481811621916,6.329121600194033,0.8016926644917025
587,83,109.50602409638554,500.34939759036143,12.557124794589315,8.532204426680536,0.7337021962852158
588,12,109.16666666666667,536.9166666666666,4.894994431930091,2.9693109114997,0.7950060587397373
589,70,109.84285714285714,581.2714285714286,13.166852553771818,7.069257527527051,0.8436471291132035
590,64,109.8125,445.015625,9.890294390467135,8.298534245268518,0.5440414132556253
591,64,110.484375,392.375,9.923770702773743,8.471414804433174,0.5208490679924286
592,90,111.28888888888889,49.41111111111111,13.203042293898143,8.760780737115185,0.7481385203122544
593,73,110.84931506849315,159.1917808219178,14.502792513335326,6.50432756672172,0.8937888821933146
594,73,111.16438356164383,212.45205479452054,10.688567013920963,8.868780470478706,0.5581433005603356
595,20,111.05,493.25,5.700651850964228,4.388914270534129,0.638168270197698
596,46,111.15217391304348,383.5217391304348,8.233339052623235,7.138941867917783,0.49817352034243706
597,34,112.23529411764706,335.88235294117646,7.360101798298756,5.842379634068263,0.6081911548710625
598,24,111.29166666666667,526.7083333333334,6.165086667499928,4.9601227296636266,0.5938844246982015
599,45,112.15555555555555,71.95555555555555,7.750849740849834,7.37224574380926,0.3087191904777219
600,74,112.63513513513513,81.04054054054055,13.06808479773498,7.236445158768386,0.8326833213279882
601,197,112.41116751269035,139.6751269035533,24.08916369971665,10.701714537356864,0.8959007297999831
602,57,112.14035087719299,191.71929824561403,9.67967716501703,7.65196327005361,0.6124382414873358
603,70,112.41428571428571,221.35714285714286,10.966914469659127,8.209567046855387,0.6630491944207744
604,24,112.33333333333333,367.125,6.081140986576509,4.932066489508719,0.5849866175853744
605,32,112.5,456.0,7.615773105863909,5.291502622129181,0.7191949522280762
606,38,112.78947368421052,543.1052631578947,7.393983130181437,6.49051595823555,0.4790080821576626
607,102,112.91176470588235,559.0,12.77027521069783,10.225468666586437,0.5990331562920701
608,21,114.04761904761905,41.80952380952381,5.602338368222782,4.7002407233912535,0.5441647649087309
609,58,113.62068965517241,268.8103448275862,9.846976747746043,7.521523467950663,0.645404599510224
610,52,114.13461538461539,282.6923076923077,8.351797557002413,7.931221992894682,0.3133354491429196
611,82,114.63414634146342,107.5609756097561,11.335790987439026,9.562693833921228,0.5369969718303444
612,59,114.66101694915254,127.79661016949153,13.066337537084696,6.010517836235362,0.8879188133519941
613,58,114.53448275862068,305.7413793103448,9.681205696085089,7.607544406334184,0.618473735109382
614,39,114.66666666666667,358.4102564102564,7.943496721891417,6.219849447810547,0.6220072012971297
615,32,115.4375,3.71875,7.866279195992622,5.127721385829546,0.7583383876921552
616,87,115.183908045977,475.9080459770115,14.159842468448781,8.001113683735738,0.8250520830061049
617,85,115.44705882352942,570.635294117647,10.515824950594414,10.260016795288294,0.2192265549230903
618,106,116.04716981132076,117.75471698113208,15.593939494767262,9.543380640280768,0.790863237239165
619,56,116.23214285714286,255.76785714285714,10.227348441029234,7.00752634660976,0.7283782215885568
620,48,116.0625,581.8958333333334,9.066037910136115,6.750618156944123,0.6675052283679632
621,37,116.8108108108108,174.8108108108108,7.391780719555321,6.341625676135121,0.513767670500331
622,45,116.71111111111111,196.4,9.420963733247103,6.322369485967245,0.7413706128053443
623,16,117.0,23.5,4.898979485566356,4.0,0.5773502691896258
624,26,117.0,460.5,6.201736729460423,5.203549084703927,0.5440588203494177
625,78,118.32051282051282,93.52564102564102,12.368439826733788,8.085018328211838,0.7567699153842394
626,113,118.71681415929204,206.26548672566372,12.818143617786951,11.42932579757234,0.45272108010974355
627,74,118.56756756756756,320.05405405405406,11.053438821925987,8.584969116938781,0.6298971269908455
628,76,117.48684210526316,330.80263157894734,13.234672699548442,7.553774223381425,0.821119434134519
629,8,119.125,55.875,3.4641016151377544,2.7386127875258306,0.6123724356957945
630,27,119.48148148148148,399.48148148148147,6.393607106635324,5.470432253844044,0.517621524371119
631,35,120.08571428571429,40.82857142857143,7.836163978169394,5.712735809905008,0.6844902825613193
632,13,120.61538461538461,64.61538461538461,4.318667337728677,3.6794648440311994,0.523556754446835
633,125,120.296,186.424,13.894485923857752,11.627940011529073,0.547394908213674
634,55,119.7090909090909,393.23636363636365,8.994506237290267,7.837904174259029,0.4905551165882369
635,185,120.07027027027027,159.18378378378378,18.40034025462673,13.148936639873117,0.6995303317130263
636,110,120.71818181818182,224.47272727272727,15.336729906662827,9.284017461901064,0.7959629766681713
637,40,120.475,359.25,8.331137810828308,6.130427617792002,0.6771498122893864
638,26,120.92307692307692,133.07692307692307,6.278481377131157,5.41427736707939,0.5063047743143171
639,97,121.05154639175258,247.60824742268042,14.320159171504582,8.866824376046623,0.7852453298919242
640,46,121.52173913043478,262.3695652173913,9.347200507005972,6.269496890824487,0.741696852667018
641,125,122.208,302.792,15.086299222356118,11.708933673633018,0.6305725850102663
642,36,122.33333333333333,1.8055555555555556,8.613235316928106,5.363095622788483,0.7824944919726619
643,12,122.66666666666667,21.25,4.167620293867669,3.631321610887408,0.4907192147942729
644,35,122.0,80.0,8.0,5.656854249492381,0.7071067811865476
645,102,122.43137254901961,215.11764705882354,13.74980895393684,9.704398826063255,0.7084268270360415
646,71,122.6056338028169,414.84507042253523,11.228391197061754,8.011088923851812,0.7006886200922796
647,21,122.80952380952381,69.04761904761905,5.602338368222782,4.7002407233912535,0.5441647649087309
648,180,123.21111111111111,145.65,21.410166869872974,10.962486607922726,0.8589720520440088
649,16,123.8125,401.375,4.928175409000944,4.230908547595703,0.5127897968540643
650,81,123.64197530864197,585.6296296296297,13.146474285875087,8.03148594660295,0.7916898771770721
651,43,123.74418604651163,59.46511627906977,8.269195878781314,6.601297818439567,0.602260202615781
652,133,123.47368421052632,122.76691729323308,18.260139780808263,9.51941725679154,0.8533598923613468
653,130,124.8,293.39230769230767,18.86910958545335,9.523674295733015,0.8632813306834961
654,47,124.23404255319149,313.3191489361702,8.902508386527934,6.997330728249982,0.6182323314449789
655,171,124.47953216374269,105.40350877192982,17.97477181808354,13.565646319226756,0.656064544017109
656,15,124.33333333333333,361.3333333333333,6.011035084884282,3.693945720509167,0.7888954830250753
657,73,125.01369863013699,268.73972602739724,10.762029164890967,8.614820533984236,0.5993555658787637
658,34,125.08823529411765,490.02941176470586,7.0399035723752,6.150671601692492,0.4864886253431174
659,82,125.4390243902439,199.52439024390245,14.355823930901034,7.5796483308136535,0.8492541880502973
660,39,125.7948717948718,28.256410256410255,8.852606614852695,5.612122496017526,0.773372874198981
661,15,126.06666666666666,167.6,4.974602161647368,3.7712361663282534,0.6521405955174384
662,129,125.33333333333333,382.9612403100775,19.00083608061038,9.361999444457878,0.8701906684044375
663,74,126.98648648648648,193.06756756756758,12.48954529927433,7.699781926066104,0.7873563335793944
664,105,126.94285714285714,329.6666666666667,16.707842909650953,8.632654547440856,0.856176918440445
665,71,126.64788732394366,481.4225352112676,11.365764161036521,8.003974176341591,0.7099839420892721
666,60,126.11666666666666,578.4666666666667,10.192916365888882,7.615919756390055,0.6646243239436688
667,79,127.17721518987342,281.8481012658228,10.941959986525935,9.250895722019278,0.534052318438697
668,35,127.17142857142858,353.6,7.914800928081968,5.90738104058209,0.6655296649494449
669,33,126.96969696969697,571.8181818181819,7.141896840252407,5.853876778956921,0.5728604101637415
670,89,128.52808988764045,173.08988764044943,12.98546536873339,8.827933908668406,0.7333679532101222
671,80,127.625,321.6625,13.922237924935553,7.503252039048547,0.8423441035441749
672,42,128.57142857142858,77.11904761904762,9.079801495699018,5.992952648127033,0.7512381520302269
673,47,128.80851063829786,550.4468085106383,8.088319359363501,7.488310180036884,0.37797006230185404
674,68,128.73529411764707,97.02941176470588,10.59434876518899,8.205529141840513,0.632550098382988
675,110,128.66363636363636,229.38181818181818,13.710540958386341,10.515187387867336,0.6417166257184046
676,43,128.53488372093022,358.6279069767442,8.730127845409656,6.510557244511645,0.6662176328867017
677,18,128.5,407.0,5.542593461893073,3.9932849113038276,0.6934837441847964
678,38,128.8421052631579,421.5,8.246211251235321,5.841868179162782,0.7057805043029992
679,25,129.2,65.08,5.982402637583357,5.301741099095248,0.4632594326811828
680,41,129.65853658536585,113.5609756097561,8.577040468524766,6.082527193777059,0.7050436925949257
681,70,129.77142857142857,338.1714285714286,10.968805393505958,8.168356195298548,0.6674108766095785
682,40,129.5,543.825,7.52032355939741,6.996765935914411,0.36659411981145174
683,156,130.12820512820514,136.64102564102564,17.06937809882258,11.830155139966482,0.7208769779913772
684,17,129.88235294117646,218.0,5.122874438620389,4.325641546310547,0.5357481670629802
685,84,130.1904761904762,309.17857142857144,14.195714810526876,7.700372716635476,0.84009230939116
686,43,130.2325581395349,15.186046511627907,7.9193128516982645,6.891534332035607,0.4926655770410678
687,76,130.44736842105263,206.14473684210526,12.110613034128429,8.379541064240565,0.7219768927494202
688,51,131.01960784313727,289.6078431372549,9.557915623444496,6.904324836895916,0.6915096635168252
689,86,131.59302325581396,123.96511627906976,12.604170219599542,8.879044711561514,0.7097507038203232
690,28,131.32142857142858,436.75,7.300901449109523,4.903445401541723,0.7408940580836644
691,27,131.59259259259258,477.18518518518516,6.012333003763859,5.739665371203116,0.29773482005343743
692,72,133.70833333333334,212.41666666666666,12.260939845147785,7.570220802761058,0.7866291123092237
693,40,133.825,52.0,8.370449493243395,6.2165565453119935,0.6696476641850017
694,64,133.734375,89.890625,11.010873448214278,7.644629056233521,0.7197050103708602
695,170,133.6705882352941,160.85882352941175,15.250990363781243,14.542003076518888,0.3013548933197634
696,59,135.5593220338983,284.3050847457627,10.253446098494116,7.462854116781399,0.6857484487569632
697,38,134.47368421052633,2.1052631578947367,8.1867434110584,6.082712633875763,0.6692965312517448
698,25,134.64,28.24,6.13381589801192,5.15568642658727,0.5417573775069718
699,93,134.56989247311827,149.59139784946237,12.448229591956965,9.679358381872806,0.6287975286379157
700,61,135.2622950819672,305.42622950819674,11.91474745198482,6.86151941077056,0.8175310042574913
701,48,135.125,102.77083333333333,8.474046346943252,7.218051034183669,0.5238942980093052
702,82,135.82926829268294,589.1463414634146,12.725935047363206,8.332866066651292,0.7558073840560771
703,69,136.17391304347825,110.6231884057971,10.192106881940179,8.933085487574921,0.48145476772837204
704,99,135.989898989899,222.65656565656565,15.183778435980154,9.156796046183866,0.7976925123323313
705,157,135.96178343949043,274.2420382165605,16.79211198941404,12.354398644025595,0.6772789618275054
706,65,135.76923076923077,386.7846153846154,10.071202055279594,8.279239119891127,0.5693855706199331
707,49,135.87755102040816,543.6734693877551,8.789486242746172,7.170168798093752,0.5783813179671216
708,77,136.66233766233765,297.987012987013,14.082346278714283,7.088736234864554,0.8640666030870975
709,35,136.57142857142858,371.9428571428571,7.29951551864314,6.0436787460060035,0.5607928477972086
710,161,136.91925465838509,185.9689440993789,16.672417063154395,12.545478136576106,0.6586275890084037
711,51,137.84313725490196,95.05882352941177,9.762486152165904,6.854918242648139,0.7120100062322683
712,234,136.12820512820514,237.9017094017094,19.3494009331536,16.223446489553382,0.5449831985102591
713,41,137.7560975609756,335.1951219512195,7.708981595866723,6.77771764040999,0.4764574366970252
714,94,137.29787234042553,343.1170212765957,13.388240350953113,9.060628738862402,0.7362034902072864
715,31,137.93548387096774,400.5806451612903,6.637233432831251,5.927167578250755,0.45002134868373134
716,112,139.45535714285714,118.77678571428571,12.516087092824664,11.944092238216845,0.2988527819438757
717,11,139.0,472.0,4.51260859854213,2.9541957835039856,0.7559289460184544
718,150,138.64,553.0,16.139756073131927,12.230890151571186,0.6524737353796907
719,164,139.53658536585365,200.51829268292684,16.00027825976281,13.556150038969374,0.5312028946068054
720,129,139.10852713178295,318.49612403100775,15.474066139003343,10.844579135207184,0.7133353577974151
721,101,139.1881188118812,136.5148514851485,16.177134026423815,8.393060104296541,0.8548820260963693
722,59,140.3728813559322,84.83050847457628,9.94414405570171,7.714561467607048,0.6309919332125051
723,23,140.7826086956522,176.91304347826087,5.733826014124253,5.0375140067593245,0.4776307722564946
724,61,139.72131147540983,267.327868852459,13.532002775131279,5.919206918311227,0.8992559534464794
725,57,140.82456140350877,4.473684210526316,9.702777020308577,7.475218681283812,0.6375360353284332
726,18,140.5,502.22222222222223,5.258737584977436,4.268749491621899,0.5840132092439594
727,43,141.62790697674419,29.093023255813954,8.25230599426356,6.644576151613158,0.5930330594610104
728,50,140.76,52.44,8.437971784684919,7.52472140087998,0.452491000469454
729,24,141.08333333333334,78.08333333333333,5.773502691896257,5.270462766947298,0.40824829046386313
730,76,141.5,352.07894736842104,12.177310169113467,8.080693322966278,0.7480999504822972
731,145,144.57241379310344,99.84137931034483,15.751407646906891,12.589533105857576,0.6009800793968233
732,99,142.34343434343435,536.5050505050505,12.221821898056994,10.318763527473878,0.535886355757518
733,106,143.16981132075472,219.97169811320754,14.72366134907288,9.57709446805499,0.7595439018984113
734,68,142.23529411764707,261.77941176470586,10.509038349948291,8.575710578211805,0.5780068606748519
735,59,143.11864406779662,283.50847457627117,11.134249207878979,6.785234777086102,0.7928613298742854
736,56,143.07142857142858,406.75,10.418339737410069,6.810034101444799,0.7567898284367507
737,28,144.5,17.214285714285715,6.0,5.8901508937395155,0.1904761904761901
738,137,143.4963503649635,293.59124087591243,17.71876277622359,10.201598803381192,0.817624953134023
739,131,144.1908396946565,129.66412213740458,16.018675444715498,11.02144784598795,0.7256752253114863
740,120,144.55,311.7,18.817161500357543,8.304683401719487,0.8973421206956044
741,45,145.0222222222222,398.2888888888889,8.356444935811297,6.9493370061378625,0.5553540077637577
742,81,145.5185185185185,428.85185185185185,11.327838590876103,9.182106197970064,0.5856295362207213
743,58,145.44827586206895,161.20689655172413,9.702570494318447,7.6222003339717865,0.618752904212885
744,41,145.02439024390245,246.73170731707316,8.697718224250941,6.094235279374521,0.7134849243489798
745,19,145.52631578947367,460.1578947368421,6.017518285455348,3.9216707389888743,0.7584691145965127
746,104,145.03846153846155,589.2788461538462,15.403675121365422,8.68671636903945,0.8258171907769875
747,23,145.91304347826087,23.956521739130434,5.809656416687405,5.022658496174333,0.5025704876770721
748,84,147.6547619047619,89.82142857142857,13.392667076994249,8.724906699183984,0.7586753013917811
749,79,145.9746835443038,253.9873417721519,11.013820438604306,9.13468305736372,0.5586794175551151
750,46,145.7608695652174,347.04347826086956,9.16699183292514,6.425103167746038,0.7132639918076985
751,112,146.55357142857142,209.25892857142858,14.247641519201853,10.33857285563805,0.6880808989941846
752,137,146.992700729927,184.98540145985402,17.11521894168802,10.425931839742002,0.7930462217831539
753,87,146.54022988505747,338.02298850574715,11.682049879101461,9.698972761333655,0.557397455889549
754,46,147.58695652173913,47.19565217391305,9.03759985241846,6.448901421970098,0.700590554605225
755,68,147.35294117647058,79.36764705882354,11.265291033463601,7.851330520475189,0.7171209367007294
756,70,147.74285714285713,278.75714285714287,11.983810523634135,7.618647881200268,0.7718991303301772
757,34,147.97058823529412,478.3235294117647,6.916373630974425,6.315612336722788,0.40764774249048047
758,27,148.11111111111111,597.5555555555555,7.811725553869515,4.378866832323126,0.8281202285589021
759,29,148.41379310344828,1.3448275862068966,8.70031644226904,4.227209198676714,0.8740319540072328
760,43,148.48837209302326,271.04651162790697,8.601486034755625,6.5076688899436395,0.6539069818700723
761,10,148.5,482.8,4.09878030638384,2.9933259094191533,0.6831300510639732
762,72,149.83333333333334,32.43055555555556,14.115306288316242,7.288718154630293,0.8563656987077816
763,25,149.28,13.44,6.494839061581059,4.885188385739168,0.6589752126678905
764,143,150.08391608391608,306.86713286713285,20.78011541540408,9.426272383039043,0.8911952937133545
765,69,149.63768115942028,546.695652173913,10.860278041031822,8.085200735442106,0.6676508270477493
766,205,148.85853658536584,115.93170731707318,24.434455425126878,11.113017629420034,0.8905888492109932
767,174,150.48275862068965,362.10919540229884,16.997798378812583,13.309101751048233,0.6220346175337036
768,32,150.5,570.5,6.324555320336759,6.324555320336759,0.0
769,63,151.0,393.14285714285717,11.54663459504387,7.104624060657633,0.7882944015068247
770,118,152.6949152542373,409.02542372881356,18.885942818470628,8.278493774527778,0.8988084725892819
771,57,152.57894736842104,6.719298245614035,9.146411530178579,7.918461705147971,0.5004850464088044
772,74,151.97297297297297,201.35135135135135,12.757429420641724,7.781930361938533,0.7924075432079677
773,108,152.14814814814815,224.6851851851852,15.520727739226885,9.115702743502185,0.8093515929389834
774,51,151.52941176470588,353.03921568627453,10.531018705666206,6.413862303028339,0.793135812785737
775,27,151.59259259259258,399.51851851851853,7.036958392761141,5.2037771031810225,0.6731649287641901
776,31,152.6451612903226,76.51612903225806,8.18290893231813,4.930678806914869,0.7980749500752011
777,44,152.72727272727272,26.068181818181817,8.511249846323244,6.559072798103244,0.6372759617334733
778,68,152.23529411764707,194.5441176470588,11.92648381432168,7.554953535731971,0.7737752252635609
779,128,153.34375,265.9375,18.584121109723146,8.954178777483872,0.876270878202614
780,158,153.3860759493671,381.19620253164555,15.716829063999144,12.859739036335908,0.5749129196448627
781,148,153.0,244.89864864864865,15.808634952777503,13.379229741213456,0.5326682001800178
782,51,153.4313725490196,420.47058823529414,8.174566007548334,7.885766503075187,0.2634576314966999
783,37,153.8918918918919,438.18918918918916,10.011561865750808,4.808020228621742,0.8771334230486926
784,40,153.5,473.675,8.174062356238322,6.188271535439245,0.653343105406776
785,36,154.11111111111111,42.861111111111114,7.168413351484366,6.402856087063287,0.44965149049117165
786,41,153.14634146341464,83.63414634146342,8.796798576815972,5.937512142672016,0.7378517234459115
787,105,153.96190476190475,213.97142857142856,13.70290863957599,10.108163335505013,0.6751663268664774
788,53,154.39622641509433,258.2641509433962,10.02679229785949,6.948951641622985,0.7209007131910776
789,78,153.75641025641025,341.6025641025641,13.120443336537916,7.790057693518416,0.8046611336255719
790,49,153.79591836734693,429.0204081632653,8.905798439776191,6.999520918762043,0.6182888268376456
791,113,152.3362831858407,511.75221238938053,14.450010283544682,11.386148583329632,0.6157159384448352
792,64,153.46875,156.71875,11.37451093943827,7.337523484705118,0.7641110339737152
793,139,153.82014388489208,292.9136690647482,20.91772064750565,9.168246680205119,0.898828516818607
794,76,154.57894736842104,464.89473684210526,12.580200526437512,7.785848774617588,0.7854721275185591
795,94,155.56382978723406,593.5425531914893,14.070438909668328,9.144983121655155,0.7599829675950958
796,70,154.12857142857143,100.64285714285714,13.595943717983797,7.33207296808029,0.8421240535432492
797,83,155.93975903614458,185.90361445783134,10.843908955989216,9.972760112374287,0.3927045549390526
798,115,157.2086956521739,277.16521739130434,13.974900712442004,10.818013175098004,0.6330596164144152
799,76,156.21052631578948,504.25,11.723232260254974,8.285297688199824,0.7074716236093355
800,41,155.8780487804878,88.73170731707317,8.759771241750808,6.425837915797094,0.6796222156468485
801,20,156.3,72.75,6.257452020932036,4.0993041123748775,0.7555356295547356
802,51,157.05882352941177,520.9215686274509,9.907561481292941,6.5708929810059855,0.7484244946454198
803,40,156.75,480.75,8.099382692526634,6.29285308902091,0.6295565609336734
804,34,157.5,17.11764705882353,7.833183771229084,5.472585356452831,0.7154721475921457
805,153,157.92156862745097,113.32679738562092,20.52559387997512,10.195668257675036,0.86790540420131
806,8,158.125,367.875,3.4641016151377544,2.7386127875258306,0.6123724356957945
807,66,157.87878787878788,456.90909090909093,11.445180763650175,7.305326861710309,0.7697972690258795
808,42,157.76190476190476,549.8095238095239,8.179397951173957,6.6037807967602955,0.5900487924955917
809,48,158.375,78.22916666666667,9.304763134902235,7.302814883699747,0.6196896635506208
810,128,158.828125,129.4765625,14.520132906804202,11.387901257749022,0.6204025521295543
811,31,159.3548387096774,158.25806451612902,6.632930606045125,5.915118158963094,0.4524682789019464
812,138,159.33333333333334,348.1159420289855,14.824119765238613,12.452478016267216,0.5425636926419498
813,31,158.80645161290323,358.03225806451616,7.611971384080585,5.354220123002581,0.7107995033194
814,13,158.6153846153846,430.7692307692308,4.296689244236598,3.9041777047536987,0.41756313817071367
815,60,159.58333333333334,67.06666666666666,11.807904201640628,6.682652378309231,0.8244413681881768
816,48,159.41666666666666,205.9375,8.65894597455077,7.338190751043467,0.5308444325242058
817,111,159.27927927927928,288.0810810810811,16.95464786742378,9.035332269563103,0.8461707812438852
818,87,159.6206896551724,304.1609195402299,12.489216971240372,9.238457310549167,0.6729206278877446
819,62,159.29032258064515,436.8709677419355,9.977261434095634,8.064292794259496,0.5888159246733243
820,10,161.2,121.9,4.09878030638384,3.098386676965933,0.6546536707079772
821,79,159.35443037974684,230.0253164556962,13.325155703571445,7.733850364896159,0.814335273942959
822,42,159.9047619047619,444.8095238095238,7.874360722790397,6.798617548957318,0.5045429368639565
823,35,160.68571428571428,223.71428571428572,7.277222669333463,6.444139056547649,0.46459789619282466
824,62,160.98387096774192,40.403225806451616,9.456979488191962,8.398843073571783,0.4596299435187464
825,18,160.77777777777777,376.94444444444446,5.033222956847167,4.575835618216445,0.41652044217833617
826,58,161.70689655172413,84.03448275862068,10.67557228925335,7.217122216400543,0.7368642099465702
827,152,161.23684210526315,99.3157894736842,19.294972629995947,10.787439508627878,0.829113498676439
828,39,161.74358974358975,416.9230769230769,7.277282703190427,6.812294980472803,0.35172276983786815
829,141,162.22695035460993,194.85106382978722,16.323484011849487,11.22542848383671,0.7260084113267088
830,43,162.6046511627907,371.95348837209303,8.309763955095423,6.58704354341388,0.6096285745548253
831,108,162.02777777777777,396.6203703703704,15.871711021158404,9.075413912507539,0.8203943892774055
832,48,162.375,498.375,8.934950102453474,6.8068592855540455,0.6477840821747614
833,18,162.33333333333334,506.8333333333333,5.382637897834769,4.412669680050541,0.5726544318487509
834,8,162.5,517.5,4.47213595499958,2.0,0.8944271909999159
835,90,163.16666666666666,216.7888888888889,14.859840572829032,8.212784516114422,0.8333914205493027
836,83,163.03614457831324,262.32530120481925,12.031832191426972,9.148204848261965,0.649532907756468
837,60,163.48333333333332,593.9833333333333,9.984290321946558,7.627039041781684,0.6453299314721894
838,52,164.51923076923077,74.9423076923077,9.008579251180223,7.443232691039334,0.5633208375852882
839,47,164.53191489361703,355.5744680851064,10.907305946760083,5.464597176223891,0.8654453249362194
840,74,164.36486486486487,364.6621621621622,10.391142213115671,9.162962567319186,0.4716139342637659
841,65,164.86153846153846,381.15384615384613,10.082862290369144,8.200636819568931,0.5818106206610918
842,19,165.1578947368421,409.8421052631579,5.271572221283753,4.5005385950383054,0.5207037318817046
843,22,165.27272727272728,430.95454545454544,5.5195074369704376,5.0760656626865766,0.39271745514253664
844,31,165.0,88.45161290322581,8.989462991392717,4.606149180960732,0.8587503296875519
845,52,165.48076923076923,438.88461538461536,11.567377768388129,5.749239926205942,0.8677380041421846
846,91,166.14285714285714,64.2967032967033,15.428634836781013,7.734763508021714,0.8652589437661767
847,47,166.3404255319149,135.7872340425532,8.426975644408882,7.3298491183560515,0.4933907140883935
848,81,165.98765432098764,462.358024691358,12.146999004256944,8.671054902419566,0.7003053761429954
849,45,165.35555555555555,124.73333333333333,8.917106150696581,6.732363928817922,0.6557314027689269
850,16,166.1875,515.375,4.928175409000944,4.230908547595703,0.5127897968540643
851,164,167.2621951219512,236.53658536585365,19.194348546077787,11.149407432359462,0.8139968542973586
852,94,166.56382978723406,273.51063829787233,16.95381736799516,7.216338829063716,0.9048893664793767
853,72,167.30555555555554,493.125,10.38000552955502,8.898220311533091,0.5149067391783748
854,75,166.88,109.44,11.73628372903821,8.425258308493948,0.69616555307509
855,112,168.25,208.875,14.68210997759039,9.973533019529993,0.733862219694711
856,36,168.44444444444446,43.69444444444444,8.444154205617503,5.5012872117641844,0.7586566939722375
857,58,168.36206896551724,451.2586206896552,12.1044524174827,6.111387475932356,0.8631851187762865
858,32,168.71875,519.78125,7.090287861296071,5.804874507167023,0.5742102538436656
859,26,168.1153846153846,589.6923076923077,6.166056295965654,5.3441212010757235,0.49882968149873647
860,71,169.6338028169014,36.61971830985915,12.48849548497859,7.432362995737208,0.803624422564427
861,69,169.231884057971,226.05797101449275,10.463742790127029,8.531377317957945,0.5790000493171159
862,206,168.7135922330097,289.1407766990291,23.773726217578336,11.389647546974675,0.8777682394986426
863,23,168.6086956521739,413.5217391304348,5.656854249492381,5.223185188758681,0.3839896028838194
864,38,169.8421052631579,119.97368421052632,7.276741303910974,6.875364909890635,0.3275288177600863
865,35,169.42857142857142,370.3142857142857,7.654712196011563,6.194506583132892,0.5874768778052006
866,89,170.87640449438203,82.23595505617978,11.61673546762824,9.789093892386896,0.538427761420192
867,148,170.99324324324326,95.11486486486487,16.088065134425833,12.01756157607918,0.6648396166132274
868,64,170.703125,201.109375,10.488272117746519,8.148287273047075,0.6296300462230039
869,54,171.35185185185185,217.94444444444446,9.812535643554314,6.97473504016206,0.7033957463011854
870,79,171.36708860759492,268.0,11.348969449202102,9.027764059300242,0.6059930468303067
871,38,170.55263157894737,432.1842105263158,7.620031219299574,6.331248589688647,0.5564678921518456
872,96,171.28125,52.03125,15.072357778623877,8.379107808103614,0.8312321307148689
873,120,172.63333333333333,355.5,14.75628931828421,11.199738737011394,0.6511131262043018
874,45,171.6,374.77777777777777,9.89089651344273,6.180438534712088,0.7807357718896224
875,54,172.2037037037037,533.1296296296297,10.47379236867446,6.545866654835691,0.7806441330844962
876,116,172.16379310344828,68.66379310344827,19.077227152784264,7.941219764179622,0.9092424319343825
877,103,172.50485436893203,192.60194174757282,13.924769648907857,9.44437796736502,0.7348376633073272
878,130,172.36153846153846,307.15384615384613,14.371082110112845,11.576585179930284,0.592531588466264
879,75,172.88,381.9866666666667,11.91311564329558,8.179920408640195,0.7270056324194464
880,30,172.46666666666667,595.3333333333334,6.9464116209760665,5.4484074159103075,0.620320447436836
881,104,174.16346153846155,515.9038461538462,15.254622612702217,8.829032471784283,0.8154854967654065
882,142,173.75352112676057,129.54225352112675,13.87161881883174,13.155092909761372,0.3172381494793412
883,155,171.8967741935484,344.31612903225806,19.92125526653675,10.15651237641682,0.8602734223737639
884,62,173.59677419354838,364.33870967741933,10.04641144289419,7.962836550087822,0.6097353671696596
885,80,175.125,112.2625,11.142185913645482,9.375456952370918,0.5403539077871342
886,41,175.29268292682926,56.4390243902439,8.96289202696103,5.950394700360296,0.7478282281046699
887,59,175.03389830508473,175.5593220338983,9.208028489475298,8.098036683197833,0.4759840495861201
888,57,175.3684210526316,104.85964912280701,11.514318760231864,6.397932825198819,0.8314162149550496
889,39,175.94871794871796,422.15384615384613,8.908176455675013,5.640333325159941,0.7740179713336819
890,22,176.6818181818182,498.72727272727275,5.857600473582454,4.821020192879415,0.5679881884793561
891,62,178.4516129032258,223.09677419354838,11.951537642271791,6.839582933741273,0.8200608039993763
892,53,176.9056603773585,245.8490566037736,9.86204953537212,7.060855365964412,0.6981389753061051
893,31,177.29032258064515,477.8709677419355,7.020309963513199,5.582542409509351,0.6063487354533174
894,105,178.42857142857142,231.10476190476192,12.823708921868276,10.70736367550324,0.5503012112441658
895,160,178.2625,279.49375,19.14428330652492,10.816343729722687,0.8250972114683941
896,33,178.66666666666666,60.63636363636363,7.000243353169343,6.145712278162598,0.4787919869180643
897,90,178.7,76.12222222222222,12.065639902428153,9.776797320375373,0.586014214732145
898,26,178.46153846153845,406.15384615384613,6.510418041618965,5.021164213552168,0.6365315537797905
899,13,179.3846153846154,34.07692307692308,4.296689244236598,4.0,0.3651483716701108
900,27,179.96296296296296,49.407407407407405,6.670698761353201,5.128900361012664,0.6394050953723056
901,42,179.6904761904762,67.0,7.82736328626872,6.877117292980871,0.47755937668251763
902,94,178.77659574468086,120.64893617021276,13.379231299828444,9.354265400783664,0.714962166879521
903,121,180.32231404958677,91.85123966942149,19.025089567925637,8.406803156452696,0.8970742581033259
904,47,179.91489361702128,383.8936170212766,9.857677392747654,6.08254178559607,0.7869349274091079
905,144,180.61111111111111,203.0,14.396666056926392,13.093027322587956,0.4158164294844473
906,53,180.32075471698113,462.58490566037733,12.416417484740968,5.487151514182858,0.8970509618316984
907,31,180.61290322580646,310.80645161290323,6.857704678533175,5.795507873863139,0.534594047106006
908,25,180.96,530.6,6.013280646736604,5.212950782770064,0.4984711566327377
909,30,181.5,54.5,6.531972647421808,5.796550698475776,0.46097722286464426
910,14,181.5,264.7142857142857,4.20883424647321,4.120630029101703,0.2036532699906393
911,73,182.3835616438356,102.05479452054794,10.824069967266063,8.913543424935026,0.5673267558294269
912,148,181.73648648648648,214.77702702702703,15.69978128235737,12.40050518134697,0.6132973695957464
913,19,182.1578947368421,484.7368421052632,6.409971260585169,3.8299479272508137,0.8018700616774529
914,42,183.35714285714286,589.5952380952381,8.405871851110266,6.302920430328845,0.6616378820958643
915,38,183.6315789473684,497.7368421052632,7.997542491120017,6.097588731700178,0.647067401611475
916,49,183.59183673469389,512.1632653061224,8.482457204648066,7.4104695170768835,0.4866034255039662
917,35,184.25714285714287,72.4,7.962021332324336,5.753480931942369,0.6912500811786252
918,164,183.42073170731706,185.35365853658536,16.643655100374627,12.680278339238882,0.647731599137275
919,124,183.6290322580645,240.3790322580645,14.14845603372582,11.543662999296716,0.5781992501133874
920,41,183.9512195121951,539.609756097561,9.601150054309317,5.497385650017912,0.8198518254315246
921,47,184.7659574468085,375.51063829787233,10.186751747777313,5.931412194563973,0.8129974286216687
922,37,185.45945945945945,48.2972972972973,8.545790520171327,5.50324937174258,0.7650491028009735
923,75,185.22666666666666,61.973333333333336,12.27056818688659,7.91031399389922,0.7644715092593745
924,61,185.0327868852459,367.9016393442623,9.59384403447282,8.104800997644057,0.5350951080913086
925,61,185.45901639344262,425.44262295081967,11.156552631749854,7.01585894027301,0.7775222320686767
926,56,184.80357142857142,30.892857142857142,9.518245850947448,7.50441611499816,0.6151318212431502
927,137,186.2189781021898,87.13868613138686,19.68817555534466,9.136518031900211,0.8858031490024462
928,73,186.15068493150685,519.8904109589041,10.256340631327472,9.18038249803735,0.44587874949172873
929,146,188.91095890410958,3.732876712328767,19.83766487986122,9.533999767680333,0.8769394315230572
930,136,186.375,112.69117647058823,13.893110944198403,13.107011559818613,0.3316057798052379
931,34,186.2058823529412,194.94117647058823,8.437134147639375,5.495348070843222,0.7587956604693172
932,50,187.28,455.98,8.3363235225079,7.836128516562341,0.34117959621761623
933,55,187.2,493.27272727272725,12.260162840822609,5.784317113703607,0.8817068067339897
934,62,187.48387096774192,225.82258064516128,10.332156591354325,7.818301131030928,0.6537669516044947
935,38,187.8421052631579,232.8684210526316,8.328678734753094,5.827281549424508,0.7144714610715857
936,131,187.82442748091603,293.29007633587787,15.771001527715454,10.574387469759596,0.7419134866377992
937,87,188.73563218390805,13.505747126436782,13.442075227055984,8.769520130655303,0.757880565520991
938,136,188.2058823529412,280.1470588235294,19.19396088446667,9.164027979996503,0.8786625618015145
939,95,188.56842105263158,478.42105263157896,13.565845694525098,9.1192996225689,0.740346978398866
940,46,188.41304347826087,54.08695652173913,8.37574690537705,7.153328958941855,0.520186550024095
941,7,188.14285714285714,470.7142857142857,3.5820700954176696,2.4713456540351717,0.7238845965239822
942,46,189.3695652173913,362.1304347826087,8.372209295791302,6.988558430504622,0.5506550721325014
943,31,189.5483870967742,388.2903225806452,6.8575012356818705,5.700161964155581,0.555928406605324
944,121,190.28925619834712,448.78512396694214,16.95735222200521,9.204230512706271,0.8398703838142836
945,89,190.8876404494382,69.14606741573034,12.644932243547292,9.039890828446717,0.6992243825585104
946,87,190.27586206896552,80.41379310344827,14.456158593081316,7.792140741066585,0.8422937562127256
947,66,190.16666666666666,211.36363636363637,12.197367199318263,7.348293666868861,0.7981572560124499
948,85,190.54117647058823,380.81176470588235,12.633795521263833,8.893102941664743,0.7102854146097708
949,47,190.82978723404256,398.27659574468083,9.71981324087167,6.1891577942585805,0.7710646513937872
950,40,190.4,428.3,8.634383150218168,6.053711887365353,0.7130463535645502
951,82,189.7560975609756,465.109756097561,13.149901132519426,8.530229286849531,0.7610514558531929
952,25,190.92,26.44,6.3882067811682965,5.074525999641286,0.607449308334991
953,20,191.35,60.5,6.2964915701508115,4.194543349045253,0.7457985708281472
954,51,190.9607843137255,434.29411764705884,10.147280163570455,6.539210290102921,0.7646634300574275
955,49,190.44897959183675,561.9795918367347,10.21388196404005,6.144163979046869,0.7988349083039473
956,41,191.78048780487805,46.80487804878049,8.623118262585388,6.086229404143831,0.7084073927617495
957,30,191.36666666666667,135.63333333333333,6.491019437140313,5.793482928640115,0.4509717590117594
958,27,191.59259259259258,410.51851851851853,6.720680652327869,5.050208431791945,0.6597980127807583
959,16,191.5,567.5,4.47213595499958,4.47213595499958,0.0
960,40,191.35,595.225,8.581010820836717,5.932643027579126,0.7225020434269612
961,74,192.7027027027027,245.55405405405406,11.315289601264263,8.618995570451663,0.6479153735019778
962,40,191.9,540.475,8.241461339537656,6.317302825487013,0.642212054591426
963,78,192.66666666666666,187.47435897435898,14.423262029109267,7.112768214766921,0.8699467895740491
964,55,192.5090909090909,221.34545454545454,9.583923946931984,7.404017568833083,0.6349593765885948
965,36,193.02777777777777,421.6111111111111,7.271777820377493,6.273421333873609,0.5057022876709697
966,46,192.43478260869566,486.0869565217391,9.137689783420265,6.53822392656051,0.6985895434391062
967,130,192.63846153846154,200.4923076923077,14.587790956360333,11.537072736237038,0.6119818375145317
968,119,193.91596638655463,441.83193277310926,18.12714391225636,8.722695638863243,0.876613441878131
969,34,193.26470588235293,491.52941176470586,7.458102792355076,5.856669546012594,0.6191457953304006
970,45,194.64444444444445,415.44444444444446,8.095893161109023,7.132552421634553,0.47310003810538764
971,23,194.91304347826087,548.7826086956521,5.733826014124255,5.0375140067593245,0.4776307722564948
972,28,194.5,587.5,6.676183683170241,5.237229365663817,0.6201736729460422
973,9,195.33333333333334,42.111111111111114,3.885753375057407,2.7954428906961324,0.6945875203623408
974,96,195.96875,53.760416666666664,13.292969969726077,9.48839229126039,0.7003595406397924
975,97,195.69072164948454,230.98969072164948,12.339657820052889,10.359251752746452,0.5433460380404854
976,35,195.88571428571427,384.2857142857143,8.2343432069211,5.424329179969919,0.7523666278568224
977,26,195.5,396.2307692307692,6.12671397599715,5.441627040730008,0.45949498745562345
978,67,196.53731343283582,21.507462686567163,9.432647129991361,9.282573968580627,0.17767053445112127
979,34,197.44117647058823,207.85294117647058,8.306363790714144,5.315072465808662,0.7684752043666325
980,65,196.6,240.24615384615385,13.107996704168826,6.46209310174112,0.8700357627156987
981,41,196.82926829268294,363.4634146341463,8.794438841028619,6.114699730034204,0.7187277281041538
982,30,196.8,559.2,6.988658007063744,5.466137508360345,0.6230976114723306
983,66,197.5151515151515,429.6666666666667,11.342317401616091,7.6669750423982785,0.7369365208115927
984,87,198.1264367816092,467.37931034482756,12.217815239200535,9.281390020682327,0.6503200176072121
985,53,197.56603773584905,65.28301886792453,10.677374034864044,6.410549376907782,0.799710109079491
986,122,197.9344262295082,457.9836065573771,14.81145603533478,10.624290109762782,0.6967621855272577
987,29,198.31034482758622,368.0344827586207,7.352243473328069,5.1029051294603,0.7199162383109583
988,124,199.1290322580645,89.5,13.967199410380951,11.433086529093822,0.5744112636797278
989,57,198.7719298245614,186.7017543859649,10.704873055676515,6.820458246703839,0.7707515333201668
990,91,199.65934065934067,348.3956043956044,13.075124554132007,8.992002896049291,0.7259776104592299
991,6,199.33333333333334,400.8333333333333,3.0550504633038935,2.6666666666666665,0.487950036474267
992,56,198.5,542.75,9.974607124812136,7.411867789850168,0.6692096389005734
993,144,198.71527777777777,10.166666666666666,16.957927645429052,11.03119112456647,0.7595032645620602
994,110,200.84545454545454,338.3,12.793430984895528,11.417553167335369,0.4511377045875567
995,163,199.38036809815952,477.7546012269939,16.063533097956267,13.784843871350178,0.5134070612648667
996,150,199.63333333333333,76.35333333333334,14.83416909855179,13.007131566952632,0.48078982634533796
997,84,198.67857142857142,213.83333333333334,13.787934635884572,7.9752665546152235,0.8157365742686072
998,63,201.34920634920636,221.12698412698413,11.683081644119515,7.335149563537407,0.7783394182703566
999,37,200.94594594594594,247.83783783783784,7.986545076756764,6.148305235545628,0.6382454786494087
1000,141,200.39007092198582,497.0,15.717625676648142,11.690927519692506,0.6683910901113784
1001,26,201.3846153846154,378.46153846153845,6.298699013587395,5.328920777548953,0.5331271157334728
1002,45,201.48888888888888,412.75555555555553,8.581144281017425,6.862567087168825,0.6003647101180406
1003,34,201.2058823529412,523.5294117647059,7.467824217271428,5.882039056896408,0.6161216884959368
1004,70,202.15714285714284,59.628571428571426,9.931030518927622,9.047535473168955,0.4123247837790002
1005,45,202.66666666666666,227.0222222222222,9.46750201839882,6.278946644439099,0.7484329275967825
1006,50,202.56,534.82,11.188712255351533,5.837526708028531,0.8531084863353248
1007,54,203.07407407407408,238.87037037037038,12.169261960052046,5.862356626238252,0.8763170717256995
1008,55,202.74545454545455,450.5272727272727,10.341655505913847,6.87563041679865,0.7469785486417189
1009,126,203.53174603174602,45.62698412698413,15.750534760687124,10.310829110913078,0.7559463361691171
1010,165,203.83030303030304,201.43636363636364,18.925176892372935,11.314914261041755,0.8015883981116015
1011,69,203.52173913043478,406.4927536231884,11.837602005652005,7.767016497692169,0.7546470947695125
1012,38,204.1315789473684,191.52631578947367,7.700362869365227,6.520857780640274,0.5318720340731706
1013,78,204.53846153846155,394.46153846153845,14.894919418474181,6.796808246641833,0.889817168394886
1014,40,204.45,543.85,8.299843948785407,6.285904105680445,0.6530067548813083
1015,15,204.4,573.4,4.618802153517006,4.026578365477733,0.4898979485566357
1016,22,203.9090909090909,589.9090909090909,5.502816709244202,4.972652484064489,0.4282593998234223
1017,149,204.01342281879195,32.369127516778526,15.139621540977183,12.851951340318829,0.5285612733351241
1018,90,204.2888888888889,182.2111111111111,13.25328036569317,8.978489605591497,0.7355650161433448
1019,167,204.65868263473052,423.34131736526945,19.20005194367742,11.636774256429915,0.7954034233709373
1020,32,203.90625,528.78125,7.884137064293039,5.285275087584443,0.7420285862555872
1021,38,205.55263157894737,52.973684210526315,8.009499792643169,6.291421547934116,0.6188680807854919
1022,71,206.26760563380282,23.704225352112676,12.900114143943986,7.171882220811032,0.8312124286807708
1023,141,206.04964539007094,103.76595744680851,14.558462748997492,12.368479482697262,0.5274707698958517
1024,50,205.62,233.82,9.821461717218819,6.686560381631589,0.7324590191538487
1025,61,206.27868852459017,371.5081967213115,10.36462881510487,7.491168339541129,0.6910961637689431
1026,52,206.84615384615384,215.48076923076923,9.173069999886327,7.691714963834646,0.5448855307593455
1027,84,206.66666666666666,362.0357142857143,14.164977121402561,7.760277306628002,0.8365768320522721
1028,73,206.65753424657535,66.98630136986301,11.273790433845896,8.550106076462743,0.6517828691042106
1029,106,208.08490566037736,353.6792452830189,15.270173451800275,8.897950850899756,0.8126863626605192
1030,116,206.70689655172413,485.1810344827586,15.192708576555557,9.852704182644928,0.7612016071233029
1031,76,207.26315789473685,249.19736842105263,12.421924173235116,7.891786069643748,0.77225632458749
1032,44,207.4090909090909,381.6818181818182,8.194582487573895,6.862707318445454,0.5464851115312358
1033,40,207.825,414.45,8.427945721373025,6.069574195739772,0.6937951161998515
1034,36,208.30555555555554,552.5277777777778,8.079656424700254,5.646206326903081,0.7152998844367277
1035,38,208.5,346.7894736842105,7.7502396004200085,6.461498328663172,0.5521935565229396
1036,203,208.39408866995075,11.374384236453203,21.45511165101352,13.19706390535529,0.7884482050774945
1037,66,209.37878787878788,517.2727272727273,10.411492469079198,8.052473566245709,0.633891922069704
1038,34,209.44117647058823,336.52941176470586,6.9451633614802075,6.225297202504919,0.44334712297371176
1039,53,209.71698113207546,493.4339622641509,9.077221021890807,7.550324821248294,0.5550932214134627
1040,166,209.77710843373495,88.30722891566265,16.302129260226007,13.370820130641105,0.5720932661195566
1041,43,209.6046511627907,222.3953488372093,8.274452895123058,6.641777031531467,0.5964035678824019
1042,98,210.5204081632653,404.05102040816325,14.408057040639635,8.977999614058032,0.782123420373661
1043,55,210.14545454545456,540.9454545454546,9.311687744349088,7.771567714442741,0.5508510709833592
1044,111,210.96396396396398,74.87387387387388,14.079506040349287,10.333900745977237,0.679184522419642
1045,89,210.26966292134833,431.87640449438203,15.118939611434703,8.01884635185799,0.8477574087916747
1046,224,207.29910714285714,441.39732142857144,22.81049811924616,13.374107906195517,0.8100840863390385
1047,51,210.88235294117646,570.8823529411765,9.29146361615656,6.982493040451259,0.6597382226748122
1048,100,211.57,58.32,13.468921368459313,9.768897438823899,0.6884416383029315
1049,48,211.64583333333334,211.27083333333334,8.591942334140178,7.141286394708889,0.5560319983322958
1050,28,211.35714285714286,419.85714285714283,6.560674317151686,5.478939404123957,0.5500703306007096
1051,37,211.0,396.0,7.476038482422168,6.333154712253827,0.5313903425239105
1052,224,210.41071428571428,505.01339285714283,19.75566731683486,14.791804273396178,0.6628668879633269
1053,83,212.56626506024097,233.03614457831324,13.216111899600635,8.27478955018689,0.779731720602486
1054,65,212.6153846153846,525.6923076923077,11.02803598292777,7.5432596107065395,0.7294749510459799
1055,37,212.13513513513513,557.2972972972973,7.294922604986722,6.409192553169349,0.4775903038945564
1056,20,212.7,390.9,5.744298825878426,4.450059662410353,0.6323393305600216
1057,104,214.08653846153845,242.94230769230768,15.906650696431477,8.60442653111806,0.8410659192904314
1058,35,213.71428571428572,249.57142857142858,7.086690730302251,6.688341837396208,0.3305480840752031
1059,51,214.76470588235293,226.19607843137254,8.74086067159828,8.14924039657202,0.36164582101365184
1060,34,214.38235294117646,576.2352941176471,7.733972885701284,5.616848333589337,0.6874237764331046
1061,61,214.59016393442624,48.9344262295082,9.699277729363663,8.127300235008267,0.5457801776658741
1062,24,214.41666666666666,588.7083333333334,6.5845193471767205,4.60129142137653,0.7153127571649419
1063,54,215.5185185185185,19.75925925925926,8.934372632798011,7.811656597649398,0.4853184738636159
1064,87,215.70114942528735,27.885057471264368,11.354647675760047,9.965774351044168,0.47924275256650745
1065,48,215.45833333333334,219.0625,10.925049321488835,5.7924968317003485,0.8478705660064146
1066,71,215.59154929577466,545.5211267605633,11.24969215875222,8.375455506343771,0.6676165433112717
1067,148,215.91216216216216,38.222972972972975,16.674544107095155,11.623025163685808,0.7170205287643273
1068,47,215.85106382978722,344.93617021276594,8.805272168980167,6.779526241163811,0.6381169743979306
1069,104,216.72115384615384,489.53846153846155,13.382956636963144,10.09635639632271,0.6563931853628479
1070,44,216.9318181818182,399.72727272727275,7.891505787498667,7.192523956768232,0.4114639151377064
1071,83,217.289156626506,367.71084337349396,10.680397640261997,9.938390653730991,0.366225132531605
1072,143,217.7902097902098,477.6223776223776,14.097510960755857,13.037128630507418,0.3804966425476637
1073,87,218.33333333333334,2.942528735632184,13.767686110769928,8.440431499221997,0.7900355705640835
1074,115,218.05217391304348,452.1217391304348,14.363785958102905,10.29018604993342,0.6976919474338873
1075,98,218.71428571428572,255.87755102040816,12.25105905898998,10.35877912462249,0.5339096686980809
1076,73,219.36986301369862,12.191780821917808,10.97691802010927,9.27604887611249,0.534686669872639
1077,31,219.4516129032258,44.29032258064516,7.8724094045472395,5.27872337098108,0.7418782032498829
1078,79,219.0253164556962,62.91139240506329,11.471326060650616,8.894281634132177,0.6315329509486677
1079,161,219.46583850931677,413.39130434782606,19.325760384171573,10.682158947219149,0.8333524524370732
1080,80,219.55,422.4625,11.804865404624861,8.7053232437797,0.675417893163389
1081,61,218.672131147541,201.98360655737704,9.186702749834707,8.549464291421808,0.3659495437354662
1082,90,219.6888888888889,357.6666666666667,12.130035005282219,9.499839058039493,0.6218118487688336
1083,152,219.56578947368422,77.77631578947368,18.548558176089855,11.027579030934264,0.8040772262885442
1084,91,220.41758241758242,207.9120879120879,15.64459905922571,8.749436709014676,0.8289906624702681
1085,126,220.65873015873015,465.1825396825397,13.879805610500442,11.623818345503254,0.5464946141172947
1086,81,221.40740740740742,217.54320987654322,14.480164859847175,7.332306335465648,0.8623169106161421
1087,59,221.01694915254237,348.9830508474576,10.941592439646515,6.996451116506442,0.7688440997419067
1088,58,220.8793103448276,525.6379310344828,8.947553871893783,8.293559829419467,0.3752884789710843
1089,41,221.29268292682926,584.780487804878,8.53264142066148,6.150848380496499,0.6930796682633608
1090,161,221.59006211180125,192.37888198757764,21.43544693033698,10.250676926157032,0.8782447123738676
1091,156,221.37179487179486,435.5576923076923,15.327563347670802,13.166812337171208,0.5119279194240769
1092,87,221.5287356321839,507.57471264367814,11.712486379101858,9.71325502993107,0.5587922282521529
1093,57,221.40350877192984,537.280701754386,9.752687075163113,7.424591107179325,0.6484154049378418
1094,28,221.89285714285714,18.678571428571427,7.482178053564484,4.946310864330577,0.7503162945212838
1095,67,221.6865671641791,227.86567164179104,10.667329499979138,8.172838829113616,0.6426546012002222
1096,25,221.36,549.32,6.81367852038236,4.709754242089501,0.7226439142432828
1097,48,222.41666666666666,578.125,8.054098858118246,7.709542602464421,0.28936192695526514
1098,90,223.05555555555554,497.6,11.951976249509999,9.895385732394535,0.5608331745634485
1099,157,223.30573248407643,89.03821656050955,20.413484051385527,9.973853294298436,0.8725127035548963
1100,33,222.84848484848484,249.84848484848484,7.737663839274973,5.438359824042317,0.7113453942626256
1101,72,223.61111111111111,445.47222222222223,11.909356957866063,7.757548744876792,0.7587493762410045
1102,18,223.88888888888889,457.6111111111111,6.175668823217454,3.669612085431494,0.8043137760673332
1103,21,224.38095238095238,482.9047619047619,6.571613812299873,4.283313170967497,0.7583993649073894
1104,11,224.36363636363637,598.0909090909091,4.346129984141888,3.067356324605907,0.7084437526351621
1105,95,224.34736842105264,29.126315789473683,14.023921000598756,8.727845710053211,0.7827357711743553
1106,34,224.6764705882353,8.823529411764707,7.145545712498924,6.207485156834315,0.49530186353982475
1107,196,225.0765306122449,51.234693877551024,18.774219595988352,13.622557627426067,0.6881176391953514
1108,52,225.65384615384616,487.9230769230769,10.870323791809318,6.455259885384287,0.8045813356795415
1109,65,225.3846153846154,183.0,12.052561461359712,7.176862814160708,0.8033822158591146
1110,11,225.63636363636363,260.3636363636364,4.465894996556595,3.2761971598400486,0.6795775080744739
1111,41,225.609756097561,377.3170731707317,8.72806307383371,6.038098262253571,0.7220865040486237
1112,26,225.76923076923077,427.65384615384613,6.580744623411147,5.091617565392604,0.6335344233440074
1113,32,226.0625,521.15625,6.923828629060775,5.925155872666843,0.5173681552549492
1114,48,226.66666666666666,214.5625,10.948127333980764,5.856469081380477,0.8448971141815672
1115,100,227.06,245.19,14.759271984450377,8.759491451506658,0.8048408075404451
1116,56,227.21428571428572,368.9107142857143,9.789624321478724,7.2615137660769085,0.6706697074227144
1117,98,227.89795918367346,70.74489795918367,13.61295789625798,9.183500971908623,0.738170074988247
1118,32,227.6875,582.34375,7.09242121461913,5.722275449016807,0.5908034619374177
1119,61,228.95081967213116,2.918032786885246,11.165282125155152,7.245809355532724,0.7608234543856957
1120,67,228.1044776119403,17.71641791044776,12.535864406333202,7.245359289323314,0.8160576878865607
1121,151,229.96026490066225,347.27814569536423,20.80028710802421,9.824563085500163,0.8814227305165355
1122,25,228.4,479.96,6.727399133585195,4.947373131009746,0.6776261965497888
1123,14,228.5,587.2857142857143,4.20883424647321,4.120630029101703,0.2036532699906393
1124,78,229.1153846153846,255.80769230769232,11.280090849107305,8.987509639971899,0.6042976902236157
1125,33,229.9090909090909,11.212121212121213,8.022069569783376,5.721331646905505,0.7009616596584871
1126,59,230.3728813559322,210.08474576271186,12.753987809786569,6.1737250843571765,0.8750335185135534
1127,90,229.82222222222222,419.22222222222223,12.38907918582559,9.365030878064218,0.6546753577888752
1128,13,230.6153846153846,529.3846153846154,4.318667337728677,3.6794648440311994,0.523556754446835
1129,85,230.9294117647059,228.1529411764706,12.059846161071224,9.141386922231936,0.6522522839019377
1130,80,230.625,440.95,15.130232556371135,6.9560091137179345,0.8880523322096838
1131,129,230.89922480620154,496.8914728682171,18.552196315116152,9.218701171101134,0.8678042631811936
1132,24,231.25,510.3333333333333,5.9671762132448665,5.191181329489486,0.49312918087354485
1133,99,231.02020202020202,574.5858585858585,11.921114561667585,10.822018567113913,0.41939775152624287
1134,162,231.64197530864197,36.82098765432099,17.597025986054955,12.291854409688352,0.7155916516203605
1135,34,231.26470588235293,199.91176470588235,7.221730305701506,6.001058353083259,0.5563136876273382
1136,40,231.025,78.675,7.31634735686586,6.92611444849722,0.3222256889028982
1137,53,231.96226415094338,220.77358490566039,8.942632814295798,7.776202967298565,0.49381801461572905
1138,114,231.359649122807,237.53508771929825,16.02602659097927,9.120442786938447,0.8222669788329622
1139,51,231.19607843137254,471.11764705882354,8.762913714746611,7.526569718313764,0.5121235919853969
1140,92,232.82608695652175,23.543478260869566,12.064688473670204,9.843050141021227,0.5782549286702166
1141,4,233.25,50.0,2.8284271247461903,1.7320508075688772,0.7905694150420949
1142,123,232.4959349593496,182.390243902439,16.10915244843509,11.0170491201895,0.729575774212756
1143,120,232.04166666666666,461.5083333333333,14.126135971986944,10.85771892612414,0.6396981218127265
1144,41,233.8048780487805,6.7073170731707314,8.021510824911434,6.78718159799683,0.5329883161557865
1145,39,233.30769230769232,336.64102564102564,9.63527627257011,5.242355644446323,0.8390337128784954
1146,30,232.93333333333334,431.76666666666665,7.727561549863999,5.020880095910271,0.7601593660516515
1147,58,233.20689655172413,517.1379310344828,10.281986097524337,7.412599803705056,0.6930071240963182
1148,18,233.61111111111111,363.3333333333333,4.853406592853679,4.786813161897337,0.16508685218121663
1149,67,233.91044776119404,264.02985074626866,12.960258462195096,6.736591658849896,0.8542950587262674
1150,115,233.5391304347826,192.73043478260868,17.90135562668677,8.61886047873167,0.8764658000889047
1151,26,234.92307692307693,246.15384615384616,6.832469727739704,4.922255582867558,0.6935368707128627
1152,32,234.78125,252.28125,7.155319806769067,5.81120886415712,0.583445603239584
1153,90,234.48888888888888,425.23333333333335,13.426707482985119,9.619736411954708,0.6976252998566536
1154,56,236.03571428571428,438.1607142857143,12.065782642035785,6.1398291083747525,0.8608475777841684
1155,86,235.56976744186048,478.72093023255815,13.411910835578725,8.750093182489557,0.7578643846889406
1156,58,235.93103448275863,174.55172413793105,11.191532703826468,6.685780073575165,0.8019461810470861
1157,60,235.45,208.2,12.063746264688318,6.546196814019978,0.8399693618548078
1158,56,234.39285714285714,486.75,12.730774877952964,5.722210895929474,0.8932910982678206
1159,77,236.24675324675326,567.6233766233767,11.128818724305264,8.843323910081235,0.6070904222467927
1160,21,236.95238095238096,373.8095238095238,5.602338368222782,4.7002407233912535,0.5441647649087309
1161,77,237.1818181818182,522.3636363636364,13.970649543411268,7.032001884864385,0.8640878156725498
1162,14,236.5,547.2857142857143,4.20883424647321,4.120630029101703,0.2036532699906393
1163,49,237.42857142857142,503.1020408163265,9.23712253726186,7.118443319054113,0.6372776469227781
1164,18,237.22222222222223,495.77777777777777,5.900439563226915,3.893600082530547,0.7513683212892879
1165,70,239.14285714285714,231.84285714285716,12.230827283620641,7.640088061723765,0.7808981875503538
1166,161,240.0,355.8944099378882,19.633912214963814,11.88853708980843,0.795837429396625
1167,79,238.86075949367088,509.5189873417722,12.136622917848769,8.513969401444138,0.712659037646855
1168,79,239.21518987341773,199.46835443037975,11.718334620313826,8.714873504697623,0.6685184397350922
1169,37,238.9189189189189,224.05405405405406,7.537750205776256,6.485168705812036,0.5096890887383186
1170,25,239.8,5.92,5.982402637583357,5.301741099095248,0.4632594326811828
1171,106,239.91509433962264,15.5,14.123842235917765,9.79149810138812,0.7206873490138656
1172,74,240.35135135135135,27.10810810810811,13.400601073173986,7.518776428765274,0.8277632403290878
1173,13,239.76923076923077,377.15384615384613,4.706787243316417,3.508232077228117,0.6666666666666667
1174,100,240.43,216.17,14.279593976166126,9.088035864577126,0.771330195436055
1175,66,239.42424242424244,259.40909090909093,10.837632666928721,7.963200895250304,0.6783129802104837
1176,120,238.75833333333333,345.65833333333336,21.03375724668334,8.040242566741409,0.9240571994070321
1177,72,240.61111111111111,38.486111111111114,11.359195582760577,8.412375314299878,0.671969923526063
1178,166,241.7710843373494,47.72289156626506,17.192399639564393,12.702058219291642,0.6739047614294046
1179,75,240.70666666666668,245.2,12.034951733601151,8.347248588134468,0.7203758695542458
1180,52,242.05769230769232,253.32692307692307,9.530001576079464,7.213261465234717,0.6535303131523377
1181,35,241.94285714285715,499.0,8.426672211262677,5.515855766033815,0.7560004806357327
1182,106,242.5188679245283,181.0754716981132,15.693643702055533,8.741005009176453,0.8305276429504949
1183,71,242.81690140845072,206.83098591549296,10.56735894333324,8.894499377157409,0.5399523503857906
1184,111,242.54954954954954,490.81081081081084,16.485228566526988,9.37045655103724,0.8227417690041406
1185,66,244.34848484848484,237.86363636363637,12.787531782268726,6.683014712431544,0.8525659835818808
1186,50,243.82,265.3,9.499415969939651,6.7381522860540555,0.7048838007676591
1187,173,242.86705202312137,474.6242774566474,20.790988000570547,11.234352562313623,0.8414421442323098
1188,20,243.75,56.7,6.257452020932035,4.099304112374877,0.7555356295547354
1189,22,244.5,1.3636363636363635,6.4666979068286325,4.271760045262084,0.7507571935295483
1190,16,244.8125,584.1875,5.244535484642193,3.9204397139005818,0.6642297420901242
1191,102,244.97058823529412,460.6470588235294,12.45178171316857,10.492066843779476,0.5385153399693036
1192,49,245.9387755102041,28.591836734693878,10.00675536038259,6.413993773673024,0.7675689531344357
1193,64,246.21875,222.9375,9.745694095632729,8.70019089413269,0.4506087870913535
1194,28,245.5,504.0,6.1198217184652925,5.8289238769066065,0.30464400495850286
1195,98,246.8877551020408,526.7551020408164,13.996671263925478,9.052757527537395,0.762677199567737
1196,47,248.10638297872342,344.8723404255319,8.236697722709232,7.3435514364860515,0.452892751090795
1197,11,247.0909090909091,564.6363636363636,4.346129984141888,3.067356324605907,0.7084437526351621
1198,64,248.421875,258.234375,11.439503318037533,7.274008615379025,0.7717982222323473
1199,83,250.0843373493976,519.9156626506024,13.43782863463561,9.189677056472167,0.7296074251701551
1200,75,248.81333333333333,230.22666666666666,10.140348448976823,9.628107002128946,0.31381294037866087
1201,59,249.20338983050848,469.49152542372883,10.473052648987109,7.287644850336242,0.7181898142279454
1202,102,249.3921568627451,336.46078431372547,12.696548351053819,10.343071528093105,0.5799718926907551
1203,49,249.48979591836735,207.83673469387756,9.438611828153302,6.617444693458389,0.7130594279240274
1204,52,248.3653846153846,353.71153846153845,15.016179528427342,5.25949440194801,0.9366543231583743
1205,44,249.22727272727272,452.65909090909093,7.665789001328756,7.385778806184487,0.2678063871047042
1206,85,249.87058823529412,490.2,12.855276869784202,8.798316243004562,0.7290947107781949
1207,53,249.71698113207546,579.9811320754717,11.182253378622676,6.204845461789555,0.8319282076427925
1208,76,250.0921052631579,9.513157894736842,11.756939321140907,8.319544519521918,0.7065847467372298
1209,104,250.18269230769232,34.81730769230769,13.277199465757594,10.282258997230679,0.6326598427741
1210,80,249.6,247.9125,10.3014284610475,9.929656170377733,0.2662261067793051
1211,33,249.57575757575756,559.030303030303,7.501268194494131,5.525716844037368,0.6762876013395875
1212,188,250.27659574468086,197.0159574468085,20.030945313620588,12.176061619452877,0.7940422614008615
1213,125,251.136,54.088,14.078478890416006,11.64957476185766,0.5615040834145616
1214,62,251.61290322580646,539.5483870967741,10.994476856918402,7.142065227106404,0.7602720367470058
1215,99,251.82828282828282,175.03030303030303,16.674359881696137,7.613415137059154,0.8896751004562998
1216,53,252.9811320754717,42.679245283018865,9.489226036360403,7.335679232385884,0.6343408495427724
1217,19,253.73684210526315,495.7368421052632,6.155870112510924,3.932956145740927,0.76929374461065
1218,50,253.44,20.04,11.694612709757772,6.21874855326793,0.8468939517252014
1219,229,252.87336244541484,282.22707423580783,21.20600835163055,14.69162008309619,0.7211253632496363
1220,112,254.25,482.19642857142856,15.469038399417816,9.544186924959174,0.7869737819267679
1221,100,254.41,462.57,13.894042612270214,9.484069795632012,0.7307924484554221
1222,48,254.6875,155.27083333333334,8.785030533448694,7.02996875872122,0.5997047888198377
1223,65,254.96923076923076,298.8615384615385,11.62913217492305,7.262856440460429,0.7809929438267506
1224,56,255.42857142857142,183.76785714285714,10.149060000337315,7.155107315854168,0.7092053434965738
1225,36,255.27777777777777,453.47222222222223,7.257124401836998,6.52163141249638,0.438661685206324
1226,107,256.8130841121495,345.196261682243,13.85950484892034,9.908485178191352,0.6992027206140419
1227,99,257.09090909090907,163.91919191919192,13.904260854725138,9.161319175695539,0.7522430352999764
1228,58,258.1551724137931,546.7931034482758,10.721573062764586,7.015632244656372,0.7561941735816298
1229,42,258.07142857142856,589.9285714285714,8.17828550134419,6.473388749701496,0.611125493991227
1230,92,258.0108695652174,62.48913043478261,14.180686344211864,8.420472319813584,0.8046136778492752
1231,95,258.57894736842104,224.34736842105264,12.532743640675239,10.219433390926042,0.5788716277256324
1232,205,255.22439024390243,358.190243902439,22.562387779736984,11.921401417271829,0.8490111129737562
1233,80,257.6375,367.25,12.61068270040763,8.298685548304608,0.7529585859082348
1234,54,257.77777777777777,512.9629629629629,9.389721089761544,7.45745661190798,0.6076369443588981
1235,46,258.3478260869565,40.69565217391305,10.861645088806483,5.500824529256318,0.8622723379882286
1236,40,258.15,216.55,7.640179832691421,6.843073295247924,0.44472102807364394
1237,55,257.9818181818182,263.23636363636365,10.291276242491579,6.882752205973099,0.7434470347277331
1238,48,258.6041666666667,553.0,8.976893583986831,6.775576516971202,0.6559784245478749
1239,23,258.9130434782609,574.4782608695652,6.435222696846943,4.571011597802082,0.7038876425501764
1240,78,259.0897435897436,31.423076923076923,12.688260399214633,7.878233442667139,0.7838840035503524
1241,58,259.2931034482759,48.8448275862069,10.046431538364438,7.423106293387895,0.6738371456247255
1242,99,260.1111111111111,172.91919191919192,14.490942898221338,9.148243651177358,0.7755324646125178
1243,61,258.8032786885246,521.4754098360655,9.604469778909198,8.244862404770531,0.5129137567863392
1244,92,260.1630434782609,17.184782608695652,13.859733163051022,8.626378898826122,0.7826946831195811
1245,84,260.07142857142856,291.9047619047619,16.410686285142557,6.689419449155047,0.9131490519610134
1246,159,260.35849056603774,308.37735849056605,20.515066510003454,10.413098844939265,0.8616028702361224
1247,83,259.95180722891564,437.0120481927711,11.301040136892327,9.541603078786016,0.5358519892938451
1248,59,259.6949152542373,491.52542372881356,10.465598630286198,7.240808196538116,0.7220244305611674
1249,61,261.8196721311475,55.721311475409834,9.945687128705671,8.132651026859328,0.5756356541259615
1250,103,258.9611650485437,581.9805825242719,13.783907172480717,9.562921527790667,0.7201924202711282
1251,104,260.5192307692308,8.048076923076923,13.339123246795108,9.92403295339474,0.6682025497549055
1252,42,261.42857142857144,24.428571428571427,8.246074633133123,6.534227628099502,0.609995835847837
1253,73,261.0821917808219,69.72602739726027,11.134389560133942,8.862952213983213,0.6052992052032901
1254,171,261.1812865497076,148.33333333333334,15.955895185357393,13.844392278291043,0.4971470810155535
1255,33,261.27272727272725,158.57575757575756,7.651271247303284,5.564532062885979,0.6863525796469596
1256,84,261.6309523809524,240.64285714285714,12.20673821944984,8.778456679793479,0.6948564810684916
1257,45,261.4222222222222,457.6666666666667,8.897942919056373,6.594344337484456,0.6713848798542928
1258,55,261.4909090909091,465.41818181818184,9.795802620392342,7.181238396447513,0.6801279620513891
1259,68,261.69117647058823,336.0882352941176,9.692928456723793,9.13539503421193,0.33426143403461006
1260,157,261.4076433121019,477.7515923566879,22.484532750606146,9.054525361839747,0.9153319430071655
1261,64,262.515625,507.125,12.662135904640996,6.51278804218296,0.8575794886897522
1262,181,263.0718232044199,135.92265193370164,18.287297181577237,13.26249368048431,0.6885068434706976
1263,87,262.17241379310343,250.02298850574712,12.39444314056142,9.127923465527688,0.676488833195372
1264,126,262.73809523809524,448.6031746031746,14.409152121286679,11.444716045837811,0.6075686876772275
1265,29,262.7931034482759,516.6206896551724,6.426872883207248,5.788046998637297,0.43464716750129406
1266,31,263.0,563.0,7.326487518234008,5.279296140768718,0.6933752452815365
1267,32,264.09375,487.3125,8.438908267005422,4.856099490441641,0.8178428217657256
1268,45,263.44444444444446,573.6666666666666,10.60989528066586,5.5460361696469915,0.8525025965991939
1269,70,264.6142857142857,42.32857142857143,12.543462053677667,7.674416052623471,0.7909923902990404
1270,222,263.4189189189189,192.7072072072072,20.093933336315434,14.620123319834596,0.6860133809029101
1271,105,263.8857142857143,375.43809523809523,15.810483404181422,8.623679235166808,0.8381494937591296
1272,47,264.78723404255317,349.40425531914894,8.375707211948882,7.172491300875727,0.5164048758796005
1273,42,264.3333333333333,364.54761904761904,9.986051975190959,5.788983161098993,0.8148250846227846
1274,78,264.2435897435897,591.1923076923077,14.54909596405935,6.966082470437486,0.8779249308516915
1275,123,264.7154471544715,257.6991869918699,15.779229936239378,10.861105787428752,0.7254104135000886
1276,88,265.52272727272725,215.875,12.506647744621022,9.679314753265976,0.633266770446062
1277,79,265.73417721518985,278.1518987341772,13.15418968073521,8.066131098500598,0.7899287559429705
1278,122,266.3524590163934,327.9918032786885,14.729455466395871,10.61109855568129,0.693558904271583
1279,18,265.55555555555554,521.1111111111111,5.132946212902185,4.480247343827445,0.4880042003142554
1280,29,266.7586206896552,12.379310344827585,6.446830043171137,5.792146841558894,0.4390782604587036
1281,54,266.6666666666667,549.574074074074,8.732353084848535,7.9227097143242915,0.4205220100887899
1282,53,267.0188679245283,231.73584905660377,9.727936314313817,7.075059597473473,0.6863271451888583
1283,61,267.4590163934426,28.918032786885245,10.10308514432358,7.844170000966641,0.6302240377858516
1284,30,267.6333333333333,533.6333333333333,6.491019437140312,5.793482928640115,0.4509717590117593
1285,46,267.9130434782609,50.30434782608695,8.274871416169237,7.139114562189468,0.5056370734081641
1286,130,267.9923076923077,183.3923076923077,20.1284731893044,8.565380931365898,0.9049417079303937
1287,66,268.6969696969697,36.303030303030305,9.850841685942958,8.938748810181878,0.42024722057234964
1288,152,268.79605263157896,267.49342105263156,16.46235624711243,12.200448253916013,0.6713815154817308
1289,142,268.3098591549296,287.7676056338028,15.504139185580225,12.280016917966618,0.6104592773051009
1290,77,268.4155844155844,307.6363636363636,11.92441766364871,8.53072976034603,0.6987150179882061
1291,28,268.4642857142857,466.0357142857143,6.581075917295387,5.458157251959786,0.5586974157522793
1292,28,268.14285714285717,570.5,6.546536707079771,5.421047417431507,0.5606119105813882
1293,67,268.6865671641791,317.13432835820896,10.33026569509385,8.283664196071445,0.5974811236943395
1294,152,269.8355263157895,476.3486842105263,22.323287229467045,9.707733996575913,0.9004931128284934
1295,52,269.4423076923077,246.07692307692307,9.650125776999621,7.143867006159682,0.6722904811054835
1296,27,269.48148148148147,448.9259259259259,8.591732903136794,4.0752135865530175,0.8803535839273136
1297,105,269.9428571428571,60.285714285714285,13.678753798978615,10.218097554641956,0.6648184128000117
1298,84,270.64285714285717,69.83333333333333,12.568498082794312,9.067208050910011,0.6924942911232498
1299,44,270.5,3.0681818181818183,8.50298465147971,6.577327381830317,0.6337577241804421
1300,101,270.7524752475247,20.257425742574256,11.831892005191888,11.090331387804778,0.3484556430040023
1301,161,270.7080745341615,127.2111801242236,16.760588092328128,12.440642330484147,0.6701167440815712
1302,113,270.8407079646018,459.30973451327435,13.595338740148597,11.047170365870913,0.5828630044615966
1303,71,270.6056338028169,492.2957746478873,15.072245329155544,6.110128435468071,0.9141441009684685
1304,54,271.1111111111111,555.925925925926,9.399886751274803,7.400284731766706,0.6166035480254732
1305,158,271.5189873417722,174.56962025316454,16.40315765034071,12.621758804533872,0.6386814078168138
1306,65,272.12307692307695,200.7846153846154,11.061775749694176,7.539039545159441,0.7317811218578462
1307,93,271.19354838709677,299.36559139784947,13.308364090457669,9.224738100438842,0.7207900766659465
1308,126,271.015873015873,368.0238095238095,15.6473489701478,10.964795198674192,0.7134122330123068
1309,31,271.48387096774195,383.2903225806452,6.682906270558153,5.906710763289614,0.4677636309113802
1310,25,271.04,594.0,6.469308549127987,4.903309789945925,0.6523310850260117
1311,45,272.15555555555557,220.6888888888889,9.335944461226848,6.151233362593657,0.7522512251245448
1312,102,272.65686274509807,238.42156862745097,13.878867153825967,9.603033970771438,0.7219763731285901
1313,148,271.7432432432432,353.0945945945946,20.331866975951886,9.52441745504816,0.8834911998060975
1314,53,272.60377358490564,544.8867924528302,8.57366514667909,8.009534525246195,0.35674466276364536
1315,25,272.96,11.96,6.227418388035057,5.265744032932369,0.5338579873588271
1316,12,273.0,27.416666666666668,5.520940733088538,3.277412949865491,0.8047358499954396
1317,137,272.82481751824815,104.9051094890511,15.583091031700949,11.222016038842666,0.6938281928578086
1318,59,272.8305084745763,208.89830508474577,10.598751567402207,7.091938717513029,0.7431457043596273
1319,53,272.92452830188677,228.8490566037736,11.062609866259733,6.618496370294978,0.8012899408595929
1320,39,273.15384615384613,389.8205128205128,8.127600965447515,6.269319278550948,0.6363971112793598
1321,12,273.0,538.5,4.47213595499958,3.265986323710904,0.6831300510639732
1322,34,273.29411764705884,564.6176470588235,7.8867085380710185,5.5269551544958615,0.7133640580947053
1323,59,272.8135593220339,584.457627118644,9.329481802335332,8.145058722637383,0.4876394035977543
1324,125,274.944,46.608,15.176428662364854,11.033005622048353,0.6866554589190832
1325,57,274.3859649122807,469.7543859649123,10.426184821580394,7.163404807420519,0.7266015686527318
1326,88,275.5568181818182,254.54545454545453,13.445321885534074,9.431690753452353,0.712684281779766
1327,12,275.4166666666667,523.75,4.418071998329191,3.371873174730685,0.6461621652955031
1328,43,275.5348837209302,516.7209302325581,9.707566379006003,5.659725238273198,0.8124563315762753
1329,172,276.2674418604651,116.86046511627907,15.781004298754263,14.560755787719652,0.38557590808791303
1330,77,276.8831168831169,272.7142857142857,11.617476502411387,8.674663705239668,0.6651712079304977
1331,153,276.5098039215686,449.81045751633985,19.63361709077718,10.162581057301967,0.8556159157595802
1332,53,275.7169811320755,309.1132075471698,10.070858322133155,6.820932844286956,0.7357123845376282
1333,108,277.787037037037,34.99074074074074,12.403485825917043,11.563858021566826,0.3616676002247415
1334,83,279.421686746988,244.97590361445782,12.096106426627935,9.138079805777982,0.6551990375080009
1335,90,278.02222222222224,359.5111111111111,12.866125224191437,8.976986047975583,0.7163680656513385
1336,125,277.24,434.584,15.326657699722933,12.929155724776606,0.5370144053820792
1337,33,279.969696969697,251.12121212121212,9.215965309968086,4.686974303897065,0.8610199534510499
1338,65,278.66153846153844,263.26153846153846,11.8706029511785,7.097663905310706,0.8015562237991132
1339,194,278.5515463917526,284.29896907216494,20.19330710568379,13.117823873592156,0.7602655153291411
1340,33,278.3939393939394,561.4848484848485,6.683175152528593,6.227991553292183,0.36273812505500624
1341,102,279.2647058823529,59.80392156862745,13.259606434124366,10.546605882993337,0.6060932656452485
1342,13,279.38461538461536,88.15384615384616,5.376796813410203,2.9933056162892875,0.830708276629804
1343,157,277.21656050955414,320.38853503184714,16.859707135066657,12.350449105252688,0.6807214837647568
1344,59,279.40677966101697,9.152542372881356,9.418206706620067,8.147346528555765,0.5016624376687414
1345,38,279.5263157894737,586.3684210526316,8.280989320689923,5.856195178168354,0.7070281013284349
1346,85,279.90588235294115,222.27058823529413,11.68993179097455,9.584757213770729,0.5724844455361513
1347,16,280.9375,3.8125,5.190457315814832,4.053905876152564,0.6244927834819298
1348,106,282.0188679245283,230.6509433962264,14.064143366943263,9.88707040214171,0.7111914213627294
1349,32,279.6875,519.375,7.887930183762404,5.1930778365137185,0.7527054063902836
1350,59,281.6101694915254,571.1525423728814,14.43736589694815,5.5856380038408435,0.9221268764669128
1351,195,283.3333333333333,390.6307692307692,26.827042525361346,9.72029027976333,0.9320491808618607
1352,36,280.69444444444446,478.27777777777777,9.378900027502908,5.030689735252765,0.8439742019533274
1353,23,281.17391304347825,597.0,5.405311397537409,5.360360002581718,0.12869789041755736
1354,108,280.8611111111111,25.90740740740741,12.88031846868542,11.089856324227906,0.5086178185922438
1355,50,282.3,311.16,9.483660167193813,6.931853275508754,0.6824567840094269
1356,52,281.1923076923077,578.4230769230769,11.388548872519946,5.902993586007825,0.8551824428239555
1357,38,282.3421052631579,457.94736842105266,9.622480888138096,5.449907372266187,0.8241494589498922
1358,155,282.10322580645163,168.85806451612902,16.785887905755676,12.325132420047293,0.6788731061458141
1359,124,282.73387096774195,330.13709677419354,13.447133542156317,11.943362269854662,0.4595119022462291
1360,246,282.5650406504065,370.2723577235772,25.144776120785078,12.665085422918748,0.8638864878162013
1361,143,282.2027972027972,469.53146853146853,17.352912547644042,10.908059924389494,0.7777278807178177
1362,96,283.71875,51.71875,12.528234988857367,9.90851879599755,0.6119518366919598
1363,7,284.0,432.7142857142857,3.0237157840738176,2.799416848895061,0.377964473009227
1364,69,284.04347826086956,41.333333333333336,11.8724228757883,7.61899899835192,0.7669229534198725
1365,178,284.6123595505618,95.17415730337079,17.81448364055336,13.18927161225136,0.6722018980865786
1366,216,284.037037037037,136.99074074074073,19.004808866891434,14.569674045718868,0.6420880292975827
1367,56,284.05357142857144,537.0892857142857,9.784188206944686,7.5277898691952085,0.6387875368006475
1368,42,283.14285714285717,590.8333333333334,9.343952972741612,5.783024927346706,0.7854653679165254
1369,31,284.4193548387097,210.3548387096774,7.497870640557573,5.362842867380315,0.6988699272713148
1370,49,283.9183673469388,237.9387755102041,8.520162805930836,7.454311445165968,0.4842991595119514
1371,217,284.2718894009217,301.4009216589862,20.563079169708704,13.60484541027013,0.7498435491387696
1372,25,285.24,1.72,6.287202746693122,5.174464380201535,0.5680191288640397
1373,130,285.2307692307692,442.5769230769231,15.944842953316314,10.425553256728008,0.7566232394870634
1374,155,282.86451612903227,69.24516129032259,18.067734180047864,11.505609151754133,0.7710255513884291
1375,42,285.6666666666667,485.2142857142857,7.884089952279222,6.796013303855718,0.5069238556407234
1376,85,286.01176470588234,271.52941176470586,12.180534486177425,9.059005634795136,0.6684822584248568
1377,105,286.6666666666667,82.87619047619047,13.006840437048927,10.316838592053832,0.6089799644784573
1378,61,286.3114754098361,197.70491803278688,11.9202697484114,6.519410092850033,0.8371861806303807
1379,78,285.7692307692308,260.5,11.317605304386118,9.045936653406587,0.6009586743258226
1380,88,287.21590909090907,11.522727272727273,12.269701284132603,9.23286264991548,0.6586004030000752
1381,94,287.29787234042556,287.9468085106383,14.172911727226431,8.518055760666659,0.7992418167774776
1382,27,287.22222222222223,75.62962962962963,8.763909707746514,4.026037232528251,0.8882355692382264
1383,60,287.81666666666666,319.5,9.912951753810686,8.090876121626787,0.5777801717708447
1384,37,287.7027027027027,463.56756756756755,8.186722756294278,6.02055730988866,0.6776277762160295
1385,82,287.9512195121951,455.0243902439024,12.043508579700424,8.750134110757303,0.687120363257653
1386,101,289.23762376237624,216.34653465346534,13.873155141171083,9.554318539737409,0.7250548684879191
1387,70,288.5,570.8571428571429,12.239383876516094,7.5696448489743835,0.7858114268808417
1388,74,289.4189189189189,22.675675675675677,10.994693234087784,8.588421658012225,0.6243528377190161
1389,58,289.51724137931035,431.08620689655174,10.155035187986952,7.300912419821255,0.6950668999609312
1390,67,289.74626865671644,512.9104477611941,9.965733169493705,8.552059139431043,0.5134048765830467
1391,100,289.84,34.13,14.182697529818855,9.256948243220881,0.7576224455707729
1392,40,290.3,471.5,8.148619514985345,6.209669878504008,0.6475161066983083
1393,69,291.1014492753623,45.81159420289855,9.94346669065659,8.88513227880353,0.4489341450515204
1394,87,291.2528735632184,58.10344827586207,11.18093903317861,10.009148893786449,0.44566960877273926
1395,112,291.5,245.60714285714286,16.551412411058685,8.856551377432037,0.8447929118467438
1396,204,291.0637254901961,385.12254901960785,22.031380578178265,12.141294899236842,0.8344451704490967
1397,58,291.2758620689655,207.60344827586206,10.103025073664568,7.380453645522025,0.6828921730114025
1398,60,291.5,229.3,10.210026340988708,7.601449123883113,0.6676132299493509
1399,31,291.4193548387097,341.0967741935484,7.63171507433754,5.3478778064250685,0.7134129117532629
1400,49,292.2040816326531,369.0408163265306,10.060336453735129,6.205219507655591,0.7871196043834646
1401,71,292.5774647887324,70.16901408450704,12.676711952859629,7.202407219778977,0.8229177520705839
1402,95,293.61052631578946,267.1578947368421,13.339908135354603,9.30986329337913,0.7161994979753876
1403,9,292.8888888888889,559.3333333333334,3.885753375057407,2.7954428906961324,0.6945875203623408
1404,81,292.41975308641975,4.135802469135802,11.271347303137627,9.738081169620797,0.5035470532896311
1405,84,293.4047619047619,179.51190476190476,11.06550561139781,9.70407636180687,0.4805517393878468
1406,26,294.88461538461536,82.65384615384616,6.78927846358518,4.8124978767497595,0.7053714156435726
1407,100,292.64,327.87,12.761900087731131,10.185769786853035,0.6024733895527244
1408,31,294.0967741935484,336.1290322580645,7.00419960367256,5.617580696874642,0.597283273784917
1409,111,294.54954954954957,238.19819819819818,16.56074370654979,8.72771814662901,0.8498575618932694
1410,10,293.8,363.0,3.9191835884530852,3.0983866769659336,0.6123724356957946
1411,31,294.16129032258067,597.2258064516129,7.514882259669918,5.288848081592643,0.7104147876067926
1412,30,294.93333333333334,51.96666666666667,6.907654197588928,6.169448213925605,0.44979430736771914
1413,165,295.08484848484846,279.4727272727273,16.472725903270288,12.935777265217027,0.6191350130437305
1414,54,295.0740740740741,544.5370370370371,9.863098554629643,6.9454429061287115,0.7100168557906356
1415,215,295.1674418604651,255.58139534883722,23.870928633700068,11.826103865312513,0.8686543243383456
1416,63,295.8412698412698,289.46031746031747,9.910733344582738,8.115231457239764,0.5740323936069786
1417,111,295.7117117117117,464.3243243243243,13.142698962954597,10.87707568931118,0.5612983332500766
1418,56,295.8392857142857,573.0535714285714,10.186311931679427,6.994478014828063,0.7269838037220945
1419,56,296.39285714285717,496.9107142857143,9.01343869829733,7.884223744702197,0.4846309164933581
1420,122,296.78688524590166,442.40983606557376,16.167316795915404,10.133071670112031,0.7792101614843177
1421,181,297.7790055248619,14.104972375690608,20.36818482081796,11.829464445153626,0.8140595046131232
1422,23,297.0,34.17391304347826,5.40531139753741,5.36036000258172,0.12869789041755691
1423,142,297.26056338028167,131.64788732394365,14.10872607406899,12.979421099345164,0.3920193184060158
1424,254,297.751968503937,163.14173228346456,23.03659009686178,14.311837468875895,0.7836001805868987
1425,62,297.30645161290323,561.1612903225806,12.825680719497129,6.141018791066969,0.8779204822844796
1426,53,297.6792452830189,582.188679245283,8.95360913465526,7.535712285345903,0.5400395652806717
1427,97,297.2783505154639,378.1443298969072,14.425056418651415,8.576787283504236,0.8040396740775182
1428,59,297.91525423728814,517.5084745762712,10.871651615460207,6.898509812485427,0.772889117546794
1429,54,297.4259259259259,39.77777777777778,10.299447249817643,6.722471237899269,0.7576146245543077
1430,36,298.52777777777777,45.583333333333336,7.80219988592867,6.06465150916926,0.6291298781520848
1431,44,298.04545454545456,77.72727272727273,7.816338769184963,7.251951369015048,0.3730931434528518
1432,239,299.10878661087867,90.77405857740585,19.212579257365242,16.72258090147748,0.49234966920613354
1433,76,298.5263157894737,210.25,11.502093477301406,8.544387326233212,0.6694523812833514
1434,37,298.64864864864865,324.13513513513516,7.899568834722574,5.971079309496197,0.6547170214808032
1435,130,296.10769230769233,453.1461538461538,21.756761086102365,7.896971800019873,0.9318022541041172
1436,162,299.8024691358025,345.61728395061726,16.22387980683284,12.838622567246148,0.6113749219509962
1437,153,300.51633986928107,66.41176470588235,15.281457401006298,13.286997358218446,0.49395941784462416
1438,55,300.3636363636364,509.0,8.723797387525147,8.235048287559353,0.3300164277425995
1439,33,301.1212121212121,139.21212121212122,8.25878121932883,5.133486115209109,0.7833513736541701
1440,232,300.94827586206895,221.90086206896552,22.137114030661067,13.722239142297731,0.7847007275177688
1441,25,301.68,386.48,5.986651818838307,5.524056480522263,0.38544964466377235
1442,57,301.3859649122807,50.73684210526316,11.02093925549483,6.5717359157759265,0.8027650578775275
1443,90,301.8666666666667,333.76666666666665,11.870186158610856,9.779162228598961,0.5668189824999722
1444,137,302.1824817518248,147.38686131386862,15.979330704708628,11.316774116250551,0.7059985541016939
1445,82,300.0243902439024,485.0731707317073,19.847156012613798,5.703665675440869,0.9578168017718942
1446,131,303.08396946564886,104.41984732824427,16.90243673396582,10.07379473089298,0.8029869609378767
1447,126,303.55555555555554,232.3968253968254,16.54102571434075,10.04514431712077,0.7944827929672283
1448,59,303.3728813559322,395.4237288135593,9.735681784193718,7.701010002993701,0.6118047664058803
1449,42,303.73809523809524,502.76190476190476,8.131367065304426,6.652615040932597,0.5750158604237144
1450,66,303.59090909090907,570.2121212121212,10.582001977151094,7.985933684833849,0.6561030088264621
1451,75,302.46666666666664,203.01333333333332,14.40178293088308,6.7474459011912415,0.8834557419492333
1452,46,304.1304347826087,585.5217391304348,8.537692270810338,6.804873136334785,0.603927925797008
1453,45,304.24444444444447,454.02222222222224,10.52946848229136,5.640105256783187,0.8444403702934741
1454,44,303.95454545454544,185.1590909090909,12.20745908451296,4.670401850349037,0.9239199213059665
1455,64,306.28125,211.03125,10.13775054226886,8.120638148737292,0.5986247554076185
1456,172,305.1918604651163,270.0348837209302,17.798480453513218,12.748044293032745,0.697850543336909
1457,112,304.86607142857144,366.3125,13.56029037651669,10.555183193648874,0.6277820461291619
1458,32,305.15625,512.75,7.69028504165605,5.288562278926211,0.7260007369978722
1459,93,306.1720430107527,196.7741935483871,12.51014553455457,10.073513701303222,0.5929659437424039
1460,110,306.1090909090909,378.6909090909091,15.309713192049557,10.182116277795059,0.7467760586950768
1461,161,306.54037267080747,17.428571428571427,22.739805472315478,9.46840419735885,0.9091906011973282
1462,31,306.741935483871,430.80645161290323,7.182762967948263,5.60251238949731,0.6257869280929333
1463,54,307.77777777777777,574.7037037037037,11.904457499055773,6.2135032623891595,0.8529775387905513
1464,26,307.5769230769231,475.11538461538464,7.638847990013477,4.309417397809591,0.8256757796200048
1465,134,308.13432835820896,327.82089552238807,17.524151888080198,10.011071033663368,0.8207602612429282
1466,79,308.1392405063291,354.2278481012658,12.306120192785759,8.269255607581291,0.7405848547497608
1467,89,307.9438202247191,130.86516853932585,11.895576165288135,9.593828073624044,0.5912288276116616
1468,39,308.5128205128205,313.1025641025641,7.783369831165543,6.3299863128505045,0.5818855858302494
1469,183,308.4972677595628,445.7704918032787,17.87387171507542,13.40128257216587,0.6616991800048337
1470,31,309.0967741935484,532.3225806451613,6.408491563693642,6.176464819609169,0.26664844989146896
1471,247,309.9068825910931,80.76518218623482,22.354945782934863,14.416470622360933,0.7642757917353779
1472,32,310.34375,581.0,6.6332495807108,6.13264828601804,0.38110559858486376
1473,17,311.11764705882354,39.588235294117645,5.181899763382574,4.041201040002321,0.625943231252129
1474,61,310.95081967213116,501.0,9.545000574842113,8.122131422861598,0.5252784090174752
1475,138,311.10869565217394,343.6014492753623,17.503206968610456,10.135744371872065,0.8152712402812556
1476,132,312.0681818181818,149.6590909090909,15.683104629505884,10.97035865981029,0.7146309145471497
1477,57,311.03508771929825,161.56140350877192,9.920519927930727,7.328968962436527,0.6739591266675585
1478,42,311.9761904761905,319.9047619047619,8.074577767214773,6.5740723635575815,0.5806277168168041
1479,60,312.1666666666667,370.3333333333333,10.938194646445979,7.099319849176045,0.7607547508474461
1480,40,311.7,538.35,9.10649440554276,5.592115846602109,0.7892438062423678
1481,103,312.5339805825243,183.3398058252427,16.30952792645031,8.09994222880361,0.8679573913630183
1482,135,312.63703703703703,4.911111111111111,14.300901643571374,12.595336883969328,0.47360519887890706
1483,121,313.504132231405,385.8512396694215,14.317762697728343,11.700224691654128,0.5763790507144703
1484,88,313.17045454545456,424.75,12.763240015671768,8.831673942856666,0.7219341601249961
1485,28,313.5357142857143,567.3214285714286,7.0813234412696895,5.088779288459563,0.6954031724245331
1486,41,313.7560975609756,14.951219512195122,7.921708494973815,6.630532755502377,0.5471907717989436
1487,128,314.8203125,206.5234375,13.702027883123481,12.08735046505671,0.47095398452495374
1488,34,314.20588235294116,493.97058823529414,7.886458384983933,5.503471923037361,0.7162554340088787
1489,102,314.921568627451,47.76470588235294,14.981499959387877,8.899318688262909,0.8044498733063417
1490,152,314.3421052631579,121.53947368421052,16.320883788415312,12.163131659059847,0.6667856292205467
1491,28,315.32142857142856,561.6428571428571,6.8114218077535265,5.201299121248113,0.6456726687064374
1492,48,315.0416666666667,596.5625,10.65863939607562,5.969628278207976,0.8284424900330631
1493,175,315.3257142857143,136.62857142857143,18.181293501944616,12.969582438805144,0.7008103693384885
1494,86,314.3837209302326,194.2325581395349,13.250656171756177,8.517496555808098,0.7660356440709012
1495,14,315.5,294.7142857142857,4.20883424647321,4.120630029101703,0.2036532699906393
1496,162,315.14814814814815,436.11728395061726,15.940958355015793,13.08022821358542,0.5715860241172591
1497,46,315.8478260869565,546.3695652173913,8.800730645424249,6.6718148686592125,0.6521408353509124
1498,43,315.3953488372093,552.8139534883721,8.772575644135499,6.2197240184254765,0.7052121601179371
1499,169,316.06508875739644,69.55621301775147,16.293941088457014,13.411062457237596,0.5679391956415833
1500,119,317.1848739495798,273.4201680672269,14.936582672833094,10.342744456752076,0.7214717926005794
1501,78,318.3974358974359,163.55128205128204,12.509264787075201,7.963069175054861,0.7712158605585171
1502,167,317.6467065868263,357.79041916167665,16.745922951450112,12.780504080630482,0.6461612263099233
1503,82,317.8414634146341,21.26829268292683,12.723381614069392,8.303732124979424,0.7576719208404138
1504,42,318.04761904761904,325.3809523809524,7.707899996070077,6.924181303293388,0.4393362958599346
1505,40,318.175,482.425,7.931720251395554,6.395921657869304,0.5914078757153504
1506,38,318.13157894736844,575.578947368421,7.867333304151355,6.176519085296412,0.6193890510016655
1507,277,318.7509025270758,221.69675090252707,21.882688421001824,16.75857569703155,0.6430345731878929
1508,71,317.98591549295776,379.50704225352115,14.358008033275489,6.473019069784447,0.8926098909075093
1509,133,318.42105263157896,337.3609022556391,17.080115939755796,10.029065264734676,0.8094579706171046
1510,10,319.3,511.3,4.0,3.149603149604724,0.6164414002968978
1511,22,319.5,111.72727272727273,5.752469825293227,4.851514205136848,0.537318610054862
1512,43,319.48837209302326,587.2558139534884,9.578267485182812,5.66902185108764,0.8060385992774238
1513,82,319.6585365853659,33.90243902439025,13.667022517668327,7.630140183870853,0.8296469480228094
1514,40,319.35,152.2,8.681477620809018,5.901859564526437,0.7333771437277414
1515,68,321.44117647058823,197.11764705882354,11.394761057115367,8.058624409392857,0.7069916572765088
1516,51,320.88235294117646,428.1372549019608,8.614841372496931,7.6136400402608295,0.46789926777595275
1517,11,320.6363636363636,598.0909090909091,4.346129984141888,3.067356324605907,0.7084437526351621
1518,59,321.96610169491527,49.96610169491525,9.065162396011639,8.819640564735773,0.23115939475933517
1519,83,320.72289156626505,57.48192771084337,11.958542354315872,9.035426484975918,0.6550765353935064
1520,27,322.0740740740741,543.4074074074074,6.421500681256117,5.2654105708259085,0.5724125976557588
1521,33,322.1515151515151,561.2727272727273,6.860031574732313,6.138860235732638,0.446319928878929
1522,76,322.38157894736844,79.46052631578948,12.080958652611574,8.253297524526142,0.730263321622303
1523,23,322.9130434782609,304.3478260869565,7.156138677580158,4.0371011683506755,0.8256756092959333
1524,98,321.8061224489796,187.96938775510205,14.518051500364392,8.771334072749386,0.7968573894482605
1525,162,323.0,371.91358024691357,17.873916489370913,11.624098448229624,0.7596444300370131
1526,118,322.9237288135593,418.3474576271187,13.715493772913641,11.094181538258427,0.5879744712987784
1527,88,322.64772727272725,492.64772727272725,15.240193448983412,7.369591834209836,0.8753096259018172
1528,68,323.61764705882354,3.735294117647059,10.240868151169128,8.671437231659983,0.5319937908339192
1529,146,323.74657534246575,13.136986301369863,16.183013940516837,11.662551506956657,0.6932821917303057
1530,101,324.03960396039605,145.1881188118812,13.368345933305692,10.014987410202098,0.6623926873512213
1531,53,323.22641509433964,315.188679245283,10.362717185932471,6.539988065354121,0.7756954175585399
1532,54,324.7037037037037,167.88888888888889,10.294330824395415,6.862304624336429,0.7454066073733904
1533,121,325.2314049586777,180.1900826446281,16.99301054616882,9.85436466925856,0.8146827273611811
1534,29,324.51724137931035,506.1034482758621,8.627842650374282,4.26754454367489,0.8691066409151231
1535,83,325.1807228915663,66.49397590361446,13.273260961115533,8.273694284403863,0.7819545376205337
1536,86,325.7093023255814,463.7674418604651,15.705129429144531,6.97279476881549,0.896035704635161
1537,29,325.62068965517244,556.6206896551724,6.5362921439170165,5.764075497520537,0.47151679950864456
1538,42,325.5238095238095,565.8333333333334,9.166771530480379,6.101726860736318,0.7462771781478768
1539,50,325.58,572.56,8.325723558084725,7.6708752586880875,0.3887426508624955
1540,112,325.73214285714283,389.64285714285717,15.266077273732519,9.504185274585721,0.782564973089232
1541,35,326.37142857142857,498.7142857142857,7.29548997634189,6.302340793267435,0.5037181454148189
1542,20,326.6,542.05,5.312338211299225,4.93751584592598,0.36896559615151814
1543,189,326.7883597883598,128.95767195767195,18.0804720636831,13.995157219195345,0.6331266484541825
1544,82,326.8658536585366,325.5975609756098,11.666892661926235,9.113350511991381,0.6243694223127625
1545,56,327.0357142857143,32.67857142857143,9.2780656709853,7.943624542629884,0.5166901157601251
1546,20,327.85,195.7,5.417931635581434,4.7377227432771845,0.4851115200357211
1547,117,328.1623931623932,334.20512820512823,14.538515503042909,10.62401592550649,0.6826454918805832
1548,43,327.6744186046512,547.3953488372093,8.475692898609688,6.531725739632769,0.6372682010103388
1549,15,328.1333333333333,301.53333333333336,4.618802153517007,4.061745656460751,0.47609522856952347
1550,151,328.80132450331126,42.0728476821192,18.168865753741496,10.770807514026867,0.80533740084173
1551,62,329.33870967741933,58.54838709677419,10.418657202450456,7.714532847905104,0.6721074161209066
1552,73,328.75342465753425,343.73972602739724,10.27595664668,9.124261807914653,0.4599914475596333
1553,123,328.9186991869919,408.0243902439024,15.581461710042383,10.250378302979133,0.7531425994928787
1554,32,329.09375,423.96875,6.806573550121816,6.042706885724485,0.4602773890634647
1555,14,329.5,293.2857142857143,4.20883424647321,4.120630029101703,0.2036532699906393
1556,73,330.1232876712329,579.068493150685,10.31022439990726,9.0967509173416,0.4706802269747398
1557,121,329.9669421487603,79.83471074380165,15.821257657188962,10.435641517250005,0.7516201471903592
1558,39,330.4102564102564,190.05128205128204,7.893371396948461,6.387941695174355,0.5874241170120265
1559,175,329.4114285714286,205.29142857142858,18.783039182985775,13.676210921628478,0.6854550860103665
1560,126,330.0079365079365,214.55555555555554,17.50886520155996,9.36009994867811,0.8451102601659862
1561,56,330.35714285714283,49.94642857142857,10.455326112343403,7.073046911992321,0.7364409803376877
1562,70,329.95714285714286,174.3,12.01186391907847,7.684122424482758,0.7686154668167087
1563,57,331.57894736842104,494.29824561403507,9.46947369159719,7.684513771663632,0.5843471587717473
1564,70,331.77142857142854,137.62857142857143,14.11258349645858,6.473484955080083,0.8885896245735114
1565,102,333.45098039215685,28.137254901960784,15.796373752853162,8.33239609153242,0.8495625406505165
1566,108,334.6203703703704,66.35185185185185,15.40276183309556,9.401816831727352,0.7920947782907042
1567,66,332.8636363636364,570.1969696969697,9.94819588170123,8.470625047192206,0.5243976536453528
1568,44,332.79545454545456,165.52272727272728,8.208696622255562,6.791276168377714,0.5617206349797003
1569,77,333.05194805194805,3.0779220779220777,12.216443361196818,8.294576696807747,0.7341676702973666
1570,36,334.0833333333333,35.69444444444444,7.2625536176728875,6.52221324150862,0.4398717576262686
1571,50,335.26,442.38,10.278412923461882,6.381397008086224,0.7839259661262604
1572,65,333.4769230769231,145.44615384615383,10.240852420422295,8.185871486835646,0.6008856812219138
1573,21,335.1904761904762,538.952380952381,5.602338368222781,4.7002407233912535,0.5441647649087307
1574,155,335.7741935483871,118.81935483870967,16.823424793590718,11.987988068188674,0.7015937623515361
1575,66,336.469696969697,181.33333333333334,10.601860733508001,8.37685592539534,0.6129383613184405
1576,74,334.68918918918916,10.121621621621621,12.842198098091039,7.738877162778689,0.7980334694054131
1577,40,336.35,339.975,7.982645071332114,6.4735907860427115,0.5851042116606586
1578,21,336.3333333333333,407.5238095238095,6.830789326621606,3.967864071919067,0.8139897096606163
1579,29,336.48275862068965,553.6206896551724,6.916286274935115,5.323623309192141,0.63837825395578
1580,10,336.0,586.2,3.9191835884530852,3.0983866769659336,0.6123724356957946
1581,121,336.73553719008265,360.06611570247935,17.235825980814266,9.086460213800542,0.8497508507450194
1582,40,337.35,128.075,8.528147986368259,6.0017240791795,0.7104430636866765
1583,39,336.87179487179486,187.33333333333334,8.420831833605119,6.281646677763066,0.6659850348044081
1584,21,336.9047619047619,435.8095238095238,5.637580414075711,4.727494722282231,0.5447968914816204
1585,74,337.06756756756755,466.5810810810811,11.249816187555018,8.33544358004425,0.6715707613800868
1586,46,337.2608695652174,489.1521739130435,8.248753948341141,7.155022934677196,0.4976001745238646
1587,13,337.38461538461536,560.3846153846154,4.318667337728677,3.6794648440311994,0.523556754446835
1588,109,338.2477064220183,54.862385321100916,13.94737670424886,10.28058995797505,0.6757853601947619
1589,50,337.94,85.32,8.727420485115067,7.3685908880866675,0.5358654211092047
1590,34,337.38235294117646,447.7647058823529,7.3175952338745915,5.915453691875131,0.5886504822813527
1591,47,337.59574468085106,579.936170212766,9.81043686767756,6.213477100798966,0.7738623984086868
1592,67,338.76119402985074,203.44776119402985,12.526869503739395,7.075431011330465,0.825213884242943
1593,33,338.45454545454544,261.09090909090907,7.119797622886563,5.8406240696211125,0.571882297073349
1594,123,338.5528455284553,395.8373983739837,15.649030637570679,10.115084074478474,0.7630230397975385
1595,84,338.5833333333333,422.5357142857143,11.113768717402795,9.688985248492855,0.489861711431891
1596,197,339.6395939086294,21.411167512690355,20.82192228897382,12.811771507692354,0.788291434051831
1597,71,339.1830985915493,160.11267605633802,11.090912137311836,8.329399301235455,0.6602894579494744
1598,69,337.6811594202899,173.56521739130434,13.60085734745592,6.641135907014055,0.8726825281755451
1599,87,336.58620689655174,194.88505747126436,12.71959712746281,8.915758503601085,0.7132137464368703
1600,12,339.0,502.5,4.47213595499958,3.265986323710904,0.6831300510639732
1601,122,339.7049180327869,75.41803278688525,13.876188295208832,11.491261340220426,0.5605389039783426
1602,151,339.3046357615894,348.4635761589404,14.53599640066585,13.544874861256343,0.36293089501334147
1603,43,339.6046511627907,37.325581395348834,9.289565504770662,5.907830261653057,0.7717186341951636
1604,18,340.72222222222223,547.2777777777778,5.21436337894882,4.48542712877894,0.5099465505955494
1605,34,341.05882352941177,2.2941176470588234,8.06161295165904,6.167782298861993,0.6439347300158788
1606,67,340.8358208955224,46.17910447761194,9.842671946391608,8.895645100854077,0.427989807096245
1607,193,340.6683937823834,330.72020725388603,17.71780807934825,14.108387747908735,0.604924400060811
1608,95,342.2315789473684,168.83157894736843,14.510909575733383,8.953418184732936,0.7869530478064195
1609,25,340.64,212.24,6.13381589801192,5.15568642658727,0.5417573775069718
1610,31,341.51612903225805,590.8064516129032,7.211386597532652,5.462964237745175,0.6527806310370495
1611,48,341.8333333333333,148.91666666666666,9.150521706005046,6.761094360558426,0.6738421987631807
1612,82,343.8170731707317,141.67073170731706,13.254566967666836,8.120887647856343,0.790326427854596
1613,32,342.28125,401.5625,7.866279195992622,5.127721385829546,0.7583383876921552
1614,43,343.8139534883721,357.1162790697674,8.49750418037662,6.816460749151267,0.597092896046419
1615,16,343.3125,520.1875,5.149449337222181,3.918950308868696,0.6487019053158465
1616,37,342.4594594594595,551.5405405405405,7.331621841544215,6.7727692795926,0.38293559578594033
1617,4,342.5,595.5,2.0,2.0,0.0
1618,4,343.5,515.5,2.0,2.0,0.0
1619,15,343.6,532.6,4.618802153517006,4.026578365477733,0.4898979485566357
1620,30,344.26666666666665,39.7,7.526185475416171,5.463096290431238,0.6878229353181324
1621,42,343.8095238095238,68.11904761904762,8.217637948761128,6.750402374082248,0.5702763918362397
1622,34,343.8235294117647,578.1176470588235,8.279166200697984,5.2608801838112,0.7721535473361707
1623,55,344.0,7.036363636363636,9.873109046048219,7.567311088073745,0.6422959192283304
1624,99,344.44444444444446,482.24242424242425,13.53623619340876,9.349704723868316,0.723125443245928
1625,32,344.40625,561.875,7.429565865886858,5.423184124151499,0.6835044968412485
1626,56,344.375,61.67857142857143,11.241625642636135,6.392624565011857,0.822575027870901
1627,55,344.7818181818182,154.16363636363636,10.479271535559489,6.810036976493061,0.760055762127864
1628,61,345.0327868852459,180.27868852459017,9.565942690615888,8.215543752211522,0.5122562910863968
1629,64,345.71875,13.75,9.809780795943269,8.660402746728506,0.46968614780497947
1630,84,345.76190476190476,111.89285714285714,10.543552415014295,10.306259748336974,0.2109629891910666
1631,103,345.02912621359224,192.29126213592232,16.697014764954407,8.18677301921019,0.8715460958061151
1632,97,346.62886597938143,204.5257731958763,13.106083251963648,9.70894067191841,0.6717295122718515
1633,30,346.43333333333334,467.43333333333334,7.293797179766594,5.315853692325126,0.6847070318526679
1634,22,346.1818181818182,589.6363636363636,5.902629099865414,4.858523510404941,0.567879395024336
1635,38,346.9736842105263,338.8421052631579,7.325867393891327,6.698437358742974,0.40491537661596255
1636,28,346.75,395.32142857142856,7.50624244658062,4.825865455477996,0.7659386956657627
1637,175,348.66285714285715,84.21714285714286,16.145354895943907,13.954216866067569,0.5029993581562258
1638,172,348.15697674418607,121.90697674418605,22.704449656712143,9.975476385484269,0.8983100127999843
1639,42,347.8095238095238,160.4047619047619,7.845615793426001,7.01065336953336,0.44891209705033025
1640,20,348.1,453.9,5.738085601753286,4.422032748290273,0.6372634731293311
1641,79,348.1012658227848,33.54430379746835,12.206327490969446,8.287551231296982,0.7341795736327029
1642,193,347.6683937823834,320.14507772020727,18.86509090738308,13.281400569589454,0.7101801842925888
1643,30,347.8333333333333,521.9666666666667,7.4475008294212355,5.323455253894265,0.6993314523807463
1644,10,347.2,148.3,4.541385054734408,2.774134420794161,0.791741358748446
1645,45,349.24444444444447,166.8,8.290928896248873,7.059902721171669,0.5243199794826265
1646,9,350.0,199.0,3.265986323710904,3.265986323710904,0.0
1647,36,349.1666666666667,26.25,7.54836949178944,6.166207749940186,0.5767896988386422
1648,15,349.1333333333333,537.4666666666667,4.618802153517007,4.061745656460751,0.47609522856952347
1649,21,349.0,570.0,5.0896720822428145,5.0896720822428145,0.0
1650,71,349.19718309859155,50.29577464788732,10.939628267630841,8.451595876648623,0.6349332394293846
1651,40,349.325,414.55,8.184035718377109,6.236309755001566,0.6475663053379532
1652,64,349.671875,42.34375,9.853713215371876,8.517103652017255,0.5028825868151642
1653,73,350.56164383561645,134.9041095890411,13.455559237895946,7.041968597617596,0.8521177427770876
1654,86,350.27906976744185,471.9651162790698,14.602969622789153,8.092448903176429,0.8324071057966053
1655,61,349.9344262295082,490.39344262295083,13.897917499891575,5.608019069058087,0.914973001321345
1656,29,349.8965517241379,513.8275862068965,7.10353671291595,5.112171406486839,0.6943207788666131
1657,12,350.5,229.5,3.8297084310253524,3.8297084310253524,0.0
1658,77,350.35064935064935,350.9220779220779,12.913222105711123,7.9553857150394425,0.7876952259463736
1659,46,350.3695652173913,357.7391304347826,9.000900683105986,6.74157364776576,0.66258267640318
1660,18,350.72222222222223,463.8333333333333,5.28913906753229,4.283222569354137,0.5866857344558971
1661,106,350.8490566037736,364.60377358490564,16.142652952778068,8.355914433499422,0.8556048345761395
1662,61,351.655737704918,18.24590163934426,11.096785221608021,7.308039922326564,0.752517099376893
1663,88,351.32954545454544,95.1590909090909,12.47364840549322,9.039915869476372,0.6890423534585808
1664,84,351.6547619047619,187.4047619047619,11.826349722123497,9.288475345582517,0.6189820952829495
1665,44,351.5,405.75,9.97114761259402,5.586821898380527,0.8282905715113013
1666,16,351.5625,502.4375,4.907196016073746,4.21834413719767,0.5109269460612573
1667,129,351.92248062015506,69.0077519379845,17.45142488093458,9.688255156805546,0.8317465535732561
1668,92,351.9673913043478,177.27173913043478,15.222072473278764,7.854853121335714,0.8565781459479044
1669,20,352.65,453.4,5.614955635921826,4.555466299582263,0.5846170149135379
1670,28,353.17857142857144,560.0357142857143,7.611488670689625,4.640541775597489,0.7926507463271864
1671,99,352.0808080808081,58.27272727272727,15.134133295813772,8.469005470876537,0.8287653141340566
1672,45,353.73333333333335,312.97777777777776,8.580784180614929,7.122890912015575,0.5576176823237573
1673,23,353.2608695652174,539.1739130434783,5.896958357105684,4.98703264586587,0.53366533629734
1674,33,354.3030303030303,27.393939393939394,7.492667952479352,5.78648725559945,0.6352742452798725
1675,136,353.8235294117647,105.5220588235294,14.862049226766798,11.793389065622009,0.6085392796915863
1676,90,353.97777777777776,335.27777777777777,12.683457206260359,9.132280945758886,0.6939583768919642
1677,65,354.46153846153845,506.84615384615387,12.334455256722675,6.991010747480344,0.8238642643477103
1678,22,353.90909090909093,549.9090909090909,5.502816709244202,4.972652484064489,0.4282593998234223
1679,91,354.34065934065933,158.65934065934067,13.88498831476266,8.535582914917473,0.7887340209912856
1680,130,356.32307692307694,345.7307692307692,16.25808295968585,10.5967480783927,0.7584051954070551
1681,58,355.37931034482756,475.41379310344826,11.399642706275557,6.573691930605611,0.8169858494084549
1682,40,356.3,327.35,8.379582606699906,6.386125220937373,0.6474529690811361
1683,27,356.0740740740741,423.4074074074074,6.421500681256117,5.2654105708259085,0.5724125976557588
1684,32,355.5625,448.65625,6.751740114333193,5.996739149613229,0.459501810602259
1685,90,356.53333333333336,10.1,14.332628327393138,8.294455223281998,0.815532421297041
1686,65,356.3076923076923,41.55384615384615,12.014436236001709,7.215356489344603,0.79958177764954
1687,37,356.35135135135135,51.32432432432432,8.337807927453836,5.724400429714565,0.7270737147590843
1688,121,355.1652892561983,3.1735537190082646,19.290601778207936,8.401784558379562,0.9001704847252516
1689,27,357.25925925925924,282.5925925925926,6.025659376849024,5.679488253754415,0.33406370115253947
1690,73,356.972602739726,440.3835616438356,13.15899755927323,7.118050417430362,0.8410698709565511
1691,33,357.06060606060606,527.030303030303,7.923350108254808,5.273872186263285,0.7462985056146911
1692,39,357.38461538461536,406.20512820512823,8.843859018948985,5.690964601895621,0.7654516894487033
1693,34,357.70588235294116,566.4117647058823,8.073053025046978,5.436217292694964,0.7392982507058975
1694,20,357.7,595.1,5.4478633986980824,4.639049944668172,0.5242966935960685
1695,150,358.6666666666667,173.96,21.27984581647787,9.554307104607407,0.8935398717085264
1696,151,357.5960264900662,299.3841059602649,15.359284946706934,12.681325577290593,0.5641891459890518
1697,74,357.8783783783784,72.97297297297297,15.878433212612553,6.506128261165215,0.912199551149689
1698,59,358.50847457627117,91.15254237288136,10.456343376174114,7.275678325261082,0.7182212639798559
1699,262,357.82824427480915,146.9236641221374,20.281886711644944,18.13571790061695,0.44770168439476143
1700,41,358.4634146341463,416.5121951219512,8.77451736376315,5.964010020680103,0.7334933330887772
1701,68,359.1029411764706,573.8676470588235,10.910040390949344,7.914470212026702,0.6882959877853764
1702,49,358.81632653061223,115.18367346938776,9.27745356918873,6.930582843708971,0.6647846702359239
1703,54,359.5740740740741,431.18518518518516,9.16128582702981,7.504881247838605,0.5735148185509061
1704,116,359.86206896551727,21.353448275862068,14.634644034170853,10.289257073063174,0.7111153851389255
1705,97,359.82474226804123,32.51546391752577,12.698676405358183,9.769555944614575,0.6388436951668758
1706,32,360.0,482.59375,7.910971168574182,5.126003333005944,0.7616732408297118
1707,70,360.0285714285714,510.1857142857143,11.987043716809161,7.557599721045756,0.7762049253478177
1708,55,360.1636363636364,78.14545454545454,9.879682221559554,7.372395118244308,0.6657018376326138
1709,50,360.5,376.44,8.164704526190766,7.766595135579039,0.308451112972059
1710,117,360.7264957264957,463.87179487179486,14.844470356677872,10.120333877331179,0.7315779268950586
1711,49,360.46938775510205,98.85714285714286,8.457515000788163,7.4755613626945445,0.4676840229976445
1712,67,361.13432835820896,125.83582089552239,12.56593582816968,6.837427068131761,0.8390048210881096
1713,95,360.46315789473687,357.7368421052632,13.005700425417645,9.551847738812354,0.6786785222358721
1714,61,361.3606557377049,85.11475409836065,10.233075916002305,7.884962152002085,0.6373954441860404
1715,12,363.75,182.75,5.773502691896258,2.7080128015453204,0.8831760866327847
1716,81,361.6666666666667,324.5308641975309,15.282143996198599,7.1919944325414695,0.8823390767360484
1717,51,361.9019607843137,474.7450980392157,9.011186938953585,7.202751737799159,0.6009159613116569
1718,48,362.3333333333333,63.854166666666664,8.84026994853598,7.028388033405868,0.6065540656694898
1719,16,362.5,545.0,4.898979485566356,4.0,0.5773502691896258
1720,117,363.1965811965812,309.95726495726495,15.616919531704278,10.70399029520089,0.728157505756927
1721,37,362.86486486486484,418.7027027027027,9.81944880147832,4.880370495919306,0.8677444482725272
1722,38,363.0,563.6578947368421,7.935393829877043,6.189898490630209,0.6257337549083473
1723,29,363.41379310344826,275.2758620689655,6.278954609436001,5.8188413370792755,0.375749286386444
1724,108,363.35185185185185,287.89814814814815,12.286356821995978,11.45403666542296,0.36179789736198253
1725,103,363.6990291262136,318.56310679611653,17.783982382609253,7.693360088291068,0.9015857070096498
1726,66,363.3181818181818,365.57575757575756,9.852186173827281,8.944866925160312,0.41917206910309573
1727,54,363.68518518518516,453.0740740740741,9.54286022597794,7.303038231057898,0.6436878016854278
1728,81,363.9012345679012,498.85185185185185,11.908132157485793,8.7494769158321,0.6783401055726602
1729,72,364.18055555555554,41.27777777777778,11.672346923070672,8.353318038106428,0.6984588135425317
1730,97,364.3298969072165,334.35051546391753,15.351952542083481,8.210638702292018,0.8449615857894553
1731,81,363.87654320987656,48.864197530864196,12.659074622039686,8.491040947263425,0.7416858986250489
1732,100,364.69,56.8,14.993770063276035,8.65616885750315,0.8165196093651766
1733,123,364.2439024390244,166.03252032520325,14.844047667953225,10.678722151383718,0.6946020088096454
1734,64,365.4375,103.34375,10.908413440315504,7.684620434032125,0.7097364581050619
1735,41,365.219512195122,530.4878048780488,8.05560257548823,6.461311948453058,0.5972042286497514
1736,33,366.45454545454544,75.0,7.04175286687405,6.1461043030989,0.48806217963325316
1737,29,366.2413793103448,505.2758620689655,6.369789593745416,5.921913739559601,0.3683492353286584
1738,107,366.5233644859813,15.16822429906542,13.527762678651973,10.244477870507716,0.6530754539708996
1739,38,366.3421052631579,68.44736842105263,8.083103642629059,6.044502599867269,0.6639299567057428
1740,18,366.5,387.0,5.542593461893073,3.9932849113038276,0.6934837441847964
1741,108,366.3611111111111,343.6111111111111,17.029542752024657,8.63281749224987,0.8619861405969801
1742,29,367.1034482758621,511.51724137931035,6.25878692664189,5.892416376081055,0.33711630285598315
1743,15,366.6,549.6,4.618802153517006,4.026578365477733,0.4898979485566357
1744,73,366.86301369863014,353.1095890410959,12.847281935633406,7.559092425558502,0.8085840590323552
1745,16,367.5,373.0,4.898979485566356,4.0,0.5773502691896258
1746,16,367.5,566.0,4.898979485566356,4.0,0.5773502691896258
1747,100,368.77,4.33,12.428485459885966,10.494948745630117,0.5356706397654005
1748,64,368.796875,89.25,11.523529808420742,7.46981288282636,0.7614508602389133
1749,61,368.21311475409834,95.55737704918033,11.238849987376454,7.016891008610193,0.7811507660592854
1750,155,368.78709677419357,153.28387096774193,16.311055765149497,12.468776024092444,0.6446983275480591
1751,79,368.39240506329116,131.77215189873417,11.408218546239507,8.888976428623105,0.6268088701288851
1752,53,369.0377358490566,456.8301886792453,9.034928477344112,7.633037916614506,0.5350244693271576
1753,71,368.76056338028167,485.3521126760563,9.926201564511762,9.179305618712544,0.38056272374958844
1754,79,368.9240506329114,139.41772151898735,13.69157847727886,7.887552703167867,0.8173877480054345
1755,56,369.7857142857143,38.0,10.222459560251831,7.515378392053898,0.6778686968367466
1756,100,370.82,81.89,14.356051066826268,9.299021333811233,0.7618595219076078
1757,57,369.94736842105266,173.87719298245614,10.474832393127855,7.149480191374411,0.7308493008410433
1758,39,369.8205128205128,329.3076923076923,8.16244000989767,6.131944233293342,0.6600301414883367
1759,44,370.27272727272725,592.4090909090909,8.090792460678843,6.9634395654276275,0.5091763034872866
1760,26,371.0769230769231,50.80769230769231,6.947469428365004,4.800653914769243,0.7228612873896108
1761,79,371.3544303797468,308.2911392405063,11.573420608205488,8.989793683997654,0.6297942116082327
1762,58,371.0344827586207,363.0,10.113752084702753,7.374459232466543,0.6843521320950393
1763,192,371.796875,474.4479166666667,18.009994720173655,13.911141739083561,0.635121416396907
1764,128,371.40625,29.6953125,15.19065067234491,10.965544016978232,0.692037680989763
1765,30,371.8333333333333,585.2666666666667,7.229033763294612,5.2686666839841285,0.6847050054706764
1766,54,371.9259259259259,62.351851851851855,10.090119089894394,6.894078404945218,0.7301841021869401
1767,26,372.5,100.5,6.226494259953251,5.32049737408941,0.5194624816493199
1768,3,371.6666666666667,510.6666666666667,2.3094010767585034,1.3333333333333333,0.816496580927726
1769,27,372.18518518518516,22.666666666666668,7.696307423730243,4.626374431412443,0.7991616946866221
1770,16,373.5,126.0,4.898979485566356,4.0,0.5773502691896258
1771,41,374.0975609756098,334.4878048780488,8.524900097074038,6.297556142947395,0.6740070418361795
1772,152,373.32236842105266,496.2763157894737,17.664723267817283,11.169485814811688,0.7747198786170326
1773,32,373.84375,554.375,6.910158200998827,5.840298677051427,0.5344883724417774
1774,190,373.12631578947367,298.8157894736842,21.993516950008967,11.43736424235617,0.854145902600992
1775,44,374.97727272727275,357.8863636363636,9.27242816285244,6.236834856126315,0.7399866700201051
1776,40,374.15,9.6,8.404552140257437,6.069884951273309,0.691669707511503
1777,13,374.46153846153845,533.8461538461538,4.3616645597524775,3.756591133295642,0.5081397159034496
1778,174,375.0287356321839,287.132183908046,19.304636375694102,11.791447801206388,0.7917778910500246
1779,77,375.35064935064935,44.103896103896105,10.207620011787862,9.979307678229803,0.21031744902602775
1780,136,376.05882352941177,162.1985294117647,16.42399145085434,10.966877450579775,0.7443988740089804
1781,11,376.1818181818182,305.54545454545456,4.533315962095487,3.0114583009821128,0.747470665022941
1782,48,375.0,340.5625,9.456628238952433,6.570871252498718,0.7191615296381438
1783,78,375.1025641025641,451.9230769230769,12.040957431976853,8.325650833842028,0.7224298187742301
1784,6,375.1666666666667,592.8333333333334,3.126943839882286,2.309401076758503,0.6741998624632421
1785,91,376.1208791208791,321.85714285714283,14.738787380399078,8.545233441310929,0.8147740672299231
1786,77,376.1948051948052,433.06493506493507,11.284160280411035,8.744175730635053,0.6320751634235222
1787,13,376.15384615384613,564.4615384615385,4.3616645597524775,3.756591133295642,0.5081397159034496
1788,93,376.6559139784946,18.86021505376344,13.78498287119387,8.853865981176472,0.7664672235978129
1789,75,376.3466666666667,53.28,12.101497123264362,8.04838635573491,0.7467778088213294
1790,189,376.95238095238096,73.55026455026454,18.82569239622381,13.58154627298412,0.6924803396459914
1791,19,376.2631578947368,181.68421052631578,5.4839928508465885,4.502760584661106,0.5708226458898771
1792,65,377.16923076923075,346.84615384615387,11.749595927869183,7.064706112420872,0.7990442214554624
1793,46,376.2173913043478,352.3695652173913,10.584841789991474,5.731126623237993,0.8407351407197164
1794,70,378.1857142857143,315.9142857142857,13.711683744885354,6.8205821690779995,0.8675049828492836
1795,14,377.2857142857143,59.642857142857146,4.472135954999579,4.3518703462079475,0.23035022137995825
1796,123,378.5772357723577,172.27642276422765,15.868124293144401,10.44646042018567,0.7527295425641856
1797,78,378.37179487179486,329.79487179487177,12.14194137982601,8.451739771002492,0.7179660479581871
1798,29,378.7241379310345,362.37931034482756,6.71531362239893,5.50286245297543,0.5731509517792832
1799,52,378.9230769230769,3.3846153846153846,9.019597098062581,7.350611102026583,0.5795171723460861
1800,109,378.7155963302752,145.85321100917432,12.886818240702148,10.88038324083687,0.5358655875780587
1801,173,375.67630057803467,463.0057803468208,18.571211085881075,14.106925160638916,0.6503758617302257
1802,198,379.2979797979798,515.929292929293,18.9904969527529,14.132195446866554,0.6679880878224826
1803,45,379.22222222222223,37.86666666666667,9.219543845642082,6.419838959501829,0.7177223964861087
1804,64,379.6875,488.09375,11.377333419343406,7.166111865237081,0.7767097793500461
1805,12,379.0,556.1666666666666,5.047398899971205,2.9573614197104288,0.8103704100657019
1806,69,380.6811594202899,64.8840579710145,10.867941591682238,8.238464820985902,0.6521941203835994
1807,30,380.26666666666665,394.03333333333336,6.919080188412546,5.517013726412878,0.6035009153419086
1808,42,380.2142857142857,410.04761904761904,8.303749559188606,6.413572410032381,0.6351720911883341
1809,21,379.8095238095238,580.047619047619,5.602338368222782,4.7002407233912535,0.5441647649087309
1810,63,381.3809523809524,30.61904761904762,10.788097520209822,7.533308618562976,0.7158070156023237
1811,60,381.93333333333334,340.31666666666666,12.920419833403374,6.211859284710269,0.8768421135800545
1812,24,381.4583333333333,356.25,5.803086536248172,5.534414350983376,0.3007536966059254
1813,78,382.43589743589746,119.21794871794872,13.62010470687297,7.304743866012294,0.8440142916017437
1814,104,382.4807692307692,448.47115384615387,15.428616228792366,8.758298993791252,0.823259041724341
1815,17,381.4117647058824,496.88235294117646,5.181899763382574,4.041201040002321,0.625943231252129
1816,13,381.84615384615387,535.5384615384615,4.3616645597524775,3.7565911332956423,0.5081397159034496
1817,44,381.8636363636364,592.7045454545455,8.354454474750781,6.725782354533659,0.5932022850386143
1818,30,382.3,46.03333333333333,7.0127677645783795,5.6121870813120545,0.5996247161573438
1819,48,383.0625,58.166666666666664,9.636528210761332,6.4002900662462086,0.7475818399816715
1820,83,382.3734939759036,153.87951807228916,13.028807913446624,8.279917292630442,0.7720939271848878
1821,88,382.77272727272725,309.6363636363636,12.762188963538733,8.86273211048579,0.7195386954672096
1822,20,384.05,376.25,5.700651850964228,4.388914270534129,0.638168270197698
1823,152,384.4342105263158,11.296052631578947,15.078380793909822,13.286807255254494,0.4727760265546013
1824,82,384.6707317073171,416.7682926829268,11.25403217687829,9.345503270868901,0.5571471736253101
1825,30,384.8333333333333,328.3,7.9309884813737,5.087400508171136,0.767157680334528
1826,37,384.72972972972974,360.8918918918919,7.128157526352977,6.620697558943964,0.3705585788874745
1827,77,386.3636363636364,52.58441558441559,11.623992034401276,9.051288202421162,0.6274300218781016
1828,74,385.44594594594594,85.45945945945945,12.759941223733096,7.635446492319494,0.8012034937438792
1829,147,385.14285714285717,284.61224489795916,19.538015456961464,9.718298292942105,0.867518695960452
1830,33,384.93939393939394,368.3333333333333,7.053813439440974,5.932541399632026,0.540972464186643
1831,101,385.3762376237624,467.4257425742574,16.060734704378458,8.138448966721093,0.8621050730722319
1832,177,386.1864406779661,482.361581920904,18.378948768399265,12.723753376797807,0.7216094315939386
1833,40,386.2,424.575,8.203807206621248,6.258398143022641,0.6465576932800066
1834,46,386.32608695652175,457.9782608695652,8.561378745305905,6.937171186726059,0.5860336945172513
1835,110,386.5090909090909,22.71818181818182,12.313877195666134,11.437021168269386,0.370603356448619
1836,28,386.0357142857143,93.71428571428571,6.950036588075911,5.135217698614272,0.6738410291722963
1837,81,386.8024691358025,173.35802469135803,11.428574967913217,9.261436208651823,0.5859109856046273
1838,85,387.2352941176471,548.9882352941177,13.591739184940563,8.08048546225497,0.8040849200040184
1839,106,387.12264150943395,296.58490566037733,14.608006155512298,9.496035271964606,0.7598855308912601
1840,23,387.39130434782606,532.0434782608696,5.59009971803031,5.242902365874442,0.34693096212529995
1841,67,388.13432835820896,333.8805970149254,11.487879614693979,7.636607441588886,0.7470628285910167
1842,123,388.0081300813008,351.260162601626,12.98401454346697,12.084646149892036,0.3657003562169858
1843,158,388.73417721518985,508.8987341772152,18.271848640353944,12.251967422915792,0.7418752555710354
1844,111,388.3783783783784,41.72072072072072,13.592788913476173,10.902687141980476,0.5971985225772785
1845,33,388.24242424242425,62.696969696969695,8.538644154660476,4.95588476792557,0.814326880099921
1846,76,388.2631578947368,74.51315789473684,12.236889358728126,7.953175381949107,0.7599903101907481
1847,131,388.0458015267176,127.81679389312977,16.995172474952494,9.949395106859273,0.8107267276870742
1848,45,387.9555555555556,303.44444444444446,9.542041406954597,5.990883103171449,0.7783417658784365
1849,56,387.69642857142856,324.25,11.77241771463945,6.124305669016974,0.8540292612798251
1850,137,388.45985401459853,524.1897810218978,23.62128913557602,7.607272783017235,0.9467221340161361
1851,55,388.5272727272727,315.03636363636366,11.57439691861953,6.269718416970728,0.8405792659529571
1852,32,388.90625,474.9375,7.776604975391419,5.368546363469112,0.7234795887946398
1853,23,389.0,587.1739130434783,5.40531139753741,5.36036000258172,0.12869789041755691
1854,35,389.6,2.342857142857143,6.912151766294703,6.477095815611113,0.3491703655850992
1855,176,389.03409090909093,274.52272727272725,17.567630855328773,12.809323141916634,0.6843608807247334
1856,91,391.032967032967,340.3956043956044,15.439682563825095,8.053136623528154,0.8531981450979358
1857,52,389.4423076923077,393.21153846153845,11.646215007825427,5.729503857494143,0.8706162538514803
1858,151,389.6158940397351,445.70198675496687,22.468662866620328,9.154312727831645,0.9132383179164419
1859,58,389.2586206896552,501.36206896551727,11.537396828503018,6.5598141512317,0.8226350991343577
1860,34,391.7352941176471,568.3235294117648,11.199917286222249,4.2009948788461395,0.9269877521710584
1861,104,390.75961538461536,32.38461538461539,12.399651514595487,10.77191465224125,0.49529086043250503
1862,12,390.0833333333333,87.66666666666667,5.298029411848158,2.9510442438177087,0.8305071931468501
1863,31,391.16129032258067,469.16129032258067,7.42596227166683,5.354230051934826,0.6929194729998425
1864,14,390.5,597.7142857142857,4.20883424647321,4.120630029101703,0.2036532699906393
1865,24,391.3333333333333,81.54166666666667,6.181793537021665,5.03122315579571,0.5810363903629195
1866,48,392.0416666666667,105.08333333333333,9.42728195441695,6.505443827777548,0.7237467397694916
1867,144,391.30555555555554,158.34027777777777,15.856575249712552,12.02776018955166,0.6516328220225296
1868,31,391.5806451612903,308.3225806451613,6.584439134024812,6.024576789640646,0.4035175595819061
1869,53,392.7358490566038,319.39622641509436,10.705682534734049,6.485515459182343,0.7956160449907104
1870,37,392.9189189189189,387.86486486486484,7.291545049336783,6.5142920144998095,0.44925510588253575
1871,34,392.05882352941177,401.1470588235294,7.373523678769162,5.925547857942082,0.595136020591508
1872,183,392.5409836065574,145.3551912568306,19.723892146779914,12.703607645730829,0.764964832276225
1873,56,393.3392857142857,9.875,11.182737531529897,6.568124454662308,0.8093367072373434
1874,38,393.2368421052632,117.84210526315789,8.399326892078522,5.744302754138024,0.7295754151379613
1875,138,394.07246376811594,246.19565217391303,13.889403385773116,12.808947680196871,0.3866892618854596
1876,38,394.4736842105263,325.3421052631579,8.636188943149026,5.689876034826516,0.7522821503125078
1877,32,394.53125,21.0,7.514668071067588,5.52396042542643,0.6779690927181699
1878,35,394.74285714285713,344.6,7.5728936039343795,6.033635044585053,0.604320885184841
1879,64,395.078125,73.015625,14.277766250957283,5.748376151838465,0.9153714676982747
1880,9,395.1111111111111,95.55555555555556,4.618802153517006,2.3517789431685254,0.8606629658238704
1881,83,394.855421686747,137.27710843373495,12.83674824556735,8.261793543481696,0.7653579460516612
1882,132,395.04545454545456,168.70454545454547,13.638199289667769,12.700277193686073,0.3644363399691191
1883,23,395.2173913043478,379.8695652173913,5.873113002539891,4.929936635332647,0.5435021718802293
1884,86,395.2906976744186,421.1860465116279,11.917997084594484,9.383786571165002,0.6164900251906026
1885,77,394.94805194805195,462.12987012987014,10.30478198760996,9.577692666287463,0.36896935223599764
1886,55,395.1090909090909,532.7272727272727,9.859560458531659,7.157286742542332,0.687775440485856
1887,21,395.5238095238095,557.3809523809524,5.875876393086047,4.525079467464661,0.6379094078906982
1888,27,395.44444444444446,565.4074074074074,6.435808454486937,5.293717242116964,0.5687056075990726
1889,28,396.35714285714283,397.10714285714283,6.523856164694647,5.483790094779352,0.5416952527982152
1890,66,395.07575757575756,515.4848484848485,11.704132720230302,7.30356209204386,0.7814118359513251
1891,36,396.02777777777777,3.9166666666666665,6.928203230275509,6.590303389483075,0.3084876157214383
1892,54,396.24074074074076,284.35185185185185,9.978483642163862,6.931110260493848,0.7193907909690991
1893,56,396.625,83.01785714285714,10.155331794107544,6.992842654921274,0.7251525034466092
1894,54,396.75925925925924,302.9259259259259,9.109510581779352,7.649852698956448,0.5429492672087567
1895,84,396.92857142857144,451.04761904761904,14.044381769114818,7.731771080031591,0.8348192500846985
1896,110,397.3909090909091,293.6181818181818,13.979278626744774,10.123890433306205,0.6895827180890495
1897,74,397.44594594594594,332.2567567567568,10.778183453881413,8.88512485473864,0.5660629779866135
1898,121,397.73553719008265,472.57851239669424,15.457139012601433,10.06547180272417,0.7589182131599095
1899,69,397.39130434782606,311.18840579710144,10.992992968392356,8.084160037324812,0.6776418515140088
1900,156,397.89102564102564,436.96794871794873,16.246019815213014,12.306508059719041,0.6528245888049721
1901,216,398.2916666666667,496.60648148148147,18.352577322199142,15.70832558671757,0.5171093788900197
1902,9,398.8888888888889,55.666666666666664,3.885753375057407,2.7954428906961324,0.6945875203623408
1903,123,398.6178861788618,256.8861788617886,13.673738562190852,11.820371673921306,0.5027051767277767
1904,48,398.1041666666667,350.5208333333333,11.189401245221953,5.503036514919428,0.8707037027386119
1905,20,398.3,526.95,5.382370675462523,4.8114536173511135,0.4482099338607479
1906,61,398.7704918032787,104.67213114754098,10.649435621116767,7.312276796874422,0.727002183233945
1907,71,398.943661971831,403.76056338028167,10.634891100436104,8.476232792174232,0.6039514366547113
1908,74,399.2567567567568,115.10810810810811,11.366869594383262,8.493944189598636,0.6645379952765029
1909,37,399.02702702702703,391.6216216216216,7.291016276121209,6.468073008246441,0.4615212743251301
1910,38,400.6578947368421,280.0263157894737,8.770139168525507,5.613981824755372,0.7682711089395619
1911,18,400.3888888888889,160.22222222222223,5.412760806053256,4.261315592620488,0.6166057354471535
1912,39,400.56410256410254,323.79487179487177,7.42245341526481,6.947716307720802,0.3518925382722252
1913,39,400.64102564102564,75.3076923076923,8.507217993220282,5.830897496845739,0.7281612029407131
1914,13,400.84615384615387,265.7692307692308,4.706787243316417,3.508232077228117,0.6666666666666667
1915,23,401.0869565217391,582.2173913043479,5.733826014124253,5.0375140067593245,0.4776307722564946
1916,114,401.5438596491228,238.8859649122807,14.562687290309656,10.113643625908848,0.7195021615468994
1917,13,401.2307692307692,590.1538461538462,4.706787243316417,3.508232077228117,0.6666666666666667
1918,45,401.8222222222222,379.6222222222222,8.416120475462424,6.849314832402315,0.5810991181450399
1919,37,402.7567567567568,368.86486486486484,8.381484808398127,5.606315264360951,0.7433588330260951
1920,78,402.8974358974359,92.42307692307692,11.951533172460467,8.423131959104616,0.7094317155371004
1921,89,402.7865168539326,126.28089887640449,16.539520556419934,6.931673510994124,0.9079411845193728
1922,73,402.8082191780822,411.45205479452056,12.841268769802927,7.298703919702883,0.8227670566371748
1923,83,403.0120481927711,511.30120481927713,12.932022216567026,8.410147210574141,0.7596475059035609
1924,113,403.91150442477874,315.3805309734513,14.462407429037983,10.553201318391858,0.683768721186172
1925,83,403.67469879518075,538.5903614457832,12.214599637976235,8.828569197201963,0.6910695578431922
1926,64,403.703125,549.5625,10.040750187821581,8.09077742962695,0.5921957795585892
1927,60,403.8333333333333,288.9166666666667,10.606506323764982,7.430554132434845,0.7135879428218573
1928,62,404.1290322580645,330.51612903225805,12.807663096424282,6.320702414745977,0.8697404498911763
1929,78,403.85897435897436,425.0,12.68884531459464,8.058002428385882,0.7724741944061565
1930,127,404.2204724409449,460.5196850393701,15.437112657778945,10.60076365892174,0.72693490482179
1931,58,403.6551724137931,530.7413793103449,8.947929068018073,8.271045257435985,0.38153832609441685
1932,59,405.135593220339,29.627118644067796,10.055720646584016,7.434979494463473,0.6732904607630686
1933,51,404.6862745098039,82.80392156862744,9.287149559454699,7.042594819767947,0.6518870511620453
1934,24,405.0416666666667,114.20833333333333,6.331739012307386,4.951786767535108,0.6232057274622506
1935,30,405.06666666666666,276.53333333333336,6.851423981851089,5.624568178864362,0.5710228191658283
1936,89,405.64044943820227,45.8876404494382,16.709124508993437,6.919758113419287,0.9102175166868326
1937,46,405.9782608695652,120.6304347826087,8.089141435293797,7.356093028193356,0.4159691770216729
1938,58,405.7413793103448,261.08620689655174,10.01275422166276,7.652169120875587,0.6449293676712755
1939,81,404.95061728395063,302.7901234567901,11.305384000344059,9.450981259006648,0.5487725308449597
1940,62,405.53225806451616,557.1774193548387,10.72170137374895,7.379723040870457,0.725428282693173
1941,43,405.83720930232556,487.4651162790698,8.415136895005611,6.57674813122168,0.6238578074936685
1942,142,406.3098591549296,476.28169014084506,18.05520983634862,10.280198368872508,0.8220774127397411
1943,9,406.8888888888889,573.6666666666666,3.885753375057407,2.7954428906961324,0.6945875203623408
1944,26,406.96153846153845,1.9230769230769231,7.144958846725348,4.564123123156834,0.7693817353661786
1945,79,408.56962025316454,431.34177215189874,12.045748264942365,8.475821007523583,0.7105607012706145
1946,62,409.2903225806452,285.38709677419354,12.810169324399428,6.295818853269331,0.870894287729596
1947,49,409.1020408163265,412.0612244897959,10.015623440560914,6.262253338547189,0.7804257411810944
1948,104,410.61538461538464,510.625,15.668904903839174,9.056621962021241,0.8160369931716545
1949,58,409.7068965517241,20.24137931034483,12.524583842621368,6.034420338362216,0.876277881071456
1950,113,408.6991150442478,146.53982300884957,14.31433776317361,10.05987443175165,0.7114042012231526
1951,206,407.99514563106794,443.6019417475728,21.652717534669897,12.759271046959638,0.8079370471587997
1952,86,409.3255813953488,499.86046511627904,12.24806607690712,9.595328497303989,0.6214979345262166
1953,15,409.3333333333333,552.7333333333333,4.77795383588526,3.981909289096598,0.5526820968472154
1954,85,409.9294117647059,294.67058823529413,12.067269903833235,9.552352226242489,0.6110502270107897
1955,39,409.79487179487177,332.43589743589746,7.42245341526481,6.947716307720802,0.3518925382722254
1956,36,410.5,373.6388888888889,8.176158932601409,5.61323879771743,0.7270945019975602
1957,16,410.0,569.5,4.898979485566356,4.0,0.5773502691896258
1958,146,410.76027397260276,100.74657534246575,15.010831374567633,12.571512555508917,0.5464433203884336
1959,29,410.41379310344826,388.58620689655174,7.0493419802375925,5.146140167221414,0.6834288831216012
1960,36,410.47222222222223,396.19444444444446,7.745855595000448,5.873291092896221,0.6519644955071577
1961,80,410.7375,87.725,12.644424433435434,8.075025123622897,0.7695194429539323
1962,28,410.75,126.82142857142857,6.485521972005237,5.541977531055043,0.5194262803328957
1963,56,411.39285714285717,255.85714285714286,9.820374640565253,7.572037514633993,0.636769962852024
1964,75,411.48,306.2,12.926797825532091,7.609522410187917,0.8083788369576775
1965,22,411.72727272727275,462.1363636363636,5.935427545226952,4.8627906507696155,0.573390386196775
1966,21,412.0,358.0,5.0896720822428145,5.0896720822428145,0.0
1967,83,411.8072289156627,452.67469879518075,14.038418264722205,7.690327150653868,0.8366055161719115
1968,10,412.5,0.8,4.09878030638384,2.9933259094191533,0.6831300510639732
1969,24,412.4583333333333,121.875,5.998194119902467,5.073843663554258,0.5333491322162696
1970,70,412.1142857142857,280.01428571428573,11.604863043687219,7.983951419433542,0.7257265632026523
1971,24,412.2083333333333,368.3333333333333,7.073629547018808,4.338764356663497,0.7897943574595827
1972,71,413.92957746478874,593.6197183098592,13.247711190665072,7.050574874036368,0.8466118781061143
1973,115,412.30434782608694,247.54782608695652,13.091894409296103,11.356140308397382,0.4975807643435173
1974,37,412.0,468.1081081081081,8.45865617542887,5.661088383080007,0.7430231711117194
1975,27,412.962962962963,547.1111111111111,6.6514649697820385,5.162329525405782,0.6305862521568928
1976,41,413.0243902439024,269.7317073170732,9.366516646196212,5.800322208207729,0.7851848947211953
1977,92,413.5652173913044,317.5,12.303717615529713,9.737111967748167,0.6113039275937804
1978,109,412.6697247706422,325.9724770642202,15.938989589241999,9.213491778610134,0.8160031755266374
1979,75,413.04,539.1066666666667,12.72984270675786,7.762095521405667,0.792589335652609
1980,70,413.9,481.9142857142857,11.448912489148618,8.202037748265983,0.6976864836260874
1981,13,415.38461538461536,585.3846153846154,4.318667337728677,3.6794648440311994,0.523556754446835
1982,23,415.60869565217394,128.7391304347826,5.875750826521901,5.160663914225696,0.47811244768643235
1983,25,415.76,135.36,6.13381589801192,5.15568642658727,0.5417573775069717
1984,67,415.76119402985074,342.04477611940297,9.76962676312895,8.733073814591375,0.4482655189507951
1985,112,416.2142857142857,41.035714285714285,12.799429515228365,11.147943527890135,0.49133281792015737
1986,37,416.13513513513516,376.8918918918919,7.082817336827709,6.637561253295387,0.34896505303281816
1987,39,417.0769230769231,225.25641025641025,7.277282703190427,6.812294980472803,0.35172276983786815
1988,43,416.3720930232558,361.25581395348837,9.536990133793392,5.970257980701211,0.7798144579920264
1989,75,416.0933333333333,117.86666666666666,15.401891351252875,6.483665674753726,0.9070766258205922
1990,93,418.18279569892474,18.537634408602152,13.842634383221744,8.752049875356906,0.7747618292036081
1991,112,417.5625,262.4107142857143,12.872300126980699,11.629991210804148,0.428609698266746
1992,79,418.65822784810126,274.69620253164555,11.261388733898645,9.270208838927665,0.567772914454728
1993,77,418.5974025974026,425.87012987012986,12.065600650803004,8.751972764293349,0.688363721451299
1994,80,418.4625,506.35,12.795204576044416,8.043645930619526,0.7776921093136455
1995,89,421.76404494382024,514.876404494382,15.643641557045699,7.565870222878941,0.8752677435446515
1996,44,419.40909090909093,383.27272727272725,8.567077727496507,6.592775086658478,0.6385893162548298
1997,117,418.77777777777777,458.96581196581195,13.219227286044525,11.459275728770743,0.49854422894941225
1998,57,418.719298245614,467.6666666666667,10.476796770873694,7.169991796451129,0.7291361197521343
1999,182,418.68131868131866,489.4835164835165,20.615203729464245,11.8553337587115,0.8180991427174052
2000,124,419.758064516129,308.4193548387097,15.056515666672336,10.716407906300228,0.7024373873929454
2001,41,419.9268292682927,404.6585365853659,9.083403591275827,5.744908556273861,0.7745913023571243
2002,47,420.0851063829787,51.276595744680854,8.600440600583743,6.947439580345317,0.5894560813714523
2003,180,420.85,111.40555555555555,20.662116513406087,11.758533668189145,0.8222775929667836
2004,89,420.17977528089887,240.67415730337078,14.047945482844,8.2100936665042,0.8114414178115514
2005,146,420.8493150684931,296.2054794520548,16.58961387972263,11.71899775393806,0.7078071710523485
2006,51,420.8627450980392,561.2941176470588,10.46138716451575,6.2317459297577,0.8032142754261437
2007,40,420.55,414.3,10.017021381674002,5.116569420919241,0.8597069956845488
2008,18,420.77777777777777,594.9444444444445,5.033222956847167,4.575835618216445,0.41652044217833617
2009,150,422.18,96.27333333333333,18.4438949538564,10.806277241492532,0.8103833917271429
2010,106,420.37735849056605,284.8679245283019,14.00151208856945,9.830841697560109,0.7120515945803009
2011,55,422.2909090909091,318.8545454545455,9.819814929883398,7.290500670879561,0.6699264167903566
2012,106,421.6132075471698,523.8867924528302,15.257974645331576,8.905751021090397,0.8119848919241754
2013,83,421.86746987951807,31.373493975903614,10.832152431604914,9.781081446429763,0.42970887782063494
2014,42,422.26190476190476,571.8095238095239,7.8096164794459275,6.831194569191581,0.4846363061860071
2015,29,422.0689655172414,89.75862068965517,8.991584779230932,4.2432474237222175,0.8816450218347419
2016,23,422.95652173913044,122.82608695652173,6.4723704611834725,4.571497647984171,0.7079030251150854
2017,184,422.4347826086956,474.14130434782606,20.471198181898647,12.7116481869508,0.7838479435081439
2018,52,423.13461538461536,539.4230769230769,9.22085531353198,7.1987485810426035,0.6249023647398413
2019,49,422.85714285714283,589.3265306122449,9.037064133150812,7.060453653803634,0.6241840104078463
2020,177,424.10169491525426,251.864406779661,16.050758291431933,14.251710786708239,0.46000734825041134
2021,233,424.0429184549356,175.58798283261802,21.788785097543578,14.824764011588604,0.7328548017218798
2022,70,423.95714285714286,450.1857142857143,10.074778550321103,8.859404113348848,0.47614893930053365
2023,176,424.4318181818182,498.47727272727275,22.204757169830145,10.337606802387944,0.8850172661873754
2024,19,423.94736842105266,597.7894736842105,6.426771847362176,3.7900123548154556,0.8076059067860558
2025,23,424.7826086956522,55.08695652173913,5.733826014124253,5.0375140067593245,0.4776307722564946
2026,96,425.6145833333333,268.84375,11.485174161591758,10.892967763659605,0.316964755595461
2027,63,426.46031746031747,334.55555555555554,10.021534152716235,7.964344491740054,0.6069721785628922
2028,57,426.03508771929825,357.12280701754383,10.38442049410328,6.98677953836709,0.7398120257899918
2029,52,426.28846153846155,406.88461538461536,10.242221890959682,6.446123799472162,0.7771076359876061
2030,23,426.7826086956522,433.95652173913044,6.126119919905385,4.78556753345908,0.6243129737738577
2031,69,426.27536231884056,161.52173913043478,10.729068753023395,8.292634142743195,0.6345123051136995
2032,23,426.9130434782609,464.5652173913044,7.078622165629161,4.038906779267536,0.8212433457062595
2033,29,426.6896551724138,594.2068965517242,6.54363613887079,5.722587527364035,0.48497654247675387
2034,94,428.6489361702128,510.1170212765957,14.698498499602069,8.473821946471936,0.8170905452434906
2035,111,427.8738738738739,4.495495495495495,13.220285841937267,10.734964512456699,0.5836477090791108
2036,42,428.0,64.66666666666667,10.203046604970035,5.659047985641541,0.8320884479559334
2037,26,427.65384615384613,424.0,6.492464878549775,5.046702049452254,0.6291093595115603
2038,99,428.2929292929293,198.989898989899,12.20040594402353,10.471596299650084,0.5131498958219668
2039,63,428.8412698412698,459.6825396825397,11.437669351542702,7.388685280218128,0.7633410434921752
2040,39,428.43589743589746,554.9230769230769,8.828815175430874,5.59709739580915,0.7733675339592432
2041,24,428.8333333333333,580.125,5.811014160855937,5.247634703167451,0.4295360352800381
2042,98,428.33673469387753,107.14285714285714,16.347120908567188,8.072265826170844,0.869573507453373
2043,27,428.81481481481484,190.74074074074073,6.72817083179805,5.156457706453502,0.6423658375719924
2044,39,428.7435897435897,261.35897435897436,7.7841213013362225,6.554416928518931,0.5394400699561936
2045,101,428.3267326732673,443.1980198019802,14.726913807869833,9.016507298983031,0.7906666400195627
2046,66,427.8181818181818,380.8787878787879,16.48461916130992,5.697633228207678,0.938369663714114
2047,109,429.8440366972477,309.2844036697248,15.73366129296522,8.953381358155072,0.8222967038993308
2048,23,430.30434782608694,398.7826086956522,7.188575495326848,4.128282794567049,0.8186562540713839
2049,73,429.93150684931504,301.1095890410959,12.056029114661388,8.117376065429047,0.7393654979289949
2050,67,430.1194029850746,532.1044776119403,10.488651092164115,8.15724584891113,0.6286094208722954
2051,70,431.4,171.84285714285716,14.387978937058474,6.313440543358016,0.8985849105377406
2052,107,431.25233644859816,280.4579439252336,17.512629507140687,8.273309210105827,0.8813737761143835
2053,83,431.30120481927713,521.6867469879518,11.388559664048724,9.52369502042049,0.5483467652903171
2054,96,431.8125,16.791666666666668,13.376803924446449,9.208918086424138,0.7253081129981567
2055,42,432.1666666666667,186.83333333333334,8.071112509614592,6.891448577190683,0.5205335394496764
2056,87,431.2068965517241,242.367816091954,12.187575896297314,9.481604944521843,0.6282977129944252
2057,45,432.15555555555557,274.5111111111111,8.877837743259146,6.46317561108098,0.685564003609684
2058,121,431.3636363636364,288.73553719008265,17.11775819187065,9.353242215944098,0.8375205733959256
2059,37,431.8378378378378,454.43243243243245,7.856124172225718,6.147155594434316,0.6226924246379579
2060,6,432.1666666666667,548.1666666666666,3.1269438398822857,2.309401076758503,0.674199862463242
2061,30,431.73333333333335,597.1666666666666,7.229033763294612,5.268666683984129,0.6847050054706763
2062,130,432.46923076923076,146.4923076923077,14.495281483794463,11.548957197024393,0.6043234584532262
2063,8,433.875,181.875,3.4641016151377544,2.7386127875258306,0.6123724356957945
2064,48,432.4583333333333,435.6041666666667,8.121908646093233,7.516640055390026,0.37880368219175925
2065,19,433.1578947368421,567.8421052631579,5.271572221283753,4.5005385950383054,0.5207037318817046
2066,111,433.6666666666667,156.36936936936937,14.654772423501942,10.034956460521359,0.7287715656193796
2067,10,433.0,400.8,3.919183588453085,3.0983866769659336,0.6123724356957945
2068,66,433.95454545454544,492.3181818181818,11.694704154072475,7.769741371153569,0.7473939020103145
2069,26,433.15384615384613,591.5769230769231,6.017223646743642,5.485332950080133,0.4110666397770876
2070,52,434.21153846153845,165.07692307692307,8.920096301501996,7.60099185884333,0.5233465587333141
2071,54,434.18518518518516,503.75925925925924,10.02448804241701,7.115211702191258,0.7044203441548259
2072,29,433.8965517241379,580.551724137931,6.867203280524426,5.376183614548836,0.6221750182373321
2073,51,434.70588235294116,50.470588235294116,9.662797480484832,6.713833348438538,0.7191908398665614
2074,78,435.11538461538464,68.2051282051282,12.164324467413648,8.219075837442603,0.737203705950461
2075,86,434.6046511627907,257.6511627906977,14.036057623749938,7.990219167040493,0.8221549446488129
2076,118,433.9830508474576,476.46610169491527,14.415805611586322,10.840548827001045,0.659173946975069
2077,105,435.25714285714287,101.4095238095238,11.894683689841203,11.400665977296326,0.28520227109459145
2078,3,435.3333333333333,573.6666666666666,2.3094010767585034,1.3333333333333333,0.816496580927726
2079,54,435.7037037037037,193.72222222222223,8.691992945157693,7.9834799895056925,0.39545185107624836
2080,70,435.4,268.54285714285714,12.585025033424078,7.1752979039291525,0.8215435965715938
2081,115,433.4,484.6521739130435,19.854600109821575,8.259592352000679,0.9093627998901089
2082,84,436.70238095238096,42.107142857142854,12.265963894040365,8.74737968148452,0.7010191366188967
2083,43,436.2093023255814,248.11627906976744,9.234305125907644,5.98806044563568,0.7612503030442144
2084,41,435.8536585365854,527.1951219512196,8.338847053202056,6.351463116463293,0.6479632306750716
2085,59,436.3898305084746,539.8305084745763,8.888316156242091,8.604586919548678,0.2506475683940738
2086,55,436.6363636363636,23.30909090909091,9.698995233495964,7.456157512355297,0.6395425946846334
2087,45,436.68888888888887,229.7111111111111,8.538225577428943,6.794873724154836,0.6055358686424488
2088,45,436.8666666666667,239.0222222222222,10.478593856137671,5.573354526194886,0.8468197346314741
2089,160,437.85625,220.36875,17.391418904694145,11.884119592188858,0.7301074336653731
2090,55,437.6363636363636,337.5272727272727,14.709086799583936,4.785078933344638,0.9456058844286306
2091,93,437.9032258064516,131.29032258064515,12.946239188791958,9.229085633644864,0.7012883422025118
2092,45,438.31111111111113,533.2444444444444,8.540398598082914,6.714926191788859,0.6179028877223449
2093,131,439.30534351145036,59.10687022900763,16.966326847295846,10.1618478608554,0.80079231421934
2094,138,438.7608695652174,111.80434782608695,18.357185872248568,9.79984904380977,0.8455838267745981
2095,14,438.2142857142857,301.7857142857143,5.9143273407509565,3.043949747553235,0.8573860311337047
2096,112,437.92857142857144,512.3392857142857,14.773503913814833,10.272993645234497,0.7186556905285265
2097,50,438.18,548.84,9.315379554019879,6.809970907760797,0.6823281866598052
2098,38,438.89473684210526,186.94736842105263,7.441149452125687,6.48782696357154,0.48971058723219063
2099,125,439.288,294.688,15.277248703367434,10.6317009013355,0.7181219823301229
2100,21,439.3809523809524,557.2380952380952,5.480950312357393,4.886002033668824,0.4531158898801007
2101,61,440.9344262295082,569.2950819672132,9.213292088997203,8.4279490669519,0.40399819358196015
2102,47,441.1276595744681,235.89361702127658,10.140015662442172,6.4357675958202725,0.7727667641833988
2103,77,441.15584415584414,254.45454545454547,12.502994047164757,8.037669621314368,0.7659840390783539
2104,71,441.2535211267606,406.63380281690144,9.989223015135629,9.145107950794603,0.4023238301739207
2105,71,440.7042253521127,439.3521126760563,13.959901789551822,6.547094540778322,0.8832019467706493
2106,93,440.2258064516129,453.98924731182797,13.94529846293501,8.58989247980321,0.7877692187351744
2107,31,440.80645161290323,577.2258064516129,6.646115121186366,5.953672761636273,0.44443225539911413
2108,82,441.7560975609756,277.109756097561,11.742510807706816,9.12210422865751,0.6296925571766349
2109,75,442.38666666666666,521.2933333333333,12.054138559751301,7.976351799335413,0.7497593097178198
2110,26,442.15384615384613,1.4615384615384615,7.263599190442222,4.7140614464935835,0.7607901013340375
2111,171,441.719298245614,209.16959064327486,16.16027310883636,13.568178282382304,0.5432039131280797
2112,67,441.82089552238807,265.7014925373134,10.944384465519766,7.884293486351935,0.6935627213204346
2113,26,442.0,353.5,6.201736729460423,5.203549084703927,0.5440588203494177
2114,72,441.7916666666667,499.2361111111111,11.68108527470476,8.121934932760125,0.718713309844422
2115,30,442.1666666666667,334.73333333333335,7.229033763294612,5.268666683984129,0.6847050054706763
2116,113,443.6991150442478,489.8053097345133,13.545281472430203,11.261631997022064,0.5556650140416761
2117,146,444.1917808219178,118.10958904109589,21.95732189560225,8.717768665008645,0.9178045853489039
2118,21,443.3809523809524,400.23809523809524,5.480950312357393,4.886002033668824,0.4531158898801007
2119,4,442.5,423.5,2.0,2.0,0.0
2120,70,444.07142857142856,68.18571428571428,11.596416703155802,7.926695869141897,0.7299064983415581
2121,79,444.3164556962025,244.65822784810126,10.933723664500762,9.360307667869725,0.516818261030598
2122,142,444.49295774647885,475.16901408450707,15.964436617225406,11.751058187809106,0.6768975700353158
2123,98,445.94897959183675,529.1224489795918,12.410489637134532,10.50482074271763,0.5324731070743173
2124,41,444.7560975609756,512.0243902439024,9.003502793750686,6.018264479216023,0.7437697558060089
2125,47,445.0425531914894,7.914893617021277,8.083776583883948,7.5538656132298785,0.35610066864632905
2126,71,445.84507042253523,443.92957746478874,11.1143487924297,8.219315456644814,0.6731313984429229
2127,35,445.1714285714286,584.9142857142857,7.8361639781693935,5.712735809905008,0.6844902825613193
2128,68,445.38235294117646,25.691176470588236,10.462455393672121,8.504059857258552,0.582519352625243
2129,159,445.3647798742138,93.8993710691824,15.671182096476018,13.25026580737191,0.533946992825333
2130,100,445.87,284.89,13.412129280855158,10.1099351211384,0.6571148606285598
2131,78,445.64102564102564,380.6025641025641,10.760692849547379,9.216926635461821,0.5160863817220038
2132,35,445.9428571428571,370.6857142857143,7.592251274668503,5.868505195989497,0.634454973293996
2133,73,446.2328767123288,80.27397260273973,12.983945217890135,7.167697191982187,0.8338155855683783
2134,45,446.8666666666667,233.75555555555556,8.114893039027795,7.212428734420109,0.45831635379423186
2135,59,447.10169491525426,344.3728813559322,10.56770091383032,7.090314708419565,0.7415098055738578
2136,42,447.5,301.5,9.894683517160209,5.380741673076394,0.8392140106325819
2137,17,447.52941176470586,416.6470588235294,4.957954707224818,4.338609156373124,0.4839775141824608
2138,39,448.3076923076923,18.153846153846153,8.692083539231389,5.843281288155306,0.7403212724774466
2139,113,447.3805309734513,226.16814159292036,15.213078967840586,9.969249821316499,0.7553619285998556
2140,52,447.59615384615387,271.4807692307692,9.422794769170439,7.252279236399381,0.6384628054399607
2141,70,448.85714285714283,363.4142857142857,10.590506853510618,8.510326338141384,0.5951958883224199
2142,98,447.8469387755102,455.5,15.22933287227687,8.746936777004981,0.8186112523063451
2143,27,448.5925925925926,317.51851851851853,6.720680652327869,5.050208431791945,0.6597980127807583
2144,13,448.0,336.3076923076923,5.055900530816918,3.1378581622109447,0.7841012784167711
2145,61,448.9836065573771,536.655737704918,12.280286261376991,6.3516285551098,0.8558515525263447
2146,4,448.5,555.5,2.0,2.0,0.0
2147,87,448.7241379310345,564.0919540229885,13.789105036096363,8.145353030303152,0.8068844307658686
2148,39,448.8205128205128,2.8205128205128207,7.221503278201888,6.96868563097093,0.26228301571474844
2149,117,449.3333333333333,104.12820512820512,13.121884287920993,11.868121719766272,0.42657424062522276
2150,131,449.4351145038168,124.46564885496183,17.29526078108263,10.187250800194962,0.808118612559844
2151,59,450.1864406779661,215.03389830508473,10.051187776641957,7.659651635391263,0.6475013231727699
2152,46,450.0217391304348,240.3695652173913,9.432944912028287,6.348621466195962,0.7396184097452366
2153,110,450.1181818181818,544.8545454545455,12.973303957880603,11.053775210303064,0.5234765198642725
2154,41,450.4390243902439,497.0243902439024,9.034147102663397,5.924159635643914,0.7549764048439438
2155,106,448.7358490566038,504.45283018867923,15.250677612109586,9.32438020795827,0.791315831889595
2156,214,451.39719626168227,426.8317757009346,17.644835023524017,15.809631579330508,0.44407012889257563
2157,35,450.9428571428571,580.7428571428571,7.33410799862878,6.156350849555008,0.5434929743699294
2158,126,451.4920634920635,255.484126984127,17.684496084338647,9.334161722584877,0.849358679497763
2159,64,451.109375,323.125,10.68319387242348,7.594600873924411,0.7033008293303944
2160,107,451.98130841121497,401.1682242990654,14.076820163201907,9.704112539395162,0.7244111052407651
2161,138,452.3840579710145,264.463768115942,18.807925798081975,10.054765342156713,0.8451036027048847
2162,123,452.7235772357724,31.73170731707317,13.473320626628157,11.704954176118848,0.49524998742153914
2163,101,452.26732673267327,48.23762376237624,11.83558594794038,10.97119394700071,0.3751436431899638
2164,65,453.66153846153844,20.923076923076923,10.54407473491373,7.9924670412002525,0.6522481157488721
2165,69,456.7391304347826,237.7536231884058,15.427962936598211,5.851216009778945,0.9252899646826416
2166,22,454.0,388.8636363636364,5.565537405459625,4.972652484064489,0.44911866736375994
2167,203,453.4975369458128,468.01477832512313,19.727965731711485,13.257058099285416,0.7405573498104332
2168,140,454.5,513.5714285714286,16.46082828539882,10.956514673529501,0.7462985243011132
2169,92,453.89130434782606,275.4782608695652,13.49631236846899,8.89068385710795,0.7523626789609527
2170,101,454.1980198019802,522.5940594059406,14.10108160264457,9.293586575386604,0.7520824264374014
2171,81,455.0740740740741,248.93827160493828,13.767248732817766,7.525629021665855,0.8373724605375974
2172,45,454.8666666666667,381.3333333333333,8.718281614544795,6.516339217735778,0.6643361852023243
2173,74,455.02702702702703,6.45945945945946,10.935086742834132,8.615319601422529,0.615854129740453
2174,52,455.4423076923077,230.78846153846155,9.030533811774344,7.735248829806041,0.5160373754997996
2175,96,454.65625,437.59375,14.260229932978278,9.043299117316478,0.7732000224358956
2176,78,455.0897435897436,450.6025641025641,12.44287277293677,8.23101081980495,0.7499415861230371
2177,77,456.3246753246753,531.0,11.334332094266653,8.728341953159878,0.6379473821222246
2178,214,457.0514018691589,481.8878504672897,21.344149507237,13.109054828519904,0.7891694304806687
2179,34,456.8235294117647,579.8235294117648,7.432484114115142,5.920790297595189,0.6044937509511275
2180,113,457.56637168141594,363.27433628318585,13.850437240924714,10.889084195769183,0.6179840360637163
2181,21,459.1904761904762,50.23809523809524,5.961246054476275,4.485406812784875,0.6586748189922972
2182,255,457.4313725490196,206.40392156862745,21.597041467840203,15.465953819810084,0.6979828590018102
2183,12,459.0,374.5,4.47213595499958,3.265986323710904,0.6831300510639732
2184,44,459.04545454545456,442.9318181818182,9.218757671156709,6.237553124740529,0.7363366364883224
2185,153,458.4313725490196,492.718954248366,16.54002991788788,12.400322810831666,0.661759868941115
2186,94,459.9255319148936,503.5531914893617,12.332544251947299,9.851444093867842,0.6015743076830602
2187,28,459.85714285714283,19.5,6.546536707079771,5.421047417431507,0.5606119105813882
2188,29,459.48275862068965,37.10344827586207,6.951297294022042,5.770319610157479,0.557604332219922
2189,78,460.65384615384613,245.35897435897436,17.03617201413203,6.287564841714464,0.9294010216201314
2190,20,461.75,571.25,5.138093031466052,4.9396356140913875,0.2752409412815902
2191,23,461.39130434782606,1.434782608695652,6.667281608803804,4.352291467154875,0.757544515981121
2192,48,461.3958333333333,26.416666666666668,8.27941383773776,7.382405950270385,0.4527095449470833
2193,82,461.609756097561,43.36585365853659,12.362548198023298,8.442280594432535,0.7305197000924312
2194,182,460.3956043956044,222.9010989010989,19.72976645740679,11.874293419664898,0.7986116928746417
2195,213,462.943661971831,60.8075117370892,23.96013715466968,11.634118930767762,0.8742025386650274
2196,32,462.09375,577.0,7.211102550927978,5.599944196150529,0.6300278534746271
2197,173,462.4335260115607,457.7456647398844,18.33358704277353,12.334425991667546,0.7398448162912007
2198,63,463.42857142857144,234.84126984126985,12.153393537518538,6.987570512872586,0.8181898821543389
2199,70,462.95714285714286,331.0285714285714,12.09213208199036,7.3927111702266135,0.7913484361345742
2200,70,462.57142857142856,562.9571428571429,11.64594303756047,7.748059042699801,0.7465751192731981
2201,76,463.7894736842105,254.76315789473685,12.356780942949198,8.170431329340508,0.750200563980781
2202,49,463.0816326530612,266.59183673469386,8.218212113347807,7.765375477008426,0.3273637329042344
2203,88,463.65909090909093,402.625,14.19488489063478,7.956433228431442,0.8281448761266486
2204,41,464.2682926829268,300.5121951219512,8.444202178615297,6.1707341522009065,0.6826282641178181
2205,49,463.57142857142856,533.8979591836735,9.728402909659552,6.430773272500334,0.7503588305748223
2206,16,464.5,353.0,4.898979485566356,4.0,0.5773502691896258
2207,142,464.2887323943662,422.6901408450704,14.264379323530955,13.214203098563836,0.3765957148011715
2208,23,463.95652173913044,519.2608695652174,6.668924866928679,4.370583561216295,0.7553118601706762
2209,102,465.7352941176471,447.0098039215686,12.95332014440555,10.291374131369246,0.6072680629131054
2210,30,465.3666666666667,545.3333333333334,6.693042642763638,5.733610668092022,0.5158941379799652
2211,16,466.375,287.25,4.837183752516743,4.165531580049303,0.5083541641390434
2212,120,466.3,32.36666666666667,16.90137572661677,9.623879368699765,0.8220509329179226
2213,50,466.14,321.7,9.200463223309699,6.928049976474313,0.6580079328813081
2214,102,465.38235294117646,435.8529411764706,14.677704995749572,8.992232598601106,0.7903576831945525
2215,86,467.6162790697674,11.779069767441861,13.60816696923109,8.33915020457716,0.7902343083475117
2216,75,467.56,260.3066666666667,12.25357672247376,8.423432380093328,0.7262540305637346
2217,8,467.5,374.0,3.4641016151377544,2.8284271247461903,0.5773502691896258
2218,20,467.6,20.75,5.928859703180827,4.253072139054143,0.6967121764893405
2219,76,468.85526315789474,242.8684210526316,12.416451009815358,7.9179062993780445,0.7702891251370882
2220,20,468.55,282.9,5.43049395674125,4.723318260057939,0.4934451587764514
2221,83,469.56626506024094,573.0602409638554,12.05893984689186,8.876429386621322,0.6768868912451336
2222,54,469.037037037037,3.314814814814815,9.469853564598418,7.361771063454378,0.6290187000921745
2223,115,468.4695652173913,311.18260869565216,14.250909225942834,10.57715814028866,0.6701680937013127
2224,56,468.3392857142857,367.875,11.386166956510932,6.345342016295472,0.8303211646881118
2225,51,469.27450980392155,553.6862745098039,8.47372332451414,7.644288836272283,0.43149175798430806
2226,166,471.04819277108436,466.421686746988,19.653471641028954,11.04060328701574,0.8272978632795658
2227,146,471.0,523.068493150685,14.58929822254097,12.919478813987313,0.46455377344539
2228,119,469.6386554621849,206.52941176470588,14.495954300080712,10.578223096574074,0.683728768628002
2229,56,470.14285714285717,232.26785714285714,10.447075126598968,7.208020537894392,0.7238514579112063
2230,54,470.537037037037,429.6296296296296,8.54783661327949,8.208801413456962,0.2788429232900667
2231,14,470.2142857142857,592.6428571428571,4.742873420478221,3.686025552052299,0.6292889820590859
2232,76,469.3421052631579,216.98684210526315,11.437523195411927,8.568137490255456,0.662428374257313
2233,50,470.18,482.24,8.779915877176371,7.367026346478356,0.5440125195249378
2234,156,470.55128205128204,537.0128205128206,16.660828461417623,13.095812028205764,0.6181959052678595
2235,61,471.26229508196724,504.1803278688525,10.369373439183706,7.542400928023679,0.6862424547201921
2236,31,471.2903225806452,287.1290322580645,7.020309963513199,5.58254240950935,0.6063487354533175
2237,54,471.8333333333333,250.09259259259258,9.233587968681713,7.62622020196923,0.5637849142978639
2238,20,471.25,363.65,5.590562123769462,4.667506308541457,0.5504163163449792
2239,138,472.536231884058,474.7608695652174,20.53344736040412,8.950322247606076,0.8999999988924798
2240,83,472.28915662650604,404.8313253012048,11.01842844424281,9.924110956070418,0.4344768937174035
2241,35,472.74285714285713,596.7142857142857,7.211737334776448,6.198932406595384,0.5110321651738773
2242,80,473.4375,17.575,11.385898101336222,9.154715966428899,0.5945753916201746
2243,26,473.5,298.0,6.201736729460423,5.203549084703927,0.5440588203494177
2244,5,473.6,10.8,3.098386676965933,1.7888543819998317,0.816496580927726
2245,316,474.67721518987344,56.348101265822784,27.410968769095863,15.559442466882842,0.8232799001611801
2246,48,474.4791666666667,327.1041666666667,8.514219121471106,7.141021205870132,0.5445673688026148
2247,191,474.65968586387436,416.4188481675393,17.51369701403908,14.243322541667846,0.5818898451172071
2248,60,474.56666666666666,436.9,9.74667090253109,8.09761046276262,0.5565593915688917
2249,142,474.23943661971833,37.99295774647887,18.161816822142427,10.13386040165297,0.8298569936463077
2250,70,475.37142857142857,238.9142857142857,11.717500399066797,7.814153871303028,0.7451661036217988
2251,45,476.6,211.37777777777777,11.357945645038628,5.547597331858797,0.8726013087134585
2252,166,476.21084337349396,225.66867469879517,18.414764005171595,12.995637569019124,0.7084924536275521
2253,118,476.45762711864404,456.1694915254237,12.946625852329923,11.73571566211967,0.422272255640744
2254,29,477.0344827586207,389.9655172413793,7.128014886050535,5.137580476648501,0.693185794533946
2255,36,476.69444444444446,427.05555555555554,7.969483543992915,6.4161004034931635,0.593161375058002
2256,35,477.14285714285717,560.7428571428571,8.210794319372093,5.471857453544063,0.7455743777433096
2257,55,477.9818181818182,528.9818181818182,10.169102087723935,7.001081905921088,0.7252685360020448
2258,24,478.0,586.625,6.198117993929017,4.898979485566356,0.6125937884721167
2259,20,478.15,374.55,5.440588203494177,4.774934554525329,0.4793012932694109
2260,13,478.53846153846155,552.8461538461538,4.3616645597524775,3.756591133295642,0.5081397159034496
2261,58,478.8448275862069,345.5,10.334453820623159,7.2197059087580255,0.7155070966593392
2262,45,478.0888888888889,442.46666666666664,9.182005513364528,6.3588887480886225,0.7213812900376116
2263,155,479.43225806451613,399.56129032258065,17.96532604240063,11.741461566243519,0.7568726393059868
2264,99,477.1515151515151,26.141414141414142,16.070302682440904,8.108326804779916,0.8633804532549891
2265,23,480.0869565217391,235.04347826086956,5.891910383271887,5.200692913477438,0.46996764647671424
2266,144,479.7013888888889,196.45833333333334,16.232492998647004,11.423490718019533,0.7104554051256241
2267,38,479.7105263157895,272.6578947368421,8.42168621366474,5.727937965859087,0.7330808911450233
2268,204,479.6372549019608,485.0,20.827705439398404,12.779555090289342,0.7896291454374963
2269,134,479.74626865671644,8.865671641791044,16.332902807528384,10.621347797231456,0.7596743015483256
2270,49,479.9795918367347,432.6734693877551,9.308453964080607,7.007813697004208,0.65819899328272
2271,72,481.93055555555554,19.125,10.713779731653014,8.844269144543674,0.5643961137754357
2272,126,482.6904761904762,186.55555555555554,14.266131918823648,12.705703446868268,0.4547481567655354
2273,164,481.9878048780488,517.0487804878048,17.367793239901793,12.732799531641259,0.6800916744198074
2274,44,482.52272727272725,547.0909090909091,9.6070019946336,5.871465550987106,0.7915030421901209
2275,56,481.85714285714283,43.285714285714285,11.774313816452176,6.437947406181924,0.8372769775009608
2276,46,482.7608695652174,378.8478260869565,8.977920687281278,6.529413069251868,0.6863466723207625
2277,76,483.8157894736842,223.03947368421052,13.238624284995225,7.4524748276901365,0.8265016924539987
2278,92,483.0108695652174,243.0326086956522,16.29861433588328,7.276328936395847,0.8948143191224007
2279,109,481.2201834862385,495.5963302752294,14.7722438932627,9.710192499940801,0.7536056106143517
2280,48,483.3333333333333,583.9583333333334,9.76006042421367,6.398098542547037,0.7551614720709008
2281,62,483.0,49.403225806451616,9.854581097429534,8.200824136259207,0.5544996736295106
2282,66,482.2878787878788,205.66666666666666,13.523155808028799,6.454212245208074,0.8787560758430539
2283,23,483.5217391304348,553.6086956521739,5.656854249492381,5.223185188758681,0.3839896028838194
2284,90,483.97777777777776,213.4,12.443957779795667,9.63800418402099,0.6325582758252237
2285,54,484.1296296296296,341.1111111111111,9.819471508036006,6.97087286256939,0.7042994012786877
2286,46,484.45652173913044,422.19565217391306,8.747346336604584,6.8440638476191955,0.6227561177022262
2287,157,485.9872611464968,33.12101910828026,16.827662875746654,12.1059745222096,0.6945865572227443
2288,48,484.4583333333333,250.4375,9.435902755132911,6.4966756692350485,0.7252306439717457
2289,26,485.11538461538464,233.84615384615384,6.35545666921016,5.22725041079467,0.5687907524169874
2290,89,485.4831460674157,413.5730337078652,11.522767052153034,9.956703863295676,0.5033379179436307
2291,41,485.4634146341463,573.4146341463414,8.424467131967841,6.129703686493657,0.6859939021596654
2292,88,485.67045454545456,387.0,12.156278239831144,9.329134504094005,0.6411286185001154
2293,40,486.875,434.35,10.208792804710558,5.828425985674858,0.8210041980354118
2294,128,486.3984375,366.1015625,17.036637488867388,9.774860865910995,0.8190267812174522
2295,186,486.7956989247312,462.98924731182797,18.690008091245186,13.361513903256053,0.6992252250791053
2296,70,486.7857142857143,439.85714285714283,12.174973090917605,7.404261709307822,0.7938188711360588
2297,243,485.2551440329218,505.8024691358025,22.886856810216948,14.243877791836809,0.7827306634062555
2298,9,487.0,542.0,3.265986323710904,3.265986323710904,0.0
2299,58,489.5,267.3965517241379,11.745544677774417,6.352457328517318,0.841125659901272
2300,201,488.3134328358209,448.67164179104475,20.663593200484673,12.797992799296027,0.7851151484135253
2301,47,488.70212765957444,585.0425531914893,9.569940961589802,6.357233613575933,0.7474733185394787
2302,63,490.23809523809524,22.761904761904763,10.463113084338701,7.96488319798746,0.6484766436200528
2303,76,490.2368421052632,205.22368421052633,13.75450708891001,7.487512418710813,0.838846569612516
2304,91,490.032967032967,406.2857142857143,14.87146181280462,8.083333948395783,0.8393789300101567
2305,114,489.60526315789474,428.9298245614035,17.56969345997622,8.667177647169249,0.8698577023264387
2306,102,491.62745098039215,471.12745098039215,14.815355919864537,9.013341824851954,0.7936471384201061
2307,45,490.9111111111111,495.7111111111111,9.086342889241264,6.385659284997359,0.7114116799514715
2308,38,490.39473684210526,550.3421052631579,7.90840223805204,6.05561478630085,0.6431751179654632
2309,73,489.6575342465753,13.616438356164384,12.265246937997407,7.796495053177174,0.771971283230831
2310,259,490.4826254826255,61.3938223938224,25.20600030040808,14.020164193830619,0.83103288828745
2311,137,490.77372262773724,396.6131386861314,14.256269676626662,12.566802574451074,0.4721970041923815
2312,177,491.22033898305085,3.926553672316384,22.91170137451659,10.558360555984125,0.8874893077802274
2313,101,491.6732673267327,41.306930693069305,14.45499224681519,9.012434006211612,0.781837343919903
2314,77,491.8051948051948,196.92207792207793,13.5501087652105,7.518070673764772,0.8319606024582838
2315,34,491.5882352941176,256.5882352941176,6.721344403334447,6.452380800377453,0.2800560168056019
2316,29,491.44827586206895,529.4137931034483,6.587153268826374,5.536659292153485,0.5417745765101216
2317,90,492.1777777777778,488.3333333333333,12.901038006606958,8.953694793259832,0.7199470232773307
2318,123,492.4959349593496,218.95934959349594,15.726364598016609,10.126249636976548,0.7651073324266621
2319,17,492.47058823529414,262.05882352941177,4.961768454286405,4.654523695317249,0.34642527672463713
2320,6,494.0,211.5,3.265986323710904,2.0,0.7905694150420949
2321,75,492.18666666666667,228.92,14.455838812063334,6.809464966392903,0.8821049564477321
2322,62,491.0483870967742,479.11290322580646,11.473297978409237,7.378658343580084,0.7657690021801957
2323,111,493.7927927927928,520.2252252252252,13.706430108251212,10.454753019251553,0.6466785385445822
2324,155,493.89032258064515,188.0193548387097,21.521845784794124,9.470774257985259,0.8979713134748439
2325,75,493.76,376.81333333333333,12.030127014208567,8.088485617071022,0.7402311500907437
2326,34,493.6764705882353,563.2941176470588,6.809841606289649,6.433565355197641,0.3278055151687869
2327,58,494.2241379310345,387.51724137931035,9.947231677833832,7.645319958157423,0.6397444341234129
2328,70,494.85714285714283,555.2,12.723713615629647,7.179176917669313,0.8256135706561246
2329,74,495.31081081081084,281.18918918918916,11.709993717474394,8.067343857197827,0.7248296746239631
2330,70,494.92857142857144,338.1857142857143,14.476198121888217,6.527343912196219,0.8925735595255767
2331,183,495.5027322404372,419.42076502732243,18.101079270371894,13.279224021198429,0.6795652807480977
2332,14,495.2857142857143,537.5,4.20883424647321,4.120630029101703,0.2036532699906393
2333,22,496.09090909090907,547.0909090909091,5.502816709244202,4.972652484064489,0.4282593998234223
2334,66,497.8484848484849,208.5,11.488502499635239,7.6045262205790625,0.749570134248182
2335,72,496.9583333333333,454.30555555555554,13.3543414982383,7.418143103165896,0.8315262209083145
2336,115,498.90434782608696,14.773913043478261,13.660614788150948,10.981679391090097,0.5947732725428972
2337,81,499.58024691358025,182.88888888888889,13.306459858631662,8.114643469395933,0.7925342732239646
2338,165,498.6484848484848,270.3090909090909,17.785250954517103,12.183838216353552,0.7284932997523265
2339,54,498.77777777777777,381.48148148148147,9.37092311396693,7.472257624796185,0.6034675308390832
2340,102,498.1666666666667,50.05882352941177,12.422228759480463,10.8181126882555,0.4915182236986288
2341,185,498.4918918918919,172.3945945945946,17.332133534207834,14.283687755733862,0.5664211286635691
2342,64,499.15625,244.953125,11.687377641984064,6.980646288392717,0.8020321962723556
2343,155,499.2451612903226,437.31612903225806,16.230875211495942,12.335548866239623,0.649917041678218
2344,82,500.2439024390244,293.5487804878049,11.465929803126219,9.3876478753413,0.5741604042345083
2345,65,500.73846153846154,202.33846153846153,12.091138076766269,6.96696355609851,0.8173058264365802
2346,192,500.53125,26.619791666666668,17.83138771389592,13.837017495433894,0.6307425230692189
2347,76,502.64473684210526,390.75,12.41621930693437,8.50245798289642,0.7287438518349121
2348,132,501.0,64.86363636363636,16.667966736742216,10.325145855094288,0.7850278814720835
2349,55,502.3454545454546,250.4909090909091,12.445607287726657,5.852406418950898,0.8825392613640289
2350,123,500.1219512195122,477.9024390243902,16.94375976911828,10.02752618092683,0.8060757717381022
2351,31,501.8709677419355,510.2903225806452,9.324711654092615,4.39382930013283,0.8820249522099346
2352,41,501.9512195121951,226.3658536585366,8.66738989836624,6.0214344629974645,0.7192774550679243
2353,36,501.97222222222223,286.55555555555554,8.46193632961724,5.763921759299921,0.7321357740750747
2354,9,502.0,361.0,3.265986323710904,3.265986323710904,0.0
2355,142,502.1830985915493,401.00704225352115,14.353184633719632,13.1464511393571,0.4013477965796852
2356,103,503.0485436893204,411.0485436893204,13.998684870383686,9.861184899646611,0.7097669932898197
2357,168,503.6666666666667,38.654761904761905,17.47403291141333,12.788463360624544,0.6814600793848844
2358,73,503.63013698630135,279.7260273972603,11.164437089015786,8.48971020419644,0.6494264816884529
2359,41,503.5609756097561,191.4390243902439,8.200977520062727,6.3661157655427525,0.6304091433554389
2360,43,503.30232558139534,375.16279069767444,7.7185938235315605,7.135052719913884,0.38142932663561674
2361,57,503.5263157894737,302.49122807017545,11.45359423091842,6.766485339773352,0.8068371061332867
2362,222,505.1171171171171,465.990990990991,19.587693683536443,14.815157179236794,0.6541668644926808
2363,77,503.35064935064935,524.8311688311688,11.688653699133562,8.489341254051403,0.6873894151097589
2364,48,503.8125,514.7291666666666,8.827982540482385,6.999805698767196,0.6093372828726683
2365,111,504.8378378378378,484.86486486486484,15.017033181088047,9.465495502748862,0.776337637246543
2366,62,505.2096774193548,495.66129032258067,10.206842396052572,7.711996812564389,0.6550664582557091
2367,116,505.8534482758621,4.9655172413793105,13.401114933120528,11.497190356253931,0.5137701071568864
2368,111,506.1981981981982,51.88288288288288,18.256493092681076,8.37715949251052,0.8885090043449311
2369,63,506.25396825396825,199.0,10.258832820652133,8.087452680298744,0.6152392753559922
2370,71,505.85915492957747,383.7323943661972,10.532669441421167,8.652587955396362,0.570208513224891
2371,163,505.6503067484663,451.680981595092,17.220583423006136,12.654505735752016,0.6782321805166934
2372,47,505.8085106382979,504.3191489361702,8.352098866185575,7.159615881944678,0.514944440420506
2373,15,505.6,531.4,4.618802153517006,4.026578365477733,0.4898979485566357
2374,13,507.2307692307692,91.76923076923077,4.8357641986159114,3.440104580768907,0.7027994916802892
2375,19,507.42105263157896,95.89473684210526,5.544698233777089,4.2956952169149805,0.6322808964466018
2376,120,506.6333333333333,256.525,14.955231511498466,10.252476415954616,0.7280307448040995
2377,43,506.86046511627904,426.1860465116279,8.207329767308162,7.336274061561598,0.4483291122228113
2378,45,507.8222222222222,440.55555555555554,8.317883210872004,6.981879836461484,0.5435422548273875
2379,72,507.93055555555554,183.97222222222223,11.071899853377374,8.575881860553162,0.6324969989123883
2380,71,508.1830985915493,243.01408450704224,10.514350562293036,8.766556835153914,0.5521109615859674
2381,63,509.1904761904762,325.1587301587302,9.963011906592316,8.051964713633788,0.5889276001991788
2382,38,508.6842105263158,415.94736842105266,8.672434627777523,5.562235352307556,0.7672321170170915
2383,70,509.27142857142854,306.6857142857143,10.729751615943021,8.407417865083628,0.6213145154303618
2384,62,510.1290322580645,176.75806451612902,10.627653377244888,7.715405978711705,0.6877215563052517
2385,41,509.9512195121951,192.09756097560975,7.441639910804676,7.166481830506033,0.269413698440689
2386,80,510.075,289.3125,11.59731124662317,8.99165567895856,0.6315656027559642
2387,82,510.0975609756098,297.0731707317073,12.552961258699009,8.624403283113166,0.7266183328422338
2388,76,509.5921052631579,433.25,11.30743468901014,8.841045267308052,0.6234302631095071
2389,14,510.57142857142856,262.42857142857144,4.951359420515517,3.914176105229529,0.6124290672687138
2390,145,511.53793103448277,272.1034482758621,18.236291328336797,11.154803473754592,0.7911040677329435
2391,61,511.3114754098361,395.24590163934425,11.290619683352023,7.840762988850869,0.7195416340890565
2392,128,510.7890625,539.9296875,14.030831452292544,11.644516011082569,0.5578772904346541
2393,54,511.44444444444446,28.51851851851852,8.841298188054596,7.8692264431487375,0.45585651305011615
2394,101,511.8019801980198,317.18811881188117,14.630479811197628,8.973172697658535,0.7898341634884921
2395,30,511.43333333333334,333.7,7.340493200514845,5.2983691008414,0.6921015402080105
2396,80,511.7,367.55,15.125151840813691,6.910121691571733,0.8895370889914231
2397,74,512.4864864864865,420.6081081081081,12.779577038091988,7.651571415869225,0.8009476946399152
2398,24,511.9166666666667,514.9166666666666,5.773502691896257,5.270462766947299,0.40824829046386285
2399,23,512.1739130434783,510.1304347826087,5.879028735726313,5.020220770807025,0.5204041439252232
2400,19,512.5263157894736,527.6315789473684,5.695310541255228,4.169006159014704,0.681297303141852
2401,166,512.3313253012049,61.6144578313253,18.173229980390637,12.134148457637261,0.7444362444390601
2402,60,513.6666666666666,98.03333333333333,10.976704554963025,7.821960638111462,0.7015741637892773
2403,36,512.6666666666666,171.08333333333334,7.708309362693309,5.927691146185858,0.6392485833672863
2404,100,514.19,282.79,15.156078948747759,8.857204462996496,0.8114661192540602
2405,168,513.8214285714286,18.779761904761905,18.087561459719165,12.072461035440108,0.7446586728038729
2406,52,514.8076923076923,186.48076923076923,11.249735804927411,6.019171584849105,0.8448203687268456
2407,46,513.8695652173913,596.8260869565217,10.072187533666002,6.0191093384372145,0.8017966025035401
2408,152,513.5328947368421,203.72368421052633,21.228915741049935,10.10937584372581,0.8793327612997439
2409,68,514.5294117647059,234.7058823529412,12.84262376297154,6.757891017715971,0.8503559073707377
2410,62,514.4516129032259,457.98387096774195,10.166644307706017,7.932231770233207,0.6255036575274913
2411,31,514.5483870967741,481.5806451612903,6.425754631219991,6.063143290049411,0.3311758133602729
2412,57,514.1228070175439,90.71929824561404,11.280098868663954,6.750789462816654,0.8011459660420502
2413,125,513.256,405.576,15.717876843678255,10.333603220898452,0.753504552338183
2414,127,515.1889763779527,8.393700787401574,15.184779180151335,11.542843015458965,0.6497373694675819
2415,126,515.3888888888889,444.41269841269843,15.858641627333519,10.474150052442939,0.7508528223026413
2416,24,515.6666666666666,504.125,6.081140986576509,4.932066489508719,0.5849866175853744
2417,139,517.3956834532374,32.143884892086334,19.461128454431897,9.973171932025318,0.8587073546333539
2418,44,515.8863636363636,344.54545454545456,10.565505635892299,5.405675751222004,0.8592032809945229
2419,49,516.3877551020408,387.61224489795916,9.461576284855989,6.690985458742188,0.7070390579709672
2420,16,516.75,0.875,6.602897716712576,3.025184579927621,0.8888696647386813
2421,50,517.58,474.32,10.507186585198447,6.041376504061453,0.8181705167704344
2422,59,517.9661016949152,226.4406779661017,9.208028489475298,8.098036683197833,0.4759840495861201
2423,98,517.6836734693877,326.5408163265306,16.691487126381254,7.699143228164511,0.8872641499056326
2424,92,518.8152173913044,267.0869565217391,11.244795360353255,10.811442110902155,0.2749382644968365
2425,92,518.2608695652174,528.8804347826087,14.525784214705654,8.131346457766943,0.8286364795478744
2426,48,518.9791666666666,173.625,8.49920694283702,7.15354482512364,0.5399890565641364
2427,138,519.0217391304348,311.1159420289855,15.370170093431456,11.624518566181509,0.6542205370826416
2428,154,518.9545454545455,428.84415584415586,15.414398904125827,12.917343652693818,0.5456625215828296
2429,17,519.2352941176471,554.2352941176471,4.752708206288037,4.56252221874478,0.2800560168056019
2430,78,519.0,299.96153846153845,10.976163576786723,9.51719956570683,0.49817087888724915
2431,29,520.1034482758621,217.17241379310346,7.10353671291595,5.112171406486839,0.6943207788666131
2432,44,518.9090909090909,339.75,11.819686845658728,4.812771703042163,0.9133467411040804
2433,9,520.0,580.0,3.265986323710904,3.265986323710904,0.0
2434,271,519.6088560885609,47.011070110701105,20.81620112994764,16.68681919806404,0.5978251393800146
2435,23,520.4347826086956,438.7826086956522,6.471123158254803,4.960314133140343,0.6422077452808788
2436,70,520.9,452.48571428571427,10.140331173940025,9.195285505059362,0.4215540567756423
2437,88,521.0113636363636,256.79545454545456,16.87813648249899,6.6676098622243,0.9186621157686025
2438,36,521.25,498.3611111111111,9.073426047373424,5.0692830973294605,0.8293727993887129
2439,80,521.5125,199.6375,12.204201862024972,8.59956143712842,0.7095655858577972
2440,155,521.8387096774194,354.13548387096773,16.62531958472767,12.062142146375356,0.6881921867698623
2441,96,520.9166666666666,392.3125,15.028078153685028,8.688110030128739,0.8159481011422625
2442,74,521.5135135135135,400.5945945945946,11.81808718552547,8.55334415362247,0.6900619554142936
2443,122,521.5655737704918,515.3934426229508,15.745693282113015,9.935185889734454,0.7758007326771414
2444,24,520.875,594.8333333333334,5.811014160855937,5.247634703167451,0.4295360352800381
2445,35,521.8857142857142,159.82857142857142,7.157275242904302,6.286716062652361,0.47798640264605646
2446,23,523.0,93.0,5.897678246195885,4.86335007099463,0.5656854249492381
2447,67,522.820895522388,207.8507462686567,10.042742360375936,8.57655096930779,0.5202649973748138
2448,54,522.6296296296297,286.0925925925926,9.757952687968368,7.537955168248245,0.6350226529342031
2449,77,522.9350649350649,191.85714285714286,11.829253962525657,8.413776690177801,0.702920340069962
2450,93,523.010752688172,367.4301075268817,14.723976602452206,8.16666371500223,0.8320832993980842
2451,55,522.7636363636364,408.76363636363635,11.758759859612242,6.067662255074668,0.8565812994767532
2452,77,523.6753246753246,460.1168831168831,11.401948011292504,8.711060651180505,0.6452191121446793
2453,53,523.5849056603773,77.28301886792453,9.283060102075366,7.536923458519143,0.5837954883889542
2454,54,523.9444444444445,14.037037037037036,8.758423681104162,7.960328647774088,0.41706455892582955
2455,103,524.3106796116505,331.97087378640776,13.395288627125558,10.907313378001394,0.5804934709048994
2456,149,523.993288590604,417.0738255033557,15.686351987309953,12.347245207270564,0.6167833083827199
2457,44,525.5909090909091,262.5,9.448402304898666,6.270784257738391,0.7480101724017559
2458,82,526.280487804878,340.6219512195122,12.906247400010484,8.924089140348174,0.7224195454515342
2459,11,525.9090909090909,106.36363636363636,4.346129984141888,3.067356324605906,0.7084437526351622
2460,45,525.4444444444445,154.17777777777778,8.88150493072339,6.5274997419828,0.6781167002954943
2461,143,525.6153846153846,277.8881118881119,17.282767255707594,11.056007072307311,0.7686140515305763
2462,88,525.6022727272727,555.75,13.087182302588735,8.544755670085182,0.7574352681112929
2463,103,526.6019417475728,439.1650485436893,15.415635134567237,9.467816975246855,0.789173936698063
2464,88,526.2954545454545,169.5909090909091,11.585986519769104,9.791442916151711,0.5345911065127401
2465,53,526.6603773584906,448.0188679245283,9.583023898409849,7.344188306185379,0.6423936649106262
2466,128,527.0234375,3.9453125,15.731754910558138,10.83767718697738,0.7248520895169082
2467,59,527.1525423728814,308.135593220339,11.215313238327909,7.039195537514784,0.7785025381550756
2468,110,527.6454545454545,322.8727272727273,16.247385524681164,9.157572893421674,0.8260248968953645
2469,72,528.3194444444445,485.06944444444446,12.695606255676074,7.257221287323697,0.820509763465618
2470,143,527.7412587412588,501.1888111888112,21.300794903502126,9.026281075513538,0.9057776674290458
2471,45,528.3777777777777,373.0444444444444,10.160130287666599,5.724316720828425,0.8261775991092473
2472,67,528.7910447761194,400.95522388059703,10.96885171617208,8.061232399056916,0.678153427740885
2473,181,528.3701657458563,23.81767955801105,20.112395511237246,11.837501765748733,0.8084481009004795
2474,59,529.0169491525423,99.64406779661017,9.960063150216358,7.558996182346232,0.6511715777522752
2475,65,529.3538461538461,270.46153846153845,11.680838506459112,7.303862960987561,0.7803958057489833
2476,49,529.5918367346939,90.53061224489795,9.008407115685879,7.080058978610323,0.6183039715973108
2477,72,528.3888888888889,179.13888888888889,12.459466116101005,7.733762785202316,0.7840372159158252
2478,106,530.1509433962265,428.4622641509434,16.09965384288743,8.79744006879146,0.837500474495286
2479,33,530.060606060606,11.666666666666666,7.496944623219015,5.626388159580214,0.6608808672715901
2480,114,529.8947368421053,300.9561403508772,14.121000239410712,10.508300335361682,0.6680000928243008
2481,66,530.0909090909091,204.74242424242425,11.61073935533107,7.236063311427858,0.7820453080138033
2482,86,530.5116279069767,258.5,13.790609306448133,8.101289101973075,0.8092606915151491
2483,60,531.4666666666667,393.8833333333333,11.967320999314463,6.929237996380132,0.8153180981022639
2484,118,531.3559322033898,161.65254237288136,13.966405933742712,11.017606472282786,0.6145667389630232
2485,76,530.2631578947369,185.6315789473684,13.21155690935369,7.64104128724262,0.8157813752584541
2486,15,531.2666666666667,133.66666666666666,4.77795383588526,3.981909289096598,0.5526820968472154
2487,52,531.3653846153846,354.4230769230769,8.69751284527097,7.901277958866501,0.41798793656571687
2488,73,531.3150684931506,454.4246575342466,10.344260304166614,9.070615667576211,0.48071979426869177
2489,138,532.268115942029,215.5144927536232,16.49065265577162,11.200694641491252,0.7339395843329678
2490,8,531.375,32.25,3.9722133299273006,2.6403638502198645,0.747102836415358
2491,188,531.0212765957447,40.734042553191486,22.6012942604615,11.018358451559807,0.8731173665471552
2492,124,530.5806451612904,292.0967741935484,16.342300861226484,10.331496334266623,0.7748105459132069
2493,137,533.4525547445255,347.43065693430657,16.76192764313793,11.35386414123551,0.7356514390664443
2494,74,532.6081081081081,409.7567567567568,10.24718235675877,9.201760176367742,0.4400371940925551
2495,17,532.9411764705883,597.7647058823529,5.415619343554922,3.980896596741624,0.6779837559404194
2496,28,533.4642857142857,477.57142857142856,6.645618567363629,5.373692416173669,0.5883494116958796
2497,39,533.9487179487179,173.48717948717947,8.484346307200088,5.876671070791692,0.721275147691015
2498,73,533.7945205479452,248.34246575342465,11.49803187866516,8.205204515321624,0.7005348681927547
2499,92,533.304347826087,370.5869565217391,16.157591765970285,7.696898546027547,0.8792480497607756
2500,39,534.9230769230769,269.1025641025641,10.107255787648018,4.934534054388207,0.8727222726669982
2501,76,534.4868421052631,330.36842105263156,13.424548193538532,7.576045422785874,0.8255406388970047
2502,69,535.2753623188406,438.42028985507244,12.366287332805461,7.192433682265186,0.8134632973313516
2503,17,534.5882352941177,531.8823529411765,5.181899763382574,4.041201040002321,0.625943231252129
2504,29,535.6206896551724,22.20689655172414,7.884249548474225,4.751402598757705,0.7980094938786212
2505,75,534.76,124.85333333333334,13.902118880825167,7.112335259647609,0.8592232612750116
2506,43,534.8372093023256,486.6279069767442,8.909454408487688,6.17805828617921,0.7205266667444776
2507,45,535.7777777777778,130.26666666666668,10.002452683079289,5.756227080241293,0.817814754922238
2508,107,535.4485981308411,282.01869158878503,17.53393779331717,8.528625919994083,0.8737324883329234
2509,15,535.4,524.4,4.618802153517006,4.026578365477733,0.4898979485566357
2510,59,535.3898305084746,320.9491525423729,11.510724226481578,6.755778611297181,0.8096509543597716
2511,95,536.1578947368421,361.65263157894736,13.97352582754195,9.472980663477527,0.73513251379739
2512,65,536.4615384615385,10.353846153846154,10.891893654545129,7.735113319264725,0.70402864133342
2513,119,536.3949579831933,139.39495798319328,12.868039797923931,12.013016698146542,0.3584354347821088
2514,20,537.3,16.25,6.257452020932036,4.0993041123748775,0.7555356295547356
2515,87,537.3448275862069,401.28735632183907,12.647874461468382,8.86829614684486,0.7129952188972877
2516,105,537.495238095238,462.2,15.80239169708046,8.852562530931976,0.8283547032249807
2517,122,537.6475409836065,149.61475409836066,15.325464936497138,10.656206713396067,0.7186936907926665
2518,62,538.0967741935484,256.7096774193548,9.92130067747967,8.04453323888052,0.5852754513878562
2519,39,536.5897435897435,340.3076923076923,10.32498936753312,4.873493518054444,0.8815934385197124
2520,58,538.1206896551724,180.43103448275863,9.009238428466645,8.17314683833964,0.4207078089572369
2521,21,538.5714285714286,160.42857142857142,6.64389419578969,3.9376297970420504,0.8054461593960613
2522,147,538.0272108843537,426.8299319727891,19.99036966157199,10.291943896959973,0.8572832212786508
2523,85,540.1647058823529,39.141176470588235,15.010192094062425,7.527988037157152,0.8651430966421725
2524,200,538.275,202.005,20.9031686534454,12.964842468985793,0.7844173523572954
2525,141,538.4609929078014,314.8581560283688,19.009451388257247,10.081766482095421,0.847775369930537
2526,20,539.25,513.25,5.138093031466052,4.9396356140913875,0.2752409412815902
2527,32,540.09375,75.78125,7.612359333144107,5.39867904057037,0.7050081665882341
2528,271,538.6974169741698,103.66420664206642,24.428508638291405,14.915542631279815,0.7919550947359565
2529,221,540.393665158371,116.43438914027149,21.840823724550283,13.26428658394571,0.7944601969857152
2530,88,539.8863636363636,265.625,12.455742472101154,9.324340322183769,0.6630244828286368
2531,68,539.5882352941177,477.19117647058823,11.779799122427711,7.408099030869409,0.7775010748039324
2532,39,540.5384615384615,241.7948717948718,8.490055844482086,5.882742320934327,0.721035661975849
2533,51,540.4509803921569,248.7843137254902,9.972350757534286,6.586143609922276,0.7508784456064541
2534,90,539.4333333333333,582.2666666666667,14.372865102127689,8.062993232488237,0.8278244805390352
2535,14,541.5,68.28571428571429,4.20883424647321,4.120630029101703,0.2036532699906393
2536,13,541.1538461538462,81.53846153846153,4.3616645597524775,3.7565911332956423,0.5081397159034496
2537,75,541.1866666666666,280.1066666666667,16.697363301964998,5.872407502319945,0.9361140070229403
2538,118,540.8305084745763,305.4491525423729,12.79699089566143,12.246358915765533,0.29018106110373115
2539,55,540.8727272727273,419.72727272727275,10.322775179203393,6.8377403259345515,0.7491559945553001
2540,14,541.1428571428571,598.0714285714286,5.449353665897314,3.1458514520977277,0.8165399631383786
2541,173,540.5606936416185,26.98843930635838,18.282238173621987,13.51382791698793,0.6735101418236752
2542,76,541.2631578947369,294.3157894736842,11.624666826778917,8.376366757631411,0.6933839357561741
2543,109,541.1100917431193,4.385321100917431,14.119316452156164,10.49518064331629,0.6689351904993397
2544,42,542.0952380952381,62.76190476190476,8.039772279218106,6.635072962491857,0.5647219944688403
2545,158,541.8101265822785,191.20886075949366,16.3993208496135,12.627682528538836,0.6380287646357437
2546,135,542.6370370370371,335.63703703703703,14.654980264992748,12.318349392639734,0.5417227786054981
2547,147,541.5646258503401,376.61224489795916,18.99974801161471,9.910810360915038,0.8531727206301272
2548,55,542.709090909091,154.61818181818182,11.661367216805651,6.217167827221268,0.8460256003627826
2549,95,542.978947368421,359.10526315789474,14.900188672309085,8.457323251937567,0.8233055667111085
2550,128,542.859375,409.109375,15.73129176877653,10.595690009887221,0.7391487042092313
2551,47,542.6170212765958,589.063829787234,9.449743156883903,6.3809039386845745,0.7375923384683101
2552,43,543.0,134.3953488372093,8.802774039013876,6.340063444506477,0.6937304637998452
2553,25,543.64,456.52,7.236119379022769,4.395290244401516,0.7943886104534383
2554,9,543.0,562.0,3.265986323710904,3.265986323710904,0.0
2555,129,543.4806201550388,392.2480620155039,15.586128492370142,10.633639132983502,0.7311187848570844
2556,188,542.5106382978723,442.25,24.57055378797146,10.208929718195815,0.9095956951726711
2557,113,545.1769911504425,548.9557522123894,19.505067271985034,7.931810403708514,0.9135823217763737
2558,101,543.9306930693069,49.86138613861386,12.256103392768699,10.608127376954107,0.500842673091431
2559,46,544.0,174.91304347826087,7.816419149302342,7.460038465922511,0.2985111570629965
2560,57,544.1052631578947,463.5263157894737,11.065551021382795,6.6883208651227415,0.7966603213471136
2561,50,543.98,484.04,9.461531042629522,6.908504203469653,0.6832679957506267
2562,180,544.8333333333334,217.0222222222222,17.772479410772448,13.258036008532557,0.6659606694318754
2563,177,543.7062146892655,230.66101694915255,17.279735094445833,13.95793732420073,0.5895068385466774
2564,79,544.620253164557,348.4177215189873,11.975802884491637,8.558803324488212,0.69945698529883
2565,120,544.4583333333334,450.35,18.576854617389404,8.601125589901992,0.8863571014576778
2566,10,544.8,72.1,4.09878030638384,3.098386676965933,0.6546536707079772
2567,62,543.3548387096774,325.5483870967742,10.99733579508261,7.550269947086554,0.7270783811587958
2568,17,546.5294117647059,400.47058823529414,5.683385375041436,3.8988281293962355,0.727597265569858
2569,87,546.5977011494252,125.75862068965517,14.906960282891218,7.483844478268165,0.8648461871932401
2570,112,546.7678571428571,276.14285714285717,17.329917109310188,8.729231534821363,0.8638735193202582
2571,37,546.6216216216217,517.4594594594595,8.922929790758172,5.333168158342055,0.8017254410926021
2572,17,546.5882352941177,570.1176470588235,5.181899763382574,4.0412010400023215,0.6259432312521288
2573,71,546.3943661971831,473.5492957746479,11.792714252214603,7.935237520909126,0.7397396218798831
2574,11,547.0909090909091,523.6363636363636,4.346129984141888,3.067356324605907,0.7084437526351621
2575,111,546.8828828828829,16.56756756756757,14.250102491341728,10.201249613882535,0.6982315197561642
2576,77,547.0,263.0,13.94965050606963,7.286670189244398,0.8527281023826911
2577,88,548.2727272727273,35.45454545454545,12.311412009829718,9.27982137422072,0.6571524612839514
2578,26,547.9615384615385,131.3846153846154,6.285205003724587,5.373536664619261,0.5187102481813224
2579,24,548.5416666666666,43.166666666666664,5.967454179073051,5.283679437517131,0.46479941760470495
2580,100,548.53,139.11,16.425360100319956,7.904400393123893,0.8765935547138447
2581,21,548.1904761904761,363.23809523809524,6.258415803366662,4.589007409210071,0.6799550048976137
2582,12,549.25,498.6666666666667,4.167620293867669,3.631321610887408,0.4907192147942729
2583,85,549.9294117647058,308.7176470588235,12.346830617247477,9.395268374381192,0.6488155010761179
2584,39,549.3076923076923,482.20512820512823,8.607539933013788,5.942387205768605,0.7234564846639665
2585,3,549.3333333333334,553.6666666666666,2.3094010767585034,1.3333333333333333,0.816496580927726
2586,79,550.379746835443,317.67088607594934,11.453720019594716,8.959106565628241,0.6230266734483723
2587,106,551.0943396226415,463.6509433962264,15.172813523463663,9.25913700074933,0.7922125759581553
2588,49,549.3673469387755,597.3265306122449,13.086412272072172,4.905551048371053,0.9270820943190947
2589,157,551.4713375796179,203.8343949044586,19.711346694492587,10.521650711426261,0.8456192850066998
2590,67,551.7910447761194,26.507462686567163,9.510359578997322,9.02499794831569,0.31538153798441526
2591,133,551.3533834586466,386.4436090225564,15.522540342561003,11.28350893154859,0.6867314322951704
2592,11,551.0909090909091,396.6363636363636,4.346129984141888,3.067356324605907,0.7084437526351621
2593,27,551.925925925926,274.0,6.875884649517376,4.993066701700339,0.687514334186015
2594,128,552.7265625,415.484375,16.45425186699159,10.034061998268886,0.7925432145644679
2595,192,552.046875,587.578125,16.919779435144626,14.57754842326801,0.5076413865597242
2596,61,552.5573770491803,184.81967213114754,9.50627404648275,8.250708026519378,0.4966998455854616
2597,124,552.0806451612904,236.58064516129033,16.011968380187657,10.238559805232127,0.7688479235226511
2598,56,552.125,259.35714285714283,10.917152123427583,6.6297469496189265,0.7944893701282324
2599,231,552.2900432900433,342.01731601731603,28.180982659616653,11.183477171893049,0.9178857138793983
2600,82,552.8414634146342,404.7317073170732,13.360892881421679,7.977469616523876,0.8021846099699141
2601,67,553.223880597015,575.9850746268656,11.089703112994489,7.690145212168713,0.7205055686978254
2602,116,551.7068965517242,148.75,13.75851833008119,11.35862115007691,0.5642995963249853
2603,57,553.2631578947369,191.7719298245614,10.540511485203512,7.014480903501688,0.7464172615206753
2604,72,553.4305555555555,325.3611111111111,10.272380645009225,9.13376848558345,0.45760049656094604
2605,53,553.0,453.5660377358491,10.242984294382389,6.981929968192346,0.7316966127141216
2606,63,555.4285714285714,269.77777777777777,12.414858063739068,6.7506275055575555,0.8392447169217988
2607,95,554.6842105263158,48.37894736842105,12.234962673165567,10.019553391199551,0.573896285916308
2608,61,554.1147540983607,217.88524590163934,11.84090046624726,7.056763674498676,0.8030103206162705
2609,71,554.4507042253521,367.0422535211268,10.975315808620463,8.410862119885017,0.642431018510269
2610,84,555.2380952380952,442.4166666666667,13.244415681070695,8.425905536262018,0.7715361161114278
2611,147,558.6462585034013,170.87074829931973,21.697007490877024,9.196514738800987,0.905727262643967
2612,105,555.6190476190476,358.0571428571429,14.138518603336912,9.582446944049435,0.7352881160771191
2613,307,552.3550488599349,161.27361563517914,25.758829004571194,15.382342447596463,0.8021163604610607
2614,209,554.4114832535885,375.32535885167465,24.572427919976157,12.17824712031704,0.8685473590586741
2615,85,556.3411764705883,430.2470588235294,12.371063230106106,8.805085355675462,0.7024344183428586
2616,49,556.2244897959183,6.612244897959184,8.626283684238976,7.2342531383978645,0.5447027747978154
2617,38,556.921052631579,31.894736842105264,7.354995755905021,6.676406034793156,0.41953842399516755
2618,22,556.6363636363636,459.27272727272725,5.743006776491533,4.980260749410062,0.4979826579205083
2619,149,559.9127516778524,39.006711409395976,19.97869524901095,9.95987037069895,0.8668755720816124
2620,29,558.2758620689655,499.58620689655174,6.278954609436002,5.818841337079276,0.3757492863864437
2621,147,558.6666666666666,129.8095238095238,16.407248011401165,11.438465538327714,0.7169162506477382
2622,75,558.6666666666666,332.9866666666667,13.298731602752326,7.570322463567914,0.8221634680649063
2623,57,559.1929824561404,467.9298245614035,11.087020344904568,6.631912100678844,0.8013699662690995
2624,209,560.1244019138755,22.985645933014354,25.411053872496847,10.719506231983985,0.90666832579396
2625,86,559.2209302325581,202.61627906976744,13.756763698733671,8.340749977669198,0.7952346707298086
2626,129,559.0542635658915,306.0387596899225,13.386629367625702,12.494272670496802,0.35899442874671417
2627,180,563.0444444444445,243.58333333333334,17.42765783056427,13.520380658770515,0.630978628287315
2628,52,560.0961538461538,387.61538461538464,8.54340365569048,8.145036213712014,0.30179974003291576
2629,55,560.5272727272727,234.0,10.248891189066285,7.045511880562143,0.7262398722214125
2630,81,560.1111111111111,320.44444444444446,12.192243325296499,8.634759941073805,0.7059943269416745
2631,24,560.6666666666666,343.3333333333333,6.052537268530524,5.273636037639829,0.4907330682822419
2632,105,560.3904761904762,450.37142857142857,16.940634316658574,8.058501355502905,0.8796126449555278
2633,226,561.641592920354,143.02212389380531,18.905905095941833,16.000251737373443,0.5326911056409067
2634,106,558.8867924528302,224.46226415094338,14.986278196588655,9.429712391288062,0.7772247378977216
2635,70,560.6,595.8857142857142,10.890890329463783,8.321544307899043,0.6451179332045318
2636,105,561.7333333333333,213.41904761904763,12.636733957483287,11.287744754607024,0.44956307836392556
2637,57,561.0526315789474,412.1578947368421,9.218263441063547,7.959418047779234,0.5044514271397381
2638,118,561.6101694915254,179.77118644067798,16.82608010716017,9.160727997758523,0.8388022216034591
2639,59,561.728813559322,582.7457627118644,10.190378992469755,7.509060860544068,0.6760263083542697
2640,185,562.5783783783784,396.22162162162164,20.679074473441663,11.751013764887231,0.8228516327635063
2641,111,559.7747747747748,573.2972972972973,22.85800291236444,6.418396949965021,0.9597679722347479
2642,48,563.5208333333334,80.77083333333333,9.450834105478682,6.6458893928376535,0.710985518224667
2643,86,564.1744186046511,198.58139534883722,17.226671547345582,6.7132435686234775,0.9209416228214348
2644,56,564.4107142857143,45.660714285714285,8.871106325376278,8.082950254007935,0.4120644442428277
2645,35,564.0,73.17142857142858,6.961116495013057,6.377511510081695,0.4008078096414061
2646,152,564.7302631578947,365.30263157894734,14.933611568266294,13.120488475179274,0.4775809163452996
2647,99,563.7070707070707,404.74747474747477,15.773331668423431,8.256047374521412,0.8520759867245139
2648,155,564.8193548387097,10.12258064516129,17.29418391982691,11.753117046109155,0.7335834329552682
2649,43,565.4651162790698,230.65116279069767,9.396836052228728,5.887549269806376,0.7793845089226428
2650,79,565.1772151898734,315.1012658227848,13.001906249354755,8.371459991616852,0.7651399136602882
2651,44,565.3863636363636,462.5681818181818,9.011505785510446,6.264107635525375,0.7188905329913998
2652,47,564.4468085106383,418.51063829787233,8.373660771772599,7.727034720903903,0.3853306488299372
2653,107,565.1214953271028,436.7943925233645,13.30334747342505,10.37141847305609,0.6262657152548408
2654,70,566.2428571428571,327.12857142857143,10.206108311692955,8.905779255651924,0.4884479053206862
2655,99,566.0505050505051,336.75757575757575,12.23986129445979,10.37443557701159,0.530644941016151
2656,49,566.0,383.9795918367347,8.586423425327997,7.563428083953524,0.47337878819994245
2657,70,565.9714285714285,428.62857142857143,11.759810623519614,7.6382975061745775,0.7603397629632983
2658,58,565.551724137931,454.4655172413793,12.534761690007985,6.241462108817304,0.8672159321850909
2659,95,566.8842105263158,529.4631578947368,14.901837810607244,8.298005297432496,0.8306168112121476
2660,65,567.5846153846154,304.2153846153846,13.32780611118647,6.787239916397451,0.8606162099613894
2661,202,566.8811881188119,350.61386138613864,18.80270338949147,13.88942560014197,0.6740420120827391
2662,21,567.3333333333334,18.142857142857142,5.5692312854981045,4.822894035696703,0.5000627357089005
2663,30,567.8,446.43333333333334,6.899688585839357,5.509070064356931,0.6020584885948702
2664,18,567.5,591.2222222222222,5.258737584977436,4.268749491621899,0.5840132092439594
2665,103,568.1941747572815,507.19417475728153,16.095949539047492,8.195742574798047,0.8606597965807324
2666,23,567.8260869565217,596.0,5.405311397537409,5.360360002581718,0.12869789041755736
2667,67,568.4925373134329,64.64179104477611,10.959305436814626,7.776026006743615,0.7046687963397298
2668,15,568.6,82.6,4.618802153517006,4.026578365477733,0.4898979485566357
2669,63,568.5079365079365,222.25396825396825,10.513323613449904,7.782287898230843,0.6723526517023993
2670,82,569.0,375.1829268292683,10.810678376748774,9.890063176328049,0.4038118648022552
2671,48,568.5416666666666,411.4375,8.985613539782076,7.291671381508305,0.5843762200767849
2672,20,568.35,467.15,5.2915026221291805,5.067543783727971,0.2878491668515696
2673,35,569.0285714285715,76.77142857142857,7.354861153082681,6.226662311489538,0.5322217154629181
2674,113,568.29203539823,192.38938053097345,17.50357345803107,8.434703359636028,0.8762346629993003
2675,6,568.5,458.0,3.265986323710904,2.0,0.7905694150420949
2676,33,569.6666666666666,389.45454545454544,7.146130294510064,6.077842380569758,0.5259617948392974
2677,78,569.7307692307693,212.3846153846154,13.247493893162515,7.58222255308478,0.8200084140733002
2678,4,569.75,320.25,3.4641016151377544,1.4142135623730951,0.9128709291752769
2679,66,570.6363636363636,422.3787878787879,9.974928785643526,8.785232963276757,0.4736160961463344
2680,39,570.3333333333334,518.1794871794872,8.506977576684609,5.940271232790744,0.7158225575068353
2681,188,570.3191489361702,154.07978723404256,21.631196972083632,11.428695637082134,0.8490309018776042
2682,33,570.9090909090909,202.8181818181818,7.706324746959582,5.533359606628834,0.6960138614308014
2683,34,571.1764705882352,229.11764705882354,6.789277313660336,6.4541907788753985,0.3102814446301979
2684,30,571.2666666666667,342.46666666666664,7.465072706380558,5.308841738040716,0.7030328189671661
2685,40,571.1,539.075,8.576089928837627,5.949847185641814,0.7201951396655148
2686,28,570.6428571428571,45.607142857142854,7.3841946070609135,4.996345256627072,0.7363259721627631
2687,67,571.7164179104477,165.83582089552237,9.833258618482263,8.68560843769225,0.46882904600163716
2688,186,571.9139784946236,178.36559139784947,18.41884888821725,13.024165319365189,0.7071028520996089
2689,28,571.8571428571429,301.5,6.546536707079771,5.421047417431507,0.5606119105813882
2690,14,571.5,441.7142857142857,4.20883424647321,4.120630029101703,0.2036532699906393
2691,67,572.4029850746268,38.07462686567164,11.40369038121744,7.541904783050789,0.750071714542262
2692,35,572.8857142857142,415.4,7.281086210095065,6.269172058178098,0.5085684894279663
2693,51,571.9019607843137,453.6078431372549,9.240639714924104,7.0513607743526,0.6463023263705195
2694,30,573.0333333333333,446.56666666666666,6.6153931027054265,5.854999448430541,0.46548281084618354
2695,108,573.5925925925926,312.9537037037037,13.700715747491149,10.182066381532938,0.6690940966207514
2696,4,574.5,254.5,2.0,2.0,0.0
2697,79,574.0632911392405,359.45569620253167,10.730978399961202,9.732691745218597,0.42119196284255406
2698,280,574.3142857142857,18.485714285714284,30.407355562897344,12.192874848012323,0.9160848874013224
2699,87,574.264367816092,383.02298850574715,11.679621390727092,9.73322172874574,0.5527444785250488
2700,70,575.5857142857143,191.67142857142858,14.221490944917182,6.6518534625555406,0.8838700763052119
2701,139,574.5323741007194,328.2589928057554,18.033924793287557,10.533458022279337,0.8116879875742822
2702,27,574.6666666666666,459.77777777777777,6.06141408754927,5.691665988829199,0.3439179697143975
2703,52,574.9230769230769,466.15384615384613,9.85384317329147,6.722918466287002,0.7311062762496087
2704,87,576.264367816092,48.839080459770116,12.503164297412365,9.263718282722362,0.6716044307312531
2705,48,576.0416666666666,225.95833333333334,10.233599705853903,6.155042499565542,0.7989072102901287
2706,63,575.952380952381,209.85714285714286,11.526425956145658,7.081226747618504,0.7890358669612909
2707,128,576.390625,408.015625,17.071387294690997,9.82967056084093,0.8175919948157507
2708,170,576.0058823529412,518.5176470588235,26.42482797578081,9.235767467105656,0.936932268798257
2709,71,577.7605633802817,532.8732394366198,11.560269368667946,7.854479245163798,0.7337334893201042
2710,17,578.2352941176471,42.705882352941174,5.8487650121869175,3.6612026138446656,0.7798401143947766
2711,61,577.5409836065573,201.9344262295082,9.346974852285257,8.254995171510929,0.469047518754082
2712,134,577.6940298507462,371.4179104477612,16.270402229409417,10.695079540355886,0.7535998558799958
2713,114,577.0438596491229,394.5263157894737,12.991442075526084,11.56316952890406,0.45584239898695916
2714,108,579.3703703703703,219.4351851851852,13.538088210010494,10.40365044838918,0.6398826412992368
2715,86,578.9186046511628,421.95348837209303,11.33182350917345,9.741202177994973,0.510913110910258
2716,76,578.7894736842105,433.3157894736842,12.914268187860866,7.606861143190615,0.8081128747395614
2717,55,579.5454545454545,145.5818181818182,10.569252145213062,6.758551363193566,0.7688292949988865
2718,47,579.4255319148937,447.0,8.168384969945757,7.460351476837848,0.40724207100186594
2719,132,580.060606060606,156.21969696969697,20.24565044961341,8.489433373949508,0.9078378763583977
2720,48,580.0208333333334,454.5625,8.562243465741055,7.184604539494861,0.5439725036260098
2721,81,579.9876543209876,29.209876543209877,12.308751000457642,9.422053590531133,0.6434644355199497
2722,71,580.5915492957746,37.63380281690141,10.987898554134533,8.275224269049646,0.6578812834036951
2723,85,581.1058823529412,135.01176470588234,12.396354893079423,8.982759606040467,0.689139067099606
2724,98,581.1938775510204,189.16326530612244,16.31932196563023,7.9743715145919785,0.8724821372925036
2725,134,580.0,339.0074626865672,14.877106189640957,12.213856190477317,0.5709521615185651
2726,53,582.7358490566038,365.8867924528302,12.397848858184613,5.561846916845228,0.8937256841298002
2727,65,581.4,383.5230769230769,13.433843334641407,6.443382551431937,0.8774664276658901
2728,35,581.2857142857143,551.7142857142857,8.34293039908871,5.410081491411807,0.7612461929165247
2729,114,581.5263157894736,349.43859649122805,14.5537984955211,10.350511418513326,0.7030001614310369
2730,55,581.5090909090909,357.8909090909091,10.006098028846704,7.1334610603773525,0.7012541462480948
2731,73,583.1232876712329,400.7945205479452,11.07232277229457,8.587502309590002,0.6312459352972167
2732,74,583.3648648648649,127.66216216216216,11.266400078927575,8.506191869231444,0.6557186773873538
2733,201,582.9701492537314,542.497512437811,17.330940413733714,15.074682047810496,0.49338105543258964
2734,75,583.3733333333333,210.21333333333334,13.907607087853572,7.0574010467260235,0.8616818041175788
2735,46,583.195652173913,441.2826086956522,8.626751871561437,6.791433986056621,0.61663046851591
2736,196,583.75,318.734693877551,17.687977870455523,14.63672542724128,0.5614720700139554
2737,162,585.3148148148148,17.882716049382715,20.502220252858066,10.36500792733359,0.8627941521856809
2738,20,584.9,140.95,5.215361924162119,4.79583152331272,0.39295262399668773
2739,225,584.7822222222222,173.85333333333332,20.239519486439,14.513019241400658,0.6970079188884771
2740,56,584.7857142857143,199.80357142857142,9.245833889935914,7.911452855952401,0.5175092876557426
2741,41,585.2682926829268,434.9756097560976,7.8801741513514765,6.725284132218181,0.5211852218853723
2742,68,585.7941176470588,452.27941176470586,14.537716338362362,6.031129815275327,0.9098848547990819
2743,21,586.1428571428571,1.6666666666666667,5.5692312854981045,4.822894035696702,0.5000627357089009
2744,303,586.6897689768977,235.06930693069307,21.036135785942076,18.99964093327116,0.42923964018491295
2745,109,586.0825688073395,416.302752293578,14.873060943304454,9.588119187809038,0.764466481189192
2746,22,586.3181818181819,465.6363636363636,6.146523250593033,4.50587356214291,0.6801458764847326
2747,29,587.1034482758621,288.6896551724138,6.401324110949785,5.783487990515943,0.42862376691009224
2748,35,587.0285714285715,361.85714285714283,8.577782516772212,5.749215931729374,0.7421398965839646
2749,62,587.1129032258065,375.53225806451616,11.554943216954698,7.116865917604806,0.787812405275294
2750,69,586.8260869565217,386.0,12.318565973613559,7.389829505259591,0.8000797514203942
2751,122,587.4508196721312,158.36065573770492,17.065744879396036,9.551473990603437,0.8287041478101309
2752,27,587.4074074074074,282.74074074074076,6.025659376849023,5.679488253754414,0.33406370115253947
2753,40,588.075,223.0,8.114967230288189,6.515927167437405,0.5960440264740322
2754,70,587.9,33.48571428571429,10.988477326825016,8.246477214302834,0.6609092037554719
2755,78,588.7051282051282,427.65384615384613,12.458568025974204,8.06631741019584,0.7621067341697346
2756,133,589.0225563909775,100.43609022556392,14.849143439133805,11.590804128982327,0.62506768382188
2757,68,589.3382352941177,393.3970588235294,11.317808234469966,7.868113926969018,0.7188186127576823
2758,139,589.841726618705,189.89208633093526,19.351104228685802,9.418992309798284,0.8735458600140542
2759,167,590.251497005988,267.3053892215569,19.292428048118357,11.100188040849666,0.8178967576784176
2760,139,588.7553956834532,330.8201438848921,15.711307870975068,11.751476471892666,0.6637404597970417
2761,166,590.066265060241,44.295180722891565,18.67274144307212,11.412708078753406,0.7914791469887159
2762,93,590.3548387096774,343.3225806451613,13.139680460544165,9.144740899654536,0.7180769455508115
2763,113,590.6106194690266,407.98230088495575,13.949260009043032,10.80542314763033,0.6324227982380415
2764,47,591.1276595744681,400.1063829787234,8.240675026844432,7.4312794527727135,0.43219446972847075
2765,42,590.8809523809524,438.76190476190476,8.303249544937866,6.504091983310889,0.6216201095915265
2766,116,592.0344827586207,119.01724137931035,14.001879233739437,10.779585278659841,0.6382043131164705
2767,55,592.4363636363636,367.6545454545454,11.21937415725456,6.3651445393747235,0.8234870409208725
2768,54,591.4814814814815,447.0925925925926,9.445143244098535,7.321855699324082,0.6317183986476983
2769,45,591.5777777777778,455.4,8.282150470194454,7.126965547134731,0.5094147339569536
2770,149,591.8456375838927,253.0201342281879,18.433579240632394,11.112752964315373,0.7978516887944926
2771,41,592.780487804878,373.7317073170732,7.369240005983408,7.1748835340425625,0.22815005603067806
2772,206,592.9271844660194,208.02912621359224,19.495665641257226,13.687753459714022,0.7120861168650038
2773,142,592.8732394366198,357.2112676056338,17.110403988812102,11.188941725584773,0.7565583286962752
2774,134,592.8805970149253,110.07462686567165,16.356000460970552,11.46506045075594,0.7131910712840674
2775,34,590.3529411764706,218.14705882352942,8.624592591829565,5.131873518350738,0.8037050185332367
2776,107,594.2803738317757,243.14018691588785,19.05132361214614,8.760474128252106,0.8880041391258795
2777,4,592.5,1.5,2.0,2.0,0.0
2778,103,593.9126213592233,11.21359223300971,14.629135719771888,9.341959308449937,0.7695505774284904
2779,60,594.9,33.5,10.565797054964461,7.620406764731853,0.6926920253333473
2780,38,594.2894736842105,154.89473684210526,7.818016432353,6.298920780338207,0.592333401392779
2781,36,594.75,259.27777777777777,8.766289201879443,5.377509249436704,0.7897487007320666
2782,125,594.352,23.184,14.282517753782225,11.513362958445093,0.5917578449765156
2783,116,595.0172413793103,383.62068965517244,15.376099510036957,9.636129570960172,0.7792643829183299
2784,135,595.5333333333333,177.48888888888888,19.93082160186801,8.882046235876054,0.8952103892835516
2785,69,595.3913043478261,325.1449275362319,11.265549598166192,7.937069679106834,0.70966080956957
2786,69,596.1884057971015,92.56521739130434,11.775002726590516,7.6378333547167285,0.761088443863166
2787,70,596.8142857142857,193.17142857142858,15.219270535459112,5.993595925953652,0.9191891903499195
2788,95,596.2315789473685,224.3578947368421,15.659970416379602,8.33666315721685,0.8465212228578969
2789,49,596.6530612244898,437.9795918367347,9.928436332630527,6.3167861401920264,0.7714980210575462
2790,58,597.0172413793103,451.41379310344826,12.911904957208575,5.9120344651829315,0.8890167429690453
2791,17,597.8823529411765,65.58823529411765,6.444926698162791,3.3253684855442733,0.856608554900016
2792,20,597.35,167.75,5.590562123769461,4.667506308541456,0.5504163163449791
2793,22,597.5454545454545,262.8181818181818,6.404036189138494,4.539620600771424,0.7053404937118115
2794,26,597.6153846153846,278.0,7.605665904189708,4.307692307692308,0.8241446490869536
2795,30,597.2333333333333,333.1333333333333,7.283470507845903,5.434044086968442,0.665857483595515
2796,89,596.8539325842696,345.13483146067415,19.269087071247807,6.11705440909279,0.9482735744410686
2797,33,597.060606060606,84.33333333333333,7.989407332380657,5.463330001140418,0.7296491624201479
2798,4,598.5,201.5,2.0,2.0,0.0
2799,20,598.05,268.85,7.731010827707835,3.198667157092813,0.9103928087251936
2800,33,597.2121212121212,399.6060606060606,8.163771658771008,5.207647338048004,0.7701214984060675
2801,40,597.175,424.975,9.360499573139315,5.646330466883668,0.7975837385433554
2802,23,597.7826086956521,6.913043478260869,8.415192956744269,3.532890302595828,0.9076060673006987
2803,22,598.0909090909091,38.04545454545455,8.485641052083496,3.5943727922832465,0.9058573244040783
2804,32,597.75,312.71875,9.9129850652325,4.238761858901421,0.9039695105425581
2805,11,598.0909090909091,320.3636363636364,4.346129984141888,3.067356324605907,0.7084437526351621
2806,19,598.5263157894736,362.7368421052632,11.001418841198687,1.9887013513863865,0.9835258171630266
2807,21,598.047619047619,408.6666666666667,8.226004473807071,3.123601555590147,0.9251003110799013
