Object,area,centroid-0,centroid-1,axis_major_length,axis_minor_length,eccentricity
1,18,0.8888888888888888,40.166666666666664,7.08691967776906,3.2352631277132655,0.8897173091782848
2,13,0.8461538461538461,368.0,5.203549084703927,3.076923076923076,0.8064425896179159
3,13,0.8461538461538461,424.0,5.203549084703927,3.076923076923076,0.8064425896179159
4,16,0.875,518.5,6.324555320336759,3.122498999199199,0.8696263565463043
5,45,1.7777777777777777,119.44444444444444,11.014790295950057,5.254775574768414,0.878867785080673
6,32,1.9375,488.09375,7.527549648468683,5.35096919163613,0.7033422281262138
7,91,2.2747252747252746,133.01098901098902,18.364187602664757,6.373697593398259,0.9378384407084103
8,39,2.948717948717949,412.71794871794873,7.699835515112515,6.446041793396213,0.5469486328196428
9,49,2.7551020408163267,469.265306122449,8.687252903784536,7.216542971712409,0.5567131044021
10,24,3.5,499.0,5.9106189319130165,5.137890342839634,0.4943475338889465
11,96,4.447916666666667,79.22916666666667,14.07645900369395,8.677727507539132,0.7873776830253435
12,120,4.716666666666667,324.46666666666664,17.96536970988254,8.820994027414335,0.8711596505000202
13,19,5.157894736842105,376.8421052631579,5.271572221283753,4.5005385950383054,0.5207037318817046
14,50,6.84,558.72,9.326433328180567,6.811287791233222,0.6831043850244926
15,68,8.058823529411764,530.9705882352941,9.405880513556086,9.148524565748502,0.23232244219281256
16,72,8.847222222222221,370.0138888888889,13.687522752452468,6.720421607318132,0.8711658335771978
17,37,9.054054054054054,496.02702702702703,7.100132958077501,6.6507426551574484,0.3501148597963325
18,84,9.452380952380953,60.607142857142854,12.887090770913607,8.314535960730382,0.7640278060377462
19,102,9.941176470588236,38.450980392156865,13.589232216459399,9.649938374687663,0.7040841705927396
20,37,10.54054054054054,490.3783783783784,8.010497306867785,5.863427158164727,0.6813390820039176
21,45,10.822222222222223,503.3333333333333,8.165711355093652,6.98044340741045,0.5188782193416756
22,65,11.76923076923077,457.0153846153846,11.212685134841694,7.388441300299081,0.7521990544067461
23,84,13.702380952380953,328.79761904761904,10.74992003099453,9.937183169787016,0.3814341610571348
24,70,14.114285714285714,192.75714285714287,11.198466815490635,8.018655172675368,0.698049633963811
25,22,14.5,1.3636363636363635,6.4666979068286325,4.271760045262084,0.7507571935295483
26,118,14.76271186440678,476.9491525423729,15.79763173355411,9.549214045846616,0.7966269640166899
27,113,14.734513274336283,257.56637168141594,14.063059421713104,10.475691379454357,0.6671667297279407
28,20,15.3,415.9,5.4478633986980824,4.639049944668172,0.5242966935960685
29,83,16.216867469879517,202.0,10.79125679867626,9.837285007948593,0.41108346033746135
30,136,17.154411764705884,244.35294117647058,19.255297949339305,9.66072055508362,0.8650315130699539
31,60,16.6,103.06666666666666,8.961512521053315,8.500598933245444,0.3165751473484103
32,45,17.044444444444444,132.33333333333334,8.275517128497286,6.884426078387912,0.5549213363938115
33,40,17.925,14.975,7.905913594891791,6.371540648077604,0.5920232889294219
34,20,17.95,513.1,5.215361924162119,4.795831523312719,0.3929526239966882
35,85,18.31764705882353,82.17647058823529,11.721384310872283,9.21265195615306,0.6182651200373801
36,64,18.203125,142.796875,12.474161393204755,6.9695756711782675,0.829355693984716
37,95,18.48421052631579,235.31578947368422,12.272724523567911,10.168664052543486,0.5599032462186826
38,67,19.64179104477612,171.71641791044777,10.547586109607497,8.135405788866452,0.6364657208783255
39,92,19.304347826086957,269.5108695652174,13.339244578831439,8.879273150673058,0.7462637461417844
40,43,19.674418604651162,409.13953488372096,11.05013372820207,5.046619490047895,0.8896196796419771
41,99,19.858585858585858,153.3939393939394,13.201078402037803,9.759701945175149,0.6733641693513287
42,69,20.985507246376812,250.05797101449275,13.185001241097224,6.861786841907808,0.8539081890063543
43,48,21.979166666666668,178.14583333333334,8.855080790078597,6.9214874590383735,0.6237295390230555
44,42,23.166666666666668,277.7142857142857,8.840162006622762,6.2720860996429755,0.7047064421615802
45,107,23.401869158878505,33.308411214953274,13.13470418013689,10.425070577285368,0.6083038367867931
46,33,22.90909090909091,92.03030303030303,7.833565229331521,5.444248999268487,0.7190194632445641
47,87,23.701149425287355,324.1034482758621,11.554539779078102,9.630912110006008,0.5524929257121284
48,123,24.691056910569106,224.8861788617886,15.85426746670442,10.317582139105019,0.7592694888054555
49,35,24.4,254.77142857142857,8.766989722829996,5.256394878446687,0.800324810406022
50,42,25.19047619047619,410.92857142857144,7.481288665623517,7.100408962162513,0.31500797362292304
51,99,26.03030303030303,148.0,15.41824836512986,8.413571031262181,0.8379876719723195
52,83,26.40963855421687,260.0120481927711,14.296953892570585,7.588453447448471,0.8475133092171248
53,65,25.8,283.73846153846154,10.890336263097085,7.8938135304176,0.6889112391371252
54,15,26.333333333333332,167.73333333333332,4.77795383588526,3.981909289096598,0.5526820968472154
55,101,27.396039603960396,269.0990099009901,15.108663173704066,9.620137232078513,0.7710869372253187
56,46,27.434782608695652,89.67391304347827,9.679550590475172,6.353189052867783,0.754455104397299
57,48,26.583333333333332,138.375,8.31590643700587,7.336069952855312,0.47092505897005016
58,64,26.90625,235.375,10.407472660394486,8.172752768996583,0.6191441275443459
59,33,27.333333333333332,457.6363636363636,7.003929088698293,5.981535738474028,0.5202307484331178
60,61,27.295081967213115,201.2295081967213,10.384534243814782,7.602259067031883,0.6812239211547692
61,61,28.19672131147541,15.967213114754099,10.578284156840287,7.332025518001908,0.7208217420003615
62,36,27.583333333333332,446.52777777777777,8.225460527268002,5.557428271322915,0.7372341451203022
63,65,28.676923076923078,305.7846153846154,9.766352159127852,8.531745026441335,0.48667044815300714
64,12,29.333333333333332,162.75,4.167620293867669,3.631321610887408,0.4907192147942729
65,15,28.0,242.33333333333334,6.053946093195215,3.0938582583739365,0.8595520557294148
66,10,29.5,98.8,4.09878030638384,2.9933259094191533,0.6831300510639732
67,103,30.262135922330096,503.4660194174757,18.803061138602054,7.001163721704428,0.9280957168007817
68,29,30.724137931034484,334.41379310344826,6.278954609436001,5.818841337079276,0.37574928638644345
69,82,30.926829268292682,216.76829268292684,11.068283037972595,9.62020970681548,0.4945149743690021
70,37,31.945945945945947,1.7837837837837838,9.315112229878487,5.0725970424855324,0.838724709615946
71,46,32.02173913043478,114.23913043478261,8.64980671724639,6.782144123723687,0.6206592364015728
72,39,32.07692307692308,177.56410256410257,7.6367262222576615,6.475356997164964,0.5301191584190774
73,102,31.519607843137255,249.30392156862746,12.395888336197775,10.54937345567518,0.525103918410566
74,62,32.29032258064516,341.88709677419354,9.732179404424427,8.190663790078002,0.5400914603498361
75,41,32.41463414634146,69.5609756097561,8.601421217760672,6.006943466554787,0.715740447555961
76,71,33.028169014084504,229.1267605633803,11.467004032699087,8.199021055375631,0.6991143588263576
77,52,32.94230769230769,183.94230769230768,9.041207626316872,7.274564354744605,0.5938158736311526
78,157,34.40764331210191,286.45222929936307,16.286195980060032,13.664341194213751,0.5441103267538894
79,77,35.675324675324674,9.480519480519481,12.488827395348563,8.521866442360464,0.7310170335822753
80,33,35.515151515151516,348.90909090909093,7.323585645767282,5.6717354248029315,0.6326377092224391
81,74,35.2972972972973,153.27027027027026,10.108912807666108,9.408733810282103,0.3656906145861324
82,54,35.888888888888886,160.74074074074073,9.524398420223196,7.252961508587949,0.6481486129656318
83,116,35.86206896551724,237.7155172413793,14.738649467816343,10.160801681878437,0.7243823687010373
84,74,36.24324324324324,268.3918918918919,11.022417029707324,8.590988362283767,0.6265134956303555
85,125,36.672,450.416,16.450049004696066,9.83593654631312,0.8015501944295518
86,94,36.42553191489362,93.79787234042553,11.336865650486516,10.575416909895843,0.36030571117136057
87,104,36.86538461538461,276.46153846153845,14.818173253048577,9.304282370861204,0.778296672198721
88,45,36.6,591.1777777777778,8.2816621403879,6.863231653942303,0.5596540302118516
89,54,36.81481481481482,256.537037037037,10.216333510163325,6.913510369635803,0.7362482912492783
90,46,36.47826086956522,262.17391304347825,10.938467122204326,5.472239043979276,0.8658667113330891
91,24,37.5,339.25,6.296970477218538,4.9680475181273644,0.6144466631146883
92,47,38.319148936170215,189.4255319148936,7.875684019600579,7.596182271873057,0.2640434096404598
93,43,38.51162790697674,214.4418604651163,9.969247311755938,5.665045907861892,0.8228545007874464
94,132,38.75757575757576,295.17424242424244,20.535544092346676,8.557393658316085,0.9090388753473536
95,96,40.520833333333336,246.5,13.04124744742003,9.552604561272778,0.6807760397734927
96,57,39.96491228070175,540.9298245614035,10.861553276792646,6.688436746775017,0.7879102607618516
97,75,41.18666666666667,64.06666666666666,12.560934652304027,7.596115132420805,0.7964220231009156
98,77,41.37662337662338,126.12987012987013,14.440219556820734,6.84184231955948,0.8806300072371055
99,36,41.611111111111114,484.1388888888889,7.345005687084099,6.163534948521058,0.5439056439097799
100,157,42.388535031847134,223.0764331210191,17.36417031464949,11.597372908986646,0.7442591114241097
101,6,42.666666666666664,272.3333333333333,3.6514837167011076,2.10818510677892,0.8164965809277259
102,110,41.6,302.94545454545454,13.037418064021477,11.233065622606222,0.507584450695847
103,73,42.56164383561644,22.84931506849315,11.390761214799312,8.153772048393025,0.6982814852009053
104,66,43.06060606060606,84.33333333333333,9.598947509800485,8.757301301181144,0.40948041686903974
105,40,43.625,349.25,9.443029998995065,5.438674878872539,0.8174877756036067
106,12,43.416666666666664,119.25,4.418071998329192,3.3718731747306854,0.6461621652955032
107,60,44.78333333333333,165.48333333333332,9.425140534113266,8.067083551279621,0.5171227902528145
108,138,45.38405797101449,209.65942028985506,13.704034717262083,13.107616045627923,0.29180245560586393
109,139,45.78417266187051,504.72661870503595,15.430673402486565,11.488341697872965,0.6676076200681101
110,143,46.88811188811189,256.09090909090907,15.720442906119755,11.851211927615005,0.6570205704530452
111,24,47.125,355.3333333333333,6.081140986576509,4.932066489508719,0.5849866175853743
112,13,47.61538461538461,109.38461538461539,4.318667337728677,3.6794648440311994,0.523556754446835
113,108,46.925925925925924,141.02777777777777,13.663173846422302,10.214139923622621,0.6641862368290256
114,139,47.89928057553957,285.0431654676259,13.730434019701855,12.948249294367725,0.3326998428594901
115,108,48.18518518518518,343.5462962962963,17.040195735708984,8.065279839591444,0.8808964119116425
116,87,48.88505747126437,238.94252873563218,12.04984055868049,9.21812824934277,0.6440302569120062
117,65,49.753846153846155,69.98461538461538,9.508396701492174,8.703769256342017,0.402597364730866
118,17,50.0,473.3529411764706,4.752708206288037,4.538188593408449,0.2970442628930025
119,75,51.413333333333334,295.4,12.147925783097268,8.032499905005675,0.7501885367404716
120,77,51.33766233766234,326.7012987012987,15.167156418772798,6.51504511011212,0.9030432935388389
121,177,52.09604519774011,307.80790960451975,16.967927492813427,13.737903525333024,0.5869275568213481
122,61,52.57377049180328,112.37704918032787,9.967849428464175,7.808250229345961,0.6215890396371472
123,14,53.07142857142857,400.35714285714283,4.6538225564648075,3.8828635683591033,0.5512523762486936
124,19,53.63157894736842,411.0,5.49275196357403,4.361920651150207,0.607757077802168
125,50,54.14,422.6,9.191399719557548,6.974566022005773,0.6513069777192458
126,76,54.55263157894737,211.3815789473684,12.800350223152316,7.738367793256058,0.7965721723350855
127,58,54.06896551724138,121.82758620689656,10.133957847883748,7.347962541393989,0.6886612805429144
128,157,55.439490445859875,251.1464968152866,18.52378710781597,11.01862163680397,0.8038468351332392
129,35,55.2,405.0857142857143,7.284702780612977,6.132220299882646,0.5397986499827183
130,80,55.4125,495.3625,12.54574746559163,8.13506118782159,0.7612727793245251
131,41,56.0,567.2439024390244,7.231367984470799,7.16525425443065,0.1349135817998279
132,34,56.38235294117647,71.8529411764706,6.871503795562983,6.285624804757235,0.40404778609856173
133,50,56.06,65.18,10.046557968087576,6.518487017234599,0.7609351930294768
134,74,56.67567567567568,177.83783783783784,13.507666926649277,7.149467429635043,0.8484412381575143
135,46,57.891304347826086,149.3913043478261,8.486725313336208,6.886472869245314,0.584435000251461
136,60,58.4,12.85,10.10317773701846,7.611775939131936,0.6575577549532136
137,64,57.9375,289.5,10.71068473981543,7.695370842544553,0.6955516622644824
138,87,58.28735632183908,382.71264367816093,13.557566212161278,8.183845598296465,0.7972594553441982
139,32,58.65625,1.625,8.170549608028645,5.157663628305258,0.7755790032873243
140,76,59.276315789473685,299.4736842105263,11.106544142957006,8.89952043113271,0.5982812407631765
141,5,58.6,370.8,3.098386676965933,1.7888543819998317,0.816496580927726
142,168,59.345238095238095,317.4583333333333,20.79220172748702,10.868785233327694,0.8524960082196495
143,35,60.0,134.2,7.612464220789395,5.9266073095395,0.6275950828681813
144,41,59.53658536585366,426.3414634146341,8.030698160171397,6.556429567859645,0.5774573276175886
145,47,60.276595744680854,77.46808510638297,8.376826888113547,7.121520244897417,0.5265481181921969
146,196,60.566326530612244,231.40816326530611,20.389573701498833,12.547816872314936,0.7882121670832223
147,12,60.833333333333336,377.9166666666667,4.894994431930091,2.9693109114997,0.7950060587397373
148,129,60.63565891472868,242.06976744186048,16.18910791208032,10.37091873912632,0.767865674865194
149,67,61.92537313432836,104.94029850746269,10.730482120522467,7.9734741553654125,0.6692163061218398
150,87,61.747126436781606,124.08045977011494,10.752453561790169,10.55878432593969,0.188941379708855
151,68,61.86764705882353,208.97058823529412,9.65804375844751,8.935314086182794,0.37955759645652876
152,141,61.46808510638298,326.8723404255319,15.84901287769988,11.742803945053142,0.6715965438407842
153,49,61.42857142857143,418.48979591836735,9.435916040237124,6.554526871489984,0.7193614131118353
154,59,62.16949152542373,36.779661016949156,10.86071122021423,7.280928189959279,0.7420075965062939
155,119,60.6890756302521,221.78991596638656,18.264576996180327,8.569106711720389,0.8831103394546272
156,38,62.078947368421055,497.5263157894737,7.529086737705539,6.4760243728131535,0.5100679374402287
157,171,63.32163742690059,281.1812865497076,16.31129739031373,13.649550830971469,0.5474845866883865
158,49,63.57142857142857,432.734693877551,8.508187695905331,7.359212872397267,0.5018467163598542
159,71,63.25352112676056,506.7887323943662,10.825934252295266,8.374190032100085,0.6337591095012829
160,26,64.23076923076923,16.076923076923077,6.429815425160346,5.16079499295572,0.5964704808368587
161,62,64.46774193548387,216.25806451612902,13.336329347285156,6.055825024814321,0.8909584473385818
162,43,64.16279069767442,336.27906976744185,8.45330454173105,6.583059065679794,0.6273273190690369
163,36,64.83333333333333,171.75,7.395553109823439,6.207094040048297,0.5436672481058643
164,85,64.74117647058823,179.8,12.00793416280958,9.078936886899362,0.6544813220402816
165,55,64.83636363636364,360.58181818181816,10.892607749572559,6.405758428324552,0.8088005185074836
166,28,65.32142857142857,427.0,6.507452556531642,5.451081150953975,0.5461806047563829
167,65,65.33846153846154,457.2153846153846,9.623578306171673,8.611935834052295,0.44630931263635965
168,46,65.17391304347827,132.08695652173913,8.793896238559329,6.825262862487381,0.6305650698542165
169,305,65.66885245901639,267.4754098360656,23.370810628991492,16.898976976501796,0.6907637938486301
170,17,65.17647058823529,380.05882352941177,5.172256137442799,4.227363696079095,0.5761907849498634
171,109,65.36697247706422,26.422018348623855,13.481531826956703,10.363838316254586,0.6395573616938989
172,6,65.0,32.5,3.265986323710904,2.0,0.7905694150420949
173,93,65.91397849462365,307.36559139784947,13.51309402433052,9.04466960386999,0.7429685501971343
174,38,67.21052631578948,344.63157894736844,7.989591475702419,6.071613376460289,0.6499927552441646
175,39,67.0,445.0,7.414469567970387,6.65640235470275,0.4404881959216033
176,187,67.8288770053476,6.090909090909091,18.298176046734447,13.297844832188133,0.6869225613192539
177,63,68.52380952380952,355.14285714285717,12.769397331552083,6.402174885370863,0.8652337979843978
178,129,68.18604651162791,297.68992248062017,19.322349266646768,8.95793276030338,0.8860421223268259
179,44,69.86363636363636,334.59090909090907,8.402070966918204,6.86711508441301,0.5761950815771025
180,21,69.19047619047619,487.04761904761904,5.602338368222782,4.700240723391253,0.544164764908731
181,95,69.05263157894737,119.54736842105264,14.967981772172235,8.66726054324141,0.8152896263825101
182,57,70.0701754385965,211.05263157894737,9.349585255203547,7.949778792921747,0.5263282974164035
183,20,69.7,225.6,5.8586541809969415,4.390463664294131,0.6621198179817969
184,118,70.44915254237289,108.96610169491525,13.783050159005276,10.935945044387168,0.6086558783417285
185,76,70.63157894736842,405.9342105263158,15.141375611458258,6.478536221504552,0.9038404163825987
186,88,71.82954545454545,312.28409090909093,14.781270185797833,8.253574359692472,0.8295849066163492
187,49,70.57142857142857,416.53061224489795,9.358719226000781,6.760584526892612,0.6914926258601868
188,141,72.38297872340425,130.89361702127658,17.27371170072102,11.498947569301494,0.7462278607866515
189,222,70.69369369369369,254.26576576576576,20.25887289729152,14.113789046711098,0.7173898211781855
190,98,71.74489795918367,50.11224489795919,12.493600723769603,10.031266576806175,0.5960970766870669
191,34,72.94117647058823,191.52941176470588,6.800840927820536,6.437706455297953,0.3223972210116078
192,102,73.82352941176471,328.27450980392155,14.65591095453924,9.04727888669895,0.7867179424855519
193,147,74.29251700680273,243.04761904761904,16.746429046078564,11.431044599682815,0.7307959856494575
194,107,74.6355140186916,457.25233644859816,15.588304222331224,8.851348674562432,0.8231528472795434
195,24,75.0,582.7083333333334,5.7130455003342036,5.291502622129181,0.3769982222431136
196,203,74.66995073891626,179.45812807881774,19.26111269232672,14.144474246149285,0.6787667284196524
197,195,74.67179487179487,290.48205128205126,19.801381029699595,13.334445108249684,0.7392693477568842
198,109,75.10091743119266,394.51376146788994,21.36778887925962,6.531803973896796,0.9521328300021307
199,65,74.93846153846154,493.7230769230769,10.364608894598133,8.066717044878642,0.6278995376078536
200,127,75.89763779527559,233.0551181102362,15.638700565045896,10.748476582020427,0.7263738112017052
201,169,77.8224852071006,352.42011834319527,20.106114691091744,11.153129991433595,0.8320415331066398
202,33,75.81818181818181,276.24242424242425,7.4443478195369694,5.685469982420293,0.6455360964924519
203,110,77.12727272727273,138.85454545454544,16.687687543273146,8.674714475701538,0.8542714121732282
204,114,76.58771929824562,222.47368421052633,13.768918355126234,10.749225557575741,0.624921334860709
205,50,77.08,430.3,9.059244630014291,7.013393382205026,0.632978007965303
206,42,76.76190476190476,485.85714285714283,7.5026009014076855,7.118138507641572,0.31600922165890316
207,31,78.16129032258064,360.7741935483871,7.5148822596699185,5.2888480815926435,0.7104147876067926
208,69,76.7536231884058,369.81159420289856,11.784955543370218,7.4975550386405105,0.7715265362573069
209,98,77.55102040816327,476.2959183673469,13.148660484090678,9.593609446812447,0.6838460039767561
210,44,77.8409090909091,501.5681818181818,8.39246645019342,6.687565452073446,0.604172701973143
211,290,77.7551724137931,35.30344827586207,23.419484645564708,16.215537991345304,0.7215184905291391
212,49,78.04081632653062,81.04081632653062,8.79890520519908,7.062074400986171,0.5965064184191147
213,71,77.50704225352112,114.05633802816901,11.283557002530392,8.091652162886176,0.6969508309387524
214,122,77.11475409836065,164.79508196721312,14.668068891032236,10.982756223317594,0.6628494477838661
215,107,78.05607476635514,212.17757009345794,13.721307059037718,10.506468368696998,0.6431923638575398
216,29,78.13793103448276,377.58620689655174,6.341063442449137,5.829948411900614,0.3933331685817229
217,183,78.66120218579235,8.754098360655737,22.159440288860328,11.29301687160948,0.8603963052910014
218,130,78.72307692307692,317.16153846153844,16.435379727224856,10.518260130863187,0.7683943125634177
219,216,78.57407407407408,21.787037037037038,28.269798561517963,10.103421217219882,0.9339541841094292
220,24,79.125,532.3333333333334,6.081140986576509,4.932066489508719,0.5849866175853743
221,105,78.74285714285715,592.6952380952381,15.076601840921834,8.923998819747096,0.8060037028189573
222,77,79.32467532467533,196.37662337662337,11.807262099832117,8.306386116786822,0.7106971671622713
223,76,79.1842105263158,464.0657894736842,12.309392501697312,7.898922943223379,0.7669567087753473
224,109,79.4954128440367,572.8348623853211,17.154930596273502,8.140179257522899,0.8802503276812567
225,249,80.10441767068274,340.9156626506024,20.34790603933593,15.824456458987214,0.6286422858720976
226,46,80.58695652173913,384.0217391304348,9.145420882171129,6.397529573079036,0.7145996671985134
227,53,80.73584905660377,147.0188679245283,9.558989307819031,7.260245386434454,0.6504837270910091
228,81,82.44444444444444,287.22222222222223,14.825578260771206,7.293139485484689,0.8706350296128994
229,66,81.5909090909091,128.28787878787878,11.208933220931971,7.551344888215085,0.7390141704878818
230,180,82.05555555555556,265.3777777777778,19.02098904923564,12.18934974450221,0.7676771433897471
231,25,82.84,142.0,5.959514067796808,5.534852489067071,0.3707260953745803
232,78,83.41025641025641,119.52564102564102,11.199841137398247,9.04482127496843,0.5897514885194103
233,147,84.45578231292517,326.86394557823127,16.677797983067386,11.739800595042304,0.7102813420124252
234,30,83.63333333333334,375.3666666666667,6.491019437140313,5.793482928640115,0.4509717590117594
235,54,84.25925925925925,469.1296296296296,10.525658409357586,6.589519203617381,0.7797881984603794
236,25,84.04,112.08,6.008704009423618,5.3298664267631075,0.46172275593157236
237,140,84.76428571428572,189.37142857142857,17.381918207149692,10.691840349172965,0.7884391195902237
238,144,85.04166666666667,307.7083333333333,17.14266792679359,10.988177622462864,0.7675541543255546
239,18,84.88888888888889,490.05555555555554,5.761454085178104,4.150349372137759,0.6935952651148103
240,108,84.62037037037037,510.9537037037037,18.990928790602332,7.4015004832907625,0.9209254702339162
241,134,85.80597014925372,170.83582089552237,15.701042315637308,11.007272610950064,0.7131085588628133
242,67,86.34328358208955,363.86567164179104,9.760984633231645,8.740693430709648,0.445116816082609
243,71,86.21126760563381,476.61971830985914,10.85237892712408,8.384300360236569,0.6349208560747066
244,8,86.125,493.875,3.4641016151377544,2.7386127875258306,0.6123724356957945
245,43,87.04651162790698,136.74418604651163,8.918430247190294,6.349028958735521,0.7022810227654988
246,106,86.79245283018868,218.89622641509433,12.391507353793212,11.433333040660237,0.38557877838143
247,102,86.95098039215686,416.0882352941176,15.099780460599655,8.904189812023988,0.807629669241166
248,139,87.5179856115108,12.18705035971223,18.473003821321942,11.591195390437091,0.7786433693740821
249,25,87.6,567.04,6.013280646736602,5.212950782770063,0.4984711566327376
250,90,87.88888888888889,404.3888888888889,11.019672507283193,10.475080508491926,0.31047967122710773
251,71,88.43661971830986,127.5774647887324,12.73407713480152,7.311473295762042,0.8187389570983106
252,140,88.53571428571429,228.00714285714287,19.81790011497014,9.509448487860407,0.8773552601758509
253,118,90.03389830508475,150.61864406779662,16.859597135293715,9.238013030495091,0.8365189818268562
254,67,89.73134328358209,29.44776119402985,10.462429776858926,8.398399122989554,0.5963564256127574
255,122,89.57377049180327,179.72131147540983,15.04275694859763,10.539176339183035,0.7135398172424643
256,63,89.22222222222223,298.36507936507934,11.098943308241635,7.240890099871876,0.7578795115919912
257,61,89.93442622950819,373.344262295082,13.350393773897402,5.928421815449502,0.8959953455250501
258,4,90.25,469.0,2.8284271247461903,1.7320508075688772,0.7905694150420949
259,50,90.98,87.92,8.761669647709681,7.21694845377206,0.567032284691638
260,86,91.16279069767442,141.7674418604651,12.637174208686709,8.972226842881017,0.7042149868556622
261,88,91.42045454545455,115.18181818181819,12.955889817246925,9.296442581073263,0.6965114628782623
262,74,91.22972972972973,261.0405405405405,10.032564208374058,9.890818884693974,0.16750353043290644
263,72,92.26388888888889,270.05555555555554,9.913819991666331,9.255468871809494,0.3583362638215865
264,89,91.59550561797752,350.44943820224717,10.966750208662903,10.320360308647532,0.3382421193285154
265,137,91.66423357664233,251.14598540145985,14.093093133837368,12.635215541856534,0.44293494760700214
266,66,92.0,547.0151515151515,9.757609377152646,8.893166840409037,0.411503081752521
267,92,93.57608695652173,97.44565217391305,12.792595669568833,9.214405115382757,0.6936709199398213
268,77,92.8051948051948,442.02597402597405,11.067025846704958,8.892962254896196,0.5952307189219257
269,183,93.69398907103825,237.18579234972677,17.26218488237323,13.800659136131042,0.6007013767662903
270,30,93.56666666666666,427.1666666666667,6.465659030485811,5.89460468671211,0.4109034521898795
271,118,93.64406779661017,159.9406779661017,14.54011315279322,10.560243806970538,0.6873953185651401
272,20,93.9,382.05,5.215361924162119,4.795831523312719,0.3929526239966882
273,64,94.71875,553.6875,10.514535511098957,7.849612601003886,0.6653307968133888
274,100,94.61,35.53,13.35386690834041,10.355010313579166,0.6314315812299608
275,225,94.58666666666667,198.33333333333334,23.123882547710878,12.482578540941912,0.8417847936212502
276,58,95.91379310344827,17.948275862068964,12.280756435431314,6.2742439156040675,0.8596398875770123
277,139,96.41726618705036,127.28776978417267,16.510685778557427,11.465563949480723,0.719557434605887
278,43,95.79069767441861,365.0,10.314099059646296,5.360260689581714,0.8543474416375576
279,120,95.99166666666666,7.491666666666666,14.735462229077962,10.522860701342633,0.7000252133667239
280,36,95.91666666666667,306.47222222222223,7.401093373779991,6.199491383637837,0.5462145023004158
281,95,96.06315789473685,539.4947368421052,13.833882107432556,8.7546359396605,0.7742824759903167
282,56,96.35714285714286,171.10714285714286,9.037893994166357,7.897955218916326,0.4861575215082589
283,56,95.92857142857143,208.0,9.078697152236185,8.057555261584545,0.4607628358654257
284,322,95.76708074534162,322.1645962732919,25.84543210057194,16.099970215708723,0.782275265019388
285,148,96.16216216216216,413.4527027027027,15.481197309301733,12.345709084224753,0.6033655429802404
286,107,96.33644859813084,395.4672897196262,15.122569449985942,9.305971556556209,0.7882385991030094
287,44,99.0909090909091,180.36363636363637,9.320576061416803,6.117547101943805,0.7544577574895861
288,72,97.61111111111111,187.375,10.595475860846927,8.778732151956246,0.5599359416136094
289,60,99.21666666666667,116.76666666666667,10.31612050577734,7.444602216016963,0.6922607425277929
290,90,99.27777777777777,402.6333333333333,13.561855719444267,8.624342254428454,0.7717496989908157
291,94,99.13829787234043,23.861702127659573,12.808259261219346,9.539183797247514,0.6673232908705995
292,81,99.25925925925925,299.5308641975309,10.69287652283871,9.746356106696,0.41134169613982713
293,113,100.08849557522124,264.3628318584071,14.715480989353992,9.91208924170811,0.7391121217124136
294,31,100.03225806451613,500.1290322580645,7.557829898420885,5.169642249038029,0.7294712641093097
295,22,100.86363636363636,585.4545454545455,5.715172676462992,4.908882954066357,0.5121077796951236
296,47,101.74468085106383,212.59574468085106,8.689255162193593,7.109234043966149,0.5749852105568769
297,26,101.5,423.11538461538464,6.348193578750953,5.18382444917276,0.5772285936406557
298,72,101.11111111111111,108.65277777777777,11.115752196517349,8.318797917044993,0.663271097410383
299,139,102.28057553956835,136.10071942446044,15.523233252500885,11.62093824677813,0.6630040190791578
300,114,102.45614035087719,252.37719298245614,13.740353523664279,10.753248612053218,0.6225205044901182
301,32,104.09375,102.34375,7.211967327498201,5.65298834839578,0.6209698669667681
302,93,103.02150537634408,221.9247311827957,15.888640490376087,7.5925361861368685,0.8784363354051767
303,21,104.0,370.2857142857143,5.6637105686784475,4.951870560709595,0.4853578206980724
304,117,104.4957264957265,32.58119658119658,12.913834149792224,11.753839807276284,0.4142254999511327
305,96,105.48958333333333,205.11458333333334,12.986570929925437,9.711016249246356,0.66395367857494
306,67,105.38805970149254,411.8955223880597,12.154996755844559,7.206983844072259,0.8052587547874919
307,45,104.44444444444444,568.0444444444445,8.849281842956449,6.443627419451829,0.6854150697765707
308,85,104.88235294117646,12.988235294117647,11.698907639013315,9.70840196450244,0.5579784713524295
309,116,104.77586206896552,309.11206896551727,13.632749304714558,10.90580091513284,0.6000389755976647
310,107,104.2803738317757,431.38317757009344,13.5522132450754,10.162313696323894,0.6615922676363792
311,49,105.3061224489796,120.95918367346938,9.155449549750932,7.0825078046626,0.6336939679521378
312,68,106.0,183.27941176470588,11.008176080390577,8.06847793575255,0.6802790602070363
313,44,106.0909090909091,361.6363636363636,7.740028588555976,7.212894131058409,0.3627280845721033
314,47,107.46808510638297,21.29787234042553,8.779778661931966,7.076389436876157,0.5919329300535974
315,49,106.26530612244898,374.81632653061223,9.875619612924906,6.419838628397563,0.7598747974362393
316,121,107.31404958677686,4.528925619834711,16.021042400805875,10.29238194724708,0.7663452251560743
317,41,108.60975609756098,107.51219512195122,9.448746940592299,5.6988839972071075,0.7976380025050176
318,124,107.9274193548387,144.23387096774192,15.648585512214108,10.265873593847845,0.7547385886408492
319,43,107.53488372093024,563.0930232558139,9.063407303042643,6.025062325006548,0.7470499492095746
320,79,108.34177215189874,214.46835443037975,13.21428676498822,7.759286804720494,0.8094496982647251
321,251,108.04780876494024,239.06772908366534,18.374766036355936,17.453268242302475,0.3127064379432858
322,120,110.31666666666666,262.4166666666667,20.65332183235839,8.88395980030711,0.9027589662135674
323,45,108.57777777777778,576.0444444444445,8.089265853234364,7.026287513851214,0.49552449111183267
324,67,108.94029850746269,115.26865671641791,11.722746077058247,7.498736217710578,0.768646301119082
325,104,109.0673076923077,320.02884615384613,13.215663826949955,10.274634937756705,0.6289337965581016
326,36,108.86111111111111,367.94444444444446,7.174025757404852,6.4081369078401105,0.4495773317859103
327,70,109.28571428571429,489.5,9.72184579770147,9.199822535999134,0.3232778227772557
328,97,109.80412371134021,126.30927835051547,14.109650387068204,9.199407924474908,0.758224092852213
329,54,109.35185185185185,327.48148148148147,11.956328557260202,5.794690964191925,0.8747055566820826
330,72,109.77777777777777,405.875,11.593108375938314,8.07628512334882,0.7174156720924788
331,47,110.63829787234043,333.1914893617021,10.547921982526002,5.695996391955686,0.8416578072399201
332,73,110.71232876712328,506.3972602739726,14.351705229669147,6.498786356329134,0.8916002857095665
333,38,111.34210526315789,378.60526315789474,7.908402238052039,6.055614786300849,0.6431751179654632
334,90,111.53333333333333,252.61111111111111,12.627488551579786,9.492576152737671,0.6594606978477074
335,65,112.55384615384615,26.8,10.102640378191,8.387965138464317,0.5573546274321803
336,74,112.67567567567568,304.81081081081084,12.438065234171274,7.669592945379292,0.7872588441519507
337,89,114.49438202247191,104.98876404494382,14.553344231421123,8.012343399283441,0.8348022027556786
338,147,112.61224489795919,191.43537414965985,14.495201088215792,13.1081966861365,0.42687030758948347
339,50,113.54,83.74,8.78554661767763,7.218515818962587,0.5700134417690371
340,67,113.22388059701493,150.37313432835822,12.749952507708805,6.9555181205569285,0.8380894302934401
341,89,112.71910112359551,479.1573033707865,12.422128543168855,9.283838072702386,0.6644160506963475
342,49,114.44897959183673,48.06122448979592,8.534997638404235,7.269670512243481,0.5239510255003057
343,119,115.97478991596638,266.1764705882353,18.421043255556164,8.58699939676931,0.8847048405931949
344,128,114.6328125,277.8203125,14.32658864415494,11.514123053718452,0.5950494428964029
345,56,114.5,594.2857142857143,8.451542547285166,8.407965125464091,0.10141851056742336
346,118,115.39830508474576,132.29661016949152,17.745965800150525,8.716774800126748,0.8710482040043687
347,57,115.64912280701755,207.52631578947367,9.280562433303166,7.935865612175757,0.5184530315697776
348,4,115.5,387.5,2.0,2.0,0.0
349,80,115.175,572.4,13.768168992579648,7.4422793949010195,0.8413167605003155
350,56,116.26785714285714,113.55357142857143,9.583644420747206,7.54717709250688,0.6163070372572274
351,186,116.49462365591398,157.69892473118279,20.16489581231286,12.313614337335926,0.7919036429782804
352,84,117.01190476190476,4.380952380952381,11.376754141687616,9.712900712777982,0.5206835969426183
353,174,117.13218390804597,16.701149425287355,15.427974191623928,14.567878613794582,0.3292267088672883
354,122,116.57377049180327,337.327868852459,16.27784680410693,9.679032942266984,0.8040114334646741
355,52,117.0576923076923,457.38461538461536,8.48072712356794,7.832589406109033,0.38341728676457265
356,77,116.9090909090909,466.961038961039,13.776929765439613,7.5154005797317875,0.8381067877569833
357,54,117.79629629629629,383.0,10.195519823362647,6.883854468898771,0.7376491172150145
358,69,117.72463768115942,561.6811594202899,11.119711789932127,7.905553579902338,0.7032430611025273
359,183,117.75409836065573,413.1912568306011,20.269670709557413,11.779520345475607,0.813803462904935
360,220,118.71363636363637,180.52727272727273,20.723364736415814,13.900294495417313,0.7416792565309699
361,285,119.16140350877193,220.55789473684212,20.160977574088406,18.36046410712692,0.413083517689678
362,49,118.9795918367347,483.9795918367347,9.77359648032318,6.50072322338597,0.7467265807523409
363,110,120.50909090909092,198.06363636363636,14.09296234901185,10.23783207606787,0.6872193543869385
364,127,120.20472440944881,248.01574803149606,15.2403802503098,10.701439875361544,0.7120027284024817
365,19,120.78947368421052,448.36842105263156,5.127073205848132,4.711757099842152,0.3942680667296091
366,81,121.53086419753086,475.39506172839504,10.883059198911194,9.634540900523737,0.4650608111914182
367,48,121.27083333333333,504.125,8.963639707834346,6.823700272605593,0.648441542235875
368,8,121.125,394.875,3.4641016151377544,2.7386127875258306,0.6123724356957945
369,64,121.734375,430.78125,10.102330449166214,8.111620568409814,0.5960524781078971
370,25,121.64,207.68,6.586876805861369,4.892959630367446,0.6694750479379257
371,81,122.45679012345678,357.962962962963,13.633353661566781,7.774973758175659,0.821443001616587
372,113,121.60176991150442,535.362831858407,14.727219541146104,9.793701314966643,0.7468372916161061
373,79,122.07594936708861,47.25316455696203,13.650460372116518,7.428329114509844,0.8389674643725812
374,200,122.485,140.98,18.89200027643241,13.654388509020746,0.6910987581588445
375,239,121.00418410041841,168.836820083682,23.368606802113487,13.66272950689101,0.8112771968824558
376,195,122.75897435897436,325.97435897435895,18.954795435073514,13.33056345371334,0.7109111409397457
377,304,122.78618421052632,344.94736842105266,28.17084516587238,15.269381193454654,0.840360556791149
378,12,123.33333333333333,495.75,4.167620293867669,3.631321610887408,0.4907192147942729
379,22,123.5,129.63636363636363,6.4666979068286325,4.271760045262084,0.7507571935295483
380,69,124.46376811594203,258.7826086956522,10.894549309358192,8.437909359229607,0.6325648146761613
381,120,123.55833333333334,377.1,14.666492966736893,10.702626139358484,0.6837320579551391
382,60,125.23333333333333,408.46666666666664,12.495902582712137,6.199209338387103,0.8682657541833916
383,46,124.8695652173913,570.5869565217391,8.416250373336135,6.946351259178465,0.5646216175242934
384,89,124.85393258426966,113.31460674157303,11.629417870935642,10.05156095866072,0.5029389549939668
385,40,126.0,204.775,7.982688257568607,6.562521480534468,0.5693515390527847
386,47,125.55319148936171,452.74468085106383,8.533715050654934,7.06521191689279,0.5608499221965553
387,357,125.9467787114846,30.73109243697479,33.72106633043206,13.90225949924028,0.9110607012690056
388,11,126.45454545454545,160.8181818181818,4.533315962095487,3.0114583009821128,0.747470665022941
389,87,125.79310344827586,420.0344827586207,14.48369392135987,7.866797479546445,0.8396366137020345
390,116,126.30172413793103,5.422413793103448,13.714878513009987,11.011164602299878,0.5961639543439058
391,195,125.8974358974359,272.6974358974359,21.112607960096973,12.494476127861715,0.8060836263019148
392,68,126.27941176470588,484.79411764705884,11.204437808391246,7.780310903669232,0.7195935836207683
393,43,126.93023255813954,211.30232558139534,8.123021092415543,6.915567474308806,0.5245914241274509
394,116,125.8103448275862,439.0689655172414,15.300574946464431,9.840071543048348,0.7657672897170353
395,109,126.4954128440367,557.302752293578,14.366869453393216,9.828695052603653,0.7293673610533837
396,87,127.0,105.26436781609195,13.551580590672659,8.208187927552778,0.795693349577156
397,33,127.54545454545455,501.45454545454544,7.056246466319698,5.976539774805235,0.5316156907795885
398,119,128.11764705882354,18.647058823529413,15.963626912241995,9.894749422195993,0.7847353955109617
399,211,128.92890995260663,232.97630331753555,20.968302540795328,13.458508036805878,0.7668300924683341
400,110,127.80909090909091,461.57272727272726,12.213720095356713,11.670202931980315,0.2949928569502503
401,36,127.63888888888889,470.52777777777777,7.739021686950251,5.907424716888387,0.6460091680348152
402,74,128.8108108108108,63.37837837837838,11.103234753002292,8.530749849465524,0.6400753735578644
403,150,128.70666666666668,315.52666666666664,15.279599935685113,12.68170875381242,0.5577983710304437
404,28,129.14285714285714,130.5,6.546536707079771,5.421047417431507,0.5606119105813882
405,137,129.63503649635035,188.1970802919708,17.880287947965765,10.665226601071437,0.8026282536803954
406,50,129.62,199.64,8.996836975577178,7.16330401664534,0.605030240847139
407,109,129.86238532110093,388.07339449541286,13.961800908339669,9.978877949739966,0.6994034056374638
408,49,130.81632653061226,410.734693877551,9.395062753075365,6.678131145703889,0.7033812055920492
409,39,130.2051282051282,507.6666666666667,8.036321002595253,6.262821722933922,0.6266329577547906
410,108,131.13888888888889,302.50925925925924,14.333541591973177,9.776139577925798,0.7313089569289011
411,47,131.46808510638297,176.3404255319149,9.180104056952704,6.6703416497534045,0.6870517345678245
412,64,131.71875,349.140625,15.503181452023453,5.3683641470783225,0.9381330528403695
413,63,131.76190476190476,550.3809523809524,9.63009045226025,8.449698947480597,0.47971064411257985
414,68,133.61764705882354,118.11764705882354,13.758784471310836,6.518300193706053,0.8806564030596
415,42,132.57142857142858,452.3333333333333,8.474033583253682,6.388077557077735,0.6570563941035563
416,243,132.9423868312757,150.4897119341564,26.277511219897942,12.324377349022912,0.8831936271796461
417,37,132.45945945945945,444.6756756756757,8.392290458877135,5.673139195696874,0.7369069946526872
418,74,132.90540540540542,577.4459459459459,10.980760642301444,8.907361235248777,0.5847980912429559
419,150,132.95333333333335,279.17333333333335,21.099267354828033,9.570024113550202,0.8912199449306136
420,81,133.74074074074073,529.3333333333334,12.922561969989541,8.051138752032683,0.7821982512916646
421,59,134.23728813559322,361.50847457627117,10.477434241783017,7.189868804176085,0.7273901043438664
422,183,133.37158469945356,428.224043715847,17.40042748210836,13.477554860630438,0.632508902644871
423,29,133.75862068965517,488.6551724137931,7.221032046165986,5.218129182879522,0.6912357953601281
424,136,134.77941176470588,218.47058823529412,16.44312152463486,10.754296648065917,0.7564685120736699
425,94,134.10638297872342,378.5,14.62745624025497,8.388509094392472,0.8192216914274827
426,136,134.22794117647058,566.7279411764706,15.682016676088063,11.430092621267661,0.6846561149467215
427,75,134.77333333333334,110.89333333333333,10.375402943875613,9.663001165786694,0.36415735884060324
428,52,135.3653846153846,74.96153846153847,9.327049907720346,7.087382597962367,0.6500703994692335
429,70,134.67142857142858,165.61428571428573,10.96369358817192,8.282750359447208,0.6551823190929015
430,47,135.10638297872342,193.3404255319149,9.327503810468299,6.689513929515872,0.6968863464607844
431,101,135.68316831683168,209.25742574257427,16.069864460575808,8.127936269068472,0.8626581152697081
432,88,134.9431818181818,243.75,11.952349569892537,9.510695202253308,0.6056677824395418
433,100,135.1,539.2,16.257105458154676,7.9111643973840815,0.8736092312304233
434,85,136.41176470588235,130.2941176470588,11.364272163953718,9.683398012904368,0.5233930939669086
435,108,136.64814814814815,501.9537037037037,13.282189852162702,10.573105777872984,0.6052488312290603
436,68,136.5,56.294117647058826,10.969008825298193,7.877910143426402,0.6958397443005119
437,49,136.81632653061226,475.0612244897959,8.7581370400889,7.2563399283915135,0.5599513236357124
438,63,136.17460317460316,482.3492063492063,9.667122792049035,8.30260394468641,0.5122279481921379
439,136,136.94117647058823,288.47058823529414,16.15160847765363,10.846408379111304,0.7409707049382704
440,65,137.16923076923078,456.3692307692308,11.329744515153587,7.4718225236482665,0.7517157124567388
441,82,138.1829268292683,492.5609756097561,12.393367715257424,8.759930476041871,0.7073893901466685
442,111,137.22522522522522,584.4774774774775,15.028304778199054,9.636485270445574,0.7673551112711431
443,104,137.92307692307693,309.4326923076923,11.989035730163543,11.15363415238462,0.36674999896657356
444,84,138.45238095238096,172.82142857142858,13.39209062552014,8.229487896347635,0.7889140168646926
445,135,138.34074074074073,349.14074074074074,18.29165137809005,9.649225937504328,0.849542136653871
446,136,138.25735294117646,415.4779411764706,13.860775588823437,12.597371907227705,0.41712215106994527
447,183,138.13661202185793,6.453551912568306,16.113743871022375,14.864522355595438,0.3860573501539879
448,63,138.95238095238096,121.71428571428571,13.053618119726897,6.228991322509792,0.8788028418416944
449,113,139.15929203539824,332.9734513274336,12.724125907273843,11.454321596530555,0.4354663953037066
450,84,138.73809523809524,98.95238095238095,13.117779202329222,8.265221804324185,0.7765319909288865
451,34,139.38235294117646,375.02941176470586,7.306497778267987,5.883459034969563,0.5929537122278945
452,69,138.9855072463768,463.0869565217391,12.313776990873006,7.216137439813593,0.8102955391953629
453,107,140.26168224299064,446.4579439252336,12.48104755518015,11.09670645495138,0.4577430243797322
454,154,139.8961038961039,556.3441558441558,15.230615033545108,13.415906134077613,0.47339317007571124
455,54,141.1851851851852,145.03703703703704,10.627036499651375,6.642671160453014,0.7805664801935657
456,92,140.56521739130434,388.6847826086956,13.084282961009047,9.118316423863574,0.717177253178741
457,101,140.95049504950495,188.8910891089109,12.985827477243555,10.635764457429786,0.5737526532483485
458,148,141.33783783783784,203.48648648648648,19.82006204331535,10.082677849058529,0.8609375196689052
459,105,140.54285714285714,235.43809523809523,14.580607142723128,9.583763651878042,0.7536331794828235
460,56,141.03571428571428,106.69642857142857,10.183201966119423,7.3838868810622715,0.6886387132414715
461,70,141.95714285714286,228.02857142857144,10.934795304636443,8.27659884133541,0.6535251740010765
462,169,142.2603550295858,249.28402366863907,18.448333523735332,13.126816408535415,0.7026406974302083
463,131,142.09923664122138,322.19083969465646,14.834722318763086,11.281947242313612,0.6493268064189895
464,129,142.06201550387595,543.8914728682171,14.91526271481101,11.359440618085037,0.6480492545940368
465,91,143.30769230769232,180.84615384615384,15.93665340621274,7.532925839364949,0.8812345314068396
466,119,142.65546218487395,572.1512605042017,15.192251647095665,10.837486865309204,0.700801637836336
467,169,143.2603550295858,156.30769230769232,20.9043958837896,10.777129902804194,0.8568632787465937
468,148,143.3581081081081,361.5810810810811,16.249313938985452,11.604637540066694,0.699980769283432
469,87,143.6551724137931,396.35632183908046,14.548878989026992,7.9845163238789905,0.8359495525315302
470,186,142.2688172043011,593.6397849462365,18.826620720689796,12.928390284632966,0.7269334078411451
471,29,146.31034482758622,1.6896551724137931,7.392599754538719,5.111701541601085,0.722412868822641
472,72,145.0,115.44444444444444,12.31746197839869,7.5577534084899956,0.7896322414363326
473,216,145.55092592592592,18.166666666666668,17.83751329291542,15.577885389713588,0.4871441350993702
474,111,145.27027027027026,293.27027027027026,14.00192258091258,10.156684546639072,0.6883509058970542
475,36,145.33333333333334,373.75,6.977122492709777,6.573328731366795,0.335258913593792
476,157,145.06369426751593,529.7834394904459,15.303227118624768,13.339363863798729,0.49009328155104254
477,112,146.14285714285714,258.29464285714283,14.104896119999562,10.200521061878025,0.6906490404447234
478,68,146.48529411764707,466.02941176470586,9.855217530293169,8.813677768349866,0.44743610159320607
479,93,147.55913978494624,215.23655913978496,12.54359383446938,9.469103395290656,0.6558450129946916
480,32,146.34375,380.40625,8.29383087073012,5.3554756546663596,0.763575994844782
481,131,147.83969465648855,425.14503816793894,13.894959083280247,12.331889549938468,0.46079200123685427
482,30,147.5,109.5,6.531972647421808,5.796550698475776,0.46097722286464426
483,187,147.74866310160428,343.9465240641711,19.89809498960355,12.212631764797544,0.7894935606226133
484,116,147.30172413793105,124.90517241379311,16.61045864929935,9.036846885322504,0.8390556530064661
485,117,147.72649572649573,455.1111111111111,13.548700534317557,11.292339972026014,0.552575337926114
486,122,147.20491803278688,475.7704918032787,14.543212204019055,10.808163477772966,0.669096195398159
487,47,147.85106382978722,563.7872340425532,9.23310848968755,6.6372784312494755,0.6951586760860162
488,46,148.30434782608697,576.7173913043479,8.25504352844335,7.15410990128132,0.4989426055690266
489,161,148.416149068323,171.88819875776397,18.23098655790265,11.645461683737475,0.7693952657705092
490,71,149.28169014084506,202.29577464788733,13.222250569497609,6.901415709568978,0.8529732121250452
491,120,148.71666666666667,492.93333333333334,14.499783161711147,10.677112564162764,0.6765860218331482
492,71,149.1267605633803,439.5774647887324,11.505380529877886,7.9118302548733475,0.7260295513743866
493,52,149.78846153846155,483.28846153846155,10.24338085469848,6.571123004581202,0.7671235090752863
494,25,149.64,318.24,6.13381589801192,5.15568642658727,0.5417573775069718
495,107,149.74766355140187,553.2990654205607,18.493568873695835,7.689400133660418,0.9094616614110715
496,169,151.3550295857988,191.46153846153845,16.157407830446356,14.403262841129067,0.4531505347899259
497,95,150.1578947368421,266.6,12.86330486785777,9.737484334926835,0.6534182487728915
498,34,150.85294117647058,408.38235294117646,7.2034283762956095,5.981508145675583,0.5572129573615439
499,106,151.53773584905662,242.69811320754718,13.961823238487328,9.776836798323448,0.7138927848401027
500,125,151.208,583.64,17.345193074997308,9.659526551082378,0.8305799941513208
501,80,151.125,518.1875,10.489587414006085,9.887166221113365,0.3340098017948032
502,131,152.10687022900763,231.44274809160305,15.594502181250357,10.770151559630458,0.7232008907069113
503,6,152.16666666666666,378.1666666666667,3.1269438398822857,2.309401076758503,0.674199862463242
504,31,151.5483870967742,433.0967741935484,6.796795026802394,5.786816068861261,0.5245110400126244
505,191,152.21465968586386,75.42408376963351,16.089305349252296,15.284083545361868,0.3123929221842966
506,108,151.96296296296296,143.55555555555554,14.619164135166432,9.614100666283692,0.7533351234199848
507,35,153.0,462.1714285714286,6.961116495013057,6.377511510081695,0.4008078096414061
508,31,153.16129032258064,66.2258064516129,7.514882259669918,5.288848081592643,0.7104147876067926
509,55,154.01818181818183,321.27272727272725,11.030301743519864,6.464643609714432,0.8102529048778953
510,69,153.46376811594203,401.94202898550725,10.048352193580955,8.846479063036568,0.47424850800555957
511,97,153.9278350515464,114.49484536082474,13.367375690664772,9.362825814565852,0.7137273551695064
512,202,154.55445544554456,132.4108910891089,18.774079759019095,14.435689781769769,0.6393498481859017
513,6,154.0,387.5,3.265986323710904,2.0,0.7905694150420949
514,48,154.22916666666666,468.6458333333333,9.122959341438403,6.776753694228496,0.6694866812511155
515,87,154.4022988505747,162.60919540229884,11.873925382240918,10.084685040589017,0.5278888053480206
516,60,154.53333333333333,528.8,9.732877109576677,8.054811733291302,0.5613360836985164
517,163,154.70552147239263,541.680981595092,19.27801504360636,11.099879329031653,0.8176052578535762
518,76,154.68421052631578,95.22368421052632,11.40101513459041,8.56183056031242,0.6603353028010278
519,22,155.45454545454547,411.1363636363636,5.715172676462992,4.908882954066357,0.5121077796951234
520,22,154.72727272727272,446.90909090909093,6.403115128550987,4.655942718820187,0.6864922453974129
521,58,155.0344827586207,511.1034482758621,10.428982375184194,7.410003095875188,0.7036767607967601
522,154,155.14935064935065,152.67532467532467,17.93028360223253,11.272036977151997,0.7776809526467595
523,22,155.5909090909091,346.8181818181818,5.846732667924366,4.942396924343482,0.5342503509982734
524,286,156.56993006993008,277.513986013986,25.704619429702426,14.323030711407561,0.8303674435262611
525,49,156.73469387755102,428.81632653061223,8.310227800585743,7.567968115083354,0.41310988394482157
526,144,156.41666666666666,593.2777777777778,15.024547216700164,12.702824345996687,0.5340207692342296
527,49,156.85714285714286,172.9387755102041,9.122683348776123,6.950432378078673,0.6477127337538087
528,76,156.46052631578948,453.64473684210526,12.152707551843362,8.11457486244045,0.7444148109592827
529,31,156.7741935483871,473.5483870967742,7.921546927924316,5.055403718367658,0.7698839580317763
530,197,157.01015228426397,572.005076142132,18.270230286906315,13.800745750746904,0.6553009336332207
531,180,157.4388888888889,336.40555555555557,16.78085923911482,13.842778488563434,0.5652571424482817
532,31,157.03225806451613,380.19354838709677,6.8360043320392805,5.80390195152114,0.5283612848173451
533,54,157.44444444444446,436.1296296296296,9.867640820349209,7.237782432800539,0.6797038988839466
534,81,157.59259259259258,259.71604938271605,13.35291907266025,7.867779890698042,0.8079741220882101
535,126,157.984126984127,489.4761904761905,14.30482130377453,11.380585050378452,0.6058526501805505
536,40,158.3,310.5,8.148619514985345,6.209669878504008,0.6475161066983083
537,14,158.5,423.7142857142857,4.20883424647321,4.120630029101703,0.2036532699906393
538,68,160.05882352941177,325.4264705882353,11.259469361859862,8.081941307314436,0.6962590391928545
539,65,158.92307692307693,441.9846153846154,12.153879532546217,7.042736356365843,0.8149977946571918
540,173,158.80346820809248,556.7687861271677,18.04042055020531,12.60908196153511,0.7151851630190535
541,167,159.22754491017963,202.44910179640718,15.967203641122062,13.930927694857887,0.4886652696823354
542,85,159.91764705882352,184.7058823529412,12.267124850255083,8.91933094560633,0.686539813012567
543,49,161.0,33.83673469387755,8.527389294498349,7.273098320775918,0.5220574568663824
544,88,159.22727272727272,395.8068181818182,15.380926408366149,7.483551904103861,0.8736541028906022
545,100,159.82,522.91,12.867369411409687,10.401096309058882,0.5887279949373293
546,110,160.23636363636365,101.45454545454545,16.569115665350328,8.627188012926986,0.8537526222602141
547,81,161.19753086419752,121.0246913580247,11.446450851545244,9.630149269040777,0.540534490571923
548,56,161.08928571428572,404.25,9.48463327093262,7.563061217603893,0.6034490675335454
549,31,160.38709677419354,502.83870967741933,7.011495508514027,5.670469760096126,0.5881677093514875
550,17,161.41176470588235,385.88235294117646,5.181899763382574,4.041201040002321,0.625943231252129
551,17,161.64705882352942,390.52941176470586,4.957954707224818,4.338609156373124,0.4839775141824608
552,29,161.82758620689654,12.96551724137931,7.0533450836308615,5.195868860398095,0.6762707589523915
553,162,162.0,250.08641975308643,16.429525542561542,12.764750322185284,0.6295750417597922
554,83,162.15662650602408,166.56626506024097,11.353477965967771,9.605952610937807,0.5330556626321581
555,179,163.53072625698323,295.37988826815644,18.713036440474966,12.624832202744843,0.7381337634599512
556,209,163.0287081339713,349.70334928229664,22.552780627966108,11.905475494356649,0.8493103215271822
557,26,162.65384615384616,497.84615384615387,6.371547438102486,5.161975086563814,0.5862083344163539
558,132,163.78787878787878,4.5,15.674799276205702,11.031860823712606,0.710402145994749
559,148,163.64864864864865,68.29729729729729,14.718198189290582,12.940045063252123,0.4764773142393499
560,154,165.51298701298703,106.92207792207792,22.194253067787287,10.02028900033225,0.8922806092704445
561,92,163.97826086956522,135.57608695652175,15.565271193262847,7.883139144699896,0.862265271699302
562,55,162.8,316.1818181818182,9.612024194420622,7.61601612588066,0.6100764077407727
563,151,163.27814569536423,537.7682119205298,18.5206363328623,11.481103182081217,0.7846739648566552
564,51,163.47058823529412,18.58823529411765,8.361073311818606,7.806051301827263,0.3582691921072214
565,41,163.7560975609756,93.58536585365853,8.0889749761815,6.54720748361618,0.5872592387701419
566,48,163.85416666666666,224.45833333333334,8.617312294000229,7.097455408251395,0.5671311454293715
567,155,163.6258064516129,479.2516129032258,15.856308271286478,12.729760045480257,0.5962215908575295
568,18,164.72222222222223,597.9444444444445,6.637199420579898,3.8869110716112814,0.8105819850624706
569,187,164.47058823529412,82.32620320855615,17.35288257558342,13.87590602806142,0.6004914409463699
570,117,166.68376068376068,432.28205128205127,14.528406027908092,10.663516036134002,0.6791743125299705
571,60,164.68333333333334,237.85,10.930480375086724,7.203713463119757,0.7521007009936755
572,226,166.01769911504425,511.9380530973451,18.705574726005306,16.420891656670413,0.4789157909266857
573,156,166.37820512820514,176.57692307692307,15.715808678831541,12.964025399004628,0.5652735931922193
574,17,166.11764705882354,272.47058823529414,7.297840781572682,2.97643528161426,0.9130482775119225
575,76,166.48684210526315,147.3815789473684,15.101570182620508,6.643529471339897,0.8980354513111155
576,146,166.5205479452055,283.6849315068493,16.235310605995654,11.865590853038734,0.6825371845897894
577,80,165.975,193.6625,12.108327530845063,8.447242414289974,0.7164493851686757
578,98,166.76530612244898,211.3673469387755,12.683854592452072,9.971277331397415,0.6180492752922488
579,121,166.64462809917356,305.3388429752066,15.235010512902884,10.359030936750987,0.7332593595407743
580,42,167.76190476190476,458.5238095238095,7.895327097708573,6.774257700280026,0.5136355000703136
581,187,167.64705882352942,589.2299465240642,18.491001782959575,13.054100597743728,0.7082413027797836
582,134,169.77611940298507,54.223880597014926,21.794093400396328,8.496451704255968,0.9208778989924273
583,53,168.35849056603774,127.05660377358491,9.525316348615409,7.215711833645022,0.652800480765005
584,66,168.84848484848484,154.06060606060606,14.297810420956354,6.049882945099337,0.9060673367498372
585,132,167.3939393939394,260.75,16.85653085858308,10.479928479270471,0.7832449441178608
586,97,168.1958762886598,528.0412371134021,15.165401880785085,8.64228471548191,0.8217359069010264
587,73,168.1917808219178,325.0821917808219,10.14677489818452,9.234603405401081,0.4143835925091805
588,59,168.45762711864407,489.3050847457627,9.554007825143971,7.907276001547486,0.5612597938599948
589,134,168.46268656716418,161.2537313432836,17.79113529010491,11.088754137984472,0.7820034367601717
590,70,169.28571428571428,33.18571428571428,10.615664252374234,8.38832516128673,0.6128700310340626
591,77,170.8181818181818,242.87012987012986,11.775111344950664,8.51445941514267,0.6907543485516017
592,231,170.995670995671,42.8008658008658,23.22343845769245,12.960909977201856,0.829776334330869
593,91,170.03296703296704,440.6703296703297,13.020647288672576,8.961630999094842,0.7254611721846668
594,110,170.92727272727274,11.209090909090909,13.849587396894016,10.31086260278355,0.6676349581165726
595,138,171.1304347826087,114.94202898550725,16.867605339613505,10.849360940080997,0.7656923813411035
596,127,171.51181102362204,140.88976377952756,15.532585011916801,10.854387546307247,0.7153034473960906
597,201,170.93532338308458,548.7363184079602,20.077216781547428,13.392825713919601,0.7449987579708182
598,151,172.8543046357616,312.97350993377484,17.96765371916008,10.941958933793089,0.7931848432618477
599,78,171.67948717948718,333.29487179487177,11.368470654086657,8.934516975939474,0.6183496001508557
600,114,171.71052631578948,407.7368421052632,17.641862414741333,8.510064643387144,0.8759625919110499
601,106,171.3679245283019,500.95283018867923,13.950190528063665,9.891016048448504,0.7051846267581136
602,238,172.45378151260505,357.7857142857143,21.660672319785057,14.187081911246427,0.7556552266012765
603,140,173.27142857142857,399.37857142857143,18.713418902752842,10.019643660956289,0.8445823939529371
604,89,172.73033707865167,415.60674157303373,13.317410819089273,8.545824505642186,0.7669531042258592
605,137,173.007299270073,90.43795620437956,14.169846389952477,12.516838980734546,0.4687265734016226
606,126,172.88095238095238,186.20634920634922,15.166796154471276,10.77533647582964,0.7037419461069898
607,154,172.55844155844156,229.87012987012986,15.256896182608381,13.112649360442068,0.5112076990872908
608,41,174.29268292682926,168.4878048780488,8.247061834897751,6.445138330025014,0.6238962030974122
609,174,173.79885057471265,270.235632183908,16.709683998106055,13.393604960567332,0.5979311421135756
610,166,173.89156626506025,387.00602409638554,17.50916856998263,12.073542555360298,0.7242328947707718
611,134,173.5820895522388,204.1417910447761,16.194506346845294,10.77564104876335,0.7464970978302536
612,34,174.85294117647058,519.2352941176471,8.210622012871548,5.363358738476935,0.7571664609496119
613,171,174.47368421052633,562.0350877192982,16.5374286584035,13.73954410917242,0.556548653568655
614,157,175.7515923566879,59.64331210191083,19.431208682143293,10.808883333673725,0.8310055825887116
615,132,175.3409090909091,73.0530303030303,13.884476645361463,12.278898737187076,0.4668023823292784
616,74,176.05405405405406,194.6891891891892,11.462368944340252,8.395305499459733,0.6808496051510011
617,142,175.85211267605635,218.79577464788733,17.30720200579717,10.87993923304992,0.7776992517786697
618,37,175.1081081081081,512.7297297297297,8.990578107819298,5.340081823100858,0.8044914485768386
619,63,177.53968253968253,2.126984126984127,13.389616793457806,6.104126816373029,0.8900386361612623
620,102,176.2843137254902,121.94117647058823,14.639867623319429,9.118612468441402,0.7823319844657383
621,72,175.16666666666666,249.16666666666666,13.114640822074175,7.2422814466458,0.8336926470065843
622,169,176.50295857988166,296.2899408284024,21.597331640657472,10.159527162644226,0.8824497938525536
623,60,177.31666666666666,460.6,9.4733082974708,8.11328039636002,0.5162535382763992
624,96,177.95833333333334,258.0729166666667,13.802937413157824,9.157842079126814,0.7482024241767562
625,42,178.02380952380952,136.3095238095238,8.007568183999949,6.750925633074943,0.5378067566240804
626,203,178.2807881773399,528.7339901477833,18.56953471183408,14.114605147418047,0.6498123021929495
627,92,177.83695652173913,572.5326086956521,12.00380035067312,10.341406769167165,0.507738803693016
628,145,178.06896551724137,587.9310344827586,19.10911111341493,9.984126208199191,0.8526516100164869
629,168,179.03571428571428,101.5297619047619,17.11674032104515,13.090590997506311,0.6442880207266536
630,117,178.86324786324786,176.36752136752136,13.111677875441995,11.492826985225458,0.4813405701249547
631,51,179.27450980392157,8.588235294117647,8.22582146328206,7.937606922805816,0.26238886815492374
632,65,178.64615384615385,156.1846153846154,10.673520042122805,7.997380826740567,0.6622612091186628
633,171,179.11111111111111,487.5730994152047,18.19877835443148,12.062499545715117,0.7487794869440163
634,78,179.17948717948718,541.5128205128206,11.731569172751323,8.805936192527781,0.6607355298312616
635,75,179.56,16.866666666666667,10.32170463222667,9.211606937660736,0.45114600090970763
636,93,178.65591397849462,129.41935483870967,15.423009772294414,8.429538506392129,0.8374225578964691
637,85,179.74117647058824,147.81176470588235,12.561587667874484,10.312904354795588,0.5709464067952482
638,73,179.42465753424656,81.75342465753425,10.883555628910145,9.065496832655015,0.5533428427858132
639,179,179.6312849162011,430.01675977653633,19.390668070930005,11.937029595941459,0.7880533678929401
640,111,181.13513513513513,239.38738738738738,12.923267465819684,11.034279749211942,0.5205511503189095
641,52,181.5,360.40384615384613,9.883868649318355,6.839341791746011,0.7219261393861858
642,111,180.83783783783784,445.0,14.330960412355251,9.946031837413027,0.7199517726250182
643,135,180.85185185185185,510.7111111111111,21.4304388487053,8.402700261504476,0.9199260767920563
644,162,181.62962962962962,332.4259259259259,16.394742934496087,13.377388257602595,0.5781140602071027
645,35,181.97142857142856,202.57142857142858,9.997209658764667,4.429249148365247,0.8964976245160124
646,204,181.76470588235293,320.6862745098039,19.44121483224018,14.102222924552496,0.6883511096997024
647,75,181.8,552.8266666666667,13.754051814468884,7.185078118837269,0.8527022741236612
648,62,182.51612903225808,109.09677419354838,12.423633721138776,6.561075065586532,0.8491744751179778
649,97,182.35051546391753,166.4020618556701,13.551014279171886,9.173204003684473,0.736039533501322
650,249,182.53815261044176,369.96385542168673,24.588748744341263,13.262557336012256,0.8420656543830424
651,39,182.51282051282053,453.71794871794873,7.963626348155536,6.244796747627464,0.6205524259619601
652,77,183.7792207792208,139.85714285714286,12.1586411266591,8.321228160160079,0.7291179992386163
653,39,186.15384615384616,121.64102564102564,9.317470778018354,5.672753834373798,0.7933008756614782
654,145,183.79310344827587,393.4,15.689182689635615,12.159195158880273,0.6319550911891937
655,110,183.56363636363636,413.93636363636364,12.551994589358236,11.316505626619756,0.43263261541721043
656,115,184.42608695652174,593.2521739130435,17.957160022407873,9.727632350721759,0.8405633256590832
657,133,185.02255639097746,212.2781954887218,14.861613807838545,11.564412425856649,0.6280911815296186
658,58,185.60344827586206,159.1551724137931,12.742357993922173,6.1453630931493395,0.8760180451749836
659,84,184.79761904761904,198.36904761904762,16.440110267988185,6.8196301127887935,0.9099050583558276
660,123,184.4959349593496,464.1707317073171,15.234712228659195,10.502317767083888,0.7244116531164229
661,69,185.0,222.6231884057971,11.75448674509251,7.527396561520798,0.7680540989577981
662,19,185.26315789473685,421.5263157894737,5.562826454235675,4.464957812415313,0.5964611617767743
663,173,186.01734104046244,62.84971098265896,17.010867892760846,13.242884886532504,0.6276501294530512
664,84,186.3095238095238,403.57142857142856,12.392112714164751,8.688365592817078,0.7130427013256895
665,18,186.33333333333334,129.0,5.333333333333333,4.216370213557839,0.6123724356957945
666,37,187.0,432.2162162162162,7.951648762701791,6.100203267870222,0.6414533259095326
667,221,187.2760180995475,86.38009049773756,21.66137914133804,13.585188429758656,0.7788890424774088
668,240,186.75833333333333,288.9916666666667,19.976990465352806,15.823536153200633,0.6104068013285494
669,44,187.13636363636363,476.3636363636364,8.82288503730864,6.47497449105073,0.6792747749793158
670,48,187.66666666666666,511.7708333333333,10.815385575942656,5.9505780633595595,0.835035777760046
671,83,186.83132530120483,114.60240963855422,11.581017466818452,9.311433582239468,0.5945947900794025
672,119,186.7983193277311,342.4453781512605,14.384291036058938,10.850722140311936,0.6564778663330602
673,132,187.32575757575756,572.1666666666666,14.293616277233856,12.327791518693775,0.5061110161127034
674,216,187.5601851851852,252.11574074074073,17.590979873696604,16.03664631906441,0.41098898756328683
675,219,188.19634703196348,305.8995433789954,17.68067792005927,15.838332367230796,0.4444595330598763
676,22,188.4090909090909,425.90909090909093,5.980174444883107,4.821387567036789,0.5916041517998203
677,63,188.6984126984127,552.8253968253969,11.105020601404766,7.419765431256743,0.7440309708020024
678,97,187.98969072164948,562.0824742268042,12.52767576536199,10.361427439453974,0.5620798338114982
679,146,188.71917808219177,46.9041095890411,16.225145385420188,11.590921495944547,0.6997578349333459
680,127,189.23622047244095,352.8031496062992,13.800209572354646,12.074982081189367,0.48414928058541584
681,108,188.71296296296296,505.02777777777777,19.25254347777577,7.374235564288382,0.9237373283343929
682,89,189.2808988764045,520.0786516853933,12.118146381154354,9.51475995790411,0.6192849966999285
683,137,189.32116788321167,534.3868613138686,13.875306098871615,12.922575466687727,0.3641604050184453
684,110,189.75454545454545,544.3545454545455,14.679088103181014,9.873015677833806,0.7400148486012197
685,63,189.96825396825398,9.412698412698413,10.68617445523976,7.5687946919173905,0.7059324529841704
686,121,189.0495867768595,264.88429752066116,15.231173751279357,10.270190836988862,0.7384688886516728
687,65,190.33846153846153,481.7230769230769,11.420267240742245,7.253269758221634,0.7724113477505155
688,110,191.02727272727273,374.9909090909091,16.25019277457144,8.898917851148958,0.8367276693428777
689,45,190.8,410.0888888888889,8.89077767179206,6.654062032064791,0.6632217513199637
690,18,189.77777777777777,526.1666666666666,6.745324441982768,3.5807242042233374,0.8474687016195362
691,135,190.44444444444446,453.1333333333333,16.52243932695743,10.575004826574421,0.7683424588629584
692,68,191.69117647058823,106.38235294117646,9.93138935862543,8.722997695654,0.47806213122721847
693,76,192.03947368421052,419.88157894736844,10.780787863633869,8.976521438678109,0.5538137482711342
694,138,192.8840579710145,223.45652173913044,16.716644620932847,11.076338636913533,0.7489792835429087
695,186,192.24193548387098,275.4032258064516,18.614628488094873,13.385138253150945,0.694942242776528
696,42,193.11904761904762,117.64285714285714,10.224726114951388,5.576034799285947,0.838209679584878
697,92,192.66304347826087,385.89130434782606,13.359332458131883,8.819491751842422,0.7511121875373096
698,157,193.28025477707007,440.140127388535,14.690725637765315,13.785906422152767,0.34552698571300156
699,43,194.13953488372093,208.04651162790697,7.983460623632107,6.841194658556287,0.5154478500943125
700,179,194.58659217877096,143.9832402234637,16.25773579730911,14.11634012140032,0.4960665417743128
701,92,195.32608695652175,502.29347826086956,14.332984400053162,8.21499623266904,0.8194482172045935
702,39,195.64102564102564,177.89743589743588,8.143310953242318,6.174385930349435,0.6520038383555379
703,116,195.07758620689654,316.9310344827586,12.793962006363289,11.902073927091006,0.3668290720199808
704,80,197.2125,345.15,10.645890298509626,9.74589758575877,0.40240666227687627
705,36,195.69444444444446,379.30555555555554,7.611860617461927,6.143174284196334,0.5904791238640134
706,45,195.48888888888888,527.0222222222222,9.098602909386722,6.4605635889930655,0.7041401116991416
707,59,196.01694915254237,561.6271186440678,10.198832340270997,7.78037501936839,0.6465528524567595
708,250,195.888,590.972,20.038000054865833,16.336257398841294,0.5790896547242058
709,136,196.5808823529412,55.48529411764706,14.462507132620864,12.200221432819362,0.5370100762650116
710,147,196.29931972789115,466.08843537414964,14.503526902542617,13.213345485125014,0.4123100088882387
711,133,196.87218045112783,427.18045112781954,17.185541306794395,10.320919503035247,0.7995809690814436
712,6,198.16666666666666,457.6666666666667,4.363338213437162,1.65500979239906,0.9252741613028527
713,153,198.26143790849673,232.37254901960785,17.838501480793788,11.063234279134209,0.7844527828980667
714,156,197.47435897435898,404.1794871794872,16.881189363922886,11.963062338633133,0.7055478414274898
715,183,198.34972677595627,491.2896174863388,18.6285291760608,13.071313434620114,0.7124897407647754
716,131,198.206106870229,67.1145038167939,15.104035596815939,11.752603464841329,0.6281278438201837
717,102,198.73529411764707,257.078431372549,13.252243715389032,9.84296681668569,0.6695803290478732
718,55,199.05454545454546,267.4909090909091,8.961759708976238,8.117418478388363,0.42373973271374465
719,287,197.94773519163763,331.7770034843206,21.076184234289638,17.45637843501089,0.5603567350911127
720,181,199.1988950276243,295.27624309392263,18.812086559932432,12.400659235573103,0.7519801577730391
721,105,199.76190476190476,451.1047619047619,13.575233394819964,10.070320763095367,0.6706038487185627
722,123,198.869918699187,551.9918699186992,13.674254757042242,11.926394925130001,0.489187248159474
723,178,201.1573033707865,572.3539325842696,17.848322698386664,12.931239311854707,0.6892671726091666
724,49,199.6530612244898,415.2448979591837,8.374318003672107,7.4809708875433,0.44941519387660567
725,168,199.94642857142858,517.1845238095239,17.088662763160357,12.63993094918177,0.6729723429220599
726,29,200.3793103448276,123.17241379310344,6.477074274678756,5.7978177589997495,0.4458069858840877
727,188,200.3404255319149,243.43617021276594,17.867185344816168,13.885305690196773,0.6293276648983048
728,79,199.40506329113924,540.8101265822785,12.293643334528785,8.431014418740514,0.7277874598457973
729,52,201.19230769230768,175.84615384615384,10.895283983625946,6.15311581667549,0.8252617787387145
730,43,200.46511627906978,307.93023255813955,7.934561634998009,6.85506333810634,0.5035778548266563
731,70,201.6,210.5,10.489020659107771,8.565238044308371,0.5772169634003584
732,231,201.35497835497836,358.27272727272725,20.157747631768288,14.83240031789822,0.677181140308732
733,30,202.16666666666666,19.566666666666666,6.465659030485813,5.8946046867121105,0.4109034521898796
734,196,201.1377551020408,87.68367346938776,20.35648244952291,12.425895410776915,0.7920820266906964
735,66,201.5909090909091,217.3181818181818,12.38437003953728,7.196138097424186,0.8138563391270655
736,26,202.1153846153846,461.15384615384613,6.35545666921016,5.22725041079467,0.5687907524169876
737,21,202.85714285714286,43.0,5.617789656021407,4.712658152645074,0.5443145459415236
738,152,202.88815789473685,113.60526315789474,19.06915225410235,10.91066634381676,0.8201398188383148
739,99,203.010101010101,394.1313131313131,12.585111843718025,10.40804189889924,0.5621838731805037
740,94,203.67021276595744,437.28723404255317,12.020326162610527,10.331961239080613,0.5110670655482754
741,144,203.59027777777777,532.6111111111111,16.98183827147304,11.429023149687879,0.739629300463147
742,182,204.56593406593407,283.35164835164835,17.85038576160817,13.311865993301032,0.6662296023247735
743,56,204.16071428571428,557.875,11.082976663514875,6.453465744289605,0.8129837861060454
744,71,204.7887323943662,78.14084507042253,11.890920396142095,7.756675838756284,0.7579443540929012
745,54,205.2037037037037,346.85185185185185,8.788721860504788,7.867110463416418,0.44579107358283643
746,43,206.1627906976744,119.20930232558139,9.519087747706523,5.833479057649815,0.7902232062818684
747,43,205.86046511627907,544.8372093023256,8.580053029894795,6.4318028200778885,0.6618653601246511
748,65,206.13846153846154,407.7230769230769,11.1072797049871,7.582520012801208,0.7307340959928909
749,157,207.23566878980893,474.78343949044586,16.437084390062846,12.445235312038651,0.6532483286482695
750,67,206.28358208955223,265.85074626865674,12.091206389105073,7.147375290625062,0.8065823306493678
751,43,207.0,25.13953488372093,7.520514579128459,7.247460904477192,0.2670157853396742
752,44,207.11363636363637,37.77272727272727,8.331597335969407,6.802845045074928,0.5773291686879874
753,56,206.83928571428572,173.66071428571428,10.083774150544226,7.095640290045291,0.7105278294754382
754,92,206.9891304347826,224.2391304347826,14.181425794810636,8.498894504281102,0.8005263153009622
755,181,206.77348066298342,316.3867403314917,16.456336019358176,14.36721713706363,0.48762928618790113
756,45,206.73333333333332,415.84444444444443,7.850079442550914,7.33683121325633,0.3556512971815668
757,92,206.8586956521739,428.20652173913044,11.654008213680834,10.174970677267229,0.4875632784442706
758,53,207.9056603773585,98.05660377358491,9.995907540584941,6.870875048471715,0.726308558495122
759,153,208.18300653594773,50.60130718954248,17.26769973747584,11.498323376692666,0.7460533067976742
760,161,207.98757763975155,65.49068322981367,19.836010877298015,10.666933626162418,0.8431005262908045
761,37,208.75675675675674,293.7567567567568,7.991776093372389,6.166193789114451,0.6361476000152844
762,46,208.97826086956522,153.65217391304347,8.300248285147855,7.011603894969207,0.5351669979606528
763,64,208.703125,452.1875,10.945985933533937,7.514168995496256,0.7271513952676495
764,166,208.04819277108433,367.56626506024094,20.7548670361868,10.524572718394682,0.86189347236703
765,63,211.36507936507937,42.84126984126984,10.628869818152456,7.971141332257932,0.6614923408660457
766,57,209.64912280701753,211.59649122807016,8.958226738913003,8.490436282000205,0.31892216677094026
767,97,210.1958762886598,234.35051546391753,12.288552564289407,10.289593559805857,0.5466953147633614
768,195,210.01538461538462,251.7076923076923,19.71037662261193,12.95186004562053,0.7537958281978111
769,47,210.63829787234042,399.25531914893617,8.432018740318822,7.215446732660871,0.517439224819466
770,151,210.23841059602648,463.29801324503313,14.813712349916502,13.286389203666845,0.44223743669789145
771,58,210.48275862068965,551.2413793103449,9.067290255576129,8.154902822778345,0.4371760441401095
772,138,210.2608695652174,563.3550724637681,16.95891283347038,10.426384570333907,0.7886809875742393
773,94,209.68085106382978,273.7659574468085,13.453286220825689,9.2617263100685,0.725297110664396
774,367,210.57765667574932,502.4032697547684,25.673644463451208,18.33734195966476,0.6998929903559004
775,80,211.3125,87.5125,13.392817211491108,7.7503191637240025,0.8155460202180222
776,174,210.98850574712642,302.92528735632186,16.013176446961594,13.986589489985226,0.4869272342205336
777,134,211.09701492537314,521.0895522388059,15.38903900441866,11.225108112837773,0.6840636804659769
778,63,211.36507936507937,579.5238095238095,10.725419314275461,7.861800693060161,0.6802217723065475
779,149,211.8523489932886,126.14093959731544,18.249449868491926,12.046150206838677,0.7511927416858213
780,66,212.84848484848484,218.0909090909091,10.250518843411122,8.449675706640656,0.566128679815476
781,71,213.50704225352112,410.4788732394366,9.96186152591965,9.218390972264785,0.3790692409590628
782,78,213.4102564102564,543.2564102564103,10.7264017887597,9.487882420151715,0.466473014025889
783,44,213.9318181818182,19.954545454545453,7.627700713964739,7.303910421001652,0.2882647930446776
784,174,212.9712643678161,484.6034482758621,18.052157989987112,12.643820224517968,0.7137457192773285
785,84,213.4404761904762,33.5,12.711483390352708,8.500956568477779,0.7434765891130136
786,151,214.0,327.19867549668874,18.69497655152236,11.027302472863674,0.8075100775558942
787,186,213.70430107526883,337.93548387096774,18.456572853303257,13.04405535356848,0.7074702840879302
788,52,214.46153846153845,375.03846153846155,8.712615661155242,7.648825368932432,0.4788397888590534
789,141,215.18439716312056,532.8439716312057,14.640000123921034,12.626633644103899,0.5060997222891924
790,5,216.4,55.2,3.098386676965933,1.7888543819998317,0.816496580927726
791,136,216.39705882352942,72.32352941176471,17.100112149946572,10.31735218720149,0.7974765270928068
792,131,215.73282442748092,418.8854961832061,16.86891695668787,10.00209661080469,0.8052535840545707
793,84,215.86904761904762,98.76190476190476,12.160405967999736,9.283383867741328,0.6459134027010369
794,92,216.3804347826087,288.7717391304348,14.230696791927134,8.438453392614964,0.8052205613878561
795,82,217.1219512195122,357.5,13.153354048072577,7.982915096824104,0.7947698113381595
796,281,216.0391459074733,442.61921708185054,20.841707991519254,18.08809319256475,0.49677459688108666
797,52,217.15384615384616,165.69230769230768,8.753117755185698,7.702959969112289,0.4749278879244195
798,48,218.375,172.04166666666666,9.585680455066429,6.770299287001991,0.7079195976167254
799,146,218.6986301369863,207.37671232876713,15.3764959578586,13.01437063655603,0.53257823453335
800,79,218.35443037974684,403.72151898734177,11.497574263094942,8.878823457040738,0.6353376145241458
801,8,218.125,139.875,3.4641016151377544,2.7386127875258306,0.6123724356957945
802,71,219.22535211267606,233.29577464788733,10.556723362055688,8.684109333714773,0.5686000935953215
803,120,218.13333333333333,278.68333333333334,15.72333243176354,10.312836419629212,0.7548531708758064
804,67,219.6417910447761,50.3134328358209,11.30437617893949,7.768359702286138,0.7264689153536531
805,133,219.2781954887218,60.774436090225564,15.577574931245795,11.3816716453147,0.6827579427499278
806,165,220.45454545454547,131.02424242424243,16.499017023210726,12.875416107093246,0.625312135150611
807,38,219.92105263157896,219.55263157894737,7.294244172708032,6.736972594040178,0.38335472196062204
808,85,219.4470588235294,225.69411764705882,13.986584787191036,8.021188180783861,0.8192114761995235
809,297,219.6228956228956,263.61279461279463,21.235366891573136,18.489268100130364,0.49184500741419834
810,21,219.47619047619048,363.0,6.045260347724386,4.558408753806529,0.6568207821024
811,49,218.73469387755102,550.6122448979592,9.719159884252312,6.462288407435509,0.7469306462543854
812,37,219.94594594594594,22.783783783783782,7.464323089841029,6.42019235331491,0.5100965365635978
813,85,219.83529411764707,320.8588235294118,14.534348399033323,7.6604261226268155,0.8498301033810586
814,49,220.0408163265306,368.83673469387753,8.60438059786187,7.27038023624164,0.5348253165184077
815,75,220.2,41.373333333333335,11.130347350378752,8.675943181126701,0.6264204033641022
816,209,222.19617224880383,91.53588516746412,24.54192787868256,11.304613100840385,0.8875951080898085
817,155,220.61290322580646,243.05161290322582,14.947096806705465,14.216833885553957,0.3087491754720462
818,75,220.24,386.4533333333333,12.475463451220332,7.6554795560318265,0.7895836831882364
819,69,221.05797101449275,180.2608695652174,11.945271947113792,7.670366854258954,0.7665993121976096
820,140,220.57142857142858,310.15,15.531340994574471,11.96871337995338,0.6372987055431877
821,126,222.0,511.5,16.56965064243199,10.212924186779023,0.787461941570438
822,120,222.08333333333334,31.233333333333334,15.511403409773035,10.341541247337972,0.7453210678602851
823,378,221.5952380952381,112.06349206349206,25.17226492537316,19.51337470968541,0.6317239320261612
824,117,221.97435897435898,293.7435897435897,17.590240533112723,8.740295987575042,0.8678173944091605
825,65,221.84615384615384,492.66153846153844,11.228164309079103,7.635531677611027,0.7331807267703025
826,72,222.56944444444446,78.90277777777777,11.079411252023,8.400821793275542,0.6519787916169809
827,148,222.10135135135135,469.75,15.643560933108196,12.230049355945322,0.62353621702394
828,95,222.74736842105264,459.0421052631579,12.490624209453156,9.878633982049216,0.6119661811293093
829,107,222.53271028037383,541.9906542056075,13.301331118698466,10.39365364953667,0.6240310906718133
830,33,223.12121212121212,399.030303030303,7.378610832686184,5.750122390502071,0.6266559202244857
831,191,223.51832460732984,522.82722513089,16.835015719977715,14.734466063082213,0.4837117939559033
832,85,223.65882352941176,188.41176470588235,11.30704851172606,9.608765280536792,0.5271002092491782
833,95,224.2,141.9578947368421,11.738192228265213,10.849649700057428,0.38165878391067576
834,146,223.86986301369862,158.26027397260273,16.561729213591928,11.523568492604667,0.7182404251779425
835,59,225.20338983050848,212.67796610169492,10.954686655009152,6.907066419157977,0.7761791282890463
836,43,224.88372093023256,359.06976744186045,8.385609503330338,6.576306355833737,0.62046121485016
837,78,224.89743589743588,448.3333333333333,14.891448163621353,6.739947226681314,0.891711002241118
838,32,225.21875,377.21875,7.332848930502224,5.540584496461757,0.6550515840723335
839,84,226.1547619047619,174.89285714285714,12.314952809573848,9.016587680366808,0.6811264149940884
840,4,226.75,257.75,3.4641016151377544,1.4142135623730951,0.9128709291752769
841,128,225.6640625,485.0703125,17.9936764184692,9.197436780017867,0.859492544628102
842,81,223.91358024691357,149.54320987654322,14.944100041581335,7.328689627615812,0.8714935926813512
843,63,226.5873015873016,366.36507936507934,10.427649059785542,7.867563270518295,0.656310843797152
844,27,226.2962962962963,386.6666666666667,6.549011858593857,5.4025235986801645,0.5652243736385935
845,112,226.38392857142858,419.2142857142857,14.87076638109748,9.866033831553159,0.7482191972078552
846,63,227.20634920634922,47.36507936507937,9.672037633580675,8.41124200825461,0.4936770839277958
847,55,226.4909090909091,300.1090909090909,9.62680700523999,7.561032666444171,0.6189703142212465
848,68,227.44117647058823,56.588235294117645,13.160143711900865,7.14851557468839,0.8396069969076937
849,50,226.92,406.34,9.128576641344798,6.939530856123786,0.6496908056588488
850,161,228.01863354037266,502.11801242236027,15.01590438311611,13.98787649837934,0.3636455362557492
851,133,228.52631578947367,70.75187969924812,15.185647928532822,11.414671899008695,0.6595336952229471
852,194,229.16494845360825,339.4381443298969,18.692090082812552,13.543589262250249,0.6892090020977208
853,57,229.42105263157896,39.49122807017544,9.089031201980312,7.962023664093683,0.4823046421495822
854,102,230.40196078431373,230.0,14.555899591799502,9.133618147295731,0.7786281245920719
855,74,230.1216216216216,237.52702702702703,12.894810169826826,7.574127415844669,0.8093127459989641
856,166,230.0120481927711,248.98192771084337,20.14659929944258,10.654983582781211,0.848701250964933
857,73,230.23287671232876,29.356164383561644,12.242751470959721,7.776757440778895,0.7723368306317311
858,36,230.61111111111111,266.25,8.35231068553351,5.824969033137782,0.7166742338957324
859,173,230.51445086705203,278.42774566473986,17.537776001737463,13.816037537936797,0.6159473516424487
860,134,230.41044776119404,310.0149253731343,17.247214086861913,10.326690384062433,0.8009394022460727
861,111,231.1081081081081,451.8918918918919,17.1261033360531,8.745556075387896,0.8597848183178933
862,67,232.16417910447763,286.8358208955224,11.731343820530052,7.347831734444089,0.7795485050199326
863,124,231.3709677419355,328.96774193548384,16.546696316914268,9.591054093439741,0.814875807726717
864,66,231.4848484848485,427.8787878787879,11.08939749905728,7.694852460203672,0.7200783705886469
865,66,231.22727272727272,124.36363636363636,13.421065189971397,6.819722720313857,0.8612770069652916
866,105,231.6952380952381,320.64761904761906,15.40092384793215,9.085081736730526,0.807472668146501
867,87,231.632183908046,478.1034482758621,12.653289612963434,8.848392542259472,0.7148323967153862
868,168,231.98809523809524,86.73809523809524,17.27062112394622,12.453997881269393,0.6928217768256157
869,84,232.1547619047619,184.5,10.953591962463467,9.837604398839405,0.4397570987269933
870,72,233.65277777777777,358.2361111111111,12.179736898799023,7.771008749015033,0.7700134640531257
871,75,234.02666666666667,154.70666666666668,13.63102367463727,7.310752676201639,0.8440071710945511
872,62,233.59677419354838,54.54838709677419,10.770227530597188,7.4449847061114935,0.722609924795462
873,119,234.03361344537817,294.83193277310926,13.937558011390012,11.880235670818422,0.5229065067655224
874,53,234.64150943396226,62.83018867924528,8.883490802780601,7.852407837729884,0.46761417461207105
875,81,234.7283950617284,366.1975308641975,10.779460214383999,9.641659478150483,0.4471733021404976
876,65,235.3230769230769,46.23076923076923,10.545934778624837,7.906154774201561,0.6617920765608469
877,47,234.38297872340425,171.4468085106383,9.330182350752567,6.418252299505824,0.7258034592357235
878,169,233.46153846153845,164.94082840236686,24.90519859489348,8.9380132161981,0.9333831588462013
879,51,236.0,20.0,8.961792537779262,7.172933876187405,0.5994789404140899
880,83,236.50602409638554,35.204819277108435,15.564420117683152,7.128251576866264,0.8889605614119144
881,171,237.08187134502924,143.68421052631578,19.766934058155822,11.50989939578307,0.8129879885090648
882,138,235.45652173913044,256.7391304347826,16.67903437867953,10.689056878814496,0.7676512233067033
883,172,235.87790697674419,349.1337209302326,18.974343784817663,11.709999515117083,0.7868462157327359
884,47,235.82978723404256,387.97872340425533,8.066211897137158,7.3915923270225425,0.40034438566255304
885,41,236.02439024390245,504.8780487804878,12.029359387959442,4.441842838459082,0.929330039227463
886,117,237.36752136752136,115.57264957264957,13.099585399846987,11.804738239064934,0.43349997788757766
887,66,236.92424242424244,177.46969696969697,14.02269325936021,6.187718241913848,0.8973770366296568
888,203,236.86699507389162,193.4679802955665,23.82835343673706,11.031918545418977,0.8863716317553259
889,140,236.31428571428572,415.5,14.917129272310815,12.236315521368104,0.5719532534833429
890,56,236.82142857142858,2.5535714285714284,10.434124450840798,7.030651986304647,0.738901628367799
891,7,237.0,374.7142857142857,3.0237157840738176,2.799416848895061,0.377964473009227
892,47,238.3404255319149,473.5531914893617,8.65304390934192,7.006972919272042,0.5867478207265417
893,83,239.3132530120482,426.09638554216866,10.995305528103836,9.777598982203457,0.4574173473581418
894,63,239.1904761904762,224.28571428571428,9.369573554440224,8.536050177478117,0.41231942385695475
895,55,238.74545454545455,463.0,9.379844753688932,7.434563018276681,0.6097283547503015
896,108,238.50925925925927,202.15740740740742,15.134309269211782,9.279570749058697,0.7899680928274989
897,75,238.8,305.4,10.409075830385728,9.376449595872968,0.43424337236269733
898,47,239.80851063829786,333.78723404255317,9.669011026176749,6.3520202686382925,0.7539374382443007
899,6,240.33333333333334,358.5,3.8297084310253524,1.8856180831641272,0.8703882797784891
900,137,239.5985401459854,451.91970802919707,15.954740614274748,11.081226465158558,0.71945282480372
901,209,240.00956937799043,437.8468899521531,18.83549379532313,14.175447756959898,0.6584867631187468
902,95,240.2736842105263,210.82105263157894,12.7849294675826,9.59237835749088,0.6611111943469851
903,86,241.0,314.22093023255815,12.219274398122163,9.070857926575687,0.6700232155342078
904,164,241.1280487804878,104.53048780487805,18.507197229956,11.94444847545354,0.763849185762312
905,262,238.65267175572518,133.13358778625954,24.805478434730464,14.485554754842363,0.8117781534348679
906,90,242.83333333333334,183.12222222222223,12.863345343860745,9.516406931482269,0.6728179486930662
907,54,242.24074074074073,44.25925925925926,9.095803015114665,7.601456606764557,0.5491704944261254
908,32,241.625,92.96875,6.818611649613198,5.978370193602867,0.4809056431092729
909,103,242.3106796116505,153.29126213592232,12.366642087235695,10.88552127033483,0.4745425219235383
910,57,242.89473684210526,173.21052631578948,11.18882576393439,6.7195105184052535,0.7995830958263795
911,259,241.82239382239382,268.05019305019306,20.741448006625024,16.65862749764319,0.5957681900528264
912,31,242.70967741935485,354.741935483871,7.100847713202127,5.594000544055981,0.6159396495152216
913,420,243.70714285714286,73.47619047619048,26.667779735266258,20.275733073201597,0.6495624354096774
914,21,243.04761904761904,479.6190476190476,5.845899600974925,4.539828009317909,0.630014584466343
915,155,243.78709677419354,55.67741935483871,15.658880415679477,13.131454362712422,0.544755820179927
916,34,244.5,167.64705882352942,7.144948830160857,6.353612463432929,0.4574305656407944
917,100,243.93,249.88,14.804145646209063,9.080114078899522,0.7898116829477118
918,172,245.77325581395348,323.7267441860465,16.588823167593464,14.12907812153346,0.5239927038084462
919,136,244.97794117647058,297.20588235294116,14.156606942594006,12.82317844679842,0.42368680344597154
920,174,247.3505747126437,37.827586206896555,20.16862525400654,11.43811461962956,0.8236323143025989
921,100,245.45,393.78,15.37937920982299,8.329483484614421,0.8406358400777215
922,27,245.77777777777777,223.0,6.79869268479038,5.028314888437673,0.6730463973541889
923,66,245.84848484848484,409.6666666666667,11.174156624895767,7.597394896513834,0.7332977212070787
924,44,246.70454545454547,308.77272727272725,8.136570030263917,7.053715746226344,0.49845575549252014
925,254,247.40551181102362,280.88188976377955,26.243295702316033,12.828140053191415,0.8723869678432892
926,147,246.79591836734693,339.05442176870747,14.88056418108743,12.790485901014387,0.5110633046923354
927,42,246.85714285714286,470.4761904761905,8.906590909698297,5.964489307421501,0.7426575256661061
928,23,246.95652173913044,348.95652173913044,5.95966488188807,4.9242248078990105,0.5632908682235185
929,58,247.20689655172413,416.58620689655174,10.287150865190709,7.277151158200789,0.706811433048368
930,37,247.64864864864865,423.02702702702703,7.4010568523710445,6.467773986928173,0.486108070526384
931,162,247.89506172839506,122.56172839506173,16.856550536579118,12.365415304605374,0.6796167492327434
932,38,248.3684210526316,48.86842105263158,8.450280530347088,5.715795770083704,0.7365316521157294
933,82,248.53658536585365,90.63414634146342,11.130309172948557,9.601933239626984,0.5057443109669543
934,124,248.96774193548387,201.8951612903226,17.49808406825704,9.682643151221841,0.8329458705213695
935,12,250.08333333333334,30.166666666666668,4.545107246099019,3.4813471385709263,0.6428943151637342
936,83,251.3012048192771,144.48192771084337,12.032618360797493,8.94563247689648,0.6687931501896305
937,40,251.0,290.2,8.638995923227913,6.255217777060321,0.6897289234472908
938,55,251.34545454545454,302.8909090909091,10.553174111040445,6.885013343781491,0.7578648212289574
939,163,252.23926380368098,112.06748466257669,18.37509108801188,11.554845096846185,0.7775412067840575
940,161,251.37888198757764,241.22981366459626,18.769360341054945,11.107506997911257,0.8060926748386431
941,159,251.54716981132074,159.08805031446542,15.21987772806778,13.54868058304632,0.45557693484799233
942,56,252.23214285714286,329.4107142857143,10.36753051025466,6.914494159827287,0.7451137253531036
943,82,251.97560975609755,353.8658536585366,11.284246896129938,9.254005763522004,0.5722462790707661
944,28,252.5,435.5,6.676183683170241,5.237229365663817,0.6201736729460422
945,169,253.4852071005917,258.38461538461536,16.834317631363685,13.12970795017589,0.6258579756101132
946,50,252.9,344.54,12.095498297129625,5.417870517475883,0.8940713651450158
947,78,253.6153846153846,379.2307692307692,11.789570627570079,8.457581170162307,0.696683925500372
948,51,253.64705882352942,411.80392156862746,8.668917583575313,7.517722402984361,0.4979525503937251
949,76,253.53947368421052,394.13157894736844,13.051161110603244,7.656919256570658,0.8098152990811216
950,128,254.25,101.0859375,15.664795904173245,10.717789194516616,0.7292982688582511
951,151,254.72185430463577,314.63576158940396,17.260794866436257,11.616489005426017,0.7396438486050276
952,178,254.37078651685394,448.7022471910112,17.809864597329398,12.999547907997403,0.683546282095387
953,58,255.43103448275863,50.58620689655172,9.610695390233273,8.09373175291145,0.5392295854129253
954,135,255.2888888888889,132.04444444444445,15.954604682840364,11.622231645713914,0.685092313707504
955,59,255.5084745762712,57.49152542372882,9.927192508368202,8.001551218236603,0.5918834284054059
956,64,256.09375,228.828125,10.132546037809451,7.998014099867041,0.6139575633949005
957,76,256.2894736842105,32.71052631578947,11.19865707946518,8.962683292681385,0.5995523487403457
958,67,256.6268656716418,201.3582089552239,10.553986463543131,8.359720235252363,0.6104027080166037
959,115,256.7391304347826,69.94782608695652,17.88525985075367,9.096241039792512,0.8610096022643614
960,42,256.73809523809524,267.6190476190476,9.155452496507136,6.109796806919439,0.7447534770890323
961,66,257.3787878787879,334.1515151515151,10.251358646214308,8.449743634342866,0.5662173476048894
962,115,256.4,421.3478260869565,12.21744670068642,12.160306366876714,0.09660236754681956
963,54,257.51851851851853,43.388888888888886,10.263463861015438,6.816031964492434,0.7476380800680092
964,79,257.7721518987342,371.34177215189874,12.251357811686347,8.280806301357615,0.7369848439649236
965,236,258.47457627118644,462.2118644067797,22.623264284308114,13.335376567338885,0.8078018498248839
966,94,258.0744680851064,300.5851063829787,13.568117045695722,9.055355028973555,0.7446998445898644
967,21,258.7142857142857,409.42857142857144,6.49353563909391,4.102096071855072,0.775196679940849
968,109,259.1834862385321,17.834862385321102,13.64516199085087,10.35824636391552,0.6509566065778472
969,29,259.0,96.24137931034483,7.525853277625914,4.963487226937401,0.7516827635273874
970,96,259.6041666666667,140.11458333333334,12.81679722039798,9.67019622977268,0.6563069767944498
971,53,259.811320754717,78.84905660377359,10.416984330808747,7.277869985639258,0.7154594965277927
972,62,260.4516129032258,217.91935483870967,11.364707207927312,6.955525155021963,0.7908356762065829
973,153,260.4967320261438,286.05882352941177,20.640018468526808,10.730177901680277,0.8542438696069556
974,138,260.8550724637681,344.0072463768116,16.76620263748729,10.74370096029964,0.7677119279411929
975,165,259.04242424242426,86.86666666666666,18.175728221872347,12.358139078866353,0.7332813004562652
976,23,261.60869565217394,238.04347826086956,5.59009971803031,5.242902365874442,0.34693096212529995
977,25,261.56,353.08,6.229132290364385,5.019752076461521,0.5921184607712484
978,74,261.0945945945946,393.0405405405405,12.239252373570086,7.951127200667015,0.7602406347798948
979,155,262.7032258064516,275.1741935483871,16.456455850319884,13.149759475746677,0.6012461346425245
980,70,261.62857142857143,327.14285714285717,12.926582046530207,7.089098202805263,0.8362079959375851
981,69,262.69565217391306,37.492753623188406,11.460765715288671,7.933226544966475,0.721698656474464
982,190,262.2894736842105,153.97894736842105,19.138919652471387,13.059227258383478,0.7310360983082381
983,138,262.9347826086956,194.21014492753622,16.573519405907085,10.63867982798042,0.7667814042545842
984,239,257.5146443514644,211.35146443514645,29.00708917981313,10.988302927591468,0.9254726654105434
985,53,263.0566037735849,416.0188679245283,11.861830657337352,6.111728170629043,0.8570439860604714
986,57,263.3157894736842,52.6140350877193,8.963372448512194,8.235243453791751,0.3948021133055015
987,85,263.18823529411765,61.51764705882353,11.629277257261728,9.443317354281065,0.583616251875446
988,33,263.42424242424244,45.57575757575758,6.683175152528592,6.227991553292183,0.36273812505500597
989,178,263.3370786516854,122.39887640449439,17.83559978623946,12.816761012168882,0.6954179046032336
990,35,264.42857142857144,423.7142857142857,7.538940392385532,5.947825035928433,0.6144611454725659
991,81,264.2716049382716,106.32098765432099,11.064608059492583,10.055644275364056,0.4172067302374719
992,135,265.93333333333334,292.8222222222222,16.563000797777107,11.045756332994886,0.7451531114310292
993,98,264.61224489795916,381.96938775510205,11.842965962792993,10.622320990565916,0.4421709303565971
994,122,263.8360655737705,436.8606557377049,15.020278097207466,11.458181750707245,0.646578437627504
995,154,264.92857142857144,309.2142857142857,18.731811682273083,10.646213674739327,0.8227873206618525
996,74,266.02702702702703,410.4189189189189,11.800264787593056,8.026248257815602,0.7330495246277476
997,101,266.15841584158414,264.13861386138615,12.819973431406611,10.053752780752255,0.6204756514338476
998,29,266.6551724137931,24.103448275862068,7.149231949256137,5.178297092280968,0.6894690327742372
999,79,265.55696202531647,224.40506329113924,11.508813964709041,8.870899101068474,0.6370871567873028
1000,165,267.8909090909091,447.8727272727273,18.376267859790513,11.643030639199587,0.7736684997100228
1001,71,267.36619718309856,29.746478873239436,11.911364294237536,7.776024305038782,0.7575096333664199
1002,137,270.6569343065693,77.93430656934306,16.914562766019603,10.847489987188787,0.7672813002314987
1003,70,268.1142857142857,201.02857142857144,14.424685009187133,6.53282864774777,0.8915652372733245
1004,105,267.93333333333334,233.4857142857143,12.763733190763052,10.74480497058347,0.5397535831464593
1005,103,269.45631067961165,430.31067961165047,13.549878587901365,10.015070102774684,0.6735669817036676
1006,36,269.30555555555554,43.583333333333336,7.898976835940789,5.962950798826153,0.6558379904840488
1007,89,268.5056179775281,114.02247191011236,12.656477987573663,9.845231113642367,0.6284118667960634
1008,176,270.1818181818182,322.15909090909093,19.929004847754026,11.84333221033305,0.8042610654218039
1009,41,269.1463414634146,353.7317073170732,7.601163977502629,6.874921305073061,0.42656610827872626
1010,33,269.57575757575756,48.78787878787879,7.941013429170332,5.461274714940016,0.7259663757687768
1011,31,269.258064516129,54.903225806451616,6.935785546578543,5.811734028762063,0.5457707992642432
1012,180,268.6,96.85555555555555,18.86570515668778,14.159104161963041,0.66084682488952
1013,65,268.7076923076923,336.95384615384614,10.330083606325868,8.073443933456938,0.6238465974389534
1014,62,269.5,346.2096774193548,9.555568662397699,8.253284550605938,0.5039811703236973
1015,22,270.22727272727275,298.90909090909093,5.549807409530343,5.210571076212527,0.3442603782110233
1016,55,270.1818181818182,362.1636363636364,9.58177910116981,7.318430611255213,0.6454693228144631
1017,144,269.9791666666667,398.71527777777777,13.652452771147765,13.460884438802285,0.16693317908809457
1018,70,270.85714285714283,36.871428571428574,10.073026695779776,9.001601361072318,0.4487960334576665
1019,119,268.85714285714283,68.53781512605042,16.48267095191218,9.47384085488331,0.8183109108342933
1020,120,270.60833333333335,371.925,13.892932028776867,10.986749376681349,0.6120542943800844
1021,36,271.55555555555554,20.27777777777778,8.005239390083332,5.7318769973191595,0.6980841877154124
1022,85,271.9529411764706,387.21176470588233,11.751448038641438,9.30894248406235,0.6103228156216808
1023,62,273.0806451612903,60.096774193548384,9.479235448364578,8.49780993988486,0.44311302676866415
1024,23,273.8695652173913,52.56521739130435,5.681934466575521,5.395784141534965,0.3133473786853918
1025,62,272.93548387096774,85.45161290322581,10.826907043386935,7.480932306996957,0.7228954098501912
1026,101,274.2178217821782,311.6831683168317,11.892187458612252,11.07547130761355,0.36419349898053405
1027,143,273.65034965034965,419.8531468531468,14.041207847761198,12.982424378980562,0.3809526234531271
1028,45,274.93333333333334,25.0,9.020498040403973,6.420760909629297,0.7023855285429815
1029,30,275.53333333333336,47.7,7.7532963771020125,4.901899377898227,0.7747773075554001
1030,173,275.67630057803467,215.8728323699422,21.640935732894633,10.407893601964023,0.876755994286324
1031,54,275.18518518518516,302.68518518518516,8.701896062616864,8.077975321793259,0.3718306053629438
1032,100,275.97,206.05,13.028801013867717,9.868938349236942,0.6528688627976869
1033,79,276.0253164556962,223.9367088607595,12.395680647773233,8.5147285523333,0.7267416121679032
1034,63,275.63492063492066,278.26984126984127,9.411624374899873,8.61504548226925,0.4026313284104532
1035,3,274.6666666666667,451.6666666666667,2.3094010767585034,1.3333333333333333,0.816496580927726
1036,16,275.5,537.5,5.587445253180821,3.5749762996007557,0.7685222550084844
1037,79,276.30379746835445,232.7594936708861,11.876414573223032,8.66488564936648,0.6838872934883191
1038,61,276.9016393442623,341.62295081967216,10.263660524384516,7.632863491358127,0.6685374436426811
1039,73,275.94520547945206,351.1917808219178,12.920228342899671,7.274911207847333,0.8264135174326847
1040,13,275.9230769230769,393.0769230769231,5.039485078640018,3.367093398291099,0.7440334679614539
1041,136,277.5220588235294,243.8014705882353,15.216466984801695,11.578256272582191,0.6488655755524945
1042,106,276.41509433962267,292.9339622641509,12.469131464348278,11.194497458159903,0.44045061410335473
1043,125,276.312,332.312,15.219216275888272,10.805019571835004,0.7042430105882838
1044,45,276.84444444444443,30.42222222222222,10.21794047372515,5.94032992651951,0.813644491296803
1045,44,277.34090909090907,557.2045454545455,8.23909738227877,6.832222024817512,0.5588867483602123
1046,50,277.38,41.98,8.435466081375024,7.681543594224503,0.4132344293961936
1047,36,277.0,198.19444444444446,7.870082305637436,5.822483205242591,0.6727994139756278
1048,62,278.53225806451616,4.225806451612903,10.680287365308264,7.401109036368397,0.7209672931022852
1049,51,278.4117647058824,431.8235294117647,9.18508201110573,7.147717289566561,0.6280318444200699
1050,117,278.3076923076923,99.90598290598291,12.795280549414548,11.889475096652898,0.3695575412091636
1051,138,279.30434782608694,112.34782608695652,16.50859411927176,11.054115901563376,0.7427240275306475
1052,43,279.30232558139534,155.86046511627907,7.887474142494238,6.929200516396389,0.4777296448713827
1053,31,279.0,388.35483870967744,7.866696292750115,5.140340642858636,0.7569863652959488
1054,44,279.75,64.45454545454545,8.228546222470593,6.953335768128442,0.5347251670646361
1055,65,281.2769230769231,548.3692307692307,11.5051972974657,7.563515486024648,0.753541889422815
1056,103,279.9514563106796,570.242718446602,12.07426532614505,11.444622750614643,0.31870928866198095
1057,86,280.75581395348837,89.26744186046511,12.648027746629554,8.764284538174303,0.720998279004689
1058,131,280.32824427480915,122.56488549618321,14.979601746057133,11.259077471536438,0.6595880656427595
1059,67,279.64179104477614,535.4925373134329,12.187351420656382,7.31669042517212,0.7997365180093968
1060,89,281.0112359550562,56.550561797752806,13.013490818663643,8.802416562154443,0.7365280316825837
1061,25,280.96,82.12,6.136573662722048,5.2312965584055835,0.5227624322825848
1062,44,281.5,275.34090909090907,9.06933019719671,6.228710665224015,0.726857420875852
1063,24,281.625,561.3333333333334,5.887840577551898,5.225471802196961,0.4608033675980934
1064,123,281.609756097561,73.03252032520325,13.82766114487076,11.55970475873347,0.5487536755825033
1065,25,282.2,25.44,6.45921595312105,4.864250124217146,0.6579389213650305
1066,146,283.95205479452056,35.6986301369863,14.697125823625198,13.12679515760148,0.4497511777878739
1067,55,282.6545454545454,352.4909090909091,10.59829371535784,6.651176872860988,0.7785597098010378
1068,47,283.36170212765956,288.3404255319149,9.087407102648836,6.9728387884714635,0.6412789301777008
1069,48,283.4375,282.5833333333333,9.259151675147915,6.789292978322149,0.6799568132135796
1070,84,282.6904761904762,451.5357142857143,16.885158804609752,6.928548969872193,0.9119354634607686
1071,34,283.2352941176471,543.5294117647059,8.361171203990203,5.315071556219918,0.7719485176873258
1072,126,283.96031746031747,191.55555555555554,15.400358595015645,10.511917470738613,0.7308144772312428
1073,41,283.6829268292683,556.0975609756098,8.289793462745447,6.382631111633214,0.6381181021041843
1074,82,284.0853658536585,46.81707317073171,12.594830892942099,8.33073638678284,0.7499972831383134
1075,43,284.0,251.95348837209303,8.167550322245619,6.7548946292560625,0.5621423900162911
1076,123,284.1382113821138,300.9756097560976,13.782591825960113,11.44665100563534,0.5569960711105316
1077,139,284.0431654676259,318.0647482014389,17.97800632292184,10.600842065394312,0.8076543939220259
1078,56,284.80357142857144,363.2857142857143,10.383446992202266,6.864233535473094,0.7503201407278962
1079,131,284.57251908396944,393.41984732824426,14.046764960027373,11.997356924268544,0.5201070748354237
1080,81,285.1358024691358,330.0987654320988,12.345728201151678,8.445671986779333,0.729391320084888
1081,26,285.3076923076923,401.88461538461536,6.166056295965654,5.3441212010757235,0.49882968149873647
1082,97,286.8453608247423,104.3917525773196,13.68296200885307,9.37424990558741,0.7284454127316412
1083,66,285.56060606060606,200.84848484848484,10.222350973684316,8.351295005323932,0.5766883567019777
1084,171,285.96491228070175,523.7719298245614,15.806003238192773,14.489647550374912,0.39953488346719157
1085,45,286.15555555555557,564.8444444444444,8.376312832337474,6.966328230411691,0.5552701899678082
1086,119,286.9075630252101,225.48739495798318,13.532347391856684,11.418554076035988,0.5366624915120487
1087,116,286.37931034482756,234.81034482758622,15.070852450735906,10.201021770956304,0.7361017300549125
1088,72,286.3611111111111,341.75,11.038808114275309,8.37671813864083,0.6512740350939153
1089,29,287.13793103448273,26.413793103448278,6.341063442449138,5.829948411900614,0.39333316858172307
1090,68,287.5147058823529,94.8970588235294,10.689693145332406,8.169083220670839,0.6449771628481097
1091,100,287.16,536.66,15.517100365832047,8.53231482287749,0.8352533554532007
1092,79,288.4177215189873,65.32911392405063,11.256938387806718,9.189810922206368,0.5775312327918818
1093,72,288.15277777777777,80.27777777777777,11.343788544620729,8.174444805287061,0.693340872571421
1094,64,288.328125,576.15625,10.396612744433243,7.8451999459725865,0.6561943599994546
1095,59,288.3220338983051,52.898305084745765,9.4869670947106,8.17415195242603,0.5075554592514304
1096,38,288.7105263157895,416.8157894736842,7.915412368225402,6.112064084526135,0.6354129101006598
1097,56,289.17857142857144,313.51785714285717,11.61040855401935,6.150281638198567,0.8481717160346584
1098,38,289.10526315789474,429.7894736842105,7.393983130181436,6.49051595823555,0.4790080821576625
1099,11,289.8181818181818,335.8181818181818,3.8138503569823694,3.6725472503134826,0.26967994498529707
1100,54,289.55555555555554,552.9074074074074,9.785207699146154,7.1949188363022465,0.6777577805584516
1101,113,289.6814159292035,143.46902654867256,14.493063556199827,9.978399835968492,0.7252412156827837
1102,121,289.900826446281,244.4297520661157,12.614828700680135,12.40108055736793,0.18330654187737258
1103,128,291.15625,257.078125,13.455894186623217,12.26583182619098,0.41117088087481884
1104,79,291.1012658227848,278.39240506329116,11.436879742223722,8.821026248801987,0.6364971003464968
1105,81,291.81481481481484,561.0493827160494,11.588076565023863,9.840349076102163,0.5281054320985697
1106,45,291.77777777777777,29.42222222222222,10.157101344178386,5.737957518283006,0.8251451526606975
1107,38,291.7368421052632,345.8421052631579,7.714481377022807,6.393323761387135,0.5596291236265835
1108,42,292.2142857142857,41.30952380952381,8.181948000679428,6.6567231234175805,0.581443781047092
1109,63,292.57142857142856,161.34920634920636,10.088223874503706,8.0477583081902,0.6030043762084576
1110,86,292.01162790697674,358.2674418604651,11.502659509838942,9.554393991040357,0.5568325419028556
1111,58,292.01724137931035,571.3965517241379,12.683876965021357,6.207212825231838,0.8720716607305053
1112,93,292.4516129032258,110.47311827956989,13.602501608726197,8.766892884433384,0.764599314919756
1113,11,292.09090909090907,369.3636363636364,4.346129984141888,3.067356324605907,0.7084437526351621
1114,33,292.45454545454544,408.09090909090907,7.119797622886563,5.8406240696211125,0.571882297073349
1115,65,293.04615384615386,72.6,9.450566110383335,8.842229642196873,0.3529832879820786
1116,80,292.6375,546.025,11.598342191479006,8.94236872474838,0.6368302483991044
1117,131,293.70992366412213,87.80152671755725,13.929332167157346,12.162896936298797,0.4873872407208068
1118,106,293.85849056603774,328.85849056603774,13.246093777510866,10.405650421340498,0.6187807974289005
1119,105,292.9142857142857,291.2,14.262902086952666,9.688612691956262,0.7338721556501776
1120,145,294.2413793103448,303.11724137931037,16.606667129019247,11.246650360056625,0.7357648875045435
1121,67,294.1940298507463,400.2089552238806,10.92112326424657,7.820450884292585,0.6980132459796538
1122,43,294.83720930232556,447.27906976744185,8.636174890275827,6.34125441865007,0.6788612674889367
1123,21,294.57142857142856,538.3809523809524,6.258173505705088,4.157977767102647,0.7473704562401328
1124,87,295.7471264367816,48.6551724137931,12.250001128146417,9.15889829225424,0.6640759756554859
1125,104,294.7019230769231,58.46153846153846,14.298238825484267,9.581618230212092,0.7422475726902386
1126,29,296.2758620689655,423.58620689655174,6.278954609436002,5.818841337079276,0.3757492863864437
1127,42,295.76190476190476,432.1666666666667,8.053941026265054,6.6812950001990625,0.5584051071364519
1128,112,297.30357142857144,33.901785714285715,15.440773322283984,9.65605545577205,0.7803356847263144
1129,226,296.79646017699116,197.07522123893804,18.14505611569337,16.21056175802924,0.44928746268271263
1130,84,296.73809523809524,415.45238095238096,11.337725476295281,9.423289481507126,0.5560563174219297
1131,46,297.10869565217394,567.4782608695652,8.118412587001222,7.185673952282107,0.46538520276678835
1132,42,297.4047619047619,66.5,8.042233053198963,6.728491725247115,0.547745956089278
1133,234,295.63675213675214,181.56837606837607,21.569133493799804,14.482709854821548,0.7410450235519345
1134,48,297.3125,226.77083333333334,8.363757808764637,7.3242595215182495,0.48283024938680047
1135,41,297.8536585365854,351.0975609756098,8.104320188548751,6.504833254858246,0.5964668100225978
1136,124,301.31451612903226,556.5806451612904,21.178030677806476,7.959435853581986,0.926686777222681
1137,18,298.22222222222223,561.1111111111111,6.29176128210429,3.81276759836432,0.7954694556792927
1138,19,298.3157894736842,575.1578947368421,5.84502823813456,4.110208831745895,0.7109946380280647
1139,5,297.6,43.2,3.098386676965933,1.7888543819998317,0.816496580927726
1140,100,298.27,235.68,12.065730617237634,10.804320648345008,0.4451517382751667
1141,90,297.1333333333333,452.46666666666664,16.27076355210198,7.724709853481789,0.8801152293657377
1142,164,298.8841463414634,143.71341463414635,18.617144152962616,11.702404131016527,0.7777432130970288
1143,47,298.3404255319149,155.36170212765958,8.822757319217487,7.019636423811441,0.6057849658791253
1144,213,300.86854460093895,169.23474178403757,24.03351671097521,11.73462442677667,0.8726977585326966
1145,50,299.3,253.2,8.100416644653771,7.90842905911257,0.21642589666127426
1146,100,298.51,271.57,11.5325361999706,11.371921948218239,0.16631339306180817
1147,63,299.3174603174603,321.1111111111111,9.8579790114171,8.20727899153408,0.5539470747334091
1148,85,299.09411764705885,523.6941176470589,11.447330849968363,9.615054542269062,0.5426815110399235
1149,56,299.25,207.66071428571428,9.335059227534419,7.7099548579937895,0.563796315691783
1150,122,299.2950819672131,341.827868852459,14.744250807346045,10.65181391201682,0.691435221226472
1151,58,299.6896551724138,582.3275862068965,9.155637069676043,8.09123030366648,0.4679725251701714
1152,61,300.0,309.8196721311475,11.091630792223357,7.133138554145817,0.7657738193185711
1153,48,300.3125,332.6666666666667,9.53795856638142,6.634787256690816,0.7184106811855392
1154,55,299.54545454545456,532.4363636363636,8.810752462734028,7.895917747385929,0.4437141393734036
1155,54,300.44444444444446,436.14814814814815,9.885776174820528,7.061931798347095,0.6997857461200641
1156,63,300.015873015873,124.14285714285714,11.082474396875533,7.3218921154392635,0.750673781662353
1157,133,301.0827067669173,78.86466165413533,13.989778203960302,12.305790017303387,0.4756636576264199
1158,97,300.8041237113402,115.26804123711341,12.165717476050762,10.202331615467472,0.5447273191030896
1159,100,301.28,244.91,12.319601226824808,10.459609247577879,0.5283579166220597
1160,31,301.4516129032258,264.3225806451613,6.774618719727166,6.076041218944269,0.4422676307407288
1161,82,301.4268292682927,291.7560975609756,15.448559307461538,6.957161677552361,0.8928552700470714
1162,90,301.6777777777778,359.8777777777778,11.84161068822937,9.711871798951845,0.5721516137958729
1163,28,302.57142857142856,407.67857142857144,6.6079000765118066,5.374632730428984,0.5817541132500874
1164,33,302.93939393939394,564.5757575757576,6.754058164604266,6.222294586092926,0.38892944088081144
1165,44,303.97727272727275,229.3409090909091,7.932141939026092,7.0281700211306966,0.46361482778971047
1166,89,303.82022471910113,444.39325842696627,11.584815625484232,9.79637916667902,0.5337816209123534
1167,39,303.71794871794873,570.8205128205128,7.723149113225314,6.413171849099091,0.5571930076006235
1168,72,304.2083333333333,64.75,9.929110048689521,9.542099482289087,0.27646970696856804
1169,78,303.88461538461536,160.92307692307693,12.459973199553662,8.084828537562752,0.7609043689844658
1170,81,304.95061728395063,257.320987654321,12.561610933894638,8.693682275686522,0.7218175542685386
1171,100,304.97,369.74,14.41688221297885,9.078408850514174,0.7768328896895352
1172,135,304.56296296296296,425.5111111111111,15.835088090744382,11.108861450061587,0.7126354401368278
1173,66,304.8181818181818,545.2878787878788,12.126686325928638,7.010647049248574,0.815953673737129
1174,118,304.6101694915254,279.2542372881356,14.485172853042243,10.421727386473723,0.6945177928772163
1175,26,304.88461538461536,303.34615384615387,6.292222518175867,5.332129445241721,0.5309296398400842
1176,28,305.2857142857143,336.57142857142856,6.255843846501661,5.859505569865886,0.3502797900113224
1177,114,304.6842105263158,390.0263157894737,14.916114033649627,9.843035612861794,0.7513598001662071
1178,54,305.35185185185185,48.592592592592595,10.046590255673294,6.943148685733017,0.722763894303265
1179,101,306.38613861386136,55.663366336633665,13.89259234119301,9.76683845512693,0.7111652258586992
1180,94,304.71276595744683,89.63829787234043,15.43978892240417,8.378520683385995,0.8399539254343964
1181,127,305.5511811023622,133.07874015748033,16.788482757547378,9.934719311743873,0.8061156530077755
1182,8,305.125,380.125,3.4641016151377544,2.7386127875258306,0.6123724356957945
1183,20,305.75,527.25,5.138093031466052,4.9396356140913875,0.2752409412815902
1184,84,306.5833333333333,180.8095238095238,15.052392883659138,7.27491131829933,0.8754515069254032
1185,71,307.5774647887324,554.2253521126761,13.636002168058171,7.146075002374706,0.8516817210067753
1186,197,306.60913705583755,38.13705583756345,17.955224896877827,14.628461031706832,0.5798561184592675
1187,84,308.75,125.44047619047619,12.735422364395964,8.673437515439304,0.7322385118708824
1188,78,307.20512820512823,153.2948717948718,11.52042224747534,8.663809427199363,0.6591183527615186
1189,165,307.8727272727273,209.29090909090908,20.099906424413494,10.805382740332837,0.8432103707767595
1190,31,307.4193548387097,330.5483870967742,6.700986927792921,6.105557762230183,0.4120901802374421
1191,29,307.9655172413793,592.5862068965517,6.613105792509087,5.594757772746149,0.5331660344877882
1192,70,308.0857142857143,239.25714285714287,12.087787119244659,7.643571028650614,0.7746923557192226
1193,72,308.19444444444446,72.33333333333333,12.007839403712586,7.865972365175782,0.7555684096485947
1194,133,308.90225563909775,290.82706766917295,17.485956997914123,9.866067015646772,0.825619000292537
1195,30,309.73333333333335,356.6666666666667,7.003829316419172,5.4921901536859705,0.6205465425966137
1196,85,309.18823529411765,411.1294117647059,10.967990973939518,9.907694623367563,0.4289502474056614
1197,90,307.7,586.9666666666667,13.796410462984737,9.05422875439125,0.7545224485898551
1198,52,310.11538461538464,80.98076923076923,9.48661464772511,7.055863350031998,0.6684351606848519
1199,62,310.3709677419355,17.79032258064516,11.159367498652765,7.640004036059886,0.7288936152390213
1200,158,311.59493670886076,95.01898734177215,16.61863968059838,12.43005560080185,0.6637453057039183
1201,183,312.3825136612022,143.27868852459017,17.685158945494187,13.616971064079301,0.6380849170210274
1202,115,310.46086956521737,190.5391304347826,13.982089542601123,10.681149588023715,0.6453150443854716
1203,35,311.2,65.54285714285714,8.0179787453865,5.642927350536091,0.7104137496019147
1204,220,313.4136363636364,322.16818181818184,17.675679030583748,15.986878624770812,0.42656636762481637
1205,192,312.8802083333333,308.4322916666667,18.628753956941768,13.225602996568336,0.7042456373022762
1206,39,312.71794871794873,8.102564102564102,7.1367617358451465,6.9381766556590545,0.23425850194164888
1207,108,313.4074074074074,177.59259259259258,16.279191513485618,8.754398961133038,0.84309401256034
1208,91,312.54945054945057,371.0659340659341,14.258953280319032,8.425624679571042,0.8067443390772776
1209,66,313.5,440.9848484848485,10.792824271483234,7.923635429714539,0.6789789532888448
1210,29,312.62068965517244,561.9655172413793,7.907557196034691,4.724606503316269,0.801883885600176
1211,61,313.24590163934425,216.08196721311475,11.363260509439861,6.977576703420464,0.7892694144476468
1212,83,313.9277108433735,334.50602409638554,12.505889466154969,8.456863276053696,0.7366901498611623
1213,74,313.5810810810811,159.94594594594594,12.1340724039223,7.847631754219932,0.7627076241865389
1214,44,314.47727272727275,435.02272727272725,9.861464482025923,6.105771359097545,0.7852690929610447
1215,78,313.53846153846155,547.9102564102565,11.6169438482995,8.6630208674485,0.6662562424346833
1216,85,314.5764705882353,48.09411764705882,11.454105687037549,10.367536633711529,0.42511966642861393
1217,62,314.66129032258067,60.16129032258065,10.103066223197626,8.012013536070084,0.60918529773436
1218,60,313.51666666666665,223.56666666666666,10.258217822590776,7.431469900501432,0.689337186635478
1219,62,313.5,424.64516129032256,9.258348844928298,8.644074352449318,0.35818187865806417
1220,57,315.7368421052632,555.7368421052631,10.028084747185291,7.300111318320548,0.6856125348346634
1221,29,315.55172413793105,346.3103448275862,6.258786926641891,5.866529742934273,0.3484510929203089
1222,45,315.7111111111111,253.2,8.342572728244736,6.868895630851253,0.5675272705461051
1223,90,316.6,398.18888888888887,13.07872456079504,8.85654119211038,0.735825106502347
1224,50,317.06,151.04,9.578919359053415,6.597052668635573,0.7250413711915188
1225,151,315.7417218543046,270.0662251655629,18.104463998102332,11.13871724312027,0.7883343982343555
1226,30,316.43333333333334,285.2,6.500212566206431,5.975181348686211,0.39372422621120096
1227,62,316.5,353.8709677419355,9.578201056767965,8.362246062461756,0.48763114090129417
1228,34,316.7647058823529,112.11764705882354,7.360101798298756,5.842379634068263,0.6081911548710625
1229,31,316.83870967741933,359.8709677419355,7.473897088270878,5.252358737132325,0.7114266316320902
1230,30,317.43333333333334,19.8,6.502744735778687,5.882448451979111,0.42624007157925886
1231,95,317.94736842105266,260.70526315789476,13.751094243186198,8.951301607409503,0.7591189361675394
1232,53,317.22641509433964,39.716981132075475,9.614108471837886,7.450156947880625,0.6320603463932811
1233,119,317.4117647058824,121.27731092436974,13.977196818765162,10.949338886520154,0.6215536606000092
1234,74,318.4864864864865,233.71621621621622,14.444576398129362,6.874005255454454,0.8795057151141557
1235,35,318.2,373.0857142857143,7.284702780612977,6.132220299882646,0.5397986499827183
1236,45,318.15555555555557,430.2,8.080608418148746,7.434823945374662,0.39172535150588006
1237,113,318.20353982300884,567.4690265486726,12.275647892033232,11.756835635365524,0.2876471116713985
1238,90,318.6222222222222,131.3,11.829017264457944,9.95075677693406,0.5406994533083258
1239,177,317.99435028248587,242.98305084745763,17.820649113017392,13.156216202544744,0.6745197030284621
1240,89,318.7865168539326,292.19101123595505,12.080538361410738,9.489520438375463,0.6188345950512971
1241,95,319.29473684210524,419.42105263157896,13.31200631125697,9.454367171110595,0.7039863087267809
1242,110,318.5181818181818,163.56363636363636,21.288105661223707,7.2250273471103625,0.9406447815767333
1243,33,319.24242424242425,591.4545454545455,6.923262686148318,6.045627276706089,0.4873014022704741
1244,143,319.1468531468532,81.37062937062937,16.413830087485497,11.290873733502407,0.7258170240462332
1245,30,319.3,364.46666666666664,6.8517340426839795,5.549411034564631,0.5865293561986105
1246,20,319.75,380.4,5.687824924428539,4.570410006667838,0.5952471612928729
1247,34,319.4117647058824,585.4705882352941,6.859943405700354,6.313603701175877,0.39107694443752117
1248,146,319.958904109589,69.1986301369863,14.14323190971738,13.478385314089662,0.3029958033054537
1249,118,319.41525423728814,206.27966101694915,14.971353971817434,10.64292944674149,0.7033070182680377
1250,65,320.6461538461538,217.09230769230768,10.158097611034233,8.435977456501059,0.5570659749396208
1251,75,319.29333333333335,408.6933333333333,11.631308736474741,8.45800812965149,0.6864511046339671
1252,79,320.50632911392404,53.53164556962025,12.001597685428036,8.612365360470939,0.6964538638513402
1253,123,318.1056910569106,104.8048780487805,15.966878238384645,10.092789725830063,0.7748803871540113
1254,82,320.9878048780488,175.1829268292683,15.339237147552764,6.9474880045163205,0.8915498130670771
1255,163,323.37423312883436,276.96932515337426,21.556887907120746,9.951504998052224,0.8870677692121511
1256,99,322.22222222222223,94.56565656565657,12.471175467827683,10.131188946532625,0.5831445545726006
1257,44,321.72727272727275,137.97727272727272,7.9048569649835505,7.182451985808212,0.4176401482321788
1258,124,322.3225806451613,225.06451612903226,19.807618454505963,8.439019142338303,0.9047000143263196
1259,132,322.74242424242425,188.9318181818182,14.329032556593372,11.825648049708596,0.5647049844105752
1260,83,323.09638554216866,298.5421686746988,15.242920800463715,7.0595833684491005,0.8862859224321725
1261,104,323.09615384615387,347.6923076923077,13.29779592509231,10.090272243542271,0.6513320477964862
1262,39,322.53846153846155,559.4615384615385,8.29492833295424,6.065299029237726,0.6821570183249928
1263,159,324.71069182389937,387.17610062893084,15.679842283628128,13.089157476659052,0.5505895703263939
1264,42,324.0952380952381,429.0952380952381,9.322735751637255,5.759974049680289,0.7863025799068767
1265,102,325.12745098039215,44.372549019607845,12.710307578386981,10.413360893941663,0.5733868969474867
1266,51,325.1372549019608,58.470588235294116,10.431750468653481,6.234045139353886,0.8017921684741027
1267,79,325.72151898734177,164.26582278481013,11.592691194897544,8.81584418422915,0.649378085675715
1268,137,325.2554744525547,335.4014598540146,17.14970830624569,10.210284575164618,0.8034575864494213
1269,34,326.3529411764706,417.9117647058824,7.40555025671215,5.819253195063072,0.6184855243727218
1270,68,326.44117647058823,124.3970588235294,11.76527472811199,7.619663997197043,0.7619463683956206
1271,60,326.18333333333334,410.93333333333334,10.744835278841066,7.371541625853003,0.7275502365917212
1272,86,327.5348837209302,203.45348837209303,14.076075397942724,8.020077681054241,0.8218065567084049
1273,66,327.7878787878788,267.43939393939394,10.796711366717268,7.915322331552568,0.6800955821424345
1274,34,327.47058823529414,63.55882352941177,7.024112291413284,6.361996173100403,0.42384084243099557
1275,68,327.61764705882354,78.70588235294117,10.882424638247048,8.100268914315317,0.6677962369824306
1276,27,327.48148148148147,139.8148148148148,7.350007248478558,4.723568409873882,0.7661500469806738
1277,116,327.9396551724138,175.98275862068965,18.459143312270292,8.188960674502797,0.8962118851951871
1278,50,327.84,563.16,8.757475541037987,7.499828141239067,0.5163269272152987
1279,87,328.2183908045977,245.41379310344828,13.468012588917741,8.487017657500855,0.776464413396869
1280,48,327.8125,303.6458333333333,9.32317108741625,6.721287309510574,0.6930153010721984
1281,129,329.0387596899225,254.93798449612405,21.896833629380325,7.672138546576154,0.9366088962055769
1282,78,328.20512820512823,284.14102564102564,11.166222718417327,9.32962839180621,0.549456495764884
1283,57,328.42105263157896,133.3859649122807,8.799072025583028,8.403536259825179,0.2964511623528359
1284,58,329.0,228.4655172413793,12.608886388910545,6.082512561538441,0.8759516704883772
1285,95,328.81052631578945,366.2842105263158,13.340125196473467,9.351922575828851,0.7131248106162491
1286,51,329.96078431372547,70.3529411764706,8.972055131071828,7.40920413575677,0.5639498627121262
1287,64,329.25,88.75,9.436562231680115,8.80064163840503,0.3608832812023014
1288,123,331.1138211382114,148.2357723577236,18.738918041160897,9.217347827897717,0.8706615315578146
1289,37,329.64864864864865,557.4054054054054,8.257372650407682,5.720532264445265,0.7211501993506103
1290,79,329.7088607594937,213.51898734177215,11.16423108470545,9.185735131091946,0.5683562135145768
1291,22,330.22727272727275,326.04545454545456,6.026786168143851,4.738639887942761,0.6178917834714444
1292,77,330.1818181818182,422.6363636363636,13.477869540126106,7.4494706088671245,0.8333678853200267
1293,133,330.96992481203006,156.2330827067669,19.33596874917546,8.936058462336172,0.8868033725022124
1294,104,331.5192307692308,234.82692307692307,15.60108989197923,8.864667255082413,0.8228848265981222
1295,88,331.1931818181818,310.82954545454544,12.175000807405226,9.252916447137013,0.6499311562010991
1296,39,332.12820512820514,7.128205128205129,7.351063379359722,6.687148025724324,0.41530014054349734
1297,34,332.9117647058824,128.47058823529412,7.7647110366439325,5.618794729559145,0.6901858274755337
1298,23,332.2608695652174,162.95652173913044,6.903622145830782,4.482239825956087,0.7605672619645076
1299,85,332.49411764705883,399.77647058823527,12.795731858780824,8.481735343281795,0.7487463688369467
1300,45,332.6,407.44444444444446,8.66257323215887,6.924625786382632,0.6008353010299152
1301,95,333.0736842105263,181.8421052631579,15.044116485598,8.11816400848058,0.8419062323381319
1302,54,333.77777777777777,295.037037037037,9.595876040608568,7.393419184534321,0.6374656055231046
1303,11,333.6363636363636,412.90909090909093,4.346129984141888,3.067356324605906,0.7084437526351622
1304,22,333.8181818181818,541.7272727272727,5.68491835621526,4.913706666104739,0.5029065981676721
1305,144,334.375,100.125,17.41503110335094,10.81126071908295,0.7839685510959733
1306,138,333.5869565217391,349.2608695652174,15.489064587285968,12.924896958455303,0.5510790614038537
1307,90,334.34444444444443,63.922222222222224,15.619198402121889,7.688448882149421,0.8704575446957727
1308,43,335.1162790697674,74.81395348837209,8.196510087318154,6.747995884456117,0.5676402500624116
1309,44,335.15909090909093,134.9090909090909,8.783113655226716,6.47735193370632,0.6753713008914158
1310,84,336.20238095238096,141.38095238095238,12.997213044499203,10.184015732112204,0.6213239373048536
1311,185,334.1189189189189,377.1837837837838,17.915625515024956,13.334527263311326,0.6678499528506193
1312,90,336.3333333333333,82.05555555555556,12.946600075614993,9.042034394330663,0.7156979340491322
1313,83,337.30120481927713,123.18072289156626,13.5015970326762,7.855483401714869,0.8133184173091674
1314,117,335.982905982906,389.8290598290598,14.409556044211191,10.460925015877654,0.6877249324402087
1315,243,336.7489711934156,51.065843621399175,20.089568306340833,15.83266230118764,0.6155425426318781
1316,141,336.1489361702128,203.40425531914894,16.996978108287852,10.75806221083009,0.7742010960996063
1317,73,336.24657534246575,217.35616438356163,12.591425748931982,7.562624157952767,0.7995368900154091
1318,101,338.03960396039605,300.1287128712871,15.400691291010732,9.093236825792335,0.8070790349023631
1319,151,336.05298013245033,359.7880794701987,15.940173408868908,14.236706790900644,0.44979118654425937
1320,131,336.0687022900763,318.21374045801525,17.80144481963645,9.569980421749108,0.8432027331982688
1321,59,337.135593220339,342.3050847457627,10.293207370217669,7.304192783629458,0.7045917435463932
1322,156,337.71794871794873,280.19871794871796,18.085204317423845,11.473277710873537,0.7730038484947594
1323,207,337.9710144927536,332.3188405797101,19.48495602065125,14.71372144374625,0.6555723231448028
1324,101,338.1485148514852,91.33663366336634,11.986688270487209,11.455241118635957,0.2944608135210784
1325,54,339.98148148148147,309.14814814814815,9.917588851451903,6.924698194938034,0.7158793871703837
1326,148,338.4594594594595,167.6891891891892,16.140410377268683,11.885560730398954,0.6765624205257286
1327,43,339.3953488372093,406.6511627906977,8.566923418039282,6.4210420466218165,0.6619867730571364
1328,64,340.03125,413.1875,10.150581902399924,8.117115376947105,0.6004398075299953
1329,44,340.22727272727275,29.75,7.749886864598795,7.356140788819049,0.31469358819246007
1330,79,340.2025316455696,36.45569620253165,12.488547662118823,8.301691830061802,0.7470708894097376
1331,59,340.3220338983051,289.6101694915254,8.979407138245556,8.58209474951396,0.29417056690468163
1332,49,340.40816326530614,130.91836734693877,10.111925369486892,6.423589444273576,0.7723074763401193
1333,76,341.5,64.76315789473684,12.527440735775789,7.9377469693594715,0.7736372349084485
1334,132,341.1515151515151,239.21212121212122,15.319217544767943,11.1677744562019,0.6845091864846532
1335,45,342.46666666666664,176.44444444444446,10.616699588864952,5.5714227597795745,0.8512384075865601
1336,105,342.2857142857143,228.77142857142857,15.562163023304567,8.803727202062598,0.8246017993838969
1337,71,343.4366197183099,216.56338028169014,13.193026854766604,7.33206372434189,0.831347489069507
1338,86,344.30232558139534,144.06976744186048,11.798950585350084,9.385184193026573,0.606051598749391
1339,116,344.12068965517244,395.4741379310345,13.497978497287543,11.106481103545349,0.5682940897702292
1340,88,341.92045454545456,182.875,16.104597177565125,7.306272590716079,0.8911665936446325
1341,96,343.65625,190.01041666666666,16.17466904143591,8.513972062962369,0.8502513538462916
1342,106,344.25471698113205,263.1509433962264,13.51776456086302,10.30201717291374,0.6474481190805684
1343,34,343.88235294117646,304.11764705882354,7.319395159947478,5.94939598816765,0.5825063136657503
1344,51,344.2156862745098,366.6862745098039,9.390297840887428,6.9178132094271305,0.6762219488933218
1345,30,344.93333333333334,137.16666666666666,7.423948774605715,5.096020902280008,0.727195917390098
1346,166,344.71084337349396,201.15060240963857,20.75440063230218,11.847930167555353,0.8210449703533793
1347,138,345.6666666666667,346.3985507246377,19.524837764524566,9.310925500047833,0.8789706087922641
1348,103,345.4466019417476,381.8932038834951,13.42547882421013,9.821428051237074,0.6817862751592679
1349,75,346.12,91.81333333333333,13.75651580528937,7.129073931517755,0.855239761258786
1350,94,345.74468085106383,112.43617021276596,12.082200419361781,9.998803381444139,0.5613702481636088
1351,27,346.1111111111111,409.5925925925926,6.439432896465816,5.508824470303643,0.5178311273413768
1352,134,344.93283582089555,156.1044776119403,16.290304664879113,10.97310343968661,0.7390986579531178
1353,38,346.5263157894737,120.89473684210526,8.575712827073549,5.960867533449601,0.7189255143612966
1354,73,346.82191780821915,130.57534246575344,13.80423782093117,6.802164335754891,0.8701657494196284
1355,79,347.7848101265823,29.240506329113924,10.860114408840396,9.30423186519577,0.5157581234275243
1356,80,346.8875,284.5875,11.343815165881377,9.142912964822516,0.5919397883489526
1357,190,347.2157894736842,323.9315789473684,17.909146870822212,13.73893384636032,0.6414723050743617
1358,84,347.8690476190476,168.58333333333334,13.412211216984561,8.206470030512294,0.7909617849809479
1359,114,349.7368421052632,222.49122807017545,14.611673710770292,10.432081454444727,0.7001913109564398
1360,36,347.0,298.5,7.495616704323819,6.058433717616346,0.5888208932815623
1361,11,348.45454545454544,401.1818181818182,4.533315962095487,3.011458300982113,0.7474706650229409
1362,54,348.4074074074074,38.98148148148148,9.544713592924266,7.2326576584893125,0.6525266064987613
1363,254,348.81496062992125,72.76771653543307,23.794040550291523,13.991822402603688,0.8088326180984213
1364,72,348.6666666666667,102.125,10.160460880575926,9.010088865319418,0.46219264441403984
1365,48,349.875,149.95833333333334,9.062348287868577,6.752485892735186,0.6669367155947972
1366,53,348.92452830188677,292.75471698113205,9.78685211196779,7.083970488223611,0.6899833587379269
1367,59,349.06779661016947,310.35593220338984,10.412906927846764,7.500032300516005,0.6937010245849952
1368,53,349.20754716981133,359.35849056603774,8.931856456629626,7.936366497476783,0.45878728516274464
1369,37,350.05405405405406,304.4864864864865,8.408155387199953,5.643389609656636,0.741293996102421
1370,52,350.71153846153845,182.78846153846155,10.564065948892994,6.436621507146132,0.7929444357681098
1371,90,350.4111111111111,252.17777777777778,12.757876898806984,9.270264915458906,0.6870282657184189
1372,45,350.97777777777776,366.02222222222224,8.325715036211456,6.928203230275509,0.5545579147332974
1373,75,349.8666666666667,373.3066666666667,12.19899163783637,8.198096169097804,0.7405233403807664
1374,73,353.35616438356163,22.26027397260274,14.159134041888278,6.8502511914622435,0.8751761613248275
1375,42,352.54761904761904,111.64285714285714,11.533333611851946,4.735918898784771,0.9118026056219868
1376,128,351.2421875,58.8671875,13.587724998209605,12.335032478596471,0.41938808887302004
1377,80,351.3625,84.625,11.49978663025249,9.077577179989497,0.6139187996136405
1378,36,350.52777777777777,211.44444444444446,8.367548717363809,5.6696227643207235,0.7354557810271048
1379,86,352.0,234.6627906976744,13.190440989066346,8.540321466038126,0.7620969522034567
1380,32,352.6875,315.09375,6.89688847686038,6.2633700463688475,0.4186572668719902
1381,30,351.9,394.23333333333335,7.081598463606367,5.658608670789739,0.6012538065150431
1382,37,351.5945945945946,404.7567567567568,7.670168369232968,6.087006124297143,0.6084465567582298
1383,187,352.2352941176471,275.27807486631013,18.563767658438998,13.027382888949465,0.7124095456564586
1384,104,352.47115384615387,338.4326923076923,18.434337339060296,7.468715802965524,0.9142491685033061
1385,38,352.89473684210526,350.4736842105263,8.05149712592469,6.1930161821917205,0.6390373196070339
1386,44,352.47727272727275,411.84090909090907,9.092950819995847,6.193510127479121,0.7321595782698255
1387,131,354.76335877862596,128.4198473282443,16.513591324971728,11.023095396800285,0.7445949667943856
1388,85,353.32941176470587,173.75294117647059,12.03413610123705,9.458065384784282,0.6183073700482291
1389,78,353.96153846153845,205.3846153846154,11.312980908876671,8.868572119380564,0.6208506723742068
1390,81,353.98765432098764,241.01234567901236,15.952436197771902,6.676573256228798,0.9082029685312784
1391,53,354.0377358490566,299.6981132075472,9.249704368990704,7.405998073380846,0.599100240103266
1392,79,354.43037974683546,43.31645569620253,10.94191831251306,9.432619545003329,0.5068016543134103
1393,73,354.3013698630137,95.04109589041096,10.928943167949722,8.521281895489816,0.6261549835985257
1394,50,354.42,286.56,8.31809271723458,7.8031617660720745,0.34637788683996623
1395,41,354.5609756097561,356.0975609756098,8.887276246993796,6.3495462301189844,0.6996828554875663
1396,32,354.28125,399.3125,7.022448678318448,5.861492093348202,0.5507363924940498
1397,64,355.65625,120.265625,10.190996380293724,8.116283726363946,0.6047477256899945
1398,24,355.5,293.0833333333333,6.225291187840634,5.013445772667999,0.5928197925963757
1399,176,356.1761363636364,141.4034090909091,15.597424175760853,14.484542472982666,0.3709579908521488
1400,28,356.0357142857143,306.9642857142857,7.609893012832231,4.695605605959318,0.7869320739506165
1401,170,357.27647058823527,186.07647058823528,19.959191615911877,11.210657256792683,0.8273552967854412
1402,91,357.13186813186815,197.76923076923077,13.597605248213748,8.785421131020739,0.7632522477018449
1403,66,356.3636363636364,246.12121212121212,12.899302340164752,7.235200598140353,0.8278845105025181
1404,75,355.56,378.5733333333333,14.681005348213306,6.701574754336061,0.8897340426919721
1405,196,357.5612244897959,160.1122448979592,18.947015633615905,13.468559764121256,0.7033397097358999
1406,67,357.65671641791045,367.43283582089555,10.723370485832218,8.030223342441095,0.6627366422851099
1407,25,357.6,410.32,6.593914434471155,4.899172627176242,0.6693092276553948
1408,82,359.890243902439,28.804878048780488,15.252992535879729,6.850880160537325,0.8934564131097759
1409,137,359.8978102189781,76.78102189781022,17.774394247009056,10.050135109600985,0.8247978540611446
1410,132,359.6439393939394,109.95454545454545,16.174068210007448,10.45503181121281,0.7629927380192058
1411,61,359.4918032786885,314.44262295081967,9.875667010661843,8.072889845834311,0.5759958492954245
1412,136,359.41911764705884,340.6029411764706,19.689732304320568,9.115867696512472,0.8863709700242692
1413,114,359.43859649122805,227.859649122807,15.693158229170699,9.530108543497542,0.794489473534776
1414,164,359.8170731707317,325.1707317073171,16.67154477594546,13.136590320688393,0.6157202982835753
1415,90,360.34444444444443,355.6333333333333,16.6556755038373,7.239182098931584,0.9006054600567004
1416,46,360.60869565217394,7.326086956521739,10.61698684528903,5.500799612429908,0.8553121361361161
1417,36,360.05555555555554,48.388888888888886,7.605716163872585,6.120598304897647,0.5936320200991756
1418,39,360.8205128205128,173.05128205128204,7.780342363326296,6.47171567218816,0.5550702742971092
1419,33,361.06060606060606,250.15151515151516,7.912606013793695,5.526331936709911,0.7156869434405715
1420,45,362.1111111111111,41.888888888888886,8.326663997864532,6.899633198337788,0.5598127485064213
1421,60,361.93333333333334,307.1166666666667,9.316696662497726,8.397039621802131,0.43321758962999884
1422,109,362.3211009174312,208.60550458715596,16.017921039150988,9.841974819924003,0.7889672754824415
1423,234,363.8974358974359,258.3290598290598,22.0285676061767,13.797821367838964,0.7795336484005835
1424,61,363.5409836065574,281.37704918032784,13.322388975706666,5.90214968916951,0.896509320398168
1425,82,363.4512195121951,378.6341463414634,11.181415561134505,9.843467481408549,0.4743398764157004
1426,66,364.030303030303,128.56060606060606,11.07909658455561,8.058395171249682,0.6862653304417948
1427,189,364.0,270.8994708994709,18.894315444315772,13.103041903939726,0.7204650756175198
1428,57,364.1929824561403,386.0701754385965,11.341274354850713,6.409897954829197,0.824965410319728
1429,85,367.1411764705882,1.8352941176470587,20.97785311257981,5.455728448582514,0.9655895318888642
1430,174,361.7068965517241,217.06896551724137,22.669103347386752,10.953147687753132,0.8755237076130291
1431,98,365.7040816326531,243.24489795918367,15.16092921407187,8.38547282877182,0.8331164974830932
1432,107,365.32710280373834,364.31775700934577,15.254518827696078,9.539404621852137,0.7803448551890433
1433,55,365.8363636363636,49.85454545454545,10.167950423906635,6.969441495233982,0.72813637620634
1434,81,366.14814814814815,104.96296296296296,16.462889228069198,7.1531856989942355,0.900670064716189
1435,90,366.8666666666667,167.0888888888889,12.157651857580266,10.65220756468973,0.481996568380374
1436,170,365.2470588235294,298.2529411764706,17.872995258612114,12.392236617128573,0.7206012336388135
1437,76,367.1842105263158,178.22368421052633,10.876632761352061,8.905208469824078,0.5741547240289285
1438,144,366.5,287.0208333333333,19.991888878805298,9.819803751815396,0.8710528002186894
1439,93,368.51612903225805,200.68817204301075,12.97452856817935,9.336858578967309,0.694357847234199
1440,35,368.0571428571429,325.7142857142857,8.695453958959456,5.132737945284492,0.8071997932318097
1441,70,367.7,348.34285714285716,11.458643018193301,7.885346146814309,0.7255617506917998
1442,22,367.95454545454544,389.95454545454544,5.807953167960346,5.0831021957721525,0.4837670001666641
1443,144,368.9861111111111,120.09027777777777,17.38039825660344,10.682771275323107,0.7888040183614916
1444,82,367.9024390243902,337.3780487804878,10.825885780024292,10.129416327047098,0.3528861056498433
1445,63,369.14285714285717,14.206349206349206,11.602536249254914,7.26758463986145,0.7795186931665503
1446,60,368.46666666666664,134.88333333333333,9.6963433905472,8.009080427679327,0.5636851099212077
1447,190,369.1684210526316,189.7842105263158,16.862443131174413,14.481064358130165,0.5123509411295809
1448,101,370.3069306930693,226.07920792079207,14.391619905076407,9.140613694361745,0.772401593394459
1449,89,370.70786516853934,34.71910112359551,13.252955088504564,8.620643831449975,0.7595323263814804
1450,31,371.06451612903226,97.09677419354838,7.313563350886447,5.51583014274,0.6566540930390473
1451,86,371.36046511627904,42.80232558139535,12.79741141497477,8.596172967427595,0.7408125155203322
1452,121,371.6611570247934,371.9586776859504,14.882837188850761,10.443493464761302,0.7124588600485408
1453,43,372.16279069767444,50.604651162790695,7.943646824212285,7.0757808161843805,0.4544991795882235
1454,77,372.012987012987,359.1038961038961,12.460811878417568,8.011811403201738,0.7658992320687041
1455,48,372.5833333333333,104.08333333333333,8.796835469731755,7.051722968862317,0.5978333360500553
1456,126,372.75396825396825,7.698412698412699,17.008957327801593,10.013570107233399,0.8083346046914742
1457,81,372.9259259259259,57.4320987654321,13.661323510605483,7.654370989850714,0.8282931454726753
1458,70,372.9428571428571,385.12857142857143,11.332317433398812,8.053685298967665,0.7035123879342983
1459,64,372.96875,209.546875,11.747301925382054,7.137935011186014,0.7942253195026928
1460,130,373.7153846153846,243.97692307692307,16.69658705106705,10.349848571912768,0.7846981250839543
1461,300,373.13,312.6066666666667,21.0753173651742,18.401953343220818,0.4874482170168979
1462,86,374.75581395348837,127.88372093023256,12.643323206096778,8.89730647217298,0.7104815649829042
1463,68,374.5735294117647,290.19117647058823,14.23759387530353,6.501284426067839,0.8896577113241484
1464,13,375.0,598.1538461538462,5.203549084703927,3.076923076923077,0.8064425896179158
1465,78,375.05128205128204,351.78205128205127,13.663743720576916,7.6719605068288965,0.8274882379166083
1466,65,376.12307692307695,157.46153846153845,9.545182435673523,8.861780242955893,0.3715737422555151
1467,49,376.1224489795918,218.16326530612244,10.302575253237864,6.334771476303894,0.7886264367154362
1468,39,376.64102564102564,98.92307692307692,8.389338486780092,6.08284352010324,0.6886769479694265
1469,101,376.44554455445547,137.1089108910891,14.51964329784607,8.952689408855669,0.7872832126168814
1470,109,377.4770642201835,277.91743119266056,14.259670483197407,10.12369761065634,0.7042489342088656
1471,39,377.02564102564105,196.53846153846155,7.983845022887959,6.3179378208895685,0.6113760116803839
1472,144,376.7013888888889,338.28472222222223,18.00181834684412,10.364988808356225,0.8176085070114172
1473,63,377.6031746031746,65.06349206349206,9.469366287250303,8.518947865799534,0.43664826471295715
1474,90,377.4222222222222,228.25555555555556,16.000595829200847,7.363218215785568,0.8878235662123695
1475,37,378.43243243243245,212.0810810810811,7.752955816381711,6.056931301894182,0.6242288233188494
1476,104,378.25961538461536,253.52884615384616,15.36143685138377,8.823696436737508,0.8185707822340766
1477,46,379.0217391304348,40.76086956521739,10.22945974646951,6.086407287836704,0.8037344749793551
1478,170,378.8,146.35294117647058,19.44294267997991,11.542151155630268,0.8047291129199984
1479,55,378.6363636363636,50.41818181818182,9.853200828149106,7.203584074806541,0.6822802222642227
1480,68,379.05882352941177,203.23529411764707,10.548431081234385,8.417140178425917,0.6027211897645671
1481,67,378.82089552238807,300.2686567164179,11.481659006153675,7.5860533258723954,0.7506407655298463
1482,16,379.1875,321.5,5.301859257350197,3.7852065221398448,0.700207434242993
1483,189,378.83068783068785,267.87301587301585,20.156467523270198,12.1239255072704,0.79887988600738
1484,37,380.3243243243243,350.1621621621622,8.199408046110262,5.7952481625321814,0.7074248157550734
1485,20,381.25,164.95,5.700651850964227,4.388914270534128,0.638168270197698
1486,79,381.65822784810126,93.62025316455696,11.096745327403134,9.44416848892484,0.5250432651226741
1487,175,383.0628571428571,290.25714285714287,19.378112439765474,12.239824224526958,0.7752688429066408
1488,66,382.04545454545456,12.06060606060606,11.492708338933442,7.365464689746165,0.7676397877911095
1489,46,382.6304347826087,242.5,8.517944279880803,7.018501980220437,0.5666383026802407
1490,65,384.16923076923075,54.50769230769231,12.80047455547247,6.83403717962182,0.8455543449827052
1491,34,384.11764705882354,214.91176470588235,7.708096303077943,5.739783356031101,0.6674624674955719
1492,80,384.4,3.3875,12.07312082170611,8.430732686100677,0.7157993664133282
1493,48,384.75,47.083333333333336,10.35733703110997,6.023381540260724,0.813505679596982
1494,47,384.0,220.46808510638297,9.727825429926355,6.167168434683338,0.7733560431852323
1495,226,382.2433628318584,20.95575221238938,21.79301079491767,14.076180038757576,0.763419139044152
1496,68,385.02941176470586,207.64705882352942,11.202972684933497,8.117773543976908,0.6891603326003201
1497,83,386.86746987951807,250.14457831325302,11.997073453680889,9.159065975457088,0.6458767631940154
1498,108,387.0833333333333,304.97222222222223,14.574239503560085,9.532863867178248,0.7564167583187442
1499,66,387.1060606060606,314.54545454545456,10.155122285464282,8.315365317672365,0.5740295518265346
1500,65,387.2923076923077,39.53846153846154,10.355803691218762,8.029586103023181,0.6315064334829817
1501,26,387.3076923076923,88.23076923076923,6.013306448108151,5.513289270380471,0.3992359635093795
1502,124,387.11290322580646,260.25,13.875337979358122,11.670755143313983,0.5408562912848605
1503,139,386.53237410071944,229.5179856115108,14.41505509997504,12.410719884417976,0.5086804073576529
1504,115,388.95652173913044,31.382608695652173,13.72538946346368,11.325515205157402,0.5649126165898403
1505,38,388.5,80.0,7.455128930368747,6.407232755171875,0.511237358145545
1506,90,390.64444444444445,240.24444444444444,11.225163500426511,10.434730740333475,0.36861071570992304
1507,159,391.6352201257862,59.15723270440252,18.46396701260644,11.3316545606417,0.7895259148289155
1508,113,390.9734513274336,201.78761061946904,15.12026363176624,9.704866069096415,0.7668343739428962
1509,128,392.6171875,290.9765625,15.372010731547322,10.947500648284702,0.7020060044542876
1510,99,392.06060606060606,9.080808080808081,12.763776393151277,10.256977713750054,0.5951690163618993
1511,115,392.38260869565215,214.7478260869565,17.201270029039115,9.54030824506027,0.8320983333901202
1512,50,393.9,68.82,9.359459139446308,6.791327161684598,0.6881050609866971
1513,58,393.5689655172414,86.39655172413794,10.32644546550907,7.192905469244283,0.7175063871012226
1514,68,393.20588235294116,266.47058823529414,12.358346753010162,7.4984186888570905,0.7948932274380465
1515,260,395.3692307692308,277.0153846153846,20.91371079896634,16.37448990204306,0.6220786185436021
1516,75,397.4,220.05333333333334,12.498493518302224,8.178558267109974,0.7561801227632378
1517,96,396.75,230.01041666666666,12.410764459546808,10.253675247695599,0.5633885465096587
1518,55,397.6363636363636,2.5454545454545454,10.21688322633571,6.981351164464425,0.7301235487230715
1519,195,397.374358974359,402.57948717948716,18.66394954833413,13.74271805545691,0.6766288835300048
1520,269,398.724907063197,247.00743494423793,25.84536740738879,13.63390435844363,0.8495436656616576
1521,39,398.5897435897436,77.58974358974359,8.025527391378004,6.205857885008845,0.6340832272620834
1522,117,398.22222222222223,181.4188034188034,14.439441555540695,10.692680378514167,0.6720354574363814
1523,160,398.53125,194.225,15.638494537704544,13.191355638985142,0.5371005043626558
1524,83,398.34939759036143,25.096385542168676,11.560408620158347,9.526860713221412,0.5664534045920027
1525,23,399.17391304347825,93.0,5.405311397537409,5.360360002581718,0.12869789041755736
1526,201,401.03980099502485,41.14427860696517,19.761277352473254,13.133042069931584,0.7472129622102407
1527,39,400.7435897435897,53.56410256410256,8.383281055310334,5.998960609907342,0.6985243919712466
1528,63,400.41269841269843,83.7936507936508,9.673554550058087,8.686793839767304,0.44000772201384036
1529,58,400.67241379310343,204.86206896551724,9.181915582196602,8.069652967254944,0.4770728135247999
1530,52,400.84615384615387,264.40384615384613,8.923923271237806,7.492973944824426,0.5431275581276851
1531,47,400.8510638297872,289.40425531914894,8.676423499970289,7.196704725562043,0.558573222746282
1532,57,401.0877192982456,62.24561403508772,11.196703639022177,7.1181668823639574,0.7719051411266203
1533,19,401.5263157894737,215.73684210526315,6.943176173269358,3.5746963803143066,0.8572800954078051
1534,105,402.34285714285716,392.64761904761906,15.351747063452276,9.457629967075023,0.7876975652061364
1535,41,403.1463414634146,115.02439024390245,8.517337494551882,6.190501019500061,0.6868367139082435
1536,93,402.9247311827957,172.03225806451613,14.775437626232724,8.237640269195106,0.8301617676543039
1537,71,403.7042253521127,413.3098591549296,10.920145531851418,8.314952784804774,0.6482443037470166
1538,97,405.8556701030928,15.958762886597938,16.209094006301285,7.822622666989275,0.8758370040108752
1539,133,405.7142857142857,225.4436090225564,17.17206716995502,10.057164920135161,0.8105495838378262
1540,102,405.94117647058823,91.13725490196079,14.085017023655166,9.29688013152713,0.7512176373754684
1541,79,406.69620253164555,213.16455696202533,11.861008331808623,8.526292879370246,0.6951646022051907
1542,39,407.02564102564105,405.56410256410254,8.444347052251377,6.034203264829427,0.6995486815894095
1543,116,407.69827586206895,76.9396551724138,13.287743311266444,11.270512974648925,0.5296942750310343
1544,34,407.47058823529414,111.6470588235294,6.9831323325040175,6.310085396064758,0.42833884649444204
1545,61,407.4918032786885,201.98360655737704,10.657726940904984,7.582179684431265,0.7027614309991753
1546,114,407.60526315789474,281.89473684210526,13.794848276700852,10.610167791374602,0.6390804820027746
1547,53,408.22641509433964,55.58490566037736,9.053749375699413,7.465625721816075,0.5657316761126833
1548,17,408.5882352941176,157.88235294117646,5.181899763382574,4.041201040002321,0.625943231252129
1549,68,408.94117647058823,4.073529411764706,10.575174024154624,8.276135214097746,0.6225244128530629
1550,35,408.8857142857143,100.11428571428571,8.938668106578023,5.250520696320095,0.8093010558879644
1551,14,409.5,120.5,4.780914437337574,3.5456210417116734,0.6708203932499369
1552,28,410.35714285714283,207.85714285714286,6.431021157904516,5.830000483884603,0.4221123868727032
1553,73,410.17808219178085,176.63013698630138,12.18271276533607,7.757125128247396,0.771085043592074
1554,42,411.3333333333333,115.5952380952381,9.198877146915159,6.151317673684507,0.7435295305087265
1555,141,411.36170212765956,190.22695035460993,16.946531408844454,10.845000091471158,0.7684132438747002
1556,200,411.605,243.275,21.510793971849676,11.952378119045418,0.8314192457700991
1557,21,412.0,70.0,5.0896720822428145,5.0896720822428145,0.0
1558,34,412.1470588235294,228.47058823529412,8.589002969462513,5.132227063776773,0.8018430749996905
1559,162,411.8395061728395,416.77777777777777,19.457835922318065,11.014815837570252,0.8243459310296576
1560,42,412.54761904761904,85.88095238095238,8.170664488776652,6.635120368969231,0.5835653395155818
1561,49,413.2244897959184,404.1020408163265,8.655631305809456,7.441265004933731,0.5107956354159496
1562,71,413.80281690140845,95.36619718309859,10.95806075321465,8.396744153803963,0.6425283981757737
1563,82,413.7560975609756,49.792682926829265,11.02202518707506,9.576258599825083,0.49511172512073887
1564,187,414.03208556149735,393.9197860962567,15.963294183062075,15.123920230954594,0.31999716520856786
1565,108,414.51851851851853,217.67592592592592,17.051374306736868,8.201735602847494,0.8767198037597261
1566,26,415.34615384615387,276.84615384615387,6.371547438102486,5.161975086563814,0.5862083344163539
1567,32,415.28125,9.65625,7.153238849562468,5.716198383638396,0.6011897262876186
1568,24,415.375,102.29166666666667,6.37412161402321,4.874367911691839,0.6443721031627602
1569,208,414.67788461538464,433.1730769230769,18.492365605859035,14.485029104057594,0.621646662312509
1570,89,415.4943820224719,201.80898876404495,15.134355473149354,7.976555755194402,0.8498345345287278
1571,78,415.84615384615387,127.34615384615384,12.590658161336053,8.314336234777503,0.7509513299972844
1572,55,416.8727272727273,3.2545454545454544,9.920133855755084,7.28164467978076,0.6791204403629513
1573,32,417.4375,90.1875,7.012603641476287,5.932823119523582,0.5331465922404223
1574,139,418.36690647482015,148.0935251798561,16.985502907333586,10.608343101203513,0.7809826003176958
1575,32,418.0,170.6875,7.866173934502204,5.436985160192927,0.7226774110258661
1576,71,418.056338028169,230.19718309859155,10.678419233948926,8.531789850078253,0.6013642597658455
1577,82,418.780487804878,74.51219512195122,11.950906524313119,8.884766143015648,0.6688041062906576
1578,115,417.9478260869565,117.40869565217392,15.856910897659244,9.912603090768508,0.7805220437183547
1579,40,418.5,420.8,8.059776671843954,6.26099033699941,0.6297235299224027
1580,79,420.2025316455696,409.55696202531647,13.527813820772781,8.523172166141613,0.7765561835092077
1581,109,419.5229357798165,444.70642201834863,14.605342378366384,9.772327438854045,0.7431789872829443
1582,206,420.1650485436893,180.51941747572815,19.236797740529326,13.994063770582958,0.6861466258516982
1583,49,420.2857142857143,157.44897959183675,9.750300738407097,6.489566703081962,0.7463300306584112
1584,46,420.60869565217394,210.56521739130434,8.481228696779388,7.014483252091417,0.5621139550500387
1585,37,420.7027027027027,67.32432432432432,7.901940210821242,5.934555287138524,0.6602736763354621
1586,53,421.07547169811323,202.26415094339623,12.967444111707646,5.575901382611302,0.9028325450710191
1587,94,421.1595744680851,242.06382978723406,14.262055122070638,9.050326275661229,0.7728622863215128
1588,103,421.75728155339806,55.47572815533981,16.073295578404085,8.281343038822968,0.8570557303186089
1589,83,421.8313253012048,219.83132530120483,13.906139713800881,7.781530365280936,0.8287796085271006
1590,82,422.9756097560976,138.32926829268294,16.009568305388925,6.792984965777758,0.9055180159011059
1591,18,422.55555555555554,234.33333333333334,5.714937570531867,4.184773359585458,0.6810339874031557
1592,54,422.462962962963,275.22222222222223,9.606517668915467,7.12422618942415,0.6708385747730223
1593,29,423.0344827586207,80.89655172413794,7.085079885360113,5.1819660965386,0.68195799179624
1594,72,423.65277777777777,101.44444444444444,13.099048153430223,7.148650857263525,0.8379557420901073
1595,33,422.6969696969697,463.90909090909093,6.874549711001055,6.079249859260948,0.4668955992874022
1596,68,424.3529411764706,47.89705882352941,12.84534068731434,6.834979576430183,0.8466827982568144
1597,54,423.3333333333333,95.14814814814815,10.264954284397293,6.781095137375806,0.7507323768989577
1598,107,424.1869158878505,453.5327102803738,13.344277901414802,10.67484229137672,0.6000579510301954
1599,83,425.2048192771084,130.55421686746988,14.644180646882255,8.114294479149425,0.832452204245696
1600,147,424.38775510204084,164.61904761904762,15.944031747903981,12.184479980477468,0.6449755645790584
1601,112,425.60714285714283,191.125,14.536756110791181,9.83973967528694,0.7360870426449438
1602,22,425.09090909090907,417.09090909090907,5.502816709244202,4.972652484064489,0.4282593998234223
1603,35,426.25714285714287,109.88571428571429,8.424925382810622,5.2790130926953385,0.7793453382911371
1604,114,426.63157894736844,118.89473684210526,13.799311586901988,10.835377605472257,0.619227714375684
1605,103,426.63106796116506,263.0485436893204,12.459347701509248,10.702764943138208,0.5119506358300975
1606,112,425.8125,399.0625,13.765449619375529,10.738527282872894,0.6256457878298262
1607,76,427.19736842105266,202.9078947368421,12.19289516848863,8.287313665963074,0.733505210323363
1608,69,427.71014492753625,72.27536231884058,11.275613488666181,7.8194420676689225,0.7204733482191892
1609,93,427.2258064516129,437.2795698924731,13.303835530493519,8.917524280033641,0.7420927204620391
1610,83,427.2530120481928,225.51807228915663,13.00362058087889,8.772726022809762,0.7381494865781787
1611,56,427.875,234.44642857142858,10.537077630583125,6.9971273338015,0.7476897757003068
1612,232,427.57327586206895,250.6293103448276,21.535073140865453,14.307856679063075,0.747379069267533
1613,21,429.0,88.0,5.0896720822428145,5.0896720822428145,0.0
1614,132,428.42424242424244,151.0681818181818,15.669130436632582,10.77075269082529,0.72629157506188
1615,22,428.6818181818182,78.95454545454545,5.711717281236487,4.889295585159399,0.5169568062633081
1616,91,428.9340659340659,213.53846153846155,12.644362213973052,9.271512534643612,0.6799562493046328
1617,76,430.0263157894737,58.6578947368421,11.58690643715039,8.817861393168577,0.6487290394445651
1618,117,429.34188034188037,408.0769230769231,15.89897167830832,9.743363074458586,0.7902149576878847
1619,48,431.75,504.2291666666667,10.157100180143319,6.05472582528899,0.8029044692442998
1620,34,431.70588235294116,101.0,6.886255338443508,6.445800613209051,0.35189741656716766
1621,87,431.5402298850575,133.88505747126436,15.261984862957632,7.598097532275298,0.8672662239301183
1622,30,431.3666666666667,394.53333333333336,7.700439581838114,5.020060559817843,0.7582888690304815
1623,62,432.3225806451613,551.8064516129032,9.504328569525105,8.42711894159732,0.4624197197499642
1624,105,431.76190476190476,532.8952380952381,12.847717532032307,11.080063607484744,0.5062019980326817
1625,22,432.40909090909093,83.72727272727273,6.458493108741292,4.375770891691275,0.7355025475769105
1626,98,433.3673469387755,196.8877551020408,14.03020737922707,9.11473050248151,0.7602330537792517
1627,105,433.0952380952381,474.3619047619048,13.665335694766203,9.811983366420309,0.6960225437749217
1628,44,432.90909090909093,560.2045454545455,7.920609529439987,7.039403446350519,0.45840159956198007
1629,73,433.3972602739726,93.53424657534246,10.271663808395578,9.081280399883616,0.4672788865124794
1630,39,433.64102564102564,221.35897435897436,9.746793220925216,5.296782626763135,0.8394489880409086
1631,50,433.42,239.68,9.505500966028873,6.94439712176832,0.6828419431691518
1632,134,433.410447761194,450.85074626865674,15.454336118312641,11.23525671586843,0.6866405858743169
1633,27,433.8888888888889,125.85185185185185,6.417940602592191,5.686423801536384,0.46364699998618103
1634,59,434.3898305084746,231.59322033898306,9.963830828349378,7.549768681234583,0.6525827430279812
1635,53,434.811320754717,260.811320754717,10.030741132113555,6.79481899679409,0.7356153353147024
1636,38,434.7368421052632,484.44736842105266,8.013428869074708,6.026343312155283,0.6591282525433331
1637,53,434.0,108.15094339622641,11.645372410161531,5.906664322197488,0.8618217395863732
1638,61,435.1967213114754,119.47540983606558,9.521260569213958,8.309308203260706,0.48823726389122135
1639,166,436.4156626506024,541.343373493976,19.712470797653527,11.05610608859161,0.8279048270997954
1640,198,435.0656565656566,172.94949494949495,18.121132695124064,13.978324399177763,0.6363717932925036
1641,57,435.5964912280702,513.5964912280701,12.597470511866302,5.805820636361429,0.8874666515802423
1642,61,435.8196721311475,208.47540983606558,9.528692052218318,8.509510422396179,0.44997577190710436
1643,128,436.4765625,525.4453125,16.435889710598754,10.200729816833398,0.7840976148959724
1644,96,436.09375,67.71875,11.69327527842821,10.513216916318541,0.43777963045262613
1645,47,437.0,150.87234042553192,8.965198644934208,6.732154825472042,0.6603921842854911
1646,29,437.82758620689657,135.58620689655172,7.556631623940804,5.12862439441722,0.734423144499548
1647,40,438.325,104.5,9.318712385727583,5.574190476839425,0.8013679304163743
1648,40,437.675,214.725,8.469487654744018,6.047129803976319,0.7001558591239883
1649,73,436.986301369863,143.21917808219177,11.237583753374679,8.521520833496064,0.6518994306243506
1650,48,439.4791666666667,202.47916666666666,8.317048358984595,7.358406827483521,0.4660891291815593
1651,73,439.16438356164383,222.45205479452054,12.879300253339364,7.302446623698802,0.8237240242347069
1652,168,438.57142857142856,50.726190476190474,17.05103794082096,12.85745928773237,0.6568086622093054
1653,90,440.53333333333336,127.7,12.380846019155415,9.87990028430152,0.6026590353377643
1654,48,439.2708333333333,255.5625,8.679289937518186,7.054583503135944,0.5825337338969478
1655,57,440.3157894736842,237.03508771929825,9.839598545016953,7.517606178710619,0.6451978435218898
1656,37,440.05405405405406,482.94594594594594,7.471396922932753,6.466410043092766,0.5009283480061408
1657,123,440.0650406504065,503.739837398374,13.857346182755713,11.284664112266515,0.5803807418315244
1658,51,439.98039215686276,549.4901960784314,10.363702933340674,6.271448811752489,0.7961221826469868
1659,123,440.4390243902439,566.650406504065,14.435732829758052,11.17639264881182,0.6329200008706776
1660,204,440.0049019607843,421.9901960784314,18.275443582383286,14.66643374325366,0.5966233946925806
1661,73,440.67123287671234,458.1917808219178,11.382053618471158,8.40544585916107,0.6742727924243075
1662,150,439.54,402.52666666666664,16.60414942569672,11.838858788104995,0.7011578926931363
1663,31,441.19354838709677,559.0967741935484,7.289948954529379,5.404090938441835,0.6711659850292946
1664,87,441.3448275862069,192.5632183908046,13.655649588652048,8.28337271345385,0.7950152591240868
1665,46,441.8478260869565,229.6304347826087,7.867327652731326,7.568918049753776,0.2728035396697105
1666,75,441.28,466.08,11.428791703751486,8.42056531310465,0.6761268184991421
1667,24,440.875,489.6666666666667,6.081140986576509,4.932066489508719,0.5849866175853743
1668,170,441.7470588235294,444.8705882352941,20.010820540475844,11.24979057318262,0.8270112504858365
1669,70,443.5571428571429,74.72857142857143,12.911426997800133,7.278620623895735,0.825955860406422
1670,29,442.58620689655174,110.58620689655173,7.0493419802375925,5.146140167221414,0.6834288831216012
1671,42,443.1190476190476,473.3809523809524,7.771409779040984,6.92196359921821,0.4545994245561573
1672,240,443.2625,580.2333333333333,23.059437212851403,13.577754268733825,0.8082674655716958
1673,57,443.29824561403507,135.82456140350877,10.103299419325948,7.502557979712935,0.66975190097035
1674,62,444.5967741935484,176.32258064516128,10.48442544337669,7.712836916412441,0.6773650273012513
1675,82,444.4756097560976,209.8170731707317,13.198154579347236,8.024073353188355,0.7939605024025211
1676,68,445.36764705882354,81.61764705882354,10.12659993795963,8.623340901216425,0.5242678299964187
1677,68,446.27941176470586,68.23529411764706,10.607735186402154,8.227633152660033,0.6311930047392496
1678,169,445.7278106508876,155.301775147929,16.896293150116634,13.717889254042294,0.5838139109532487
1679,62,446.2741935483871,220.19354838709677,11.121827065490635,7.54680636736811,0.7345466907067508
1680,81,446.82716049382714,168.28395061728395,12.646327432152345,8.390539001976553,0.748197266874333
1681,41,446.7073170731707,543.5365853658536,8.308467935780914,6.2404475531972174,0.6601942992025507
1682,121,448.41322314049586,195.2396694214876,18.634276158635416,9.450448794853616,0.861855417222781
1683,122,449.5983606557377,254.86885245901638,16.008608373080005,10.502897669801635,0.7546929850751112
1684,78,448.0,118.5,11.540966216332723,8.595523362215348,0.6673059722510022
1685,119,448.4033613445378,142.85714285714286,15.1004818697641,10.06384642261845,0.7455420160749602
1686,47,448.40425531914894,573.7446808510638,9.952848288444526,5.986337673618939,0.7988955370934558
1687,145,448.64827586206894,430.06206896551726,15.32379306101132,12.82867296999119,0.5469374603633737
1688,145,446.41379310344826,61.01379310344828,21.98532621549581,9.004177101585165,0.9122859011666272
1689,104,449.53846153846155,441.33653846153845,16.398497801446368,8.386321846692603,0.8593380750339032
1690,101,448.8514851485148,554.1584158415842,13.65166931193143,9.46731030470486,0.7204652537954517
1691,78,449.02564102564105,469.65384615384613,13.37558704878598,7.70526574149319,0.8174008218792872
1692,65,450.03076923076924,133.04615384615386,10.134366792016767,8.175902332809333,0.5908926563107929
1693,174,450.5689655172414,50.04597701149425,16.738673326181765,13.966503322878731,0.5511815811979419
1694,181,450.23204419889504,412.27624309392263,15.77359944024257,15.13057464221951,0.2826126670513369
1695,44,451.34090909090907,204.61363636363637,8.32174850137502,6.7655964458643565,0.5822611835575751
1696,53,451.0377358490566,212.71698113207546,9.166400804328177,7.337746849863493,0.5993264874565144
1697,55,449.6,225.8181818181818,11.14778018415137,6.610039092210631,0.8052417347703402
1698,37,452.0,149.48648648648648,7.782807195880206,6.068805130863982,0.6260651980614289
1699,128,450.5390625,391.4609375,18.816944607373667,9.21269599618,0.8719495440609388
1700,122,451.54918032786884,399.40983606557376,16.789388444885105,10.038293477597577,0.8015743392258463
1701,187,452.62566844919786,459.93048128342247,23.829096331450263,10.649209302826792,0.8945842103512333
1702,130,450.7230769230769,504.25384615384615,16.14316425283286,10.532087880614844,0.7578594857885533
1703,75,453.2133333333333,164.96,11.854554155601111,8.220042659711446,0.7205451747370385
1704,110,453.1454545454545,477.5090909090909,16.09809200702496,8.972825587439855,0.8302545480179835
1705,42,453.1904761904762,570.1428571428571,7.841532753012064,6.87878043836745,0.4800813666088021
1706,129,453.6821705426357,179.68217054263565,13.602745605529813,12.412026238273741,0.40915526437679844
1707,35,453.6857142857143,197.0857142857143,8.25508399446255,5.375731225010406,0.7589040264300008
1708,171,451.48538011695905,380.7134502923977,20.124991265060295,11.692239761450654,0.813917041205954
1709,63,454.5238095238095,70.73015873015873,9.600927871542977,8.658264552065399,0.43212150489159185
1710,52,453.21153846153845,77.96153846153847,8.992440223292379,7.354500768400722,0.5754261708923956
1711,142,454.9507042253521,85.66197183098592,18.988582696986768,9.672984921758761,0.8605235970969377
1712,43,455.3488372093023,188.11627906976744,9.411621413633515,6.04267033598279,0.7666682114454758
1713,170,455.68823529411765,496.63529411764705,21.24510247179891,10.742874754319038,0.8627307431912126
1714,67,455.32835820895525,102.55223880597015,10.987759441884522,7.936807397241715,0.6915467137311592
1715,18,455.44444444444446,260.1111111111111,5.132946212902184,4.480247343827443,0.4880042003142555
1716,62,455.93548387096774,420.5,11.530126725459551,7.003862971917053,0.7943653769071299
1717,183,456.7103825136612,237.8360655737705,20.27218393327129,11.695072070961618,0.8168130704389195
1718,43,457.5348837209302,511.25581395348837,8.269195878781316,6.601297818439567,0.6022602026157811
1719,87,457.4712643678161,544.7126436781609,11.121536719829413,9.955649740114529,0.4457278235765139
1720,73,457.7945205479452,586.6712328767123,13.283095022843927,7.268126682004498,0.8370207331132972
1721,68,458.9852941176471,122.32352941176471,12.67499344253118,6.809715331252199,0.8434192733365948
1722,31,459.06451612903226,384.80645161290323,7.434567333105966,5.357835095912073,0.6932830937884938
1723,83,459.2530120481928,63.63855421686747,12.750872020377727,8.484543552666839,0.7464790779384813
1724,48,460.5208333333333,75.66666666666667,8.581208396095516,7.432685040227676,0.49976971321807023
1725,137,458.40875912408757,94.28467153284672,17.724808402981232,10.06221039042933,0.8232418678613026
1726,51,459.3137254901961,206.7450980392157,9.48148557718443,6.908136237967761,0.6849477618960317
1727,75,459.6533333333333,406.3333333333333,11.677069874686625,8.320181303280828,0.7016487156469695
1728,87,459.57471264367814,427.14942528735634,13.711535138326745,8.316035186475549,0.7950840911855226
1729,88,460.2386363636364,218.01136363636363,12.165489538426955,9.194682517872705,0.6548020109429389
1730,45,460.3777777777778,194.4,8.300176134921527,6.944002800597881,0.5478003569084412
1731,219,462.365296803653,251.00456621004565,19.7586078615987,15.083660305495671,0.6459296778136842
1732,32,461.25,186.90625,7.099532936860595,5.740732277195269,0.5883490997041103
1733,56,461.92857142857144,152.625,9.857722780522732,7.185855973519026,0.6845594932167707
1734,67,461.3731343283582,170.23880597014926,10.098901739752765,8.587067892974728,0.5263028293723057
1735,44,462.0681818181818,389.95454545454544,7.9331748117714715,7.227034430668848,0.4124308063382702
1736,146,462.74657534246575,572.4794520547945,16.141748886819016,11.928956929765686,0.6736915279416551
1737,61,462.24590163934425,416.0,11.121069379502803,7.092612612338359,0.7702322136118605
1738,147,462.3333333333333,447.15646258503403,15.87426609665472,11.917578850464908,0.6605883261444286
1739,178,463.32022471910113,524.2921348314607,16.885318328929042,13.540329131908916,0.5974588816708543
1740,63,464.031746031746,363.3809523809524,10.416099259320937,7.8005958406492875,0.6626852907505755
1741,172,464.45348837209303,374.1220930232558,15.98761818145571,13.974467251953772,0.48578088209824494
1742,50,463.14,400.48,9.753567867485259,7.22688825528381,0.6715622163674864
1743,35,464.1714285714286,394.74285714285713,8.959669173907793,5.659040241718708,0.7752841293835224
1744,116,466.23275862068965,101.47413793103448,16.249235702720263,9.361438802956929,0.8173681979429883
1745,77,465.75324675324674,209.8961038961039,11.483057750973149,8.659819839050149,0.6567150155894881
1746,253,464.6521739130435,463.87351778656125,29.37679002642687,11.663863747957318,0.9177997893000989
1747,51,466.078431372549,190.68627450980392,9.787497782675182,6.658498787893312,0.732927695352162
1748,56,466.10714285714283,261.44642857142856,9.738240823009493,7.353905831542436,0.6555433726305409
1749,68,466.5735294117647,70.95588235294117,10.634381236548462,8.329497220783503,0.6216928808396033
1750,22,466.1818181818182,409.8181818181818,5.862690723160744,4.7699920782652985,0.5813994906676945
1751,19,466.89473684210526,422.57894736842104,5.54469823377709,4.2956952169149805,0.6322808964466018
1752,117,466.6837606837607,59.743589743589745,16.430820811876895,9.467443229761516,0.8173085463636094
1753,76,467.0,534.3157894736842,10.755641020314481,9.048674660519879,0.5405751811589634
1754,187,467.16042780748666,584.24064171123,21.459538207168105,11.302839013999112,0.850048345337065
1755,165,467.3272727272727,178.86666666666667,15.495094620872417,13.82622454967761,0.4514490913370514
1756,88,467.39772727272725,239.01136363636363,13.235473081184006,8.534321824929524,0.764345674058421
1757,91,467.86813186813185,385.0769230769231,11.762562354022153,10.322012900544877,0.47951994177330237
1758,63,467.5238095238095,560.6349206349206,10.165753904371302,7.894642106238308,0.6300039888291223
1759,44,468.22727272727275,416.54545454545456,9.14263972941112,6.403684884541664,0.7137312224773996
1760,106,467.811320754717,429.8207547169811,13.343624786814324,10.353919090125366,0.6308005540243385
1761,41,468.0243902439024,455.8048780487805,7.674598253712374,6.91367741924089,0.4341262712073702
1762,38,468.9736842105263,92.1842105263158,7.275418702733331,6.835553554410127,0.3424366607182497
1763,241,468.11203319502073,112.22821576763485,20.92947411168265,14.86961815408768,0.703734498910884
1764,39,469.15384615384613,269.02564102564105,7.6861358118116465,6.406786961903773,0.5524423620835385
1765,55,469.3090909090909,403.3818181818182,8.964870064426975,8.29386095382178,0.37959863246562414
1766,14,469.2857142857143,504.5,4.20883424647321,4.120630029101703,0.2036532699906393
1767,160,468.675,81.1,19.605265325863577,10.732360947270235,0.8368564638640653
1768,77,469.46753246753246,218.94805194805195,13.171375888452792,7.546411057339724,0.8195971566880779
1769,53,469.1509433962264,593.5094339622641,12.096223987424626,5.585892154593514,0.8869902824804203
1770,139,471.23021582733816,122.16546762589928,22.203107390263323,8.359416565196215,0.9264175947702536
1771,35,470.62857142857143,255.54285714285714,7.67792729116331,5.812411409145144,0.6533816105412208
1772,52,471.36538461538464,365.25,8.578771586373655,7.8175915242755964,0.41180570714358744
1773,160,471.16875,547.39375,15.050503220317442,13.738489830225674,0.40834886246706503
1774,29,471.86206896551727,262.0344827586207,7.2983618273205435,5.030610486511455,0.7244956203987879
1775,77,471.72727272727275,516.3636363636364,10.621186857259632,9.277199081674736,0.4868930045625017
1776,34,472.02941176470586,233.47058823529412,8.92804090504473,5.043696513984927,0.8251404928738818
1777,86,472.2325581395349,396.0813953488372,12.949456548993417,8.844431025156107,0.7304218247260129
1778,47,472.40425531914894,199.14893617021278,9.035311847511302,6.63884939943105,0.6783195320316528
1779,106,471.8490566037736,438.20754716981133,12.797246905962854,10.725006873966137,0.5455605343407043
1780,60,472.55,447.3,9.08196658709275,8.518874118348283,0.34663839551598075
1781,72,473.55555555555554,60.763888888888886,13.174607622284448,7.267853142949883,0.8340716437350751
1782,46,473.0652173913044,421.67391304347825,8.423886543610498,6.9507005100042285,0.5649604126611862
1783,73,473.041095890411,411.958904109589,12.367268102895457,7.720063178915998,0.7812378157755747
1784,219,473.81278538812785,482.72146118721463,18.855252105710548,14.851830880772647,0.616089610750497
1785,229,475.31441048034935,130.07423580786025,24.359415179307813,12.359486797556043,0.861722261229119
1786,83,474.89156626506025,211.10843373493975,12.220673244039572,8.729639414652432,0.6998051768728152
1787,76,476.9078947368421,94.64473684210526,13.513732322376601,7.459555395396785,0.8338453272807362
1788,21,475.0,157.1904761904762,6.9231152015930615,4.124777153140209,0.8031344357017366
1789,38,475.4736842105263,465.1578947368421,7.545218155161856,6.401210835891218,0.5293880216995296
1790,154,475.8376623376623,246.02597402597402,19.117576190029016,10.360143975783927,0.8404318612568977
1791,33,476.3030303030303,429.27272727272725,7.278156384375528,6.000456882891091,0.5659386323692976
1792,64,476.203125,229.265625,10.634397361042799,7.6889875970407155,0.6908167035801923
1793,73,476.6164383561644,387.9178082191781,10.425832551866357,9.23166165264816,0.4647148755340461
1794,166,477.59638554216866,376.65060240963857,14.970228069298312,14.24932917786494,0.3065812407576003
1795,107,477.7196261682243,69.06542056074767,13.044595669617923,10.563035312443244,0.5867566266307973
1796,318,477.8050314465409,146.19811320754718,22.700140674402046,18.229722268779252,0.5958894313682362
1797,94,477.8191489361702,262.6808510638298,17.104872568410922,7.091657112566656,0.9100043723031637
1798,27,477.81481481481484,451.22222222222223,7.05476133535493,4.914344458690001,0.7174600279788004
1799,34,479.6764705882353,434.11764705882354,7.586638193323478,5.847545294865921,0.6371147441032133
1800,70,478.98571428571427,407.9714285714286,11.56960009473948,7.9327187720977435,0.7279295395524019
1801,46,479.4782608695652,416.5869565217391,9.349523066873159,6.278088541721652,0.7410158169092469
1802,112,478.9732142857143,536.0446428571429,17.242330160136643,8.507230396326952,0.869806980653637
1803,227,480.09251101321587,83.32599118942731,20.817549199558687,14.352373550009379,0.7243463428183836
1804,109,479.6330275229358,102.21100917431193,13.475392327246675,10.893391067650334,0.5886453673993495
1805,76,481.07894736842104,426.0,13.666154204846595,7.231486776210416,0.8485264173189954
1806,51,480.3137254901961,542.6470588235294,9.638806173879743,7.051356994068227,0.6817779612322984
1807,257,480.21011673151753,559.4552529182879,20.205408034820323,16.552215178560456,0.5735118364643138
1808,93,480.7096774193548,400.21505376344084,13.567705973152524,9.301449430978561,0.728018009824998
1809,90,480.34444444444443,457.6666666666667,11.437638458546152,10.193349651065146,0.4535888936868074
1810,36,481.94444444444446,135.5,7.8702819270277224,5.944965349468807,0.655299922587104
1811,227,481.1057268722467,524.9030837004406,18.773074268687946,15.560604592803275,0.5594281171780497
1812,140,481.24285714285713,593.2571428571429,15.202724310872615,11.866692800329785,0.6250764027176527
1813,119,481.9579831932773,474.5798319327731,16.298719256178558,9.334296804842074,0.8197641638497194
1814,85,482.50588235294117,112.55294117647058,10.859866126857426,9.966722472391954,0.39714148558058265
1815,53,482.50943396226415,321.1698113207547,9.737873244861923,6.919598098079802,0.7036101821515923
1816,54,483.01851851851853,391.4259259259259,9.257989773720327,7.560377626084822,0.5771576522594012
1817,23,483.2173913043478,218.6086956521739,6.013934515175301,4.820294404911254,0.5979667161426385
1818,115,482.1913043478261,445.09565217391304,14.980263772588115,10.261312432746424,0.7285536267755016
1819,31,483.96774193548384,420.06451612903226,7.193049569084756,5.499209707550328,0.6446033956880394
1820,79,483.9367088607595,496.0506329113924,11.194970187359965,9.086667768976849,0.5841105159391732
1821,33,483.6969696969697,583.9090909090909,6.874549711001055,6.079249859260948,0.4668955992874022
1822,52,484.5769230769231,285.6923076923077,11.085451519151931,5.932588377194104,0.84474510860835
1823,85,485.4117647058824,156.21176470588236,12.959812700689392,8.507505464395411,0.7543670911749443
1824,392,485.234693877551,169.3877551020408,29.11586399281731,17.748811692989392,0.7927149615356892
1825,60,485.73333333333335,270.56666666666666,10.261941340844093,7.439780755832305,0.6887618635681092
1826,101,486.3762376237624,248.37623762376236,15.972310676102166,8.088562703698747,0.8622919087335352
1827,84,487.5238095238095,304.9047619047619,12.602281989197904,8.601201927973856,0.7308748878901469
1828,92,487.35869565217394,383.5,12.89206069049133,9.235875021338098,0.6976895693534662
1829,75,486.9866666666667,411.49333333333334,11.400011367330507,8.573380426403949,0.6591058714439659
1830,86,486.86046511627904,438.5581395348837,13.21370206905778,8.573073595892188,0.7609574451113478
1831,61,487.27868852459017,463.0,9.068032458107703,8.581542095524206,0.3231403382303076
1832,52,489.15384615384613,546.7692307692307,9.331765823521962,7.081589923577665,0.6512430385419152
1833,46,489.9347826086956,418.67391304347825,9.009894066943712,6.501524746190377,0.6923119330606686
1834,262,490.3702290076336,573.6679389312977,20.038454099780243,16.923693718999655,0.5354595967648861
1835,105,489.95238095238096,398.9809523809524,11.84213080945554,11.423782390473646,0.26345064351586756
1836,47,489.531914893617,471.8723404255319,8.620016366780806,6.969017546859561,0.5885385188221686
1837,23,490.0,597.1739130434783,5.40531139753741,5.36036000258172,0.12869789041755691
1838,132,490.3787878787879,429.31060606060606,14.818886975669074,12.068645151019442,0.5802903208758416
1839,137,490.8175182481752,138.1021897810219,14.73854032737384,12.068040245064054,0.5740669352700984
1840,28,491.14285714285717,238.17857142857142,6.552122708391487,5.472407060388396,0.5499291316568478
1841,61,490.8360655737705,451.39344262295083,10.11550309047417,7.6789695297976674,0.6509404688056015
1842,50,490.88,556.62,8.976025899070942,7.139338839080805,0.6061129397989876
1843,52,491.65384615384613,318.4807692307692,9.641485943102493,6.897840991746518,0.6986809441209944
1844,119,491.2689075630252,374.9495798319328,13.940397914993904,11.335839796160247,0.5820336199677535
1845,244,491.60655737704917,98.93852459016394,20.09570816304743,15.96673941850251,0.6072186223753986
1846,148,491.3918918918919,121.91891891891892,16.054149513378633,12.188793784485457,0.6508222738758441
1847,97,493.16494845360825,111.49484536082474,13.442394640277014,9.298059055447364,0.7221881844301613
1848,56,494.2142857142857,162.78571428571428,9.426847339610102,7.705806070416618,0.5760251992249118
1849,185,494.0864864864865,192.6810810810811,23.764501863649464,10.071571837638311,0.9057523306494994
1850,75,492.88,292.6,11.269685678340634,8.448497975660368,0.6618165774663561
1851,25,493.8,365.44,6.45921595312105,4.864250124217147,0.6579389213650304
1852,106,495.41509433962267,408.7169811320755,13.342762484004897,10.30699414192497,0.6350411918013859
1853,21,494.6190476190476,421.95238095238096,5.565415612597236,4.879623915623532,0.4808986448813226
1854,56,494.48214285714283,497.19642857142856,9.454325528557987,7.596549580878848,0.5953048939825173
1855,62,495.01612903225805,304.0483870967742,9.940314329230418,8.143084062541906,0.5735110226939967
1856,236,493.9830508474576,183.17372881355934,27.212405604432856,11.624675085749635,0.9041652208524342
1857,83,496.0843373493976,129.6265060240964,12.630363168731746,8.67390288994805,0.7268936170537291
1858,114,494.3859649122807,389.9561403508772,15.831688788317532,9.506941952266285,0.7996241469207059
1859,33,496.54545454545456,417.27272727272725,6.690791515334732,6.320566615569441,0.3280323158384448
1860,26,497.2307692307692,597.5,7.549442551621722,4.332347027793453,0.818951197033696
1861,116,497.48275862068965,438.48275862068965,17.561142020139325,8.53452739017838,0.8739647505460423
1862,75,497.97333333333336,591.6,11.732792404696525,8.219298709572758,0.7136124403717057
1863,170,497.1470588235294,151.5235294117647,17.395921766957354,13.002849141964814,0.6643007730290934
1864,27,497.9259259259259,357.5925925925926,6.421500681256116,5.265410570825909,0.5724125976557584
1865,44,498.0,381.8636363636364,8.122938775953271,7.329416414760303,0.43108582845017424
1866,42,497.57142857142856,490.0238095238095,8.508694624731197,6.270640848011345,0.6759269696544331
1867,59,498.20338983050846,370.3220338983051,10.782515401227835,7.0585387444082315,0.7559509958513676
1868,97,498.17525773195877,559.4742268041238,12.215800410048304,10.35075491157601,0.5310744680614052
1869,209,498.3636363636364,202.37799043062202,22.903773382184216,12.240458784585185,0.8452128727286271
1870,243,499.05349794238685,215.00411522633746,20.422146293505758,15.213466012375449,0.6671209511039484
1871,25,498.92,466.44,6.229132290364385,5.01975207646152,0.5921184607712484
1872,111,498.4684684684685,311.43243243243245,14.720357754695424,10.762654243619805,0.6822265904991639
1873,92,500.0,424.57608695652175,15.763798196294047,7.730321139139642,0.8715062330083114
1874,125,501.336,397.816,15.355513678772326,10.748216952640844,0.7141838612882395
1875,53,501.77358490566036,99.01886792452831,9.572580607519646,7.179121381910575,0.6614750286365696
1876,125,500.744,291.712,17.597672691387007,10.069073236738918,0.8201266058191583
1877,46,501.7826086956522,443.5652173913044,9.82523925570615,6.002647858953867,0.79167563005737
1878,77,501.8181818181818,117.33766233766234,11.208725509008778,8.886637842091385,0.6094400678923204
1879,243,503.56378600823047,226.3045267489712,25.038316593492073,13.184152793286412,0.8501385427506118
1880,138,502.5507246376812,324.3550724637681,22.217494023621565,8.384246102589417,0.9260620124889783
1881,9,504.0,418.3333333333333,4.25044367047193,2.612014068307059,0.7888954830250753
1882,96,502.2916666666667,581.71875,12.844004394440482,9.604069363442546,0.6639834363270151
1883,117,502.36752136752136,278.8034188034188,14.02928915179115,11.084273832688748,0.6130025470203062
1884,65,503.2769230769231,376.24615384615385,13.35908210845885,6.694430415818491,0.8653809612138988
1885,25,503.0,414.44,7.697345748790888,4.351237573791028,0.8248918002810052
1886,115,503.1478260869565,494.30434782608694,16.840821595084524,9.305365559265834,0.8334809495206145
1887,109,503.39449541284404,168.56880733944953,15.008580611639763,9.24451915472957,0.7877860856646985
1888,34,503.3235294117647,386.3529411764706,8.633851335939257,5.078266538859078,0.80872938407384
1889,10,503.0,588.3,4.084960009089611,3.5032986918244076,0.5143021576087596
1890,192,503.7239583333333,138.60416666666666,17.41830644460069,14.205391187729623,0.5786954036288146
1891,104,503.38461538461536,236.25,17.789076249312853,7.757699548887405,0.8999013873942125
1892,88,504.7613636363636,298.14772727272725,17.52229374440477,6.774268192070591,0.9222439189616108
1893,112,506.0625,406.33035714285717,15.04759428821237,9.62384411371639,0.7687409225240089
1894,139,505.68345323741005,107.98561151079137,13.821362293901101,12.93022584357208,0.3532612795531785
1895,147,505.89115646258506,158.22448979591837,16.67920830237013,11.342171915214886,0.7331948586097425
1896,142,505.7042253521127,243.4718309859155,19.455642276529176,9.830002325453597,0.8629718468755933
1897,258,506.4186046511628,255.15116279069767,21.796446862842384,15.486224292669515,0.7037042045646605
1898,83,507.04819277108436,425.7710843373494,12.963860051730428,8.337899321998579,0.7657277285378329
1899,68,507.04411764705884,435.72058823529414,10.240397682495354,8.580133120767286,0.545868156531313
1900,92,506.4782608695652,367.1304347826087,13.509909291303268,8.982251313196652,0.7469644982779666
1901,153,507.52287581699346,505.33986928104576,17.91237319479777,11.072376672311464,0.7860670460592524
1902,33,508.3030303030303,417.1515151515151,6.835162197889785,6.414123489177258,0.3455480289627496
1903,13,507.6923076923077,442.0769230769231,5.108412959026922,3.2324132994205192,0.7743457464718221
1904,115,507.704347826087,449.60869565217394,13.309725452123615,11.190568642233549,0.5413748778107744
1905,48,508.6875,386.2708333333333,8.963351901780692,7.365836334528936,0.5698156854363897
1906,29,508.8965517241379,393.2068965517241,7.022139093953104,5.461999531569798,0.6284801834282718
1907,77,508.7142857142857,558.3376623376623,11.057752306915672,8.84489126207189,0.600157996407792
1908,90,508.8222222222222,595.1333333333333,13.448571650355001,8.56032303373015,0.77125785113473
1909,49,510.0408163265306,275.53061224489795,9.266410004222434,6.884629167198453,0.669328968113369
1910,169,510.301775147929,266.8816568047337,18.95353989347564,11.367160128758895,0.8001963530985435
1911,62,510.258064516129,359.8709677419355,9.29380840652067,8.623090834626511,0.37299890143209
1912,31,509.4516129032258,512.8709677419355,6.82445057067746,5.788792708888983,0.5296071586415749
1913,187,511.2245989304813,319.2352941176471,20.281784979039376,12.287296709056148,0.7955947660505323
1914,95,510.4421052631579,377.70526315789476,11.952351176518858,10.373694863474693,0.49670251443438374
1915,171,510.19883040935673,305.1637426900585,18.55601695295724,12.291482737861724,0.7491514361919634
1916,99,511.030303030303,285.07070707070704,13.386890888192616,9.467088309560765,0.7070225855570035
1917,294,514.7108843537414,488.71768707482994,20.51154264824635,19.475015994166917,0.3138693640074234
1918,34,513.6176470588235,389.38235294117646,7.192698869887285,6.216567043352176,0.5029963801579046
1919,62,513.6935483870968,232.6451612903226,9.77448255991313,8.082661557009745,0.5623276412831941
1920,49,513.7551020408164,565.5714285714286,8.121525944886796,7.7314354237071505,0.30619652905764766
1921,50,515.0,345.24,9.637140599278881,6.761946544430138,0.7125169868152013
1922,87,515.0459770114943,351.9655172413793,15.702103913948775,7.743758659693893,0.8699346881791177
1923,64,515.4375,368.15625,11.443445684947301,7.422561946906268,0.7611039015240169
1924,55,515.3272727272728,416.7090909090909,8.967958058654807,7.834582754422486,0.4866097244491494
1925,88,515.6704545454545,535.1022727272727,11.932536187377858,9.423403342218833,0.6134630491047967
1926,105,515.4190476190477,440.4190476190476,13.173581138549721,10.38861132427323,0.6149138075853154
1927,97,516.5979381443299,293.9587628865979,11.855741814181657,10.799144998727831,0.4126737686314657
1928,159,517.7547169811321,396.8679245283019,18.811028831828253,11.265702369198758,0.800832677046645
1929,85,517.0235294117647,105.31764705882352,11.867915628724687,9.36702144441865,0.6140428762559872
1930,161,516.2670807453416,335.30434782608694,14.8175074669039,13.871799181793387,0.3515308695189763
1931,83,517.0843373493976,449.9759036144578,13.176225312586205,8.465316419639292,0.766311667930331
1932,80,517.7125,245.2125,11.049826326010413,9.265869530972642,0.5448194019994209
1933,42,518.2380952380952,284.9047619047619,8.860524304753516,6.207591557528491,0.7135643996350928
1934,105,518.6,383.56190476190477,14.423561185540954,9.623708121633948,0.7448594872238914
1935,127,516.8267716535433,476.6771653543307,17.120645796557692,9.690260963676444,0.8244062249242419
1936,64,517.03125,572.875,9.159198394564214,8.87938397463542,0.24528940034134192
1937,162,518.1543209876543,136.27777777777777,15.562251799712122,14.178865177378334,0.4121715252766191
1938,209,518.3444976076555,459.66985645933016,20.418074652506483,13.850021303315252,0.734765126612364
1939,43,518.1627906976744,501.74418604651163,7.882976508877898,7.035900439138395,0.4509610572781297
1940,103,517.9029126213592,548.0582524271845,14.67983744068218,9.068572733243844,0.7863690327527658
1941,145,517.6758620689656,155.5448275862069,21.55198281135287,10.6106100306521,0.870410661415276
1942,78,519.025641025641,357.94871794871796,13.900680440296073,7.271336361009748,0.8522761506697175
1943,72,518.0,469.7083333333333,15.691820638354598,6.408769040093758,0.9127965239655108
1944,59,520.3389830508474,372.54237288135596,10.964541743949274,7.112630380492767,0.7610494979298479
1945,53,519.7547169811321,404.50943396226415,9.270567178240972,7.58089035275302,0.5755913431887566
1946,44,519.6363636363636,421.54545454545456,8.71250495144253,6.560061450277733,0.6580802443104159
1947,106,519.877358490566,319.83962264150944,17.073227087727282,8.17288955303251,0.8779805881065351
1948,119,519.0588235294117,510.25210084033614,14.686661850871904,10.594249684546716,0.6925688470492918
1949,201,521.139303482587,115.66666666666667,16.564438225437936,15.672924866470108,0.32364356132042754
1950,71,522.056338028169,555.1549295774648,14.203929036085365,6.642546554937974,0.8839107795361264
1951,264,521.7613636363636,432.8863636363636,23.26303949812949,16.13065631641424,0.7205501934498683
1952,118,523.6101694915254,148.38983050847457,15.902568312235262,10.422007101313143,0.7553112164912616
1953,94,524.5744680851063,348.8510638297872,17.992611075490462,6.9153674544585835,0.923189598166036
1954,141,524.6382978723404,310.51063829787233,19.81759926062629,9.883234905765175,0.8667689063309689
1955,72,524.125,362.8888888888889,11.041220326517983,8.89940887883258,0.5918926818748694
1956,36,524.3888888888889,379.75,7.717166101518956,5.9369871565777546,0.6388609878839121
1957,100,524.84,541.26,14.16259437980166,9.45778623321602,0.744340393812297
1958,19,525.578947368421,468.2631578947368,5.655420660350398,4.526883193557204,0.5993991232231651
1959,93,525.4408602150538,592.9139784946236,11.853728243514128,10.002297441478289,0.5366416448943696
1960,163,525.9018404907976,252.7116564417178,18.60818799436849,11.254146382205317,0.7963808962313657
1961,54,526.4074074074074,371.3888888888889,10.955202870296354,6.320215288382269,0.8168045482270092
1962,172,527.3023255813954,499.97093023255815,16.55448156814877,14.079795770307367,0.5259546126316902
1963,178,526.7977528089888,127.0505617977528,19.434430467049463,12.48237929506261,0.766468656184976
1964,166,525.4698795180723,164.20481927710844,20.98147790796407,10.404252997132055,0.8683922060501781
1965,177,526.4067796610169,297.5819209039548,18.380618534859995,12.757060923675699,0.719927186675175
1966,89,527.370786516854,533.2247191011236,12.143553811320219,9.42376244714006,0.6306959569844415
1967,93,528.8494623655914,141.33333333333334,12.690990351833229,9.642118224367374,0.6502025669680422
1968,91,528.4615384615385,321.75824175824175,14.225139715732452,8.432328331314654,0.8053670205762508
1969,162,530.3703703703703,342.179012345679,18.672056414668333,11.372693312213862,0.7931121963546856
1970,43,528.4651162790698,456.72093023255815,8.533810754280413,6.444876417860644,0.6554751957321333
1971,44,528.3409090909091,463.65909090909093,8.043394390837621,6.976797796975927,0.4976207450117393
1972,121,529.1900826446281,474.297520661157,16.368964153554522,9.576821279107415,0.8109902254989407
1973,102,528.2156862745098,560.2941176470588,12.325408749907405,10.989968899423571,0.4527224823576351
1974,56,528.25,220.83928571428572,9.8163383062063,7.266200212175064,0.6723703230914136
1975,32,528.625,279.84375,6.910158200998827,5.840298677051427,0.5344883724417774
1976,243,529.0699588477366,176.0082304526749,20.610674978864182,15.793201447868226,0.6425268335192037
1977,76,529.5657894736842,197.43421052631578,12.122184968934132,7.938475331051767,0.7557401111948658
1978,139,528.589928057554,387.7985611510791,15.801500499124383,11.707839923540797,0.6715798773789557
1979,42,529.2857142857143,449.5952380952381,8.438742722436665,6.466263571428236,0.6425316810815123
1980,50,528.96,550.14,9.212692657871807,7.259965150852645,0.6156247583413613
1981,134,530.8432835820895,489.4179104477612,14.04887659675021,12.378722240100283,0.47289591284205296
1982,113,530.2831858407079,399.5575221238938,17.825572007117024,8.250053142563775,0.8864516400004746
1983,54,531.1666666666666,586.8888888888889,9.140810819703683,7.597995010242639,0.5559484903457984
1984,197,531.1928934010152,104.49238578680203,18.57545644066907,13.564690730908755,0.6831821092038005
1985,66,531.9090909090909,116.37878787878788,11.048654515359734,7.682087567617794,0.7187233026068734
1986,64,532.625,152.953125,11.004668817892862,7.507470143696645,0.7311584040981919
1987,49,531.9387755102041,289.59183673469386,9.486860342674586,6.5906915506623935,0.7192823232487099
1988,92,531.4891304347826,407.44565217391306,15.080635496249604,8.000221531960683,0.8476872428242209
1989,44,531.8636363636364,437.27272727272725,9.396749285692762,6.1225996789578465,0.7585921943833632
1990,29,532.8275862068965,232.89655172413794,7.103536712915951,5.11217140648684,0.6943207788666131
1991,50,532.72,309.4,10.28727176680648,6.28312339492599,0.791810580077139
1992,84,532.0952380952381,362.6190476190476,13.144956299644134,8.302618857295347,0.7752780312563671
1993,83,534.0602409638554,353.2289156626506,11.69358710119195,9.167893216299,0.6207477623453738
1994,128,533.6953125,374.9140625,14.49288210150021,11.547850569132544,0.604250216783334
1995,82,534.2317073170732,446.1219512195122,12.925967267429353,8.735571474596359,0.737070657756639
1996,81,535.0246913580247,249.90123456790124,10.926388979390788,9.643205139774357,0.4701978560258528
1997,258,533.5116279069767,330.2596899224806,25.135292496965203,13.839761083279587,0.8347621536951328
1998,133,534.984962406015,426.4661654135338,14.676002861652842,11.693732569587015,0.6042526999887106
1999,95,534.9157894736842,459.7368421052632,15.84842121214269,7.834186000489259,0.8692802110108797
2000,101,536.1881188118812,578.0297029702971,12.035917978246907,10.78236121898602,0.44435925183129976
2001,98,536.5816326530612,298.51020408163265,13.426084324361742,9.529724286214746,0.7044115484234922
2002,206,536.3834951456311,547.4854368932039,22.598006096803807,12.962336763304055,0.8191318113960301
2003,12,537.0833333333334,584.75,5.294328785763617,2.862220279862641,0.8412668804818468
2004,71,536.7605633802817,595.5070422535211,9.978162589079496,9.21556564943092,0.3834216426640918
2005,122,537.844262295082,130.80327868852459,16.899782039019527,9.412928644889623,0.8305224115239035
2006,92,537.2826086956521,161.27173913043478,13.180066379475115,9.28769484659367,0.7095278490009141
2007,60,537.5666666666667,206.61666666666667,8.973525138595862,8.531527278166505,0.30997645521677053
2008,112,536.9642857142857,413.4107142857143,14.978362659197318,9.931945932633099,0.7485430247905406
2009,152,538.8355263157895,143.5065789473684,15.050927241861562,13.021612302020172,0.5014785034611823
2010,131,538.3282442748092,263.1297709923664,14.798025959857172,11.40385774307431,0.6372783339433453
2011,51,537.7450980392157,318.96078431372547,10.374473620891811,6.399464808744766,0.7870829404409355
2012,136,538.9705882352941,388.20588235294116,16.8900939823058,10.44468799322401,0.7858703074667553
2013,96,538.46875,97.08333333333333,16.78156725811489,7.719170783418938,0.8879297245832256
2014,79,541.2658227848101,340.9240506329114,11.995124477868561,8.592486058914035,0.6977600708963536
2015,223,539.5022421524664,185.78923766816143,22.263294298526247,13.113267492431097,0.8081269067283923
2016,60,540.4833333333333,222.91666666666666,10.314988812826252,7.385940488683913,0.6980596591560578
2017,116,540.7327586206897,309.37068965517244,12.740841633111064,11.737886093235534,0.38889928450136574
2018,82,541.2926829268292,401.0121951219512,10.573710835017023,10.024080182056675,0.31821332909106914
2019,18,541.3333333333334,566.5555555555555,5.94099636276534,4.081075777483144,0.7267192701061534
2020,128,542.0390625,171.265625,14.665145307022128,11.775193960671173,0.5960633329972663
2021,148,541.7702702702703,558.4256756756756,18.09967253384113,10.715428496170418,0.8059208216675499
2022,63,542.3809523809524,349.9047619047619,11.012149047708524,7.31678169959222,0.7473521579095892
2023,66,543.1060606060606,154.4848484848485,10.029444962831077,8.525322543046599,0.5267353328246276
2024,48,543.0625,237.04166666666666,8.617205181589535,7.070136520177104,0.5716932160414219
2025,227,542.9691629955947,365.784140969163,22.66927801896897,13.444105715271862,0.805162696794408
2026,276,542.5652173913044,441.92028985507244,26.13527593638828,14.864439193154764,0.8225104216894884
2027,211,543.4834123222748,499.2796208530806,18.267243615830388,15.054097875165644,0.5664393690358628
2028,79,543.5569620253165,278.873417721519,12.2142860092431,8.244470133727848,0.7378306799579368
2029,72,544.7222222222222,318.7916666666667,11.168388647508783,8.366884087830103,0.6623917088505625
2030,211,542.5734597156398,118.22274881516587,19.677083670694092,14.361891168621607,0.6835763088171067
2031,21,543.7619047619048,456.14285714285717,6.701411448299313,4.041499101334855,0.7976793681966847
2032,50,543.92,105.58,9.796631785138555,6.833828038984662,0.7165174740967373
2033,193,545.2642487046633,91.18652849740933,18.840044529860755,13.410248190465941,0.7023873408836834
2034,68,545.3823529411765,135.7941176470588,9.836554850305445,9.27939871866958,0.33177482035897843
2035,110,546.8090909090909,190.6727272727273,20.30258965795344,7.14898549981952,0.9359541657238908
2036,93,545.4516129032259,290.7204301075269,13.9069447775041,8.577117306939078,0.7871585793171233
2037,149,545.8322147651006,421.8859060402685,14.532200895166135,13.610918382545428,0.35038954290276186
2038,120,545.95,584.5916666666667,13.817770460590612,11.29431014806357,0.576104959348624
2039,30,547.7333333333333,111.76666666666667,6.931777798169824,5.616188001474934,0.5861412399646985
2040,72,547.7916666666666,205.23611111111111,10.253104590397943,8.966523162094957,0.4849932982498051
2041,123,547.8455284552846,299.2926829268293,15.49645862497121,10.4497275045007,0.7384300930824182
2042,61,547.9672131147541,358.6393442622951,11.524271813414032,6.749208465313231,0.8105628779624753
2043,154,547.2077922077922,512.3506493506494,15.715034546349688,12.753011737119065,0.5843293365163583
2044,45,548.4888888888889,345.9555555555556,7.939819524890042,7.2994000589649035,0.3934621807029172
2045,149,548.6241610738255,410.80536912751677,16.95059268763648,11.448710639415356,0.7374364375702124
2046,67,548.4776119402985,337.4029850746269,11.567899400680732,7.514842294710022,0.7602514272019052
2047,29,548.7241379310345,484.58620689655174,6.278954609436001,5.818841337079276,0.37574928638644345
2048,59,549.5593220338983,233.76271186440678,10.202668814372547,7.499099175865328,0.6780524867633526
2049,216,550.0277777777778,395.43518518518516,25.7715202832075,10.895510277754939,0.9062354825751099
2050,54,550.4074074074074,196.59259259259258,10.024063273484844,6.948441847185081,0.7207681937518995
2051,76,550.7894736842105,129.75,11.039532549515709,8.84953765210648,0.5978305543506282
2052,37,550.5405405405405,534.918918918919,7.308223465086184,6.390365038756121,0.4851923460566051
2053,282,550.7624113475177,571.9432624113475,19.624568488310864,18.420415365064677,0.3448970217555849
2054,187,550.9144385026738,161.63101604278074,15.977152266808282,15.122204728804519,0.3227349980187154
2055,113,551.5132743362832,243.15929203539824,16.63312914868949,8.804219610547829,0.8484233256202507
2056,180,551.6777777777778,328.71666666666664,18.140293324493346,13.491794674298928,0.6684608539900073
2057,43,550.7441860465116,558.6511627906976,8.01664397837351,6.880699066846875,0.513145408864711
2058,66,550.439393939394,593.1363636363636,9.540155559692744,8.898010803985695,0.36067818734018386
2059,198,552.5656565656566,145.43939393939394,19.343247172726024,13.245694413093796,0.7287583265804788
2060,150,551.7933333333333,433.06666666666666,17.78091179655447,11.574311504113801,0.7591289524662345
2061,82,551.5853658536586,178.34146341463415,12.42824030095522,8.436020723018771,0.7343431903343112
2062,112,551.9910714285714,307.24107142857144,17.56536624208063,8.312533603181599,0.8809366082703433
2063,153,553.4509803921569,103.61437908496733,14.66102099981569,13.58474355230785,0.3760750929859651
2064,226,555.0,254.54424778761063,23.078183816806582,12.6296357338882,0.836966374458205
2065,32,553.78125,274.875,6.7707441332152065,6.135258664680069,0.4229726511935836
2066,135,551.674074074074,223.73333333333332,16.715367216137906,10.479424457673847,0.7790727358129222
2067,52,554.1730769230769,366.11538461538464,9.946228253048181,6.776333624049217,0.7320072750287107
2068,67,554.1194029850747,319.04477611940297,11.333100776924939,7.571689768269404,0.7440679189177288
2069,103,552.9514563106796,551.6990291262136,15.18558754376955,9.004217910954338,0.8052429757700497
2070,24,555.2916666666666,211.08333333333334,5.831282061376235,5.402832031917722,0.3762317604554304
2071,200,554.14,451.585,20.529387835420135,15.174815817758835,0.6735131169224581
2072,31,555.4516129032259,483.80645161290323,7.018683057325421,5.614321539688548,0.6001186945549926
2073,87,555.1954022988506,543.1954022988506,11.234904082449743,9.91938429789114,0.4695464195150626
2074,64,555.71875,281.421875,10.120922785778369,8.28876593434223,0.5738315684248421
2075,49,556.265306122449,312.2857142857143,9.788342975611911,6.568392271104669,0.7414190580266661
2076,119,556.2521008403361,511.74789915966386,17.34737631039999,10.931082379144172,0.7764905830449622
2077,77,556.4935064935065,267.42857142857144,12.078004130652976,8.256474977053658,0.7298606350973227
2078,32,556.96875,596.90625,7.251473129645159,5.591054234224011,0.6368070185674334
2079,35,556.6285714285714,218.25714285714287,7.226518784995774,6.292681019515331,0.4916794691851037
2080,24,556.2083333333334,232.875,5.844265833355624,5.250407516688046,0.4392064602236034
2081,92,556.4347826086956,290.17391304347825,13.0188600939508,9.29941052472916,0.6998365929111596
2082,186,557.0698924731183,84.39247311827957,17.530476872708523,13.649604460359049,0.6274939952891774
2083,116,557.448275862069,203.31034482758622,15.78367626952398,9.79348887265261,0.7842205952033109
2084,126,557.563492063492,342.7936507936508,13.921392106230563,11.740102828005172,0.5374213839358997
2085,36,557.6388888888889,413.0,7.423685817106696,6.121203787039697,0.5657883769177281
2086,236,557.2584745762712,464.228813559322,20.050043859968266,15.33206300654532,0.6443986249112409
2087,27,557.5925925925926,528.074074074074,6.421500681256116,5.2654105708259085,0.5724125976557585
2088,121,557.8512396694215,587.6363636363636,14.631065520338389,10.591950614133255,0.6898674559119657
2089,167,555.5508982035929,354.77245508982037,17.88237624140075,12.477422501857557,0.7163416561344221
2090,130,558.0153846153846,189.5,14.355544984170244,11.667472984352722,0.5826122272949922
2091,81,559.4444444444445,520.7037037037037,12.305396053741152,9.090068985483338,0.6740278592429457
2092,74,559.5,241.0,12.795014480234393,7.574211875282687,0.8059630320607998
2093,10,558.9,273.8,4.7504310473449705,2.6520567234546397,0.8296545749843498
2094,40,560.35,213.175,8.132216040691857,6.435608927484178,0.6113347619954849
2095,221,560.6108597285067,394.8325791855204,22.004223545873014,13.24607961500378,0.7985119480703572
2096,166,561.1024096385543,113.62048192771084,16.254198860322667,13.036685860024988,0.5972564261009699
2097,62,561.3064516129032,230.32258064516128,11.171513441138746,7.3461035581106175,0.7533894321849618
2098,111,560.8558558558559,502.63963963963965,14.68902354745305,9.815544598601283,0.7439609610569855
2099,70,561.7571428571429,329.8,11.466209061679043,8.209721014847247,0.6981078531904025
2100,48,561.375,475.4166666666667,8.31590643700587,7.336069952855313,0.47092505897005016
2101,71,561.3239436619718,489.5492957746479,11.21604579381194,8.068588597053077,0.6946177027885385
2102,48,561.9791666666666,221.6875,8.452387580546233,7.279265055195017,0.5082524231723488
2103,189,562.978835978836,302.9470899470899,19.8535400738889,12.799917904250213,0.7644212111307688
2104,81,564.2222222222222,198.71604938271605,14.21773266723147,7.737872610062327,0.8389289404844015
2105,193,564.0673575129533,367.27979274611397,18.453304595683576,13.764682176854684,0.6660359617176974
2106,248,563.8266129032259,433.18145161290323,19.78862398508226,16.753891458023258,0.5321619673315319
2107,53,564.7169811320755,349.0377358490566,8.768644300043256,7.731025967345956,0.4718717714041031
2108,117,565.0,266.28205128205127,13.038936833423847,11.801583877038585,0.4251918842297577
2109,28,565.1428571428571,356.64285714285717,6.799991592076638,5.288118378056613,0.6286783602715025
2110,146,564.9657534246576,379.71232876712327,14.015718050611552,13.60994140683708,0.23888258911137342
2111,119,564.6722689075631,567.7983193277311,14.454929510294562,10.508738640379773,0.6866371010108397
2112,123,565.1544715447154,95.15447154471545,12.781939487159262,12.411177143009434,0.2391068406551007
2113,148,566.7905405405405,444.9662162162162,17.918436257162263,11.594206508725307,0.7624436710815256
2114,3,565.0,467.0,3.265986323710904,0.0,1.0
2115,72,566.0,243.01388888888889,14.175569191610089,6.611869504216531,0.884559646711364
2116,177,566.6553672316384,277.045197740113,21.31924712639339,11.69710243586388,0.8360429803574276
2117,78,566.3076923076923,186.17948717948718,13.263802672927278,7.6386509083952125,0.8175187152585391
2118,53,566.2075471698113,213.88679245283018,10.099599744679262,6.909799274096938,0.7293266460103179
2119,246,565.9471544715448,130.08536585365854,20.846604423126294,15.246140371714834,0.6820035524384666
2120,80,565.8,407.4375,12.029142252765272,8.683158219377164,0.6920563218910754
2121,97,567.1030927835052,481.8041237113402,11.704098779116094,10.743650114269046,0.3967212812803481
2122,32,567.40625,258.78125,7.755768893999383,5.695770260717298,0.6787261728510899
2123,208,566.2163461538462,321.1394230769231,22.579841079961483,13.11540859005762,0.814013523203499
2124,119,567.8151260504202,339.3529411764706,14.444483244563594,10.623115532761224,0.6775849838291584
2125,74,569.081081081081,491.1756756756757,12.827408290819275,7.686015573826469,0.8006091468893756
2126,237,569.2616033755274,517.0590717299579,24.322097349994376,12.650193034308648,0.8540986090233711
2127,56,569.5535714285714,577.125,8.84782124595873,8.070590222932896,0.4098439373831083
2128,67,570.6865671641791,194.9402985074627,11.891949883984605,7.248085742906662,0.7927897992265899
2129,62,570.4032258064516,399.46774193548384,9.96484405885775,7.960785094691009,0.6014810437070838
2130,184,569.4782608695652,288.4728260869565,19.643977763986737,12.483344578329273,0.7721177651090052
2131,190,571.5421052631579,222.12105263157895,19.537751748450106,12.590420735188522,0.7646759304463854
2132,53,570.9622641509434,120.30188679245283,10.664299100422639,6.463196012501311,0.7954195815749803
2133,28,571.4285714285714,333.0,6.6453022600399745,5.635452530156419,0.5299393482180821
2134,71,571.6901408450705,358.85915492957747,12.807065130534903,7.229545444671027,0.8254353547654303
2135,163,570.7484662576687,465.5092024539877,19.79431153789072,11.03173492991198,0.8302988321384878
2136,46,572.2608695652174,346.9130434782609,10.164228355811876,6.000030932726077,0.8071776832248633
2137,66,573.9848484848485,592.2727272727273,13.918500627669355,6.207747578059449,0.8950295126193566
2138,41,573.1463414634146,202.6829268292683,7.77192828061705,6.705444389410853,0.5055839081977817
2139,116,572.2931034482758,389.0258620689655,13.667315074682449,11.20769139696466,0.5723118356442938
2140,162,573.6111111111111,414.1111111111111,16.290391699163376,13.21263620825835,0.584950107979883
2141,113,572.9026548672566,551.858407079646,15.939339326132924,9.836518854005792,0.7868673908202858
2142,123,574.0325203252032,246.5609756097561,14.803030775853301,10.949123307318521,0.6729871635183926
2143,133,573.3082706766917,451.9172932330827,16.127779439929334,10.725984603465571,0.7467875198332371
2144,6,573.3333333333334,154.66666666666666,3.6514837167011076,2.10818510677892,0.8164965809277259
2145,77,574.1558441558442,237.01298701298703,11.769451735714108,8.533989018406473,0.6886472045243421
2146,76,574.3552631578947,321.7105263157895,15.756998337646118,6.4186445490657285,0.9132712414117611
2147,273,575.6923076923077,302.4029304029304,24.061784900844874,15.175002645634446,0.7760525869162672
2148,193,575.7772020725389,180.6580310880829,17.86754088778922,15.027183572452524,0.5409845105679015
2149,141,576.113475177305,372.4468085106383,16.112741810264147,11.58688550576708,0.6948929337365479
2150,236,576.792372881356,113.13135593220339,20.614672145751577,14.88378664925948,0.691893391434984
2151,145,577.4413793103448,526.5310344827586,14.632768621196455,13.885913244732619,0.3153962132322627
2152,167,577.4910179640718,566.502994011976,19.60087506903794,11.175066289830681,0.8215538054791419
2153,46,577.8478260869565,384.0869565217391,10.18277481162522,5.822933991874474,0.8203640731154571
2154,208,578.2788461538462,471.6730769230769,23.683984964451504,11.849996054830275,0.865830210816545
2155,107,579.5981308411215,404.3457943925234,12.642114365968613,10.862667261910525,0.5115651335640101
2156,85,582.035294117647,553.4823529411765,15.658816625059938,7.508431820822298,0.8775408586956273
2157,195,580.3948717948718,276.8205128205128,18.707405184080393,13.737733629294082,0.6787738602049886
2158,107,580.4766355140187,315.8785046728972,12.681164987267277,10.982958860751182,0.4998978437863895
2159,282,579.6914893617021,431.5921985815603,21.99410117313427,16.633447186124542,0.6542613145149758
2160,32,579.375,584.03125,7.886579376292274,5.388528624906929,0.7301817624429912
2161,232,579.6163793103449,141.3448275862069,30.6281241482791,10.051874807148046,0.9446113830876444
2162,118,580.5084745762712,149.03389830508473,21.48319904230647,7.9795340261949965,0.9284604128779248
2163,172,579.8313953488372,338.2325581395349,17.87376863803624,12.360809720898827,0.7223176120371392
2164,192,579.5416666666666,356.140625,19.341465392322124,13.409456829037776,0.72064815063698
2165,21,580.7142857142857,327.4761904761905,5.924891308324215,4.573161223280166,0.635797730105585
2166,127,581.8582677165355,392.76377952755905,17.72254390489169,9.689895639503362,0.837292416487941
2167,263,581.3878326996198,490.60076045627375,20.792890031938235,16.23189720458633,0.624972810436212
2168,47,581.4893617021277,559.8085106382979,8.794518941341208,6.899264446271093,0.6201339472524353
2169,55,581.7454545454545,576.2545454545455,9.057392761516066,7.757651514781609,0.5161480102997862
2170,30,581.2666666666667,597.1666666666666,7.229033763294612,5.268666683984129,0.6847050054706763
2171,46,581.804347826087,189.34782608695653,7.969521580454382,7.344284963145269,0.3882679382948316
2172,42,582.5238095238095,216.78571428571428,8.696598577339488,6.264539618465894,0.6936173415615788
2173,93,582.3440860215054,223.49462365591398,14.215335090266375,8.597786684105566,0.7963585909952231
2174,212,582.5990566037735,169.03301886792454,18.155182050938603,15.068016262079068,0.5578277145951679
2175,37,582.972972972973,421.4054054054054,8.080179041978884,5.915089308010039,0.6812516723880617
2176,281,582.6868327402135,254.73309608540924,29.693255988961887,13.197114966477855,0.8958045399896177
2177,134,584.5746268656717,378.94776119402985,13.776315352109306,12.705260717925485,0.3865846905131635
2178,136,581.8897058823529,264.3897058823529,17.429872513271714,10.377505661567728,0.8034396468051105
2179,375,585.312,127.72266666666667,25.949207745633647,19.23745893466275,0.6711180153763415
2180,71,585.1408450704225,204.81690140845072,10.870182084541131,8.342964755369971,0.6410379301899886
2181,121,584.5537190082645,452.9504132231405,14.393775849290027,10.840991280576489,0.6578234519105198
2182,70,586.2,229.75714285714287,11.30197633337314,8.017584267750832,0.7048094622632525
2183,203,585.768472906404,156.6256157635468,19.916721325295395,13.407860234015766,0.7394639515906489
2184,107,586.4766355140187,289.23364485981307,13.22272746155631,10.337153603104925,0.6235648089334116
2185,16,586.0,212.6875,5.786951830822326,3.734794305948071,0.7638600184104061
2186,81,586.8148148148148,321.8641975308642,12.299893649597676,8.570244413504192,0.7172908641207801
2187,57,586.859649122807,329.3157894736842,9.889707097040041,7.544171970165235,0.6465982962282539
2188,211,587.7582938388625,517.9857819905213,17.77249205902199,15.317696344778739,0.5071179338080316
2189,17,587.1176470588235,506.5882352941176,5.181899763382574,4.041201040002321,0.625943231252129
2190,136,588.5,365.94117647058823,14.680735583967424,12.374430158386064,0.5380661771207467
2191,61,588.9672131147541,279.42622950819674,10.021506645328305,7.999357578999366,0.6023672782140824
2192,224,589.2767857142857,301.86160714285717,20.59975629254612,14.284481281573532,0.7205243612369241
2193,124,589.5483870967741,584.3064516129032,16.31489805992123,10.362471377666786,0.7723855928861382
2194,49,589.6326530612245,178.3877551020408,10.091891624628117,6.130983506369769,0.7943076014306717
2195,112,588.8839285714286,351.7232142857143,16.75254881773591,9.034659223957965,0.8421133468326915
2196,210,590.1809523809524,413.34285714285716,19.695812720923886,13.842438435906516,0.7113763911400551
2197,198,590.5252525252525,465.33838383838383,19.38488353109835,13.277161571321098,0.728615021042479
2198,33,589.9090909090909,594.969696969697,7.7818581816977295,5.429325707532645,0.7163996590899476
2199,336,588.0892857142857,97.77380952380952,23.969715034636465,18.177221403128918,0.6518578767241962
2200,89,590.0898876404494,338.59550561797755,11.13503035077683,10.515100664563448,0.3290107408479155
2201,151,589.6423841059602,478.5430463576159,15.471205587736279,12.828841289451239,0.5589407413645241
2202,102,590.2352941176471,562.3137254901961,13.534754588881086,9.913192965248083,0.680847694470405
2203,35,591.4571428571429,261.85714285714283,7.616562900083179,5.974043360980269,0.6203198155949466
2204,42,591.0714285714286,269.04761904761904,7.7742309135002525,6.8184337584959,0.48038864354880456
2205,120,591.8666666666667,111.05833333333334,13.836514720076444,11.387652882788698,0.5680202961232983
2206,271,588.5424354243543,241.3468634686347,30.649031483973804,12.944830530086383,0.9064296069532891
2207,29,591.3103448275862,430.44827586206895,6.258786926641891,5.866529742934274,0.34845109292030857
2208,50,591.62,500.76,8.806023880911832,7.300817995869403,0.5591435153295868
2209,43,592.1162790697674,193.11627906976744,7.691735220200602,7.056903841871694,0.3978147122322054
2210,47,591.936170212766,315.36170212765956,8.750677276579014,6.970391194406883,0.6045667532784688
2211,103,593.6310679611651,213.40776699029126,14.679298905878106,9.290898990329907,0.774212905275481
2212,42,592.3095238095239,346.2857142857143,8.489871680555574,6.714393239908338,0.6119829030690054
2213,53,593.1509433962265,185.24528301886792,9.597347665152537,7.0253973505439955,0.6812890853678982
2214,80,592.8125,222.125,11.515808005395927,8.965136138556911,0.6276360304659278
2215,43,593.6744186046511,455.09302325581393,8.04498695602728,6.93169033513682,0.5075605240862326
2216,172,593.4244186046511,394.86046511627904,15.91965659461163,14.103396734779318,0.46385551665080593
2217,102,594.3235294117648,423.22549019607845,13.378392705950928,10.275658538210674,0.6403554510235093
2218,185,593.1135135135136,573.7243243243244,16.4784146341472,14.960551834372655,0.41921321287910807
2219,67,594.7014925373135,331.7164179104478,11.12928040279155,7.954712809145689,0.6993745611995966
2220,6,592.5,374.3333333333333,3.8297084310253524,1.8856180831641272,0.8703882797784891
2221,121,594.2479338842975,380.56198347107437,18.268243378335594,9.058295621372757,0.8684085878719392
2222,112,594.2232142857143,233.08928571428572,13.667563738667432,11.34466958443812,0.5576989646812165
2223,51,594.6862745098039,436.6470588235294,8.497670575383808,7.648283865039424,0.4357974664976856
2224,70,595.1142857142858,590.3285714285714,11.241873809160762,8.547243725302422,0.6495671970142659
2225,140,595.1285714285714,490.37142857142857,18.23084107986457,10.142922778978173,0.8309409219643945
2226,78,596.4615384615385,309.21794871794873,14.219761071864895,7.830861538121267,0.8347014318015238
2227,78,596.1794871794872,323.0897435897436,12.861251096759464,8.196015892180018,0.7706453400887404
2228,42,596.4047619047619,206.8095238095238,7.845615793426001,7.010653369533362,0.44891209705033003
2229,133,595.812030075188,282.2857142857143,21.44273861486789,8.33458665515001,0.9213684239955594
2230,114,596.5877192982456,361.9824561403509,22.122245550461265,6.729430135770702,0.9526104537741117
2231,82,596.7439024390244,509.0487804878049,16.375521389773073,6.657013359997891,0.9136408934125152
2232,29,597.2413793103449,103.10344827586206,7.542792876711516,4.86394898790695,0.7643114992805159
2233,64,596.84375,266.71875,13.934436586602107,5.930870679248082,0.9048987592538227
2234,64,597.34375,343.90625,16.834700259561977,4.955967833905291,0.9556853630006615
2235,30,597.1666666666666,430.8666666666667,6.988296514809064,5.845353390989455,0.5480448229638631
2236,13,598.1538461538462,442.0,5.203549084703927,3.076923076923077,0.8064425896179158
2237,26,598.0,161.96153846153845,9.575370585471788,3.505511305334562,0.9305768247099826
2238,35,597.9428571428572,462.74285714285713,13.21954376488562,3.5963118005313555,0.9622845089248656
2239,25,598.08,476.28,9.910166553355277,3.1419418971009603,0.9484114014666483
2240,12,598.1666666666666,499.4166666666667,5.176698236986771,2.9404489126020366,0.8230173129766362
